E2M0_ARITHMETIC_V1 267
CASE 0
0 0
0 0
0 0
0 0
0 0
0 0
0 0
0 0
0 0
0 0
0 0
0 0
0 0
0 0
0 0
0 0
0 0
0 0
0 0
0 0
0 0
0 0
0 0
0 0
0 0
0 0
0 0
0 0
0 0
0 0
0 0
0 0
ALIGNED 0 0
E2M1 0 0 0 0 0 0 0 0 0 0 0 0 0 0 0 0 0 0 0 0 0 0 0 0 0 0 0 0 0 0 0 0 0
E2M0 0 0 0 0 0 0 0 0 0 0 0 0 0 0 0 0 0 0 0 0 0 0 0 0 0 0 0 0 0 0 0 0 0 0 0
COUNTERS 0 0 0 0 0 0 0 0
CASE 1
1 0
0 0
0 0
0 0
0 0
0 0
0 0
0 0
0 0
0 0
0 0
0 0
0 0
0 0
0 0
0 0
0 0
0 0
0 0
0 0
0 0
0 0
0 0
0 0
0 0
0 0
0 0
0 0
0 0
0 0
0 0
0 0
ALIGNED 32 -5
E2M1 -2 6 0 0 0 0 0 0 0 0 0 0 0 0 0 0 0 0 0 0 0 0 0 0 0 0 0 0 0 0 0 0 0
E2M0 -1 -1 0 3 0 0 0 0 0 0 0 0 0 0 0 0 0 0 0 0 0 0 0 0 0 0 0 0 0 0 0 0 0 0 0
COUNTERS 0 0 0 0 0 0 0 0
CASE 2
-1 0
0 0
0 0
0 0
0 0
0 0
0 0
0 0
0 0
0 0
0 0
0 0
0 0
0 0
0 0
0 0
0 0
0 0
0 0
0 0
0 0
0 0
0 0
0 0
0 0
0 0
0 0
0 0
0 0
0 0
0 0
0 0
ALIGNED -32 -5
E2M1 -2 14 0 0 0 0 0 0 0 0 0 0 0 0 0 0 0 0 0 0 0 0 0 0 0 0 0 0 0 0 0 0 0
E2M0 -1 -1 0 7 0 0 0 0 0 0 0 0 0 0 0 0 0 0 0 0 0 0 0 0 0 0 0 0 0 0 0 0 0 0 0
COUNTERS 0 0 0 0 0 0 0 0
CASE 3
3 -7
0 0
0 0
0 0
0 0
0 0
0 0
0 0
0 0
0 0
0 0
0 0
0 0
0 0
0 0
0 0
0 0
0 0
0 0
0 0
0 0
0 0
0 0
0 0
0 0
0 0
0 0
0 0
0 0
0 0
0 0
0 0
ALIGNED 96 -12
E2M1 -8 7 0 0 0 0 0 0 0 0 0 0 0 0 0 0 0 0 0 0 0 0 0 0 0 0 0 0 0 0 0 0 0
E2M0 -6 -6 0 2 0 0 0 0 0 0 0 0 0 0 0 0 0 0 0 0 0 0 0 0 0 0 0 0 0 0 0 0 0 0 0
COUNTERS 0 0 0 0 0 0 0 0
CASE 4
-12 19
0 0
0 0
0 0
0 0
0 0
0 0
0 0
0 0
0 0
0 0
0 0
0 0
0 0
0 0
0 0
0 0
0 0
0 0
0 0
0 0
0 0
0 0
0 0
0 0
0 0
0 0
0 0
0 0
0 0
0 0
0 0
ALIGNED -384 14
E2M1 20 15 0 0 0 0 0 0 0 0 0 0 0 0 0 0 0 0 0 0 0 0 0 0 0 0 0 0 0 0 0 0 0
E2M0 22 22 0 6 0 0 0 0 0 0 0 0 0 0 0 0 0 0 0 0 0 0 0 0 0 0 0 0 0 0 0 0 0 0 0
COUNTERS 0 0 0 0 0 0 0 0
CASE 5
1073741823 -80
0 0
0 0
0 0
0 0
0 0
0 0
0 0
0 0
0 0
0 0
0 0
0 0
0 0
0 0
0 0
0 0
0 0
0 0
0 0
0 0
0 0
0 0
0 0
0 0
0 0
0 0
0 0
0 0
0 0
0 0
0 0
ALIGNED 2147483647 -85
E2M1 -52 6 0 0 0 0 0 0 0 0 0 0 0 0 0 0 0 0 0 0 0 0 0 0 0 0 0 0 0 0 0 0 0
E2M0 -51 -51 0 3 0 0 0 0 0 0 0 0 0 0 0 0 0 0 0 0 0 0 0 0 0 0 0 0 0 0 0 0 0 0 0
COUNTERS 0 1 0 0 0 0 0 0
CASE 6
-1073741824 80
0 0
0 0
0 0
0 0
0 0
0 0
0 0
0 0
0 0
0 0
0 0
0 0
0 0
0 0
0 0
0 0
0 0
0 0
0 0
0 0
0 0
0 0
0 0
0 0
0 0
0 0
0 0
0 0
0 0
0 0
0 0
ALIGNED -2147483648 75
E2M1 108 14 0 0 0 0 0 0 0 0 0 0 0 0 0 0 0 0 0 0 0 0 0 0 0 0 0 0 0 0 0 0 0
E2M0 109 109 0 7 0 0 0 0 0 0 0 0 0 0 0 0 0 0 0 0 0 0 0 0 0 0 0 0 0 0 0 0 0 0 0
COUNTERS 0 1 0 0 0 0 0 0
CASE 7
1 126
0 0
0 0
0 0
0 0
0 0
0 0
0 0
0 0
0 0
0 0
0 0
0 0
0 0
0 0
0 0
0 0
0 0
0 0
0 0
0 0
0 0
0 0
0 0
0 0
0 0
0 0
0 0
0 0
0 0
0 0
0 0
ALIGNED 32 121
E2M1 124 6 0 0 0 0 0 0 0 0 0 0 0 0 0 0 0 0 0 0 0 0 0 0 0 0 0 0 0 0 0 0 0
E2M0 125 125 0 3 0 0 0 0 0 0 0 0 0 0 0 0 0 0 0 0 0 0 0 0 0 0 0 0 0 0 0 0 0 0 0
COUNTERS 0 0 0 0 0 0 0 0
CASE 8
-1 -128
0 0
0 0
0 0
0 0
0 0
0 0
0 0
0 0
0 0
0 0
0 0
0 0
0 0
0 0
0 0
0 0
0 0
0 0
0 0
0 0
0 0
0 0
0 0
0 0
0 0
0 0
0 0
0 0
0 0
0 0
0 0
ALIGNED -32 -133
E2M1 -127 9 0 0 0 0 0 0 0 0 0 0 0 0 0 0 0 0 0 0 0 0 0 0 0 0 0 0 0 0 0 0 0
E2M0 -127 -127 0 5 0 0 0 0 0 0 0 0 0 0 0 0 0 0 0 0 0 0 0 0 0 0 0 0 0 0 0 0 0 0 0
COUNTERS 0 0 2 0 0 0 0 0
CASE 9
0 -5
1 -5
2 -5
3 -5
4 -5
5 -5
6 -5
7 -5
8 -5
10 -5
12 -5
16 -5
-1 -5
-3 -5
-5 -5
-7 -5
0 -5
1 -5
2 -5
3 -5
4 -5
5 -5
6 -5
7 -5
8 -5
10 -5
12 -5
16 -5
-1 -5
-3 -5
-5 -5
-7 -5
ALIGNED 3712 -10
E2M1 -3 0 0 1 2 2 2 3 4 4 4 5 6 0 10 10 12 0 0 1 2 2 2 3 4 4 4 5 6 0 10 10 12
E2M0 -2 -2 0 0 0 0 1 1 1 2 2 2 2 2 3 0 5 5 6 0 0 0 1 1 1 2 2 2 2 2 3 0 5 5 6
COUNTERS 0 0 0 0 0 0 0 0
CASE 10
1 40
1 34
-1 28
-1 22
3 16
-3 10
7 4
-7 -2
1 40
1 34
-1 28
-1 22
3 16
-3 10
7 4
-7 -2
1 40
1 34
-1 28
-1 22
3 16
-3 10
7 4
-7 -2
1 40
1 34
-1 28
-1 22
3 16
-3 10
7 4
-7 -2
ALIGNED 128 35
E2M1 38 6 0 0 0 0 0 0 0 6 0 0 0 0 0 0 0 6 0 0 0 0 0 0 0 6 0 0 0 0 0 0 0
E2M0 39 39 0 3 0 0 0 0 0 0 0 3 0 0 0 0 0 0 0 3 0 0 0 0 0 0 0 3 0 0 0 0 0 0 0
COUNTERS 0 0 0 28 0 0 0 0
CASE 11
348298152 -150
820664822 -150
815286211 -145
467057456 -140
-408997454 -141
-409726570 -148
-779524799 -152
532181419 -144
-18910302 -149
133457358 -146
333329296 -160
786463387 -151
0 -123
-139570324 -148
606459455 -160
-871195366 -149
164908362 -156
-438357772 -144
12692538 -155
-261598814 -150
-651876015 -158
-65091133 -157
0 -125
-691799688 -159
357973444 -140
-886511845 -144
0 -112
-333766825 -149
-516846495 -146
868174612 -141
706241160 -143
1 219
ALIGNED 32 214
E2M1 127 0 0 0 0 0 0 0 0 0 0 0 0 0 0 0 0 0 0 0 0 0 0 0 0 0 0 0 0 0 0 0 7
E2M0 127 127 0 0 0 0 0 0 0 0 0 0 0 0 0 0 0 0 0 0 0 0 0 0 0 0 0 0 0 0 0 0 0 0 3
COUNTERS 1 0 2 28 0 1 0 0
CASE 12
-422055682 -129
616148893 -140
254038375 -144
-423955372 -128
-46508093 -133
-880332172 -136
46960507 -128
0 -117
0 -104
91999887 -145
349322105 -145
-582651060 -141
-21430785 -135
0 -107
0 -106
542395132 -146
-336115070 -145
0 -102
0 -106
-451303545 -134
-311389709 -138
-700577893 -133
446787899 -145
-691699241 -136
462876660 -133
-966139376 -129
584808859 -133
0 -100
-838722575 -139
-705889938 -138
659755920 -133
-304915459 -129
ALIGNED -2147483648 -133
E2M1 -101 11 0 0 13 0 0 1 0 0 0 0 0 0 0 0 0 0 0 0 0 0 0 0 0 0 14 0 0 0 0 0 10
E2M0 -100 -100 0 6 0 0 7 0 0 0 0 0 0 0 0 0 0 0 0 0 0 0 0 0 0 0 0 0 7 0 0 0 0 0 5
COUNTERS 0 6 0 0 0 0 0 0
CASE 13
-626861872 -94
-775146357 -104
-878319800 -103
-169658805 -90
207890016 -97
-870645689 -92
914362377 -97
446392771 -106
-431558392 -102
-1033135107 -98
266829929 -96
-904443332 -105
-108474061 -91
-265359843 -100
0 -79
15201699 -91
0 -66
807164639 -101
-589517547 -104
158957985 -93
-960937766 -109
-646275290 -105
-682151095 -92
320042561 -105
0 -63
301011489 -97
230337966 -91
-904978924 -98
-959930081 -103
740729882 -94
-825523892 -96
208517306 -95
ALIGNED 1943239007 -95
E2M1 -64 9 0 0 13 0 13 0 0 0 0 0 0 10 0 0 0 0 0 0 1 0 0 13 0 0 0 3 0 0 1 0 0
E2M0 -63 -63 0 5 0 0 6 0 7 0 0 0 0 0 0 5 0 0 0 0 0 0 0 0 0 6 0 0 0 2 0 0 1 0 0
COUNTERS 0 6 0 0 0 0 0 0
CASE 14
-658688681 26
0 51
998952124 34
-651491351 23
-833904665 25
0 71
201269331 40
153648592 41
578261543 39
-237464677 25
-549300868 41
-1020339317 28
1056324337 28
-189159624 44
-553708013 32
-526992379 34
-361812258 29
-43956203 39
856547825 22
-168854712 44
946246821 26
-487736680 31
-525774922 22
530149017 23
677084985 39
135932271 23
1007604978 27
278227816 22
-877581657 34
680646372 36
0 56
36275614 35
ALIGNED -1410216785 39
E2M1 69 0 0 0 0 0 0 1 1 1 0 12 0 0 15 0 0 0 0 0 15 0 0 0 0 1 0 0 0 0 0 0 0
E2M0 71 70 1 0 0 0 0 0 0 0 1 1 0 6 0 0 7 0 0 0 0 0 7 0 0 0 0 1 0 0 0 0 0 0 0
COUNTERS 0 8 0 0 0 2 0 0
CASE 15
29832075 47
0 58
71332574 40
1045305458 44
0 65
-715402807 43
-461797273 30
341722448 46
-713226548 40
-889075772 42
909466316 46
0 66
0 67
-388263747 36
-185359788 42
77157381 31
0 69
-658993137 43
-370862797 33
0 73
950176055 48
791925376 38
-114516077 39
-623906198 43
177152961 47
1037428544 47
893288709 40
-623368435 44
714298190 35
0 62
-1055073471 29
0 66
ALIGNED 903472607 43
E2M1 76 0 0 0 0 0 0 0 1 0 0 2 0 0 0 0 0 0 0 0 0 6 0 0 0 1 4 0 0 0 0 0 0
E2M0 77 77 0 0 0 0 0 0 0 0 0 0 0 1 0 0 0 0 0 0 0 0 0 3 0 0 0 0 2 0 0 0 0 0 0
COUNTERS 0 8 0 0 0 0 0 0
CASE 16
600486921 -64
-954545434 -60
-48018529 -55
367697935 -50
-344255931 -56
-846354152 -62
871641992 -51
300414799 -55
-161345670 -62
316674827 -46
-288885663 -54
991887464 -65
1030712105 -67
-1053527720 -63
0 -33
269252033 -54
-859793173 -65
-116078360 -57
278169293 -58
771846111 -52
-150654175 -60
-631129793 -67
-558515183 -54
779520591 -65
33725033 -58
0 -23
70544800 -63
-101829748 -56
850059676 -57
800692003 -48
-255091271 -46
-486537572 -56
ALIGNED -2147483648 -51
E2M1 -20 0 0 0 1 0 0 1 0 0 6 0 0 0 0 0 0 0 0 0 0 0 0 0 0 0 0 0 0 0 5 14 0
E2M0 -18 -18 0 0 0 0 0 0 0 0 0 0 2 0 0 0 0 0 0 0 0 0 0 0 0 0 0 0 0 0 0 0 1 6 0
COUNTERS 0 5 0 0 0 0 0 0
CASE 17
138729983 -135
84537390 -127
479469336 -136
-475289473 -142
530832593 -128
-953063436 -141
-312438584 -132
0 -116
0 -102
907067433 -140
-760213340 -138
939058505 -133
-443529671 -133
0 -108
-120039216 -141
8622690 -129
-436002861 -141
288846085 -134
568039853 -129
-803804105 -135
0 -106
0 -114
40118896 -124
828693330 -135
414001040 -140
-104863464 -123
583176681 -134
182984809 -128
-207913778 -134
473544792 -143
-443289490 -143
217240967 -125
ALIGNED 204276273 -128
E2M1 -98 0 0 0 0 1 0 0 0 0 0 0 0 0 0 0 0 0 0 1 0 0 0 1 0 0 13 0 0 0 0 0 3
E2M0 -97 -97 0 0 0 0 0 0 0 0 0 0 0 0 0 0 0 0 0 0 0 0 0 0 0 1 0 0 7 0 0 0 0 0 2
COUNTERS 0 0 0 0 0 0 0 0
CASE 18
125958378 45
967402619 48
-386080888 49
0 64
-720773034 53
466352723 50
-628415795 48
-157420868 45
341700061 48
-16633227 51
-84193278 46
553353475 43
308906263 51
552528900 43
927263738 43
0 76
494326829 42
894445363 45
-409812779 41
-435111285 36
351381922 50
-293802225 35
607632051 49
-711476676 35
136715503 55
-612428952 52
-698193037 52
734355546 44
870570915 34
1003705895 47
-28785803 59
-1024932735 34
ALIGNED -1219580042 54
E2M1 82 0 0 0 0 11 0 0 0 0 0 0 0 0 0 0 0 0 0 0 0 0 0 0 0 2 9 9 0 0 0 13 0
E2M0 83 83 0 0 0 0 0 5 0 0 0 0 0 0 0 0 0 0 0 0 0 0 0 0 0 0 0 1 5 5 0 0 0 7 0
COUNTERS 0 0 0 0 0 0 0 0
CASE 19
866218630 -142
262013727 -160
729686587 -148
892644437 -158
-502411149 -157
159970995 -141
-738461689 -154
-383233328 -145
492756421 -153
-786030371 -157
456105961 -149
0 -123
95242135 -148
829242345 -156
0 -127
-342017413 -143
-57053962 -155
1062456625 -163
-712146625 -149
-802798172 -143
430874668 -144
0 -125
-813199678 -151
619497575 -153
-1050556859 -151
975614152 -156
0 -118
564334844 -142
19592845 -156
0 -125
-371084338 -144
1011663928 -155
ALIGNED 665122201 -146
E2M1 -114 5 0 0 0 0 2 0 0 0 0 0 0 0 0 0 9 0 0 0 11 1 0 0 0 0 0 0 4 0 0 9 0
E2M0 -113 -113 0 3 0 0 0 0 1 0 0 0 0 0 0 0 0 0 5 0 0 0 5 0 0 0 0 0 0 0 2 0 0 0 0
COUNTERS 0 8 0 0 0 0 0 0
CASE 20
-717782075 -115
-535685462 -111
345845544 -118
0 -72
510615379 -102
1037364940 -102
426875163 -118
54760358 -99
-517612997 -118
902559668 -113
-247236393 -102
109274121 -111
125716471 -116
-1047442765 -114
-672852444 -112
167324450 -106
-49851352 -99
776805126 -107
363076659 -99
691887932 -107
-423913597 -110
-445501482 -108
-502400297 -102
470269534 -103
-1023668064 -120
457827523 -114
1000781702 -108
-379848767 -109
382814917 -104
-991463085 -114
-658904031 -103
109868373 -116
ALIGNED 159129545 -104
E2M1 -73 0 0 0 0 2 4 0 2 0 0 9 0 0 0 0 0 9 0 7 0 0 0 10 1 0 0 0 0 0 0 9 0
E2M0 -71 -72 1 0 0 0 0 1 2 0 1 0 0 0 0 0 0 0 0 5 0 3 0 0 0 5 0 0 0 0 0 0 0 5 0
COUNTERS 0 6 0 0 0 1 0 0
CASE 21
0 39
-254251857 27
290868050 18
-626363064 29
-941922908 8
1028516372 21
-372693144 26
388121781 18
827663769 19
226757669 30
-105346755 30
-836083842 9
-513838447 26
948544896 26
-316005007 25
941302701 18
0 57
-217169870 24
0 37
-1030188136 27
-846678387 29
0 46
-92380050 30
1027289636 9
-77194064 14
706512463 26
268922198 12
605274463 13
0 40
-284674378 16
0 57
0 55
ALIGNED -734834128 25
E2M1 57 0 0 0 12 0 0 0 0 0 3 10 0 0 1 0 0 0 0 0 10 13 0 9 0 0 1 0 0 0 0 0 0
E2M0 58 58 0 0 0 0 6 0 0 0 0 0 2 5 0 0 0 0 0 0 0 0 5 7 0 5 0 0 0 0 0 0 0 0 0
COUNTERS 0 9 0 0 0 0 0 0
CASE 22
-467508267 -141
-592076059 -131
-787570867 -138
-371394194 -130
-609932528 -134
-410758924 -149
-569389746 -144
932876535 -146
750401162 -132
-848730089 -142
-834406126 -140
537644871 -132
584981658 -132
1003434111 -129
-198782469 -135
550340798 -145
-250734141 -129
-961181413 -143
811776272 -147
62976865 -135
-977756670 -136
-521479785 -135
-404787348 -132
681023321 -136
364554936 -137
0 -118
722656605 -141
475149253 -132
-108699269 -131
-60015429 -127
-32113923 -128
-117321647 -134
ALIGNED -2147483648 -132
E2M1 -101 0 9 0 9 0 0 0 0 1 0 0 1 1 6 0 0 10 0 0 0 0 0 0 0 0 0 0 0 0 10 0 0
E2M0 -100 -100 0 0 5 0 5 0 0 0 0 0 0 0 0 0 3 0 0 5 0 0 0 0 0 0 0 0 0 0 0 0 5 0 0
COUNTERS 0 7 0 0 0 0 0 0
CASE 23
-1006165334 -75
991527383 -61
1002395125 -67
117962693 -66
-726806625 -63
932116813 -80
-777680294 -65
898271476 -63
479429440 -74
-559953888 -72
379507980 -79
-502111739 -76
28265782 -73
-176284775 -67
997374072 -66
-489830531 -70
1070715761 -61
540255930 -65
-833850035 -68
-920775799 -71
-757963486 -80
-784994672 -62
492293220 -72
278553993 -68
-897711987 -70
-812562352 -74
-701222517 -68
-197145075 -68
-194814686 -60
666948017 -74
837956338 -68
156715513 -77
ALIGNED -2041398212 -65
E2M1 -33 0 6 0 0 9 0 0 2 0 0 0 0 0 0 0 0 6 0 0 0 0 11 0 0 0 0 0 0 11 0 0 0
E2M0 -32 -32 0 0 3 0 0 5 0 0 1 0 0 0 0 0 0 0 0 3 0 0 0 0 5 0 0 0 0 0 0 5 0 0 0
COUNTERS 0 10 0 0 0 0 0 0
CASE 24
468651746 47
-585493126 38
0 72
403426058 31
765281249 44
-840223165 43
85786089 46
0 57
-24066378 42
-412827590 37
172451603 46
272946484 34
-526022246 28
-961400828 42
0 75
-809757437 28
-789037255 26
-925883980 33
-164307768 49
142977919 45
-1031799704 30
-519759040 36
-310228895 40
803605868 44
-114504877 41
202799764 35
761935388 29
1044584041 46
-127539240 39
198196580 44
393378843 47
767979880 39
ALIGNED 2147483647 44
E2M1 74 5 0 0 0 1 9 1 0 0 0 1 0 0 0 0 0 0 0 14 1 0 0 0 1 0 0 0 6 0 0 5 0
E2M0 76 75 1 3 0 0 0 1 0 0 0 0 0 1 0 0 0 0 0 0 0 7 0 0 0 0 1 0 0 0 3 0 0 2 0
COUNTERS 0 9 0 0 0 1 0 0
CASE 25
-32921932 -115
521837052 -128
-474374664 -116
204230623 -123
-356461828 -116
-998180518 -134
-411995823 -127
-1059444630 -134
-583224170 -130
699330045 -123
141286834 -119
-44581760 -120
484181775 -127
-429378233 -132
-1037336475 -116
-36313794 -115
910515446 -125
-422928124 -125
-347880536 -130
274599098 -136
0 -108
0 -100
-486304147 -126
-946007459 -117
87727377 -123
-251430722 -122
0 -92
759239179 -121
-748272262 -121
1008255366 -123
-397223144 -125
-635382577 -116
ALIGNED -2147483648 -120
E2M1 -88 0 0 12 0 11 0 0 0 0 0 0 0 0 0 14 9 0 0 0 0 0 0 0 12 0 0 0 0 0 0 0 12
E2M0 -87 -87 0 0 0 6 0 5 0 0 0 0 0 0 0 0 0 7 0 0 0 0 0 0 0 0 6 0 0 0 0 0 0 0 6
COUNTERS 0 11 0 0 0 0 0 0
CASE 26
493484458 29
743111271 39
-254094017 29
303363659 39
-45310871 33
-107948059 26
112747534 22
864025264 24
27067160 24
703196130 20
978853323 33
-698908295 24
-29169765 23
-241397231 23
-581659107 36
834025308 36
853580953 23
785704090 25
-902715970 32
978133434 18
-682708625 36
173225788 40
644899930 18
-155436239 30
-728045231 24
0 62
0 51
0 61
792832320 33
-47426836 41
942943120 29
-669597084 26
ALIGNED 636537735 36
E2M1 66 0 7 0 4 0 0 0 0 0 0 0 0 0 0 9 2 0 0 0 0 9 5 0 0 0 0 0 0 0 11 0 0
E2M0 68 67 1 0 3 0 2 0 0 0 0 0 0 0 0 0 0 5 1 0 0 0 0 5 2 0 0 0 0 0 0 0 5 0 0
COUNTERS 0 9 0 0 0 1 0 0
CASE 27
730297517 -157
-303051782 -152
1007347036 -146
0 -121
689440067 -147
-858315732 -151
655545608 -137
-953980980 -140
-653100678 -153
-866738415 -146
-642884262 -145
817291869 -140
-174859529 -140
951038107 -146
353364290 -140
628696976 -143
290184866 -144
503183989 -156
-14619287 -139
-405954164 -137
0 -127
4653308 -140
0 -114
262555586 -148
-13141100 -137
471546018 -138
-132454997 -147
-400823093 -154
718972541 -150
-738928540 -149
747998955 -154
724520853 -146
ALIGNED 2147483647 -142
E2M1 -110 0 0 0 0 0 0 6 10 0 0 0 2 0 0 1 0 0 0 0 13 0 0 0 0 0 4 0 0 0 0 0 0
E2M0 -108 -109 1 0 0 0 0 0 0 3 5 0 0 0 1 0 0 0 0 0 0 0 7 0 0 0 0 0 2 0 0 0 0 0 0
COUNTERS 0 9 0 0 0 1 0 0
CASE 28
0 -29
528105736 -63
450033625 -58
243761622 -73
809017682 -70
-115237642 -68
-322230136 -63
58427801 -67
0 -35
109250323 -55
-205157819 -73
449446313 -56
-875810048 -62
0 -42
-671628296 -64
554353013 -77
-530318181 -57
-707742482 -67
617216013 -56
-811766399 -57
0 -38
-650431385 -69
988483397 -67
-699523953 -69
-1 -215
370565465 -60
-837929629 -59
-429280315 -76
-785561360 -59
-11119935 -53
159496283 -62
79707124 -66
ALIGNED -539441488 -58
E2M1 -29 0 0 2 0 0 0 0 0 0 3 0 5 0 0 0 0 12 0 6 13 0 0 0 0 0 0 10 0 9 9 0 0
E2M0 -27 -28 1 0 0 1 0 0 0 0 0 0 2 0 3 0 0 0 0 6 0 3 7 0 0 0 0 0 0 5 0 5 5 0 0
COUNTERS 0 2 0 1 0 1 0 0
CASE 29
146077956 -73
-232268116 -62
-365500189 -77
0 -38
-274306626 -77
905141945 -82
-294574922 -66
-965530322 -78
0 -51
0 -49
0 -35
771437726 -62
-574944860 -68
232327566 -71
-675671372 -75
-787679310 -79
-765231779 -72
-854685089 -75
-243039015 -69
-760793660 -67
-64684282 -67
892719318 -63
-501164001 -63
-436431674 -76
-531010061 -71
-1015565525 -66
585744325 -66
1030375950 -75
-475837888 -82
316905695 -68
-406328737 -79
-652264866 -63
ALIGNED -2147483648 -67
E2M1 -35 0 11 0 0 0 0 0 0 0 0 0 7 0 0 0 0 0 0 0 0 0 5 12 0 0 9 1 0 0 0 0 12
E2M0 -33 -33 0 0 5 0 0 0 0 0 0 0 0 0 2 0 0 0 0 0 0 0 0 0 2 5 0 0 0 0 0 0 0 0 5
COUNTERS 0 12 0 0 0 0 0 0
CASE 30
-822395833 -158
728667276 -158
-560544500 -154
819404100 -148
491285868 -143
-807324924 -141
-834739046 -160
0 -118
1050098316 -161
-556413524 -155
-310361453 -142
0 -114
650338244 -149
-1036441520 -146
460390682 -155
75418271 -154
-209231308 -157
-924202321 -144
633699560 -145
850662256 -152
-816092911 -158
1047720882 -140
-585049418 -161
-260999155 -148
-1054219872 -155
0 -129
-507155197 -159
-647811042 -150
0 -120
0 -129
-262335384 -154
173619377 -154
ALIGNED 2093371991 -145
E2M1 -112 0 0 0 0 0 11 0 0 0 0 9 0 0 0 0 0 0 0 0 0 0 6 0 0 0 0 0 0 0 0 0 0
E2M0 -111 -111 0 0 0 0 0 0 6 0 0 0 0 0 0 0 0 0 0 0 0 0 0 0 3 0 0 0 0 0 0 0 0 0 0
COUNTERS 0 7 0 0 0 0 0 0
CASE 31
384928658 -60
-45115477 -47
-929368027 -58
0 -29
-1004398714 -54
-607392135 -48
775639429 -53
691165570 -62
-1070344672 -57
-1000060805 -58
-367682049 -50
329864628 -51
-935684125 -47
162681402 -61
740695876 -59
113479842 -56
0 -23
0 -35
717635791 -64
778361463 -64
804478907 -54
779482388 -47
-188918135 -61
960903820 -55
712179513 -59
628386421 -54
253788462 -47
702284179 -57
953142085 -52
-627304743 -48
0 -22
-476420991 -48
ALIGNED -2147483648 -52
E2M1 -19 0 0 0 0 0 10 0 0 0 0 0 0 13 0 0 0 0 0 0 0 0 5 0 0 0 0 2 0 0 10 0 10
E2M0 -18 -18 0 0 0 0 0 0 5 0 0 0 0 0 0 7 0 0 0 0 0 0 0 0 2 0 0 0 0 1 0 0 5 0 5
COUNTERS 0 12 0 0 0 0 0 0
CASE 32
0 58
-375896700 49
0 57
-640233595 28
317441260 32
433048983 42
-830517181 39
-354983673 47
904480119 40
-332138617 42
460997250 49
-313939226 29
312349370 36
986008200 42
1037359949 43
0 70
446082811 39
831056399 34
231807433 48
0 74
49346807 31
-80596247 48
810172333 35
-297801967 31
0 72
113610302 34
831832675 36
-652604680 47
1065553743 40
1034588520 33
0 56
498078693 46
ALIGNED -88066597 44
E2M1 76 0 13 0 0 0 0 0 9 0 0 5 0 0 0 0 0 0 0 2 0 0 9 0 0 0 0 0 10 0 0 0 1
E2M0 77 77 0 0 6 0 0 0 0 0 5 0 0 3 0 0 0 0 0 0 0 1 0 0 0 0 0 0 0 0 5 0 0 0 0
COUNTERS 0 13 0 0 0 0 0 0
CASE 33
644745256 -24
104415731 -16
-11274331 -18
-241549507 -11
-251546413 -23
142300210 -11
-960134001 -24
1007734210 -13
1001731314 -18
638898059 -27
895159655 -25
136807365 -9
-361793421 -20
778633706 -21
29870551 -7
653915249 -10
-26104880 -16
912655177 -18
-362344205 -11
0 12
766380274 -15
0 11
877039289 -24
131501287 -14
-111979021 -9
0 23
78794039 -14
416241447 -6
-656735431 -12
868689177 -7
-908626982 -23
850385006 -20
ALIGNED 2147483647 -11
E2M1 21 0 0 0 0 0 0 0 0 0 0 0 0 0 0 0 1 0 0 0 0 0 0 0 0 0 0 0 5 0 5 0 0
E2M0 22 22 0 0 0 0 0 0 0 0 0 0 0 0 0 0 0 0 0 0 0 0 0 0 0 0 0 0 0 0 3 0 3 0 0
COUNTERS 0 5 0 0 0 0 0 0
CASE 34
-631039777 -72
-599531034 -80
-726376553 -68
-572861198 -82
242027322 -69
-319172395 -85
-786593189 -86
942899221 -70
-310267719 -84
-359154344 -68
614112580 -80
-599660094 -73
-637610166 -85
0 -43
-716642854 -72
-825604329 -69
-728586971 -69
-87392288 -70
890222052 -69
221021486 -65
-640454907 -75
0 -43
667911523 -82
350071698 -84
1069793391 -82
317153245 -84
-401765988 -82
982770929 -76
888141414 -70
-282543385 -67
1073401071 -71
402163529 -76
ALIGNED 430120908 -70
E2M1 -39 0 0 11 0 0 0 0 1 0 9 0 0 0 0 0 10 9 0 2 5 0 0 0 0 0 0 0 0 1 10 0 0
E2M0 -38 -38 0 0 0 5 0 0 0 0 0 0 5 0 0 0 0 0 5 5 0 1 3 0 0 0 0 0 0 0 0 0 5 0 0
COUNTERS 0 11 0 0 0 0 0 0
CASE 35
-1052605249 -95
179323580 -107
533623851 -105
0 -78
0 -78
953611847 -108
-56977801 -89
865783860 -107
-53966405 -88
230110407 -88
481493403 -100
-724888162 -99
765665361 -93
817158897 -95
0 -77
67417251 -95
297847994 -105
-738104024 -96
770906466 -92
-722303184 -95
0 -60
878558828 -103
-535006195 -95
-503148746 -92
505931281 -105
841143285 -91
-66481738 -101
473555913 -89
-698142674 -105
-49561088 -100
-858220739 -107
-652592023 -102
ALIGNED 2145599030 -93
E2M1 -62 0 0 0 0 0 0 9 0 10 5 0 0 1 0 0 0 0 0 1 0 0 0 0 9 0 3 0 6 0 0 0 0
E2M0 -61 -61 0 0 0 0 0 0 0 0 0 5 3 0 0 0 0 0 0 0 0 1 0 0 0 0 0 0 2 0 3 0 0 0 0
COUNTERS 0 10 0 0 0 0 0 0
CASE 36
-354797598 20
880402171 10
-415605018 6
387951702 15
834139247 14
411867540 3
-955263751 12
914781770 10
541914847 18
970795069 4
530829801 12
597869819 6
-31280854 5
0 43
480344561 8
494894653 5
0 35
1039501718 3
946726322 18
37772360 23
655298970 15
861509767 15
-1068848193 9
631982193 11
-855296086 0
63009091 22
-899390753 1
-507273095 9
-616795469 0
-485198543 1
0 34
-479221238 10
ALIGNED 2144608004 18
E2M1 46 15 0 0 0 0 0 0 0 4 0 0 0 0 0 0 0 0 0 6 6 1 1 0 0 0 6 0 0 0 0 0 0
E2M0 48 48 0 6 0 0 0 0 0 0 0 1 0 0 0 0 0 0 0 0 0 2 2 0 0 0 0 0 2 0 0 0 0 0 0
COUNTERS 0 1 0 0 0 0 0 0
CASE 37
24083306 -55
-889055627 -47
-212121476 -56
-81864600 -52
-1017617839 -56
-410348272 -52
-284103796 -56
-227116421 -45
-224367849 -54
-228094289 -56
171936462 -51
362552319 -59
0 -17
-662259434 -56
278401316 -46
-374075503 -54
-822997854 -53
633847036 -43
386189964 -41
-1017067845 -46
459507582 -58
-708927907 -55
-541457987 -54
818895596 -58
-408670063 -53
222418174 -46
-648730131 -58
454393480 -57
-128542795 -56
-180177045 -57
-1034329103 -52
643858750 -53
ALIGNED 1335172394 -46
E2M1 -15 0 0 0 0 0 0 0 0 0 0 0 0 0 0 0 0 0 4 7 9 0 0 0 0 0 0 0 0 0 0 0 0
E2M0 -13 -13 0 0 0 0 0 0 0 0 0 0 0 0 0 0 0 0 0 0 1 2 0 0 0 0 0 0 0 0 0 0 0 0 0
COUNTERS 0 2 0 0 0 0 0 0
CASE 38
835080292 -38
501553600 -43
-498924638 -44
1049733999 -37
561139460 -38
0 -14
0 -17
566495174 -26
-1026971487 -42
-50261177 -38
176526414 -34
1022054787 -41
-190423017 -24
-99098829 -39
367050904 -28
-301451995 -32
694168519 -37
-345784849 -33
-605704952 -37
0 -15
269404530 -34
-981122520 -46
208060860 -41
0 -14
-575573896 -28
346230461 -39
-903758825 -37
0 -15
-496229607 -44
-862386490 -45
-907661664 -41
-383857496 -45
ALIGNED -2147483648 -29
E2M1 1 0 0 0 0 0 0 0 6 0 0 0 0 15 0 1 0 0 0 0 0 0 0 0 0 10 0 0 0 0 0 0 0
E2M0 3 2 1 0 0 0 0 0 0 0 3 0 0 0 0 7 0 1 0 0 0 0 0 0 0 0 0 5 0 0 0 0 0 0 0
COUNTERS 0 11 0 0 0 2 0 0
CASE 39
259574704 26
-802397374 31
-120817449 23
853360069 29
-574030327 20
106309062 23
254360199 35
-1016759074 28
0 45
120572000 39
782135665 35
-637965913 17
69626513 35
522880414 24
-216230753 23
0 64
812723318 31
-215927187 26
-402066775 30
318324937 25
693377882 30
318258498 27
-47990958 27
981647569 32
827845817 28
-851908362 28
0 53
-354423126 27
-432779480 26
-250607155 18
325207968 19
867403155 21
ALIGNED 2129825088 34
E2M1 64 0 0 0 0 0 0 1 0 0 6 3 0 0 0 0 0 0 0 0 0 0 0 0 0 0 0 0 0 0 0 0 0
E2M0 65 65 0 0 0 0 0 0 0 0 0 0 3 1 0 0 0 0 0 0 0 0 0 0 0 0 0 0 0 0 0 0 0 0 0
COUNTERS 0 9 0 0 0 0 0 0
CASE 40
-725915881 35
-238810535 39
-961850905 16
-111797727 39
720351108 24
-528204629 29
586459113 23
1015040378 35
-978747769 28
-492647216 33
-642210580 26
532827917 33
-693669627 19
-979918748 19
-274024200 34
1033073191 27
-318085800 23
471735101 19
-128534513 35
-617265568 35
-313882777 32
-366639020 35
0 58
607231322 27
-523642142 30
745710121 21
-394015098 17
165313336 25
-845675977 25
-864644826 24
-896584253 16
733890172 16
ALIGNED -2147480848 34
E2M1 65 9 14 0 11 0 0 0 2 0 0 0 0 0 0 0 0 0 0 0 9 0 9 0 0 0 0 0 0 0 0 0 0
E2M0 66 66 0 5 7 0 6 0 0 0 1 0 0 0 0 0 0 0 0 0 0 0 5 0 0 0 0 0 0 0 0 0 0 0 0
COUNTERS 0 9 0 0 0 0 0 0
CASE 41
84523381 43
692084035 34
260063138 33
-57829640 34
31583078 38
-772554951 49
0 76
261333403 50
0 74
359779646 43
756170853 33
-233497836 38
0 67
-79001963 34
-803120699 30
-406958041 43
778420182 44
-787404756 44
-614752600 29
697791110 30
192535634 48
202102749 50
-927305923 28
686197524 42
801251459 33
0 58
966714659 46
-34168732 50
-247190594 31
-226558972 41
394770842 33
-1024469617 35
ALIGNED 1039005121 45
E2M1 76 0 0 0 0 0 15 0 6 0 0 0 0 0 0 0 0 0 0 0 0 1 5 0 0 0 0 2 9 0 0 0 0
E2M0 78 77 1 0 0 0 0 0 7 0 3 0 0 0 0 0 0 0 0 0 0 0 0 1 3 0 0 0 0 1 5 0 0 0 0
COUNTERS 0 10 0 0 0 1 0 0
CASE 42
13642368 -27
-433939143 -49
-328196202 -47
422341219 -51
206074653 -45
-560873380 -34
0 -7
-22433542 -42
167649801 -34
313232302 -38
-460060057 -38
546108466 -41
-340420606 -37
298067985 -37
822250175 -42
-26730573 -36
744802350 -40
-17291835 -43
-86673415 -47
-36990210 -38
-923003367 -38
-33759515 -42
429531447 -32
-555272306 -51
-757373330 -39
475615374 -51
168068027 -49
-862632804 -36
-430245963 -46
-197906499 -41
-1041360895 -48
557447451 -51
ALIGNED 691960695 -32
E2M1 -5 5 0 0 0 0 10 0 0 1 0 0 0 0 0 0 0 0 0 0 0 0 0 5 0 0 0 0 9 0 0 0 0
E2M0 -4 -4 0 3 0 0 0 0 5 0 0 0 0 0 0 0 0 0 0 0 0 0 0 0 0 3 0 0 0 0 0 0 0 0 0
COUNTERS 0 0 0 0 0 0 0 0
CASE 43
438122699 -47
1009748689 -49
-54800743 -49
844775458 -52
-308731501 -31
109168531 -49
0 -3
-685674521 -41
238867989 -45
0 -19
-40739340 -43
0 -23
799185730 -48
-831565742 -39
135158039 -45
643937789 -45
0 -19
-165474699 -51
23452920 -29
225446849 -33
-380270273 -32
-697421681 -48
733779802 -42
-39352268 -45
-953699428 -42
829748600 -39
-797875138 -48
937869331 -36
401018802 -50
457146081 -49
-715630824 -48
846249737 -34
ALIGNED -1040909241 -34
E2M1 -5 0 0 0 0 14 0 0 0 0 0 0 0 0 0 0 0 0 0 3 2 13 0 0 0 0 0 0 1 0 0 0 3
E2M0 -3 -4 1 0 0 0 0 7 0 0 0 0 0 0 0 0 0 0 0 0 0 1 1 6 0 0 0 0 0 0 0 0 0 0 2
COUNTERS 0 6 0 0 0 1 0 0
CASE 44
-283311843 84
1071105622 74
563116354 82
0 110
127133481 91
-141841201 81
514972632 68
192019054 80
194724795 77
-563797514 87
989665494 81
870929129 81
0 106
54559523 88
-381701300 73
-683769869 82
45318525 82
548681864 77
-823285164 86
302203253 72
878102893 69
-1046003639 79
-243184013 89
-967846030 80
-343081408 79
110048743 87
371155668 87
-782011699 86
818708315 85
37338014 74
-74566968 81
148105439 89
ALIGNED 233908926 86
E2M1 116 0 0 0 0 6 0 0 0 0 10 0 0 0 0 0 0 0 0 10 0 0 0 12 0 0 0 1 9 1 0 0 2
E2M0 117 117 0 0 0 0 0 3 0 0 0 0 5 0 0 0 0 0 0 0 0 5 0 0 0 6 0 0 0 1 5 0 0 0 1
COUNTERS 0 1 0 0 0 0 0 0
CASE 45
0 -18
922967113 -47
322863813 -45
-371307765 -52
-554686367 -43
1031242388 -51
943451579 -47
978809247 -54
690653572 -46
579376852 -43
-510670221 -53
29903976 -45
810785463 -51
-717144409 -42
-834923664 -56
499586459 -55
257862643 -57
-16699528 -52
513619210 -58
1004449966 -48
138940792 -52
993638652 -53
1007308429 -62
551593507 -51
-181801257 -61
-644868916 -44
818309333 -45
-1 -112
-563812834 -52
557117784 -51
-94401798 -39
-928227211 -54
ALIGNED -2147483648 -44
E2M1 -15 0 0 1 0 12 0 0 0 1 4 0 0 0 15 0 0 0 0 0 0 0 0 0 0 0 10 2 0 0 0 15 0
E2M0 -13 -14 1 0 0 0 0 6 0 0 0 0 2 0 0 0 7 0 0 0 0 0 0 0 0 0 0 0 5 1 0 0 0 7 0
COUNTERS 0 5 0 1 0 2 0 0
CASE 46
-841782827 -128
-961811144 -133
417127378 -128
-628956751 -145
547406428 -129
-494555816 -143
-394846675 -143
-820870518 -140
302735615 -131
-751493479 -135
783483938 -127
932755873 -138
534846046 -135
6125332 -119
509270680 -129
145943624 -134
-427266290 -145
-397915090 -134
19020097 -132
860242955 -135
1069443301 -127
0 -116
753396805 -140
-1060856600 -139
0 -116
-842081763 -137
-41904802 -143
-183892523 -135
436590993 -132
15065396 -127
0 -98
0 -109
ALIGNED 438153066 -124
E2M1 -99 11 0 2 0 1 0 0 0 0 0 5 0 0 7 1 0 0 0 0 0 6 0 0 0 0 0 0 0 0 0 0 0
E2M0 -97 -98 1 6 0 1 0 1 0 0 0 0 0 2 0 0 3 0 0 0 0 0 0 3 0 0 0 0 0 0 0 0 0 0 0
COUNTERS 0 0 0 0 0 1 0 0
CASE 47
-26098299 -94
940806791 -108
-118060109 -107
714325534 -103
158734445 -111
-972044674 -99
665042101 -100
640053377 -105
930980428 -103
-149974557 -112
-441850888 -112
522766834 -107
822510545 -113
0 -76
986295728 -103
-987209369 -106
-831722490 -107
0 -76
0 -78
-180541076 -108
518157025 -96
-80628766 -102
10620971 -102
749563787 -113
-906727207 -98
-973275339 -114
-65983462 -109
1014801637 -99
91264476 -98
-686005292 -103
-1034867569 -100
564174862 -98
ALIGNED 2090601067 -99
E2M1 -69 10 0 0 0 0 10 1 0 0 0 0 0 0 0 0 0 0 0 0 0 6 0 0 0 11 0 0 2 0 0 9 2
E2M0 -68 -68 0 5 0 0 0 0 5 0 0 0 0 0 0 0 0 0 0 0 0 0 0 3 0 0 0 6 0 0 1 0 0 0 1
COUNTERS 0 1 0 0 0 0 0 0
CASE 48
0 46
-164690335 19
-863245710 5
628346765 7
452273634 16
-1028776078 4
-438879762 13
-712035003 1
-476803227 0
0 44
-418452348 16
89535157 6
887650307 2
-866550269 0
487406202 5
0 33
-689736998 3
-1010747450 2
1045513046 15
0 45
672349024 5
-1011652923 15
550639405 11
-6644358 25
0 39
0 31
-1067403649 7
173638898 14
441229826 19
-676978523 3
569409510 12
0 33
ALIGNED -68661985 20
E2M1 46 0 10 0 0 1 0 0 0 0 0 9 0 0 0 0 0 0 0 1 0 0 9 0 13 0 0 0 0 5 0 0 0
E2M0 47 47 0 0 5 0 0 0 0 0 0 0 0 0 0 0 0 0 0 0 0 0 0 0 0 0 7 0 0 0 0 3 0 0 0
COUNTERS 0 0 0 0 0 0 0 0
CASE 49
948539683 -59
67506479 -69
91664967 -67
315522399 -58
-877360952 -70
-143082759 -58
564753357 -74
-482491914 -74
235788543 -76
0 -38
-205692944 -56
0 -43
-516872105 -64
748134313 -79
0 -46
1012535205 -65
671110045 -64
-893758759 -70
-589184156 -63
553578951 -69
-230783027 -71
318265594 -74
970698506 -79
-130178449 -62
0 -50
892661166 -71
926187443 -74
0 -29
852074201 -64
-534407701 -74
889712757 -58
527569645 -74
ALIGNED 2147483647 -61
E2M1 -30 4 0 0 2 0 9 0 0 0 0 13 0 0 0 0 0 0 0 0 0 0 0 0 0 0 0 0 0 0 0 5 0
E2M0 -29 -29 0 2 0 0 1 0 5 0 0 0 0 7 0 0 0 0 0 0 0 0 0 0 0 0 0 0 0 0 0 0 0 3 0
COUNTERS 0 10 0 0 0 0 0 0
CASE 50
532098155 -2
216558388 6
0 26
0 18
-567788457 -6
365185041 -2
-478014905 -14
710754115 -12
182760464 5
165162454 -6
-241083498 -7
-763254817 3
271317984 -4
-81099984 6
823200684 -7
0 20
1055782057 -9
-636919196 -3
426372737 4
-866933892 3
0 16
-176596471 5
-544538187 -1
4034067 3
-887682708 3
858323031 -8
728335505 -13
331391138 4
361951477 2
-1059298403 3
-781559266 -9
0 15
ALIGNED -2147483648 1
E2M1 32 0 5 0 0 0 0 0 0 3 0 0 11 0 10 0 0 0 0 3 11 0 11 0 0 11 0 0 2 1 12 0 0
E2M0 33 33 0 0 3 0 0 0 0 0 0 1 0 0 5 0 5 0 0 0 0 2 6 0 5 0 0 6 0 0 1 0 6 0 0
COUNTERS 0 13 0 0 0 0 0 0
CASE 51
-858104028 -58
941644529 -45
0 -29
218124383 -57
912186182 -63
986460255 -61
2776335 -50
-834808356 -44
373766542 -63
0 -32
63473939 -49
686136210 -47
-712159849 -46
-522246327 -60
666579168 -63
-197489732 -53
-741791050 -64
-262646440 -42
-356191255 -57
-713995432 -58
510552940 -43
257310001 -52
0 -36
197843660 -62
0 -31
251583255 -45
-123766637 -42
186458590 -50
0 -16
161130200 -58
-912495069 -47
-344536613 -58
ALIGNED -2147483648 -47
E2M1 -16 0 4 0 0 0 0 0 13 0 0 0 1 9 0 0 0 0 14 0 0 6 0 0 0 0 1 12 0 0 0 9 0
E2M0 -15 -15 0 0 2 0 0 0 0 0 7 0 0 0 0 5 0 0 0 0 7 0 0 3 0 0 0 0 0 6 0 0 0 0 0
COUNTERS 0 19 0 0 0 0 0 0
CASE 52
-461350944 -92
841597968 -91
225482368 -94
-763955871 -85
866187107 -94
0 -59
379134567 -76
483278593 -82
-853122957 -92
-680584522 -84
1031027408 -92
-391349882 -94
-906122252 -80
-768368032 -77
322511807 -81
715937947 -85
-664632898 -93
1047264758 -83
40398654 -82
312971272 -90
987901463 -89
-299546655 -91
63824405 -76
-394588984 -76
1060226463 -95
755526491 -93
390818987 -82
-684373965 -86
-1016481580 -95
783432308 -87
622456414 -84
-971201181 -83
ALIGNED -2126025828 -81
E2M1 -50 0 0 0 0 0 0 7 0 0 0 0 0 10 15 0 0 0 0 0 0 0 0 2 15 0 0 0 0 0 0 0 0
E2M0 -48 -49 1 0 0 0 0 0 0 3 0 0 0 0 0 5 7 0 0 0 0 0 0 0 0 1 7 0 0 0 0 0 0 0 0
COUNTERS 0 4 0 0 0 3 0 0
CASE 53
0 -83
-946923044 -114
0 -76
66744687 -90
-433378655 -110
221835385 -93
820537555 -105
1011167594 -115
-702336254 -97
0 -65
0 -72
538604427 -98
-662984805 -113
-744735696 -111
0 -81
0 -73
789982733 -105
-131291990 -105
-982294029 -98
-193530096 -93
0 -81
-682300727 -107
14919782 -101
31202942 -100
-587375913 -103
869749964 -108
-871446477 -106
739190325 -98
906327707 -98
351666214 -101
0 -67
-157915099 -104
ALIGNED 1352251329 -95
E2M1 -66 0 0 0 6 0 3 0 0 9 0 0 0 0 0 0 0 0 0 0 11 0 0 0 0 0 0 0 0 0 0 0 0
E2M0 -65 -65 0 0 0 0 3 0 2 0 0 0 0 0 0 0 0 0 0 0 0 0 5 0 0 0 0 0 0 0 0 0 0 0 0
COUNTERS 0 3 0 0 0 0 0 0
CASE 54
222072560 -118
-70513110 -113
-866689372 -116
-318547846 -106
982817395 -111
-99798972 -103
393390551 -107
-11071503 -100
-933644753 -109
579807467 -109
931394155 -121
-669177946 -118
-102837174 -117
-764816768 -104
788079260 -111
601872100 -117
557098747 -111
645263760 -116
-256809271 -118
533940677 -115
541155794 -119
204928062 -110
695275645 -115
-103250732 -97
178180698 -110
0 -82
589132211 -121
761736474 -120
338855137 -99
-364027881 -117
360609731 -113
-443348979 -101
ALIGNED -322475492 -102
E2M1 -72 0 0 0 0 0 0 0 0 0 0 0 0 0 0 0 0 0 0 0 0 0 0 0 13 0 0 0 0 5 0 0 10
E2M0 -71 -71 0 0 0 0 0 0 0 0 0 0 0 0 0 0 0 0 0 0 0 0 0 0 0 0 7 0 0 0 0 2 0 0 5
COUNTERS 0 1 0 0 0 0 0 0
CASE 55
644518415 -63
970866548 -67
313304728 -83
0 -46
-54086036 -76
-277386029 -69
-335002614 -82
711573694 -72
0 -45
309926988 -69
-132645434 -63
-928379681 -64
783962523 -71
0 -55
-341585556 -66
-665747081 -78
330574857 -68
-842064229 -82
837551452 -65
514139697 -71
991804218 -74
-954446667 -82
88521379 -64
0 -43
-903867855 -78
587111706 -68
-358905955 -77
433983319 -79
-941054399 -83
0 -38
-190262138 -65
129124468 -81
ALIGNED 624884504 -68
E2M1 -36 6 1 0 0 0 0 0 0 0 0 10 13 0 0 9 0 0 0 3 0 0 0 1 0 0 0 0 0 0 0 9 0
E2M0 -34 -35 1 3 0 0 0 0 0 0 0 0 0 5 7 0 0 0 0 0 0 2 0 0 0 0 0 0 0 0 0 0 0 0 0
COUNTERS 0 12 0 0 0 1 0 0
CASE 56
245745504 -46
161632116 -42
-890396863 -50
-874775617 -37
-617772078 -34
53190342 -36
-884762086 -42
832634762 -42
-435548987 -38
0 -21
-748666485 -46
-960093887 -51
-931727048 -47
17807084 -45
-67502087 -50
0 -11
137798450 -33
76330422 -50
812935921 -54
828867750 -50
-294724227 -54
-228557239 -50
333703704 -41
721018564 -54
-286886257 -54
-753672401 -55
-28818157 -34
-783266562 -55
0 -19
284440134 -38
-484982602 -46
-799397611 -43
ALIGNED 1943941527 -38
E2M1 -7 0 0 0 10 14 0 0 0 0 0 0 0 0 0 0 0 4 0 0 0 0 0 0 0 0 0 0 0 0 0 0 0
E2M0 -5 -6 1 0 0 0 5 7 0 0 0 0 0 0 0 0 0 0 0 2 0 0 0 0 0 0 0 0 0 0 0 0 0 0 0
COUNTERS 0 11 0 0 0 1 0 0
CASE 57
-859869224 -48
869106882 -37
137554309 -53
84909604 -37
-850616073 -44
-639643287 -45
149426955 -39
-477597949 -49
0 -20
-146134474 -35
0 -19
-85275506 -42
-827824814 -49
230163129 -54
-445227827 -51
0 -13
-236777735 -54
-171208108 -36
-189325079 -35
0 -8
-691921839 -41
-666404298 -55
99021764 -39
0 -12
-756774125 -43
-650727874 -54
-212079881 -36
0 -18
431695289 -48
912283346 -39
-935761430 -39
-746489355 -36
ALIGNED -2147483648 -40
E2M1 -9 0 5 0 1 0 0 0 0 0 12 0 0 0 0 0 0 0 11 13 0 0 0 0 0 0 0 11 0 0 2 10 15
E2M0 -7 -8 1 0 3 0 0 0 0 0 0 0 6 0 0 0 0 0 0 0 5 6 0 0 0 0 0 0 0 6 0 0 1 5 7
COUNTERS 0 16 0 0 0 1 0 0
CASE 58
0 23
0 15
668537455 -15
254326839 3
-147928704 -13
743258934 -13
-405966072 -12
-140754565 -3
-1017836514 -9
0 27
-545258786 -8
-243269028 -11
-99449694 3
299212363 -11
386429485 -3
504124617 -8
-348272177 0
-47376347 3
-24213903 -2
-478408257 4
820584799 -14
730567102 -1
278549408 -15
-689409357 -8
901489987 4
-637289954 3
0 33
665161912 -14
146787526 -10
0 22
438775058 -3
409354434 -3
ALIGNED -1935083385 -1
E2M1 32 0 0 0 1 0 0 0 0 0 0 0 0 0 0 0 0 0 0 0 12 0 0 0 0 5 10 0 0 0 0 0 0
E2M0 33 33 0 0 0 0 0 0 0 0 0 0 0 0 0 0 0 0 0 0 0 0 6 0 0 0 0 3 5 0 0 0 0 0 0
COUNTERS 0 5 0 0 0 0 0 0
CASE 59
0 -102
-941196773 -130
978190433 -130
435400111 -122
0 -94
720559248 -142
0 -109
181518285 -120
-79847414 -139
770788977 -130
-572260124 -124
-783051114 -127
-295354093 -138
759634297 -131
241454150 -128
0 -92
-1042133043 -124
638822266 -139
-722676218 -128
584195775 -141
734446678 -123
270443870 -121
912941038 -127
957966687 -138
396056565 -137
-267015976 -120
-425749324 -130
-583193288 -128
-903697489 -141
-590078878 -140
-628653563 -130
0 -94
ALIGNED -2147483648 -125
E2M1 -94 0 0 0 3 0 0 0 5 0 0 9 0 0 0 0 0 10 0 0 0 3 4 0 0 0 14 0 0 0 0 0 0
E2M0 -93 -93 0 0 0 0 2 0 0 0 2 0 0 5 0 0 0 0 0 5 0 0 0 1 2 0 0 0 7 0 0 0 0 0 0
COUNTERS 0 14 0 0 0 0 0 0
CASE 60
639176001 11
-975690386 4
-811845437 5
-188273442 4
-696727669 16
-668960428 -1
263143562 4
992607319 1
-889886680 4
-257353382 -3
419956650 6
484092540 -1
-798024013 -1
112919267 13
0 40
0 42
956083758 3
-640808602 7
-561964425 9
555854889 14
603491215 11
-674421261 10
-38269673 10
-602562255 -3
-964617400 -5
342213913 13
0 40
784047094 11
-338644639 3
62242019 3
585991986 7
-671857041 -4
ALIGNED 2147463144 11
E2M1 43 0 0 0 0 15 0 0 0 0 0 0 0 0 0 0 0 0 0 0 2 0 0 0 0 0 1 0 0 0 0 0 0
E2M0 45 44 1 0 0 0 0 7 0 0 0 0 0 0 0 0 0 0 0 0 0 0 1 0 0 0 0 0 0 0 0 0 0 0 0
COUNTERS 0 9 0 0 0 1 0 0
CASE 61
1011957350 -14
-447875853 1
0 28
-655888699 -10
16969460 0
0 14
0 19
-959102034 1
0 10
730304141 -18
-935314286 -7
0 9
814821773 -9
150410416 -12
0 24
0 28
-268393279 -5
-329728286 1
588113765 -7
227107776 -18
-633405413 -14
282966890 -11
-588732288 -4
83357460 -14
-592872694 -15
-810131979 -7
-258399754 -10
-551047798 -19
-41357082 4
0 11
-519675058 -18
-815193423 1
ALIGNED -2147483648 -1
E2M1 29 0 11 0 0 0 0 0 14 0 0 0 0 0 0 0 0 0 10 0 0 0 0 0 0 0 0 0 0 10 0 0 13
E2M0 30 30 0 0 6 0 0 0 0 0 7 0 0 0 0 0 0 0 0 0 5 0 0 0 0 0 0 0 0 0 0 5 0 0 7
COUNTERS 0 12 0 0 0 0 0 0
CASE 62
238368157 -62
0 -38
-687296397 -77
454292231 -58
304296075 -75
661947800 -66
0 -35
89677726 -67
-1 93
0 -42
-189205723 -64
578861417 -79
-897847891 -75
346558730 -74
1008870678 -75
-209654988 -59
724210945 -78
-601930514 -62
-619580784 -67
0 -31
-337135369 -71
-375403374 -63
-88445040 -72
-749470867 -59
-509639485 -66
-461780455 -58
-1044556936 -63
-243148463 -77
-764385193 -61
-616514548 -61
100756983 -61
-267919580 -57
ALIGNED -32 88
E2M1 91 0 0 0 0 0 0 0 0 14 0 0 0 0 0 0 0 0 0 0 0 0 0 0 0 0 0 0 0 0 0 0 0
E2M0 92 92 0 0 0 0 0 0 0 0 0 7 0 0 0 0 0 0 0 0 0 0 0 0 0 0 0 0 0 0 0 0 0 0 0
COUNTERS 0 0 0 27 0 0 0 0
CASE 63
789553109 -49
-753330891 -42
-993304027 -39
594844588 -45
495385738 -38
472536961 -46
518383514 -43
581750156 -39
532638215 -37
512998175 -39
881838177 -43
1057437192 -45
-1055281113 -40
-868307118 -47
-962915799 -47
-844842821 -48
-672806673 -42
608600459 -44
-370418708 -33
27737757 -44
0 1
658653522 -38
-96024255 -26
263826631 -29
-659020652 -37
-513776798 -27
0 -13
375324842 -41
655351489 -33
873903752 -34
802632386 -28
-309003723 -46
ALIGNED 2147474217 -31
E2M1 0 0 0 0 0 0 0 0 0 0 0 0 0 0 0 0 0 0 0 0 0 0 0 11 1 0 14 0 0 0 0 5 0
E2M0 1 1 0 0 0 0 0 0 0 0 0 0 0 0 0 0 0 0 0 0 0 0 0 0 0 5 0 0 7 0 0 0 0 2 0
COUNTERS 0 3 0 0 0 0 0 0
CASE 64
-596459879 -27
437901614 -28
29442543 -17
-1001449687 -19
0 13
-704634914 -15
76688453 -9
-1057155420 -11
-904489755 -24
1020125673 -32
-889997637 -28
687042663 -22
472812583 -14
-709745201 -12
-373268896 -28
-989983205 -13
-755030745 -16
-1019279612 -20
602624928 -30
-306703694 -30
0 5
0 1
-300643811 -23
-824728969 -16
-757605308 -24
41481399 -28
972391050 -19
979632657 -19
0 10
909567163 -24
-243953083 -13
0 10
ALIGNED -2147483648 -14
E2M1 17 0 0 0 0 0 0 2 14 0 0 0 0 0 11 0 10 0 0 0 0 0 0 0 0 0 0 0 0 0 0 0 0
E2M0 18 18 0 0 0 0 0 0 0 1 7 0 0 0 0 0 5 0 5 0 0 0 0 0 0 0 0 0 0 0 0 0 0 0 0
COUNTERS 0 12 0 0 0 0 0 0
CASE 65
784645121 39
1020309869 40
-33307972 52
294303067 51
167625613 56
557065282 54
-269711018 40
704397124 50
-323174448 50
294182209 48
-1040651612 37
499583938 45
191926731 49
986352352 51
802080461 51
-373469381 53
599665731 46
-342400418 37
297074294 44
359881873 36
-127591853 42
-464222690 37
-352998031 37
620619159 45
0 64
-359761819 37
-337393230 44
396377441 45
-600228033 54
0 76
-226995688 55
-932990390 45
ALIGNED -2147483648 51
E2M1 81 0 0 0 1 6 6 0 1 0 0 0 0 0 2 1 11 0 0 0 0 0 0 0 0 0 0 0 0 14 0 13 0
E2M0 83 82 1 0 0 0 0 3 3 0 0 0 0 0 0 0 1 1 5 0 0 0 0 0 0 0 0 0 0 0 0 7 0 7 0
COUNTERS 0 8 0 0 0 3 0 0
CASE 66
-566221627 35
863803181 19
170141082 27
-1027088260 21
-485885183 27
-294639890 37
0 59
719343477 27
-21663874 31
-705386018 35
-873092472 35
-390825796 24
1016941531 29
-177918093 32
-215944185 35
-600224702 19
32540951 26
536940659 32
-526339682 18
0 57
87333918 37
-975283014 33
-514018493 24
-261122588 35
-475409132 34
-825486602 23
63724227 33
143022075 36
-862580023 16
-98767545 19
417594304 32
524687510 37
ALIGNED 2147483647 32
E2M1 64 10 0 0 0 0 12 0 0 0 11 11 0 0 0 9 0 0 0 0 0 1 9 0 9 9 0 0 1 0 0 0 6
E2M0 65 65 0 5 0 0 0 0 6 0 0 0 5 6 0 0 0 0 0 0 0 0 0 1 0 0 0 0 0 0 1 0 0 0 3
COUNTERS 0 13 0 0 0 0 0 0
CASE 67
1049496564 46
25358998 53
156593559 37
-905373268 47
-576414489 28
293629059 47
-795448346 47
-75867070 49
-855091643 29
755127296 46
858122289 37
177458872 31
-1040162376 30
471859665 47
-910415855 38
-911691308 33
182231954 43
945751220 40
-994806348 31
-818697606 44
726636135 33
-464124757 39
268091459 38
-891894895 33
981756107 47
0 69
261284825 40
1059559269 39
-581405403 43
-287255968 37
1065703957 34
-170303741 32
ALIGNED 1076101673 48
E2M1 76 2 5 0 11 0 1 11 9 0 1 0 0 0 2 0 0 0 0 0 0 0 0 0 0 4 0 0 0 0 0 0 0
E2M0 77 76 1 2 3 0 7 0 1 6 5 0 1 0 0 0 2 0 0 0 0 0 0 0 0 0 0 3 0 0 0 0 0 0 0
COUNTERS 0 0 0 0 0 1 0 0
CASE 68
331358407 74
1032109659 77
-168502831 68
-673851879 83
0 113
133414215 79
626361588 83
0 102
-177706304 82
-16909837 89
818255452 77
778899731 78
523390541 81
-695427354 65
-407483257 70
411831792 81
778547896 76
0 107
-541135016 75
-330154746 75
657211825 66
-777206315 83
-565265627 74
170383897 73
0 106
803138448 65
495518263 78
532857650 71
661971381 71
359521645 74
420918658 82
0 112
ALIGNED -735552800 84
E2M1 111 0 0 0 13 0 0 4 0 9 14 0 0 1 0 0 1 0 0 0 0 0 13 0 0 0 0 0 0 0 0 2 0
E2M0 113 112 1 0 0 0 6 0 0 2 0 0 7 0 0 0 0 0 0 0 0 0 0 0 6 0 0 0 0 0 0 0 0 1 0
COUNTERS 0 0 0 0 0 1 0 0
CASE 69
-177936113 -133
278976219 -145
1042787658 -139
330472187 -147
-784953227 -134
214217078 -135
537700354 -137
0 -101
971304052 -135
-1006092978 -131
-412153585 -141
-194266116 -147
1015382793 -140
-194737871 -147
67958650 -135
-984183035 -150
-412718467 -148
430667799 -131
-728410286 -129
-383659396 -147
-17956651 -130
0 -100
350214146 -143
-346729227 -140
0 -119
-116686103 -130
-156844015 -130
-586223050 -140
-981959472 -138
0 -106
-835218750 -142
389689885 -144
ALIGNED -2147103091 -134
E2M1 -102 0 0 0 0 0 0 0 0 0 12 0 0 0 0 0 0 0 2 15 0 0 0 0 0 0 9 9 0 0 0 0 0
E2M0 -100 -101 1 0 0 0 0 0 0 0 0 0 6 0 0 0 0 0 0 0 1 7 0 0 0 0 0 0 0 5 0 0 0 0 0
COUNTERS 0 12 0 0 0 1 0 0
CASE 70
-541797258 57
211792052 73
-625694316 58
-1052543211 67
295659651 74
-144948998 77
483234972 66
478185419 66
-365302345 60
-145467437 62
1002117654 62
-355886403 63
-148013936 72
0 100
0 105
-868516708 75
-298347614 57
348417481 76
0 95
0 103
697142229 60
292411699 70
741886103 70
596017354 66
0 91
364739731 67
-874298155 64
-895768838 66
781121996 62
1018660870 60
-947057830 58
832661185 70
ALIGNED 2147483647 72
E2M1 103 0 0 0 0 1 12 0 0 0 0 0 0 0 0 0 13 0 5 0 0 0 0 0 0 0 0 0 0 0 0 0 0
E2M0 104 104 0 0 0 0 0 1 6 0 0 0 0 0 0 0 0 0 7 0 2 0 0 0 0 0 0 0 0 0 0 0 0 0 0
COUNTERS 0 11 0 0 0 0 0 0
CASE 71
-647287889 -26
-765729933 -11
-936740031 -8
882368287 -9
0 5
222469401 -27
-869203728 -15
0 8
681873163 -17
-79305548 -8
0 10
-294620229 -27
0 1
470928325 -8
125069548 -17
-481520496 -19
-786122576 -19
915786428 -18
-373936900 -18
730225221 -18
0 18
-257866364 -9
-905454120 -23
519316472 -23
-333216099 -27
554741119 -9
-594109040 -15
-599184405 -12
870727311 -18
1068996718 -14
-8054828 -19
775264223 -26
ALIGNED 1362264944 -13
E2M1 20 0 9 13 3 0 0 0 0 0 9 0 0 0 4 0 0 0 0 0 0 0 9 0 0 0 2 0 0 0 0 0 0
E2M0 21 21 0 0 0 7 2 0 0 0 0 0 0 0 0 0 2 0 0 0 0 0 0 0 0 0 0 0 1 0 0 0 0 0 0
COUNTERS 0 9 0 0 0 0 0 0
CASE 72
-250029259 -95
257465778 -94
155271487 -96
75885207 -105
746338945 -93
-1024177729 -100
721700117 -95
-786397303 -98
514143380 -109
499072957 -102
2334601 -90
-584036073 -105
576526357 -103
813928029 -106
-530088669 -95
0 -78
1045388729 -106
-14726980 -91
-644164401 -103
696108003 -114
196613930 -91
-872232961 -93
-72714421 -101
172837043 -98
308039572 -103
-571941295 -105
888520228 -112
615888553 -112
-123704300 -110
-637387349 -113
-26488784 -103
-1073018732 -112
ALIGNED -1320441372 -95
E2M1 -65 0 1 0 0 5 0 1 0 0 0 0 0 0 0 9 0 0 0 0 0 5 13 0 0 0 0 0 0 0 0 0 0
E2M0 -64 -64 0 0 0 0 0 2 0 1 0 0 0 0 0 0 0 0 0 0 0 0 0 2 7 0 0 0 0 0 0 0 0 0 0
COUNTERS 0 3 0 0 0 0 0 0
CASE 73
644823453 -53
447639289 -45
985881878 -43
77231067 -56
-827422690 -49
415602628 -48
-1051436713 -51
167614250 -56
0 -10
235545311 -41
33801332 -37
-30733463 -35
-847972636 -41
0 -20
355725413 -48
-158115041 -56
254919200 -45
631074253 -57
-1033039513 -44
-892713624 -59
-691673289 -54
-725055464 -44
335567292 -45
416191499 -50
-591924112 -59
-393761973 -48
-1046218974 -45
451068513 -50
-98456602 -52
-972023494 -50
-716800100 -53
886778598 -59
ALIGNED -1006999375 -40
E2M1 -12 0 0 1 0 0 0 0 0 0 1 2 14 11 0 0 0 0 0 0 0 0 0 0 0 0 0 0 0 0 0 0 0
E2M0 -11 -11 0 0 0 0 0 0 0 0 0 0 0 1 7 6 0 0 0 0 0 0 0 0 0 0 0 0 0 0 0 0 0 0 0
COUNTERS 0 0 0 0 0 0 0 0
CASE 74
-335637997 61
307237127 63
1045865987 71
1069495851 70
-280978832 82
791721863 63
196156482 82
-200012380 68
-626981409 74
443363877 82
-123174454 84
0 90
-742143639 62
-751404893 74
424374114 68
901800414 73
0 109
-889995384 69
-1010646082 74
437187993 75
736055729 63
-794766992 68
-609380427 73
-207691730 75
-819269101 80
587528231 63
53562638 69
-596568677 64
-872924477 68
-509314469 66
870396330 64
271635656 74
ALIGNED -2138968472 79
E2M1 109 0 0 0 0 12 0 3 0 0 5 14 0 0 0 0 0 0 0 0 0 0 0 0 0 11 0 0 0 0 0 0 0
E2M0 110 110 0 0 0 0 0 6 0 1 0 0 3 7 0 0 0 0 0 0 0 0 0 0 0 0 0 6 0 0 0 0 0 0 0
COUNTERS 0 5 0 0 0 0 0 0
CASE 75
237871726 -21
-158641587 -9
874170718 -20
-548457432 -17
-66311588 -19
-55877994 -13
485583408 -19
977845703 -20
67065415 -15
-804240210 -15
461726142 -13
-902503448 -23
0 18
-223229592 -21
-599107681 -19
-1067782581 -20
0 10
156792558 -12
895059806 -21
-228204720 -30
25746274 -18
-938479457 -16
0 15
1012346871 -19
-75973887 -16
0 6
1039931292 -14
0 5
-846643273 -13
-403497343 -30
-360881116 -24
457701218 -16
ALIGNED -1388441744 -14
E2M1 16 0 14 0 0 0 0 0 0 0 9 2 0 0 0 0 0 0 1 0 0 0 0 0 0 0 0 2 0 11 0 0 0
E2M0 18 17 1 0 7 0 0 0 0 0 0 0 0 1 0 0 0 0 0 0 1 0 0 0 0 0 0 0 0 1 0 6 0 0 0
COUNTERS 0 5 0 0 0 1 0 0
CASE 76
524732618 -60
-552898578 -63
-764934684 -66
-588626692 -74
-796759435 -57
811266495 -73
-1009203444 -62
0 -30
451790547 -72
1019280619 -75
0 -42
506097743 -55
326277863 -62
786442498 -55
-852451637 -75
0 -41
922899552 -55
0 -30
-735489391 -61
744231966 -55
0 -27
-490068951 -66
-927828458 -65
-217572845 -71
311843369 -67
-704246270 -74
1072895265 -72
-11330011 -67
-994317396 -71
198913248 -58
-959414915 -71
-725174943 -68
ALIGNED 2144182468 -60
E2M1 -27 0 0 0 0 9 0 0 0 0 0 0 4 0 5 0 0 5 0 0 5 0 0 0 0 0 0 0 0 0 0 0 0
E2M0 -26 -26 0 0 0 0 0 5 0 0 0 0 0 0 2 0 2 0 0 3 0 0 2 0 0 0 0 0 0 0 0 0 0 0 0
COUNTERS 0 8 0 0 0 0 0 0
CASE 77
-350616970 -118
253544223 -120
894022342 -111
1059948883 -123
415778950 -123
-144533279 -122
879638187 -107
-1037164900 -122
310449693 -103
-934378808 -110
87468531 -113
0 -88
-602766582 -105
109457656 -101
0 -80
-901464579 -112
-491391376 -103
-912067899 -117
-397754286 -110
474267444 -109
0 -84
-648506991 -104
967255847 -115
-917744605 -114
980788768 -110
-1060275437 -121
-292364006 -112
999283926 -111
354666819 -119
593661469 -114
-95549277 -118
654719636 -111
ALIGNED -2036758326 -106
E2M1 -76 0 0 0 0 0 0 1 0 4 0 0 0 10 5 0 0 14 0 0 0 0 12 0 0 0 0 0 0 0 0 0 0
E2M0 -75 -75 0 0 0 0 0 0 0 0 0 2 0 0 0 5 3 0 0 7 0 0 0 0 6 0 0 0 0 0 0 0 0 0 0
COUNTERS 0 4 0 0 0 0 0 0
CASE 78
0 95
807768225 77
749127833 64
297453965 67
233158483 60
413346448 79
-1002417118 72
-142454637 72
0 95
-198058414 67
-405932374 64
-719228707 68
1028441698 58
24501984 70
0 103
981746314 70
0 105
-174582028 65
516314675 75
-747710292 58
-657740292 76
492378507 70
-152556834 79
0 101
-132960642 77
-558761517 65
114221581 63
-194622060 79
-859769760 63
1066121734 77
-559377961 60
-405790113 79
ALIGNED -2147483648 74
E2M1 106 0 3 0 0 0 5 0 0 0 0 0 0 0 0 0 0 0 0 0 0 9 0 10 0 0 0 0 11 0 4 0 13
E2M0 107 107 0 0 2 0 0 0 3 0 0 0 0 0 0 0 0 0 0 0 0 0 0 5 0 5 0 0 0 0 5 0 2 0 7
COUNTERS 0 13 0 0 0 0 0 0
CASE 79
-219321478 -85
0 -62
0 -69
801544489 -98
31959669 -90
296509039 -98
-191907695 -103
0 -66
0 -72
-822443396 -90
-755726471 -103
241386969 -93
-238122096 -103
-1037659957 -93
859898701 -93
-22089168 -96
93524424 -90
0 -68
-219901339 -91
856402371 -93
-933347134 -93
1 -53
0 -59
0 -58
123760677 -84
859034513 -98
-208082437 -91
924545878 -100
69519088 -95
-605446004 -101
74131933 -98
-190934609 -92
ALIGNED 32 -58
E2M1 -55 0 0 0 0 0 0 0 0 0 0 0 0 0 0 0 0 0 0 0 0 0 6 0 0 0 0 0 0 0 0 0 0
E2M0 -54 -54 0 0 0 0 0 0 0 0 0 0 0 0 0 0 0 0 0 0 0 0 0 0 3 0 0 0 0 0 0 0 0 0 0
COUNTERS 0 0 0 22 0 0 0 0
CASE 80
380842092 -141
0 -133
0 -134
-174307469 -157
-279444789 -149
938729223 -149
-579327375 -145
-923702469 -145
224985715 -144
0 -122
1002032239 -163
881208988 -161
-772112354 -146
0 -118
-591598349 -149
-366538036 -162
-54896144 -140
468327047 -152
-908344471 -159
-349629571 -143
-820345051 -142
-592786957 -146
0 -130
-526018485 -146
-251470297 -158
303433748 -143
0 -115
-878022957 -145
90058891 -147
551071133 -142
704499968 -155
459454481 -147
ALIGNED 2147483647 -145
E2M1 -114 5 0 0 0 0 0 9 9 0 0 0 0 0 0 0 0 10 0 0 9 13 0 0 0 0 1 0 9 0 4 0 0
E2M0 -113 -114 1 3 0 0 0 0 0 5 5 0 0 0 0 0 0 0 0 6 0 0 5 7 0 0 0 0 1 0 5 0 3 0 0
COUNTERS 0 10 0 0 0 3 0 0
CASE 81
-150283987 37
776925676 28
800697558 37
85991385 31
0 64
-263907675 48
-404626871 41
-964622915 25
-242744032 28
-1013820929 28
-353765417 38
194134215 40
995775371 42
446639086 41
377640199 31
0 64
754428918 40
243634699 47
-516505771 41
-306593831 34
987805433 33
-46904267 35
0 73
77895311 49
343571368 27
-342665030 27
-569254636 32
-298295211 40
585314477 41
877820636 37
929985703 42
-169465118 28
ALIGNED 2147481061 44
E2M1 74 0 0 0 0 0 14 0 0 0 0 0 0 0 0 0 0 0 4 0 0 0 0 0 4 0 0 0 0 0 0 0 0
E2M0 75 75 0 0 0 0 0 0 7 0 0 0 0 0 0 0 0 0 0 0 2 0 0 0 0 0 2 0 0 0 0 0 0 0 0
COUNTERS 0 11 0 0 0 0 0 0
CASE 82
186273716 -138
809640969 -141
-178904017 -125
0 -107
0 -117
-919458681 -127
-958666232 -140
401812217 -131
0 -113
-374517907 -136
906330260 -145
-232509014 -135
-328916613 -133
329172165 -136
0 -117
0 -103
0 -112
-698088743 -136
1049971046 -140
-353689147 -128
885418647 -134
83617564 -144
273113599 -140
503982472 -143
-806478619 -141
0 -99
-239511632 -125
0 -109
171535824 -142
0 -106
566398144 -140
-1000972845 -146
ALIGNED -2146903920 -130
E2M1 -99 0 0 13 0 0 13 0 0 0 0 0 0 0 0 0 0 0 0 0 9 0 0 0 0 0 0 14 0 0 0 0 0
E2M0 -98 -98 0 0 0 6 0 0 7 0 0 0 0 0 0 0 0 0 0 0 0 0 5 0 0 0 0 0 0 7 0 0 0 0 0
COUNTERS 0 5 0 0 0 0 0 0
CASE 83
903015454 56
-37551440 78
241721847 55
510559887 56
-848770955 74
172965618 73
-184397349 76
24892662 75
556124179 57
0 82
48769536 58
-723301110 73
542064327 68
-383721409 74
263615465 57
-487641703 69
-82773230 58
-832144857 74
0 88
0 92
175217830 62
-277228895 67
0 98
797473602 62
-860390100 69
1058040502 54
923366254 64
-946143371 62
0 93
-41748375 58
0 100
-326222812 71
ALIGNED -2147483648 73
E2M1 102 0 12 0 0 13 1 13 0 0 0 0 11 0 11 0 0 0 13 0 0 0 0 0 0 0 0 0 0 0 0 0 0
E2M0 103 103 0 0 6 0 0 7 0 6 0 0 0 0 5 0 5 0 0 0 7 0 0 0 0 0 0 0 0 0 0 0 0 0 0
COUNTERS 0 10 0 0 0 0 0 0
CASE 84
511787534 -111
1050749456 -104
101523250 -97
825788967 -113
0 -72
-615673227 -105
-922931155 -106
591653058 -100
-942676842 -113
-1051210206 -108
-456091569 -112
-938261349 -104
-260418755 -104
411884573 -105
-369653104 -98
-1009367912 -103
1019742323 -103
-37491655 -100
450330744 -93
-145078350 -102
995701184 -111
0 -64
-774803807 -105
-201074010 -98
-832795706 -96
188346709 -100
-351699393 -112
-166740107 -94
237186780 -95
-726313103 -95
-973782072 -107
0 -75
ALIGNED -2147483648 -98
E2M1 -66 0 0 0 0 0 0 0 0 0 0 0 0 0 0 0 0 0 0 5 0 0 0 0 0 10 0 0 9 1 11 0 0
E2M0 -65 -65 0 0 0 0 0 0 0 0 0 0 0 0 0 0 0 0 0 0 0 3 0 0 0 0 0 5 0 0 5 0 5 0 0
COUNTERS 0 4 0 0 0 0 0 0
CASE 85
-614640079 -114
-756989489 -109
-262213149 -91
992615809 -107
734727960 -107
1035216045 -99
663298498 -107
239373541 -110
-521220547 -110
396017764 -110
-229600301 -111
249313851 -105
-37955696 -101
578255770 -96
0 -66
0 -70
-123594837 -105
706430894 -97
428740990 -92
630459592 -94
-1029392857 -93
434719894 -105
-2428586 -96
967387903 -105
1016627328 -111
-61635595 -102
-520950712 -109
-263294471 -108
0 -73
1024165883 -112
237144601 -97
846763454 -113
ALIGNED -2028059736 -96
E2M1 -65 0 0 14 0 0 0 0 0 0 0 0 0 0 1 0 0 0 0 5 2 14 0 0 0 0 0 0 0 0 0 0 0
E2M0 -64 -64 0 0 0 7 0 0 0 0 0 0 0 0 0 0 0 0 0 0 0 3 1 7 0 0 0 0 0 0 0 0 0 0 0
COUNTERS 0 5 0 0 0 0 0 0
CASE 86
-969194813 7
146269168 11
-384625208 8
4018330 18
-13589631 26
258751047 13
-380399401 3
-903364999 5
1039298533 14
-202754504 22
-742537228 12
-119250448 22
410979067 6
-989763142 21
0 36
-722566668 9
0 40
179874063 12
493629081 22
-965800059 15
343157326 13
570049044 2
-95464868 7
-534477687 19
510352106 24
-1027925732 9
-613489913 12
-236598463 6
185290696 19
347408293 21
-691016604 22
0 37
ALIGNED 765450439 21
E2M1 51 0 0 0 0 9 0 0 0 0 9 0 0 0 10 0 0 0 0 2 0 0 0 0 0 6 0 0 0 0 1 11 0
E2M0 52 52 0 0 0 0 0 0 0 0 0 0 0 0 0 0 5 0 0 0 0 1 0 0 0 0 0 3 0 0 0 0 0 5 0
COUNTERS 0 3 0 0 0 0 0 0
CASE 87
-872789932 40
607415144 27
0 61
104139027 28
612425601 27
736523833 28
-424145489 45
0 56
-655028745 28
568545754 42
0 73
589171131 36
-142599870 38
573916611 29
-529492036 44
880004157 29
641949013 26
0 57
-458838726 26
891110282 33
0 54
896527484 37
-809057910 30
550288142 38
852709655 36
-882855790 28
775019256 25
-185291527 37
-114713278 39
-737412575 31
-927743477 33
872165589 38
ALIGNED -1709295581 40
E2M1 72 0 0 0 0 0 0 13 0 0 1 0 0 0 0 12 0 0 0 0 0 0 0 0 0 0 0 0 0 0 0 0 0
E2M0 73 73 0 0 0 0 0 0 0 7 0 0 1 0 0 0 0 6 0 0 0 0 0 0 0 0 0 0 0 0 0 0 0 0 0
COUNTERS 0 3 0 0 0 0 0 0
CASE 88
984346914 -11
-458313864 -14
170241225 -15
47423767 -15
0 24
322944118 -19
-812900538 -12
67362310 -12
751572317 -10
0 14
-641072463 -1
-375470430 -11
599718766 -3
16558518 3
1028924667 -6
944437861 -8
0 23
684563515 -18
69264535 2
0 8
535514358 -1
-528290852 -9
-314632755 -10
-310362231 -4
-294006585 -21
161744863 1
-866099564 -12
-301157397 -18
0 24
127829456 -10
396021023 -1
386975652 -4
ALIGNED 2147483647 -2
E2M1 26 0 0 0 0 0 0 0 0 0 0 14 0 2 4 0 0 0 0 6 0 6 0 0 9 0 6 0 0 0 0 5 1
E2M0 28 27 1 0 0 0 0 0 0 0 0 0 0 7 0 1 2 0 0 0 0 3 0 3 0 0 0 0 3 0 0 0 0 2 0
COUNTERS 0 3 0 0 0 3 0 0
CASE 89
530888283 13
871494197 -2
-710230039 4
468946892 5
795841350 -3
-910542447 4
-55909096 6
-967464622 -6
26685717 17
0 25
486858421 -2
-967486827 -4
-235466733 8
48377686 15
-506388077 9
-697741084 9
-704353142 8
742801657 2
-107722305 3
135686867 11
508566488 14
-695177712 5
-686370583 2
-118146073 4
-184493938 4
358651659 -2
647990215 5
-81970144 5
943590526 -5
961097278 4
653636967 7
-155401382 3
ALIGNED 2147180129 12
E2M1 41 4 0 0 0 0 0 0 0 3 0 0 0 0 1 0 0 0 0 0 0 6 0 0 0 0 0 0 0 0 0 0 0
E2M0 42 42 0 2 0 0 0 0 0 0 0 2 0 0 0 0 1 0 0 0 0 0 0 3 0 0 0 0 0 0 0 0 0 0 0
COUNTERS 0 4 0 0 0 0 0 0
CASE 90
653231678 -134
-358784639 -127
932764660 -136
367079725 -129
86774689 -121
-704428508 -136
0 -107
100999141 -130
691541695 -131
933067599 -137
240606968 -127
56876627 -137
839138891 -137
230406011 -126
911897132 -135
535719179 -142
1020200516 -142
0 -110
-1041818847 -131
942268872 -140
0 -106
776226467 -126
847134771 -138
-351068855 -136
685533007 -129
358389472 -129
758276373 -134
-622365547 -137
-357321381 -127
575880836 -130
0 -114
0 -99
ALIGNED 2004511620 -126
E2M1 -97 0 9 0 0 7 0 0 0 0 0 0 0 0 1 0 0 0 0 0 0 0 3 0 0 0 0 0 0 9 0 0 0
E2M0 -95 -96 1 0 0 0 0 3 0 0 0 0 0 0 0 0 0 0 0 0 0 0 0 0 1 0 0 0 0 0 0 0 0 0 0
COUNTERS 0 16 0 0 0 1 0 0
CASE 91
-936205782 37
-481427006 51
-566486194 47
-511279525 38
0 77
198675396 41
913467357 45
520270594 47
0 84
890893745 53
-439934729 57
-393904626 55
0 79
390413328 56
94931415 57
150203625 55
-303903466 46
-719082001 48
-814725120 46
-279244538 50
912971845 44
0 68
782880731 49
-896790128 36
-413029651 47
-828101395 40
624021186 52
89974454 41
64539104 51
186494508 48
-652365053 49
421058044 43
ALIGNED 2066760394 52
E2M1 84 0 0 0 0 0 0 0 0 0 1 13 9 0 3 1 1 0 0 0 0 0 0 0 0 0 0 0 0 0 0 0 0
E2M0 85 85 0 0 0 0 0 0 0 0 0 0 0 7 5 0 1 1 0 0 0 0 0 0 0 0 0 0 0 0 0 0 0 0 0
COUNTERS 0 9 0 0 0 0 0 0
CASE 92
-322624250 -5
0 42
537257158 5
1010005914 5
294435104 6
239195022 -1
-830405541 1
-599546560 9
-917893527 0
-706639089 4
-946204510 13
909242762 12
-427413433 12
-394614510 15
0 33
-209362931 3
1038148172 0
820105331 4
0 44
490518627 11
-828312361 13
0 42
-243607155 16
0 26
-1033692828 14
174405192 14
659836421 4
217671569 17
-40799305 8
206166868 0
21744183 20
444094425 1
ALIGNED -105000036 15
E2M1 43 0 0 0 0 0 0 0 0 0 0 10 1 0 11 0 0 0 0 0 0 10 0 12 0 12 1 0 5 0 0 5 0
E2M0 44 44 0 0 0 0 0 0 0 0 0 0 0 5 0 0 5 0 0 0 0 0 0 5 0 6 0 6 0 0 3 0 0 2 0
COUNTERS 0 0 0 0 0 0 0 0
CASE 93
-335557627 -13
53238107 -16
-1059234009 -32
0 18
-981046328 -19
955855608 -15
-827684295 -22
-901641640 -22
-804747585 -30
0 -2
-610090776 -13
-705730593 -11
925798752 -21
762975219 -14
247701854 -11
-538896788 -18
419999566 -11
-13092793 -10
-1061789268 -22
-436990106 -29
240667127 -18
799294509 -19
0 0
-958490729 -18
364582332 -23
444088756 -29
106776523 -25
-371185005 -10
537711495 -26
502063704 -19
363805779 -25
-349800092 -15
ALIGNED -2147483648 -15
E2M1 16 9 0 0 0 0 1 0 0 0 0 10 15 0 1 4 0 5 0 0 0 0 0 0 0 0 0 0 15 0 0 0 0
E2M0 18 17 1 5 0 0 0 0 0 0 0 0 0 5 7 0 1 2 0 3 0 0 0 0 0 0 0 0 0 0 7 0 0 0 0
COUNTERS 0 6 0 0 0 2 0 0
CASE 94
646946949 -140
160240159 -139
749057086 -122
856031982 -142
84023569 -130
0 -102
675906635 -126
357757854 -121
877516441 -131
390563610 -123
1058613831 -128
-674175610 -124
-106025109 -136
-710104489 -124
213861341 -140
630460303 -140
136860933 -123
-228394565 -138
482845197 -131
-3787072 -117
-452208296 -131
-495848181 -128
-495252904 -136
-685128608 -121
-260193794 -131
0 -105
-205766380 -131
451584095 -124
303250732 -123
354667906 -140
-632703140 -123
-296357601 -138
ALIGNED -108865030 -122
E2M1 -94 0 0 5 0 0 0 0 5 0 1 0 9 0 9 0 0 1 0 0 9 0 0 0 15 0 0 0 1 1 0 10 0
E2M0 -92 -93 1 0 0 2 0 0 0 0 2 0 1 0 5 0 5 0 0 0 0 0 0 0 0 0 7 0 0 0 0 1 0 5 0
COUNTERS 0 0 0 0 0 1 0 0
CASE 95
-765949432 -27
435538939 -12
353471374 -21
-300834606 -9
407257836 -8
93072737 -6
-175353384 -13
133584335 -22
703080321 -29
-1029750749 -13
538856335 -17
71639663 -16
441121270 -27
-998447161 -27
84628773 -20
1072953102 -25
995281818 -23
-665709672 -30
-96198991 -17
-595862066 -19
0 15
-281147913 -22
682375165 -15
-1012318640 -22
0 2
-637898735 -21
-27543122 -15
-1004922935 -11
-372397194 -10
-869060550 -28
513053789 -27
1005388334 -20
ALIGNED 145487196 -11
E2M1 19 0 0 0 10 5 5 0 0 0 0 0 0 0 0 0 0 0 0 0 0 0 0 0 0 0 0 0 10 9 0 0 0
E2M0 20 20 0 0 0 0 5 3 2 0 0 0 0 0 0 0 0 0 0 0 0 0 0 0 0 0 0 0 0 0 5 5 0 0 0
COUNTERS 0 2 0 0 0 0 0 0
CASE 96
680059994 57
-1030642332 67
518323820 61
-230499357 69
-996436646 72
0 89
-245398783 73
-753832338 64
581945681 70
410310078 72
-1046604889 58
174857099 59
888523899 74
918865845 66
-849385516 53
-80113556 67
-119504901 63
0 101
-856844358 67
1009873046 54
0 98
1 -158
308856610 58
965788073 60
-573773936 57
-802164392 71
-42458929 78
-710139566 59
831377834 57
705065914 63
-422974076 69
-741079801 67
ALIGNED -324580276 73
E2M1 102 0 0 0 0 10 0 9 0 0 1 0 0 5 0 0 0 0 0 0 0 0 0 0 0 0 9 13 0 0 0 0 0
E2M0 103 103 0 0 0 0 0 5 0 0 0 0 0 0 0 3 0 0 0 0 0 0 0 0 0 0 0 0 0 6 0 0 0 0 0
COUNTERS 0 0 0 1 0 0 0 0
CASE 97
-20812310 -56
1065590059 -51
650648671 -60
0 -24
257941496 -46
-526992721 -48
440312908 -52
-944589296 -41
-900716444 -49
131575321 -47
-363356812 -55
0 -14
151662194 -43
-901435109 -47
-680159649 -43
859088819 -41
-401912547 -42
409582518 -49
541016850 -51
138777190 -38
0 -14
-855834331 -56
-205357688 -41
1046068932 -48
0 -31
-396999027 -59
829374096 -57
1057768006 -57
693172671 -51
405037094 -52
0 -15
931078347 -47
ALIGNED 1420438392 -43
E2M1 -13 0 0 0 0 0 0 0 14 0 0 0 0 0 0 9 5 9 0 0 6 0 0 10 0 0 0 0 0 0 0 0 0
E2M0 -11 -12 1 0 0 0 0 0 0 0 7 0 0 0 0 0 0 5 3 5 0 0 3 0 0 5 0 0 0 0 0 0 0 0 0
COUNTERS 0 4 0 0 0 1 0 0
CASE 98
139371003 -13
-1006290584 -15
-992357503 -22
-1057447774 -19
-911338838 -32
-487099686 -27
925141939 -25
69889432 -25
-155052470 -12
-270886478 -24
-339555859 -31
-368016426 -31
-817123230 -32
675787796 -30
-326211670 -17
-613273768 -24
-116728044 -16
98639666 -24
872614921 -28
871727597 -30
0 8
-1043411772 -19
-705925877 -27
0 10
0 11
-893357317 -29
453133089 -17
-685312372 -29
-339515588 -31
0 10
-575196867 -30
-740219650 -24
ALIGNED -1700391774 -17
E2M1 13 4 14 0 0 0 0 0 0 14 0 0 0 0 0 9 0 0 0 0 0 0 0 0 0 0 0 1 0 0 0 0 0
E2M0 15 15 0 1 6 0 0 0 0 0 0 6 0 0 0 0 0 0 0 0 0 0 0 0 0 0 0 0 0 0 0 0 0 0 0
COUNTERS 0 15 0 0 0 0 0 0
CASE 99
59712229 -74
-245052026 -64
673384515 -65
998656388 -60
-1027887984 -61
355731708 -58
0 -31
433009125 -74
150301544 -72
0 -44
392135437 -71
716589490 -64
-1006301560 -58
-926784794 -68
654776610 -57
0 -41
-10906757 -66
-242090417 -73
-615692767 -66
-276346129 -74
1049878384 -57
182386311 -71
335077554 -63
-85879 -62
-975876805 -70
0 -33
0 -42
0 -36
188268064 -56
-75531328 -68
263707314 -71
961177863 -63
ALIGNED 2147483647 -61
E2M1 -29 0 0 0 1 0 1 0 0 0 0 0 0 12 0 4 0 0 0 0 0 6 0 0 0 0 0 0 0 3 0 0 0
E2M0 -28 -28 0 0 0 0 0 0 1 0 0 0 0 0 0 6 0 2 0 0 0 0 0 3 0 0 0 0 0 0 0 1 0 0 0
COUNTERS 0 13 0 0 0 0 0 0
CASE 100
-697991635 -15
-664607488 -15
0 33
155419291 3
281170513 0
-768559979 -12
709097512 -2
573754011 4
143157939 1
254700377 -5
704915857 -12
-1063291493 -2
800133968 -12
0 22
884068403 -6
510391828 -14
302758382 5
880041639 3
467011943 -1
-818790658 5
909020479 -1
-379873404 -1
-1050000260 3
1054964434 -14
-813925990 -10
1030492199 -6
926236592 3
105791964 -7
990321838 6
706490571 -3
0 18
-97312502 5
ALIGNED 590483615 1
E2M1 34 0 0 0 0 0 0 0 1 0 0 0 0 0 0 0 0 1 1 0 11 0 0 9 0 0 0 1 0 6 0 0 0
E2M0 35 35 0 0 0 0 0 0 0 0 1 0 0 0 0 0 0 0 0 1 0 0 6 0 0 0 0 0 0 0 0 3 0 0 0
COUNTERS 0 12 0 0 0 0 0 0
CASE 101
-31596940 -42
0 -10
-845151585 -46
0 -15
921750871 -32
53972914 -45
1036260428 -44
104755387 -34
-334544131 -30
540547342 -38
-128245848 -38
-43209095 -30
-464656534 -31
72561932 -33
-307977315 -44
416214755 -36
558979560 -45
-291568163 -46
-710001132 -48
-126278925 -32
69189678 -42
-312944584 -33
-396848169 -46
721629974 -38
-1035010677 -38
837758427 -40
-741869723 -35
1022519817 -48
1016895997 -35
1013692797 -47
269610296 -44
772315253 -30
ALIGNED 2147483647 -35
E2M1 -3 0 0 0 0 3 0 0 0 12 0 0 9 11 0 0 0 0 0 0 0 0 9 0 0 0 0 0 0 0 0 0 7
E2M0 -1 -1 0 0 0 0 0 1 0 0 0 5 0 0 0 5 0 0 0 0 0 0 0 0 0 0 0 0 0 0 0 0 0 0 2
COUNTERS 0 13 0 0 0 0 0 0
CASE 102
0 16
-619015744 -23
-1051743117 -21
679000240 -3
-630153059 -15
124873046 -17
747665736 -2
0 23
-701664838 -5
-221645362 -5
702962269 -15
426445989 -7
-325726908 -4
-58810975 2
682155133 -15
827817227 -13
0 18
-33035683 -9
808471882 -2
-168319676 -14
548784980 -8
690189093 -6
-670631876 -14
-441320449 -9
643713878 -4
448748694 -3
390542127 -14
850234500 -8
-477113233 -11
-933188931 -9
245425675 -13
780421005 -15
ALIGNED 2131469052 -3
E2M1 26 0 0 0 3 0 0 5 0 9 0 0 0 9 14 0 0 0 0 5 0 0 0 0 0 1 2 0 0 0 0 0 0
E2M0 27 27 0 0 0 0 1 0 0 2 0 0 0 0 0 0 7 0 0 0 0 3 0 0 0 0 0 1 1 0 0 0 0 0 0
COUNTERS 0 4 0 0 0 0 0 0
CASE 103
-971829500 -99
-604828296 -90
-739888913 -93
705870618 -97
-889754172 -90
-395152827 -96
-614466774 -98
-270839893 -100
96567823 -93
365850756 -96
-426914372 -89
770132234 -98
-259584565 -90
-706459149 -98
-678683378 -85
-460153077 -94
-623122592 -94
-106070169 -87
638189395 -87
-486692067 -89
508106602 -83
-619314775 -85
-15372285 -88
-64450295 -93
949150683 -88
964039157 -94
0 -64
1058823883 -99
418789232 -97
663032970 -85
0 -67
808454258 -101
ALIGNED 2147483647 -88
E2M1 -56 0 0 0 0 0 0 0 0 0 0 0 0 0 0 11 0 0 0 1 0 6 10 0 0 0 0 0 0 0 2 0 0
E2M0 -55 -55 0 0 0 0 0 0 0 0 0 0 0 0 0 0 0 5 0 0 0 0 0 3 5 0 0 0 0 0 0 0 1 0 0
COUNTERS 0 10 0 0 0 0 0 0
CASE 104
291050311 73
-244750528 67
515370928 59
801119766 60
530176353 64
-1052021099 64
718606805 63
0 94
-151462165 75
-305774293 62
141691448 72
739588635 79
-209037181 71
-631272259 73
-485917752 72
-828139257 60
-778482514 59
159257332 60
-459956256 68
0 101
-711901419 58
363218691 62
823542444 67
855776524 65
963398738 78
-552800467 69
907024215 77
978966642 71
1030552739 65
94097951 71
581507913 70
-198728195 73
ALIGNED 2048119549 74
E2M1 106 0 0 0 0 0 0 0 0 0 0 0 7 0 0 0 0 0 0 0 0 0 0 0 0 6 0 3 0 0 0 0 0
E2M0 108 108 0 0 0 0 0 0 0 0 0 0 0 0 2 0 0 0 0 0 0 0 0 0 0 0 0 2 0 1 0 0 0 0 0
COUNTERS 0 7 0 0 0 0 0 0
CASE 105
-668401380 -65
-1010945166 -67
-919120493 -54
729294479 -58
977465483 -66
-975361360 -68
-739278285 -58
831247005 -69
-901959671 -61
-453999503 -54
-467289942 -58
-16464693 -50
-398043714 -63
142368994 -66
945766720 -49
650930391 -67
-509341598 -52
-560753409 -50
375618054 -67
-157175849 -53
-161871126 -62
359113056 -58
-670715171 -50
420189152 -63
161990152 -56
1066203943 -55
33464697 -48
-597231875 -67
-153898483 -58
-494926412 -65
-374211947 -55
433845841 -57
ALIGNED -860807482 -53
E2M1 -21 0 0 0 0 0 0 0 0 0 0 0 0 0 0 6 0 0 10 0 0 0 0 10 0 0 0 0 0 0 0 0 0
E2M0 -20 -20 0 0 0 0 0 0 0 0 0 0 0 0 0 0 0 3 0 0 5 0 0 0 0 5 0 0 0 0 0 0 0 0 0
COUNTERS 0 6 0 0 0 0 0 0
CASE 106
-973871805 -137
597222867 -134
788833917 -146
-319681407 -138
-221481515 -138
0 -102
-408250944 -148
-520690677 -142
651135225 -132
-461562744 -140
-248909045 -132
-453363281 -130
-619078629 -146
-257701299 -142
0 -105
5108390 -127
764236092 -136
-100391787 -143
1018841332 -133
-888379465 -133
328534764 -140
96058852 -129
-354302630 -141
-273972616 -145
-138285294 -150
0 -107
241160394 -145
872306282 -133
-781519146 -146
-165622818 -131
-40262410 -130
-261689175 -136
ALIGNED -330442019 -132
E2M1 -103 0 1 0 0 0 0 0 0 2 0 9 13 0 0 0 1 0 0 2 10 0 3 0 0 0 0 0 2 0 9 9 0
E2M0 -102 -102 0 0 0 0 0 0 0 0 0 1 0 0 7 0 0 0 0 0 0 1 5 0 1 0 0 0 0 0 1 0 5 0 0
COUNTERS 0 0 0 0 0 0 0 0
CASE 107
-589482778 -17
979029755 -17
-91966389 -18
912141664 -24
-1009171068 -10
148411615 -26
0 11
-602474391 -25
187567960 -7
-488245679 -18
-345677077 -26
-760876185 -14
154620871 -7
-409498822 -27
0 21
248517109 -9
-587422265 -12
814806048 -26
616768295 -25
849879542 -15
-89154186 -17
-3972594 -2
-885272649 -23
-1047757865 -15
-897806229 -24
0 7
-860581677 -9
560108449 -18
-16559544 -10
-60492927 -18
644128220 -14
-269043000 -6
ALIGNED -624053206 -7
E2M1 20 0 0 0 0 10 0 0 0 3 0 0 0 2 0 0 1 0 0 0 0 0 10 0 0 0 0 11 0 0 0 0 14
E2M0 22 21 1 0 0 0 0 5 0 0 0 1 0 0 0 1 0 0 0 0 0 0 0 0 5 0 0 0 0 6 0 0 0 0 7
COUNTERS 0 0 0 0 0 1 0 0
CASE 108
-12267129 53
803101748 34
1067950757 50
-672595341 45
728432264 35
900236415 40
929309418 54
876749388 52
-179240245 45
-615236778 54
-119325110 47
-748046797 55
33184483 57
595645311 51
174717425 56
-919947820 42
959945726 41
915772098 55
-59101873 49
803761557 50
1000267997 45
633033090 46
-907788516 50
0 81
165247238 46
193991677 49
-702982355 53
681467240 34
0 69
648837079 45
234242847 55
0 80
ALIGNED 2147483647 52
E2M1 83 0 0 0 0 0 0 3 1 0 10 0 13 1 0 3 0 0 5 0 0 0 0 0 0 0 0 9 0 0 0 2 0
E2M0 84 84 0 0 0 0 0 0 0 2 0 0 5 0 6 0 0 1 0 0 3 0 0 0 0 0 0 0 0 5 0 0 0 1 0
COUNTERS 0 8 0 0 0 0 0 0
CASE 109
780264307 -148
278848212 -139
-917711812 -144
-426488204 -135
-794903018 -139
432652159 -146
-776084477 -155
0 -117
600908325 -153
713185285 -150
-377308992 -141
49519962 -149
-859191738 -138
44300114 -138
-319436245 -140
560925698 -141
0 -113
409198788 -152
61254157 -140
-485392289 -135
15655857 -135
-75400706 -137
169493366 -147
748560149 -146
-660567324 -142
542860856 -134
228419415 -147
-958958261 -136
-252853183 -146
-486509130 -139
49109422 -146
-501467701 -142
ALIGNED -2147483648 -139
E2M1 -107 0 0 0 11 0 0 0 0 0 0 0 0 9 0 0 0 0 0 0 12 0 0 0 0 0 6 0 12 0 0 0 0
E2M0 -105 -105 0 0 0 0 5 0 0 0 0 0 0 0 0 0 0 0 0 0 0 0 5 0 0 0 0 0 2 0 5 0 0 0 0
COUNTERS 0 14 0 0 0 0 0 0
CASE 110
-465785022 44
1009896471 47
270642697 63
-340812059 54
205345054 53
-827892951 54
765322287 47
-690968868 42
-215576002 64
-1026919460 57
446657066 50
900341986 46
0 88
-100790374 65
763289893 62
0 89
0 71
1021710327 50
-912392958 58
0 77
-391867826 43
-493544514 44
564979554 61
0 78
-821382574 55
583739327 55
-546684204 61
590519384 60
769642132 49
-727260619 48
-731029202 55
-972814982 43
ALIGNED 1275594823 60
E2M1 90 0 0 4 0 0 0 0 0 13 0 0 0 0 13 5 0 0 0 0 0 0 0 2 0 0 0 10 1 0 0 0 0
E2M0 91 91 0 0 0 2 0 0 0 0 0 7 0 0 0 0 7 2 0 0 0 0 0 0 0 1 0 0 0 5 1 0 0 0 0
COUNTERS 0 2 0 0 0 0 0 0
CASE 111
413382758 15
-361461641 13
-472054781 8
754292015 13
-188758652 2
-1003002348 1
95863107 5
537820105 -1
801854677 -4
0 27
604022062 12
824913402 -1
-297989926 -3
-339963546 2
482366212 4
-769666836 -4
529152167 -3
-798129860 2
-67214311 0
264530142 14
0 40
-518891662 9
0 27
-749421543 16
-365063112 12
171265848 11
-693541912 3
-1041709440 13
794612355 17
547459114 11
324337851 18
909196752 12
ALIGNED 2147483647 13
E2M1 44 2 0 0 1 0 0 0 0 0 0 0 0 0 0 0 0 0 0 0 0 0 0 0 13 0 0 0 9 7 0 6 0
E2M0 46 45 1 1 0 0 0 0 0 0 0 0 0 0 0 0 0 0 0 0 0 0 0 0 0 0 6 0 0 0 0 3 0 3 0
COUNTERS 0 12 0 0 0 2 0 0
CASE 112
170209066 -133
-909522399 -143
608684317 -145
-331170558 -143
408966513 -147
-384043438 -138
-858175245 -144
550186301 -136
-230156969 -149
633452904 -139
-481946731 -136
-298761441 -155
1053688029 -140
1067202876 -143
966503446 -149
797527612 -143
1052310901 -140
0 -110
390876653 -150
519674232 -154
653815610 -149
-935763979 -155
708534674 -145
628102127 -143
49885041 -145
-528356976 -144
770089824 -151
48697246 -140
0 -118
0 -115
677797342 -151
-298249224 -136
ALIGNED -357993677 -138
E2M1 -108 7 0 0 0 0 9 0 4 0 1 12 0 0 0 0 0 0 0 0 0 0 0 0 0 0 0 0 0 0 0 0 10
E2M0 -106 -107 1 3 0 0 0 0 0 0 2 0 0 6 0 0 0 0 0 0 0 0 0 0 0 0 0 0 0 0 0 0 0 0 5
COUNTERS 0 3 0 0 0 1 0 0
CASE 113
-191453951 -129
1023511745 -126
346908725 -122
291209153 -115
863832001 -122
-889731899 -123
-715753518 -123
-205406852 -126
594275170 -126
0 -100
-949424246 -116
150289289 -129
-176007474 -122
883323954 -118
-750714529 -120
-77783154 -111
312780982 -115
0 -85
802333178 -126
-52380061 -117
0 -99
-595179758 -129
899330822 -130
1 -133
335462168 -129
532622782 -115
30119540 -120
-819080652 -115
0 -88
-168101626 -114
-324408069 -120
-731522247 -115
ALIGNED -2147483648 -116
E2M1 -87 0 0 0 2 0 0 0 0 0 0 12 0 0 1 0 14 2 0 0 0 0 0 0 0 0 4 0 13 0 11 0 13
E2M0 -85 -86 1 0 0 0 1 0 0 0 0 0 0 6 0 0 0 0 7 1 0 0 0 0 0 0 0 0 2 0 7 0 5 0 6
COUNTERS 0 4 0 1 0 1 0 0
CASE 114
737943098 -126
-178803045 -122
-645836276 -123
1025279589 -140
-388533835 -126
-16058648 -137
1022160969 -128
686083724 -127
-440336427 -126
-840484455 -138
0 -115
669787991 -133
793728620 -137
879460364 -123
-326372081 -137
448723947 -129
-723224774 -135
-541971053 -139
848673687 -127
180448870 -137
48501116 -122
-91053500 -140
0 -102
231531365 -137
827750428 -128
-113713885 -121
964372172 -134
-462287742 -139
0 -114
0 -95
-838724773 -129
576462708 -133
ALIGNED -1587987008 -126
E2M1 -95 1 11 12 0 0 0 0 0 0 0 0 0 0 5 0 0 0 0 0 0 1 0 0 0 0 11 0 0 0 0 0 0
E2M0 -94 -94 0 0 5 6 0 0 0 0 0 0 0 0 0 0 3 0 0 0 0 0 0 0 0 0 0 0 6 0 0 0 0 0 0
COUNTERS 0 10 0 0 0 0 0 0
CASE 115
-988889381 -62
-739860646 -77
625584631 -67
290367705 -61
-350129440 -61
436738091 -73
-1035236032 -78
0 -50
1039350891 -69
752023820 -58
-671493099 -63
-322275372 -75
-59835253 -74
877934278 -60
1016180851 -77
-68150620 -58
1013178961 -78
-98215713 -76
-425433749 -63
-57681373 -69
1052217409 -77
229905658 -76
302199846 -57
-747435810 -60
566958203 -65
802486135 -61
682013245 -61
0 -46
0 -29
444839262 -65
0 -48
-595728343 -62
ALIGNED 1551755304 -62
E2M1 -31 9 0 0 1 9 0 0 0 0 7 0 0 0 3 0 9 0 0 0 0 0 0 6 11 0 1 1 0 0 0 0 9
E2M0 -29 -30 1 0 0 0 0 0 0 0 0 0 3 0 0 0 2 0 5 0 0 0 0 0 0 3 5 0 1 1 0 0 0 0 0
COUNTERS 0 6 0 0 0 2 0 0
CASE 116
32623086 3
-181654825 10
-14197002 19
-315445086 15
-25074059 7
907569469 8
-880953782 13
-237239158 5
-389282373 9
-453290190 15
-818360643 13
996775403 -5
-861667556 -4
-1053621957 0
564082727 2
10667760 21
-200486153 6
749458082 3
0 45
845996935 5
-505517889 0
319308502 7
-957914303 0
-1063517737 11
984280879 13
0 45
-478421312 -3
-182684588 10
0 41
11238028 7
0 36
838323054 14
ALIGNED -74009259 16
E2M1 42 0 0 11 12 0 0 11 0 0 13 11 0 0 0 0 7 0 0 0 0 0 0 0 9 4 0 0 0 0 0 0 5
E2M0 44 44 0 0 0 5 5 0 0 5 0 0 6 5 0 0 0 0 2 0 0 0 0 0 0 0 0 1 0 0 0 0 0 0 2
COUNTERS 0 0 0 0 0 0 0 0
CASE 117
0 -2
860762813 -33
731147563 -20
-890122280 -32
-553578548 -31
630509191 -18
810410644 -37
0 -3
-639515293 -23
34861630 -20
-1036336912 -37
149722361 -20
0 9
-406210708 -22
0 2
0 -5
-922440615 -19
0 -2
-946468986 -21
0 11
54412061 -30
-411488405 -29
-892206841 -26
0 -3
1005976524 -31
-231977294 -22
-1044341761 -36
-634512605 -37
-623698174 -17
-1052668109 -19
567213078 -17
0 11
ALIGNED 2147483647 -22
E2M1 10 0 0 1 0 0 4 0 0 0 0 0 0 0 0 0 0 11 0 9 0 0 0 0 0 0 0 0 0 14 12 6 0
E2M0 12 11 1 0 0 1 0 0 2 0 0 0 0 0 0 0 0 0 0 6 0 0 0 0 0 0 0 0 0 0 0 7 6 3 0
COUNTERS 0 14 0 0 0 2 0 0
CASE 118
685054900 -65
-46501561 -63
-781039786 -69
663848180 -69
1038425833 -71
723240620 -83
296154856 -81
0 -55
884747977 -86
-430854616 -80
975114132 -81
-529651163 -73
-598345138 -68
-298611549 -83
-293483746 -67
-523397686 -70
-58417059 -78
280314799 -68
1059643773 -83
0 -53
92419223 -67
179998164 -81
-68688965 -62
96613684 -80
268870154 -69
-498743473 -84
1036635638 -69
827530337 -78
-894520874 -71
439408494 -83
0 -56
933132377 -66
ALIGNED 944419508 -67
E2M1 -38 7 11 9 1 0 0 0 0 0 0 0 0 9 0 9 0 0 1 0 0 0 0 14 0 0 0 1 0 0 0 0 5
E2M0 -36 -37 1 3 5 0 0 0 0 0 0 0 0 0 0 5 0 5 0 0 0 0 0 0 0 7 0 0 0 0 0 0 0 0 3
COUNTERS 0 1 0 0 0 2 0 0
CASE 119
624774226 49
411917189 64
-743598184 59
-146965858 53
-650893945 46
-202253497 65
-495498973 55
-261228123 45
-148427857 65
-775978768 53
-794308792 46
-236244845 45
-572913523 49
-424356811 63
-876934585 56
-988099234 57
-563174197 51
-966947338 45
-308029461 64
-248339250 52
1034001947 55
-32076453 63
-1071963854 49
934072454 52
-750284112 62
-435937313 64
-400192768 63
0 90
373088020 63
666471188 47
71277166 60
-589770519 59
ALIGNED 613693774 60
E2M1 91 0 5 0 0 0 13 0 0 12 0 0 0 0 11 0 0 0 0 12 0 0 0 0 0 11 13 11 0 3 0 0 0
E2M0 92 92 0 0 3 0 0 0 7 0 0 6 0 0 0 0 6 0 0 0 0 6 0 0 0 0 0 5 7 5 0 1 0 0 0
COUNTERS 0 21 0 0 0 0 0 0
CASE 120
773463642 71
860649115 53
0 89
0 91
-702724771 59
99195344 63
1027542771 56
-710325020 56
886426743 65
-452112176 58
42529172 61
-196752247 63
-525855098 74
436535212 74
0 82
647077455 68
0 89
114401901 72
755587380 56
-185048935 72
0 85
780936784 56
688390258 56
0 97
509478097 62
0 98
-212144999 60
-908989824 65
-805095867 61
-791274670 74
-358108124 66
0 82
ALIGNED -2147483648 69
E2M1 101 1 0 0 0 0 0 0 0 0 0 0 0 14 5 0 0 0 0 0 9 0 0 0 0 0 0 0 0 0 15 0 0
E2M0 103 102 1 1 0 0 0 0 0 0 0 0 0 0 0 7 3 0 0 0 0 0 0 0 0 0 0 0 0 0 0 0 7 0 0
COUNTERS 0 12 0 0 0 1 0 0
CASE 121
-765063572 53
-612152223 46
-585818046 52
44481839 47
101285397 49
-68795448 44
0 70
698997147 37
738505753 41
-677698894 44
-164641832 51
-819308889 50
819776845 49
445144353 42
0 71
454516781 48
60129299 59
-426774919 37
288519553 40
-205601753 40
516382487 43
144169197 43
-445038190 55
-1032262837 53
0 66
-242633616 44
-1055769303 55
150562429 50
-323857857 49
955722577 51
-212139198 43
-1053432424 54
ALIGNED -2147483648 54
E2M1 83 9 0 9 0 0 0 0 0 0 0 0 0 0 0 0 0 6 0 0 0 0 0 11 10 0 0 14 0 0 0 0 12
E2M0 84 84 0 5 0 0 0 0 0 0 0 0 0 0 0 0 0 0 0 3 0 0 0 0 0 6 5 0 0 7 0 0 0 0 6
COUNTERS 0 3 0 0 0 0 0 0
CASE 122
-842683696 -124
172246232 -135
759642726 -117
-5382184 -112
-994080039 -125
0 -109
439417935 -135
-539188938 -131
0 -97
0 -106
0 -94
0 -108
-504708505 -134
-377758022 -122
-327897957 -121
-302523208 -133
0 -101
-970314696 -121
0 -94
-985739512 -130
-326080305 -137
-63506146 -119
0 -103
-153082172 -121
779348896 -124
-287608764 -136
377383255 -119
738967411 -138
880614330 -136
-228675483 -126
-136909743 -124
819370840 -118
ALIGNED 967004304 -117
E2M1 -90 0 0 7 11 0 0 0 0 0 0 0 0 0 0 0 0 0 9 0 0 0 0 0 0 0 0 1 0 0 0 0 5
E2M0 -88 -89 1 0 0 3 5 0 0 0 0 0 0 0 0 0 0 0 0 0 0 0 0 0 0 0 0 0 0 1 0 0 0 0 3
COUNTERS 0 0 0 0 0 1 0 0
CASE 123
116515884 -8
-759969000 0
451464516 1
-873218789 3
0 36
915915272 -8
-651931586 -13
-818223583 -5
-730805066 1
-786164679 -10
-1015222556 -9
110227516 10
-129491139 10
244375965 -4
636956980 -13
-382542720 -5
-512374959 -12
-168373155 -1
0 33
102876930 9
283264671 -9
530428761 -10
1033344439 -6
219609261 6
606307074 6
705733927 -3
-580145518 -6
-464589089 3
-222177044 2
-12573780 9
-940430057 -9
-407710996 -2
ALIGNED 953771174 5
E2M1 35 0 0 0 0 0 0 0 0 0 0 0 5 14 0 0 0 0 0 0 3 0 0 0 1 2 0 0 0 0 0 0 0
E2M0 36 36 0 0 0 0 0 0 0 0 0 0 0 0 3 7 0 0 0 0 0 0 2 0 0 0 0 1 0 0 0 0 0 0 0
COUNTERS 0 1 0 0 0 0 0 0
CASE 124
954074440 -151
841466249 -158
316848635 -140
0 -126
-611504740 -150
192458295 -156
-566174589 -152
0 -109
-127028165 -146
-87775133 -144
502779240 -146
-895810366 -151
-340507171 -137
294818475 -139
-523125797 -138
-542919069 -150
8354360 -138
895884207 -147
0 -117
-641080755 -153
824726174 -159
-796675848 -141
-956822601 -145
-620824712 -159
-1045928999 -149
-945780801 -138
666916218 -156
-575150259 -146
-579188299 -145
22566741 -142
0 -119
-756936419 -149
ALIGNED -2130830473 -142
E2M1 -110 0 0 1 0 0 0 0 0 0 0 0 0 13 1 12 0 0 0 0 0 0 9 0 0 0 14 0 0 0 0 0 0
E2M0 -109 -109 0 0 0 0 0 0 0 0 0 0 0 0 0 6 1 6 0 0 0 0 0 0 0 0 0 0 7 0 0 0 0 0 0
COUNTERS 0 10 0 0 0 0 0 0
CASE 125
264992363 -41
503303972 -32
426394084 -28
-844140644 -41
-369576556 -41
986616693 -31
-121335253 -38
-634621444 -38
-1019324007 -28
-611251329 -24
688189948 -27
196571621 -25
234797605 -34
891727228 -42
135801008 -23
-771331251 -40
674397066 -36
377264159 -27
-177971921 -37
0 -12
-50596015 -28
-481365557 -35
-482732245 -33
-448883483 -37
148871175 -38
-250900122 -33
-936416622 -31
735509646 -34
-616321708 -24
-913087817 -45
315443814 -38
0 -6
ALIGNED -2147175597 -28
E2M1 3 0 0 0 0 0 0 0 0 9 14 1 1 0 0 4 0 0 1 0 0 0 0 0 0 0 0 0 0 14 0 0 0
E2M0 5 4 1 0 0 0 0 0 0 0 0 0 7 1 1 0 0 2 0 0 0 0 0 0 0 0 0 0 0 0 0 7 0 0 0
COUNTERS 0 6 0 0 0 2 0 0
CASE 126
1033903426 -100
265374577 -116
235217484 -99
-128151673 -96
151993358 -118
-916201040 -109
510638904 -115
-398788721 -102
-604342973 -105
879976741 -113
14917557 -101
1054761998 -120
-300510352 -110
122335433 -96
-287521058 -101
-297775169 -102
-890080449 -118
-840492806 -112
534396642 -101
869131511 -120
930316256 -103
398510298 -116
-934446463 -110
-157362903 -105
119023736 -97
0 -82
-323871789 -98
-567790181 -113
17802856 -103
953820129 -117
-65322974 -102
0 -88
ALIGNED -471825505 -101
E2M1 -71 4 0 2 14 0 0 0 0 0 0 0 0 0 6 9 0 0 0 1 0 0 0 0 0 4 0 12 0 0 0 0 0
E2M0 -70 -70 0 2 0 1 7 0 0 0 0 0 0 0 0 0 3 0 0 0 0 0 0 0 0 0 0 2 0 6 0 0 0 0 0
COUNTERS 0 4 0 0 0 0 0 0
CASE 127
-198622618 59
-528507244 68
258911377 65
31158070 67
209576798 62
-946573382 65
869075152 63
-384279467 72
-935377958 72
889534590 66
0 95
-77191772 56
406843917 71
-624365706 61
-615326231 56
113482773 68
-389143173 70
-798112040 54
-457418027 67
-50687465 59
-41355183 62
-902830520 72
-954096030 70
-60552516 68
-838364967 72
0 95
-479608000 70
-490910295 72
425026464 55
-515598722 57
989259940 69
0 91
ALIGNED 1809556112 67
E2M1 100 0 0 0 0 0 0 0 11 13 0 0 0 2 0 0 0 9 0 0 0 0 13 10 0 13 0 9 12 0 0 1 0
E2M0 101 101 0 0 0 0 0 0 0 0 5 7 0 0 0 1 0 0 0 0 0 0 0 0 7 5 0 7 0 0 6 0 0 0 0
COUNTERS 0 11 0 0 0 0 0 0
CASE 128
479754744 80
-519472778 76
-929636284 73
45949827 89
0 105
836846659 82
-377951143 73
0 104
59733125 83
-817518089 81
731628847 85
0 98
-995514667 69
223147349 87
289475388 70
315366046 85
207786121 71
-362902402 79
0 108
620438180 64
0 99
674963397 80
360938613 82
365367475 71
378881057 76
307513313 79
224242098 66
809034693 71
745134328 65
-235705928 82
689937777 82
-517074418 79
ALIGNED 2131325071 84
E2M1 113 0 0 0 5 0 1 0 0 0 0 5 0 0 5 0 2 0 0 0 0 0 0 0 0 0 0 0 0 0 0 1 0
E2M0 114 114 0 0 0 0 2 0 0 0 0 0 0 2 0 0 3 0 1 0 0 0 0 0 0 0 0 0 0 0 0 0 0 0 0
COUNTERS 0 14 0 0 0 0 0 0
CASE 129
0 107
185862632 79
992758039 76
350943298 85
-320985757 83
-1021866498 86
-82953840 79
644519353 68
-973418882 76
398260842 81
511582947 77
322790263 88
-350001176 71
399852051 82
990831184 67
636356712 86
-644763145 79
-1002377385 72
-701628070 72
-512468347 71
-522460447 88
0 107
-64475669 73
-574941191 73
105223104 87
-821626061 70
358753755 69
-44310545 80
791113217 84
-600266787 70
-938959165 66
-553562451 67
ALIGNED 1112606347 83
E2M1 115 0 0 0 1 0 12 0 0 0 0 0 4 0 0 0 2 0 0 0 0 14 0 0 0 1 0 0 0 1 0 0 0
E2M0 116 116 0 0 0 0 0 0 6 0 0 0 0 0 2 0 0 0 1 0 0 0 0 7 0 0 0 0 0 0 0 0 0 0 0
COUNTERS 0 10 0 0 0 0 0 0
CASE 130
445619038 74
-795012760 68
-699676011 76
0 104
-880336439 80
-709703534 82
-1022609725 87
328621580 73
609938068 84
0 116
-481046933 70
-101054682 80
-1 -184
0 100
-303670879 80
-1064102660 75
428646290 83
234762172 81
-120262633 71
-726471780 76
902287432 78
746591139 73
-346351049 84
635751197 85
-1033405578 76
171093964 71
0 99
-190837016 72
-748602422 83
-702908389 78
-514203957 78
310971350 77
ALIGNED 567677353 82
E2M1 115 0 0 0 0 0 0 14 0 1 0 0 0 0 0 0 0 0 0 0 0 0 0 0 1 0 0 0 0 0 0 0 0
E2M0 116 116 0 0 0 0 0 0 0 7 0 0 0 0 0 0 0 0 0 0 0 0 0 0 0 0 1 0 0 0 0 0 0 0 0
COUNTERS 0 2 0 1 0 0 0 0
CASE 131
195174994 -74
314521833 -90
-133261442 -72
141454035 -91
-960566791 -78
-178692719 -73
328639822 -89
-48727235 -75
-248586791 -82
-786902879 -87
-481671426 -79
-621239394 -78
1009108926 -78
-362902784 -77
-518006461 -75
0 -56
344985546 -72
-775668831 -83
997575277 -86
-1011091122 -93
813225993 -76
649893178 -75
0 -64
25569653 -71
0 -56
0 -59
-308376713 -84
0 -47
-211040402 -82
-63225646 -88
363161218 -87
-166002221 -88
ALIGNED 2143102905 -76
E2M1 -46 1 0 12 0 0 11 0 0 0 0 0 0 0 0 10 0 7 0 0 0 2 2 0 2 0 0 0 0 0 0 0 0
E2M0 -44 -45 1 1 0 6 0 0 5 0 0 0 0 0 0 0 0 5 0 3 0 0 0 1 1 0 1 0 0 0 0 0 0 0 0
COUNTERS 0 11 0 0 0 1 0 0
CASE 132
92237699 -99
-432497450 -110
-70776440 -111
-681010793 -108
1018222603 -120
533753944 -100
-254599179 -99
0 -70
-331029349 -100
732744065 -100
0 -75
-410434440 -103
-759584086 -113
777102724 -111
-396469078 -104
-1033373955 -113
200984832 -115
-432791144 -110
0 -91
177758838 -111
-853219935 -110
-248353866 -111
-985508989 -101
-76983285 -113
628011293 -120
758010391 -110
838613739 -103
101467050 -105
-221383073 -115
0 -87
-403628309 -116
910796285 -100
ALIGNED 2147483647 -104
E2M1 -72 1 0 0 0 0 4 12 0 10 5 0 0 0 0 0 0 0 0 0 0 0 0 12 0 0 0 1 0 0 0 0 5
E2M0 -71 -71 0 1 0 0 0 0 2 6 0 5 2 0 0 0 0 0 0 0 0 0 0 0 0 6 0 0 0 0 0 0 0 0 3
COUNTERS 0 8 0 0 0 0 0 0
CASE 133
553895979 51
0 86
908032990 48
801692448 45
-958234226 45
-1072614041 56
-489629897 56
-585316361 48
-1058438855 52
-37816371 60
728948350 52
0 70
-277618729 50
856982381 56
0 77
495326117 42
-219580576 64
-191010534 46
958133699 62
-516704631 54
982630835 58
724547348 52
-1043370029 45
927591326 43
99709745 47
-703705756 42
175736633 51
-38809519 52
399535068 48
-646538574 44
513291597 52
-444751778 46
ALIGNED 2147429356 59
E2M1 90 0 0 0 0 0 0 0 0 0 0 0 0 0 0 0 0 13 0 6 0 0 0 0 0 0 0 0 0 0 0 0 0
E2M0 91 91 0 0 0 0 0 0 0 0 0 0 0 0 0 0 0 0 0 7 0 3 0 0 0 0 0 0 0 0 0 0 0 0 0
COUNTERS 0 7 0 0 0 0 0 0
CASE 134
-789865586 -31
-1005816039 -34
104893980 -30
-942485301 -37
-222373074 -29
315791493 -45
-395352643 -39
443001343 -40
0 1
0 2
0 -17
-218902955 -26
391152766 -31
545729792 -32
-974568211 -26
-493546269 -36
0 -15
650795690 -36
-529894478 -36
989039786 -29
72625017 -41
-1039471811 -37
163177281 -38
137114185 -42
-892666215 -32
0 0
-823652056 -38
990797041 -34
435728921 -41
0 -4
1005139469 -32
469598541 -44
ALIGNED 1971758923 -31
E2M1 2 0 0 0 0 0 0 0 0 0 0 0 10 0 0 14 0 0 0 0 1 0 0 0 0 0 0 0 0 0 0 0 0
E2M0 3 3 0 0 0 0 0 0 0 0 0 0 0 0 5 0 0 7 0 0 0 0 0 0 0 0 0 0 0 0 0 0 0 0 0
COUNTERS 0 3 0 0 0 0 0 0
CASE 135
-378625729 66
805894587 64
-391598898 63
382674137 58
994685428 60
-722497759 58
-859086700 49
-847895018 65
-59865783 63
0 86
-115860816 51
975684726 50
-525261673 68
784731702 50
0 85
-652799184 51
595099190 52
871397751 48
947017995 49
-1067870818 48
140496563 62
606699016 50
1063835098 47
-9589375 72
-1023464112 56
511969134 54
-2052980 69
260666370 63
0 81
969236853 65
155987308 68
-786832296 47
ALIGNED -1112700870 67
E2M1 95 9 1 0 0 0 0 0 10 0 0 0 0 14 0 0 0 0 0 0 0 0 0 0 10 0 0 0 0 0 2 2 0
E2M0 96 96 0 5 0 0 0 0 0 0 5 0 0 0 0 7 0 0 0 0 0 0 0 0 0 0 5 0 0 0 0 0 1 1 0
COUNTERS 0 0 0 0 0 0 0 0
CASE 136
1015237188 -65
480267776 -59
378415940 -63
-640899118 -50
-105831837 -55
732755835 -51
-999994090 -60
726903966 -49
-209691237 -45
0 -36
758326639 -62
346387943 -62
97055894 -65
-819905950 -59
-826883666 -57
-715070592 -53
743580862 -52
-828757328 -53
137980199 -45
110886803 -62
714041766 -49
622251268 -66
-282037750 -52
289531125 -50
-828685092 -51
667982220 -67
-563048485 -55
111789600 -55
0 -32
964729342 -65
721864645 -51
522196175 -64
ALIGNED 2080037992 -50
E2M1 -19 0 0 0 9 0 0 0 1 13 0 0 0 0 0 0 0 0 0 4 0 1 0 0 0 0 0 0 0 0 0 0 0
E2M0 -18 -18 0 0 0 0 0 0 0 0 1 7 0 0 0 0 0 0 0 0 0 2 0 1 0 0 0 0 0 0 0 0 0 0 0
COUNTERS 0 9 0 0 0 0 0 0
CASE 137
-832745723 -147
-639365474 -157
0 -114
718331631 -149
-362891856 -149
-825513299 -153
-60529775 -140
1042854172 -148
0 -122
-170315233 -155
-250930629 -161
0 -132
-524380424 -152
0 -120
-297246306 -153
426563754 -149
-447603269 -147
-57692452 -146
1059812219 -145
-131140094 -149
1071879874 -154
-359779749 -149
-1000601602 -156
0 -126
-132458930 -155
277239849 -163
843861218 -163
-1056326523 -162
733765578 -147
965247102 -152
-1004496616 -143
880817595 -152
ALIGNED -2140602261 -145
E2M1 -115 0 0 0 0 0 0 12 0 0 0 0 0 0 0 0 0 0 0 2 0 0 0 0 0 0 0 0 0 0 0 14 0
E2M0 -114 -114 0 0 0 0 0 0 0 6 0 0 0 0 0 0 0 0 0 0 0 1 0 0 0 0 0 0 0 0 0 0 0 7 0
COUNTERS 0 1 0 0 0 0 0 0
CASE 138
60760764 33
825276327 33
-142484667 31
-571993180 42
-242711398 38
-642204337 34
0 52
294396715 24
40923721 41
-139610994 39
-753536621 26
786723594 32
0 64
-52813827 41
-658563566 24
0 65
159700363 27
0 63
0 57
-316704737 29
-786635145 27
0 52
879986020 24
-302228115 35
206659877 31
717509122 30
-551467394 27
881870743 22
-106565311 26
578697561 37
-846896411 34
692696163 23
ALIGNED -1666334921 37
E2M1 69 0 0 0 14 0 0 0 0 0 0 0 0 0 0 0 0 0 0 0 0 0 0 0 0 0 0 0 0 0 0 0 0
E2M0 71 71 0 0 0 0 6 0 0 0 0 0 0 0 0 0 0 0 0 0 0 0 0 0 0 0 0 0 0 0 0 0 0 0 0
COUNTERS 0 8 0 0 0 0 0 0
CASE 139
457094482 -41
561968021 -47
51545463 -31
-1053861452 -44
451088958 -38
-155018941 -45
-694142261 -38
539015783 -34
238275284 -52
948623977 -45
0 -12
-970004776 -55
-267015616 -48
988160603 -47
-579138201 -53
-333184152 -43
-526564236 -47
0 -18
-948451277 -53
0 -5
-130145405 -49
-1016830676 -46
596724162 -39
-861348004 -47
-521183763 -52
773253493 -38
-503666670 -49
0 -9
0 -17
931877492 -47
302448133 -39
-479995768 -51
ALIGNED 2147468999 -36
E2M1 -7 0 0 5 0 0 0 9 6 0 0 0 0 0 0 0 0 0 0 0 0 0 0 0 0 0 1 0 0 0 0 0 0
E2M0 -5 -5 0 0 0 2 0 0 0 0 2 0 0 0 0 0 0 0 0 0 0 0 0 0 0 0 0 0 0 0 0 0 0 0 0
COUNTERS 0 8 0 0 0 0 0 0
CASE 140
-770608963 -21
1029546691 -35
-604091324 -29
478480544 -35
248800032 -31
968802676 -20
873670559 -28
961203586 -23
-763107231 -27
385667963 -17
191417018 -27
-372166759 -28
578731080 -26
-401346866 -18
-198312011 -31
35435700 -32
659384087 -36
639071956 -29
967852670 -17
-141943686 -30
-801660394 -20
-999245705 -32
-126754441 -33
224768570 -25
-886130637 -29
0 1
80980047 -17
-183551525 -21
-784088693 -21
804928418 -30
-5395752 -23
-76048179 -14
ALIGNED -602374722 -19
E2M1 11 0 0 0 0 0 1 0 0 0 3 0 0 0 9 0 0 0 0 6 0 9 0 0 0 0 0 1 0 0 0 0 12
E2M0 12 12 0 0 0 0 0 0 0 0 0 0 1 0 0 0 5 0 0 0 0 3 0 0 0 0 0 0 0 0 0 0 0 0 6
COUNTERS 0 1 0 0 0 0 0 0
CASE 141
194348192 71
-210377469 61
-19922148 70
107209297 66
0 92
-142152684 63
987421092 65
-662080391 51
-938314452 67
-152795318 72
-771931757 65
-215371357 62
-337660969 68
-293289927 56
-823246128 61
-612027695 63
-414438713 57
59872520 74
-444148527 54
-82439536 60
720196008 67
-490889184 63
855750537 55
1039077288 52
395980912 51
-638146345 62
778670327 67
-314570920 68
906508071 51
-423961760 61
0 80
569035441 64
ALIGNED 1257715235 69
E2M1 98 3 0 0 0 0 0 0 0 9 12 0 0 9 0 0 0 0 6 0 0 1 0 0 0 0 0 1 9 0 0 0 0
E2M0 99 99 0 1 0 0 0 0 0 0 0 0 6 0 0 0 0 0 0 0 3 0 0 0 0 0 0 0 0 0 0 0 0 0 0
COUNTERS 0 0 0 0 0 0 0 0
CASE 142
1067177204 -61
595479112 -73
-934610322 -72
270968021 -72
748291840 -62
-467296590 -62
-138653017 -63
465054762 -63
1068933902 -65
-171031587 -70
-193154642 -67
-348194725 -69
-844892458 -62
-636774958 -77
342772999 -56
972383319 -58
-1060202817 -69
-206904102 -74
948411036 -60
1057870181 -77
-531697263 -63
90642974 -60
625427128 -70
36357725 -68
795566686 -78
-234957651 -55
0 -29
-474764304 -74
-999586013 -75
211699535 -76
0 -49
113134392 -70
ALIGNED -2147369935 -60
E2M1 -29 0 0 0 0 0 0 0 0 0 0 0 0 0 0 5 4 0 0 1 0 0 0 0 0 0 14 0 0 0 0 0 0
E2M0 -28 -28 0 0 0 0 0 0 0 0 0 0 0 0 0 0 0 2 2 0 0 0 0 0 0 0 0 0 7 0 0 0 0 0 0
COUNTERS 0 11 0 0 0 0 0 0
CASE 143
0 -39
80129848 -66
-650424669 -65
-880744880 -61
-65918639 -48
-53221486 -52
0 -29
-514791544 -48
716849586 -55
-809644618 -50
-728280675 -66
-7359989 -47
368017749 -55
-959834394 -53
-847637057 -53
-465650962 -50
280674554 -65
72540934 -53
616315953 -67
-75905786 -49
0 -34
-640188979 -65
575893925 -53
941890592 -61
353647166 -59
761426724 -63
963518324 -50
-553997529 -63
-39130187 -44
768025706 -65
-397969443 -49
-734376898 -66
ALIGNED -2147483648 -49
E2M1 -21 0 0 0 0 9 0 0 14 0 11 0 0 0 0 0 10 0 0 0 9 0 0 0 0 0 0 4 0 14 0 11 0
E2M0 -19 -20 1 0 0 0 0 0 0 0 7 0 6 0 0 0 0 0 5 0 0 0 0 0 0 0 0 0 0 2 0 7 0 5 0
COUNTERS 0 3 0 0 0 1 0 0
CASE 144
472078452 -136
133422710 -139
-619488909 -132
-920638606 -148
0 -123
0 -121
1061218511 -144
-656542554 -132
134547194 -145
0 -113
266022459 -138
296268124 -145
-6883723 -140
602606280 -143
0 -117
-832824239 -134
-206554485 -139
194549983 -144
778651568 -147
-529787417 -134
833956937 -141
-1063356087 -151
215465402 -140
634047693 -142
7619834 -133
-993731153 -139
0 -107
356651025 -140
750253274 -141
191881234 -143
146303886 -131
130889232 -129
ALIGNED 2147483647 -134
E2M1 -104 0 0 12 0 0 0 0 12 0 0 0 0 0 0 0 10 0 0 0 9 0 0 0 0 0 0 0 0 0 0 2 6
E2M0 -103 -103 0 0 0 6 0 0 0 0 6 0 0 0 0 0 0 0 5 0 0 0 0 0 0 0 0 0 0 0 0 0 0 1 3
COUNTERS 0 8 0 0 0 0 0 0
CASE 145
-860319672 31
793444051 29
0 67
-1014353443 29
-979475732 33
204195696 45
-496464539 35
-651799329 26
-221640178 44
-329762829 48
127424377 50
-69636870 36
0 66
0 66
843657792 27
461247401 32
604835396 31
382016678 29
-697635276 41
0 71
104207872 47
7832562 36
-754520550 43
1062973910 33
-597007362 30
660616045 30
0 75
317996859 46
938245177 38
-111067279 50
956622174 47
257127037 29
ALIGNED 2147483647 45
E2M1 75 0 0 0 0 0 0 0 0 0 12 6 0 0 0 0 0 0 0 0 0 1 0 0 0 0 0 0 1 0 13 6 0
E2M0 76 76 0 0 0 0 0 0 0 0 0 0 6 3 0 0 0 0 0 0 0 0 0 0 0 0 0 0 0 0 1 0 7 3 0
COUNTERS 0 7 0 0 0 0 0 0
CASE 146
365454332 63
-903159232 81
-136463493 67
-65914994 77
111899190 64
738628678 78
912502325 62
-1006803356 65
456549502 79
783479867 74
-443784081 62
-577512045 71
646163884 76
-422668790 83
614627386 75
0 111
448080794 63
2334980 84
0 91
766163792 72
-415790829 70
480430899 78
-762196622 81
-1008297168 71
-1020074416 67
-953484202 65
68771981 79
-199771953 76
-54595873 70
-886403622 76
0 91
810030703 72
ALIGNED -2141155283 79
E2M1 110 0 11 0 0 0 0 0 0 0 0 0 0 0 13 0 0 0 0 0 0 0 0 11 0 0 0 0 0 0 0 0 0
E2M0 111 111 0 0 6 0 0 0 0 0 0 0 0 0 0 0 7 0 0 0 0 0 0 0 0 5 0 0 0 0 0 0 0 0 0
COUNTERS 0 9 0 0 0 0 0 0
CASE 147
0 74
0 83
-366813339 56
78453029 49
544272275 42
-747687037 39
-206671538 52
-280740857 50
934494516 37
-1071986573 47
0 75
-364908728 38
-896123969 53
335891295 54
947585485 42
-466130204 40
-797992178 38
-1 -167
0 83
740103309 51
-404802179 41
428941750 48
-1064764094 48
620598809 49
-951490658 45
340722190 52
-473958672 43
-357230559 56
1057802854 50
-361926533 48
-335308296 55
-429888309 41
ALIGNED -2147483648 51
E2M1 82 0 0 15 0 0 0 0 0 0 0 0 0 11 3 0 0 0 0 0 1 0 0 0 0 0 1 0 15 0 0 12 0
E2M0 84 83 1 0 0 7 0 0 0 0 0 0 0 0 0 6 1 0 0 0 0 0 0 0 0 0 0 0 0 0 7 0 0 6 0
COUNTERS 0 9 0 1 0 2 0 0
CASE 148
438060940 16
627059974 7
-724526212 18
-130422133 24
-442697397 10
1028035808 9
842087324 2
953103287 2
371125177 12
-321265698 3
556826778 17
992709636 12
0 40
-200018333 12
-1071527698 9
-409196072 7
0 49
-445460272 4
0 47
718864046 5
-318112312 12
40156147 20
111790604 17
-361224377 21
253338511 15
368105834 17
255472266 7
-914902845 13
-235112801 12
0 33
-787176523 21
-88818700 11
ALIGNED -2147483648 19
E2M1 49 0 0 9 14 0 0 0 0 0 0 0 0 0 0 0 0 0 0 0 0 0 0 0 11 0 0 0 0 0 0 13 0
E2M0 50 50 0 0 0 0 7 0 0 0 0 0 0 0 0 0 0 0 0 0 0 0 0 0 0 0 5 0 0 0 0 0 0 6 0
COUNTERS 0 5 0 0 0 0 0 0
CASE 149
264568901 12
572164762 16
-1429416 28
-81921191 11
617059777 11
0 42
-421427132 7
-258905286 3
251378037 12
333634307 16
901730292 10
277070641 3
-850786323 6
362414013 23
0 41
225828454 6
836503218 2
1017074826 12
706238585 3
-412492146 22
989536460 21
-209119066 22
332649631 21
0 44
-958597052 8
307559202 14
-478005917 8
-188099492 18
443739890 16
0 45
-452231045 8
-167323253 4
ALIGNED 342600683 23
E2M1 49 0 0 9 0 0 0 0 0 0 0 0 0 0 7 0 0 0 0 0 13 6 11 2 0 0 0 0 0 0 0 0 0
E2M0 51 50 1 0 0 5 0 0 0 0 0 0 0 0 0 0 3 0 0 0 0 0 7 3 6 1 0 0 0 0 0 0 0 0 0
COUNTERS 0 0 0 0 0 1 0 0
CASE 150
0 -86
-250368571 -103
919702759 -113
-489579861 -125
996224249 -107
-819729703 -124
48346440 -122
162605056 -117
86276328 -119
-373277006 -120
-724999866 -125
0 -91
664017245 -119
499167382 -110
-122898215 -118
842095844 -122
-663819123 -105
845971484 -123
838832181 -117
0 -91
0 -91
1028199793 -115
267691761 -115
-655437458 -123
-835044743 -121
-271111578 -125
-158290085 -103
-172715412 -104
413632579 -123
499658099 -107
-782393851 -120
572938168 -123
ALIGNED -1148328356 -108
E2M1 -77 0 14 0 0 2 0 0 0 0 0 0 0 0 0 0 0 12 0 0 0 0 0 0 0 0 0 12 11 0 1 0 0
E2M0 -76 -76 0 0 7 0 0 1 0 0 0 0 0 0 0 0 0 0 0 6 0 0 0 0 0 0 0 0 0 6 5 0 0 0 0
COUNTERS 0 4 0 0 0 0 0 0
CASE 151
-303147414 -126
-288577202 -129
0 -84
-99127681 -109
-193358223 -111
37125941 -115
365437333 -114
-394359718 -131
796503777 -123
386635824 -126
-122658169 -122
635980508 -130
-810978461 -123
68012700 -124
780103660 -118
526670834 -117
538368335 -119
31530242 -125
613005801 -122
-232915169 -127
196860514 -123
-53468752 -118
247662199 -110
-973610240 -121
-829588055 -124
-1016028889 -120
-896076231 -126
714049022 -116
847723405 -123
-1015912873 -115
-180185946 -113
-390019762 -113
ALIGNED 499115795 -114
E2M1 -84 0 0 0 13 11 0 1 0 0 0 0 0 0 0 0 0 0 0 0 0 0 0 6 0 0 0 0 0 0 9 9 9
E2M0 -83 -83 0 0 0 0 6 5 0 0 0 0 0 0 0 0 0 0 0 0 0 0 0 0 0 3 0 0 0 0 0 0 0 0 5
COUNTERS 0 5 0 0 0 0 0 0
CASE 152
656293895 -151
-831243104 -155
818648769 -149
348317179 -152
-46705584 -146
-500938406 -154
0 -119
-929615348 -148
-749465338 -152
851441988 -151
1046997254 -156
585136573 -148
-947654474 -143
687766289 -156
814267409 -149
-1057862133 -146
999788327 -149
429645476 -149
-305621603 -142
997984929 -148
0 -119
-892273263 -158
666361977 -155
0 -124
1059551213 -155
971323011 -154
-137318751 -151
739059411 -154
-337093126 -141
21561494 -148
-51583467 -155
0 -121
ALIGNED -2142194023 -146
E2M1 -115 0 0 0 0 0 0 0 0 0 0 0 0 14 0 0 9 0 0 12 0 0 0 0 0 0 0 0 0 15 0 0 0
E2M0 -113 -113 0 0 0 0 0 0 0 0 0 0 0 0 0 6 0 0 0 0 0 5 0 0 0 0 0 0 0 0 0 6 0 0 0
COUNTERS 0 4 0 0 0 0 0 0
CASE 153
139177841 -81
-633846252 -83
0 -50
-643600290 -78
-21452949 -90
-70420506 -71
195808583 -78
-90947225 -92
376960086 -90
498989763 -87
171182554 -89
295603317 -79
-989521626 -94
-157620941 -73
-25884197 -71
506876539 -90
739769190 -95
991575725 -89
502408603 -75
392014071 -85
1069977393 -89
245917730 -93
760491000 -79
779341445 -85
123545751 -82
43476774 -88
706503705 -84
598887962 -87
-797594196 -91
-931653464 -95
916537380 -90
-498611555 -90
ALIGNED -1040038774 -76
E2M1 -47 0 0 0 9 0 14 0 0 0 0 0 0 0 12 11 0 0 0 4 0 0 0 0 0 0 0 0 0 0 0 0 0
E2M0 -45 -45 0 0 0 0 0 0 6 0 0 0 0 0 0 0 5 5 0 0 0 1 0 0 0 0 0 0 0 0 0 0 0 0 0
COUNTERS 0 3 0 0 0 0 0 0
CASE 154
345110778 45
1040470515 48
-69599553 51
973260742 49
-715373698 54
-799707638 45
-996309552 41
-953243827 49
-431903968 56
457505662 42
99336399 46
847492901 47
-437371743 56
-665111076 54
0 68
0 84
-108260751 53
568563310 42
-314292126 48
99966805 47
-263019976 44
-25788205 57
864510476 40
-975549753 40
223848199 56
204392684 58
-252753316 61
347180531 45
0 69
-725897561 45
-542920190 46
-210304936 58
ALIGNED -2147483648 56
E2M1 87 0 0 0 0 0 0 0 0 0 0 0 0 0 0 0 0 0 0 0 0 0 0 0 0 0 1 14 0 0 0 0 9
E2M0 88 88 0 0 0 0 0 0 0 0 0 0 0 0 0 0 0 0 0 0 0 0 0 0 0 0 0 0 0 7 0 0 0 0 0
COUNTERS 0 4 0 0 0 0 0 0
CASE 155
768866546 48
192666092 39
723825510 32
584429422 46
-354940172 40
0 74
-503392124 39
385580851 48
-751363102 30
-217638504 43
347263773 35
525805297 49
-72593430 50
351433669 32
0 58
29830060 48
380257838 36
-822758297 39
-615502918 30
1061827353 45
-839530591 42
0 66
-505026220 36
-201401684 39
1042166761 35
0 67
455280996 45
1068817447 33
-406492687 38
428995451 37
736263918 49
-1060058488 46
ALIGNED 27366671 45
E2M1 76 5 0 0 1 0 0 0 3 0 0 0 6 10 0 0 0 0 0 0 1 0 0 0 0 0 0 0 0 0 0 7 10
E2M0 78 77 1 2 0 0 1 0 0 0 1 0 0 0 3 5 0 0 0 0 0 0 0 0 0 0 0 0 0 0 0 0 0 3 5
COUNTERS 0 7 0 0 0 1 0 0
CASE 156
0 -97
-636919396 -118
-139011083 -106
-712623416 -110
310681529 -111
-680602402 -116
-238478820 -116
0 -93
-901095342 -128
-550681302 -107
769792917 -115
915741721 -125
-224041007 -113
-462506892 -120
528180366 -119
207490704 -125
128892671 -125
65586111 -117
81537399 -125
693133269 -122
377783233 -123
-233666055 -111
-636834882 -109
-1015182859 -109
-390641533 -110
342100738 -113
-1072647784 -120
151070976 -113
184717957 -125
173954833 -120
-729037774 -117
-442002509 -106
ALIGNED -2147483648 -111
E2M1 -79 0 0 10 9 0 0 0 0 0 12 0 0 0 0 0 0 0 0 0 0 0 0 9 10 0 0 0 0 0 0 0 13
E2M0 -78 -78 0 0 0 5 0 0 0 0 0 0 6 0 0 0 0 0 0 0 0 0 0 0 0 5 5 0 0 0 0 0 0 0 7
COUNTERS 0 10 0 0 0 0 0 0
CASE 157
1022366196 0
53877996 15
0 23
478081552 -1
-840180753 12
-504995918 9
-487905964 -5
0 27
-503121756 -8
0 20
-814584774 9
429296779 5
1062089825 3
846156475 2
877942848 -4
59710343 16
-760965489 -5
0 40
1036532751 -8
411545768 5
341738851 10
805297589 6
689169827 3
-443600564 -1
-241040855 -7
-277826195 -1
-779002618 12
99813763 4
-756296374 9
0 35
-132071074 6
558604554 6
ALIGNED -752333858 11
E2M1 40 0 3 0 0 13 0 0 0 0 0 9 0 0 0 0 6 0 0 0 0 1 0 0 0 0 0 13 0 9 0 0 0
E2M0 41 41 0 0 2 0 0 7 0 0 0 0 0 0 0 0 0 0 3 0 0 0 0 0 0 0 0 0 0 6 0 0 0 0 0
COUNTERS 0 0 0 0 0 0 0 0
CASE 158
0 104
-998992165 62
-54285670 84
0 101
363793838 71
1047168443 60
-516086276 65
0 110
-525732631 61
-292179826 64
-725797909 65
920948986 74
9243847 72
-502055106 74
801001049 66
0 98
0 102
423462766 67
-628318435 81
-300927333 62
-874289512 64
-31864716 79
0 100
742294007 76
-92357546 71
0 96
-28919350 73
0 106
598185091 62
-111333021 76
-327109720 70
1026031645 78
ALIGNED -1557044662 79
E2M1 108 0 0 13 0 0 0 0 0 0 0 0 0 0 0 0 0 0 0 14 0 0 0 0 0 0 0 0 0 0 0 0 2
E2M0 110 109 1 0 0 7 0 0 0 0 0 0 0 0 0 0 0 0 0 0 0 7 0 0 0 0 0 0 0 0 0 0 0 0 1
COUNTERS 0 4 0 0 0 1 0 0
CASE 159
18944312 -101
-421630852 -100
-559264175 -95
-949374680 -105
0 -77
-654046902 -85
0 -72
-84370471 -90
554295503 -95
-538358917 -85
-297532736 -91
169501995 -89
591239259 -90
937831660 -87
1045252770 -104
-755137241 -85
170875193 -87
-977622470 -98
-215242980 -96
-832683565 -86
-335029377 -100
1018635788 -100
-390447098 -94
-527069743 -92
160940220 -92
-86639975 -97
492006317 -98
-728410442 -106
187767797 -91
0 -66
-166001183 -88
-487448346 -102
ALIGNED -2147483648 -90
E2M1 -58 0 0 0 0 0 14 0 0 0 14 0 0 0 3 0 15 1 0 0 13 0 0 0 0 0 0 0 0 0 0 0 0
E2M0 -56 -56 0 0 0 0 0 0 6 0 0 0 6 0 0 0 1 0 6 0 0 0 6 0 0 0 0 0 0 0 0 0 0 0 0
COUNTERS 0 13 0 0 0 0 0 0
CASE 160
636832692 -30
-393412417 -13
-60918317 -10
817186536 -30
750763495 -29
-736620095 -25
-1013880172 -17
-1017278388 -22
840552299 -17
467820003 -15
148065910 -19
997501318 -25
-1020413292 -28
-855099206 -16
790502623 -23
130923867 -13
3004125 -11
-1056776048 -14
1011588808 -22
-427513552 -22
-403511605 -16
27467022 -18
714360878 -15
499251268 -27
541820095 -31
1010967040 -31
696953249 -18
-757290458 -29
-10687004 -6
-484329870 -24
-734438592 -19
-712989333 -16
ALIGNED -645658881 -11
E2M1 15 0 11 12 0 0 0 0 0 0 1 0 0 0 9 0 1 0 12 0 0 0 0 1 0 0 0 0 0 15 0 0 9
E2M0 17 16 1 0 5 6 0 0 0 0 0 0 0 0 0 0 0 0 0 0 6 0 0 0 0 1 0 0 0 0 0 7 0 0 0
COUNTERS 0 0 0 0 0 1 0 0
CASE 161
-925207073 -74
-486402197 -58
0 -35
-67245234 -68
780870115 -62
-854058620 -60
-789247946 -72
163760118 -59
373057674 -64
704622364 -64
288979150 -56
0 -48
44538159 -52
649757148 -60
1065145732 -57
-266621438 -56
505336305 -74
-493901024 -64
140342195 -72
1001486189 -63
307516630 -55
1049605014 -63
489726380 -56
0 -29
-420401198 -56
-425959258 -55
622908961 -71
-174314720 -75
434837736 -63
-854297130 -72
133330703 -58
0 -27
ALIGNED -323684806 -57
E2M1 -28 0 9 0 0 0 0 0 0 0 0 2 0 5 0 4 10 0 0 0 0 4 0 4 0 11 13 0 0 0 0 0 0
E2M0 -27 -27 0 0 0 0 0 0 0 0 0 0 0 1 0 2 0 2 5 0 0 0 0 2 0 2 0 6 7 0 0 0 0 0 0
COUNTERS 0 4 0 0 0 0 0 0
CASE 162
10790754 57
-218261989 63
429802308 51
656967913 61
0 92
-415460359 61
-740337545 64
-8965841 71
424846359 55
-905120057 68
0 81
-386110582 66
-308900194 72
0 100
20067885 60
-588494045 52
849870189 51
280425438 70
426529585 52
828945405 53
-1039900494 50
-248113721 60
1030474230 60
-391872368 70
89739054 60
600376754 66
-905806730 50
0 100
-252088506 59
-1009337889 65
-671467668 52
975851774 64
ALIGNED -1977959309 67
E2M1 98 0 0 0 0 0 0 0 0 0 10 0 0 14 0 0 0 0 2 0 0 0 0 0 11 0 0 0 0 0 0 0 0
E2M0 100 99 1 0 0 0 0 0 0 0 0 0 5 0 0 7 0 0 0 0 1 0 0 0 0 0 5 0 0 0 0 0 0 0 0
COUNTERS 0 3 0 0 0 1 0 0
CASE 163
-742148918 -125
-744928000 -137
-891869962 -139
833620973 -126
-791150899 -136
919247711 -126
-964122542 -130
-785611259 -126
-259213637 -117
0 -95
895590799 -138
134177594 -120
-865162020 -133
-384360882 -125
11879265 -114
707954765 -119
993892802 -129
-1035624581 -128
-346774692 -135
965602549 -131
516948576 -124
-98583088 -132
620307936 -138
590876682 -126
259976309 -118
643399747 -130
0 -92
0 -102
455440735 -137
21410863 -133
261466841 -136
899922847 -123
ALIGNED 704204245 -119
E2M1 -91 0 0 0 0 0 0 0 0 14 0 0 0 0 0 3 5 0 0 0 0 0 0 0 0 4 0 0 0 0 0 0 0
E2M0 -90 -90 0 0 0 0 0 0 0 0 0 7 0 0 0 0 0 1 2 0 0 0 0 0 0 0 0 2 0 0 0 0 0 0 0
COUNTERS 0 0 0 0 0 0 0 0
CASE 164
0 33
0 35
-275510899 13
1021895386 20
-453250588 7
0 33
-551019487 17
375424720 15
-214719925 6
385902476 9
-922927560 18
-100694256 15
-213439245 7
-170667814 10
-761267768 20
740221484 11
0 48
272160529 6
-608219407 6
882943747 7
205671052 7
-911482995 19
-655241076 2
293102857 1
-1 -40
0 36
0 46
353502224 10
-808087974 11
-27797416 5
-327095042 18
1015281571 15
ALIGNED -1132202077 15
E2M1 48 0 0 0 6 0 0 9 0 0 0 10 0 0 0 13 0 0 0 0 0 0 11 0 0 0 0 0 0 0 0 9 0
E2M0 49 49 0 0 0 0 3 0 0 0 0 0 0 5 0 0 0 6 0 0 0 0 0 0 6 0 0 0 0 0 0 0 0 0 0
COUNTERS 0 11 0 1 0 0 0 0
CASE 165
-184301850 -60
-124046 -44
854796675 -63
-574306941 -59
806012356 -59
0 -35
-42363361 -66
994604004 -62
-893379505 -65
-760900878 -73
0 -35
-75690047 -65
284879297 -73
0 -40
0 -34
-223582513 -57
633724168 -72
704187006 -57
-515292989 -57
83051452 -68
585498523 -76
92391471 -64
212186177 -76
549305884 -62
587512715 -74
-291895040 -56
720675710 -67
-998407370 -73
686791725 -62
534895762 -61
791404504 -72
850529400 -61
ALIGNED -5595683 -49
E2M1 -29 0 14 0 9 2 0 0 0 0 0 0 0 0 0 0 10 0 5 12 0 0 0 0 0 0 12 0 0 0 0 0 0
E2M0 -28 -28 0 0 7 0 5 1 0 0 0 0 0 0 0 0 0 0 5 0 2 6 0 0 0 0 0 0 6 0 0 0 0 0 0
COUNTERS 0 0 0 0 0 0 0 0
CASE 166
289812453 3
0 38
-1062518537 5
845115635 2
-887154388 11
1012141155 20
-558639423 1
0 41
-140581298 10
477236026 7
0 39
-116589584 20
0 41
-174783609 18
0 30
-1001457816 7
248083201 3
906581072 3
-687687590 1
-420753309 17
-836460484 2
-656111360 1
731357005 21
67063959 11
-945672303 3
584649609 2
0 35
-955840620 12
-650326520 17
-267212188 12
222508082 12
246556329 17
ALIGNED 1277329464 16
E2M1 48 0 0 0 0 0 6 0 0 0 0 0 9 0 0 0 0 0 0 0 0 0 0 7 0 0 0 0 0 9 0 0 0
E2M0 50 50 0 0 0 0 0 0 2 0 0 0 0 0 0 0 0 0 0 0 0 0 0 0 0 2 0 0 0 0 0 0 0 0 0
COUNTERS 0 3 0 0 0 0 0 0
CASE 167
468493298 -63
-77591904 -77
-262181971 -64
0 -53
374370813 -60
44902918 -78
186795444 -64
-839984706 -77
27760103 -70
0 -35
361813971 -65
570046561 -75
0 -50
465583099 -78
-962973699 -73
-286184 -61
-635147758 -65
-876031873 -77
0 -45
436575009 -81
-382763456 -70
907468866 -70
-57029784 -57
-742126668 -78
-70018783 -74
-564179468 -81
486257876 -71
-728332925 -62
128176804 -59
-542509712 -79
-841705513 -62
244794853 -72
ALIGNED -688566433 -62
E2M1 -33 1 0 0 0 5 0 0 0 0 0 0 0 0 0 0 0 0 0 0 0 0 0 13 0 0 0 0 11 4 0 11 0
E2M0 -32 -32 0 0 0 0 0 2 0 0 0 0 0 0 0 0 0 0 0 0 0 0 0 0 0 7 0 0 0 0 5 2 0 6 0
COUNTERS 0 0 0 0 0 0 0 0
CASE 168
217491501 -57
0 -18
-762099908 -47
-912733253 -52
395424882 -48
-790367760 -53
-726301227 -53
677678772 -49
663977218 -46
0 -36
-948274926 -62
-1005997293 -62
320445855 -54
0 -20
-1034741365 -64
-953069390 -59
440310754 -60
751465938 -58
190314039 -65
0 -33
797564663 -59
-788998699 -56
878742603 -50
254047085 -55
0 -23
0 -27
774746518 -56
-290236260 -47
-771117153 -53
416199936 -48
332391199 -61
-184658136 -53
ALIGNED 1136275907 -51
E2M1 -19 0 0 13 0 1 0 0 1 6 0 0 0 0 0 0 0 0 0 0 0 0 0 1 0 0 0 0 10 0 2 0 0
E2M0 -17 -18 1 0 0 6 0 1 0 0 1 3 0 0 0 0 0 0 0 0 0 0 0 0 0 0 0 0 0 0 5 0 1 0 0
COUNTERS 0 13 0 0 0 1 0 0
CASE 169
-345820667 -140
408206003 -150
0 -108
513741812 -137
-445451792 -144
-465190394 -139
-946714218 -150
0 -113
-302689831 -151
787240856 -143
0 -111
-105955193 -136
-968511750 -155
-286662438 -148
-1011307395 -138
-26883513 -142
543792365 -156
0 -110
-151802437 -142
-481381847 -145
532221979 -145
0 -123
0 -129
415773530 -137
-750279527 -152
-420722492 -138
-770631801 -141
-436518329 -153
285788652 -153
-493657883 -136
0 -110
106694406 -141
ALIGNED -2040789242 -141
E2M1 -109 0 0 0 4 0 9 0 0 0 0 0 10 0 0 12 0 0 0 0 0 0 0 0 3 0 10 0 0 0 14 0 0
E2M0 -108 -108 0 0 0 0 2 0 0 0 0 0 0 0 5 0 0 6 0 0 0 0 0 0 0 0 2 0 5 0 0 0 7 0 0
COUNTERS 0 10 0 0 0 0 0 0
CASE 170
785462349 10
1047260458 0
817653138 5
-471497837 -1
0 31
20287856 21
22338686 9
287950913 7
-188478552 6
-115789128 -1
-804660501 -1
-675870452 -1
-449217921 1
0 28
-1073129508 2
419947967 3
-733194639 13
384783337 6
652411946 5
319033011 9
0 43
-950437234 11
-195774058 14
-451711449 15
504176978 -4
0 32
-560851454 -4
306605296 11
-1018389006 3
1069316652 7
600156420 14
-506687119 17
ALIGNED -582343928 16
E2M1 44 0 0 0 0 0 4 0 0 0 0 0 0 0 0 0 0 9 0 0 0 0 0 0 10 0 0 0 0 0 0 1 14
E2M0 45 45 0 0 0 0 0 0 2 0 0 0 0 0 0 0 0 0 0 0 0 0 0 0 0 0 5 0 0 0 0 0 0 1 7
COUNTERS 0 0 0 0 0 0 0 0
CASE 171
-433551788 63
1013453541 80
754364097 78
-179105694 77
-668509174 76
393772214 74
-910106963 73
-159285608 72
791710226 77
1019731262 73
396980361 67
-614857706 72
-859006402 74
164973445 67
733746453 75
819582102 73
913430062 62
728348533 62
0 94
388838614 80
693238143 70
936614623 61
878666054 71
598042848 59
553884039 66
2643569 67
-978499838 63
507092523 70
-456266568 77
547563122 76
597783776 63
0 89
ALIGNED 1417689562 75
E2M1 108 0 6 1 0 0 0 0 0 1 0 0 0 0 0 0 0 0 0 0 3 0 0 0 0 0 0 0 0 0 0 0 0
E2M0 109 109 0 0 3 1 0 0 0 0 0 0 0 0 0 0 0 0 0 0 0 0 1 0 0 0 0 0 0 0 0 0 0 0 0
COUNTERS 0 17 0 0 0 0 0 0
CASE 172
505419178 79
727943010 81
0 106
-852805020 70
-922288428 83
0 112
842908544 78
1024565024 72
594133578 70
0 117
380807301 86
-593173468 77
707737111 71
378212889 72
440223409 75
-182434325 75
860034361 78
117620114 77
48563412 80
141760591 89
-838845437 86
-77690415 76
-825286453 79
842351199 79
0 118
1050337076 82
-1012764978 71
-816908470 87
943437871 69
945857401 69
-127729682 91
-81214202 91
ALIGNED -2147483648 86
E2M1 116 0 0 0 0 0 0 0 0 0 0 1 0 0 0 0 0 0 0 0 2 10 0 0 0 0 0 0 11 0 0 14 12
E2M0 117 117 0 0 0 0 0 0 0 0 0 0 0 0 0 0 0 0 0 0 0 0 1 5 0 0 0 0 0 0 6 0 0 7 6
COUNTERS 0 2 0 0 0 0 0 0
CASE 173
0 4
985358370 -17
-472558920 -15
-52031535 -8
-399347347 -19
-508924988 -18
321362872 -8
8461356 -19
996568670 -20
-384544528 -21
-545762676 -11
-318519008 -16
-886145813 -28
-827707789 -19
-329606998 -13
-1017333812 -15
-394163973 -10
-943126549 -21
-784108778 -23
-947995625 -19
-902536000 -9
-74143022 -21
-219661304 -15
-98245548 -17
1062405114 -13
-272514617 -22
299075667 -22
646760536 -24
379372225 -13
557523378 -12
-633909835 -30
-104355339 -7
ALIGNED -2147483648 -12
E2M1 19 0 0 0 9 0 0 4 0 0 0 9 0 0 0 0 0 9 0 0 0 13 0 0 0 0 0 0 0 0 1 0 11
E2M0 20 20 0 0 0 0 0 0 0 2 0 0 0 5 0 0 0 0 0 5 0 0 0 7 0 0 0 0 0 0 0 0 0 0 6
COUNTERS 0 8 0 0 0 0 0 0
CASE 174
-322344210 -72
0 -53
-300244974 -75
806596154 -76
-89023007 -70
0 -48
0 -61
1039855939 -77
-647259322 -71
613667000 -83
1011975511 -79
480702557 -75
959115402 -72
-988682646 -71
891179091 -91
-958824887 -82
-131394851 -81
-776135516 -86
-762637026 -87
818401200 -80
31704892 -71
-775048832 -77
-159298144 -80
97926398 -85
-159661921 -86
-613684761 -80
503336539 -71
-654690936 -76
-448620582 -88
222316940 -74
0 -51
461198362 -82
ALIGNED 2147483647 -75
E2M1 -43 9 0 0 0 9 0 0 0 12 0 0 0 4 14 0 0 0 0 0 0 0 0 0 0 0 0 4 0 0 0 0 0
E2M0 -42 -42 0 5 0 0 0 5 0 0 0 6 0 0 0 2 7 0 0 0 0 0 0 0 0 0 0 0 0 2 0 0 0 0 0
COUNTERS 0 13 0 0 0 0 0 0
CASE 175
981471444 -28
0 0
488235106 -26
-768300847 -27
456741135 -17
0 0
-611680757 -17
721722864 -25
-130401826 -27
54495924 -21
-554868297 -12
-951322574 -13
-855031321 -24
662802639 -18
650612899 -16
769223721 -15
-468644843 -10
0 9
568534085 -20
342285960 -25
-62919025 -11
187646526 -28
57718319 -21
-240818206 -18
-602797289 -11
670286295 -30
-424568275 -23
0 11
352787138 -18
-274990091 -11
261008835 -10
-295752735 -17
ALIGNED 2073545463 -15
E2M1 17 0 0 0 0 0 0 0 0 0 0 10 10 0 0 0 0 13 0 0 0 0 0 0 0 12 0 0 0 0 10 4 0
E2M0 18 18 0 0 0 0 0 0 0 0 0 0 0 5 5 0 0 0 0 7 0 0 0 0 0 0 0 6 0 0 0 0 5 2 0
COUNTERS 0 10 0 0 0 0 0 0
CASE 176
-861844025 -40
-361261154 -27
-448809850 -26
-1025531258 -34
750848437 -37
-1032011395 -35
20079595 -28
341544748 -42
331142967 -46
-298221491 -29
373333634 -36
0 -18
-533603750 -33
-416591140 -25
0 -9
0 -7
-743464798 -47
-927976163 -44
713386051 -45
-708968591 -27
89887194 -24
-510851266 -43
102904292 -42
210869565 -35
-594962180 -27
-247561322 -25
504348389 -32
-550529722 -28
0 -9
921988073 -33
-369971138 -30
0 -14
ALIGNED -2147483648 -29
E2M1 2 0 9 11 0 0 0 0 0 0 0 0 0 0 13 0 0 0 0 0 11 3 0 0 0 10 12 0 9 0 0 0 0
E2M0 3 3 0 0 5 6 0 0 0 0 0 0 0 0 0 0 7 0 0 0 0 0 5 1 0 0 0 5 6 0 5 0 0 0 0
COUNTERS 0 12 0 0 0 0 0 0
CASE 177
649593196 15
0 49
734709844 17
-263232772 17
418536975 14
27903986 19
504052342 21
-602121108 7
-1042884448 18
647415719 8
-938782001 21
660164569 21
0 40
90415870 27
-412782812 9
416863625 9
-87281387 16
-337790044 22
924377767 11
532004353 13
-205320439 22
-384150047 19
461534440 13
-870003048 28
-159261088 17
0 45
155599157 11
-429495754 19
1014040031 19
-551301334 21
-946603291 22
-938752787 12
ALIGNED -2147483648 23
E2M1 56 0 0 0 0 0 0 0 0 0 0 0 0 0 0 0 0 0 0 0 0 0 0 0 13 0 0 0 0 0 0 0 0
E2M0 57 57 0 0 0 0 0 0 0 0 0 0 0 0 0 0 0 0 0 0 0 0 0 0 0 0 7 0 0 0 0 0 0 0 0
COUNTERS 0 6 0 0 0 0 0 0
CASE 178
430718223 -99
-1053478658 -81
-618481571 -81
-1024888102 -89
-977222561 -96
-725213914 -93
-613660561 -95
66232901 -89
414409101 -97
-377010721 -98
289831039 -100
-84287786 -93
326200820 -82
-166734502 -92
685666768 -94
-94288674 -91
-478570461 -86
716660326 -88
1059191990 -88
2769252 -77
453304933 -88
933529037 -90
462136208 -86
360669567 -101
748725196 -98
707258216 -83
0 -64
0 -63
0 -62
519229034 -87
0 -55
-610315710 -97
ALIGNED -1325063518 -82
E2M1 -53 0 14 12 0 0 0 0 0 0 0 0 0 1 0 0 0 0 0 0 0 0 0 0 0 0 1 0 0 0 0 0 0
E2M0 -52 -52 0 0 7 6 0 0 0 0 0 0 0 0 0 1 0 0 0 0 0 0 0 0 0 0 0 0 1 0 0 0 0 0 0
COUNTERS 0 5 0 0 0 0 0 0
CASE 179
462856084 -31
-39192942 -27
-1049700731 -33
290065465 -24
738357107 -38
-820761670 -36
546194472 -42
580668974 -35
-671826719 -29
-421483162 -42
-125653480 -25
-379528131 -24
-497220925 -24
-985134365 -37
-477865572 -24
-519691123 -33
1017468287 -42
213551963 -39
333505792 -29
-591063066 -22
0 -1
-170994124 -23
702774624 -40
239856986 -29
-547410909 -34
-46616715 -19
-710317575 -22
-532414908 -24
50463711 -21
295294680 -27
-115662174 -40
535462350 -24
ALIGNED -1171401540 -24
E2M1 5 0 0 0 1 0 0 0 0 0 0 0 9 10 0 10 0 0 0 0 14 0 9 0 0 0 13 15 10 2 0 0 2
E2M0 7 6 1 0 0 0 1 0 0 0 0 0 0 0 5 5 0 5 0 0 0 0 7 0 5 0 0 0 6 7 5 1 0 0 1
COUNTERS 0 5 0 0 0 2 0 0
CASE 180
616953128 -91
335347869 -95
-300459338 -96
-518550273 -91
294168389 -109
-85613217 -105
0 -63
-765032407 -96
-1062031177 -101
-199826503 -104
0 -80
0 -77
640530533 -108
450190322 -107
-210826566 -103
406713962 -109
652564497 -94
282545309 -96
605382704 -101
-1041365633 -101
-550590849 -93
-734937335 -107
0 -63
0 -76
370504918 -107
369752034 -108
441849066 -94
0 -69
1048896825 -89
567545039 -95
384262964 -94
-1028528756 -91
ALIGNED -2147483648 -94
E2M1 -61 1 0 0 9 0 0 0 0 0 0 0 0 0 0 0 0 0 0 0 0 0 0 0 0 0 0 0 0 6 0 0 10
E2M0 -60 -60 0 1 0 0 0 0 0 0 0 0 0 0 0 0 0 0 0 0 0 0 0 0 0 0 0 0 0 0 0 3 0 0 5
COUNTERS 0 12 0 0 0 0 0 0
CASE 181
96358170 -40
1049447611 -33
313805645 -28
-426784691 -35
0 -4
0 4
476598061 -30
156992977 -27
720510906 -25
-1048105784 -23
0 -7
-85437791 -33
-216439507 -21
-791612731 -42
-426793239 -37
-1010878472 -43
557475249 -31
601028377 -31
-362913400 -21
-544110865 -25
-88286177 -20
-957941239 -27
763317219 -36
746547510 -43
-592340454 -33
154652460 -27
537809281 -34
-1 -58
739926586 -38
-822748073 -32
0 -1
426553677 -28
ALIGNED -2060788310 -25
E2M1 5 0 0 0 0 0 0 0 0 1 14 0 0 13 0 0 0 0 0 15 9 13 0 0 0 0 0 0 0 0 0 0 0
E2M0 7 6 1 0 0 0 0 0 0 0 0 1 7 0 0 7 0 0 0 0 0 7 5 6 0 0 0 0 0 0 0 0 0 0 0
COUNTERS 0 11 0 1 0 1 0 0
CASE 182
-223134851 18
600726690 14
549847463 17
-37518147 8
0 35
-46663678 9
-165782289 10
200476208 17
507913692 14
368596645 24
-195698022 10
69522286 17
1002809878 17
0 49
181692275 25
-157274138 10
305288013 7
0 41
771651721 10
643558469 7
894015561 17
563988657 9
-592156584 24
-1036890995 15
675947060 19
467320376 13
-211468432 25
453174012 4
786157773 14
-823647917 19
0 39
-920275589 19
ALIGNED -2147483648 20
E2M1 51 0 0 0 0 0 0 0 0 0 5 0 0 0 0 5 0 0 0 0 0 0 0 14 0 0 0 13 0 0 0 0 0
E2M0 53 53 0 0 0 0 0 0 0 0 0 0 1 0 0 0 0 1 0 0 0 0 0 0 0 6 0 0 0 6 0 0 0 0 0
COUNTERS 0 13 0 0 0 0 0 0
CASE 183
-810227827 33
-92643694 30
-633785780 21
-305626504 31
772615785 19
-335206309 24
336301728 36
0 61
0 54
0 54
923756421 27
330051212 25
174909235 27
358786870 30
-109358803 22
805722530 19
-539874753 29
-848758079 39
-733386644 32
0 61
631179501 33
0 53
-146422741 27
-850288365 37
-917815533 35
14910584 24
-690955563 39
990235165 39
-517438176 32
419451570 35
-549811604 20
134268462 40
ALIGNED 2147483647 35
E2M1 67 0 0 0 0 0 0 0 0 0 0 0 0 0 0 0 0 0 13 0 0 0 0 0 10 0 0 13 6 0 0 0 2
E2M0 68 68 0 0 0 0 0 0 0 0 0 0 0 0 0 0 0 0 0 0 7 0 0 0 0 0 5 0 0 6 3 0 0 0 1
COUNTERS 0 8 0 0 0 0 0 0
CASE 184
665067383 56
-911868057 48
0 88
-648560766 55
-801051086 51
186228620 45
601635314 43
-982309994 51
1071823618 60
953987456 54
368955762 59
-465666127 58
-263205015 53
-1065438304 58
669491904 60
-742100488 48
-435575035 42
-991074404 61
-894047510 60
424767264 43
-236527496 55
430818324 55
-581423514 45
-314419073 46
125819352 64
-82114734 43
-966170742 49
364014967 59
727034179 42
311511987 44
0 72
-751087011 59
ALIGNED 1396396636 59
E2M1 89 0 0 0 0 0 0 0 0 4 0 1 0 0 9 2 0 0 14 11 0 0 0 0 0 6 0 0 1 0 0 0 9
E2M0 90 90 0 0 0 0 0 0 0 0 0 2 0 0 0 0 0 1 0 0 7 6 0 0 0 0 0 3 0 0 0 0 0 0 5
COUNTERS 0 9 0 0 0 0 0 0
CASE 185
777554150 -128
-398185440 -119
266189313 -126
-707918815 -133
641706953 -126
-669828223 -126
792326729 -124
-1059043914 -121
585122736 -127
-376348082 -128
918028429 -130
-1051496507 -128
550135554 -136
-222720164 -123
949386436 -129
0 -97
-395062230 -131
922413396 -128
-448979331 -117
695962032 -131
-779552312 -120
1021942260 -119
748388611 -134
-176260816 -129
0 -99
-59734482 -124
-879880204 -136
0 -94
-861382934 -118
-341139055 -119
630959833 -122
-458833430 -117
ALIGNED -2147483648 -122
E2M1 -90 0 9 0 0 0 0 0 9 0 0 0 0 0 0 0 0 0 0 13 0 9 4 0 0 0 0 0 0 13 9 0 13
E2M0 -89 -89 0 0 5 0 0 0 0 0 0 0 0 0 0 0 0 0 0 0 0 7 0 5 2 0 0 0 0 0 0 7 5 0 7
COUNTERS 0 11 0 0 0 0 0 0
CASE 186
-645975435 81
955122635 76
-994781928 69
-1048764764 81
388094486 79
-246460508 73
596742691 77
-734549414 70
-636904339 67
0 103
0 96
367602054 84
842559017 71
0 105
1041452461 67
140082423 73
-493668566 65
-305313707 72
-426376122 82
-433649446 76
924296649 83
-769971514 77
732874512 71
-966685720 79
0 112
-872271720 68
-7307544 81
-395970033 71
-624934423 83
539990487 82
-765895057 70
-814960259 70
ALIGNED 2144396039 79
E2M1 111 9 0 0 10 0 0 0 0 0 0 0 5 0 0 0 0 0 0 10 0 5 0 0 0 0 0 0 0 12 2 0 0
E2M0 112 112 0 5 0 0 5 0 0 0 0 0 0 0 2 0 0 0 0 0 0 5 0 3 0 0 0 0 0 0 0 6 1 0 0
COUNTERS 0 9 0 0 0 0 0 0
CASE 187
-455474318 -141
0 -114
427784372 -142
382530066 -149
-1064853244 -145
-839416053 -148
52455091 -144
353602126 -148
-848634013 -137
0 -103
955497676 -140
197319672 -132
302780118 -138
692774012 -136
-1046643988 -142
-880932464 -144
459097337 -149
-465269511 -130
-301384234 -134
-143408833 -146
26493063 -135
0 -106
-158821456 -143
-1056988190 -148
69773220 -129
-1013599507 -136
1063686870 -139
-396295889 -145
-575604051 -132
52691173 -129
-232804303 -140
-346125691 -137
ALIGNED -508269390 -134
E2M1 -103 0 0 0 0 0 0 0 0 0 0 0 1 0 0 0 0 0 13 0 0 0 0 0 0 2 0 0 0 10 2 0 0
E2M0 -102 -102 0 0 0 0 0 0 0 0 0 0 0 0 0 0 0 0 0 0 7 0 0 0 0 0 0 1 0 0 0 5 1 0 0
COUNTERS 0 4 0 0 0 0 0 0
CASE 188
185710833 -119
0 -94
-165756884 -115
522980702 -114
387379625 -109
693585389 -120
-579585065 -118
-615837314 -126
-584577569 -128
750600929 -113
-36330491 -124
0 -93
0 -83
-760606833 -122
-905068482 -128
874254968 -130
-758487319 -125
825160809 -131
0 -97
0 -99
-66468565 -125
-342858475 -121
753346247 -126
1068955079 -131
683568840 -119
1066575530 -126
-253236715 -128
-894989107 -114
180457599 -118
-408293805 -109
0 -100
853965204 -129
ALIGNED -2147457587 -114
E2M1 -82 0 0 0 0 5 0 0 0 0 1 0 0 0 0 0 0 0 0 0 0 0 0 0 0 0 0 0 0 0 13 0 0
E2M0 -81 -81 0 0 0 0 0 2 0 0 0 0 0 0 0 0 0 0 0 0 0 0 0 0 0 0 0 0 0 0 0 0 7 0 0
COUNTERS 0 6 0 0 0 0 0 0
CASE 189
-877185122 -86
129807327 -75
456746240 -71
867472001 -77
-87677337 -76
-977640754 -73
0 -50
836541493 -89
616145940 -75
-552648980 -69
695624675 -77
43137251 -73
747053630 -72
25074443 -71
276467666 -67
0 -57
450646265 -73
1032580767 -80
-229981940 -66
0 -60
-75646633 -83
615473050 -74
-547655366 -81
-470169549 -71
-843254326 -84
1055078657 -75
325458274 -75
-146573161 -84
846423986 -77
0 -51
-1069958130 -75
725079101 -80
ALIGNED -2113448820 -71
E2M1 -40 0 0 0 0 0 0 0 0 0 10 0 0 0 0 4 0 0 0 13 0 0 0 0 0 0 0 0 0 0 0 0 0
E2M0 -39 -39 0 0 0 0 0 0 0 0 0 0 5 0 0 0 0 2 0 0 0 7 0 0 0 0 0 0 0 0 0 0 0 0 0
COUNTERS 0 7 0 0 0 0 0 0
CASE 190
-692572930 -93
437675814 -91
-171105724 -93
0 -61
960442281 -87
796432127 -95
-523963011 -94
827639235 -84
394337593 -83
512976692 -75
926643952 -91
570418525 -95
-436271946 -91
0 -63
-458221606 -90
-89250522 -83
-336586196 -89
644787874 -95
-217447220 -84
187700582 -87
-312802269 -85
-649287198 -86
-737901837 -91
-456467404 -75
-960684993 -80
963432578 -76
-1009398360 -76
-1025794151 -83
126107080 -91
47055397 -80
97805322 -93
392999268 -77
ALIGNED 1043639408 -80
E2M1 -48 0 0 0 0 0 0 0 0 0 6 0 0 0 0 0 0 0 0 0 0 0 0 0 13 0 6 14 0 0 0 0 1
E2M0 -47 -47 0 0 0 0 0 0 0 0 0 0 3 0 0 0 0 0 0 0 0 0 0 0 0 0 7 0 3 7 0 0 0 0 1
COUNTERS 0 8 0 0 0 0 0 0
CASE 191
-939728883 -41
-943164341 -43
268380870 -39
-764922605 -54
-392933114 -46
0 -27
194198990 -42
-565874008 -52
-952462370 -51
-624908084 -43
40779833 -52
804107612 -45
783969697 -42
356606431 -45
-170322313 -43
-94268089 -35
0 -24
913247479 -38
0 -29
704496230 -51
717706292 -58
163683116 -52
0 -11
614250007 -38
-1026270758 -50
-353460934 -56
-694157296 -50
-532014011 -49
-832298063 -57
120408974 -46
178844270 -36
-425736287 -44
ALIGNED 2120875129 -40
E2M1 -10 9 0 1 0 0 0 0 0 0 0 0 0 0 0 0 13 0 5 0 0 0 0 0 4 0 0 0 0 0 0 5 0
E2M0 -9 -9 0 0 0 0 0 0 0 0 0 0 0 0 0 0 0 0 6 0 3 0 0 0 0 0 2 0 0 0 0 0 0 2 0
COUNTERS 0 3 0 0 0 0 0 0
CASE 192
-768978300 61
316767289 73
-149882148 67
644516944 64
-76822295 68
112395831 67
673319857 62
203258608 56
-257101936 72
-335835931 68
-513684502 71
0 88
-215527297 66
-850594060 71
-389939883 58
274490700 56
777439738 71
36014574 67
-350963823 59
39160064 64
-541901368 53
-275469490 61
336313540 60
-48112730 70
-418272545 71
949875659 69
536191983 61
-745968866 73
497462390 63
6018983 64
179014523 58
9086102 62
ALIGNED -2131244973 68
E2M1 100 0 4 0 0 0 0 0 0 10 0 10 0 0 11 0 0 3 0 0 0 0 0 0 0 10 1 0 15 0 0 0 0
E2M0 102 101 1 0 2 0 0 0 0 0 0 5 0 5 0 0 6 0 0 1 0 0 0 0 0 0 0 5 0 0 7 0 0 0 0
COUNTERS 0 10 0 0 0 1 0 0
CASE 193
447709182 63
0 102
893229891 71
-111507995 64
-899392121 78
0 105
18838563 76
-945138317 70
0 99
62510146 71
108495735 72
1045359491 78
-877352642 76
706045431 63
33227137 76
279510818 64
934717815 68
-1065519818 74
-153429970 75
0 103
-95393311 82
-535575867 68
207526062 69
-499497513 70
-553841905 82
218130381 63
81655551 72
-276899600 77
-635512292 62
1009308578 80
0 102
393200544 76
ALIGNED 2147483647 77
E2M1 109 0 0 0 0 9 0 0 0 0 0 0 1 0 0 0 0 0 0 0 0 9 0 0 0 14 0 0 0 0 4 0 0
E2M0 111 110 1 0 0 0 0 0 0 0 0 0 0 0 0 0 0 0 0 0 0 0 0 5 0 0 0 7 0 0 0 0 2 0 0
COUNTERS 0 8 0 0 0 1 0 0
CASE 194
0 -71
543196663 -104
-708746586 -113
-345792182 -117
-707952145 -97
-903912284 -101
918315874 -113
-605418108 -101
19676174 -109
-937311844 -106
0 -88
-28047045 -98
-897131159 -101
522455381 -112
-157925363 -104
-109314913 -111
-657757923 -115
-259643351 -102
-507834883 -105
0 -68
-697970405 -114
567324313 -109
-504379179 -99
24338907 -103
29013454 -97
-546728614 -113
-771856129 -103
-865491883 -103
-780618318 -105
-743600090 -107
-282546918 -115
938455430 -103
ALIGNED -1677446198 -102
E2M1 -70 0 0 0 0 15 9 0 9 0 0 0 0 9 0 0 0 0 0 0 0 0 0 10 0 0 0 0 0 0 0 0 0
E2M0 -68 -69 1 0 0 0 0 7 0 0 0 0 0 0 0 0 0 0 0 0 0 0 0 0 0 5 0 0 0 0 0 0 0 0 0
COUNTERS 0 13 0 0 0 1 0 0
CASE 195
0 -6
0 5
595180417 -27
0 -3
608363239 -30
0 2
-473768763 -43
42152752 -29
-577853759 -26
0 5
496396730 -42
522566983 -24
-651796210 -43
909747529 -25
-388025786 -36
-416263906 -44
-703192169 -24
-751113789 -37
0 2
-359245814 -28
41730029 -28
-543602990 -27
-545523101 -26
-876561873 -34
371425989 -24
-177085775 -36
-96048933 -38
633903973 -28
-918819533 -41
0 1
0 -6
185830264 -43
ALIGNED 2147270668 -29
E2M1 3 0 0 1 0 0 0 0 0 10 0 0 6 0 5 0 0 15 0 0 0 0 9 10 0 5 0 0 1 0 0 0 0
E2M0 5 4 1 0 0 1 0 0 0 0 0 5 0 0 3 0 3 0 0 7 0 0 0 0 5 5 0 2 0 0 0 0 0 0 0
COUNTERS 0 14 0 0 0 1 0 0
CASE 196
0 51
0 43
-554917973 22
936525952 25
0 52
-928986507 13
-567443010 8
-490790416 23
981753022 16
1001416118 17
265306647 29
272982692 24
698193480 18
435044612 15
0 47
-397239494 25
452841406 22
-522145054 17
549245814 7
53324810 24
-897755336 23
426922869 27
0 35
-391644877 7
-785029237 10
-527525270 10
0 46
-615510909 21
370427593 22
0 41
-49704297 29
457784319 8
ALIGNED 556953128 24
E2M1 55 0 0 0 2 0 0 0 0 0 0 6 0 0 0 0 9 0 0 0 0 0 3 0 0 0 0 0 0 0 0 9 0
E2M0 56 56 0 0 0 0 1 0 0 0 0 0 0 3 0 0 0 0 0 0 0 0 0 0 2 0 0 0 0 0 0 0 0 5 0
COUNTERS 0 6 0 0 0 0 0 0
CASE 197
-559556555 -102
325833597 -88
-325805895 -100
-1067145058 -101
-78414011 -83
-589471277 -100
1033544808 -88
-514590237 -84
1068304498 -83
701339419 -88
-807321289 -100
-544550732 -88
-402287060 -81
177067982 -87
725289970 -82
-936283769 -86
-492798958 -100
-324162643 -99
201384830 -91
-984203627 -92
-831813313 -97
-71184589 -96
319213538 -81
0 -57
726502509 -86
-297476744 -81
762453282 -86
846032796 -90
328679374 -96
461733513 -82
0 -55
837749342 -95
ALIGNED 2147483647 -86
E2M1 -55 0 0 0 0 9 0 0 10 6 0 0 0 15 0 7 9 0 0 0 0 0 0 6 0 1 14 1 0 0 5 0 0
E2M0 -53 -54 1 0 0 0 0 0 0 0 5 3 0 0 0 7 0 3 0 0 0 0 0 0 0 3 0 0 7 0 0 0 3 0 0
COUNTERS 0 10 0 0 0 4 0 0
CASE 198
-301355455 -47
488796795 -58
396070779 -45
286334407 -47
-207600805 -48
249929399 -53
867555189 -42
293647390 -38
990451848 -52
64561635 -37
429770892 -44
-13686849 -40
787805774 -40
796681172 -40
582527936 -54
23903226 -53
791591046 -40
50727687 -46
-565247798 -50
-620443510 -40
1029973996 -45
471912447 -52
291911273 -39
-872912570 -47
103215257 -54
21240535 -44
942259353 -40
-1 58
-901428342 -52
79052880 -56
-439952848 -55
73314666 -51
ALIGNED -32 53
E2M1 56 0 0 0 0 0 0 0 0 0 0 0 0 0 0 0 0 0 0 0 0 0 0 0 0 0 0 0 14 0 0 0 0
E2M0 57 57 0 0 0 0 0 0 0 0 0 0 0 0 0 0 0 0 0 0 0 0 0 0 0 0 0 0 0 0 7 0 0 0 0
COUNTERS 0 0 0 31 0 0 0 0
CASE 199
99292017 -134
671955222 -122
-106093011 -135
-16175976 -126
-134859134 -136
-571813863 -123
-664160957 -130
-411341612 -125
0 -90
432801672 -137
-376614811 -130
-112567554 -126
-331821655 -119
460464037 -134
0 -105
37820980 -117
70520137 -135
0 -101
-413895402 -122
-1070190868 -118
134365085 -132
-1005661597 -120
0 -107
-742140007 -121
-375068333 -118
-975463922 -122
960925803 -127
-33410660 -129
390619230 -124
545254246 -121
-845985193 -121
-347451030 -138
ALIGNED -2147483648 -122
E2M1 -90 0 0 0 0 0 0 0 0 0 0 0 0 9 0 0 1 0 0 0 14 0 10 0 9 11 0 0 0 0 1 9 0
E2M0 -89 -89 0 0 0 0 0 0 0 0 0 0 0 0 0 5 0 0 0 0 0 0 7 0 5 0 0 5 0 0 0 0 0 0 0
COUNTERS 0 8 0 0 0 0 0 0
CASE 200
-439398961 -72
535488778 -66
0 -34
-755134303 -62
310761056 -62
1052640017 -59
-372912090 -73
-503524696 -55
54455740 -66
-998179065 -62
0 -38
32087779 -65
-574364202 -64
-164438707 -56
-858964599 -70
0 -30
636817705 -69
408752181 -63
41285732 -69
416403989 -66
444721113 -70
274834602 -69
-1046112290 -59
-437197950 -73
-305954267 -62
0 -33
795183894 -59
20031442 -55
-807872347 -58
741084017 -64
-655518143 -68
77575179 -59
ALIGNED -1948576157 -60
E2M1 -28 0 0 0 0 0 1 0 14 0 0 0 0 0 9 0 0 0 0 0 0 0 0 9 0 0 0 1 0 10 0 0 0
E2M0 -27 -27 0 0 0 0 0 0 0 0 7 0 0 0 0 0 5 0 0 0 0 0 0 0 0 0 0 0 0 0 0 5 0 0 0
COUNTERS 0 9 0 0 0 0 0 0
CASE 201
521208184 81
605410755 67
-917637196 66
661793688 66
822889373 80
0 108
520932213 66
0 92
-516407642 77
453149718 79
699195939 66
646455537 80
527142805 69
225460566 67
0 111
-700482580 77
679093498 78
815402908 61
-723338592 72
674556565 77
488687680 63
587013257 66
110938585 71
644747070 61
583411961 79
0 109
0 95
-610909779 62
-190138250 75
-298885616 68
-1044594514 67
559799527 78
ALIGNED 2147483647 76
E2M1 108 6 0 0 0 5 0 0 0 0 2 0 4 0 0 0 9 1 0 0 1 0 0 0 0 2 0 0 0 0 0 0 1
E2M0 109 109 0 3 0 0 0 3 0 0 0 0 1 0 2 0 0 0 0 1 0 0 0 0 0 0 0 1 0 0 0 0 0 0 1
COUNTERS 0 18 0 0 0 0 0 0
CASE 202
885995569 -142
428703392 -141
-826820837 -152
85455098 -137
-534090337 -140
-280608546 -134
0 -124
-767918650 -142
-868003965 -135
-442778425 -140
1068958771 -140
-46597020 -137
0 -108
-656178004 -141
417497899 -131
-981505772 -136
899829380 -138
547386246 -147
1056730817 -137
-119260095 -139
-900995177 -132
-729115277 -138
-779573355 -139
-263958127 -151
-61813186 -136
-602679907 -147
454516546 -132
-427556194 -151
805300356 -144
-227129374 -148
-432354888 -150
-449964144 -150
ALIGNED 2147374342 -136
E2M1 -104 0 0 0 0 0 9 0 0 9 0 0 0 0 0 5 0 0 0 0 0 13 0 0 0 0 0 3 0 0 0 0 0
E2M0 -103 -103 0 0 0 0 0 0 0 0 0 0 0 0 0 0 0 3 0 0 0 0 0 7 0 0 0 0 0 2 0 0 0 0 0
COUNTERS 0 11 0 0 0 0 0 0
CASE 203
-355394356 18
489564639 23
421620245 16
-530347771 37
-37360175 21
0 57
380734861 27
859524378 36
103257962 30
0 46
-505417974 34
991994784 28
0 59
0 47
-662618354 23
-985441926 19
-139760996 31
-408202391 31
1006042334 26
-449090014 24
180879845 21
-654803607 16
-1057272062 21
726917526 26
1057483627 31
-612729626 16
-810059417 28
-797111616 33
-400186332 25
445066939 27
994312417 36
695138012 29
ALIGNED 2147483647 32
E2M1 64 0 0 0 14 0 0 0 5 0 0 9 0 0 0 0 0 0 0 0 0 0 0 0 0 0 0 0 9 0 0 6 0
E2M0 65 65 0 0 0 0 7 0 0 0 3 0 0 0 0 0 0 0 0 0 0 0 0 0 0 0 0 0 0 0 0 0 0 3 0
COUNTERS 0 6 0 0 0 0 0 0
CASE 204
-504174621 -32
668459425 -39
806176337 -37
-89631845 -29
-944121670 -35
-400145590 -40
-963991894 -42
-525262601 -26
0 0
-302381581 -38
0 -1
487095543 -27
0 -10
-830062663 -33
-1020242954 -33
-590307938 -38
793666395 -33
939789211 -40
0 -3
-734535794 -37
-521032722 -35
104001681 -25
0 6
0 5
-632875382 -21
0 -2
730769919 -28
-343586099 -41
-670526496 -36
-257391127 -22
-691690450 -42
-743477195 -42
ALIGNED -2147483648 -26
E2M1 6 0 0 0 0 0 0 0 0 0 0 0 0 0 0 0 0 0 0 0 0 0 0 0 0 14 0 0 0 0 10 0 0
E2M0 8 7 1 0 0 0 0 0 0 0 0 0 0 0 0 0 0 0 0 0 0 0 0 0 0 0 0 7 0 0 0 0 5 0 0
COUNTERS 0 4 0 0 0 1 0 0
CASE 205
921738014 -120
-925091718 -120
0 -79
-803282203 -114
0 -78
-945947457 -122
-488341939 -116
944213979 -109
0 -80
-329935502 -113
-368147347 -115
-311499742 -123
517507943 -119
-334552997 -104
629295573 -113
-301256313 -110
-483586582 -117
-950111457 -112
-168888725 -106
-298931558 -111
-786194865 -117
-699432984 -117
543772072 -120
450003698 -123
0 -89
-645602807 -108
-14545722 -115
-942830357 -120
-296665862 -108
208486001 -110
463361803 -123
413958654 -112
ALIGNED -1991467535 -109
E2M1 -78 0 0 0 0 0 0 0 1 0 0 0 0 0 14 0 0 0 0 9 0 0 0 0 0 0 9 0 0 9 0 0 0
E2M0 -76 -77 1 0 0 0 0 0 0 0 0 0 0 0 0 0 7 0 0 0 0 5 0 0 0 0 0 0 5 0 0 0 0 0 0
COUNTERS 0 12 0 0 0 1 0 0
CASE 206
-56306358 -59
-801922064 -75
-727345729 -61
38639449 -75
1015599970 -74
710864882 -64
482659257 -62
-79974027 -65
0 -53
780294117 -66
-105083549 -68
-742609892 -70
-285256036 -80
-700646694 -78
0 -47
150816488 -72
862890989 -75
-707957795 -79
403164501 -65
-763389664 -66
-282085278 -64
-395625600 -74
-1019351412 -68
-977795110 -72
0 -32
-220074690 -62
539530814 -64
-811755894 -73
64894174 -69
-443668657 -71
273344100 -69
1035485163 -82
ALIGNED -41625267 -64
E2M1 -34 11 0 15 0 0 1 4 0 0 0 0 0 0 0 0 0 0 0 0 0 9 0 0 0 0 10 1 0 0 0 0 0
E2M0 -32 -33 1 6 0 7 0 0 1 2 0 0 0 0 0 0 0 0 0 0 0 0 0 0 0 0 0 0 5 1 0 0 0 0 0
COUNTERS 0 1 0 0 0 1 0 0
CASE 207
-502745046 -144
-451145350 -151
-10437926 -137
-586755474 -136
538529043 -133
529720679 -151
-103671503 -145
-743423658 -152
-963804533 -133
0 -110
-803049343 -152
1046210135 -135
-632065622 -143
0 -111
267447386 -147
-795218457 -140
54369190 -141
-110810390 -131
687270232 -133
922898354 -136
-531487595 -140
-599963520 -150
0 -120
789663259 -136
-979038350 -148
318282042 -142
-804200683 -151
480819202 -151
703604645 -153
1011999455 -149
139435686 -140
-354910373 -144
ALIGNED 2146097278 -136
E2M1 -105 0 0 0 9 4 0 0 0 14 0 0 2 0 0 0 0 0 11 5 1 0 0 0 1 0 0 0 0 0 0 0 0
E2M0 -104 -104 0 0 0 0 0 2 0 0 0 7 0 0 1 0 0 0 0 0 6 2 0 0 0 0 0 0 0 0 0 0 0 0 0
COUNTERS 0 11 0 0 0 0 0 0
CASE 208
-265290577 -78
-256494383 -76
737818954 -65
0 -43
-834930740 -66
-512334425 -68
0 -38
-69002595 -74
100207484 -58
0 -44
-359238969 -77
118921488 -74
-70078400 -67
-763788995 -61
-620218041 -77
595332609 -72
103458445 -77
-591697826 -70
-462942469 -78
-280620570 -66
727532442 -71
-327861736 -76
-616622307 -64
345906865 -66
-349575693 -62
-16459627 -58
-368444522 -62
-601362622 -65
925546338 -65
1025657216 -65
597630981 -63
0 -37
ALIGNED -1062051779 -63
E2M1 -34 0 0 1 0 0 0 0 0 7 0 0 0 0 15 0 0 0 0 0 0 0 0 9 0 11 10 11 9 1 1 2 0
E2M0 -32 -33 1 0 0 0 0 0 0 0 0 3 0 0 0 0 7 0 0 0 0 0 0 0 0 5 0 5 5 5 0 0 0 1 0
COUNTERS 0 5 0 0 0 2 0 0
CASE 209
113275524 -138
495127740 -138
466415718 -149
418166629 -155
714521547 -149
-728299802 -140
-869014591 -144
-745352327 -138
-680769932 -159
-759675945 -148
138663526 -144
319224635 -150
705214880 -152
0 -110
-48941696 -152
365990345 -147
-782477390 -156
-519282331 -146
934403727 -146
327969970 -146
-352275935 -138
-857193941 -153
-980056491 -149
-779853657 -147
0 -128
0 -110
0 -119
-920433774 -139
-1064545543 -155
-569405559 -147
578190231 -154
-153648186 -141
ALIGNED -2147483648 -143
E2M1 -111 2 6 0 0 0 11 0 15 0 0 0 0 0 0 0 0 0 0 0 0 13 0 0 0 0 0 0 13 0 0 0 0
E2M0 -109 -110 1 1 3 0 0 0 5 0 7 0 0 0 0 0 0 0 0 0 0 0 0 6 0 0 0 0 0 0 7 0 0 0 0
COUNTERS 0 18 0 0 0 1 0 0
CASE 210
137777497 -27
-54078734 -6
-560268443 -15
-888066947 -28
-447869164 -22
-949084401 -12
0 17
-314461164 -18
872046614 -9
146227161 -25
-769499178 -15
897842936 -19
-650335729 -15
1045099593 -20
104746743 -9
1070586490 -29
-1008006568 -18
-394857109 -18
968674945 -11
840806368 -9
0 0
-623762401 -8
855966709 -16
-665127635 -15
0 9
437643472 -24
-774591204 -25
-604608854 -16
400756587 -25
-424052676 -16
-690267528 -13
980326983 -26
ALIGNED -2147453731 -11
E2M1 19 0 11 0 0 0 9 0 0 5 0 0 0 0 0 1 0 0 0 2 5 0 14 0 0 0 0 0 0 0 0 0 0
E2M0 21 20 1 0 6 0 0 0 0 0 0 3 0 0 0 0 0 0 0 0 0 1 3 0 7 0 0 0 0 0 0 0 0 0 0
COUNTERS 0 9 0 0 0 1 0 0
CASE 211
-387540713 -92
-369428882 -92
0 -67
-167318559 -104
1071191601 -96
-183865112 -93
709673553 -99
0 -74
-495075939 -95
0 -61
-187175052 -98
647097246 -87
-652155037 -93
-702389548 -94
830097799 -108
-780263708 -108
0 -76
-233753945 -87
-893603473 -88
-110432992 -93
899299303 -107
784466136 -100
-758490328 -89
-610399521 -95
385460300 -93
0 -76
704541193 -104
-650629204 -96
0 -61
439988368 -91
945983806 -90
154582524 -101
ALIGNED 2147483647 -92
E2M1 -60 0 0 0 0 0 0 0 0 0 0 0 6 0 0 0 0 0 11 13 0 0 0 11 0 0 0 0 0 0 0 2 0
E2M0 -58 -59 1 0 0 0 0 0 0 0 0 0 0 0 3 0 0 0 0 0 6 7 0 0 0 5 0 0 0 0 0 0 0 1 0
COUNTERS 0 8 0 0 0 1 0 0
CASE 212
1037378936 20
-425483337 33
-499598097 36
-818456880 16
-828933352 33
-390758865 24
470837326 22
0 48
-421652980 31
0 48
637588985 36
769912660 18
413602809 25
458907670 21
0 55
1054011120 17
0 60
0 47
788830646 34
-33551860 38
-369893458 37
160270426 24
-495627993 38
-466696059 33
593970962 22
-967519239 37
0 66
220065605 36
-92860303 32
234535268 35
910171810 23
-110824161 22
ALIGNED 505586839 33
E2M1 65 0 0 10 0 0 0 0 0 0 0 2 0 0 0 0 0 0 0 1 0 11 0 14 0 0 14 0 1 0 0 0 0
E2M0 66 66 0 0 0 5 0 0 0 0 0 0 0 1 0 0 0 0 0 0 0 0 0 5 0 7 0 0 7 0 0 0 0 0 0
COUNTERS 0 15 0 0 0 0 0 0
CASE 213
190955134 -67
-943345340 -72
709133719 -75
1004289146 -74
441289197 -56
501959560 -54
-738372752 -76
919737315 -68
253248423 -72
361901327 -67
-1032071420 -70
815472616 -69
-877307959 -66
79274631 -68
-961742303 -65
0 -37
-126573669 -60
599532890 -56
-972069068 -73
0 -41
242399393 -60
-662189454 -63
0 -32
770335981 -72
0 -33
22069390 -53
858269753 -74
-895222366 -60
-436029080 -59
-673354295 -63
-410702731 -67
44610300 -62
ALIGNED 1686607183 -58
E2M1 -27 0 0 0 0 2 6 0 0 0 0 0 0 0 0 0 0 0 2 0 0 0 0 0 0 0 1 0 0 0 0 0 0
E2M0 -26 -26 0 0 0 0 0 1 3 0 0 0 0 0 0 0 0 0 0 0 1 0 0 0 0 0 0 0 0 0 0 0 0 0 0
COUNTERS 0 9 0 0 0 0 0 0
CASE 214
190188821 77
0 94
-237112226 74
652720996 74
991272679 62
-562370297 80
-662140058 62
238655082 61
-590971734 80
-1046310821 66
-539767560 63
820733342 64
-687218431 59
266906920 77
-744933623 75
780245796 68
171052395 66
-463250623 64
-91803322 62
0 103
-205063143 63
-30398644 73
1028946616 68
-660252325 78
0 98
-399755080 66
744026751 63
548826137 65
562745914 65
-449993218 61
425402033 76
198476080 63
ALIGNED -1295391424 75
E2M1 107 0 0 0 0 0 14 0 0 14 0 0 0 0 0 0 0 0 0 0 0 0 0 0 10 0 0 0 0 0 0 0 0
E2M0 109 108 1 0 0 0 0 0 7 0 0 7 0 0 0 0 0 0 0 0 0 0 0 0 0 0 5 0 0 0 0 0 0 0 0
COUNTERS 0 7 0 0 0 2 0 0
CASE 215
736014974 -86
-1066803817 -76
-202149209 -75
-7359451 -86
-999195954 -82
1 159
608697989 -93
-507564583 -95
-763905025 -93
-916124373 -81
521648277 -90
-509169214 -95
-376623475 -79
-596868578 -91
-636328166 -91
231844575 -74
24424222 -70
825299161 -82
0 -64
875275497 -96
-946103980 -77
570121604 -89
498603163 -79
636100587 -86
999742961 -88
804689709 -86
-958214577 -84
-540058848 -81
-481969753 -78
-711824676 -81
892765081 -81
-772986673 -94
ALIGNED 32 154
E2M1 127 0 0 0 0 0 7 0 0 0 0 0 0 0 0 0 0 0 0 0 0 0 0 0 0 0 0 0 0 0 0 0 0
E2M0 127 127 0 0 0 0 0 0 3 0 0 0 0 0 0 0 0 0 0 0 0 0 0 0 0 0 0 0 0 0 0 0 0 0 0
COUNTERS 1 0 2 30 0 1 0 0
CASE 216
0 -85
-133018558 -103
0 -84
-606536314 -102
22575201 -100
-124494130 -111
613621019 -112
963223118 -110
271762628 -115
0 -89
-542967905 -104
-468430431 -112
772723416 -106
618026537 -104
0 -75
1030231194 -118
-538048156 -107
-1007680761 -101
-246113381 -114
888012085 -114
-601359353 -119
0 -85
-55933531 -108
502158658 -104
1034560639 -105
69794863 -116
-836668007 -100
0 -87
74837317 -115
-373159310 -113
-773535094 -100
586413253 -121
ALIGNED -2147474700 -105
E2M1 -72 0 0 0 9 0 0 0 0 0 0 0 0 0 0 0 0 0 12 0 0 0 0 0 0 0 0 13 0 0 0 13 0
E2M0 -71 -71 0 0 0 0 5 0 0 0 0 0 0 0 0 0 0 0 0 0 6 0 0 0 0 0 0 0 0 7 0 0 0 6 0
COUNTERS 0 9 0 0 0 0 0 0
CASE 217
45561997 24
922939239 18
505392013 37
-812341281 23
677950258 26
-1030122877 25
-409007954 17
92104170 18
0 65
-1811068 40
-490294427 21
118422868 20
-570316447 23
219526188 29
646249694 20
570718991 23
0 62
464091357 31
942698966 28
179731273 21
-373986493 26
-81944091 29
-928014119 22
270785649 24
281379943 28
0 56
955280346 33
506358875 33
1009138953 30
-15863973 22
127181851 30
-894192338 32
ALIGNED 2035709605 35
E2M1 64 0 0 6 0 0 0 0 0 0 0 0 0 0 0 0 0 0 0 0 0 0 0 0 0 0 0 1 0 0 0 0 0
E2M0 65 65 0 0 0 3 0 0 0 0 0 0 0 0 0 0 0 0 0 0 0 0 0 0 0 0 0 0 0 0 0 0 0 0 0
COUNTERS 0 4 0 0 0 0 0 0
CASE 218
-128322231 -11
801231640 -19
-721063909 -24
328252958 -23
392433648 -29
710866940 -18
-1013737604 -17
-594897445 -27
-512392051 -25
-294246856 -23
33818922 -16
0 8
-98951219 -26
-970282484 -22
553273726 -30
-887446593 -28
497278696 -24
-445759139 -10
811684128 -27
-148231350 -13
-850518801 -16
-858599406 -18
-644616277 -14
220077099 -22
-215969119 -20
0 17
-33364998 -26
402612470 -11
-726383103 -27
104758613 -20
-976134763 -10
-123727192 -20
ALIGNED -2147483648 -15
E2M1 18 0 0 0 0 0 0 0 0 0 0 0 0 0 0 0 0 0 11 0 0 0 0 0 0 0 0 0 1 0 0 14 0
E2M0 19 19 0 0 0 0 0 0 0 0 0 0 0 0 0 0 0 0 0 0 6 0 0 0 0 0 0 0 0 0 1 0 0 7 0
COUNTERS 0 15 0 0 0 0 0 0
CASE 219
-403857805 -121
-46242119 -114
533413501 -110
-625638272 -108
-351693420 -112
-1064622368 -124
406175581 -108
-302675302 -115
-655015627 -127
924731818 -117
-822416640 -120
1026129873 -124
383233384 -124
433639208 -108
292634494 -108
334028594 -108
-82135410 -114
-438774054 -111
-969149382 -114
-290953370 -125
0 -94
-554066951 -125
-494870928 -122
-663159212 -108
229319190 -120
857442203 -109
0 -89
-24599594 -109
0 -93
811777790 -107
-709044021 -116
-440200141 -118
ALIGNED 2096290269 -112
E2M1 -79 0 0 0 10 0 0 2 0 0 0 0 0 0 2 1 1 0 0 0 0 0 0 0 10 0 2 0 0 0 5 0 0
E2M0 -78 -79 1 0 0 0 6 0 0 2 0 0 0 0 0 0 2 1 1 0 0 0 0 0 0 0 6 0 2 0 0 0 3 0 0
COUNTERS 0 10 0 0 0 1 0 0
CASE 220
-34688524 -128
-701402858 -131
-132790438 -122
-222166968 -127
762025372 -144
815292526 -125
-260900835 -144
360163719 -128
-638580195 -137
165163950 -135
0 -109
-187265795 -143
0 -100
-990499962 -132
-497770770 -126
389951202 -135
-984267948 -125
61681447 -130
633079151 -141
1070115948 -139
-565369755 -143
-911629466 -139
429688574 -124
1031137174 -146
-148095169 -135
-941979620 -125
-907616772 -128
-333608475 -138
0 -115
950267691 -125
-732968810 -142
-507599483 -144
ALIGNED 1653560875 -127
E2M1 -97 0 0 14 0 0 5 0 0 0 0 0 0 0 0 10 0 14 0 0 0 0 0 5 0 0 14 9 0 0 6 0 0
E2M0 -96 -96 0 0 0 7 0 0 3 0 0 0 0 0 0 0 0 5 0 7 0 0 0 0 0 3 0 0 7 0 0 0 3 0 0
COUNTERS 0 6 0 0 0 0 0 0
CASE 221
1975135 45
898810465 25
-819120626 18
-524159148 27
-474213241 23
-521049079 19
-518119746 31
0 63
1022526909 29
838819963 21
-1072986895 17
-205375453 38
665118962 32
0 46
389518802 19
104917666 34
982703492 23
-1025102343 34
-700306801 24
0 55
282632599 38
0 63
-877481771 31
886473139 21
445407486 28
0 50
1029851273 19
-412242552 33
-151665308 30
612253762 27
-634397841 24
910067323 17
ALIGNED 65277527 40
E2M1 64 6 0 0 0 0 0 0 0 0 0 0 13 0 0 0 0 0 10 0 0 6 0 0 0 0 0 0 0 0 0 0 0
E2M0 66 65 1 3 0 0 0 0 0 0 0 0 0 0 7 0 0 0 0 0 5 0 0 3 0 0 0 0 0 0 0 0 0 0 0
COUNTERS 0 0 0 0 0 1 0 0
CASE 222
-278569776 28
0 52
-751144102 37
-651893836 30
-768435626 30
-594713185 35
1001163640 37
-1040216019 18
-996579754 23
868692081 29
506032120 27
-1053312523 38
-788733063 23
0 60
501876940 29
1000864497 38
0 56
0 56
647789018 25
-177238677 21
630693746 20
670957921 32
246117928 22
-849816416 22
55497770 39
-867880379 30
-240505581 22
-703077378 28
879465210 27
364762473 21
500169913 19
454490898 21
ALIGNED 2089182915 34
E2M1 66 0 0 11 0 0 9 4 0 0 0 0 14 0 0 0 6 0 0 0 0 0 0 0 0 1 0 0 0 0 0 0 0
E2M0 67 67 0 0 0 5 0 0 0 2 0 0 0 0 7 0 0 0 3 0 0 0 0 0 0 0 0 0 0 0 0 0 0 0 0
COUNTERS 0 15 0 0 0 0 0 0
CASE 223
233778246 77
648266972 78
0 107
-282801851 76
-197744211 69
580590922 67
852904972 84
0 106
923936410 74
847606592 65
-820774097 66
-691397369 82
-220018626 71
-677300580 74
1028194658 72
-207394949 66
-819072801 77
-718319759 81
0 105
141724308 83
-367327782 68
-802384884 80
119839100 69
0 99
219186772 82
-997555621 79
55740096 67
-521943904 75
-936447253 78
964960494 65
-204660721 77
-961127495 67
ALIGNED -1280960707 79
E2M1 112 0 0 0 0 0 0 5 0 0 0 0 9 0 0 0 0 0 9 0 1 0 0 0 0 0 0 0 0 0 0 0 0
E2M0 113 113 0 0 0 0 0 0 0 3 0 0 0 0 5 0 0 0 0 0 0 0 0 0 0 0 0 0 0 0 0 0 0 0 0
COUNTERS 0 8 0 0 0 0 0 0
CASE 224
914723009 -121
974322475 -122
656585056 -122
1046158880 -125
-770773289 -113
367092703 -119
509214268 -111
688857226 -111
0 -95
0 -85
-431829519 -119
0 -86
572480841 -122
145705285 -125
0 -103
457380136 -118
-676762547 -120
-334630675 -130
-562132795 -123
534338237 -128
951222748 -131
499209335 -128
208959532 -115
161693308 -110
0 -83
-387573261 -114
-715493399 -130
651458610 -125
-238367558 -116
955496664 -121
-228603191 -116
-377421776 -131
ALIGNED 1154389981 -115
E2M1 -84 0 0 0 0 11 0 6 7 0 0 0 0 0 0 0 0 0 0 0 0 0 0 0 4 0 9 0 0 0 0 0 0
E2M0 -82 -83 1 0 0 0 0 5 0 3 3 0 0 0 0 0 0 0 0 0 0 0 0 0 0 0 2 0 0 0 0 0 0 0 0
COUNTERS 0 6 0 0 0 1 0 0
CASE 225
0 79
0 69
-232194609 39
1002552050 51
-746307777 51
-798116656 43
-870674975 53
-318473274 50
232117903 45
-427638636 53
-567837353 36
-937862656 34
906385758 42
851694363 37
360291300 44
244687007 41
882211578 49
0 81
292580158 37
-395884353 33
683040635 52
-1050524269 43
-150809054 35
-138816164 52
269088797 43
41942834 44
-902308256 48
228341772 43
838722087 48
0 66
204851593 40
201816041 46
ALIGNED -100588094 48
E2M1 81 0 0 0 2 9 0 13 0 0 11 0 0 0 0 0 0 0 0 0 0 3 0 0 9 0 0 0 0 0 0 0 0
E2M0 82 82 0 0 0 0 1 5 0 7 0 0 6 0 0 0 0 0 0 0 0 0 0 1 0 0 0 0 0 0 0 0 0 0 0
COUNTERS 0 9 0 0 0 0 0 0
CASE 226
0 -48
548000499 -77
-572449809 -88
740092048 -74
-179063882 -83
922841979 -93
906766072 -80
198474191 -86
225032850 -88
0 -59
-274706930 -94
-923938856 -88
674516587 -80
-864598471 -80
-1036054587 -80
819547078 -78
860157006 -93
994428043 -86
-314392863 -86
170894679 -76
305542241 -76
-152185072 -82
0 -55
1054298641 -83
-442891340 -87
885291828 -75
899981858 -86
914677225 -82
598387429 -93
701076768 -82
947367372 -86
-823440957 -91
ALIGNED 2147282612 -79
E2M1 -47 0 1 0 7 0 0 0 0 0 0 0 0 0 0 0 1 0 0 0 1 1 0 0 0 0 5 0 0 0 0 0 0
E2M0 -45 -46 1 0 1 0 3 0 0 0 0 0 0 0 0 0 0 0 0 0 0 0 0 1 0 0 0 0 3 0 0 0 0 0 0
COUNTERS 0 18 0 0 0 1 0 0
CASE 227
-291049025 -57
0 -21
-458347708 -53
616436482 -61
-668784188 -45
497444631 -51
-898215014 -48
0 -26
1057477012 -59
-1032675455 -61
-1038388934 -60
-886077547 -58
278704203 -54
-441831921 -55
67168699 -46
233766501 -57
-112754793 -61
-343008191 -60
687824829 -55
148671207 -61
998947068 -63
0 -33
-719834735 -58
-15880051 -57
-58392493 -52
-641235129 -59
122474800 -46
-289893672 -45
-958578485 -44
158787558 -52
511531615 -46
229877261 -47
ALIGNED 2147483647 -49
E2M1 -16 0 0 0 0 10 0 0 0 0 0 0 0 0 0 0 0 0 0 0 0 0 0 0 0 0 0 0 9 14 0 1 0
E2M0 -15 -15 0 0 0 0 0 5 0 0 0 0 0 0 0 0 0 0 0 0 0 0 0 0 0 0 0 0 0 0 5 7 0 0 0
COUNTERS 0 6 0 0 0 0 0 0
CASE 228
833501554 75
1051315364 81
-406696399 79
0 107
658285912 74
422380615 71
563424624 78
-226630892 88
-595447421 86
-804052363 72
-467773022 84
724760040 83
-858050713 89
105622007 73
-374074369 81
0 108
-439350522 81
0 111
1061071987 88
-1071241085 84
-733650863 89
-661827029 76
649974076 81
0 118
-617035171 85
1039906612 89
-631879028 71
-87975608 90
0 112
320955944 79
-272279018 89
761281275 88
ALIGNED 2147483647 85
E2M1 117 0 0 0 0 0 0 0 9 9 0 0 0 13 0 0 0 0 0 4 0 13 0 0 0 0 6 0 9 0 0 10 3
E2M0 118 118 0 0 0 0 0 0 0 0 0 0 0 0 0 7 0 0 0 0 0 2 0 6 0 0 0 0 3 0 5 0 0 5 1
COUNTERS 0 13 0 0 0 0 0 0
CASE 229
924250382 3
751494952 15
1026281743 10
333639712 5
642346603 19
-176205453 13
-716748465 6
675434702 19
0 46
903418568 13
-598575052 23
0 38
463950422 24
344501588 12
-672061529 7
0 44
34045479 13
759666248 3
-723215613 12
69278661 6
428051272 12
977580256 3
116318131 10
-294617198 15
-829078676 8
-903715908 20
-365915870 20
-657674465 7
-137098436 18
-740073947 20
0 33
52972362 19
ALIGNED -1908539036 19
E2M1 51 0 0 0 0 0 0 0 0 0 0 12 0 5 0 0 0 0 0 0 0 0 0 0 0 0 9 0 0 0 9 0 0
E2M0 52 52 0 0 0 0 0 0 0 0 0 0 0 6 0 3 0 0 0 0 0 0 0 0 0 0 0 0 0 0 0 0 0 0 0
COUNTERS 0 5 0 0 0 0 0 0
CASE 230
0 64
-677376745 34
782892342 25
-608961614 25
506452503 38
0 68
0 62
133426034 41
907022497 26
-517761001 27
173223107 29
-596987450 40
-73640072 46
0 65
-484305940 37
309632160 28
-911071406 26
-1014584523 43
214634624 40
-961521610 23
0 65
814463910 38
-1043534715 30
415709538 26
0 62
-205221686 45
538320441 30
-759421839 33
0 54
-478996602 29
-1013899717 40
-653811980 40
ALIGNED -2147483648 41
E2M1 71 0 0 0 0 0 0 0 0 0 0 0 9 12 0 0 0 0 14 0 0 0 0 0 0 0 13 0 0 0 0 9 9
E2M0 72 72 0 0 0 0 0 0 0 0 0 0 0 0 0 6 0 0 0 0 7 0 0 0 0 0 0 0 7 0 0 0 0 0 0
COUNTERS 0 8 0 0 0 0 0 0
CASE 231
0 -75
0 -84
584494712 -96
-738860097 -96
582716819 -98
871513946 -102
-608573374 -107
146552644 -95
-605776950 -95
-1025336536 -97
-219953215 -107
-973281201 -102
257608455 -111
550623689 -97
122678637 -96
-776742032 -93
1010361455 -96
-10034929 -90
0 -68
0 -66
986927093 -93
710007481 -100
582051293 -108
232321962 -105
0 -83
705810294 -99
877046760 -103
769507457 -112
0 -81
-707068826 -93
672864667 -103
-566486606 -95
ALIGNED -1337815168 -95
E2M1 -65 0 0 1 9 0 0 0 0 9 0 0 0 0 0 0 13 1 9 0 0 6 0 0 0 0 0 0 0 0 13 0 9
E2M0 -64 -64 0 0 0 0 0 0 0 0 0 5 0 0 0 0 0 0 6 0 0 0 0 3 0 0 0 0 0 0 0 0 6 0 5
COUNTERS 0 1 0 0 0 0 0 0
CASE 232
393539900 -44
-887196869 -37
0 -19
379997176 -55
-825336578 -51
837515519 -37
890960049 -37
765635779 -50
-443257592 -35
980205698 -42
0 -7
851513206 -37
71891629 -51
-1 -92
-692836055 -43
-625678086 -55
564006113 -56
116477719 -32
-670655414 -39
-147200588 -35
-643486513 -38
974821957 -41
-1065503456 -46
-609716885 -35
-429236576 -44
39004279 -41
-70999338 -33
694266697 -38
-398611569 -38
47750497 -32
444994226 -45
569747248 -47
ALIGNED -469345527 -37
E2M1 -7 0 10 0 0 0 2 2 0 11 0 0 2 0 0 0 0 0 5 0 9 9 0 0 12 0 0 10 1 0 3 0 0
E2M0 -6 -6 0 0 5 0 0 0 1 1 0 6 0 0 1 0 0 0 0 0 3 0 5 0 0 0 6 0 0 5 0 0 1 0 0
COUNTERS 0 2 0 1 0 0 0 0
CASE 233
18777831 30
45620854 23
-370478154 14
403044415 25
866660969 12
-334377842 10
43232385 30
715449840 12
-328487660 13
1016138895 9
-514696438 14
399457766 13
981687189 16
865756345 12
-95072863 22
-169970214 23
1002809948 20
-904784610 14
-725817100 23
-556655888 6
77250391 17
169558537 19
911062171 23
861847674 23
367949021 28
-68869950 10
275653052 13
609949703 10
450104470 20
-375024503 25
0 50
-413317203 23
ALIGNED 1669129843 25
E2M1 54 2 0 0 2 0 0 5 0 0 0 0 0 0 0 0 0 0 0 9 0 0 0 1 1 7 0 0 0 0 9 0 0
E2M0 56 55 1 1 0 0 1 0 0 2 0 0 0 0 0 0 0 0 0 0 0 0 0 0 0 0 0 3 0 0 0 0 5 0 0
COUNTERS 0 10 0 0 0 1 0 0
CASE 234
57451148 -140
49409903 -135
845756270 -149
-51281629 -127
-611706039 -141
333946800 -138
-849392571 -141
-740549561 -146
-111927537 -132
-14868471 -130
-907474922 -140
-417848153 -146
1034986873 -135
0 -102
-845866719 -138
334131693 -145
247134976 -136
-446573931 -133
1003629921 -143
875460118 -138
0 -102
-710415410 -128
0 -112
-605106163 -148
0 -119
240257089 -133
446884312 -137
-893834775 -128
-545615129 -145
-958345997 -148
131259940 -136
-799888165 -142
ALIGNED -2140061043 -132
E2M1 -100 0 0 0 9 0 0 0 0 0 0 0 0 0 0 0 0 0 0 0 0 0 13 0 0 0 0 0 13 0 0 0 0
E2M0 -99 -99 0 0 0 0 0 0 0 0 0 0 0 0 0 0 0 0 0 0 0 0 0 0 6 0 0 0 0 0 7 0 0 0 0
COUNTERS 0 5 0 0 0 0 0 0
CASE 235
0 34
161783933 10
771538850 6
721675976 7
-686694956 13
-433188603 11
-1054935061 -1
-53682492 0
396733051 -1
0 25
215783362 -4
1025316358 9
123375624 -4
910919105 6
-717302505 9
-212222163 9
622593836 -6
-532435968 15
96542305 6
0 31
-213939176 7
-729119480 11
988165050 -4
0 43
612016333 10
-1070529265 9
-977795508 -1
0 35
-332524754 11
-276749596 -5
-8405543 14
-816399651 2
ALIGNED -2147483648 10
E2M1 42 0 0 0 0 11 0 0 0 0 0 0 0 0 0 0 0 0 14 0 0 0 9 0 0 0 0 0 0 0 0 0 0
E2M0 43 43 0 0 0 0 0 5 0 0 0 0 0 0 0 0 0 0 0 0 7 0 0 0 0 0 0 0 0 0 0 0 0 0 0
COUNTERS 0 11 0 0 0 0 0 0
CASE 236
612875525 -74
0 -50
0 -50
413365269 -70
-317781205 -73
41756404 -69
0 -35
-588695105 -80
0 -35
-660671298 -72
463428718 -62
0 -38
-376066717 -76
615601682 -62
-49393111 -67
0 -36
-961717740 -66
1049922576 -74
770155672 -71
634371468 -63
697139386 -67
-147550113 -76
-176466501 -78
25774777 -63
656972745 -73
-910324977 -70
298219519 -71
-532965183 -78
966984162 -68
928343321 -71
-673360675 -69
-468695182 -60
ALIGNED -2147483648 -65
E2M1 -33 0 0 0 0 0 0 0 0 0 0 2 0 0 2 0 0 0 0 0 1 0 0 0 0 0 0 0 0 0 0 0 13
E2M0 -32 -32 0 0 0 0 0 0 0 0 0 0 0 1 0 0 1 0 0 0 0 0 1 0 0 0 0 0 0 0 0 0 0 0 7
COUNTERS 0 9 0 0 0 0 0 0
CASE 237
-813727396 -106
922658354 -89
731295625 -91
-518735277 -86
525690512 -99
-612178553 -96
-374060818 -85
976223223 -98
249474442 -89
641899378 -98
-448829493 -99
-84458431 -99
0 -68
983652902 -103
910666115 -93
283108480 -86
960059794 -104
-758667975 -107
119474678 -87
-268353007 -104
839959744 -99
-226109941 -86
-923942345 -97
0 -65
-37484821 -93
290278279 -94
558386056 -95
454086605 -101
455770114 -88
-443720484 -105
34853037 -96
0 -67
ALIGNED 377245860 -90
E2M1 -59 0 2 0 14 0 0 15 0 0 0 0 0 0 0 0 4 0 0 1 0 0 11 0 0 0 0 0 0 2 0 0 0
E2M0 -57 -58 1 0 1 0 7 0 0 7 0 0 0 0 0 0 0 0 2 0 0 0 0 0 6 0 0 0 0 0 0 1 0 0 0
COUNTERS 0 8 0 0 0 1 0 0
CASE 238
0 8
-279158366 -20
-128824135 -13
363167583 -27
-735369825 -35
620693957 -16
956986185 -29
0 4
596261006 -14
304304789 -18
997653293 -16
249536289 -33
-1035195821 -17
0 15
-139338047 -26
-93896759 -22
-610340900 -30
916199354 -26
-740120418 -15
-814051110 -15
536452916 -31
359984048 -23
-952463394 -35
-262784494 -16
-560455638 -28
-66124659 -17
0 15
-236197194 -18
789877835 -15
0 -5
-1022214823 -28
0 -3
ALIGNED 2146485390 -18
E2M1 13 0 0 12 0 0 2 0 0 6 0 4 0 10 0 0 0 0 0 13 13 0 0 0 9 0 0 0 0 5 0 0 0
E2M0 15 14 1 0 0 6 0 0 1 0 0 3 0 2 0 5 0 0 0 0 0 6 7 0 0 0 0 0 0 0 0 2 0 0 0
COUNTERS 0 12 0 0 0 1 0 0
CASE 239
-658646504 -38
-354948999 -41
-921263265 -37
456132827 -50
836756979 -35
-903056747 -40
-288505234 -48
-5498983 -26
-922453297 -47
-380442882 -40
-965518697 -44
491471324 -44
-1004694716 -38
-1020096389 -38
-155051090 -48
135527433 -45
702811393 -50
233282440 -30
0 -22
394511487 -47
72571446 -39
0 -23
0 -3
-547592003 -38
-64216318 -44
131761266 -47
0 -8
-136978131 -34
373208207 -34
383940763 -47
1040809009 -47
-1026752592 -44
ALIGNED 330048104 -31
E2M1 -4 0 0 0 0 1 0 0 11 0 0 0 0 0 0 0 0 0 5 0 0 0 0 0 0 0 0 0 0 1 0 0 0
E2M0 -3 -3 0 0 0 0 0 0 0 0 5 0 0 0 0 0 0 0 0 0 3 0 0 0 0 0 0 0 0 0 0 0 0 0 0
COUNTERS 0 0 0 0 0 0 0 0
CASE 240
663466052 -87
931813421 -91
-88278452 -86
590351202 -92
-384262387 -89
436096356 -87
816837166 -92
378843630 -99
-475300680 -97
0 -65
0 -70
-445852227 -101
513650469 -87
967973410 -88
578434731 -92
-883518344 -89
-371355823 -88
-655419480 -89
276265105 -98
-599345658 -96
-24473653 -94
869364397 -89
308774464 -96
0 -63
-675405851 -102
686854350 -99
-754420795 -94
-582194118 -89
117427977 -87
0 -58
99517496 -84
-966766430 -83
ALIGNED -2147483648 -88
E2M1 -55 0 0 0 0 0 0 0 0 0 0 0 0 0 0 0 0 0 0 0 0 0 0 0 0 0 0 0 0 0 0 0 14
E2M0 -54 -54 0 0 0 0 0 0 0 0 0 0 0 0 0 0 0 0 0 0 0 0 0 0 0 0 0 0 0 0 0 0 0 0 7
COUNTERS 0 5 0 0 0 0 0 0
CASE 241
-862749413 -15
-137481021 -21
707495471 -4
103467323 -17
-1068436333 -23
870366238 -10
99974243 -4
-278790879 -15
-200966842 -17
0 12
-70711917 -9
0 6
-158919295 -4
0 8
836736069 -5
-418935808 -21
70830210 -20
537207165 -18
513748279 -5
966974734 -24
-834625582 -25
576709695 -22
-542801422 -17
-546295017 -13
63932430 -5
1014035922 -5
-147379610 -18
-815468402 -7
502772576 -4
0 14
452204344 -3
-566821769 -11
ALIGNED 2076630926 -8
E2M1 24 0 0 5 0 0 0 1 0 0 0 0 0 9 0 3 0 0 0 2 0 0 0 0 0 0 4 0 9 4 0 5 0
E2M0 25 25 0 0 0 2 0 0 0 0 0 0 0 0 0 5 0 2 0 0 0 1 0 0 0 0 0 0 2 0 0 2 0 3 0
COUNTERS 0 13 0 0 0 0 0 0
CASE 242
114333281 9
-173812857 15
131688673 12
-330695957 16
0 52
-549133012 13
610942751 14
-617009644 6
811715231 22
-1066125622 27
-188751302 14
-75967763 14
-643846074 12
-196209799 28
-197529170 9
-555048692 15
470043589 19
623672403 19
336762799 20
862410656 17
-730410716 6
224727609 27
-730765578 16
-771728689 18
-67025840 28
0 53
769521152 8
765388336 23
0 39
-142596168 20
-722488046 22
792790958 19
ALIGNED -166679509 23
E2M1 55 0 0 0 0 0 0 0 0 0 14 0 0 0 11 0 0 0 0 0 0 0 2 0 0 9 0 0 0 0 0 0 0
E2M0 56 56 0 0 0 0 0 0 0 0 0 0 7 0 0 0 5 0 0 0 0 0 0 0 1 0 0 0 0 0 0 0 0 0 0
COUNTERS 0 7 0 0 0 0 0 0
CASE 243
-493400349 -70
-554594808 -64
-75686684 -56
-63567947 -73
363498737 -58
0 -33
0 -46
-1066980508 -71
398214628 -62
-191185818 -61
-758070145 -69
-149015660 -59
595037304 -70
-240901427 -71
-563503222 -77
-894956287 -75
1035787273 -64
-814806787 -59
357279837 -68
936435349 -61
667138871 -61
509892832 -64
518618062 -60
-613046521 -58
-580278602 -60
603010283 -60
-486698086 -60
1064916224 -64
0 -44
-777046467 -75
-233013659 -64
819357991 -57
ALIGNED 2147483647 -61
E2M1 -29 0 0 9 0 1 0 0 0 0 0 0 0 0 0 0 0 0 10 0 0 0 0 0 10 9 1 0 0 0 0 0 5
E2M0 -28 -29 1 0 0 5 0 1 0 0 0 0 0 0 0 0 0 0 0 0 6 0 0 0 0 0 6 5 1 0 0 0 0 0 3
COUNTERS 0 6 0 0 0 1 0 0
CASE 244
0 -6
-167379215 -35
46085609 -32
-984654182 -38
1044822934 -30
-390758243 -40
-91560283 -26
-591431168 -30
409108167 -31
0 -3
538882037 -21
65979833 -35
293281520 -38
161622048 -39
-604864585 -28
373658369 -39
0 -9
757770072 -24
770348188 -38
-624087023 -36
-139001229 -18
0 -10
0 -4
-265850011 -18
0 -6
1020776291 -28
0 -10
541655724 -38
0 -4
-589785094 -21
-929197624 -40
-967199885 -22
ALIGNED -2147483648 -23
E2M1 8 0 0 0 0 0 0 0 0 0 0 2 0 0 0 0 0 0 0 0 0 12 0 0 14 0 0 0 0 0 10 0 10
E2M0 9 9 0 0 0 0 0 0 0 0 0 0 0 1 0 0 0 0 0 0 0 0 0 6 0 0 7 0 0 0 0 0 5 0 5
COUNTERS 0 11 0 0 0 0 0 0
CASE 245
-965263056 -133
809526108 -142
999613545 -131
0 -95
-302292544 -130
-958458550 -138
667310718 -139
-1066515070 -124
-237505285 -123
-33073992 -125
1013562790 -130
0 -101
560086675 -132
-953120130 -143
-366445755 -139
507123986 -121
878364789 -122
-367383073 -126
-879419932 -125
815669983 -137
-460017231 -130
-315078097 -130
289280575 -128
-806393020 -123
650331242 -122
0 -98
-384448011 -122
-112319706 -136
532321285 -139
-153277555 -133
-198580804 -136
639572829 -122
ALIGNED 2147483647 -126
E2M1 -94 0 0 0 0 0 0 0 10 9 0 0 0 0 0 0 6 5 0 9 0 0 0 0 11 4 0 11 0 0 0 0 4
E2M0 -93 -93 0 0 0 0 0 0 0 0 5 0 0 0 0 0 0 0 3 3 0 0 0 0 0 0 6 2 0 5 0 0 0 0 2
COUNTERS 0 12 0 0 0 0 0 0
CASE 246
-1058530499 32
-926420988 39
1012493951 35
885251344 42
-373687871 35
-93551067 31
972249661 38
-993031809 28
951473048 46
-1041613888 39
-611665048 45
855419752 28
492339704 38
0 76
174899332 42
0 64
-899020265 40
0 62
-916702480 41
678056065 46
576860873 38
-120474947 36
617076934 31
-1068946493 29
894961502 38
0 73
-382487582 38
399008967 33
-785730312 28
-625879769 47
0 71
643374128 49
ALIGNED 2147483647 44
E2M1 76 0 0 0 0 0 0 0 0 2 0 9 0 0 0 0 0 0 0 0 1 0 0 0 0 0 0 0 0 0 10 0 6
E2M0 78 77 1 0 0 0 0 0 0 0 0 1 0 0 0 0 0 0 0 0 0 0 1 0 0 0 0 0 0 0 0 0 5 0 3
COUNTERS 0 6 0 0 0 1 0 0
CASE 247
0 -3
586422458 -36
-143849243 -40
438479139 -41
302625780 -44
-856995081 -36
850882679 -31
788875218 -37
-471326386 -32
-643749503 -30
-88102226 -44
-340956974 -42
-827952270 -45
-851814569 -49
-713054315 -32
0 -11
0 -1
88025034 -43
-1010536561 -48
225382623 -36
0 -7
0 -17
1029830360 -46
-409785012 -39
0 -20
863666179 -45
-180965305 -31
0 -1
0 -2
0 -6
-717394935 -43
-1050589849 -42
ALIGNED -2147483648 -35
E2M1 -3 0 0 0 0 0 0 5 0 10 14 0 0 0 0 11 0 0 0 0 0 0 0 0 0 0 0 9 0 0 0 0 0
E2M0 -1 -2 1 0 0 0 0 0 0 3 0 5 7 0 0 0 0 5 0 0 0 0 0 0 0 0 0 0 0 5 0 0 0 0 0
COUNTERS 0 11 0 0 0 1 0 0
CASE 248
-618231029 -60
-90773502 -65
815410940 -71
0 -45
385948550 -64
-483588919 -59
456322640 -69
-800472175 -59
212088236 -63
-67784699 -67
-548618779 -62
-834792475 -69
910449348 -58
-82526217 -59
1040074547 -62
-121887181 -55
-301373002 -70
197472168 -53
-704362491 -58
858341387 -61
-214821137 -73
-358315742 -56
0 -34
895799603 -56
594622981 -63
310685605 -56
302461508 -69
0 -33
683427351 -74
-716716394 -65
-31128795 -52
-988948758 -71
ALIGNED 1148502173 -57
E2M1 -28 0 0 0 0 0 0 0 9 0 0 0 0 2 0 0 10 0 7 9 0 0 11 0 5 0 2 0 0 0 0 12 0
E2M0 -26 -27 1 0 0 0 0 0 0 0 0 0 0 0 0 1 0 0 5 0 3 5 0 0 5 0 3 0 1 0 0 0 0 6 0
COUNTERS 0 6 0 0 0 1 0 0
CASE 249
-1025461075 29
-677500618 31
17677463 18
-1 42
485745294 28
-26860729 24
-975999896 27
-1056872477 22
845646575 15
265529856 31
672611001 30
-45314417 17
0 60
653552454 12
-208215751 26
-758300821 31
-743376163 17
986076142 14
166209110 15
-191701256 29
731709714 16
-735218646 20
527802222 32
-172922022 17
-261583754 26
-880853513 18
-1019661931 26
0 44
964582153 23
-601384929 11
749695856 23
-945757773 27
ALIGNED -2885099 37
E2M1 59 10 13 0 0 0 0 0 0 0 2 3 0 0 0 0 13 0 0 0 0 0 0 6 0 0 0 0 0 0 0 0 0
E2M0 60 60 0 5 6 0 0 0 0 0 0 0 1 1 0 0 0 0 6 0 0 0 0 0 0 3 0 0 0 0 0 0 0 0 0
COUNTERS 0 0 0 0 0 0 0 0
CASE 250
0 -15
-615740319 -49
0 -5
-926073289 -49
-306973291 -46
315333925 -34
-618079570 -32
-18725602 -28
0 -18
-294254776 -34
614878205 -33
-564183903 -48
-670944865 -46
-1055192899 -43
0 -23
808257192 -47
87377584 -42
1025584956 -44
763312831 -51
817627874 -39
-698580960 -50
-529175659 -35
-560114731 -39
-521454171 -34
601751143 -40
891605105 -47
1038737015 -40
-577698191 -42
130166336 -42
0 -4
309062766 -43
-217085838 -34
ALIGNED -1695674669 -33
E2M1 -5 0 0 0 0 0 1 14 12 0 9 4 0 0 0 0 0 0 0 0 0 0 9 0 10 0 0 0 0 0 0 0 9
E2M0 -3 -4 1 0 0 0 0 0 1 7 6 0 5 2 0 0 0 0 0 0 0 0 0 0 0 0 5 0 0 0 0 0 0 0 0
COUNTERS 0 0 0 0 0 1 0 0
CASE 251
617164490 -106
-303694982 -112
715599412 -106
-457542311 -108
-938851590 -106
-56230397 -105
634577257 -116
144454358 -104
-310541558 -115
-974927274 -121
91571536 -122
968126375 -123
-443054485 -121
400038890 -116
-905329490 -114
-837703940 -118
81724414 -117
1007259003 -112
0 -86
983395114 -115
-994412754 -109
38628804 -114
0 -85
-566776604 -107
-318690753 -122
151837751 -105
-881074882 -105
62294141 -103
0 -91
319567595 -107
-124894462 -122
18501595 -101
ALIGNED 138633481 -106
E2M1 -77 2 0 3 0 11 0 0 2 0 0 0 0 0 0 0 0 0 0 0 0 0 0 0 9 0 1 13 2 0 1 0 2
E2M0 -76 -76 0 1 0 1 0 6 0 0 1 0 0 0 0 0 0 0 0 0 0 0 0 0 0 0 5 0 1 7 1 0 0 0 1
COUNTERS 0 0 0 0 0 0 0 0
CASE 252
-614247188 73
502335490 67
-936381357 69
-1063940509 64
156685654 71
140155658 56
0 92
-998761311 54
318393824 69
-47309502 78
-768315296 60
-106373707 76
0 97
707665721 68
764541978 58
92481842 58
-1065614017 70
-308133613 70
247989849 76
-72988807 76
-52968656 61
0 83
-115528995 63
-1004838089 73
876502619 74
330602010 72
296487158 75
-748027822 56
-133357134 57
-901477212 57
889997420 66
87802698 75
ALIGNED 1709958121 73
E2M1 102 10 0 0 0 0 0 0 0 0 13 0 11 0 0 0 0 0 0 6 10 0 0 0 12 5 1 4 0 0 0 0 1
E2M0 103 103 0 5 0 0 0 0 0 0 0 0 6 0 6 0 0 0 0 0 0 3 5 0 0 0 6 3 0 2 0 0 0 0 1
COUNTERS 0 3 0 0 0 0 0 0
CASE 253
617439748 -21
338139090 -17
-558975907 -4
465111655 -13
0 14
490649926 -11
875175701 -22
1049715948 -16
-1023272977 -18
-85609000 -13
0 8
0 27
567621351 -12
-110953477 -12
231515678 0
-835663413 -4
-676751779 -22
180470749 -14
-464355844 -5
0 27
943710024 -7
45076702 3
314001464 -10
980563946 -5
-977438301 -15
-735607768 -6
-94986111 -8
-985434351 -10
861290000 -10
704989342 -12
496057259 -1
-68968602 -4
ALIGNED 2130241497 -2
E2M1 26 0 0 9 0 0 0 0 0 0 0 0 0 0 0 5 10 0 0 0 0 0 7 0 1 0 0 0 0 0 0 6 0
E2M0 28 27 1 0 0 5 0 0 0 0 0 0 0 0 0 0 0 3 5 0 0 0 0 0 3 0 0 0 0 0 0 0 0 3 0
COUNTERS 0 1 0 0 0 1 0 0
CASE 254
-654961598 -51
-874974400 -50
36567706 -31
521806677 -36
434435024 -43
685643607 -55
34239725 -50
152236411 -36
771025687 -45
-384739845 -55
-799629889 -44
-58154766 -45
0 -20
986408496 -42
-535018723 -46
-459933315 -41
-645004589 -39
-294944248 -35
377383550 -39
-531996824 -50
-519125811 -50
-1032396803 -49
-599719973 -56
0 -11
-998449481 -48
-95285903 -37
-808691788 -39
-161454045 -38
89365829 -41
-237231212 -48
1061958757 -45
-113485151 -44
ALIGNED 1037816009 -36
E2M1 -8 0 0 6 4 0 0 0 1 0 0 0 0 0 0 0 0 9 12 0 0 0 0 0 0 0 0 9 0 0 0 0 0
E2M0 -6 -7 1 0 0 3 2 0 0 0 1 0 0 0 0 0 0 0 0 0 6 0 0 0 0 0 0 0 0 0 0 0 0 0 0
COUNTERS 0 0 0 0 0 1 0 0
CASE 255
-618245980 -136
-51143682 -138
0 -101
628784567 -140
-153403318 -121
0 -103
311213135 -136
-286626416 -125
836732185 -130
-820691939 -140
-39740612 -132
-704956761 -138
47428784 -129
116837145 -122
5990058 -131
219507715 -134
163765974 -124
132823741 -127
0 -103
0 -95
192216475 -137
-1033775293 -124
0 -93
-323304674 -126
-683673932 -124
796539270 -142
0 -93
-594434716 -135
417693088 -121
356985438 -129
-990547164 -124
-1039065752 -125
ALIGNED -2147483648 -126
E2M1 -94 0 0 0 0 10 0 0 0 0 0 0 0 0 1 0 0 0 0 0 0 0 10 0 0 9 0 0 0 5 0 10 9
E2M0 -93 -94 1 0 0 0 0 6 0 0 0 0 0 0 0 0 1 0 0 0 0 0 0 0 6 0 0 5 0 0 0 3 0 6 5
COUNTERS 0 9 0 0 0 1 0 0
CASE 256
890674709 61
0 95
849776560 52
978398489 58
0 95
-205118051 65
860614303 57
803167526 68
-935319785 68
-462042481 54
0 96
0 93
-1016132478 51
868232065 58
537461645 51
112266862 66
1595766 65
-50048115 65
552147621 51
-877725958 65
0 79
360892419 65
859799580 68
-96890507 71
-797670904 49
990393895 58
-622126110 66
719759335 56
-96039123 55
180818200 54
74758812 51
0 92
ALIGNED -2039749556 66
E2M1 96 0 0 0 0 0 0 0 5 13 0 0 0 0 0 0 0 0 0 0 9 0 0 5 13 0 0 9 0 0 0 0 0
E2M0 97 97 0 0 0 0 0 0 0 0 2 7 0 0 0 0 0 0 0 0 0 0 0 0 0 3 6 0 0 5 0 0 0 0 0
COUNTERS 0 1 0 0 0 0 0 0
CASE 257
0 -29
451757508 -64
517020832 -47
-336654371 -51
728644600 -55
376968147 -46
0 -38
75739326 -48
-467041645 -58
370045101 -55
624942243 -65
-343566738 -64
-287372882 -62
-207512646 -59
-391695536 -47
-1034345752 -59
144266277 -57
514577404 -47
766073255 -54
609170963 -52
226638595 -57
-135656324 -48
-442836290 -49
-687126450 -52
346045418 -67
443432388 -48
-461623007 -46
-79371194 -54
736390001 -54
-695466422 -64
-11662676 -53
-72973649 -64
ALIGNED -2058444371 -51
E2M1 -19 0 0 4 0 0 5 0 0 0 0 0 0 0 0 11 0 0 4 0 0 0 9 9 0 0 2 13 0 0 0 0 0
E2M0 -18 -18 0 0 0 2 0 0 2 0 0 0 0 0 0 0 0 5 0 0 2 0 0 0 0 0 0 0 1 7 0 0 0 0 0
COUNTERS 0 14 0 0 0 0 0 0
CASE 258
78112484 -135
756970478 -151
-31446644 -142
876209620 -149
498055314 -133
348439663 -134
-438698347 -131
-573714420 -130
723638164 -138
914301561 -149
-943103498 -133
166960514 -142
-370510847 -135
755215153 -132
-284379667 -148
17150324 -129
282842283 -143
-83799675 -139
-661313257 -141
0 -107
-120291285 -131
1071010592 -132
-471937952 -139
539034209 -145
272428882 -143
624519345 -138
929650265 -144
894674163 -138
-799365933 -148
1054544479 -133
-509695579 -149
758565750 -150
ALIGNED 2147479667 -134
E2M1 -103 0 0 0 0 1 0 11 14 0 0 10 0 0 3 0 1 0 0 0 0 9 4 0 0 0 0 0 0 0 2 0 0
E2M0 -101 -102 1 0 0 0 0 0 0 6 7 0 0 5 0 0 1 0 0 0 0 0 0 0 2 0 0 0 0 0 0 0 1 0 0
COUNTERS 0 8 0 0 0 1 0 0
CASE 259
0 94
183403409 66
-327174574 76
-420169570 64
337457341 66
0 104
109483740 85
242737596 80
0 109
-948366624 83
-262700329 82
940243820 82
0 92
-634552894 65
662839394 66
0 101
833262812 81
701058262 82
-349087335 80
-204069558 80
-204442138 64
0 105
-100380517 68
528985371 80
-148764606 69
-651056527 69
-363743937 68
158325752 76
-191642088 64
147835022 65
-482822530 76
933829772 80
ALIGNED 2147483647 80
E2M1 111 0 0 0 0 0 0 3 0 0 14 9 4 0 0 0 0 2 3 0 0 0 0 0 0 0 0 0 0 0 0 0 1
E2M0 112 112 0 0 0 0 0 0 0 2 0 0 7 0 2 0 0 0 0 1 1 0 0 0 0 0 0 0 0 0 0 0 0 0 0
COUNTERS 0 7 0 0 0 0 0 0
CASE 260
0 6
701058179 -17
-201743281 -18
-1009453474 -22
0 4
-165406577 -15
-641991113 -20
-133816784 -28
-94989393 -29
979700284 -20
-778188141 -26
427409263 -28
250243276 -16
-724585832 -22
-686519923 -15
748390116 -32
-907290634 -21
-390593367 -18
-509506319 -20
-770941388 -19
-849482213 -22
-760650120 -28
352874227 -16
-477710121 -14
-428082309 -12
-734933720 -15
980310539 -27
786243526 -24
807788014 -21
658857228 -17
-239123373 -23
-561345923 -30
ALIGNED -1434844633 -17
E2M1 15 0 0 0 0 0 0 0 0 0 0 0 0 0 0 9 0 0 0 0 0 0 0 0 10 13 9 0 0 0 0 0 0
E2M0 16 16 0 0 0 0 0 0 0 0 0 0 0 0 0 0 0 5 0 0 0 0 0 0 0 0 5 7 5 0 0 0 0 0 0
COUNTERS 0 10 0 0 0 0 0 0
CASE 261
0 -5
552814617 -39
666067470 -37
690817645 -27
0 11
-353197566 -30
-102702705 -24
695360942 -38
-415692213 -24
-644557965 -30
758920936 -30
714895 -20
729429223 -23
-347569570 -37
-185336284 -36
469764009 -34
678269961 -23
0 1
110155639 -18
-698583607 -18
-54978138 -25
861182394 -37
50128849 -34
957028901 -29
271169330 -19
-23786450 -34
-707778533 -24
988864855 -23
315693798 -32
-787342108 -20
0 10
223793708 -37
ALIGNED -2147469989 -23
E2M1 9 0 0 0 0 0 0 0 0 0 0 0 0 0 0 0 0 0 0 2 15 0 0 0 0 2 0 0 0 0 11 0 0
E2M0 11 10 1 0 0 0 0 0 0 0 0 0 0 0 0 0 0 0 0 0 0 1 7 0 0 0 0 1 0 0 0 0 5 0 0
COUNTERS 0 7 0 0 0 1 0 0
CASE 262
0 86
25749171 72
-710932679 67
-329087487 67
-187694625 65
78654415 57
0 81
0 93
-738579162 68
-422132560 65
118065358 55
-386990197 52
-900853371 67
1050249567 64
0 87
119930155 55
672000405 64
-198860183 58
172010924 67
290825172 64
-738705205 67
223276407 51
767692063 49
484893385 56
-295536872 69
-341034419 67
-520413663 70
-176252898 52
171908229 68
536975780 49
596400495 68
-683834876 52
ALIGNED -610885021 67
E2M1 97 0 2 9 9 0 0 0 0 11 0 0 0 10 0 0 0 0 0 0 0 9 0 0 0 10 9 14 0 1 0 2 0
E2M0 98 98 0 0 1 5 0 0 0 0 0 5 0 0 0 5 0 0 0 0 0 0 0 5 0 0 0 5 0 7 0 0 0 1 0
COUNTERS 0 6 0 0 0 0 0 0
CASE 263
0 114
144363115 80
-459148953 72
1073186850 79
85448867 75
563658661 85
0 103
743836286 91
878454224 71
649207921 85
-191582762 94
67055380 83
-346095640 72
-958221357 91
439348701 77
865593288 91
824310493 73
-353083600 91
0 110
563066957 86
-701490610 76
-456107728 86
22688962 77
-407334519 75
460466855 75
0 101
0 109
-196820088 83
-35245229 93
696051502 90
-920312697 88
1014504178 78
ALIGNED 281411041 89
E2M1 119 0 0 0 0 0 0 0 5 0 0 15 0 0 14 0 5 0 11 0 0 0 0 0 0 0 0 0 0 9 3 9 0
E2M0 121 120 1 0 0 0 0 0 0 0 2 0 0 7 0 0 7 0 3 0 5 0 0 0 0 0 0 0 0 0 0 5 1 0 0
COUNTERS 0 5 0 0 0 1 0 0
CASE 264
927438083 -98
-109217476 -103
-637881050 -89
-13477534 -84
694661471 -101
-950590553 -97
-1032695681 -97
-758088576 -104
773102186 -86
-114522082 -93
719921579 -92
0 -63
566611311 -88
619968033 -93
-136192692 -91
-744340754 -102
695214068 -89
834971312 -95
-718268591 -97
-105130883 -95
713964281 -102
-694345505 -96
878018498 -105
461960551 -99
-754047516 -98
-1046863785 -86
601485121 -90
0 -74
-154500463 -97
876325866 -98
-370752442 -88
385318667 -87
ALIGNED -606208980 -89
E2M1 -58 0 0 9 0 0 0 0 0 5 0 0 0 1 0 0 0 1 0 0 0 0 0 0 0 0 14 0 0 0 0 9 1
E2M0 -57 -57 0 0 0 0 0 0 0 0 0 2 0 0 0 1 0 0 0 0 0 0 0 0 0 0 0 0 7 0 0 0 0 0 1
COUNTERS 0 8 0 0 0 0 0 0
CASE 265
340815616 -69
347721773 -55
75406047 -53
-440731333 -51
375537517 -68
716621458 -58
96840166 -50
732511375 -65
609309662 -55
533088670 -60
-9730301 -59
941702712 -57
-246595498 -52
-637579352 -59
552460060 -63
-977710602 -68
-439749934 -48
919641771 -52
-160683547 -54
609315969 -50
-78658514 -52
-456231556 -61
-269567769 -56
-533339545 -67
601490417 -57
174990567 -60
32741773 -58
316131225 -58
-428893683 -63
-958467871 -60
366969803 -60
-311468772 -49
ALIGNED -2147483648 -53
E2M1 -21 0 0 0 9 0 0 0 0 0 0 0 0 0 0 0 0 13 1 0 2 0 0 0 0 0 0 0 0 0 0 0 10
E2M0 -20 -20 0 0 0 0 0 0 0 0 0 0 0 0 0 0 0 0 0 7 0 0 1 0 0 0 0 0 0 0 0 0 0 0 5
COUNTERS 0 3 0 0 0 0 0 0
CASE 266
0 -59
0 -65
528613481 -91
69799176 -96
892567722 -93
641770528 -97
648367962 -96
0 -57
-386337020 -79
1 -100
-503550263 -93
0 -50
-364740048 -98
1001579648 -99
-477131486 -86
621564385 -90
-608063873 -87
-919861651 -82
0 -68
-804003047 -99
-1046716034 -81
-747444347 -95
350745851 -89
275557181 -90
-431199136 -97
906503202 -86
960756357 -93
371147708 -87
-446411304 -79
0 -54
0 -67
1066665490 -86
ALIGNED -1880817276 -84
E2M1 -52 0 0 0 0 0 0 0 0 13 0 0 0 0 0 0 0 0 10 0 0 12 0 0 0 0 0 0 0 13 0 0 0
E2M0 -51 -51 0 0 0 0 0 0 0 0 0 6 0 0 0 0 0 0 0 0 5 0 0 6 0 0 0 0 0 0 0 7 0 0 0
COUNTERS 0 10 0 1 0 0 0 0
