

================================================================
== Vitis HLS Report for 'gdn_mxfp8_top_impl_Outline_output_mxfp8_lanes'
================================================================
* Date:           Tue Aug  4 23:14:00 2026

* Version:        2025.2 (Build 6295257 on Nov 14 2025)
* Project:        gdn_mxfp8_hls
* Solution:       u55c_250mhz (Vivado IP Flow Target)
* Product family: virtexuplusHBM
* Target device:  xcu55c-fsvh2892-2L-e


================================================================
== Performance Estimates
================================================================
+ Timing: 
    * Summary: 
    +--------+---------+----------+------------+
    |  Clock |  Target | Estimated| Uncertainty|
    +--------+---------+----------+------------+
    |ap_clk  |  4.00 ns|  2.920 ns|     1.08 ns|
    +--------+---------+----------+------------+

+ Latency: 
    * Summary: 
    +---------+---------+-----------+-----------+------+-------+---------+
    |  Latency (cycles) |   Latency (absolute)  |   Interval   | Pipeline|
    |   min   |   max   |    min    |    max    |  min |  max  |   Type  |
    +---------+---------+-----------+-----------+------+-------+---------+
    |     8929|    13217|  35.716 us|  52.868 us|  8929|  13217|       no|
    +---------+---------+-----------+-----------+------+-------+---------+

    + Detail: 
        * Instance: 
        +-----------------------------------------------------------------+------------------------------------------------------+---------+---------+----------+----------+-----+-----+-------------------+
        |                                                                 |                                                      |  Latency (cycles) |  Latency (absolute) |  Interval |      Pipeline     |
        |                             Instance                            |                        Module                        |   min   |   max   |    min   |    max   | min | max |        Type       |
        +-----------------------------------------------------------------+------------------------------------------------------+---------+---------+----------+----------+-----+-----+-------------------+
        |grp_gdn_mxfp8_top_impl_Pipeline_build_mxfp8_output_terms_fu_821  |gdn_mxfp8_top_impl_Pipeline_build_mxfp8_output_terms  |      134|      134|  0.536 us|  0.536 us|    0|    0|  loop pipeline stp|
        |grp_aligned_sum_fu_1377                                          |aligned_sum                                           |      133|      267|  0.532 us|  1.068 us|  133|  267|                 no|
        +-----------------------------------------------------------------+------------------------------------------------------+---------+---------+----------+----------+-----+-----+-------------------+

        * Loop: 
        +----------------------+---------+---------+-----------+-----------+-----------+------+----------+
        |                      |  Latency (cycles) | Iteration |  Initiation Interval  | Trip |          |
        |       Loop Name      |   min   |   max   |  Latency  |  achieved |   target  | Count| Pipelined|
        +----------------------+---------+---------+-----------+-----------+-----------+------+----------+
        |- output_mxfp8_lanes  |     8928|    13216|  279 ~ 413|          -|          -|    32|        no|
        +----------------------+---------+---------+-----------+-----------+-----------+------+----------+



================================================================
== Utilization Estimates
================================================================
* Summary: 
+---------------------+---------+------+---------+---------+-----+
|         Name        | BRAM_18K|  DSP |    FF   |   LUT   | URAM|
+---------------------+---------+------+---------+---------+-----+
|DSP                  |        -|     -|        -|        -|    -|
|Expression           |        -|     -|        0|      271|    -|
|FIFO                 |        -|     -|        -|        -|    -|
|Instance             |        -|     -|     2166|     5725|    -|
|Memory               |        0|     -|     1280|     1312|    0|
|Multiplexer          |        -|     -|        0|     1355|    -|
|Register             |        -|     -|      287|        -|    -|
+---------------------+---------+------+---------+---------+-----+
|Total                |        0|     0|     3733|     8663|    0|
+---------------------+---------+------+---------+---------+-----+
|Available SLR        |     1344|  3008|   869120|   434560|  320|
+---------------------+---------+------+---------+---------+-----+
|Utilization SLR (%)  |        0|     0|       ~0|        1|    0|
+---------------------+---------+------+---------+---------+-----+
|Available            |     4032|  9024|  2607360|  1303680|  960|
+---------------------+---------+------+---------+---------+-----+
|Utilization (%)      |        0|     0|       ~0|       ~0|    0|
+---------------------+---------+------+---------+---------+-----+

+ Detail: 
    * Instance: 
    +-----------------------------------------------------------------+------------------------------------------------------+---------+----+------+------+-----+
    |                             Instance                            |                        Module                        | BRAM_18K| DSP|  FF  |  LUT | URAM|
    +-----------------------------------------------------------------+------------------------------------------------------+---------+----+------+------+-----+
    |grp_aligned_sum_fu_1377                                          |aligned_sum                                           |        0|   0|   750|  3094|    0|
    |grp_gdn_mxfp8_top_impl_Pipeline_build_mxfp8_output_terms_fu_821  |gdn_mxfp8_top_impl_Pipeline_build_mxfp8_output_terms  |        0|   0|  1416|  2631|    0|
    +-----------------------------------------------------------------+------------------------------------------------------+---------+----+------+------+-----+
    |Total                                                            |                                                      |        0|   0|  2166|  5725|    0|
    +-----------------------------------------------------------------+------------------------------------------------------+---------+----+------+------+-----+

    * DSP: 
    N/A

    * Memory: 
    +----------------+--------------------------------------------------------------------------+---------+----+----+-----+------+-----+------+-------------+
    |     Memory     |                                  Module                                  | BRAM_18K| FF | LUT| URAM| Words| Bits| Banks| W*Bits*Banks|
    +----------------+--------------------------------------------------------------------------+---------+----+----+-----+------+-----+------+-------------+
    |exponents_30_U  |gdn_mxfp8_top_impl_Outline_output_mxfp8_lanes_exponents_30_RAM_AUTO_1R1W  |        0|  16|  17|    0|     8|   16|     1|          128|
    |exponents_29_U  |gdn_mxfp8_top_impl_Outline_output_mxfp8_lanes_exponents_30_RAM_AUTO_1R1W  |        0|  16|  17|    0|     8|   16|     1|          128|
    |exponents_28_U  |gdn_mxfp8_top_impl_Outline_output_mxfp8_lanes_exponents_30_RAM_AUTO_1R1W  |        0|  16|  17|    0|     8|   16|     1|          128|
    |exponents_27_U  |gdn_mxfp8_top_impl_Outline_output_mxfp8_lanes_exponents_30_RAM_AUTO_1R1W  |        0|  16|  17|    0|     8|   16|     1|          128|
    |exponents_26_U  |gdn_mxfp8_top_impl_Outline_output_mxfp8_lanes_exponents_30_RAM_AUTO_1R1W  |        0|  16|  17|    0|     8|   16|     1|          128|
    |exponents_25_U  |gdn_mxfp8_top_impl_Outline_output_mxfp8_lanes_exponents_30_RAM_AUTO_1R1W  |        0|  16|  17|    0|     8|   16|     1|          128|
    |exponents_24_U  |gdn_mxfp8_top_impl_Outline_output_mxfp8_lanes_exponents_30_RAM_AUTO_1R1W  |        0|  16|  17|    0|     8|   16|     1|          128|
    |exponents_23_U  |gdn_mxfp8_top_impl_Outline_output_mxfp8_lanes_exponents_30_RAM_AUTO_1R1W  |        0|  16|  17|    0|     8|   16|     1|          128|
    |exponents_22_U  |gdn_mxfp8_top_impl_Outline_output_mxfp8_lanes_exponents_30_RAM_AUTO_1R1W  |        0|  16|  17|    0|     8|   16|     1|          128|
    |exponents_21_U  |gdn_mxfp8_top_impl_Outline_output_mxfp8_lanes_exponents_30_RAM_AUTO_1R1W  |        0|  16|  17|    0|     8|   16|     1|          128|
    |exponents_20_U  |gdn_mxfp8_top_impl_Outline_output_mxfp8_lanes_exponents_30_RAM_AUTO_1R1W  |        0|  16|  17|    0|     8|   16|     1|          128|
    |exponents_19_U  |gdn_mxfp8_top_impl_Outline_output_mxfp8_lanes_exponents_30_RAM_AUTO_1R1W  |        0|  16|  17|    0|     8|   16|     1|          128|
    |exponents_18_U  |gdn_mxfp8_top_impl_Outline_output_mxfp8_lanes_exponents_30_RAM_AUTO_1R1W  |        0|  16|  17|    0|     8|   16|     1|          128|
    |exponents_17_U  |gdn_mxfp8_top_impl_Outline_output_mxfp8_lanes_exponents_30_RAM_AUTO_1R1W  |        0|  16|  17|    0|     8|   16|     1|          128|
    |exponents_16_U  |gdn_mxfp8_top_impl_Outline_output_mxfp8_lanes_exponents_30_RAM_AUTO_1R1W  |        0|  16|  17|    0|     8|   16|     1|          128|
    |exponents_U     |gdn_mxfp8_top_impl_Outline_output_mxfp8_lanes_exponents_30_RAM_AUTO_1R1W  |        0|  16|  17|    0|     8|   16|     1|          128|
    |terms_30_U      |gdn_mxfp8_top_impl_Outline_output_mxfp8_lanes_terms_30_RAM_AUTO_1R1W      |        0|  64|  65|    0|     8|   36|     1|          288|
    |terms_29_U      |gdn_mxfp8_top_impl_Outline_output_mxfp8_lanes_terms_30_RAM_AUTO_1R1W      |        0|  64|  65|    0|     8|   36|     1|          288|
    |terms_28_U      |gdn_mxfp8_top_impl_Outline_output_mxfp8_lanes_terms_30_RAM_AUTO_1R1W      |        0|  64|  65|    0|     8|   36|     1|          288|
    |terms_27_U      |gdn_mxfp8_top_impl_Outline_output_mxfp8_lanes_terms_30_RAM_AUTO_1R1W      |        0|  64|  65|    0|     8|   36|     1|          288|
    |terms_26_U      |gdn_mxfp8_top_impl_Outline_output_mxfp8_lanes_terms_30_RAM_AUTO_1R1W      |        0|  64|  65|    0|     8|   36|     1|          288|
    |terms_25_U      |gdn_mxfp8_top_impl_Outline_output_mxfp8_lanes_terms_30_RAM_AUTO_1R1W      |        0|  64|  65|    0|     8|   36|     1|          288|
    |terms_24_U      |gdn_mxfp8_top_impl_Outline_output_mxfp8_lanes_terms_30_RAM_AUTO_1R1W      |        0|  64|  65|    0|     8|   36|     1|          288|
    |terms_23_U      |gdn_mxfp8_top_impl_Outline_output_mxfp8_lanes_terms_30_RAM_AUTO_1R1W      |        0|  64|  65|    0|     8|   36|     1|          288|
    |terms_22_U      |gdn_mxfp8_top_impl_Outline_output_mxfp8_lanes_terms_30_RAM_AUTO_1R1W      |        0|  64|  65|    0|     8|   36|     1|          288|
    |terms_21_U      |gdn_mxfp8_top_impl_Outline_output_mxfp8_lanes_terms_30_RAM_AUTO_1R1W      |        0|  64|  65|    0|     8|   36|     1|          288|
    |terms_20_U      |gdn_mxfp8_top_impl_Outline_output_mxfp8_lanes_terms_30_RAM_AUTO_1R1W      |        0|  64|  65|    0|     8|   36|     1|          288|
    |terms_19_U      |gdn_mxfp8_top_impl_Outline_output_mxfp8_lanes_terms_30_RAM_AUTO_1R1W      |        0|  64|  65|    0|     8|   36|     1|          288|
    |terms_18_U      |gdn_mxfp8_top_impl_Outline_output_mxfp8_lanes_terms_30_RAM_AUTO_1R1W      |        0|  64|  65|    0|     8|   36|     1|          288|
    |terms_17_U      |gdn_mxfp8_top_impl_Outline_output_mxfp8_lanes_terms_30_RAM_AUTO_1R1W      |        0|  64|  65|    0|     8|   36|     1|          288|
    |terms_16_U      |gdn_mxfp8_top_impl_Outline_output_mxfp8_lanes_terms_30_RAM_AUTO_1R1W      |        0|  64|  65|    0|     8|   36|     1|          288|
    |terms_U         |gdn_mxfp8_top_impl_Outline_output_mxfp8_lanes_terms_30_RAM_AUTO_1R1W      |        0|  64|  65|    0|     8|   36|     1|          288|
    +----------------+--------------------------------------------------------------------------+---------+----+----+-----+------+-----+------+-------------+
    |Total           |                                                                          |        0|1280|1312|    0|   256|  832|    32|         6656|
    +----------------+--------------------------------------------------------------------------+---------+----+----+-----+------+-----+------+-------------+

    * FIFO: 
    N/A

    * Expression: 
    +-----------------------+----------+----+---+----+------------+------------+
    |     Variable Name     | Operation| DSP| FF| LUT| Bitwidth P0| Bitwidth P1|
    +-----------------------+----------+----+---+----+------------+------------+
    |add_ln14_fu_1445_p2    |         +|   0|  0|  13|           6|           1|
    |add_ln29_fu_1471_p2    |         +|   0|  0|  70|          63|          63|
    |add_ln30_fu_1505_p2    |         +|   0|  0|  71|          64|          64|
    |icmp_ln14_fu_1439_p2   |      icmp|   0|  0|  14|           6|           7|
    |ap_block_state7_io     |        or|   0|  0|   2|           1|           1|
    |shl_ln30_1_fu_1580_p2  |       shl|   0|  0|  92|          32|          32|
    |shl_ln30_fu_1601_p2    |       shl|   0|  0|   9|           2|           4|
    +-----------------------+----------+----+---+----+------------+------------+
    |Total                  |          |   0|  0| 271|         174|         172|
    +-----------------------+----------+----+---+----+------------+------------+

    * Multiplexer: 
    +----------------------------+----+-----------+-----+-----------+
    |            Name            | LUT| Input Size| Bits| Total Bits|
    +----------------------------+----+-----------+-----+-----------+
    |ap_NS_fsm                   |  65|         14|    1|         14|
    |command_counters_5_2_out_o  |  14|          3|   24|         72|
    |command_counters_7_2_out_o  |  14|          3|   24|         72|
    |exponents_16_address0       |  14|          3|    3|          9|
    |exponents_16_ce0            |  14|          3|    1|          3|
    |exponents_16_we0            |   9|          2|    1|          2|
    |exponents_17_address0       |  14|          3|    3|          9|
    |exponents_17_ce0            |  14|          3|    1|          3|
    |exponents_17_we0            |   9|          2|    1|          2|
    |exponents_18_address0       |  14|          3|    3|          9|
    |exponents_18_ce0            |  14|          3|    1|          3|
    |exponents_18_we0            |   9|          2|    1|          2|
    |exponents_19_address0       |  14|          3|    3|          9|
    |exponents_19_ce0            |  14|          3|    1|          3|
    |exponents_19_we0            |   9|          2|    1|          2|
    |exponents_20_address0       |  14|          3|    3|          9|
    |exponents_20_ce0            |  14|          3|    1|          3|
    |exponents_20_we0            |   9|          2|    1|          2|
    |exponents_21_address0       |  14|          3|    3|          9|
    |exponents_21_ce0            |  14|          3|    1|          3|
    |exponents_21_we0            |   9|          2|    1|          2|
    |exponents_22_address0       |  14|          3|    3|          9|
    |exponents_22_ce0            |  14|          3|    1|          3|
    |exponents_22_we0            |   9|          2|    1|          2|
    |exponents_23_address0       |  14|          3|    3|          9|
    |exponents_23_ce0            |  14|          3|    1|          3|
    |exponents_23_we0            |   9|          2|    1|          2|
    |exponents_24_address0       |  14|          3|    3|          9|
    |exponents_24_ce0            |  14|          3|    1|          3|
    |exponents_24_we0            |   9|          2|    1|          2|
    |exponents_25_address0       |  14|          3|    3|          9|
    |exponents_25_ce0            |  14|          3|    1|          3|
    |exponents_25_we0            |   9|          2|    1|          2|
    |exponents_26_address0       |  14|          3|    3|          9|
    |exponents_26_ce0            |  14|          3|    1|          3|
    |exponents_26_we0            |   9|          2|    1|          2|
    |exponents_27_address0       |  14|          3|    3|          9|
    |exponents_27_ce0            |  14|          3|    1|          3|
    |exponents_27_we0            |   9|          2|    1|          2|
    |exponents_28_address0       |  14|          3|    3|          9|
    |exponents_28_ce0            |  14|          3|    1|          3|
    |exponents_28_we0            |   9|          2|    1|          2|
    |exponents_29_address0       |  14|          3|    3|          9|
    |exponents_29_ce0            |  14|          3|    1|          3|
    |exponents_29_we0            |   9|          2|    1|          2|
    |exponents_30_address0       |  14|          3|    3|          9|
    |exponents_30_ce0            |  14|          3|    1|          3|
    |exponents_30_we0            |   9|          2|    1|          2|
    |exponents_address0          |  14|          3|    3|          9|
    |exponents_ce0               |  14|          3|    1|          3|
    |exponents_we0               |   9|          2|    1|          2|
    |gmem5_blk_n_AW              |   9|          2|    1|          2|
    |gmem5_blk_n_B               |   9|          2|    1|          2|
    |gmem5_blk_n_W               |   9|          2|    1|          2|
    |lane_fu_624                 |   9|          2|    6|         12|
    |m_axi_gmem5_0_AWADDR        |  14|          3|   64|        192|
    |m_axi_gmem5_0_WDATA         |  14|          3|   32|         96|
    |m_axi_gmem5_0_WSTRB         |  14|          3|    4|         12|
    |terms_16_address0           |  14|          3|    3|          9|
    |terms_16_ce0                |  14|          3|    1|          3|
    |terms_16_we0                |   9|          2|    1|          2|
    |terms_17_address0           |  14|          3|    3|          9|
    |terms_17_ce0                |  14|          3|    1|          3|
    |terms_17_we0                |   9|          2|    1|          2|
    |terms_18_address0           |  14|          3|    3|          9|
    |terms_18_ce0                |  14|          3|    1|          3|
    |terms_18_we0                |   9|          2|    1|          2|
    |terms_19_address0           |  14|          3|    3|          9|
    |terms_19_ce0                |  14|          3|    1|          3|
    |terms_19_we0                |   9|          2|    1|          2|
    |terms_20_address0           |  14|          3|    3|          9|
    |terms_20_ce0                |  14|          3|    1|          3|
    |terms_20_we0                |   9|          2|    1|          2|
    |terms_21_address0           |  14|          3|    3|          9|
    |terms_21_ce0                |  14|          3|    1|          3|
    |terms_21_we0                |   9|          2|    1|          2|
    |terms_22_address0           |  14|          3|    3|          9|
    |terms_22_ce0                |  14|          3|    1|          3|
    |terms_22_we0                |   9|          2|    1|          2|
    |terms_23_address0           |  14|          3|    3|          9|
    |terms_23_ce0                |  14|          3|    1|          3|
    |terms_23_we0                |   9|          2|    1|          2|
    |terms_24_address0           |  14|          3|    3|          9|
    |terms_24_ce0                |  14|          3|    1|          3|
    |terms_24_we0                |   9|          2|    1|          2|
    |terms_25_address0           |  14|          3|    3|          9|
    |terms_25_ce0                |  14|          3|    1|          3|
    |terms_25_we0                |   9|          2|    1|          2|
    |terms_26_address0           |  14|          3|    3|          9|
    |terms_26_ce0                |  14|          3|    1|          3|
    |terms_26_we0                |   9|          2|    1|          2|
    |terms_27_address0           |  14|          3|    3|          9|
    |terms_27_ce0                |  14|          3|    1|          3|
    |terms_27_we0                |   9|          2|    1|          2|
    |terms_28_address0           |  14|          3|    3|          9|
    |terms_28_ce0                |  14|          3|    1|          3|
    |terms_28_we0                |   9|          2|    1|          2|
    |terms_29_address0           |  14|          3|    3|          9|
    |terms_29_ce0                |  14|          3|    1|          3|
    |terms_29_we0                |   9|          2|    1|          2|
    |terms_30_address0           |  14|          3|    3|          9|
    |terms_30_ce0                |  14|          3|    1|          3|
    |terms_30_we0                |   9|          2|    1|          2|
    |terms_address0              |  14|          3|    3|          9|
    |terms_ce0                   |  14|          3|    1|          3|
    |terms_we0                   |   9|          2|    1|          2|
    +----------------------------+----+-----------+-----+-----------+
    |Total                       |1355|        293|  318|        924|
    +----------------------------+----+-----------+-----+-----------+

    * Register: 
    +------------------------------------------------------------------------------+----+----+-----+-----------+
    |                                     Name                                     | FF | LUT| Bits| Const Bits|
    +------------------------------------------------------------------------------+----+----+-----+-----------+
    |ap_CS_fsm                                                                     |  13|   0|   13|          0|
    |gmem5_addr_1_reg_1665                                                         |  64|   0|   64|          0|
    |gmem5_addr_reg_1652                                                           |  64|   0|   64|          0|
    |grp_aligned_sum_fu_1377_ap_start_reg                                          |   1|   0|    1|          0|
    |grp_gdn_mxfp8_top_impl_Pipeline_build_mxfp8_output_terms_fu_821_ap_start_reg  |   1|   0|    1|          0|
    |lane_fu_624                                                                   |   6|   0|    6|          0|
    |lshr_ln6_reg_1647                                                             |   2|   0|    2|          0|
    |output_mantissa_reg_1678                                                      |  32|   0|   32|          0|
    |sext_ln14_cast_reg_1634                                                       |  63|   0|   63|          0|
    |shl_ln30_1_reg_1683                                                           |  32|   0|   32|          0|
    |shl_ln30_reg_1688                                                             |   4|   0|    4|          0|
    |trunc_ln14_reg_1642                                                           |   3|   0|    3|          0|
    |trunc_ln30_2_reg_1659                                                         |   2|   0|    2|          0|
    +------------------------------------------------------------------------------+----+----+-----+-----------+
    |Total                                                                         | 287|   0|  287|          0|
    +------------------------------------------------------------------------------+----+----+-----+-----------+



================================================================
== Interface
================================================================
* Summary: 
+-------------------------------------------------------------------------------------------------+-----+-----+------------+----------------------------------------------------------------------------------------+--------------+
|                                            RTL Ports                                            | Dir | Bits|  Protocol  |                                      Source Object                                     |    C Type    |
+-------------------------------------------------------------------------------------------------+-----+-----+------------+----------------------------------------------------------------------------------------+--------------+
|ap_clk                                                                                           |   in|    1|  ap_ctrl_hs|                                           gdn_mxfp8_top_impl_Outline_output_mxfp8_lanes|  return value|
|ap_rst                                                                                           |   in|    1|  ap_ctrl_hs|                                           gdn_mxfp8_top_impl_Outline_output_mxfp8_lanes|  return value|
|ap_start                                                                                         |   in|    1|  ap_ctrl_hs|                                           gdn_mxfp8_top_impl_Outline_output_mxfp8_lanes|  return value|
|ap_done                                                                                          |  out|    1|  ap_ctrl_hs|                                           gdn_mxfp8_top_impl_Outline_output_mxfp8_lanes|  return value|
|ap_idle                                                                                          |  out|    1|  ap_ctrl_hs|                                           gdn_mxfp8_top_impl_Outline_output_mxfp8_lanes|  return value|
|ap_ready                                                                                         |  out|    1|  ap_ctrl_hs|                                           gdn_mxfp8_top_impl_Outline_output_mxfp8_lanes|  return value|
|command_counters_5                                                                               |   in|   24|     ap_none|                                                                      command_counters_5|        scalar|
|command_counters_7                                                                               |   in|   24|     ap_none|                                                                      command_counters_7|        scalar|
|sext_ln14                                                                                        |   in|   62|     ap_none|                                                                               sext_ln14|        scalar|
|m_axi_gmem5_0_AWVALID                                                                            |  out|    1|       m_axi|                                                                                   gmem5|       pointer|
|m_axi_gmem5_0_AWREADY                                                                            |   in|    1|       m_axi|                                                                                   gmem5|       pointer|
|m_axi_gmem5_0_AWADDR                                                                             |  out|   64|       m_axi|                                                                                   gmem5|       pointer|
|m_axi_gmem5_0_AWID                                                                               |  out|    1|       m_axi|                                                                                   gmem5|       pointer|
|m_axi_gmem5_0_AWLEN                                                                              |  out|   32|       m_axi|                                                                                   gmem5|       pointer|
|m_axi_gmem5_0_AWSIZE                                                                             |  out|    3|       m_axi|                                                                                   gmem5|       pointer|
|m_axi_gmem5_0_AWBURST                                                                            |  out|    2|       m_axi|                                                                                   gmem5|       pointer|
|m_axi_gmem5_0_AWLOCK                                                                             |  out|    2|       m_axi|                                                                                   gmem5|       pointer|
|m_axi_gmem5_0_AWCACHE                                                                            |  out|    4|       m_axi|                                                                                   gmem5|       pointer|
|m_axi_gmem5_0_AWPROT                                                                             |  out|    3|       m_axi|                                                                                   gmem5|       pointer|
|m_axi_gmem5_0_AWQOS                                                                              |  out|    4|       m_axi|                                                                                   gmem5|       pointer|
|m_axi_gmem5_0_AWREGION                                                                           |  out|    4|       m_axi|                                                                                   gmem5|       pointer|
|m_axi_gmem5_0_AWUSER                                                                             |  out|    1|       m_axi|                                                                                   gmem5|       pointer|
|m_axi_gmem5_0_WVALID                                                                             |  out|    1|       m_axi|                                                                                   gmem5|       pointer|
|m_axi_gmem5_0_WREADY                                                                             |   in|    1|       m_axi|                                                                                   gmem5|       pointer|
|m_axi_gmem5_0_WDATA                                                                              |  out|   32|       m_axi|                                                                                   gmem5|       pointer|
|m_axi_gmem5_0_WSTRB                                                                              |  out|    4|       m_axi|                                                                                   gmem5|       pointer|
|m_axi_gmem5_0_WLAST                                                                              |  out|    1|       m_axi|                                                                                   gmem5|       pointer|
|m_axi_gmem5_0_WID                                                                                |  out|    1|       m_axi|                                                                                   gmem5|       pointer|
|m_axi_gmem5_0_WUSER                                                                              |  out|    1|       m_axi|                                                                                   gmem5|       pointer|
|m_axi_gmem5_0_ARVALID                                                                            |  out|    1|       m_axi|                                                                                   gmem5|       pointer|
|m_axi_gmem5_0_ARREADY                                                                            |   in|    1|       m_axi|                                                                                   gmem5|       pointer|
|m_axi_gmem5_0_ARADDR                                                                             |  out|   64|       m_axi|                                                                                   gmem5|       pointer|
|m_axi_gmem5_0_ARID                                                                               |  out|    1|       m_axi|                                                                                   gmem5|       pointer|
|m_axi_gmem5_0_ARLEN                                                                              |  out|   32|       m_axi|                                                                                   gmem5|       pointer|
|m_axi_gmem5_0_ARSIZE                                                                             |  out|    3|       m_axi|                                                                                   gmem5|       pointer|
|m_axi_gmem5_0_ARBURST                                                                            |  out|    2|       m_axi|                                                                                   gmem5|       pointer|
|m_axi_gmem5_0_ARLOCK                                                                             |  out|    2|       m_axi|                                                                                   gmem5|       pointer|
|m_axi_gmem5_0_ARCACHE                                                                            |  out|    4|       m_axi|                                                                                   gmem5|       pointer|
|m_axi_gmem5_0_ARPROT                                                                             |  out|    3|       m_axi|                                                                                   gmem5|       pointer|
|m_axi_gmem5_0_ARQOS                                                                              |  out|    4|       m_axi|                                                                                   gmem5|       pointer|
|m_axi_gmem5_0_ARREGION                                                                           |  out|    4|       m_axi|                                                                                   gmem5|       pointer|
|m_axi_gmem5_0_ARUSER                                                                             |  out|    1|       m_axi|                                                                                   gmem5|       pointer|
|m_axi_gmem5_0_RVALID                                                                             |   in|    1|       m_axi|                                                                                   gmem5|       pointer|
|m_axi_gmem5_0_RREADY                                                                             |  out|    1|       m_axi|                                                                                   gmem5|       pointer|
|m_axi_gmem5_0_RDATA                                                                              |   in|   32|       m_axi|                                                                                   gmem5|       pointer|
|m_axi_gmem5_0_RLAST                                                                              |   in|    1|       m_axi|                                                                                   gmem5|       pointer|
|m_axi_gmem5_0_RID                                                                                |   in|    1|       m_axi|                                                                                   gmem5|       pointer|
|m_axi_gmem5_0_RFIFONUM                                                                           |   in|    9|       m_axi|                                                                                   gmem5|       pointer|
|m_axi_gmem5_0_RUSER                                                                              |   in|    1|       m_axi|                                                                                   gmem5|       pointer|
|m_axi_gmem5_0_RRESP                                                                              |   in|    2|       m_axi|                                                                                   gmem5|       pointer|
|m_axi_gmem5_0_BVALID                                                                             |   in|    1|       m_axi|                                                                                   gmem5|       pointer|
|m_axi_gmem5_0_BREADY                                                                             |  out|    1|       m_axi|                                                                                   gmem5|       pointer|
|m_axi_gmem5_0_BRESP                                                                              |   in|    2|       m_axi|                                                                                   gmem5|       pointer|
|m_axi_gmem5_0_BID                                                                                |   in|    1|       m_axi|                                                                                   gmem5|       pointer|
|m_axi_gmem5_0_BUSER                                                                              |   in|    1|       m_axi|                                                                                   gmem5|       pointer|
|empty                                                                                            |   in|    5|     ap_none|                                                                                   empty|        scalar|
|add_ln30_3                                                                                       |   in|   64|     ap_none|                                                                              add_ln30_3|        scalar|
|zext_ln22                                                                                        |   in|   11|     ap_none|                                                                               zext_ln22|        scalar|
|qk_head                                                                                          |   in|    4|     ap_none|                                                                                 qk_head|        scalar|
|command_counters_7_2_out_i                                                                       |   in|   24|     ap_ovld|                                                                command_counters_7_2_out|       pointer|
|command_counters_7_2_out_o                                                                       |  out|   24|     ap_ovld|                                                                command_counters_7_2_out|       pointer|
|command_counters_7_2_out_o_ap_vld                                                                |  out|    1|     ap_ovld|                                                                command_counters_7_2_out|       pointer|
|command_counters_5_2_out_i                                                                       |   in|   24|     ap_ovld|                                                                command_counters_5_2_out|       pointer|
|command_counters_5_2_out_o                                                                       |  out|   24|     ap_ovld|                                                                command_counters_5_2_out|       pointer|
|command_counters_5_2_out_o_ap_vld                                                                |  out|    1|     ap_ovld|                                                                command_counters_5_2_out|       pointer|
|q_local_address0                                                                                 |  out|   11|   ap_memory|                                                                                 q_local|         array|
|q_local_ce0                                                                                      |  out|    1|   ap_memory|                                                                                 q_local|         array|
|q_local_q0                                                                                       |   in|    8|   ap_memory|                                                                                 q_local|         array|
|p_ZZN9gdn_mxfp818gdn_mxfp8_top_implEhthhPA128_K7ap_uintILi8EEPA4_S2_S4_S6_S4_S6_P_1091_address0  |  out|    5|   ap_memory|  p_ZZN9gdn_mxfp818gdn_mxfp8_top_implEhthhPA128_K7ap_uintILi8EEPA4_S2_S4_S6_S4_S6_P_1091|         array|
|p_ZZN9gdn_mxfp818gdn_mxfp8_top_implEhthhPA128_K7ap_uintILi8EEPA4_S2_S4_S6_S4_S6_P_1091_ce0       |  out|    1|   ap_memory|  p_ZZN9gdn_mxfp818gdn_mxfp8_top_implEhthhPA128_K7ap_uintILi8EEPA4_S2_S4_S6_S4_S6_P_1091|         array|
|p_ZZN9gdn_mxfp818gdn_mxfp8_top_implEhthhPA128_K7ap_uintILi8EEPA4_S2_S4_S6_S4_S6_P_1091_q0        |   in|   32|   ap_memory|  p_ZZN9gdn_mxfp818gdn_mxfp8_top_implEhthhPA128_K7ap_uintILi8EEPA4_S2_S4_S6_S4_S6_P_1091|         array|
|p_ZZN9gdn_mxfp818gdn_mxfp8_top_implEhthhPA128_K7ap_uintILi8EEPA4_S2_S4_S6_S4_S6_P_1092_address0  |  out|    5|   ap_memory|  p_ZZN9gdn_mxfp818gdn_mxfp8_top_implEhthhPA128_K7ap_uintILi8EEPA4_S2_S4_S6_S4_S6_P_1092|         array|
|p_ZZN9gdn_mxfp818gdn_mxfp8_top_implEhthhPA128_K7ap_uintILi8EEPA4_S2_S4_S6_S4_S6_P_1092_ce0       |  out|    1|   ap_memory|  p_ZZN9gdn_mxfp818gdn_mxfp8_top_implEhthhPA128_K7ap_uintILi8EEPA4_S2_S4_S6_S4_S6_P_1092|         array|
|p_ZZN9gdn_mxfp818gdn_mxfp8_top_implEhthhPA128_K7ap_uintILi8EEPA4_S2_S4_S6_S4_S6_P_1092_q0        |   in|   32|   ap_memory|  p_ZZN9gdn_mxfp818gdn_mxfp8_top_implEhthhPA128_K7ap_uintILi8EEPA4_S2_S4_S6_S4_S6_P_1092|         array|
|p_ZZN9gdn_mxfp818gdn_mxfp8_top_implEhthhPA128_K7ap_uintILi8EEPA4_S2_S4_S6_S4_S6_P_1093_address0  |  out|    5|   ap_memory|  p_ZZN9gdn_mxfp818gdn_mxfp8_top_implEhthhPA128_K7ap_uintILi8EEPA4_S2_S4_S6_S4_S6_P_1093|         array|
|p_ZZN9gdn_mxfp818gdn_mxfp8_top_implEhthhPA128_K7ap_uintILi8EEPA4_S2_S4_S6_S4_S6_P_1093_ce0       |  out|    1|   ap_memory|  p_ZZN9gdn_mxfp818gdn_mxfp8_top_implEhthhPA128_K7ap_uintILi8EEPA4_S2_S4_S6_S4_S6_P_1093|         array|
|p_ZZN9gdn_mxfp818gdn_mxfp8_top_implEhthhPA128_K7ap_uintILi8EEPA4_S2_S4_S6_S4_S6_P_1093_q0        |   in|   32|   ap_memory|  p_ZZN9gdn_mxfp818gdn_mxfp8_top_implEhthhPA128_K7ap_uintILi8EEPA4_S2_S4_S6_S4_S6_P_1093|         array|
|p_ZZN9gdn_mxfp818gdn_mxfp8_top_implEhthhPA128_K7ap_uintILi8EEPA4_S2_S4_S6_S4_S6_P_1094_address0  |  out|    5|   ap_memory|  p_ZZN9gdn_mxfp818gdn_mxfp8_top_implEhthhPA128_K7ap_uintILi8EEPA4_S2_S4_S6_S4_S6_P_1094|         array|
|p_ZZN9gdn_mxfp818gdn_mxfp8_top_implEhthhPA128_K7ap_uintILi8EEPA4_S2_S4_S6_S4_S6_P_1094_ce0       |  out|    1|   ap_memory|  p_ZZN9gdn_mxfp818gdn_mxfp8_top_implEhthhPA128_K7ap_uintILi8EEPA4_S2_S4_S6_S4_S6_P_1094|         array|
|p_ZZN9gdn_mxfp818gdn_mxfp8_top_implEhthhPA128_K7ap_uintILi8EEPA4_S2_S4_S6_S4_S6_P_1094_q0        |   in|   32|   ap_memory|  p_ZZN9gdn_mxfp818gdn_mxfp8_top_implEhthhPA128_K7ap_uintILi8EEPA4_S2_S4_S6_S4_S6_P_1094|         array|
|p_ZZN9gdn_mxfp818gdn_mxfp8_top_implEhthhPA128_K7ap_uintILi8EEPA4_S2_S4_S6_S4_S6_P_1095_address0  |  out|    5|   ap_memory|  p_ZZN9gdn_mxfp818gdn_mxfp8_top_implEhthhPA128_K7ap_uintILi8EEPA4_S2_S4_S6_S4_S6_P_1095|         array|
|p_ZZN9gdn_mxfp818gdn_mxfp8_top_implEhthhPA128_K7ap_uintILi8EEPA4_S2_S4_S6_S4_S6_P_1095_ce0       |  out|    1|   ap_memory|  p_ZZN9gdn_mxfp818gdn_mxfp8_top_implEhthhPA128_K7ap_uintILi8EEPA4_S2_S4_S6_S4_S6_P_1095|         array|
|p_ZZN9gdn_mxfp818gdn_mxfp8_top_implEhthhPA128_K7ap_uintILi8EEPA4_S2_S4_S6_S4_S6_P_1095_q0        |   in|   32|   ap_memory|  p_ZZN9gdn_mxfp818gdn_mxfp8_top_implEhthhPA128_K7ap_uintILi8EEPA4_S2_S4_S6_S4_S6_P_1095|         array|
|p_ZZN9gdn_mxfp818gdn_mxfp8_top_implEhthhPA128_K7ap_uintILi8EEPA4_S2_S4_S6_S4_S6_P_1096_address0  |  out|    5|   ap_memory|  p_ZZN9gdn_mxfp818gdn_mxfp8_top_implEhthhPA128_K7ap_uintILi8EEPA4_S2_S4_S6_S4_S6_P_1096|         array|
|p_ZZN9gdn_mxfp818gdn_mxfp8_top_implEhthhPA128_K7ap_uintILi8EEPA4_S2_S4_S6_S4_S6_P_1096_ce0       |  out|    1|   ap_memory|  p_ZZN9gdn_mxfp818gdn_mxfp8_top_implEhthhPA128_K7ap_uintILi8EEPA4_S2_S4_S6_S4_S6_P_1096|         array|
|p_ZZN9gdn_mxfp818gdn_mxfp8_top_implEhthhPA128_K7ap_uintILi8EEPA4_S2_S4_S6_S4_S6_P_1096_q0        |   in|   32|   ap_memory|  p_ZZN9gdn_mxfp818gdn_mxfp8_top_implEhthhPA128_K7ap_uintILi8EEPA4_S2_S4_S6_S4_S6_P_1096|         array|
|p_ZZN9gdn_mxfp818gdn_mxfp8_top_implEhthhPA128_K7ap_uintILi8EEPA4_S2_S4_S6_S4_S6_P_1097_address0  |  out|    5|   ap_memory|  p_ZZN9gdn_mxfp818gdn_mxfp8_top_implEhthhPA128_K7ap_uintILi8EEPA4_S2_S4_S6_S4_S6_P_1097|         array|
|p_ZZN9gdn_mxfp818gdn_mxfp8_top_implEhthhPA128_K7ap_uintILi8EEPA4_S2_S4_S6_S4_S6_P_1097_ce0       |  out|    1|   ap_memory|  p_ZZN9gdn_mxfp818gdn_mxfp8_top_implEhthhPA128_K7ap_uintILi8EEPA4_S2_S4_S6_S4_S6_P_1097|         array|
|p_ZZN9gdn_mxfp818gdn_mxfp8_top_implEhthhPA128_K7ap_uintILi8EEPA4_S2_S4_S6_S4_S6_P_1097_q0        |   in|   32|   ap_memory|  p_ZZN9gdn_mxfp818gdn_mxfp8_top_implEhthhPA128_K7ap_uintILi8EEPA4_S2_S4_S6_S4_S6_P_1097|         array|
|p_ZZN9gdn_mxfp818gdn_mxfp8_top_implEhthhPA128_K7ap_uintILi8EEPA4_S2_S4_S6_S4_S6_P_1098_address0  |  out|    5|   ap_memory|  p_ZZN9gdn_mxfp818gdn_mxfp8_top_implEhthhPA128_K7ap_uintILi8EEPA4_S2_S4_S6_S4_S6_P_1098|         array|
|p_ZZN9gdn_mxfp818gdn_mxfp8_top_implEhthhPA128_K7ap_uintILi8EEPA4_S2_S4_S6_S4_S6_P_1098_ce0       |  out|    1|   ap_memory|  p_ZZN9gdn_mxfp818gdn_mxfp8_top_implEhthhPA128_K7ap_uintILi8EEPA4_S2_S4_S6_S4_S6_P_1098|         array|
|p_ZZN9gdn_mxfp818gdn_mxfp8_top_implEhthhPA128_K7ap_uintILi8EEPA4_S2_S4_S6_S4_S6_P_1098_q0        |   in|   32|   ap_memory|  p_ZZN9gdn_mxfp818gdn_mxfp8_top_implEhthhPA128_K7ap_uintILi8EEPA4_S2_S4_S6_S4_S6_P_1098|         array|
|p_ZZN9gdn_mxfp818gdn_mxfp8_top_implEhthhPA128_K7ap_uintILi8EEPA4_S2_S4_S6_S4_S6_P_71_address0    |  out|    5|   ap_memory|    p_ZZN9gdn_mxfp818gdn_mxfp8_top_implEhthhPA128_K7ap_uintILi8EEPA4_S2_S4_S6_S4_S6_P_71|         array|
|p_ZZN9gdn_mxfp818gdn_mxfp8_top_implEhthhPA128_K7ap_uintILi8EEPA4_S2_S4_S6_S4_S6_P_71_ce0         |  out|    1|   ap_memory|    p_ZZN9gdn_mxfp818gdn_mxfp8_top_implEhthhPA128_K7ap_uintILi8EEPA4_S2_S4_S6_S4_S6_P_71|         array|
|p_ZZN9gdn_mxfp818gdn_mxfp8_top_implEhthhPA128_K7ap_uintILi8EEPA4_S2_S4_S6_S4_S6_P_71_q0          |   in|   32|   ap_memory|    p_ZZN9gdn_mxfp818gdn_mxfp8_top_implEhthhPA128_K7ap_uintILi8EEPA4_S2_S4_S6_S4_S6_P_71|         array|
|p_ZZN9gdn_mxfp818gdn_mxfp8_top_implEhthhPA128_K7ap_uintILi8EEPA4_S2_S4_S6_S4_S6_P_70_address0    |  out|    5|   ap_memory|    p_ZZN9gdn_mxfp818gdn_mxfp8_top_implEhthhPA128_K7ap_uintILi8EEPA4_S2_S4_S6_S4_S6_P_70|         array|
|p_ZZN9gdn_mxfp818gdn_mxfp8_top_implEhthhPA128_K7ap_uintILi8EEPA4_S2_S4_S6_S4_S6_P_70_ce0         |  out|    1|   ap_memory|    p_ZZN9gdn_mxfp818gdn_mxfp8_top_implEhthhPA128_K7ap_uintILi8EEPA4_S2_S4_S6_S4_S6_P_70|         array|
|p_ZZN9gdn_mxfp818gdn_mxfp8_top_implEhthhPA128_K7ap_uintILi8EEPA4_S2_S4_S6_S4_S6_P_70_q0          |   in|   32|   ap_memory|    p_ZZN9gdn_mxfp818gdn_mxfp8_top_implEhthhPA128_K7ap_uintILi8EEPA4_S2_S4_S6_S4_S6_P_70|         array|
|p_ZZN9gdn_mxfp818gdn_mxfp8_top_implEhthhPA128_K7ap_uintILi8EEPA4_S2_S4_S6_S4_S6_P_69_address0    |  out|    5|   ap_memory|    p_ZZN9gdn_mxfp818gdn_mxfp8_top_implEhthhPA128_K7ap_uintILi8EEPA4_S2_S4_S6_S4_S6_P_69|         array|
|p_ZZN9gdn_mxfp818gdn_mxfp8_top_implEhthhPA128_K7ap_uintILi8EEPA4_S2_S4_S6_S4_S6_P_69_ce0         |  out|    1|   ap_memory|    p_ZZN9gdn_mxfp818gdn_mxfp8_top_implEhthhPA128_K7ap_uintILi8EEPA4_S2_S4_S6_S4_S6_P_69|         array|
|p_ZZN9gdn_mxfp818gdn_mxfp8_top_implEhthhPA128_K7ap_uintILi8EEPA4_S2_S4_S6_S4_S6_P_69_q0          |   in|   32|   ap_memory|    p_ZZN9gdn_mxfp818gdn_mxfp8_top_implEhthhPA128_K7ap_uintILi8EEPA4_S2_S4_S6_S4_S6_P_69|         array|
|p_ZZN9gdn_mxfp818gdn_mxfp8_top_implEhthhPA128_K7ap_uintILi8EEPA4_S2_S4_S6_S4_S6_P_68_address0    |  out|    5|   ap_memory|    p_ZZN9gdn_mxfp818gdn_mxfp8_top_implEhthhPA128_K7ap_uintILi8EEPA4_S2_S4_S6_S4_S6_P_68|         array|
|p_ZZN9gdn_mxfp818gdn_mxfp8_top_implEhthhPA128_K7ap_uintILi8EEPA4_S2_S4_S6_S4_S6_P_68_ce0         |  out|    1|   ap_memory|    p_ZZN9gdn_mxfp818gdn_mxfp8_top_implEhthhPA128_K7ap_uintILi8EEPA4_S2_S4_S6_S4_S6_P_68|         array|
|p_ZZN9gdn_mxfp818gdn_mxfp8_top_implEhthhPA128_K7ap_uintILi8EEPA4_S2_S4_S6_S4_S6_P_68_q0          |   in|   32|   ap_memory|    p_ZZN9gdn_mxfp818gdn_mxfp8_top_implEhthhPA128_K7ap_uintILi8EEPA4_S2_S4_S6_S4_S6_P_68|         array|
|p_ZZN9gdn_mxfp818gdn_mxfp8_top_implEhthhPA128_K7ap_uintILi8EEPA4_S2_S4_S6_S4_S6_P_67_address0    |  out|    5|   ap_memory|    p_ZZN9gdn_mxfp818gdn_mxfp8_top_implEhthhPA128_K7ap_uintILi8EEPA4_S2_S4_S6_S4_S6_P_67|         array|
|p_ZZN9gdn_mxfp818gdn_mxfp8_top_implEhthhPA128_K7ap_uintILi8EEPA4_S2_S4_S6_S4_S6_P_67_ce0         |  out|    1|   ap_memory|    p_ZZN9gdn_mxfp818gdn_mxfp8_top_implEhthhPA128_K7ap_uintILi8EEPA4_S2_S4_S6_S4_S6_P_67|         array|
|p_ZZN9gdn_mxfp818gdn_mxfp8_top_implEhthhPA128_K7ap_uintILi8EEPA4_S2_S4_S6_S4_S6_P_67_q0          |   in|   32|   ap_memory|    p_ZZN9gdn_mxfp818gdn_mxfp8_top_implEhthhPA128_K7ap_uintILi8EEPA4_S2_S4_S6_S4_S6_P_67|         array|
|p_ZZN9gdn_mxfp818gdn_mxfp8_top_implEhthhPA128_K7ap_uintILi8EEPA4_S2_S4_S6_S4_S6_P_66_address0    |  out|    5|   ap_memory|    p_ZZN9gdn_mxfp818gdn_mxfp8_top_implEhthhPA128_K7ap_uintILi8EEPA4_S2_S4_S6_S4_S6_P_66|         array|
|p_ZZN9gdn_mxfp818gdn_mxfp8_top_implEhthhPA128_K7ap_uintILi8EEPA4_S2_S4_S6_S4_S6_P_66_ce0         |  out|    1|   ap_memory|    p_ZZN9gdn_mxfp818gdn_mxfp8_top_implEhthhPA128_K7ap_uintILi8EEPA4_S2_S4_S6_S4_S6_P_66|         array|
|p_ZZN9gdn_mxfp818gdn_mxfp8_top_implEhthhPA128_K7ap_uintILi8EEPA4_S2_S4_S6_S4_S6_P_66_q0          |   in|   32|   ap_memory|    p_ZZN9gdn_mxfp818gdn_mxfp8_top_implEhthhPA128_K7ap_uintILi8EEPA4_S2_S4_S6_S4_S6_P_66|         array|
|p_ZZN9gdn_mxfp818gdn_mxfp8_top_implEhthhPA128_K7ap_uintILi8EEPA4_S2_S4_S6_S4_S6_P_65_address0    |  out|    5|   ap_memory|    p_ZZN9gdn_mxfp818gdn_mxfp8_top_implEhthhPA128_K7ap_uintILi8EEPA4_S2_S4_S6_S4_S6_P_65|         array|
|p_ZZN9gdn_mxfp818gdn_mxfp8_top_implEhthhPA128_K7ap_uintILi8EEPA4_S2_S4_S6_S4_S6_P_65_ce0         |  out|    1|   ap_memory|    p_ZZN9gdn_mxfp818gdn_mxfp8_top_implEhthhPA128_K7ap_uintILi8EEPA4_S2_S4_S6_S4_S6_P_65|         array|
|p_ZZN9gdn_mxfp818gdn_mxfp8_top_implEhthhPA128_K7ap_uintILi8EEPA4_S2_S4_S6_S4_S6_P_65_q0          |   in|   32|   ap_memory|    p_ZZN9gdn_mxfp818gdn_mxfp8_top_implEhthhPA128_K7ap_uintILi8EEPA4_S2_S4_S6_S4_S6_P_65|         array|
|p_ZZN9gdn_mxfp818gdn_mxfp8_top_implEhthhPA128_K7ap_uintILi8EEPA4_S2_S4_S6_S4_S6_P_64_address0    |  out|    5|   ap_memory|    p_ZZN9gdn_mxfp818gdn_mxfp8_top_implEhthhPA128_K7ap_uintILi8EEPA4_S2_S4_S6_S4_S6_P_64|         array|
|p_ZZN9gdn_mxfp818gdn_mxfp8_top_implEhthhPA128_K7ap_uintILi8EEPA4_S2_S4_S6_S4_S6_P_64_ce0         |  out|    1|   ap_memory|    p_ZZN9gdn_mxfp818gdn_mxfp8_top_implEhthhPA128_K7ap_uintILi8EEPA4_S2_S4_S6_S4_S6_P_64|         array|
|p_ZZN9gdn_mxfp818gdn_mxfp8_top_implEhthhPA128_K7ap_uintILi8EEPA4_S2_S4_S6_S4_S6_P_64_q0          |   in|   32|   ap_memory|    p_ZZN9gdn_mxfp818gdn_mxfp8_top_implEhthhPA128_K7ap_uintILi8EEPA4_S2_S4_S6_S4_S6_P_64|         array|
|p_ZZN9gdn_mxfp818gdn_mxfp8_top_implEhthhPA128_K7ap_uintILi8EEPA4_S2_S4_S6_S4_S6_P_63_address0    |  out|    5|   ap_memory|    p_ZZN9gdn_mxfp818gdn_mxfp8_top_implEhthhPA128_K7ap_uintILi8EEPA4_S2_S4_S6_S4_S6_P_63|         array|
|p_ZZN9gdn_mxfp818gdn_mxfp8_top_implEhthhPA128_K7ap_uintILi8EEPA4_S2_S4_S6_S4_S6_P_63_ce0         |  out|    1|   ap_memory|    p_ZZN9gdn_mxfp818gdn_mxfp8_top_implEhthhPA128_K7ap_uintILi8EEPA4_S2_S4_S6_S4_S6_P_63|         array|
|p_ZZN9gdn_mxfp818gdn_mxfp8_top_implEhthhPA128_K7ap_uintILi8EEPA4_S2_S4_S6_S4_S6_P_63_q0          |   in|   32|   ap_memory|    p_ZZN9gdn_mxfp818gdn_mxfp8_top_implEhthhPA128_K7ap_uintILi8EEPA4_S2_S4_S6_S4_S6_P_63|         array|
|p_ZZN9gdn_mxfp818gdn_mxfp8_top_implEhthhPA128_K7ap_uintILi8EEPA4_S2_S4_S6_S4_S6_P_62_address0    |  out|    5|   ap_memory|    p_ZZN9gdn_mxfp818gdn_mxfp8_top_implEhthhPA128_K7ap_uintILi8EEPA4_S2_S4_S6_S4_S6_P_62|         array|
|p_ZZN9gdn_mxfp818gdn_mxfp8_top_implEhthhPA128_K7ap_uintILi8EEPA4_S2_S4_S6_S4_S6_P_62_ce0         |  out|    1|   ap_memory|    p_ZZN9gdn_mxfp818gdn_mxfp8_top_implEhthhPA128_K7ap_uintILi8EEPA4_S2_S4_S6_S4_S6_P_62|         array|
|p_ZZN9gdn_mxfp818gdn_mxfp8_top_implEhthhPA128_K7ap_uintILi8EEPA4_S2_S4_S6_S4_S6_P_62_q0          |   in|   32|   ap_memory|    p_ZZN9gdn_mxfp818gdn_mxfp8_top_implEhthhPA128_K7ap_uintILi8EEPA4_S2_S4_S6_S4_S6_P_62|         array|
|p_ZZN9gdn_mxfp818gdn_mxfp8_top_implEhthhPA128_K7ap_uintILi8EEPA4_S2_S4_S6_S4_S6_P_61_address0    |  out|    5|   ap_memory|    p_ZZN9gdn_mxfp818gdn_mxfp8_top_implEhthhPA128_K7ap_uintILi8EEPA4_S2_S4_S6_S4_S6_P_61|         array|
|p_ZZN9gdn_mxfp818gdn_mxfp8_top_implEhthhPA128_K7ap_uintILi8EEPA4_S2_S4_S6_S4_S6_P_61_ce0         |  out|    1|   ap_memory|    p_ZZN9gdn_mxfp818gdn_mxfp8_top_implEhthhPA128_K7ap_uintILi8EEPA4_S2_S4_S6_S4_S6_P_61|         array|
|p_ZZN9gdn_mxfp818gdn_mxfp8_top_implEhthhPA128_K7ap_uintILi8EEPA4_S2_S4_S6_S4_S6_P_61_q0          |   in|   32|   ap_memory|    p_ZZN9gdn_mxfp818gdn_mxfp8_top_implEhthhPA128_K7ap_uintILi8EEPA4_S2_S4_S6_S4_S6_P_61|         array|
|p_ZZN9gdn_mxfp818gdn_mxfp8_top_implEhthhPA128_K7ap_uintILi8EEPA4_S2_S4_S6_S4_S6_P_60_address0    |  out|    5|   ap_memory|    p_ZZN9gdn_mxfp818gdn_mxfp8_top_implEhthhPA128_K7ap_uintILi8EEPA4_S2_S4_S6_S4_S6_P_60|         array|
|p_ZZN9gdn_mxfp818gdn_mxfp8_top_implEhthhPA128_K7ap_uintILi8EEPA4_S2_S4_S6_S4_S6_P_60_ce0         |  out|    1|   ap_memory|    p_ZZN9gdn_mxfp818gdn_mxfp8_top_implEhthhPA128_K7ap_uintILi8EEPA4_S2_S4_S6_S4_S6_P_60|         array|
|p_ZZN9gdn_mxfp818gdn_mxfp8_top_implEhthhPA128_K7ap_uintILi8EEPA4_S2_S4_S6_S4_S6_P_60_q0          |   in|   32|   ap_memory|    p_ZZN9gdn_mxfp818gdn_mxfp8_top_implEhthhPA128_K7ap_uintILi8EEPA4_S2_S4_S6_S4_S6_P_60|         array|
|p_ZZN9gdn_mxfp818gdn_mxfp8_top_implEhthhPA128_K7ap_uintILi8EEPA4_S2_S4_S6_S4_S6_P_59_address0    |  out|    5|   ap_memory|    p_ZZN9gdn_mxfp818gdn_mxfp8_top_implEhthhPA128_K7ap_uintILi8EEPA4_S2_S4_S6_S4_S6_P_59|         array|
|p_ZZN9gdn_mxfp818gdn_mxfp8_top_implEhthhPA128_K7ap_uintILi8EEPA4_S2_S4_S6_S4_S6_P_59_ce0         |  out|    1|   ap_memory|    p_ZZN9gdn_mxfp818gdn_mxfp8_top_implEhthhPA128_K7ap_uintILi8EEPA4_S2_S4_S6_S4_S6_P_59|         array|
|p_ZZN9gdn_mxfp818gdn_mxfp8_top_implEhthhPA128_K7ap_uintILi8EEPA4_S2_S4_S6_S4_S6_P_59_q0          |   in|   32|   ap_memory|    p_ZZN9gdn_mxfp818gdn_mxfp8_top_implEhthhPA128_K7ap_uintILi8EEPA4_S2_S4_S6_S4_S6_P_59|         array|
|p_ZZN9gdn_mxfp818gdn_mxfp8_top_implEhthhPA128_K7ap_uintILi8EEPA4_S2_S4_S6_S4_S6_P_58_address0    |  out|    5|   ap_memory|    p_ZZN9gdn_mxfp818gdn_mxfp8_top_implEhthhPA128_K7ap_uintILi8EEPA4_S2_S4_S6_S4_S6_P_58|         array|
|p_ZZN9gdn_mxfp818gdn_mxfp8_top_implEhthhPA128_K7ap_uintILi8EEPA4_S2_S4_S6_S4_S6_P_58_ce0         |  out|    1|   ap_memory|    p_ZZN9gdn_mxfp818gdn_mxfp8_top_implEhthhPA128_K7ap_uintILi8EEPA4_S2_S4_S6_S4_S6_P_58|         array|
|p_ZZN9gdn_mxfp818gdn_mxfp8_top_implEhthhPA128_K7ap_uintILi8EEPA4_S2_S4_S6_S4_S6_P_58_q0          |   in|   32|   ap_memory|    p_ZZN9gdn_mxfp818gdn_mxfp8_top_implEhthhPA128_K7ap_uintILi8EEPA4_S2_S4_S6_S4_S6_P_58|         array|
|p_ZZN9gdn_mxfp818gdn_mxfp8_top_implEhthhPA128_K7ap_uintILi8EEPA4_S2_S4_S6_S4_S6_P_57_address0    |  out|    5|   ap_memory|    p_ZZN9gdn_mxfp818gdn_mxfp8_top_implEhthhPA128_K7ap_uintILi8EEPA4_S2_S4_S6_S4_S6_P_57|         array|
|p_ZZN9gdn_mxfp818gdn_mxfp8_top_implEhthhPA128_K7ap_uintILi8EEPA4_S2_S4_S6_S4_S6_P_57_ce0         |  out|    1|   ap_memory|    p_ZZN9gdn_mxfp818gdn_mxfp8_top_implEhthhPA128_K7ap_uintILi8EEPA4_S2_S4_S6_S4_S6_P_57|         array|
|p_ZZN9gdn_mxfp818gdn_mxfp8_top_implEhthhPA128_K7ap_uintILi8EEPA4_S2_S4_S6_S4_S6_P_57_q0          |   in|   32|   ap_memory|    p_ZZN9gdn_mxfp818gdn_mxfp8_top_implEhthhPA128_K7ap_uintILi8EEPA4_S2_S4_S6_S4_S6_P_57|         array|
|p_ZZN9gdn_mxfp818gdn_mxfp8_top_implEhthhPA128_K7ap_uintILi8EEPA4_S2_S4_S6_S4_S6_P_56_address0    |  out|    5|   ap_memory|    p_ZZN9gdn_mxfp818gdn_mxfp8_top_implEhthhPA128_K7ap_uintILi8EEPA4_S2_S4_S6_S4_S6_P_56|         array|
|p_ZZN9gdn_mxfp818gdn_mxfp8_top_implEhthhPA128_K7ap_uintILi8EEPA4_S2_S4_S6_S4_S6_P_56_ce0         |  out|    1|   ap_memory|    p_ZZN9gdn_mxfp818gdn_mxfp8_top_implEhthhPA128_K7ap_uintILi8EEPA4_S2_S4_S6_S4_S6_P_56|         array|
|p_ZZN9gdn_mxfp818gdn_mxfp8_top_implEhthhPA128_K7ap_uintILi8EEPA4_S2_S4_S6_S4_S6_P_56_q0          |   in|   32|   ap_memory|    p_ZZN9gdn_mxfp818gdn_mxfp8_top_implEhthhPA128_K7ap_uintILi8EEPA4_S2_S4_S6_S4_S6_P_56|         array|
|p_ZZN9gdn_mxfp818gdn_mxfp8_top_implEhthhPA128_K7ap_uintILi8EEPA4_S2_S4_S6_S4_S6_P_55_address0    |  out|    5|   ap_memory|    p_ZZN9gdn_mxfp818gdn_mxfp8_top_implEhthhPA128_K7ap_uintILi8EEPA4_S2_S4_S6_S4_S6_P_55|         array|
|p_ZZN9gdn_mxfp818gdn_mxfp8_top_implEhthhPA128_K7ap_uintILi8EEPA4_S2_S4_S6_S4_S6_P_55_ce0         |  out|    1|   ap_memory|    p_ZZN9gdn_mxfp818gdn_mxfp8_top_implEhthhPA128_K7ap_uintILi8EEPA4_S2_S4_S6_S4_S6_P_55|         array|
|p_ZZN9gdn_mxfp818gdn_mxfp8_top_implEhthhPA128_K7ap_uintILi8EEPA4_S2_S4_S6_S4_S6_P_55_q0          |   in|   32|   ap_memory|    p_ZZN9gdn_mxfp818gdn_mxfp8_top_implEhthhPA128_K7ap_uintILi8EEPA4_S2_S4_S6_S4_S6_P_55|         array|
|p_ZZN9gdn_mxfp818gdn_mxfp8_top_implEhthhPA128_K7ap_uintILi8EEPA4_S2_S4_S6_S4_S6_P_54_address0    |  out|    5|   ap_memory|    p_ZZN9gdn_mxfp818gdn_mxfp8_top_implEhthhPA128_K7ap_uintILi8EEPA4_S2_S4_S6_S4_S6_P_54|         array|
|p_ZZN9gdn_mxfp818gdn_mxfp8_top_implEhthhPA128_K7ap_uintILi8EEPA4_S2_S4_S6_S4_S6_P_54_ce0         |  out|    1|   ap_memory|    p_ZZN9gdn_mxfp818gdn_mxfp8_top_implEhthhPA128_K7ap_uintILi8EEPA4_S2_S4_S6_S4_S6_P_54|         array|
|p_ZZN9gdn_mxfp818gdn_mxfp8_top_implEhthhPA128_K7ap_uintILi8EEPA4_S2_S4_S6_S4_S6_P_54_q0          |   in|   32|   ap_memory|    p_ZZN9gdn_mxfp818gdn_mxfp8_top_implEhthhPA128_K7ap_uintILi8EEPA4_S2_S4_S6_S4_S6_P_54|         array|
|p_ZZN9gdn_mxfp818gdn_mxfp8_top_implEhthhPA128_K7ap_uintILi8EEPA4_S2_S4_S6_S4_S6_P_53_address0    |  out|    5|   ap_memory|    p_ZZN9gdn_mxfp818gdn_mxfp8_top_implEhthhPA128_K7ap_uintILi8EEPA4_S2_S4_S6_S4_S6_P_53|         array|
|p_ZZN9gdn_mxfp818gdn_mxfp8_top_implEhthhPA128_K7ap_uintILi8EEPA4_S2_S4_S6_S4_S6_P_53_ce0         |  out|    1|   ap_memory|    p_ZZN9gdn_mxfp818gdn_mxfp8_top_implEhthhPA128_K7ap_uintILi8EEPA4_S2_S4_S6_S4_S6_P_53|         array|
|p_ZZN9gdn_mxfp818gdn_mxfp8_top_implEhthhPA128_K7ap_uintILi8EEPA4_S2_S4_S6_S4_S6_P_53_q0          |   in|   32|   ap_memory|    p_ZZN9gdn_mxfp818gdn_mxfp8_top_implEhthhPA128_K7ap_uintILi8EEPA4_S2_S4_S6_S4_S6_P_53|         array|
|p_ZZN9gdn_mxfp818gdn_mxfp8_top_implEhthhPA128_K7ap_uintILi8EEPA4_S2_S4_S6_S4_S6_P_52_address0    |  out|    5|   ap_memory|    p_ZZN9gdn_mxfp818gdn_mxfp8_top_implEhthhPA128_K7ap_uintILi8EEPA4_S2_S4_S6_S4_S6_P_52|         array|
|p_ZZN9gdn_mxfp818gdn_mxfp8_top_implEhthhPA128_K7ap_uintILi8EEPA4_S2_S4_S6_S4_S6_P_52_ce0         |  out|    1|   ap_memory|    p_ZZN9gdn_mxfp818gdn_mxfp8_top_implEhthhPA128_K7ap_uintILi8EEPA4_S2_S4_S6_S4_S6_P_52|         array|
|p_ZZN9gdn_mxfp818gdn_mxfp8_top_implEhthhPA128_K7ap_uintILi8EEPA4_S2_S4_S6_S4_S6_P_52_q0          |   in|   32|   ap_memory|    p_ZZN9gdn_mxfp818gdn_mxfp8_top_implEhthhPA128_K7ap_uintILi8EEPA4_S2_S4_S6_S4_S6_P_52|         array|
|p_ZZN9gdn_mxfp818gdn_mxfp8_top_implEhthhPA128_K7ap_uintILi8EEPA4_S2_S4_S6_S4_S6_P_51_address0    |  out|    5|   ap_memory|    p_ZZN9gdn_mxfp818gdn_mxfp8_top_implEhthhPA128_K7ap_uintILi8EEPA4_S2_S4_S6_S4_S6_P_51|         array|
|p_ZZN9gdn_mxfp818gdn_mxfp8_top_implEhthhPA128_K7ap_uintILi8EEPA4_S2_S4_S6_S4_S6_P_51_ce0         |  out|    1|   ap_memory|    p_ZZN9gdn_mxfp818gdn_mxfp8_top_implEhthhPA128_K7ap_uintILi8EEPA4_S2_S4_S6_S4_S6_P_51|         array|
|p_ZZN9gdn_mxfp818gdn_mxfp8_top_implEhthhPA128_K7ap_uintILi8EEPA4_S2_S4_S6_S4_S6_P_51_q0          |   in|   32|   ap_memory|    p_ZZN9gdn_mxfp818gdn_mxfp8_top_implEhthhPA128_K7ap_uintILi8EEPA4_S2_S4_S6_S4_S6_P_51|         array|
|p_ZZN9gdn_mxfp818gdn_mxfp8_top_implEhthhPA128_K7ap_uintILi8EEPA4_S2_S4_S6_S4_S6_P_50_address0    |  out|    5|   ap_memory|    p_ZZN9gdn_mxfp818gdn_mxfp8_top_implEhthhPA128_K7ap_uintILi8EEPA4_S2_S4_S6_S4_S6_P_50|         array|
|p_ZZN9gdn_mxfp818gdn_mxfp8_top_implEhthhPA128_K7ap_uintILi8EEPA4_S2_S4_S6_S4_S6_P_50_ce0         |  out|    1|   ap_memory|    p_ZZN9gdn_mxfp818gdn_mxfp8_top_implEhthhPA128_K7ap_uintILi8EEPA4_S2_S4_S6_S4_S6_P_50|         array|
|p_ZZN9gdn_mxfp818gdn_mxfp8_top_implEhthhPA128_K7ap_uintILi8EEPA4_S2_S4_S6_S4_S6_P_50_q0          |   in|   32|   ap_memory|    p_ZZN9gdn_mxfp818gdn_mxfp8_top_implEhthhPA128_K7ap_uintILi8EEPA4_S2_S4_S6_S4_S6_P_50|         array|
|p_ZZN9gdn_mxfp818gdn_mxfp8_top_implEhthhPA128_K7ap_uintILi8EEPA4_S2_S4_S6_S4_S6_P_49_address0    |  out|    5|   ap_memory|    p_ZZN9gdn_mxfp818gdn_mxfp8_top_implEhthhPA128_K7ap_uintILi8EEPA4_S2_S4_S6_S4_S6_P_49|         array|
|p_ZZN9gdn_mxfp818gdn_mxfp8_top_implEhthhPA128_K7ap_uintILi8EEPA4_S2_S4_S6_S4_S6_P_49_ce0         |  out|    1|   ap_memory|    p_ZZN9gdn_mxfp818gdn_mxfp8_top_implEhthhPA128_K7ap_uintILi8EEPA4_S2_S4_S6_S4_S6_P_49|         array|
|p_ZZN9gdn_mxfp818gdn_mxfp8_top_implEhthhPA128_K7ap_uintILi8EEPA4_S2_S4_S6_S4_S6_P_49_q0          |   in|   32|   ap_memory|    p_ZZN9gdn_mxfp818gdn_mxfp8_top_implEhthhPA128_K7ap_uintILi8EEPA4_S2_S4_S6_S4_S6_P_49|         array|
|p_ZZN9gdn_mxfp818gdn_mxfp8_top_implEhthhPA128_K7ap_uintILi8EEPA4_S2_S4_S6_S4_S6_P_48_address0    |  out|    5|   ap_memory|    p_ZZN9gdn_mxfp818gdn_mxfp8_top_implEhthhPA128_K7ap_uintILi8EEPA4_S2_S4_S6_S4_S6_P_48|         array|
|p_ZZN9gdn_mxfp818gdn_mxfp8_top_implEhthhPA128_K7ap_uintILi8EEPA4_S2_S4_S6_S4_S6_P_48_ce0         |  out|    1|   ap_memory|    p_ZZN9gdn_mxfp818gdn_mxfp8_top_implEhthhPA128_K7ap_uintILi8EEPA4_S2_S4_S6_S4_S6_P_48|         array|
|p_ZZN9gdn_mxfp818gdn_mxfp8_top_implEhthhPA128_K7ap_uintILi8EEPA4_S2_S4_S6_S4_S6_P_48_q0          |   in|   32|   ap_memory|    p_ZZN9gdn_mxfp818gdn_mxfp8_top_implEhthhPA128_K7ap_uintILi8EEPA4_S2_S4_S6_S4_S6_P_48|         array|
|p_ZZN9gdn_mxfp818gdn_mxfp8_top_implEhthhPA128_K7ap_uintILi8EEPA4_S2_S4_S6_S4_S6_P_47_address0    |  out|    5|   ap_memory|    p_ZZN9gdn_mxfp818gdn_mxfp8_top_implEhthhPA128_K7ap_uintILi8EEPA4_S2_S4_S6_S4_S6_P_47|         array|
|p_ZZN9gdn_mxfp818gdn_mxfp8_top_implEhthhPA128_K7ap_uintILi8EEPA4_S2_S4_S6_S4_S6_P_47_ce0         |  out|    1|   ap_memory|    p_ZZN9gdn_mxfp818gdn_mxfp8_top_implEhthhPA128_K7ap_uintILi8EEPA4_S2_S4_S6_S4_S6_P_47|         array|
|p_ZZN9gdn_mxfp818gdn_mxfp8_top_implEhthhPA128_K7ap_uintILi8EEPA4_S2_S4_S6_S4_S6_P_47_q0          |   in|   32|   ap_memory|    p_ZZN9gdn_mxfp818gdn_mxfp8_top_implEhthhPA128_K7ap_uintILi8EEPA4_S2_S4_S6_S4_S6_P_47|         array|
|p_ZZN9gdn_mxfp818gdn_mxfp8_top_implEhthhPA128_K7ap_uintILi8EEPA4_S2_S4_S6_S4_S6_P_46_address0    |  out|    5|   ap_memory|    p_ZZN9gdn_mxfp818gdn_mxfp8_top_implEhthhPA128_K7ap_uintILi8EEPA4_S2_S4_S6_S4_S6_P_46|         array|
|p_ZZN9gdn_mxfp818gdn_mxfp8_top_implEhthhPA128_K7ap_uintILi8EEPA4_S2_S4_S6_S4_S6_P_46_ce0         |  out|    1|   ap_memory|    p_ZZN9gdn_mxfp818gdn_mxfp8_top_implEhthhPA128_K7ap_uintILi8EEPA4_S2_S4_S6_S4_S6_P_46|         array|
|p_ZZN9gdn_mxfp818gdn_mxfp8_top_implEhthhPA128_K7ap_uintILi8EEPA4_S2_S4_S6_S4_S6_P_46_q0          |   in|   32|   ap_memory|    p_ZZN9gdn_mxfp818gdn_mxfp8_top_implEhthhPA128_K7ap_uintILi8EEPA4_S2_S4_S6_S4_S6_P_46|         array|
|p_ZZN9gdn_mxfp818gdn_mxfp8_top_implEhthhPA128_K7ap_uintILi8EEPA4_S2_S4_S6_S4_S6_P_45_address0    |  out|    5|   ap_memory|    p_ZZN9gdn_mxfp818gdn_mxfp8_top_implEhthhPA128_K7ap_uintILi8EEPA4_S2_S4_S6_S4_S6_P_45|         array|
|p_ZZN9gdn_mxfp818gdn_mxfp8_top_implEhthhPA128_K7ap_uintILi8EEPA4_S2_S4_S6_S4_S6_P_45_ce0         |  out|    1|   ap_memory|    p_ZZN9gdn_mxfp818gdn_mxfp8_top_implEhthhPA128_K7ap_uintILi8EEPA4_S2_S4_S6_S4_S6_P_45|         array|
|p_ZZN9gdn_mxfp818gdn_mxfp8_top_implEhthhPA128_K7ap_uintILi8EEPA4_S2_S4_S6_S4_S6_P_45_q0          |   in|   32|   ap_memory|    p_ZZN9gdn_mxfp818gdn_mxfp8_top_implEhthhPA128_K7ap_uintILi8EEPA4_S2_S4_S6_S4_S6_P_45|         array|
|p_ZZN9gdn_mxfp818gdn_mxfp8_top_implEhthhPA128_K7ap_uintILi8EEPA4_S2_S4_S6_S4_S6_P_44_address0    |  out|    5|   ap_memory|    p_ZZN9gdn_mxfp818gdn_mxfp8_top_implEhthhPA128_K7ap_uintILi8EEPA4_S2_S4_S6_S4_S6_P_44|         array|
|p_ZZN9gdn_mxfp818gdn_mxfp8_top_implEhthhPA128_K7ap_uintILi8EEPA4_S2_S4_S6_S4_S6_P_44_ce0         |  out|    1|   ap_memory|    p_ZZN9gdn_mxfp818gdn_mxfp8_top_implEhthhPA128_K7ap_uintILi8EEPA4_S2_S4_S6_S4_S6_P_44|         array|
|p_ZZN9gdn_mxfp818gdn_mxfp8_top_implEhthhPA128_K7ap_uintILi8EEPA4_S2_S4_S6_S4_S6_P_44_q0          |   in|   32|   ap_memory|    p_ZZN9gdn_mxfp818gdn_mxfp8_top_implEhthhPA128_K7ap_uintILi8EEPA4_S2_S4_S6_S4_S6_P_44|         array|
|p_ZZN9gdn_mxfp818gdn_mxfp8_top_implEhthhPA128_K7ap_uintILi8EEPA4_S2_S4_S6_S4_S6_P_43_address0    |  out|    5|   ap_memory|    p_ZZN9gdn_mxfp818gdn_mxfp8_top_implEhthhPA128_K7ap_uintILi8EEPA4_S2_S4_S6_S4_S6_P_43|         array|
|p_ZZN9gdn_mxfp818gdn_mxfp8_top_implEhthhPA128_K7ap_uintILi8EEPA4_S2_S4_S6_S4_S6_P_43_ce0         |  out|    1|   ap_memory|    p_ZZN9gdn_mxfp818gdn_mxfp8_top_implEhthhPA128_K7ap_uintILi8EEPA4_S2_S4_S6_S4_S6_P_43|         array|
|p_ZZN9gdn_mxfp818gdn_mxfp8_top_implEhthhPA128_K7ap_uintILi8EEPA4_S2_S4_S6_S4_S6_P_43_q0          |   in|   32|   ap_memory|    p_ZZN9gdn_mxfp818gdn_mxfp8_top_implEhthhPA128_K7ap_uintILi8EEPA4_S2_S4_S6_S4_S6_P_43|         array|
|p_ZZN9gdn_mxfp818gdn_mxfp8_top_implEhthhPA128_K7ap_uintILi8EEPA4_S2_S4_S6_S4_S6_P_42_address0    |  out|    5|   ap_memory|    p_ZZN9gdn_mxfp818gdn_mxfp8_top_implEhthhPA128_K7ap_uintILi8EEPA4_S2_S4_S6_S4_S6_P_42|         array|
|p_ZZN9gdn_mxfp818gdn_mxfp8_top_implEhthhPA128_K7ap_uintILi8EEPA4_S2_S4_S6_S4_S6_P_42_ce0         |  out|    1|   ap_memory|    p_ZZN9gdn_mxfp818gdn_mxfp8_top_implEhthhPA128_K7ap_uintILi8EEPA4_S2_S4_S6_S4_S6_P_42|         array|
|p_ZZN9gdn_mxfp818gdn_mxfp8_top_implEhthhPA128_K7ap_uintILi8EEPA4_S2_S4_S6_S4_S6_P_42_q0          |   in|   32|   ap_memory|    p_ZZN9gdn_mxfp818gdn_mxfp8_top_implEhthhPA128_K7ap_uintILi8EEPA4_S2_S4_S6_S4_S6_P_42|         array|
|p_ZZN9gdn_mxfp818gdn_mxfp8_top_implEhthhPA128_K7ap_uintILi8EEPA4_S2_S4_S6_S4_S6_P_41_address0    |  out|    5|   ap_memory|    p_ZZN9gdn_mxfp818gdn_mxfp8_top_implEhthhPA128_K7ap_uintILi8EEPA4_S2_S4_S6_S4_S6_P_41|         array|
|p_ZZN9gdn_mxfp818gdn_mxfp8_top_implEhthhPA128_K7ap_uintILi8EEPA4_S2_S4_S6_S4_S6_P_41_ce0         |  out|    1|   ap_memory|    p_ZZN9gdn_mxfp818gdn_mxfp8_top_implEhthhPA128_K7ap_uintILi8EEPA4_S2_S4_S6_S4_S6_P_41|         array|
|p_ZZN9gdn_mxfp818gdn_mxfp8_top_implEhthhPA128_K7ap_uintILi8EEPA4_S2_S4_S6_S4_S6_P_41_q0          |   in|   32|   ap_memory|    p_ZZN9gdn_mxfp818gdn_mxfp8_top_implEhthhPA128_K7ap_uintILi8EEPA4_S2_S4_S6_S4_S6_P_41|         array|
|p_ZZN9gdn_mxfp818gdn_mxfp8_top_implEhthhPA128_K7ap_uintILi8EEPA4_S2_S4_S6_S4_S6_P_40_address0    |  out|    5|   ap_memory|    p_ZZN9gdn_mxfp818gdn_mxfp8_top_implEhthhPA128_K7ap_uintILi8EEPA4_S2_S4_S6_S4_S6_P_40|         array|
|p_ZZN9gdn_mxfp818gdn_mxfp8_top_implEhthhPA128_K7ap_uintILi8EEPA4_S2_S4_S6_S4_S6_P_40_ce0         |  out|    1|   ap_memory|    p_ZZN9gdn_mxfp818gdn_mxfp8_top_implEhthhPA128_K7ap_uintILi8EEPA4_S2_S4_S6_S4_S6_P_40|         array|
|p_ZZN9gdn_mxfp818gdn_mxfp8_top_implEhthhPA128_K7ap_uintILi8EEPA4_S2_S4_S6_S4_S6_P_40_q0          |   in|   32|   ap_memory|    p_ZZN9gdn_mxfp818gdn_mxfp8_top_implEhthhPA128_K7ap_uintILi8EEPA4_S2_S4_S6_S4_S6_P_40|         array|
|p_ZZN9gdn_mxfp818gdn_mxfp8_top_implEhthhPA128_K7ap_uintILi8EEPA4_S2_S4_S6_S4_S6_P_39_address0    |  out|    5|   ap_memory|    p_ZZN9gdn_mxfp818gdn_mxfp8_top_implEhthhPA128_K7ap_uintILi8EEPA4_S2_S4_S6_S4_S6_P_39|         array|
|p_ZZN9gdn_mxfp818gdn_mxfp8_top_implEhthhPA128_K7ap_uintILi8EEPA4_S2_S4_S6_S4_S6_P_39_ce0         |  out|    1|   ap_memory|    p_ZZN9gdn_mxfp818gdn_mxfp8_top_implEhthhPA128_K7ap_uintILi8EEPA4_S2_S4_S6_S4_S6_P_39|         array|
|p_ZZN9gdn_mxfp818gdn_mxfp8_top_implEhthhPA128_K7ap_uintILi8EEPA4_S2_S4_S6_S4_S6_P_39_q0          |   in|   32|   ap_memory|    p_ZZN9gdn_mxfp818gdn_mxfp8_top_implEhthhPA128_K7ap_uintILi8EEPA4_S2_S4_S6_S4_S6_P_39|         array|
|p_ZZN9gdn_mxfp818gdn_mxfp8_top_implEhthhPA128_K7ap_uintILi8EEPA4_S2_S4_S6_S4_S6_P_38_address0    |  out|    5|   ap_memory|    p_ZZN9gdn_mxfp818gdn_mxfp8_top_implEhthhPA128_K7ap_uintILi8EEPA4_S2_S4_S6_S4_S6_P_38|         array|
|p_ZZN9gdn_mxfp818gdn_mxfp8_top_implEhthhPA128_K7ap_uintILi8EEPA4_S2_S4_S6_S4_S6_P_38_ce0         |  out|    1|   ap_memory|    p_ZZN9gdn_mxfp818gdn_mxfp8_top_implEhthhPA128_K7ap_uintILi8EEPA4_S2_S4_S6_S4_S6_P_38|         array|
|p_ZZN9gdn_mxfp818gdn_mxfp8_top_implEhthhPA128_K7ap_uintILi8EEPA4_S2_S4_S6_S4_S6_P_38_q0          |   in|   32|   ap_memory|    p_ZZN9gdn_mxfp818gdn_mxfp8_top_implEhthhPA128_K7ap_uintILi8EEPA4_S2_S4_S6_S4_S6_P_38|         array|
|p_ZZN9gdn_mxfp818gdn_mxfp8_top_implEhthhPA128_K7ap_uintILi8EEPA4_S2_S4_S6_S4_S6_P_37_address0    |  out|    5|   ap_memory|    p_ZZN9gdn_mxfp818gdn_mxfp8_top_implEhthhPA128_K7ap_uintILi8EEPA4_S2_S4_S6_S4_S6_P_37|         array|
|p_ZZN9gdn_mxfp818gdn_mxfp8_top_implEhthhPA128_K7ap_uintILi8EEPA4_S2_S4_S6_S4_S6_P_37_ce0         |  out|    1|   ap_memory|    p_ZZN9gdn_mxfp818gdn_mxfp8_top_implEhthhPA128_K7ap_uintILi8EEPA4_S2_S4_S6_S4_S6_P_37|         array|
|p_ZZN9gdn_mxfp818gdn_mxfp8_top_implEhthhPA128_K7ap_uintILi8EEPA4_S2_S4_S6_S4_S6_P_37_q0          |   in|   32|   ap_memory|    p_ZZN9gdn_mxfp818gdn_mxfp8_top_implEhthhPA128_K7ap_uintILi8EEPA4_S2_S4_S6_S4_S6_P_37|         array|
|p_ZZN9gdn_mxfp818gdn_mxfp8_top_implEhthhPA128_K7ap_uintILi8EEPA4_S2_S4_S6_S4_S6_P_36_address0    |  out|    5|   ap_memory|    p_ZZN9gdn_mxfp818gdn_mxfp8_top_implEhthhPA128_K7ap_uintILi8EEPA4_S2_S4_S6_S4_S6_P_36|         array|
|p_ZZN9gdn_mxfp818gdn_mxfp8_top_implEhthhPA128_K7ap_uintILi8EEPA4_S2_S4_S6_S4_S6_P_36_ce0         |  out|    1|   ap_memory|    p_ZZN9gdn_mxfp818gdn_mxfp8_top_implEhthhPA128_K7ap_uintILi8EEPA4_S2_S4_S6_S4_S6_P_36|         array|
|p_ZZN9gdn_mxfp818gdn_mxfp8_top_implEhthhPA128_K7ap_uintILi8EEPA4_S2_S4_S6_S4_S6_P_36_q0          |   in|   32|   ap_memory|    p_ZZN9gdn_mxfp818gdn_mxfp8_top_implEhthhPA128_K7ap_uintILi8EEPA4_S2_S4_S6_S4_S6_P_36|         array|
|p_ZZN9gdn_mxfp818gdn_mxfp8_top_implEhthhPA128_K7ap_uintILi8EEPA4_S2_S4_S6_S4_S6_P_35_address0    |  out|    5|   ap_memory|    p_ZZN9gdn_mxfp818gdn_mxfp8_top_implEhthhPA128_K7ap_uintILi8EEPA4_S2_S4_S6_S4_S6_P_35|         array|
|p_ZZN9gdn_mxfp818gdn_mxfp8_top_implEhthhPA128_K7ap_uintILi8EEPA4_S2_S4_S6_S4_S6_P_35_ce0         |  out|    1|   ap_memory|    p_ZZN9gdn_mxfp818gdn_mxfp8_top_implEhthhPA128_K7ap_uintILi8EEPA4_S2_S4_S6_S4_S6_P_35|         array|
|p_ZZN9gdn_mxfp818gdn_mxfp8_top_implEhthhPA128_K7ap_uintILi8EEPA4_S2_S4_S6_S4_S6_P_35_q0          |   in|   32|   ap_memory|    p_ZZN9gdn_mxfp818gdn_mxfp8_top_implEhthhPA128_K7ap_uintILi8EEPA4_S2_S4_S6_S4_S6_P_35|         array|
|p_ZZN9gdn_mxfp818gdn_mxfp8_top_implEhthhPA128_K7ap_uintILi8EEPA4_S2_S4_S6_S4_S6_P_34_address0    |  out|    5|   ap_memory|    p_ZZN9gdn_mxfp818gdn_mxfp8_top_implEhthhPA128_K7ap_uintILi8EEPA4_S2_S4_S6_S4_S6_P_34|         array|
|p_ZZN9gdn_mxfp818gdn_mxfp8_top_implEhthhPA128_K7ap_uintILi8EEPA4_S2_S4_S6_S4_S6_P_34_ce0         |  out|    1|   ap_memory|    p_ZZN9gdn_mxfp818gdn_mxfp8_top_implEhthhPA128_K7ap_uintILi8EEPA4_S2_S4_S6_S4_S6_P_34|         array|
|p_ZZN9gdn_mxfp818gdn_mxfp8_top_implEhthhPA128_K7ap_uintILi8EEPA4_S2_S4_S6_S4_S6_P_34_q0          |   in|   32|   ap_memory|    p_ZZN9gdn_mxfp818gdn_mxfp8_top_implEhthhPA128_K7ap_uintILi8EEPA4_S2_S4_S6_S4_S6_P_34|         array|
|p_ZZN9gdn_mxfp818gdn_mxfp8_top_implEhthhPA128_K7ap_uintILi8EEPA4_S2_S4_S6_S4_S6_P_33_address0    |  out|    5|   ap_memory|    p_ZZN9gdn_mxfp818gdn_mxfp8_top_implEhthhPA128_K7ap_uintILi8EEPA4_S2_S4_S6_S4_S6_P_33|         array|
|p_ZZN9gdn_mxfp818gdn_mxfp8_top_implEhthhPA128_K7ap_uintILi8EEPA4_S2_S4_S6_S4_S6_P_33_ce0         |  out|    1|   ap_memory|    p_ZZN9gdn_mxfp818gdn_mxfp8_top_implEhthhPA128_K7ap_uintILi8EEPA4_S2_S4_S6_S4_S6_P_33|         array|
|p_ZZN9gdn_mxfp818gdn_mxfp8_top_implEhthhPA128_K7ap_uintILi8EEPA4_S2_S4_S6_S4_S6_P_33_q0          |   in|   32|   ap_memory|    p_ZZN9gdn_mxfp818gdn_mxfp8_top_implEhthhPA128_K7ap_uintILi8EEPA4_S2_S4_S6_S4_S6_P_33|         array|
|p_ZZN9gdn_mxfp818gdn_mxfp8_top_implEhthhPA128_K7ap_uintILi8EEPA4_S2_S4_S6_S4_S6_P_32_address0    |  out|    5|   ap_memory|    p_ZZN9gdn_mxfp818gdn_mxfp8_top_implEhthhPA128_K7ap_uintILi8EEPA4_S2_S4_S6_S4_S6_P_32|         array|
|p_ZZN9gdn_mxfp818gdn_mxfp8_top_implEhthhPA128_K7ap_uintILi8EEPA4_S2_S4_S6_S4_S6_P_32_ce0         |  out|    1|   ap_memory|    p_ZZN9gdn_mxfp818gdn_mxfp8_top_implEhthhPA128_K7ap_uintILi8EEPA4_S2_S4_S6_S4_S6_P_32|         array|
|p_ZZN9gdn_mxfp818gdn_mxfp8_top_implEhthhPA128_K7ap_uintILi8EEPA4_S2_S4_S6_S4_S6_P_32_q0          |   in|   32|   ap_memory|    p_ZZN9gdn_mxfp818gdn_mxfp8_top_implEhthhPA128_K7ap_uintILi8EEPA4_S2_S4_S6_S4_S6_P_32|         array|
|p_ZZN9gdn_mxfp818gdn_mxfp8_top_implEhthhPA128_K7ap_uintILi8EEPA4_S2_S4_S6_S4_S6_P_31_address0    |  out|    5|   ap_memory|    p_ZZN9gdn_mxfp818gdn_mxfp8_top_implEhthhPA128_K7ap_uintILi8EEPA4_S2_S4_S6_S4_S6_P_31|         array|
|p_ZZN9gdn_mxfp818gdn_mxfp8_top_implEhthhPA128_K7ap_uintILi8EEPA4_S2_S4_S6_S4_S6_P_31_ce0         |  out|    1|   ap_memory|    p_ZZN9gdn_mxfp818gdn_mxfp8_top_implEhthhPA128_K7ap_uintILi8EEPA4_S2_S4_S6_S4_S6_P_31|         array|
|p_ZZN9gdn_mxfp818gdn_mxfp8_top_implEhthhPA128_K7ap_uintILi8EEPA4_S2_S4_S6_S4_S6_P_31_q0          |   in|   32|   ap_memory|    p_ZZN9gdn_mxfp818gdn_mxfp8_top_implEhthhPA128_K7ap_uintILi8EEPA4_S2_S4_S6_S4_S6_P_31|         array|
|p_ZZN9gdn_mxfp818gdn_mxfp8_top_implEhthhPA128_K7ap_uintILi8EEPA4_S2_S4_S6_S4_S6_P_30_address0    |  out|    5|   ap_memory|    p_ZZN9gdn_mxfp818gdn_mxfp8_top_implEhthhPA128_K7ap_uintILi8EEPA4_S2_S4_S6_S4_S6_P_30|         array|
|p_ZZN9gdn_mxfp818gdn_mxfp8_top_implEhthhPA128_K7ap_uintILi8EEPA4_S2_S4_S6_S4_S6_P_30_ce0         |  out|    1|   ap_memory|    p_ZZN9gdn_mxfp818gdn_mxfp8_top_implEhthhPA128_K7ap_uintILi8EEPA4_S2_S4_S6_S4_S6_P_30|         array|
|p_ZZN9gdn_mxfp818gdn_mxfp8_top_implEhthhPA128_K7ap_uintILi8EEPA4_S2_S4_S6_S4_S6_P_30_q0          |   in|   32|   ap_memory|    p_ZZN9gdn_mxfp818gdn_mxfp8_top_implEhthhPA128_K7ap_uintILi8EEPA4_S2_S4_S6_S4_S6_P_30|         array|
|p_ZZN9gdn_mxfp818gdn_mxfp8_top_implEhthhPA128_K7ap_uintILi8EEPA4_S2_S4_S6_S4_S6_P_29_address0    |  out|    5|   ap_memory|    p_ZZN9gdn_mxfp818gdn_mxfp8_top_implEhthhPA128_K7ap_uintILi8EEPA4_S2_S4_S6_S4_S6_P_29|         array|
|p_ZZN9gdn_mxfp818gdn_mxfp8_top_implEhthhPA128_K7ap_uintILi8EEPA4_S2_S4_S6_S4_S6_P_29_ce0         |  out|    1|   ap_memory|    p_ZZN9gdn_mxfp818gdn_mxfp8_top_implEhthhPA128_K7ap_uintILi8EEPA4_S2_S4_S6_S4_S6_P_29|         array|
|p_ZZN9gdn_mxfp818gdn_mxfp8_top_implEhthhPA128_K7ap_uintILi8EEPA4_S2_S4_S6_S4_S6_P_29_q0          |   in|   32|   ap_memory|    p_ZZN9gdn_mxfp818gdn_mxfp8_top_implEhthhPA128_K7ap_uintILi8EEPA4_S2_S4_S6_S4_S6_P_29|         array|
|p_ZZN9gdn_mxfp818gdn_mxfp8_top_implEhthhPA128_K7ap_uintILi8EEPA4_S2_S4_S6_S4_S6_P_28_address0    |  out|    5|   ap_memory|    p_ZZN9gdn_mxfp818gdn_mxfp8_top_implEhthhPA128_K7ap_uintILi8EEPA4_S2_S4_S6_S4_S6_P_28|         array|
|p_ZZN9gdn_mxfp818gdn_mxfp8_top_implEhthhPA128_K7ap_uintILi8EEPA4_S2_S4_S6_S4_S6_P_28_ce0         |  out|    1|   ap_memory|    p_ZZN9gdn_mxfp818gdn_mxfp8_top_implEhthhPA128_K7ap_uintILi8EEPA4_S2_S4_S6_S4_S6_P_28|         array|
|p_ZZN9gdn_mxfp818gdn_mxfp8_top_implEhthhPA128_K7ap_uintILi8EEPA4_S2_S4_S6_S4_S6_P_28_q0          |   in|   32|   ap_memory|    p_ZZN9gdn_mxfp818gdn_mxfp8_top_implEhthhPA128_K7ap_uintILi8EEPA4_S2_S4_S6_S4_S6_P_28|         array|
|p_ZZN9gdn_mxfp818gdn_mxfp8_top_implEhthhPA128_K7ap_uintILi8EEPA4_S2_S4_S6_S4_S6_P_27_address0    |  out|    5|   ap_memory|    p_ZZN9gdn_mxfp818gdn_mxfp8_top_implEhthhPA128_K7ap_uintILi8EEPA4_S2_S4_S6_S4_S6_P_27|         array|
|p_ZZN9gdn_mxfp818gdn_mxfp8_top_implEhthhPA128_K7ap_uintILi8EEPA4_S2_S4_S6_S4_S6_P_27_ce0         |  out|    1|   ap_memory|    p_ZZN9gdn_mxfp818gdn_mxfp8_top_implEhthhPA128_K7ap_uintILi8EEPA4_S2_S4_S6_S4_S6_P_27|         array|
|p_ZZN9gdn_mxfp818gdn_mxfp8_top_implEhthhPA128_K7ap_uintILi8EEPA4_S2_S4_S6_S4_S6_P_27_q0          |   in|   32|   ap_memory|    p_ZZN9gdn_mxfp818gdn_mxfp8_top_implEhthhPA128_K7ap_uintILi8EEPA4_S2_S4_S6_S4_S6_P_27|         array|
|p_ZZN9gdn_mxfp818gdn_mxfp8_top_implEhthhPA128_K7ap_uintILi8EEPA4_S2_S4_S6_S4_S6_P_26_address0    |  out|    5|   ap_memory|    p_ZZN9gdn_mxfp818gdn_mxfp8_top_implEhthhPA128_K7ap_uintILi8EEPA4_S2_S4_S6_S4_S6_P_26|         array|
|p_ZZN9gdn_mxfp818gdn_mxfp8_top_implEhthhPA128_K7ap_uintILi8EEPA4_S2_S4_S6_S4_S6_P_26_ce0         |  out|    1|   ap_memory|    p_ZZN9gdn_mxfp818gdn_mxfp8_top_implEhthhPA128_K7ap_uintILi8EEPA4_S2_S4_S6_S4_S6_P_26|         array|
|p_ZZN9gdn_mxfp818gdn_mxfp8_top_implEhthhPA128_K7ap_uintILi8EEPA4_S2_S4_S6_S4_S6_P_26_q0          |   in|   32|   ap_memory|    p_ZZN9gdn_mxfp818gdn_mxfp8_top_implEhthhPA128_K7ap_uintILi8EEPA4_S2_S4_S6_S4_S6_P_26|         array|
|p_ZZN9gdn_mxfp818gdn_mxfp8_top_implEhthhPA128_K7ap_uintILi8EEPA4_S2_S4_S6_S4_S6_P_25_address0    |  out|    5|   ap_memory|    p_ZZN9gdn_mxfp818gdn_mxfp8_top_implEhthhPA128_K7ap_uintILi8EEPA4_S2_S4_S6_S4_S6_P_25|         array|
|p_ZZN9gdn_mxfp818gdn_mxfp8_top_implEhthhPA128_K7ap_uintILi8EEPA4_S2_S4_S6_S4_S6_P_25_ce0         |  out|    1|   ap_memory|    p_ZZN9gdn_mxfp818gdn_mxfp8_top_implEhthhPA128_K7ap_uintILi8EEPA4_S2_S4_S6_S4_S6_P_25|         array|
|p_ZZN9gdn_mxfp818gdn_mxfp8_top_implEhthhPA128_K7ap_uintILi8EEPA4_S2_S4_S6_S4_S6_P_25_q0          |   in|   32|   ap_memory|    p_ZZN9gdn_mxfp818gdn_mxfp8_top_implEhthhPA128_K7ap_uintILi8EEPA4_S2_S4_S6_S4_S6_P_25|         array|
|p_ZZN9gdn_mxfp818gdn_mxfp8_top_implEhthhPA128_K7ap_uintILi8EEPA4_S2_S4_S6_S4_S6_P_24_address0    |  out|    5|   ap_memory|    p_ZZN9gdn_mxfp818gdn_mxfp8_top_implEhthhPA128_K7ap_uintILi8EEPA4_S2_S4_S6_S4_S6_P_24|         array|
|p_ZZN9gdn_mxfp818gdn_mxfp8_top_implEhthhPA128_K7ap_uintILi8EEPA4_S2_S4_S6_S4_S6_P_24_ce0         |  out|    1|   ap_memory|    p_ZZN9gdn_mxfp818gdn_mxfp8_top_implEhthhPA128_K7ap_uintILi8EEPA4_S2_S4_S6_S4_S6_P_24|         array|
|p_ZZN9gdn_mxfp818gdn_mxfp8_top_implEhthhPA128_K7ap_uintILi8EEPA4_S2_S4_S6_S4_S6_P_24_q0          |   in|   32|   ap_memory|    p_ZZN9gdn_mxfp818gdn_mxfp8_top_implEhthhPA128_K7ap_uintILi8EEPA4_S2_S4_S6_S4_S6_P_24|         array|
|p_ZZN9gdn_mxfp818gdn_mxfp8_top_implEhthhPA128_K7ap_uintILi8EEPA4_S2_S4_S6_S4_S6_P_23_address0    |  out|    5|   ap_memory|    p_ZZN9gdn_mxfp818gdn_mxfp8_top_implEhthhPA128_K7ap_uintILi8EEPA4_S2_S4_S6_S4_S6_P_23|         array|
|p_ZZN9gdn_mxfp818gdn_mxfp8_top_implEhthhPA128_K7ap_uintILi8EEPA4_S2_S4_S6_S4_S6_P_23_ce0         |  out|    1|   ap_memory|    p_ZZN9gdn_mxfp818gdn_mxfp8_top_implEhthhPA128_K7ap_uintILi8EEPA4_S2_S4_S6_S4_S6_P_23|         array|
|p_ZZN9gdn_mxfp818gdn_mxfp8_top_implEhthhPA128_K7ap_uintILi8EEPA4_S2_S4_S6_S4_S6_P_23_q0          |   in|   32|   ap_memory|    p_ZZN9gdn_mxfp818gdn_mxfp8_top_implEhthhPA128_K7ap_uintILi8EEPA4_S2_S4_S6_S4_S6_P_23|         array|
|p_ZZN9gdn_mxfp818gdn_mxfp8_top_implEhthhPA128_K7ap_uintILi8EEPA4_S2_S4_S6_S4_S6_P_22_address0    |  out|    5|   ap_memory|    p_ZZN9gdn_mxfp818gdn_mxfp8_top_implEhthhPA128_K7ap_uintILi8EEPA4_S2_S4_S6_S4_S6_P_22|         array|
|p_ZZN9gdn_mxfp818gdn_mxfp8_top_implEhthhPA128_K7ap_uintILi8EEPA4_S2_S4_S6_S4_S6_P_22_ce0         |  out|    1|   ap_memory|    p_ZZN9gdn_mxfp818gdn_mxfp8_top_implEhthhPA128_K7ap_uintILi8EEPA4_S2_S4_S6_S4_S6_P_22|         array|
|p_ZZN9gdn_mxfp818gdn_mxfp8_top_implEhthhPA128_K7ap_uintILi8EEPA4_S2_S4_S6_S4_S6_P_22_q0          |   in|   32|   ap_memory|    p_ZZN9gdn_mxfp818gdn_mxfp8_top_implEhthhPA128_K7ap_uintILi8EEPA4_S2_S4_S6_S4_S6_P_22|         array|
|p_ZZN9gdn_mxfp818gdn_mxfp8_top_implEhthhPA128_K7ap_uintILi8EEPA4_S2_S4_S6_S4_S6_P_21_address0    |  out|    5|   ap_memory|    p_ZZN9gdn_mxfp818gdn_mxfp8_top_implEhthhPA128_K7ap_uintILi8EEPA4_S2_S4_S6_S4_S6_P_21|         array|
|p_ZZN9gdn_mxfp818gdn_mxfp8_top_implEhthhPA128_K7ap_uintILi8EEPA4_S2_S4_S6_S4_S6_P_21_ce0         |  out|    1|   ap_memory|    p_ZZN9gdn_mxfp818gdn_mxfp8_top_implEhthhPA128_K7ap_uintILi8EEPA4_S2_S4_S6_S4_S6_P_21|         array|
|p_ZZN9gdn_mxfp818gdn_mxfp8_top_implEhthhPA128_K7ap_uintILi8EEPA4_S2_S4_S6_S4_S6_P_21_q0          |   in|   32|   ap_memory|    p_ZZN9gdn_mxfp818gdn_mxfp8_top_implEhthhPA128_K7ap_uintILi8EEPA4_S2_S4_S6_S4_S6_P_21|         array|
|p_ZZN9gdn_mxfp818gdn_mxfp8_top_implEhthhPA128_K7ap_uintILi8EEPA4_S2_S4_S6_S4_S6_P_20_address0    |  out|    5|   ap_memory|    p_ZZN9gdn_mxfp818gdn_mxfp8_top_implEhthhPA128_K7ap_uintILi8EEPA4_S2_S4_S6_S4_S6_P_20|         array|
|p_ZZN9gdn_mxfp818gdn_mxfp8_top_implEhthhPA128_K7ap_uintILi8EEPA4_S2_S4_S6_S4_S6_P_20_ce0         |  out|    1|   ap_memory|    p_ZZN9gdn_mxfp818gdn_mxfp8_top_implEhthhPA128_K7ap_uintILi8EEPA4_S2_S4_S6_S4_S6_P_20|         array|
|p_ZZN9gdn_mxfp818gdn_mxfp8_top_implEhthhPA128_K7ap_uintILi8EEPA4_S2_S4_S6_S4_S6_P_20_q0          |   in|   32|   ap_memory|    p_ZZN9gdn_mxfp818gdn_mxfp8_top_implEhthhPA128_K7ap_uintILi8EEPA4_S2_S4_S6_S4_S6_P_20|         array|
|p_ZZN9gdn_mxfp818gdn_mxfp8_top_implEhthhPA128_K7ap_uintILi8EEPA4_S2_S4_S6_S4_S6_P_19_address0    |  out|    5|   ap_memory|    p_ZZN9gdn_mxfp818gdn_mxfp8_top_implEhthhPA128_K7ap_uintILi8EEPA4_S2_S4_S6_S4_S6_P_19|         array|
|p_ZZN9gdn_mxfp818gdn_mxfp8_top_implEhthhPA128_K7ap_uintILi8EEPA4_S2_S4_S6_S4_S6_P_19_ce0         |  out|    1|   ap_memory|    p_ZZN9gdn_mxfp818gdn_mxfp8_top_implEhthhPA128_K7ap_uintILi8EEPA4_S2_S4_S6_S4_S6_P_19|         array|
|p_ZZN9gdn_mxfp818gdn_mxfp8_top_implEhthhPA128_K7ap_uintILi8EEPA4_S2_S4_S6_S4_S6_P_19_q0          |   in|   32|   ap_memory|    p_ZZN9gdn_mxfp818gdn_mxfp8_top_implEhthhPA128_K7ap_uintILi8EEPA4_S2_S4_S6_S4_S6_P_19|         array|
|p_ZZN9gdn_mxfp818gdn_mxfp8_top_implEhthhPA128_K7ap_uintILi8EEPA4_S2_S4_S6_S4_S6_P_18_address0    |  out|    5|   ap_memory|    p_ZZN9gdn_mxfp818gdn_mxfp8_top_implEhthhPA128_K7ap_uintILi8EEPA4_S2_S4_S6_S4_S6_P_18|         array|
|p_ZZN9gdn_mxfp818gdn_mxfp8_top_implEhthhPA128_K7ap_uintILi8EEPA4_S2_S4_S6_S4_S6_P_18_ce0         |  out|    1|   ap_memory|    p_ZZN9gdn_mxfp818gdn_mxfp8_top_implEhthhPA128_K7ap_uintILi8EEPA4_S2_S4_S6_S4_S6_P_18|         array|
|p_ZZN9gdn_mxfp818gdn_mxfp8_top_implEhthhPA128_K7ap_uintILi8EEPA4_S2_S4_S6_S4_S6_P_18_q0          |   in|   32|   ap_memory|    p_ZZN9gdn_mxfp818gdn_mxfp8_top_implEhthhPA128_K7ap_uintILi8EEPA4_S2_S4_S6_S4_S6_P_18|         array|
|p_ZZN9gdn_mxfp818gdn_mxfp8_top_implEhthhPA128_K7ap_uintILi8EEPA4_S2_S4_S6_S4_S6_P_17_address0    |  out|    5|   ap_memory|    p_ZZN9gdn_mxfp818gdn_mxfp8_top_implEhthhPA128_K7ap_uintILi8EEPA4_S2_S4_S6_S4_S6_P_17|         array|
|p_ZZN9gdn_mxfp818gdn_mxfp8_top_implEhthhPA128_K7ap_uintILi8EEPA4_S2_S4_S6_S4_S6_P_17_ce0         |  out|    1|   ap_memory|    p_ZZN9gdn_mxfp818gdn_mxfp8_top_implEhthhPA128_K7ap_uintILi8EEPA4_S2_S4_S6_S4_S6_P_17|         array|
|p_ZZN9gdn_mxfp818gdn_mxfp8_top_implEhthhPA128_K7ap_uintILi8EEPA4_S2_S4_S6_S4_S6_P_17_q0          |   in|   32|   ap_memory|    p_ZZN9gdn_mxfp818gdn_mxfp8_top_implEhthhPA128_K7ap_uintILi8EEPA4_S2_S4_S6_S4_S6_P_17|         array|
|p_ZZN9gdn_mxfp818gdn_mxfp8_top_implEhthhPA128_K7ap_uintILi8EEPA4_S2_S4_S6_S4_S6_P_16_address0    |  out|    5|   ap_memory|    p_ZZN9gdn_mxfp818gdn_mxfp8_top_implEhthhPA128_K7ap_uintILi8EEPA4_S2_S4_S6_S4_S6_P_16|         array|
|p_ZZN9gdn_mxfp818gdn_mxfp8_top_implEhthhPA128_K7ap_uintILi8EEPA4_S2_S4_S6_S4_S6_P_16_ce0         |  out|    1|   ap_memory|    p_ZZN9gdn_mxfp818gdn_mxfp8_top_implEhthhPA128_K7ap_uintILi8EEPA4_S2_S4_S6_S4_S6_P_16|         array|
|p_ZZN9gdn_mxfp818gdn_mxfp8_top_implEhthhPA128_K7ap_uintILi8EEPA4_S2_S4_S6_S4_S6_P_16_q0          |   in|   32|   ap_memory|    p_ZZN9gdn_mxfp818gdn_mxfp8_top_implEhthhPA128_K7ap_uintILi8EEPA4_S2_S4_S6_S4_S6_P_16|         array|
|p_ZZN9gdn_mxfp818gdn_mxfp8_top_implEhthhPA128_K7ap_uintILi8EEPA4_S2_S4_S6_S4_S6_P_15_address0    |  out|    5|   ap_memory|    p_ZZN9gdn_mxfp818gdn_mxfp8_top_implEhthhPA128_K7ap_uintILi8EEPA4_S2_S4_S6_S4_S6_P_15|         array|
|p_ZZN9gdn_mxfp818gdn_mxfp8_top_implEhthhPA128_K7ap_uintILi8EEPA4_S2_S4_S6_S4_S6_P_15_ce0         |  out|    1|   ap_memory|    p_ZZN9gdn_mxfp818gdn_mxfp8_top_implEhthhPA128_K7ap_uintILi8EEPA4_S2_S4_S6_S4_S6_P_15|         array|
|p_ZZN9gdn_mxfp818gdn_mxfp8_top_implEhthhPA128_K7ap_uintILi8EEPA4_S2_S4_S6_S4_S6_P_15_q0          |   in|   32|   ap_memory|    p_ZZN9gdn_mxfp818gdn_mxfp8_top_implEhthhPA128_K7ap_uintILi8EEPA4_S2_S4_S6_S4_S6_P_15|         array|
|p_ZZN9gdn_mxfp818gdn_mxfp8_top_implEhthhPA128_K7ap_uintILi8EEPA4_S2_S4_S6_S4_S6_P_14_address0    |  out|    5|   ap_memory|    p_ZZN9gdn_mxfp818gdn_mxfp8_top_implEhthhPA128_K7ap_uintILi8EEPA4_S2_S4_S6_S4_S6_P_14|         array|
|p_ZZN9gdn_mxfp818gdn_mxfp8_top_implEhthhPA128_K7ap_uintILi8EEPA4_S2_S4_S6_S4_S6_P_14_ce0         |  out|    1|   ap_memory|    p_ZZN9gdn_mxfp818gdn_mxfp8_top_implEhthhPA128_K7ap_uintILi8EEPA4_S2_S4_S6_S4_S6_P_14|         array|
|p_ZZN9gdn_mxfp818gdn_mxfp8_top_implEhthhPA128_K7ap_uintILi8EEPA4_S2_S4_S6_S4_S6_P_14_q0          |   in|   32|   ap_memory|    p_ZZN9gdn_mxfp818gdn_mxfp8_top_implEhthhPA128_K7ap_uintILi8EEPA4_S2_S4_S6_S4_S6_P_14|         array|
|p_ZZN9gdn_mxfp818gdn_mxfp8_top_implEhthhPA128_K7ap_uintILi8EEPA4_S2_S4_S6_S4_S6_P_13_address0    |  out|    5|   ap_memory|    p_ZZN9gdn_mxfp818gdn_mxfp8_top_implEhthhPA128_K7ap_uintILi8EEPA4_S2_S4_S6_S4_S6_P_13|         array|
|p_ZZN9gdn_mxfp818gdn_mxfp8_top_implEhthhPA128_K7ap_uintILi8EEPA4_S2_S4_S6_S4_S6_P_13_ce0         |  out|    1|   ap_memory|    p_ZZN9gdn_mxfp818gdn_mxfp8_top_implEhthhPA128_K7ap_uintILi8EEPA4_S2_S4_S6_S4_S6_P_13|         array|
|p_ZZN9gdn_mxfp818gdn_mxfp8_top_implEhthhPA128_K7ap_uintILi8EEPA4_S2_S4_S6_S4_S6_P_13_q0          |   in|   32|   ap_memory|    p_ZZN9gdn_mxfp818gdn_mxfp8_top_implEhthhPA128_K7ap_uintILi8EEPA4_S2_S4_S6_S4_S6_P_13|         array|
|p_ZZN9gdn_mxfp818gdn_mxfp8_top_implEhthhPA128_K7ap_uintILi8EEPA4_S2_S4_S6_S4_S6_P_12_address0    |  out|    5|   ap_memory|    p_ZZN9gdn_mxfp818gdn_mxfp8_top_implEhthhPA128_K7ap_uintILi8EEPA4_S2_S4_S6_S4_S6_P_12|         array|
|p_ZZN9gdn_mxfp818gdn_mxfp8_top_implEhthhPA128_K7ap_uintILi8EEPA4_S2_S4_S6_S4_S6_P_12_ce0         |  out|    1|   ap_memory|    p_ZZN9gdn_mxfp818gdn_mxfp8_top_implEhthhPA128_K7ap_uintILi8EEPA4_S2_S4_S6_S4_S6_P_12|         array|
|p_ZZN9gdn_mxfp818gdn_mxfp8_top_implEhthhPA128_K7ap_uintILi8EEPA4_S2_S4_S6_S4_S6_P_12_q0          |   in|   32|   ap_memory|    p_ZZN9gdn_mxfp818gdn_mxfp8_top_implEhthhPA128_K7ap_uintILi8EEPA4_S2_S4_S6_S4_S6_P_12|         array|
|p_ZZN9gdn_mxfp818gdn_mxfp8_top_implEhthhPA128_K7ap_uintILi8EEPA4_S2_S4_S6_S4_S6_P_11_address0    |  out|    5|   ap_memory|    p_ZZN9gdn_mxfp818gdn_mxfp8_top_implEhthhPA128_K7ap_uintILi8EEPA4_S2_S4_S6_S4_S6_P_11|         array|
|p_ZZN9gdn_mxfp818gdn_mxfp8_top_implEhthhPA128_K7ap_uintILi8EEPA4_S2_S4_S6_S4_S6_P_11_ce0         |  out|    1|   ap_memory|    p_ZZN9gdn_mxfp818gdn_mxfp8_top_implEhthhPA128_K7ap_uintILi8EEPA4_S2_S4_S6_S4_S6_P_11|         array|
|p_ZZN9gdn_mxfp818gdn_mxfp8_top_implEhthhPA128_K7ap_uintILi8EEPA4_S2_S4_S6_S4_S6_P_11_q0          |   in|   32|   ap_memory|    p_ZZN9gdn_mxfp818gdn_mxfp8_top_implEhthhPA128_K7ap_uintILi8EEPA4_S2_S4_S6_S4_S6_P_11|         array|
|p_ZZN9gdn_mxfp818gdn_mxfp8_top_implEhthhPA128_K7ap_uintILi8EEPA4_S2_S4_S6_S4_S6_P_10_address0    |  out|    5|   ap_memory|    p_ZZN9gdn_mxfp818gdn_mxfp8_top_implEhthhPA128_K7ap_uintILi8EEPA4_S2_S4_S6_S4_S6_P_10|         array|
|p_ZZN9gdn_mxfp818gdn_mxfp8_top_implEhthhPA128_K7ap_uintILi8EEPA4_S2_S4_S6_S4_S6_P_10_ce0         |  out|    1|   ap_memory|    p_ZZN9gdn_mxfp818gdn_mxfp8_top_implEhthhPA128_K7ap_uintILi8EEPA4_S2_S4_S6_S4_S6_P_10|         array|
|p_ZZN9gdn_mxfp818gdn_mxfp8_top_implEhthhPA128_K7ap_uintILi8EEPA4_S2_S4_S6_S4_S6_P_10_q0          |   in|   32|   ap_memory|    p_ZZN9gdn_mxfp818gdn_mxfp8_top_implEhthhPA128_K7ap_uintILi8EEPA4_S2_S4_S6_S4_S6_P_10|         array|
|p_ZZN9gdn_mxfp818gdn_mxfp8_top_implEhthhPA128_K7ap_uintILi8EEPA4_S2_S4_S6_S4_S6_P_9_address0     |  out|    5|   ap_memory|     p_ZZN9gdn_mxfp818gdn_mxfp8_top_implEhthhPA128_K7ap_uintILi8EEPA4_S2_S4_S6_S4_S6_P_9|         array|
|p_ZZN9gdn_mxfp818gdn_mxfp8_top_implEhthhPA128_K7ap_uintILi8EEPA4_S2_S4_S6_S4_S6_P_9_ce0          |  out|    1|   ap_memory|     p_ZZN9gdn_mxfp818gdn_mxfp8_top_implEhthhPA128_K7ap_uintILi8EEPA4_S2_S4_S6_S4_S6_P_9|         array|
|p_ZZN9gdn_mxfp818gdn_mxfp8_top_implEhthhPA128_K7ap_uintILi8EEPA4_S2_S4_S6_S4_S6_P_9_q0           |   in|   32|   ap_memory|     p_ZZN9gdn_mxfp818gdn_mxfp8_top_implEhthhPA128_K7ap_uintILi8EEPA4_S2_S4_S6_S4_S6_P_9|         array|
|p_ZZN9gdn_mxfp818gdn_mxfp8_top_implEhthhPA128_K7ap_uintILi8EEPA4_S2_S4_S6_S4_S6_P_8_address0     |  out|    5|   ap_memory|     p_ZZN9gdn_mxfp818gdn_mxfp8_top_implEhthhPA128_K7ap_uintILi8EEPA4_S2_S4_S6_S4_S6_P_8|         array|
|p_ZZN9gdn_mxfp818gdn_mxfp8_top_implEhthhPA128_K7ap_uintILi8EEPA4_S2_S4_S6_S4_S6_P_8_ce0          |  out|    1|   ap_memory|     p_ZZN9gdn_mxfp818gdn_mxfp8_top_implEhthhPA128_K7ap_uintILi8EEPA4_S2_S4_S6_S4_S6_P_8|         array|
|p_ZZN9gdn_mxfp818gdn_mxfp8_top_implEhthhPA128_K7ap_uintILi8EEPA4_S2_S4_S6_S4_S6_P_8_q0           |   in|   32|   ap_memory|     p_ZZN9gdn_mxfp818gdn_mxfp8_top_implEhthhPA128_K7ap_uintILi8EEPA4_S2_S4_S6_S4_S6_P_8|         array|
|p_ZZN9gdn_mxfp818gdn_mxfp8_top_implEhthhPA128_K7ap_uintILi8EEPA4_S2_S4_S6_S4_S6_P_7_address0     |  out|    5|   ap_memory|     p_ZZN9gdn_mxfp818gdn_mxfp8_top_implEhthhPA128_K7ap_uintILi8EEPA4_S2_S4_S6_S4_S6_P_7|         array|
|p_ZZN9gdn_mxfp818gdn_mxfp8_top_implEhthhPA128_K7ap_uintILi8EEPA4_S2_S4_S6_S4_S6_P_7_ce0          |  out|    1|   ap_memory|     p_ZZN9gdn_mxfp818gdn_mxfp8_top_implEhthhPA128_K7ap_uintILi8EEPA4_S2_S4_S6_S4_S6_P_7|         array|
|p_ZZN9gdn_mxfp818gdn_mxfp8_top_implEhthhPA128_K7ap_uintILi8EEPA4_S2_S4_S6_S4_S6_P_7_q0           |   in|   32|   ap_memory|     p_ZZN9gdn_mxfp818gdn_mxfp8_top_implEhthhPA128_K7ap_uintILi8EEPA4_S2_S4_S6_S4_S6_P_7|         array|
|p_ZZN9gdn_mxfp818gdn_mxfp8_top_implEhthhPA128_K7ap_uintILi8EEPA4_S2_S4_S6_S4_S6_P_6_address0     |  out|    5|   ap_memory|     p_ZZN9gdn_mxfp818gdn_mxfp8_top_implEhthhPA128_K7ap_uintILi8EEPA4_S2_S4_S6_S4_S6_P_6|         array|
|p_ZZN9gdn_mxfp818gdn_mxfp8_top_implEhthhPA128_K7ap_uintILi8EEPA4_S2_S4_S6_S4_S6_P_6_ce0          |  out|    1|   ap_memory|     p_ZZN9gdn_mxfp818gdn_mxfp8_top_implEhthhPA128_K7ap_uintILi8EEPA4_S2_S4_S6_S4_S6_P_6|         array|
|p_ZZN9gdn_mxfp818gdn_mxfp8_top_implEhthhPA128_K7ap_uintILi8EEPA4_S2_S4_S6_S4_S6_P_6_q0           |   in|   32|   ap_memory|     p_ZZN9gdn_mxfp818gdn_mxfp8_top_implEhthhPA128_K7ap_uintILi8EEPA4_S2_S4_S6_S4_S6_P_6|         array|
|p_ZZN9gdn_mxfp818gdn_mxfp8_top_implEhthhPA128_K7ap_uintILi8EEPA4_S2_S4_S6_S4_S6_P_5_address0     |  out|    5|   ap_memory|     p_ZZN9gdn_mxfp818gdn_mxfp8_top_implEhthhPA128_K7ap_uintILi8EEPA4_S2_S4_S6_S4_S6_P_5|         array|
|p_ZZN9gdn_mxfp818gdn_mxfp8_top_implEhthhPA128_K7ap_uintILi8EEPA4_S2_S4_S6_S4_S6_P_5_ce0          |  out|    1|   ap_memory|     p_ZZN9gdn_mxfp818gdn_mxfp8_top_implEhthhPA128_K7ap_uintILi8EEPA4_S2_S4_S6_S4_S6_P_5|         array|
|p_ZZN9gdn_mxfp818gdn_mxfp8_top_implEhthhPA128_K7ap_uintILi8EEPA4_S2_S4_S6_S4_S6_P_5_q0           |   in|   32|   ap_memory|     p_ZZN9gdn_mxfp818gdn_mxfp8_top_implEhthhPA128_K7ap_uintILi8EEPA4_S2_S4_S6_S4_S6_P_5|         array|
|p_ZZN9gdn_mxfp818gdn_mxfp8_top_implEhthhPA128_K7ap_uintILi8EEPA4_S2_S4_S6_S4_S6_P_4_address0     |  out|    5|   ap_memory|     p_ZZN9gdn_mxfp818gdn_mxfp8_top_implEhthhPA128_K7ap_uintILi8EEPA4_S2_S4_S6_S4_S6_P_4|         array|
|p_ZZN9gdn_mxfp818gdn_mxfp8_top_implEhthhPA128_K7ap_uintILi8EEPA4_S2_S4_S6_S4_S6_P_4_ce0          |  out|    1|   ap_memory|     p_ZZN9gdn_mxfp818gdn_mxfp8_top_implEhthhPA128_K7ap_uintILi8EEPA4_S2_S4_S6_S4_S6_P_4|         array|
|p_ZZN9gdn_mxfp818gdn_mxfp8_top_implEhthhPA128_K7ap_uintILi8EEPA4_S2_S4_S6_S4_S6_P_4_q0           |   in|   32|   ap_memory|     p_ZZN9gdn_mxfp818gdn_mxfp8_top_implEhthhPA128_K7ap_uintILi8EEPA4_S2_S4_S6_S4_S6_P_4|         array|
|p_ZZN9gdn_mxfp818gdn_mxfp8_top_implEhthhPA128_K7ap_uintILi8EEPA4_S2_S4_S6_S4_S6_P_3_address0     |  out|    5|   ap_memory|     p_ZZN9gdn_mxfp818gdn_mxfp8_top_implEhthhPA128_K7ap_uintILi8EEPA4_S2_S4_S6_S4_S6_P_3|         array|
|p_ZZN9gdn_mxfp818gdn_mxfp8_top_implEhthhPA128_K7ap_uintILi8EEPA4_S2_S4_S6_S4_S6_P_3_ce0          |  out|    1|   ap_memory|     p_ZZN9gdn_mxfp818gdn_mxfp8_top_implEhthhPA128_K7ap_uintILi8EEPA4_S2_S4_S6_S4_S6_P_3|         array|
|p_ZZN9gdn_mxfp818gdn_mxfp8_top_implEhthhPA128_K7ap_uintILi8EEPA4_S2_S4_S6_S4_S6_P_3_q0           |   in|   32|   ap_memory|     p_ZZN9gdn_mxfp818gdn_mxfp8_top_implEhthhPA128_K7ap_uintILi8EEPA4_S2_S4_S6_S4_S6_P_3|         array|
|p_ZZN9gdn_mxfp818gdn_mxfp8_top_implEhthhPA128_K7ap_uintILi8EEPA4_S2_S4_S6_S4_S6_P_2_address0     |  out|    5|   ap_memory|     p_ZZN9gdn_mxfp818gdn_mxfp8_top_implEhthhPA128_K7ap_uintILi8EEPA4_S2_S4_S6_S4_S6_P_2|         array|
|p_ZZN9gdn_mxfp818gdn_mxfp8_top_implEhthhPA128_K7ap_uintILi8EEPA4_S2_S4_S6_S4_S6_P_2_ce0          |  out|    1|   ap_memory|     p_ZZN9gdn_mxfp818gdn_mxfp8_top_implEhthhPA128_K7ap_uintILi8EEPA4_S2_S4_S6_S4_S6_P_2|         array|
|p_ZZN9gdn_mxfp818gdn_mxfp8_top_implEhthhPA128_K7ap_uintILi8EEPA4_S2_S4_S6_S4_S6_P_2_q0           |   in|   32|   ap_memory|     p_ZZN9gdn_mxfp818gdn_mxfp8_top_implEhthhPA128_K7ap_uintILi8EEPA4_S2_S4_S6_S4_S6_P_2|         array|
|p_ZZN9gdn_mxfp818gdn_mxfp8_top_implEhthhPA128_K7ap_uintILi8EEPA4_S2_S4_S6_S4_S6_P_1_address0     |  out|    5|   ap_memory|     p_ZZN9gdn_mxfp818gdn_mxfp8_top_implEhthhPA128_K7ap_uintILi8EEPA4_S2_S4_S6_S4_S6_P_1|         array|
|p_ZZN9gdn_mxfp818gdn_mxfp8_top_implEhthhPA128_K7ap_uintILi8EEPA4_S2_S4_S6_S4_S6_P_1_ce0          |  out|    1|   ap_memory|     p_ZZN9gdn_mxfp818gdn_mxfp8_top_implEhthhPA128_K7ap_uintILi8EEPA4_S2_S4_S6_S4_S6_P_1|         array|
|p_ZZN9gdn_mxfp818gdn_mxfp8_top_implEhthhPA128_K7ap_uintILi8EEPA4_S2_S4_S6_S4_S6_P_1_q0           |   in|   32|   ap_memory|     p_ZZN9gdn_mxfp818gdn_mxfp8_top_implEhthhPA128_K7ap_uintILi8EEPA4_S2_S4_S6_S4_S6_P_1|         array|
|p_ZZN9gdn_mxfp818gdn_mxfp8_top_implEhthhPA128_K7ap_uintILi8EEPA4_S2_S4_S6_S4_S6_P_address0       |  out|    5|   ap_memory|       p_ZZN9gdn_mxfp818gdn_mxfp8_top_implEhthhPA128_K7ap_uintILi8EEPA4_S2_S4_S6_S4_S6_P|         array|
|p_ZZN9gdn_mxfp818gdn_mxfp8_top_implEhthhPA128_K7ap_uintILi8EEPA4_S2_S4_S6_S4_S6_P_ce0            |  out|    1|   ap_memory|       p_ZZN9gdn_mxfp818gdn_mxfp8_top_implEhthhPA128_K7ap_uintILi8EEPA4_S2_S4_S6_S4_S6_P|         array|
|p_ZZN9gdn_mxfp818gdn_mxfp8_top_implEhthhPA128_K7ap_uintILi8EEPA4_S2_S4_S6_S4_S6_P_q0             |   in|   32|   ap_memory|       p_ZZN9gdn_mxfp818gdn_mxfp8_top_implEhthhPA128_K7ap_uintILi8EEPA4_S2_S4_S6_S4_S6_P|         array|
|p_ZZN9gdn_mxfp818gdn_mxfp8_top_implEhthhPA128_K7ap_uintILi8EEPA4_S2_S4_S6_S4_S6_P_1099_address0  |  out|    5|   ap_memory|  p_ZZN9gdn_mxfp818gdn_mxfp8_top_implEhthhPA128_K7ap_uintILi8EEPA4_S2_S4_S6_S4_S6_P_1099|         array|
|p_ZZN9gdn_mxfp818gdn_mxfp8_top_implEhthhPA128_K7ap_uintILi8EEPA4_S2_S4_S6_S4_S6_P_1099_ce0       |  out|    1|   ap_memory|  p_ZZN9gdn_mxfp818gdn_mxfp8_top_implEhthhPA128_K7ap_uintILi8EEPA4_S2_S4_S6_S4_S6_P_1099|         array|
|p_ZZN9gdn_mxfp818gdn_mxfp8_top_implEhthhPA128_K7ap_uintILi8EEPA4_S2_S4_S6_S4_S6_P_1099_q0        |   in|   32|   ap_memory|  p_ZZN9gdn_mxfp818gdn_mxfp8_top_implEhthhPA128_K7ap_uintILi8EEPA4_S2_S4_S6_S4_S6_P_1099|         array|
|p_ZZN9gdn_mxfp818gdn_mxfp8_top_implEhthhPA128_K7ap_uintILi8EEPA4_S2_S4_S6_S4_S6_P_1100_address0  |  out|    5|   ap_memory|  p_ZZN9gdn_mxfp818gdn_mxfp8_top_implEhthhPA128_K7ap_uintILi8EEPA4_S2_S4_S6_S4_S6_P_1100|         array|
|p_ZZN9gdn_mxfp818gdn_mxfp8_top_implEhthhPA128_K7ap_uintILi8EEPA4_S2_S4_S6_S4_S6_P_1100_ce0       |  out|    1|   ap_memory|  p_ZZN9gdn_mxfp818gdn_mxfp8_top_implEhthhPA128_K7ap_uintILi8EEPA4_S2_S4_S6_S4_S6_P_1100|         array|
|p_ZZN9gdn_mxfp818gdn_mxfp8_top_implEhthhPA128_K7ap_uintILi8EEPA4_S2_S4_S6_S4_S6_P_1100_q0        |   in|   32|   ap_memory|  p_ZZN9gdn_mxfp818gdn_mxfp8_top_implEhthhPA128_K7ap_uintILi8EEPA4_S2_S4_S6_S4_S6_P_1100|         array|
|p_ZZN9gdn_mxfp818gdn_mxfp8_top_implEhthhPA128_K7ap_uintILi8EEPA4_S2_S4_S6_S4_S6_P_1101_address0  |  out|    5|   ap_memory|  p_ZZN9gdn_mxfp818gdn_mxfp8_top_implEhthhPA128_K7ap_uintILi8EEPA4_S2_S4_S6_S4_S6_P_1101|         array|
|p_ZZN9gdn_mxfp818gdn_mxfp8_top_implEhthhPA128_K7ap_uintILi8EEPA4_S2_S4_S6_S4_S6_P_1101_ce0       |  out|    1|   ap_memory|  p_ZZN9gdn_mxfp818gdn_mxfp8_top_implEhthhPA128_K7ap_uintILi8EEPA4_S2_S4_S6_S4_S6_P_1101|         array|
|p_ZZN9gdn_mxfp818gdn_mxfp8_top_implEhthhPA128_K7ap_uintILi8EEPA4_S2_S4_S6_S4_S6_P_1101_q0        |   in|   32|   ap_memory|  p_ZZN9gdn_mxfp818gdn_mxfp8_top_implEhthhPA128_K7ap_uintILi8EEPA4_S2_S4_S6_S4_S6_P_1101|         array|
|p_ZZN9gdn_mxfp818gdn_mxfp8_top_implEhthhPA128_K7ap_uintILi8EEPA4_S2_S4_S6_S4_S6_P_1102_address0  |  out|    5|   ap_memory|  p_ZZN9gdn_mxfp818gdn_mxfp8_top_implEhthhPA128_K7ap_uintILi8EEPA4_S2_S4_S6_S4_S6_P_1102|         array|
|p_ZZN9gdn_mxfp818gdn_mxfp8_top_implEhthhPA128_K7ap_uintILi8EEPA4_S2_S4_S6_S4_S6_P_1102_ce0       |  out|    1|   ap_memory|  p_ZZN9gdn_mxfp818gdn_mxfp8_top_implEhthhPA128_K7ap_uintILi8EEPA4_S2_S4_S6_S4_S6_P_1102|         array|
|p_ZZN9gdn_mxfp818gdn_mxfp8_top_implEhthhPA128_K7ap_uintILi8EEPA4_S2_S4_S6_S4_S6_P_1102_q0        |   in|   32|   ap_memory|  p_ZZN9gdn_mxfp818gdn_mxfp8_top_implEhthhPA128_K7ap_uintILi8EEPA4_S2_S4_S6_S4_S6_P_1102|         array|
|p_ZZN9gdn_mxfp818gdn_mxfp8_top_implEhthhPA128_K7ap_uintILi8EEPA4_S2_S4_S6_S4_S6_P_1103_address0  |  out|    5|   ap_memory|  p_ZZN9gdn_mxfp818gdn_mxfp8_top_implEhthhPA128_K7ap_uintILi8EEPA4_S2_S4_S6_S4_S6_P_1103|         array|
|p_ZZN9gdn_mxfp818gdn_mxfp8_top_implEhthhPA128_K7ap_uintILi8EEPA4_S2_S4_S6_S4_S6_P_1103_ce0       |  out|    1|   ap_memory|  p_ZZN9gdn_mxfp818gdn_mxfp8_top_implEhthhPA128_K7ap_uintILi8EEPA4_S2_S4_S6_S4_S6_P_1103|         array|
|p_ZZN9gdn_mxfp818gdn_mxfp8_top_implEhthhPA128_K7ap_uintILi8EEPA4_S2_S4_S6_S4_S6_P_1103_q0        |   in|   32|   ap_memory|  p_ZZN9gdn_mxfp818gdn_mxfp8_top_implEhthhPA128_K7ap_uintILi8EEPA4_S2_S4_S6_S4_S6_P_1103|         array|
|p_ZZN9gdn_mxfp818gdn_mxfp8_top_implEhthhPA128_K7ap_uintILi8EEPA4_S2_S4_S6_S4_S6_P_1104_address0  |  out|    5|   ap_memory|  p_ZZN9gdn_mxfp818gdn_mxfp8_top_implEhthhPA128_K7ap_uintILi8EEPA4_S2_S4_S6_S4_S6_P_1104|         array|
|p_ZZN9gdn_mxfp818gdn_mxfp8_top_implEhthhPA128_K7ap_uintILi8EEPA4_S2_S4_S6_S4_S6_P_1104_ce0       |  out|    1|   ap_memory|  p_ZZN9gdn_mxfp818gdn_mxfp8_top_implEhthhPA128_K7ap_uintILi8EEPA4_S2_S4_S6_S4_S6_P_1104|         array|
|p_ZZN9gdn_mxfp818gdn_mxfp8_top_implEhthhPA128_K7ap_uintILi8EEPA4_S2_S4_S6_S4_S6_P_1104_q0        |   in|   32|   ap_memory|  p_ZZN9gdn_mxfp818gdn_mxfp8_top_implEhthhPA128_K7ap_uintILi8EEPA4_S2_S4_S6_S4_S6_P_1104|         array|
|p_ZZN9gdn_mxfp818gdn_mxfp8_top_implEhthhPA128_K7ap_uintILi8EEPA4_S2_S4_S6_S4_S6_P_1105_address0  |  out|    5|   ap_memory|  p_ZZN9gdn_mxfp818gdn_mxfp8_top_implEhthhPA128_K7ap_uintILi8EEPA4_S2_S4_S6_S4_S6_P_1105|         array|
|p_ZZN9gdn_mxfp818gdn_mxfp8_top_implEhthhPA128_K7ap_uintILi8EEPA4_S2_S4_S6_S4_S6_P_1105_ce0       |  out|    1|   ap_memory|  p_ZZN9gdn_mxfp818gdn_mxfp8_top_implEhthhPA128_K7ap_uintILi8EEPA4_S2_S4_S6_S4_S6_P_1105|         array|
|p_ZZN9gdn_mxfp818gdn_mxfp8_top_implEhthhPA128_K7ap_uintILi8EEPA4_S2_S4_S6_S4_S6_P_1105_q0        |   in|   32|   ap_memory|  p_ZZN9gdn_mxfp818gdn_mxfp8_top_implEhthhPA128_K7ap_uintILi8EEPA4_S2_S4_S6_S4_S6_P_1105|         array|
|p_ZZN9gdn_mxfp818gdn_mxfp8_top_implEhthhPA128_K7ap_uintILi8EEPA4_S2_S4_S6_S4_S6_P_1106_address0  |  out|    5|   ap_memory|  p_ZZN9gdn_mxfp818gdn_mxfp8_top_implEhthhPA128_K7ap_uintILi8EEPA4_S2_S4_S6_S4_S6_P_1106|         array|
|p_ZZN9gdn_mxfp818gdn_mxfp8_top_implEhthhPA128_K7ap_uintILi8EEPA4_S2_S4_S6_S4_S6_P_1106_ce0       |  out|    1|   ap_memory|  p_ZZN9gdn_mxfp818gdn_mxfp8_top_implEhthhPA128_K7ap_uintILi8EEPA4_S2_S4_S6_S4_S6_P_1106|         array|
|p_ZZN9gdn_mxfp818gdn_mxfp8_top_implEhthhPA128_K7ap_uintILi8EEPA4_S2_S4_S6_S4_S6_P_1106_q0        |   in|   32|   ap_memory|  p_ZZN9gdn_mxfp818gdn_mxfp8_top_implEhthhPA128_K7ap_uintILi8EEPA4_S2_S4_S6_S4_S6_P_1106|         array|
|p_ZZN9gdn_mxfp818gdn_mxfp8_top_implEhthhPA128_K7ap_uintILi8EEPA4_S2_S4_S6_S4_S6_P_1107_address0  |  out|    5|   ap_memory|  p_ZZN9gdn_mxfp818gdn_mxfp8_top_implEhthhPA128_K7ap_uintILi8EEPA4_S2_S4_S6_S4_S6_P_1107|         array|
|p_ZZN9gdn_mxfp818gdn_mxfp8_top_implEhthhPA128_K7ap_uintILi8EEPA4_S2_S4_S6_S4_S6_P_1107_ce0       |  out|    1|   ap_memory|  p_ZZN9gdn_mxfp818gdn_mxfp8_top_implEhthhPA128_K7ap_uintILi8EEPA4_S2_S4_S6_S4_S6_P_1107|         array|
|p_ZZN9gdn_mxfp818gdn_mxfp8_top_implEhthhPA128_K7ap_uintILi8EEPA4_S2_S4_S6_S4_S6_P_1107_q0        |   in|   32|   ap_memory|  p_ZZN9gdn_mxfp818gdn_mxfp8_top_implEhthhPA128_K7ap_uintILi8EEPA4_S2_S4_S6_S4_S6_P_1107|         array|
|p_ZZN9gdn_mxfp818gdn_mxfp8_top_implEhthhPA128_K7ap_uintILi8EEPA4_S2_S4_S6_S4_S6_P_1108_address0  |  out|    5|   ap_memory|  p_ZZN9gdn_mxfp818gdn_mxfp8_top_implEhthhPA128_K7ap_uintILi8EEPA4_S2_S4_S6_S4_S6_P_1108|         array|
|p_ZZN9gdn_mxfp818gdn_mxfp8_top_implEhthhPA128_K7ap_uintILi8EEPA4_S2_S4_S6_S4_S6_P_1108_ce0       |  out|    1|   ap_memory|  p_ZZN9gdn_mxfp818gdn_mxfp8_top_implEhthhPA128_K7ap_uintILi8EEPA4_S2_S4_S6_S4_S6_P_1108|         array|
|p_ZZN9gdn_mxfp818gdn_mxfp8_top_implEhthhPA128_K7ap_uintILi8EEPA4_S2_S4_S6_S4_S6_P_1108_q0        |   in|   32|   ap_memory|  p_ZZN9gdn_mxfp818gdn_mxfp8_top_implEhthhPA128_K7ap_uintILi8EEPA4_S2_S4_S6_S4_S6_P_1108|         array|
|p_ZZN9gdn_mxfp818gdn_mxfp8_top_implEhthhPA128_K7ap_uintILi8EEPA4_S2_S4_S6_S4_S6_P_1109_address0  |  out|    5|   ap_memory|  p_ZZN9gdn_mxfp818gdn_mxfp8_top_implEhthhPA128_K7ap_uintILi8EEPA4_S2_S4_S6_S4_S6_P_1109|         array|
|p_ZZN9gdn_mxfp818gdn_mxfp8_top_implEhthhPA128_K7ap_uintILi8EEPA4_S2_S4_S6_S4_S6_P_1109_ce0       |  out|    1|   ap_memory|  p_ZZN9gdn_mxfp818gdn_mxfp8_top_implEhthhPA128_K7ap_uintILi8EEPA4_S2_S4_S6_S4_S6_P_1109|         array|
|p_ZZN9gdn_mxfp818gdn_mxfp8_top_implEhthhPA128_K7ap_uintILi8EEPA4_S2_S4_S6_S4_S6_P_1109_q0        |   in|   32|   ap_memory|  p_ZZN9gdn_mxfp818gdn_mxfp8_top_implEhthhPA128_K7ap_uintILi8EEPA4_S2_S4_S6_S4_S6_P_1109|         array|
|p_ZZN9gdn_mxfp818gdn_mxfp8_top_implEhthhPA128_K7ap_uintILi8EEPA4_S2_S4_S6_S4_S6_P_1110_address0  |  out|    5|   ap_memory|  p_ZZN9gdn_mxfp818gdn_mxfp8_top_implEhthhPA128_K7ap_uintILi8EEPA4_S2_S4_S6_S4_S6_P_1110|         array|
|p_ZZN9gdn_mxfp818gdn_mxfp8_top_implEhthhPA128_K7ap_uintILi8EEPA4_S2_S4_S6_S4_S6_P_1110_ce0       |  out|    1|   ap_memory|  p_ZZN9gdn_mxfp818gdn_mxfp8_top_implEhthhPA128_K7ap_uintILi8EEPA4_S2_S4_S6_S4_S6_P_1110|         array|
|p_ZZN9gdn_mxfp818gdn_mxfp8_top_implEhthhPA128_K7ap_uintILi8EEPA4_S2_S4_S6_S4_S6_P_1110_q0        |   in|   32|   ap_memory|  p_ZZN9gdn_mxfp818gdn_mxfp8_top_implEhthhPA128_K7ap_uintILi8EEPA4_S2_S4_S6_S4_S6_P_1110|         array|
|p_ZZN9gdn_mxfp818gdn_mxfp8_top_implEhthhPA128_K7ap_uintILi8EEPA4_S2_S4_S6_S4_S6_P_99_address0    |  out|    5|   ap_memory|    p_ZZN9gdn_mxfp818gdn_mxfp8_top_implEhthhPA128_K7ap_uintILi8EEPA4_S2_S4_S6_S4_S6_P_99|         array|
|p_ZZN9gdn_mxfp818gdn_mxfp8_top_implEhthhPA128_K7ap_uintILi8EEPA4_S2_S4_S6_S4_S6_P_99_ce0         |  out|    1|   ap_memory|    p_ZZN9gdn_mxfp818gdn_mxfp8_top_implEhthhPA128_K7ap_uintILi8EEPA4_S2_S4_S6_S4_S6_P_99|         array|
|p_ZZN9gdn_mxfp818gdn_mxfp8_top_implEhthhPA128_K7ap_uintILi8EEPA4_S2_S4_S6_S4_S6_P_99_q0          |   in|   32|   ap_memory|    p_ZZN9gdn_mxfp818gdn_mxfp8_top_implEhthhPA128_K7ap_uintILi8EEPA4_S2_S4_S6_S4_S6_P_99|         array|
|p_ZZN9gdn_mxfp818gdn_mxfp8_top_implEhthhPA128_K7ap_uintILi8EEPA4_S2_S4_S6_S4_S6_P_98_address0    |  out|    5|   ap_memory|    p_ZZN9gdn_mxfp818gdn_mxfp8_top_implEhthhPA128_K7ap_uintILi8EEPA4_S2_S4_S6_S4_S6_P_98|         array|
|p_ZZN9gdn_mxfp818gdn_mxfp8_top_implEhthhPA128_K7ap_uintILi8EEPA4_S2_S4_S6_S4_S6_P_98_ce0         |  out|    1|   ap_memory|    p_ZZN9gdn_mxfp818gdn_mxfp8_top_implEhthhPA128_K7ap_uintILi8EEPA4_S2_S4_S6_S4_S6_P_98|         array|
|p_ZZN9gdn_mxfp818gdn_mxfp8_top_implEhthhPA128_K7ap_uintILi8EEPA4_S2_S4_S6_S4_S6_P_98_q0          |   in|   32|   ap_memory|    p_ZZN9gdn_mxfp818gdn_mxfp8_top_implEhthhPA128_K7ap_uintILi8EEPA4_S2_S4_S6_S4_S6_P_98|         array|
|p_ZZN9gdn_mxfp818gdn_mxfp8_top_implEhthhPA128_K7ap_uintILi8EEPA4_S2_S4_S6_S4_S6_P_97_address0    |  out|    5|   ap_memory|    p_ZZN9gdn_mxfp818gdn_mxfp8_top_implEhthhPA128_K7ap_uintILi8EEPA4_S2_S4_S6_S4_S6_P_97|         array|
|p_ZZN9gdn_mxfp818gdn_mxfp8_top_implEhthhPA128_K7ap_uintILi8EEPA4_S2_S4_S6_S4_S6_P_97_ce0         |  out|    1|   ap_memory|    p_ZZN9gdn_mxfp818gdn_mxfp8_top_implEhthhPA128_K7ap_uintILi8EEPA4_S2_S4_S6_S4_S6_P_97|         array|
|p_ZZN9gdn_mxfp818gdn_mxfp8_top_implEhthhPA128_K7ap_uintILi8EEPA4_S2_S4_S6_S4_S6_P_97_q0          |   in|   32|   ap_memory|    p_ZZN9gdn_mxfp818gdn_mxfp8_top_implEhthhPA128_K7ap_uintILi8EEPA4_S2_S4_S6_S4_S6_P_97|         array|
|p_ZZN9gdn_mxfp818gdn_mxfp8_top_implEhthhPA128_K7ap_uintILi8EEPA4_S2_S4_S6_S4_S6_P_96_address0    |  out|    5|   ap_memory|    p_ZZN9gdn_mxfp818gdn_mxfp8_top_implEhthhPA128_K7ap_uintILi8EEPA4_S2_S4_S6_S4_S6_P_96|         array|
|p_ZZN9gdn_mxfp818gdn_mxfp8_top_implEhthhPA128_K7ap_uintILi8EEPA4_S2_S4_S6_S4_S6_P_96_ce0         |  out|    1|   ap_memory|    p_ZZN9gdn_mxfp818gdn_mxfp8_top_implEhthhPA128_K7ap_uintILi8EEPA4_S2_S4_S6_S4_S6_P_96|         array|
|p_ZZN9gdn_mxfp818gdn_mxfp8_top_implEhthhPA128_K7ap_uintILi8EEPA4_S2_S4_S6_S4_S6_P_96_q0          |   in|   32|   ap_memory|    p_ZZN9gdn_mxfp818gdn_mxfp8_top_implEhthhPA128_K7ap_uintILi8EEPA4_S2_S4_S6_S4_S6_P_96|         array|
|gdn_mxfp8_top_impl_unsigned_char_unsigned_short_unsigned_char_unsigned_char_ap_u_7_address0      |  out|    5|   ap_memory|      gdn_mxfp8_top_impl_unsigned_char_unsigned_short_unsigned_char_unsigned_char_ap_u_7|         array|
|gdn_mxfp8_top_impl_unsigned_char_unsigned_short_unsigned_char_unsigned_char_ap_u_7_ce0           |  out|    1|   ap_memory|      gdn_mxfp8_top_impl_unsigned_char_unsigned_short_unsigned_char_unsigned_char_ap_u_7|         array|
|gdn_mxfp8_top_impl_unsigned_char_unsigned_short_unsigned_char_unsigned_char_ap_u_7_q0            |   in|   32|   ap_memory|      gdn_mxfp8_top_impl_unsigned_char_unsigned_short_unsigned_char_unsigned_char_ap_u_7|         array|
|gdn_mxfp8_top_impl_unsigned_char_unsigned_short_unsigned_char_unsigned_char_ap_u_6_address0      |  out|    5|   ap_memory|      gdn_mxfp8_top_impl_unsigned_char_unsigned_short_unsigned_char_unsigned_char_ap_u_6|         array|
|gdn_mxfp8_top_impl_unsigned_char_unsigned_short_unsigned_char_unsigned_char_ap_u_6_ce0           |  out|    1|   ap_memory|      gdn_mxfp8_top_impl_unsigned_char_unsigned_short_unsigned_char_unsigned_char_ap_u_6|         array|
|gdn_mxfp8_top_impl_unsigned_char_unsigned_short_unsigned_char_unsigned_char_ap_u_6_q0            |   in|   32|   ap_memory|      gdn_mxfp8_top_impl_unsigned_char_unsigned_short_unsigned_char_unsigned_char_ap_u_6|         array|
|gdn_mxfp8_top_impl_unsigned_char_unsigned_short_unsigned_char_unsigned_char_ap_u_5_address0      |  out|    5|   ap_memory|      gdn_mxfp8_top_impl_unsigned_char_unsigned_short_unsigned_char_unsigned_char_ap_u_5|         array|
|gdn_mxfp8_top_impl_unsigned_char_unsigned_short_unsigned_char_unsigned_char_ap_u_5_ce0           |  out|    1|   ap_memory|      gdn_mxfp8_top_impl_unsigned_char_unsigned_short_unsigned_char_unsigned_char_ap_u_5|         array|
|gdn_mxfp8_top_impl_unsigned_char_unsigned_short_unsigned_char_unsigned_char_ap_u_5_q0            |   in|   32|   ap_memory|      gdn_mxfp8_top_impl_unsigned_char_unsigned_short_unsigned_char_unsigned_char_ap_u_5|         array|
|gdn_mxfp8_top_impl_unsigned_char_unsigned_short_unsigned_char_unsigned_char_ap_u_4_address0      |  out|    5|   ap_memory|      gdn_mxfp8_top_impl_unsigned_char_unsigned_short_unsigned_char_unsigned_char_ap_u_4|         array|
|gdn_mxfp8_top_impl_unsigned_char_unsigned_short_unsigned_char_unsigned_char_ap_u_4_ce0           |  out|    1|   ap_memory|      gdn_mxfp8_top_impl_unsigned_char_unsigned_short_unsigned_char_unsigned_char_ap_u_4|         array|
|gdn_mxfp8_top_impl_unsigned_char_unsigned_short_unsigned_char_unsigned_char_ap_u_4_q0            |   in|   32|   ap_memory|      gdn_mxfp8_top_impl_unsigned_char_unsigned_short_unsigned_char_unsigned_char_ap_u_4|         array|
|gdn_mxfp8_top_impl_unsigned_char_unsigned_short_unsigned_char_unsigned_char_ap_u_3_address0      |  out|    5|   ap_memory|      gdn_mxfp8_top_impl_unsigned_char_unsigned_short_unsigned_char_unsigned_char_ap_u_3|         array|
|gdn_mxfp8_top_impl_unsigned_char_unsigned_short_unsigned_char_unsigned_char_ap_u_3_ce0           |  out|    1|   ap_memory|      gdn_mxfp8_top_impl_unsigned_char_unsigned_short_unsigned_char_unsigned_char_ap_u_3|         array|
|gdn_mxfp8_top_impl_unsigned_char_unsigned_short_unsigned_char_unsigned_char_ap_u_3_q0            |   in|   32|   ap_memory|      gdn_mxfp8_top_impl_unsigned_char_unsigned_short_unsigned_char_unsigned_char_ap_u_3|         array|
|gdn_mxfp8_top_impl_unsigned_char_unsigned_short_unsigned_char_unsigned_char_ap_u_2_address0      |  out|    5|   ap_memory|      gdn_mxfp8_top_impl_unsigned_char_unsigned_short_unsigned_char_unsigned_char_ap_u_2|         array|
|gdn_mxfp8_top_impl_unsigned_char_unsigned_short_unsigned_char_unsigned_char_ap_u_2_ce0           |  out|    1|   ap_memory|      gdn_mxfp8_top_impl_unsigned_char_unsigned_short_unsigned_char_unsigned_char_ap_u_2|         array|
|gdn_mxfp8_top_impl_unsigned_char_unsigned_short_unsigned_char_unsigned_char_ap_u_2_q0            |   in|   32|   ap_memory|      gdn_mxfp8_top_impl_unsigned_char_unsigned_short_unsigned_char_unsigned_char_ap_u_2|         array|
|gdn_mxfp8_top_impl_unsigned_char_unsigned_short_unsigned_char_unsigned_char_ap_u_1_address0      |  out|    5|   ap_memory|      gdn_mxfp8_top_impl_unsigned_char_unsigned_short_unsigned_char_unsigned_char_ap_u_1|         array|
|gdn_mxfp8_top_impl_unsigned_char_unsigned_short_unsigned_char_unsigned_char_ap_u_1_ce0           |  out|    1|   ap_memory|      gdn_mxfp8_top_impl_unsigned_char_unsigned_short_unsigned_char_unsigned_char_ap_u_1|         array|
|gdn_mxfp8_top_impl_unsigned_char_unsigned_short_unsigned_char_unsigned_char_ap_u_1_q0            |   in|   32|   ap_memory|      gdn_mxfp8_top_impl_unsigned_char_unsigned_short_unsigned_char_unsigned_char_ap_u_1|         array|
|gdn_mxfp8_top_impl_unsigned_char_unsigned_short_unsigned_char_unsigned_char_ap_u_address0        |  out|    5|   ap_memory|        gdn_mxfp8_top_impl_unsigned_char_unsigned_short_unsigned_char_unsigned_char_ap_u|         array|
|gdn_mxfp8_top_impl_unsigned_char_unsigned_short_unsigned_char_unsigned_char_ap_u_ce0             |  out|    1|   ap_memory|        gdn_mxfp8_top_impl_unsigned_char_unsigned_short_unsigned_char_unsigned_char_ap_u|         array|
|gdn_mxfp8_top_impl_unsigned_char_unsigned_short_unsigned_char_unsigned_char_ap_u_q0              |   in|   32|   ap_memory|        gdn_mxfp8_top_impl_unsigned_char_unsigned_short_unsigned_char_unsigned_char_ap_u|         array|
|p_ZZN9gdn_mxfp818gdn_mxfp8_top_implEhthhPA128_K7ap_uintILi8EEPA4_S2_S4_S6_S4_S6_P_95_address0    |  out|    5|   ap_memory|    p_ZZN9gdn_mxfp818gdn_mxfp8_top_implEhthhPA128_K7ap_uintILi8EEPA4_S2_S4_S6_S4_S6_P_95|         array|
|p_ZZN9gdn_mxfp818gdn_mxfp8_top_implEhthhPA128_K7ap_uintILi8EEPA4_S2_S4_S6_S4_S6_P_95_ce0         |  out|    1|   ap_memory|    p_ZZN9gdn_mxfp818gdn_mxfp8_top_implEhthhPA128_K7ap_uintILi8EEPA4_S2_S4_S6_S4_S6_P_95|         array|
|p_ZZN9gdn_mxfp818gdn_mxfp8_top_implEhthhPA128_K7ap_uintILi8EEPA4_S2_S4_S6_S4_S6_P_95_q0          |   in|   32|   ap_memory|    p_ZZN9gdn_mxfp818gdn_mxfp8_top_implEhthhPA128_K7ap_uintILi8EEPA4_S2_S4_S6_S4_S6_P_95|         array|
|p_ZZN9gdn_mxfp818gdn_mxfp8_top_implEhthhPA128_K7ap_uintILi8EEPA4_S2_S4_S6_S4_S6_P_94_address0    |  out|    5|   ap_memory|    p_ZZN9gdn_mxfp818gdn_mxfp8_top_implEhthhPA128_K7ap_uintILi8EEPA4_S2_S4_S6_S4_S6_P_94|         array|
|p_ZZN9gdn_mxfp818gdn_mxfp8_top_implEhthhPA128_K7ap_uintILi8EEPA4_S2_S4_S6_S4_S6_P_94_ce0         |  out|    1|   ap_memory|    p_ZZN9gdn_mxfp818gdn_mxfp8_top_implEhthhPA128_K7ap_uintILi8EEPA4_S2_S4_S6_S4_S6_P_94|         array|
|p_ZZN9gdn_mxfp818gdn_mxfp8_top_implEhthhPA128_K7ap_uintILi8EEPA4_S2_S4_S6_S4_S6_P_94_q0          |   in|   32|   ap_memory|    p_ZZN9gdn_mxfp818gdn_mxfp8_top_implEhthhPA128_K7ap_uintILi8EEPA4_S2_S4_S6_S4_S6_P_94|         array|
|p_ZZN9gdn_mxfp818gdn_mxfp8_top_implEhthhPA128_K7ap_uintILi8EEPA4_S2_S4_S6_S4_S6_P_93_address0    |  out|    5|   ap_memory|    p_ZZN9gdn_mxfp818gdn_mxfp8_top_implEhthhPA128_K7ap_uintILi8EEPA4_S2_S4_S6_S4_S6_P_93|         array|
|p_ZZN9gdn_mxfp818gdn_mxfp8_top_implEhthhPA128_K7ap_uintILi8EEPA4_S2_S4_S6_S4_S6_P_93_ce0         |  out|    1|   ap_memory|    p_ZZN9gdn_mxfp818gdn_mxfp8_top_implEhthhPA128_K7ap_uintILi8EEPA4_S2_S4_S6_S4_S6_P_93|         array|
|p_ZZN9gdn_mxfp818gdn_mxfp8_top_implEhthhPA128_K7ap_uintILi8EEPA4_S2_S4_S6_S4_S6_P_93_q0          |   in|   32|   ap_memory|    p_ZZN9gdn_mxfp818gdn_mxfp8_top_implEhthhPA128_K7ap_uintILi8EEPA4_S2_S4_S6_S4_S6_P_93|         array|
|p_ZZN9gdn_mxfp818gdn_mxfp8_top_implEhthhPA128_K7ap_uintILi8EEPA4_S2_S4_S6_S4_S6_P_92_address0    |  out|    5|   ap_memory|    p_ZZN9gdn_mxfp818gdn_mxfp8_top_implEhthhPA128_K7ap_uintILi8EEPA4_S2_S4_S6_S4_S6_P_92|         array|
|p_ZZN9gdn_mxfp818gdn_mxfp8_top_implEhthhPA128_K7ap_uintILi8EEPA4_S2_S4_S6_S4_S6_P_92_ce0         |  out|    1|   ap_memory|    p_ZZN9gdn_mxfp818gdn_mxfp8_top_implEhthhPA128_K7ap_uintILi8EEPA4_S2_S4_S6_S4_S6_P_92|         array|
|p_ZZN9gdn_mxfp818gdn_mxfp8_top_implEhthhPA128_K7ap_uintILi8EEPA4_S2_S4_S6_S4_S6_P_92_q0          |   in|   32|   ap_memory|    p_ZZN9gdn_mxfp818gdn_mxfp8_top_implEhthhPA128_K7ap_uintILi8EEPA4_S2_S4_S6_S4_S6_P_92|         array|
|p_ZZN9gdn_mxfp818gdn_mxfp8_top_implEhthhPA128_K7ap_uintILi8EEPA4_S2_S4_S6_S4_S6_P_91_address0    |  out|    5|   ap_memory|    p_ZZN9gdn_mxfp818gdn_mxfp8_top_implEhthhPA128_K7ap_uintILi8EEPA4_S2_S4_S6_S4_S6_P_91|         array|
|p_ZZN9gdn_mxfp818gdn_mxfp8_top_implEhthhPA128_K7ap_uintILi8EEPA4_S2_S4_S6_S4_S6_P_91_ce0         |  out|    1|   ap_memory|    p_ZZN9gdn_mxfp818gdn_mxfp8_top_implEhthhPA128_K7ap_uintILi8EEPA4_S2_S4_S6_S4_S6_P_91|         array|
|p_ZZN9gdn_mxfp818gdn_mxfp8_top_implEhthhPA128_K7ap_uintILi8EEPA4_S2_S4_S6_S4_S6_P_91_q0          |   in|   32|   ap_memory|    p_ZZN9gdn_mxfp818gdn_mxfp8_top_implEhthhPA128_K7ap_uintILi8EEPA4_S2_S4_S6_S4_S6_P_91|         array|
|p_ZZN9gdn_mxfp818gdn_mxfp8_top_implEhthhPA128_K7ap_uintILi8EEPA4_S2_S4_S6_S4_S6_P_90_address0    |  out|    5|   ap_memory|    p_ZZN9gdn_mxfp818gdn_mxfp8_top_implEhthhPA128_K7ap_uintILi8EEPA4_S2_S4_S6_S4_S6_P_90|         array|
|p_ZZN9gdn_mxfp818gdn_mxfp8_top_implEhthhPA128_K7ap_uintILi8EEPA4_S2_S4_S6_S4_S6_P_90_ce0         |  out|    1|   ap_memory|    p_ZZN9gdn_mxfp818gdn_mxfp8_top_implEhthhPA128_K7ap_uintILi8EEPA4_S2_S4_S6_S4_S6_P_90|         array|
|p_ZZN9gdn_mxfp818gdn_mxfp8_top_implEhthhPA128_K7ap_uintILi8EEPA4_S2_S4_S6_S4_S6_P_90_q0          |   in|   32|   ap_memory|    p_ZZN9gdn_mxfp818gdn_mxfp8_top_implEhthhPA128_K7ap_uintILi8EEPA4_S2_S4_S6_S4_S6_P_90|         array|
|p_ZZN9gdn_mxfp818gdn_mxfp8_top_implEhthhPA128_K7ap_uintILi8EEPA4_S2_S4_S6_S4_S6_P_89_address0    |  out|    5|   ap_memory|    p_ZZN9gdn_mxfp818gdn_mxfp8_top_implEhthhPA128_K7ap_uintILi8EEPA4_S2_S4_S6_S4_S6_P_89|         array|
|p_ZZN9gdn_mxfp818gdn_mxfp8_top_implEhthhPA128_K7ap_uintILi8EEPA4_S2_S4_S6_S4_S6_P_89_ce0         |  out|    1|   ap_memory|    p_ZZN9gdn_mxfp818gdn_mxfp8_top_implEhthhPA128_K7ap_uintILi8EEPA4_S2_S4_S6_S4_S6_P_89|         array|
|p_ZZN9gdn_mxfp818gdn_mxfp8_top_implEhthhPA128_K7ap_uintILi8EEPA4_S2_S4_S6_S4_S6_P_89_q0          |   in|   32|   ap_memory|    p_ZZN9gdn_mxfp818gdn_mxfp8_top_implEhthhPA128_K7ap_uintILi8EEPA4_S2_S4_S6_S4_S6_P_89|         array|
|p_ZZN9gdn_mxfp818gdn_mxfp8_top_implEhthhPA128_K7ap_uintILi8EEPA4_S2_S4_S6_S4_S6_P_88_address0    |  out|    5|   ap_memory|    p_ZZN9gdn_mxfp818gdn_mxfp8_top_implEhthhPA128_K7ap_uintILi8EEPA4_S2_S4_S6_S4_S6_P_88|         array|
|p_ZZN9gdn_mxfp818gdn_mxfp8_top_implEhthhPA128_K7ap_uintILi8EEPA4_S2_S4_S6_S4_S6_P_88_ce0         |  out|    1|   ap_memory|    p_ZZN9gdn_mxfp818gdn_mxfp8_top_implEhthhPA128_K7ap_uintILi8EEPA4_S2_S4_S6_S4_S6_P_88|         array|
|p_ZZN9gdn_mxfp818gdn_mxfp8_top_implEhthhPA128_K7ap_uintILi8EEPA4_S2_S4_S6_S4_S6_P_88_q0          |   in|   32|   ap_memory|    p_ZZN9gdn_mxfp818gdn_mxfp8_top_implEhthhPA128_K7ap_uintILi8EEPA4_S2_S4_S6_S4_S6_P_88|         array|
|p_ZZN9gdn_mxfp818gdn_mxfp8_top_implEhthhPA128_K7ap_uintILi8EEPA4_S2_S4_S6_S4_S6_P_87_address0    |  out|    5|   ap_memory|    p_ZZN9gdn_mxfp818gdn_mxfp8_top_implEhthhPA128_K7ap_uintILi8EEPA4_S2_S4_S6_S4_S6_P_87|         array|
|p_ZZN9gdn_mxfp818gdn_mxfp8_top_implEhthhPA128_K7ap_uintILi8EEPA4_S2_S4_S6_S4_S6_P_87_ce0         |  out|    1|   ap_memory|    p_ZZN9gdn_mxfp818gdn_mxfp8_top_implEhthhPA128_K7ap_uintILi8EEPA4_S2_S4_S6_S4_S6_P_87|         array|
|p_ZZN9gdn_mxfp818gdn_mxfp8_top_implEhthhPA128_K7ap_uintILi8EEPA4_S2_S4_S6_S4_S6_P_87_q0          |   in|   32|   ap_memory|    p_ZZN9gdn_mxfp818gdn_mxfp8_top_implEhthhPA128_K7ap_uintILi8EEPA4_S2_S4_S6_S4_S6_P_87|         array|
|p_ZZN9gdn_mxfp818gdn_mxfp8_top_implEhthhPA128_K7ap_uintILi8EEPA4_S2_S4_S6_S4_S6_P_86_address0    |  out|    5|   ap_memory|    p_ZZN9gdn_mxfp818gdn_mxfp8_top_implEhthhPA128_K7ap_uintILi8EEPA4_S2_S4_S6_S4_S6_P_86|         array|
|p_ZZN9gdn_mxfp818gdn_mxfp8_top_implEhthhPA128_K7ap_uintILi8EEPA4_S2_S4_S6_S4_S6_P_86_ce0         |  out|    1|   ap_memory|    p_ZZN9gdn_mxfp818gdn_mxfp8_top_implEhthhPA128_K7ap_uintILi8EEPA4_S2_S4_S6_S4_S6_P_86|         array|
|p_ZZN9gdn_mxfp818gdn_mxfp8_top_implEhthhPA128_K7ap_uintILi8EEPA4_S2_S4_S6_S4_S6_P_86_q0          |   in|   32|   ap_memory|    p_ZZN9gdn_mxfp818gdn_mxfp8_top_implEhthhPA128_K7ap_uintILi8EEPA4_S2_S4_S6_S4_S6_P_86|         array|
|p_ZZN9gdn_mxfp818gdn_mxfp8_top_implEhthhPA128_K7ap_uintILi8EEPA4_S2_S4_S6_S4_S6_P_85_address0    |  out|    5|   ap_memory|    p_ZZN9gdn_mxfp818gdn_mxfp8_top_implEhthhPA128_K7ap_uintILi8EEPA4_S2_S4_S6_S4_S6_P_85|         array|
|p_ZZN9gdn_mxfp818gdn_mxfp8_top_implEhthhPA128_K7ap_uintILi8EEPA4_S2_S4_S6_S4_S6_P_85_ce0         |  out|    1|   ap_memory|    p_ZZN9gdn_mxfp818gdn_mxfp8_top_implEhthhPA128_K7ap_uintILi8EEPA4_S2_S4_S6_S4_S6_P_85|         array|
|p_ZZN9gdn_mxfp818gdn_mxfp8_top_implEhthhPA128_K7ap_uintILi8EEPA4_S2_S4_S6_S4_S6_P_85_q0          |   in|   32|   ap_memory|    p_ZZN9gdn_mxfp818gdn_mxfp8_top_implEhthhPA128_K7ap_uintILi8EEPA4_S2_S4_S6_S4_S6_P_85|         array|
|p_ZZN9gdn_mxfp818gdn_mxfp8_top_implEhthhPA128_K7ap_uintILi8EEPA4_S2_S4_S6_S4_S6_P_84_address0    |  out|    5|   ap_memory|    p_ZZN9gdn_mxfp818gdn_mxfp8_top_implEhthhPA128_K7ap_uintILi8EEPA4_S2_S4_S6_S4_S6_P_84|         array|
|p_ZZN9gdn_mxfp818gdn_mxfp8_top_implEhthhPA128_K7ap_uintILi8EEPA4_S2_S4_S6_S4_S6_P_84_ce0         |  out|    1|   ap_memory|    p_ZZN9gdn_mxfp818gdn_mxfp8_top_implEhthhPA128_K7ap_uintILi8EEPA4_S2_S4_S6_S4_S6_P_84|         array|
|p_ZZN9gdn_mxfp818gdn_mxfp8_top_implEhthhPA128_K7ap_uintILi8EEPA4_S2_S4_S6_S4_S6_P_84_q0          |   in|   32|   ap_memory|    p_ZZN9gdn_mxfp818gdn_mxfp8_top_implEhthhPA128_K7ap_uintILi8EEPA4_S2_S4_S6_S4_S6_P_84|         array|
|p_ZZN9gdn_mxfp818gdn_mxfp8_top_implEhthhPA128_K7ap_uintILi8EEPA4_S2_S4_S6_S4_S6_P_83_address0    |  out|    5|   ap_memory|    p_ZZN9gdn_mxfp818gdn_mxfp8_top_implEhthhPA128_K7ap_uintILi8EEPA4_S2_S4_S6_S4_S6_P_83|         array|
|p_ZZN9gdn_mxfp818gdn_mxfp8_top_implEhthhPA128_K7ap_uintILi8EEPA4_S2_S4_S6_S4_S6_P_83_ce0         |  out|    1|   ap_memory|    p_ZZN9gdn_mxfp818gdn_mxfp8_top_implEhthhPA128_K7ap_uintILi8EEPA4_S2_S4_S6_S4_S6_P_83|         array|
|p_ZZN9gdn_mxfp818gdn_mxfp8_top_implEhthhPA128_K7ap_uintILi8EEPA4_S2_S4_S6_S4_S6_P_83_q0          |   in|   32|   ap_memory|    p_ZZN9gdn_mxfp818gdn_mxfp8_top_implEhthhPA128_K7ap_uintILi8EEPA4_S2_S4_S6_S4_S6_P_83|         array|
|p_ZZN9gdn_mxfp818gdn_mxfp8_top_implEhthhPA128_K7ap_uintILi8EEPA4_S2_S4_S6_S4_S6_P_82_address0    |  out|    5|   ap_memory|    p_ZZN9gdn_mxfp818gdn_mxfp8_top_implEhthhPA128_K7ap_uintILi8EEPA4_S2_S4_S6_S4_S6_P_82|         array|
|p_ZZN9gdn_mxfp818gdn_mxfp8_top_implEhthhPA128_K7ap_uintILi8EEPA4_S2_S4_S6_S4_S6_P_82_ce0         |  out|    1|   ap_memory|    p_ZZN9gdn_mxfp818gdn_mxfp8_top_implEhthhPA128_K7ap_uintILi8EEPA4_S2_S4_S6_S4_S6_P_82|         array|
|p_ZZN9gdn_mxfp818gdn_mxfp8_top_implEhthhPA128_K7ap_uintILi8EEPA4_S2_S4_S6_S4_S6_P_82_q0          |   in|   32|   ap_memory|    p_ZZN9gdn_mxfp818gdn_mxfp8_top_implEhthhPA128_K7ap_uintILi8EEPA4_S2_S4_S6_S4_S6_P_82|         array|
|p_ZZN9gdn_mxfp818gdn_mxfp8_top_implEhthhPA128_K7ap_uintILi8EEPA4_S2_S4_S6_S4_S6_P_81_address0    |  out|    5|   ap_memory|    p_ZZN9gdn_mxfp818gdn_mxfp8_top_implEhthhPA128_K7ap_uintILi8EEPA4_S2_S4_S6_S4_S6_P_81|         array|
|p_ZZN9gdn_mxfp818gdn_mxfp8_top_implEhthhPA128_K7ap_uintILi8EEPA4_S2_S4_S6_S4_S6_P_81_ce0         |  out|    1|   ap_memory|    p_ZZN9gdn_mxfp818gdn_mxfp8_top_implEhthhPA128_K7ap_uintILi8EEPA4_S2_S4_S6_S4_S6_P_81|         array|
|p_ZZN9gdn_mxfp818gdn_mxfp8_top_implEhthhPA128_K7ap_uintILi8EEPA4_S2_S4_S6_S4_S6_P_81_q0          |   in|   32|   ap_memory|    p_ZZN9gdn_mxfp818gdn_mxfp8_top_implEhthhPA128_K7ap_uintILi8EEPA4_S2_S4_S6_S4_S6_P_81|         array|
|p_ZZN9gdn_mxfp818gdn_mxfp8_top_implEhthhPA128_K7ap_uintILi8EEPA4_S2_S4_S6_S4_S6_P_80_address0    |  out|    5|   ap_memory|    p_ZZN9gdn_mxfp818gdn_mxfp8_top_implEhthhPA128_K7ap_uintILi8EEPA4_S2_S4_S6_S4_S6_P_80|         array|
|p_ZZN9gdn_mxfp818gdn_mxfp8_top_implEhthhPA128_K7ap_uintILi8EEPA4_S2_S4_S6_S4_S6_P_80_ce0         |  out|    1|   ap_memory|    p_ZZN9gdn_mxfp818gdn_mxfp8_top_implEhthhPA128_K7ap_uintILi8EEPA4_S2_S4_S6_S4_S6_P_80|         array|
|p_ZZN9gdn_mxfp818gdn_mxfp8_top_implEhthhPA128_K7ap_uintILi8EEPA4_S2_S4_S6_S4_S6_P_80_q0          |   in|   32|   ap_memory|    p_ZZN9gdn_mxfp818gdn_mxfp8_top_implEhthhPA128_K7ap_uintILi8EEPA4_S2_S4_S6_S4_S6_P_80|         array|
|p_ZZN9gdn_mxfp818gdn_mxfp8_top_implEhthhPA128_K7ap_uintILi8EEPA4_S2_S4_S6_S4_S6_P_79_address0    |  out|    5|   ap_memory|    p_ZZN9gdn_mxfp818gdn_mxfp8_top_implEhthhPA128_K7ap_uintILi8EEPA4_S2_S4_S6_S4_S6_P_79|         array|
|p_ZZN9gdn_mxfp818gdn_mxfp8_top_implEhthhPA128_K7ap_uintILi8EEPA4_S2_S4_S6_S4_S6_P_79_ce0         |  out|    1|   ap_memory|    p_ZZN9gdn_mxfp818gdn_mxfp8_top_implEhthhPA128_K7ap_uintILi8EEPA4_S2_S4_S6_S4_S6_P_79|         array|
|p_ZZN9gdn_mxfp818gdn_mxfp8_top_implEhthhPA128_K7ap_uintILi8EEPA4_S2_S4_S6_S4_S6_P_79_q0          |   in|   32|   ap_memory|    p_ZZN9gdn_mxfp818gdn_mxfp8_top_implEhthhPA128_K7ap_uintILi8EEPA4_S2_S4_S6_S4_S6_P_79|         array|
|p_ZZN9gdn_mxfp818gdn_mxfp8_top_implEhthhPA128_K7ap_uintILi8EEPA4_S2_S4_S6_S4_S6_P_78_address0    |  out|    5|   ap_memory|    p_ZZN9gdn_mxfp818gdn_mxfp8_top_implEhthhPA128_K7ap_uintILi8EEPA4_S2_S4_S6_S4_S6_P_78|         array|
|p_ZZN9gdn_mxfp818gdn_mxfp8_top_implEhthhPA128_K7ap_uintILi8EEPA4_S2_S4_S6_S4_S6_P_78_ce0         |  out|    1|   ap_memory|    p_ZZN9gdn_mxfp818gdn_mxfp8_top_implEhthhPA128_K7ap_uintILi8EEPA4_S2_S4_S6_S4_S6_P_78|         array|
|p_ZZN9gdn_mxfp818gdn_mxfp8_top_implEhthhPA128_K7ap_uintILi8EEPA4_S2_S4_S6_S4_S6_P_78_q0          |   in|   32|   ap_memory|    p_ZZN9gdn_mxfp818gdn_mxfp8_top_implEhthhPA128_K7ap_uintILi8EEPA4_S2_S4_S6_S4_S6_P_78|         array|
|p_ZZN9gdn_mxfp818gdn_mxfp8_top_implEhthhPA128_K7ap_uintILi8EEPA4_S2_S4_S6_S4_S6_P_77_address0    |  out|    5|   ap_memory|    p_ZZN9gdn_mxfp818gdn_mxfp8_top_implEhthhPA128_K7ap_uintILi8EEPA4_S2_S4_S6_S4_S6_P_77|         array|
|p_ZZN9gdn_mxfp818gdn_mxfp8_top_implEhthhPA128_K7ap_uintILi8EEPA4_S2_S4_S6_S4_S6_P_77_ce0         |  out|    1|   ap_memory|    p_ZZN9gdn_mxfp818gdn_mxfp8_top_implEhthhPA128_K7ap_uintILi8EEPA4_S2_S4_S6_S4_S6_P_77|         array|
|p_ZZN9gdn_mxfp818gdn_mxfp8_top_implEhthhPA128_K7ap_uintILi8EEPA4_S2_S4_S6_S4_S6_P_77_q0          |   in|   32|   ap_memory|    p_ZZN9gdn_mxfp818gdn_mxfp8_top_implEhthhPA128_K7ap_uintILi8EEPA4_S2_S4_S6_S4_S6_P_77|         array|
|p_ZZN9gdn_mxfp818gdn_mxfp8_top_implEhthhPA128_K7ap_uintILi8EEPA4_S2_S4_S6_S4_S6_P_76_address0    |  out|    5|   ap_memory|    p_ZZN9gdn_mxfp818gdn_mxfp8_top_implEhthhPA128_K7ap_uintILi8EEPA4_S2_S4_S6_S4_S6_P_76|         array|
|p_ZZN9gdn_mxfp818gdn_mxfp8_top_implEhthhPA128_K7ap_uintILi8EEPA4_S2_S4_S6_S4_S6_P_76_ce0         |  out|    1|   ap_memory|    p_ZZN9gdn_mxfp818gdn_mxfp8_top_implEhthhPA128_K7ap_uintILi8EEPA4_S2_S4_S6_S4_S6_P_76|         array|
|p_ZZN9gdn_mxfp818gdn_mxfp8_top_implEhthhPA128_K7ap_uintILi8EEPA4_S2_S4_S6_S4_S6_P_76_q0          |   in|   32|   ap_memory|    p_ZZN9gdn_mxfp818gdn_mxfp8_top_implEhthhPA128_K7ap_uintILi8EEPA4_S2_S4_S6_S4_S6_P_76|         array|
|p_ZZN9gdn_mxfp818gdn_mxfp8_top_implEhthhPA128_K7ap_uintILi8EEPA4_S2_S4_S6_S4_S6_P_75_address0    |  out|    5|   ap_memory|    p_ZZN9gdn_mxfp818gdn_mxfp8_top_implEhthhPA128_K7ap_uintILi8EEPA4_S2_S4_S6_S4_S6_P_75|         array|
|p_ZZN9gdn_mxfp818gdn_mxfp8_top_implEhthhPA128_K7ap_uintILi8EEPA4_S2_S4_S6_S4_S6_P_75_ce0         |  out|    1|   ap_memory|    p_ZZN9gdn_mxfp818gdn_mxfp8_top_implEhthhPA128_K7ap_uintILi8EEPA4_S2_S4_S6_S4_S6_P_75|         array|
|p_ZZN9gdn_mxfp818gdn_mxfp8_top_implEhthhPA128_K7ap_uintILi8EEPA4_S2_S4_S6_S4_S6_P_75_q0          |   in|   32|   ap_memory|    p_ZZN9gdn_mxfp818gdn_mxfp8_top_implEhthhPA128_K7ap_uintILi8EEPA4_S2_S4_S6_S4_S6_P_75|         array|
|p_ZZN9gdn_mxfp818gdn_mxfp8_top_implEhthhPA128_K7ap_uintILi8EEPA4_S2_S4_S6_S4_S6_P_74_address0    |  out|    5|   ap_memory|    p_ZZN9gdn_mxfp818gdn_mxfp8_top_implEhthhPA128_K7ap_uintILi8EEPA4_S2_S4_S6_S4_S6_P_74|         array|
|p_ZZN9gdn_mxfp818gdn_mxfp8_top_implEhthhPA128_K7ap_uintILi8EEPA4_S2_S4_S6_S4_S6_P_74_ce0         |  out|    1|   ap_memory|    p_ZZN9gdn_mxfp818gdn_mxfp8_top_implEhthhPA128_K7ap_uintILi8EEPA4_S2_S4_S6_S4_S6_P_74|         array|
|p_ZZN9gdn_mxfp818gdn_mxfp8_top_implEhthhPA128_K7ap_uintILi8EEPA4_S2_S4_S6_S4_S6_P_74_q0          |   in|   32|   ap_memory|    p_ZZN9gdn_mxfp818gdn_mxfp8_top_implEhthhPA128_K7ap_uintILi8EEPA4_S2_S4_S6_S4_S6_P_74|         array|
|p_ZZN9gdn_mxfp818gdn_mxfp8_top_implEhthhPA128_K7ap_uintILi8EEPA4_S2_S4_S6_S4_S6_P_73_address0    |  out|    5|   ap_memory|    p_ZZN9gdn_mxfp818gdn_mxfp8_top_implEhthhPA128_K7ap_uintILi8EEPA4_S2_S4_S6_S4_S6_P_73|         array|
|p_ZZN9gdn_mxfp818gdn_mxfp8_top_implEhthhPA128_K7ap_uintILi8EEPA4_S2_S4_S6_S4_S6_P_73_ce0         |  out|    1|   ap_memory|    p_ZZN9gdn_mxfp818gdn_mxfp8_top_implEhthhPA128_K7ap_uintILi8EEPA4_S2_S4_S6_S4_S6_P_73|         array|
|p_ZZN9gdn_mxfp818gdn_mxfp8_top_implEhthhPA128_K7ap_uintILi8EEPA4_S2_S4_S6_S4_S6_P_73_q0          |   in|   32|   ap_memory|    p_ZZN9gdn_mxfp818gdn_mxfp8_top_implEhthhPA128_K7ap_uintILi8EEPA4_S2_S4_S6_S4_S6_P_73|         array|
|p_ZZN9gdn_mxfp818gdn_mxfp8_top_implEhthhPA128_K7ap_uintILi8EEPA4_S2_S4_S6_S4_S6_P_72_address0    |  out|    5|   ap_memory|    p_ZZN9gdn_mxfp818gdn_mxfp8_top_implEhthhPA128_K7ap_uintILi8EEPA4_S2_S4_S6_S4_S6_P_72|         array|
|p_ZZN9gdn_mxfp818gdn_mxfp8_top_implEhthhPA128_K7ap_uintILi8EEPA4_S2_S4_S6_S4_S6_P_72_ce0         |  out|    1|   ap_memory|    p_ZZN9gdn_mxfp818gdn_mxfp8_top_implEhthhPA128_K7ap_uintILi8EEPA4_S2_S4_S6_S4_S6_P_72|         array|
|p_ZZN9gdn_mxfp818gdn_mxfp8_top_implEhthhPA128_K7ap_uintILi8EEPA4_S2_S4_S6_S4_S6_P_72_q0          |   in|   32|   ap_memory|    p_ZZN9gdn_mxfp818gdn_mxfp8_top_implEhthhPA128_K7ap_uintILi8EEPA4_S2_S4_S6_S4_S6_P_72|         array|
|q_scales_local_address0                                                                          |  out|    6|   ap_memory|                                                                          q_scales_local|         array|
|q_scales_local_ce0                                                                               |  out|    1|   ap_memory|                                                                          q_scales_local|         array|
|q_scales_local_q0                                                                                |   in|    8|   ap_memory|                                                                          q_scales_local|         array|
|p_ZZN9gdn_mxfp818gdn_mxfp8_top_implEhthhPA128_K7ap_uintILi8EEPA4_S2_S4_S6_S4_S6_P_971_address0   |  out|    5|   ap_memory|   p_ZZN9gdn_mxfp818gdn_mxfp8_top_implEhthhPA128_K7ap_uintILi8EEPA4_S2_S4_S6_S4_S6_P_971|         array|
|p_ZZN9gdn_mxfp818gdn_mxfp8_top_implEhthhPA128_K7ap_uintILi8EEPA4_S2_S4_S6_S4_S6_P_971_ce0        |  out|    1|   ap_memory|   p_ZZN9gdn_mxfp818gdn_mxfp8_top_implEhthhPA128_K7ap_uintILi8EEPA4_S2_S4_S6_S4_S6_P_971|         array|
|p_ZZN9gdn_mxfp818gdn_mxfp8_top_implEhthhPA128_K7ap_uintILi8EEPA4_S2_S4_S6_S4_S6_P_971_q0         |   in|   16|   ap_memory|   p_ZZN9gdn_mxfp818gdn_mxfp8_top_implEhthhPA128_K7ap_uintILi8EEPA4_S2_S4_S6_S4_S6_P_971|         array|
|p_ZZN9gdn_mxfp818gdn_mxfp8_top_implEhthhPA128_K7ap_uintILi8EEPA4_S2_S4_S6_S4_S6_P_972_address0   |  out|    5|   ap_memory|   p_ZZN9gdn_mxfp818gdn_mxfp8_top_implEhthhPA128_K7ap_uintILi8EEPA4_S2_S4_S6_S4_S6_P_972|         array|
|p_ZZN9gdn_mxfp818gdn_mxfp8_top_implEhthhPA128_K7ap_uintILi8EEPA4_S2_S4_S6_S4_S6_P_972_ce0        |  out|    1|   ap_memory|   p_ZZN9gdn_mxfp818gdn_mxfp8_top_implEhthhPA128_K7ap_uintILi8EEPA4_S2_S4_S6_S4_S6_P_972|         array|
|p_ZZN9gdn_mxfp818gdn_mxfp8_top_implEhthhPA128_K7ap_uintILi8EEPA4_S2_S4_S6_S4_S6_P_972_q0         |   in|   16|   ap_memory|   p_ZZN9gdn_mxfp818gdn_mxfp8_top_implEhthhPA128_K7ap_uintILi8EEPA4_S2_S4_S6_S4_S6_P_972|         array|
|p_ZZN9gdn_mxfp818gdn_mxfp8_top_implEhthhPA128_K7ap_uintILi8EEPA4_S2_S4_S6_S4_S6_P_973_address0   |  out|    5|   ap_memory|   p_ZZN9gdn_mxfp818gdn_mxfp8_top_implEhthhPA128_K7ap_uintILi8EEPA4_S2_S4_S6_S4_S6_P_973|         array|
|p_ZZN9gdn_mxfp818gdn_mxfp8_top_implEhthhPA128_K7ap_uintILi8EEPA4_S2_S4_S6_S4_S6_P_973_ce0        |  out|    1|   ap_memory|   p_ZZN9gdn_mxfp818gdn_mxfp8_top_implEhthhPA128_K7ap_uintILi8EEPA4_S2_S4_S6_S4_S6_P_973|         array|
|p_ZZN9gdn_mxfp818gdn_mxfp8_top_implEhthhPA128_K7ap_uintILi8EEPA4_S2_S4_S6_S4_S6_P_973_q0         |   in|   16|   ap_memory|   p_ZZN9gdn_mxfp818gdn_mxfp8_top_implEhthhPA128_K7ap_uintILi8EEPA4_S2_S4_S6_S4_S6_P_973|         array|
|p_ZZN9gdn_mxfp818gdn_mxfp8_top_implEhthhPA128_K7ap_uintILi8EEPA4_S2_S4_S6_S4_S6_P_974_address0   |  out|    5|   ap_memory|   p_ZZN9gdn_mxfp818gdn_mxfp8_top_implEhthhPA128_K7ap_uintILi8EEPA4_S2_S4_S6_S4_S6_P_974|         array|
|p_ZZN9gdn_mxfp818gdn_mxfp8_top_implEhthhPA128_K7ap_uintILi8EEPA4_S2_S4_S6_S4_S6_P_974_ce0        |  out|    1|   ap_memory|   p_ZZN9gdn_mxfp818gdn_mxfp8_top_implEhthhPA128_K7ap_uintILi8EEPA4_S2_S4_S6_S4_S6_P_974|         array|
|p_ZZN9gdn_mxfp818gdn_mxfp8_top_implEhthhPA128_K7ap_uintILi8EEPA4_S2_S4_S6_S4_S6_P_974_q0         |   in|   16|   ap_memory|   p_ZZN9gdn_mxfp818gdn_mxfp8_top_implEhthhPA128_K7ap_uintILi8EEPA4_S2_S4_S6_S4_S6_P_974|         array|
|p_ZZN9gdn_mxfp818gdn_mxfp8_top_implEhthhPA128_K7ap_uintILi8EEPA4_S2_S4_S6_S4_S6_P_975_address0   |  out|    5|   ap_memory|   p_ZZN9gdn_mxfp818gdn_mxfp8_top_implEhthhPA128_K7ap_uintILi8EEPA4_S2_S4_S6_S4_S6_P_975|         array|
|p_ZZN9gdn_mxfp818gdn_mxfp8_top_implEhthhPA128_K7ap_uintILi8EEPA4_S2_S4_S6_S4_S6_P_975_ce0        |  out|    1|   ap_memory|   p_ZZN9gdn_mxfp818gdn_mxfp8_top_implEhthhPA128_K7ap_uintILi8EEPA4_S2_S4_S6_S4_S6_P_975|         array|
|p_ZZN9gdn_mxfp818gdn_mxfp8_top_implEhthhPA128_K7ap_uintILi8EEPA4_S2_S4_S6_S4_S6_P_975_q0         |   in|   16|   ap_memory|   p_ZZN9gdn_mxfp818gdn_mxfp8_top_implEhthhPA128_K7ap_uintILi8EEPA4_S2_S4_S6_S4_S6_P_975|         array|
|p_ZZN9gdn_mxfp818gdn_mxfp8_top_implEhthhPA128_K7ap_uintILi8EEPA4_S2_S4_S6_S4_S6_P_976_address0   |  out|    5|   ap_memory|   p_ZZN9gdn_mxfp818gdn_mxfp8_top_implEhthhPA128_K7ap_uintILi8EEPA4_S2_S4_S6_S4_S6_P_976|         array|
|p_ZZN9gdn_mxfp818gdn_mxfp8_top_implEhthhPA128_K7ap_uintILi8EEPA4_S2_S4_S6_S4_S6_P_976_ce0        |  out|    1|   ap_memory|   p_ZZN9gdn_mxfp818gdn_mxfp8_top_implEhthhPA128_K7ap_uintILi8EEPA4_S2_S4_S6_S4_S6_P_976|         array|
|p_ZZN9gdn_mxfp818gdn_mxfp8_top_implEhthhPA128_K7ap_uintILi8EEPA4_S2_S4_S6_S4_S6_P_976_q0         |   in|   16|   ap_memory|   p_ZZN9gdn_mxfp818gdn_mxfp8_top_implEhthhPA128_K7ap_uintILi8EEPA4_S2_S4_S6_S4_S6_P_976|         array|
|p_ZZN9gdn_mxfp818gdn_mxfp8_top_implEhthhPA128_K7ap_uintILi8EEPA4_S2_S4_S6_S4_S6_P_977_address0   |  out|    5|   ap_memory|   p_ZZN9gdn_mxfp818gdn_mxfp8_top_implEhthhPA128_K7ap_uintILi8EEPA4_S2_S4_S6_S4_S6_P_977|         array|
|p_ZZN9gdn_mxfp818gdn_mxfp8_top_implEhthhPA128_K7ap_uintILi8EEPA4_S2_S4_S6_S4_S6_P_977_ce0        |  out|    1|   ap_memory|   p_ZZN9gdn_mxfp818gdn_mxfp8_top_implEhthhPA128_K7ap_uintILi8EEPA4_S2_S4_S6_S4_S6_P_977|         array|
|p_ZZN9gdn_mxfp818gdn_mxfp8_top_implEhthhPA128_K7ap_uintILi8EEPA4_S2_S4_S6_S4_S6_P_977_q0         |   in|   16|   ap_memory|   p_ZZN9gdn_mxfp818gdn_mxfp8_top_implEhthhPA128_K7ap_uintILi8EEPA4_S2_S4_S6_S4_S6_P_977|         array|
|p_ZZN9gdn_mxfp818gdn_mxfp8_top_implEhthhPA128_K7ap_uintILi8EEPA4_S2_S4_S6_S4_S6_P_978_address0   |  out|    5|   ap_memory|   p_ZZN9gdn_mxfp818gdn_mxfp8_top_implEhthhPA128_K7ap_uintILi8EEPA4_S2_S4_S6_S4_S6_P_978|         array|
|p_ZZN9gdn_mxfp818gdn_mxfp8_top_implEhthhPA128_K7ap_uintILi8EEPA4_S2_S4_S6_S4_S6_P_978_ce0        |  out|    1|   ap_memory|   p_ZZN9gdn_mxfp818gdn_mxfp8_top_implEhthhPA128_K7ap_uintILi8EEPA4_S2_S4_S6_S4_S6_P_978|         array|
|p_ZZN9gdn_mxfp818gdn_mxfp8_top_implEhthhPA128_K7ap_uintILi8EEPA4_S2_S4_S6_S4_S6_P_978_q0         |   in|   16|   ap_memory|   p_ZZN9gdn_mxfp818gdn_mxfp8_top_implEhthhPA128_K7ap_uintILi8EEPA4_S2_S4_S6_S4_S6_P_978|         array|
|p_ZZN9gdn_mxfp818gdn_mxfp8_top_implEhthhPA128_K7ap_uintILi8EEPA4_S2_S4_S6_S4_S6_P_1019_address0  |  out|    5|   ap_memory|  p_ZZN9gdn_mxfp818gdn_mxfp8_top_implEhthhPA128_K7ap_uintILi8EEPA4_S2_S4_S6_S4_S6_P_1019|         array|
|p_ZZN9gdn_mxfp818gdn_mxfp8_top_implEhthhPA128_K7ap_uintILi8EEPA4_S2_S4_S6_S4_S6_P_1019_ce0       |  out|    1|   ap_memory|  p_ZZN9gdn_mxfp818gdn_mxfp8_top_implEhthhPA128_K7ap_uintILi8EEPA4_S2_S4_S6_S4_S6_P_1019|         array|
|p_ZZN9gdn_mxfp818gdn_mxfp8_top_implEhthhPA128_K7ap_uintILi8EEPA4_S2_S4_S6_S4_S6_P_1019_q0        |   in|   16|   ap_memory|  p_ZZN9gdn_mxfp818gdn_mxfp8_top_implEhthhPA128_K7ap_uintILi8EEPA4_S2_S4_S6_S4_S6_P_1019|         array|
|p_ZZN9gdn_mxfp818gdn_mxfp8_top_implEhthhPA128_K7ap_uintILi8EEPA4_S2_S4_S6_S4_S6_P_1020_address0  |  out|    5|   ap_memory|  p_ZZN9gdn_mxfp818gdn_mxfp8_top_implEhthhPA128_K7ap_uintILi8EEPA4_S2_S4_S6_S4_S6_P_1020|         array|
|p_ZZN9gdn_mxfp818gdn_mxfp8_top_implEhthhPA128_K7ap_uintILi8EEPA4_S2_S4_S6_S4_S6_P_1020_ce0       |  out|    1|   ap_memory|  p_ZZN9gdn_mxfp818gdn_mxfp8_top_implEhthhPA128_K7ap_uintILi8EEPA4_S2_S4_S6_S4_S6_P_1020|         array|
|p_ZZN9gdn_mxfp818gdn_mxfp8_top_implEhthhPA128_K7ap_uintILi8EEPA4_S2_S4_S6_S4_S6_P_1020_q0        |   in|   16|   ap_memory|  p_ZZN9gdn_mxfp818gdn_mxfp8_top_implEhthhPA128_K7ap_uintILi8EEPA4_S2_S4_S6_S4_S6_P_1020|         array|
|p_ZZN9gdn_mxfp818gdn_mxfp8_top_implEhthhPA128_K7ap_uintILi8EEPA4_S2_S4_S6_S4_S6_P_1021_address0  |  out|    5|   ap_memory|  p_ZZN9gdn_mxfp818gdn_mxfp8_top_implEhthhPA128_K7ap_uintILi8EEPA4_S2_S4_S6_S4_S6_P_1021|         array|
|p_ZZN9gdn_mxfp818gdn_mxfp8_top_implEhthhPA128_K7ap_uintILi8EEPA4_S2_S4_S6_S4_S6_P_1021_ce0       |  out|    1|   ap_memory|  p_ZZN9gdn_mxfp818gdn_mxfp8_top_implEhthhPA128_K7ap_uintILi8EEPA4_S2_S4_S6_S4_S6_P_1021|         array|
|p_ZZN9gdn_mxfp818gdn_mxfp8_top_implEhthhPA128_K7ap_uintILi8EEPA4_S2_S4_S6_S4_S6_P_1021_q0        |   in|   16|   ap_memory|  p_ZZN9gdn_mxfp818gdn_mxfp8_top_implEhthhPA128_K7ap_uintILi8EEPA4_S2_S4_S6_S4_S6_P_1021|         array|
|p_ZZN9gdn_mxfp818gdn_mxfp8_top_implEhthhPA128_K7ap_uintILi8EEPA4_S2_S4_S6_S4_S6_P_1022_address0  |  out|    5|   ap_memory|  p_ZZN9gdn_mxfp818gdn_mxfp8_top_implEhthhPA128_K7ap_uintILi8EEPA4_S2_S4_S6_S4_S6_P_1022|         array|
|p_ZZN9gdn_mxfp818gdn_mxfp8_top_implEhthhPA128_K7ap_uintILi8EEPA4_S2_S4_S6_S4_S6_P_1022_ce0       |  out|    1|   ap_memory|  p_ZZN9gdn_mxfp818gdn_mxfp8_top_implEhthhPA128_K7ap_uintILi8EEPA4_S2_S4_S6_S4_S6_P_1022|         array|
|p_ZZN9gdn_mxfp818gdn_mxfp8_top_implEhthhPA128_K7ap_uintILi8EEPA4_S2_S4_S6_S4_S6_P_1022_q0        |   in|   16|   ap_memory|  p_ZZN9gdn_mxfp818gdn_mxfp8_top_implEhthhPA128_K7ap_uintILi8EEPA4_S2_S4_S6_S4_S6_P_1022|         array|
|p_ZZN9gdn_mxfp818gdn_mxfp8_top_implEhthhPA128_K7ap_uintILi8EEPA4_S2_S4_S6_S4_S6_P_1023_address0  |  out|    5|   ap_memory|  p_ZZN9gdn_mxfp818gdn_mxfp8_top_implEhthhPA128_K7ap_uintILi8EEPA4_S2_S4_S6_S4_S6_P_1023|         array|
|p_ZZN9gdn_mxfp818gdn_mxfp8_top_implEhthhPA128_K7ap_uintILi8EEPA4_S2_S4_S6_S4_S6_P_1023_ce0       |  out|    1|   ap_memory|  p_ZZN9gdn_mxfp818gdn_mxfp8_top_implEhthhPA128_K7ap_uintILi8EEPA4_S2_S4_S6_S4_S6_P_1023|         array|
|p_ZZN9gdn_mxfp818gdn_mxfp8_top_implEhthhPA128_K7ap_uintILi8EEPA4_S2_S4_S6_S4_S6_P_1023_q0        |   in|   16|   ap_memory|  p_ZZN9gdn_mxfp818gdn_mxfp8_top_implEhthhPA128_K7ap_uintILi8EEPA4_S2_S4_S6_S4_S6_P_1023|         array|
|p_ZZN9gdn_mxfp818gdn_mxfp8_top_implEhthhPA128_K7ap_uintILi8EEPA4_S2_S4_S6_S4_S6_P_1024_address0  |  out|    5|   ap_memory|  p_ZZN9gdn_mxfp818gdn_mxfp8_top_implEhthhPA128_K7ap_uintILi8EEPA4_S2_S4_S6_S4_S6_P_1024|         array|
|p_ZZN9gdn_mxfp818gdn_mxfp8_top_implEhthhPA128_K7ap_uintILi8EEPA4_S2_S4_S6_S4_S6_P_1024_ce0       |  out|    1|   ap_memory|  p_ZZN9gdn_mxfp818gdn_mxfp8_top_implEhthhPA128_K7ap_uintILi8EEPA4_S2_S4_S6_S4_S6_P_1024|         array|
|p_ZZN9gdn_mxfp818gdn_mxfp8_top_implEhthhPA128_K7ap_uintILi8EEPA4_S2_S4_S6_S4_S6_P_1024_q0        |   in|   16|   ap_memory|  p_ZZN9gdn_mxfp818gdn_mxfp8_top_implEhthhPA128_K7ap_uintILi8EEPA4_S2_S4_S6_S4_S6_P_1024|         array|
|p_ZZN9gdn_mxfp818gdn_mxfp8_top_implEhthhPA128_K7ap_uintILi8EEPA4_S2_S4_S6_S4_S6_P_1025_address0  |  out|    5|   ap_memory|  p_ZZN9gdn_mxfp818gdn_mxfp8_top_implEhthhPA128_K7ap_uintILi8EEPA4_S2_S4_S6_S4_S6_P_1025|         array|
|p_ZZN9gdn_mxfp818gdn_mxfp8_top_implEhthhPA128_K7ap_uintILi8EEPA4_S2_S4_S6_S4_S6_P_1025_ce0       |  out|    1|   ap_memory|  p_ZZN9gdn_mxfp818gdn_mxfp8_top_implEhthhPA128_K7ap_uintILi8EEPA4_S2_S4_S6_S4_S6_P_1025|         array|
|p_ZZN9gdn_mxfp818gdn_mxfp8_top_implEhthhPA128_K7ap_uintILi8EEPA4_S2_S4_S6_S4_S6_P_1025_q0        |   in|   16|   ap_memory|  p_ZZN9gdn_mxfp818gdn_mxfp8_top_implEhthhPA128_K7ap_uintILi8EEPA4_S2_S4_S6_S4_S6_P_1025|         array|
|p_ZZN9gdn_mxfp818gdn_mxfp8_top_implEhthhPA128_K7ap_uintILi8EEPA4_S2_S4_S6_S4_S6_P_1026_address0  |  out|    5|   ap_memory|  p_ZZN9gdn_mxfp818gdn_mxfp8_top_implEhthhPA128_K7ap_uintILi8EEPA4_S2_S4_S6_S4_S6_P_1026|         array|
|p_ZZN9gdn_mxfp818gdn_mxfp8_top_implEhthhPA128_K7ap_uintILi8EEPA4_S2_S4_S6_S4_S6_P_1026_ce0       |  out|    1|   ap_memory|  p_ZZN9gdn_mxfp818gdn_mxfp8_top_implEhthhPA128_K7ap_uintILi8EEPA4_S2_S4_S6_S4_S6_P_1026|         array|
|p_ZZN9gdn_mxfp818gdn_mxfp8_top_implEhthhPA128_K7ap_uintILi8EEPA4_S2_S4_S6_S4_S6_P_1026_q0        |   in|   16|   ap_memory|  p_ZZN9gdn_mxfp818gdn_mxfp8_top_implEhthhPA128_K7ap_uintILi8EEPA4_S2_S4_S6_S4_S6_P_1026|         array|
|p_ZZN9gdn_mxfp818gdn_mxfp8_top_implEhthhPA128_K7ap_uintILi8EEPA4_S2_S4_S6_S4_S6_P_1027_address0  |  out|    5|   ap_memory|  p_ZZN9gdn_mxfp818gdn_mxfp8_top_implEhthhPA128_K7ap_uintILi8EEPA4_S2_S4_S6_S4_S6_P_1027|         array|
|p_ZZN9gdn_mxfp818gdn_mxfp8_top_implEhthhPA128_K7ap_uintILi8EEPA4_S2_S4_S6_S4_S6_P_1027_ce0       |  out|    1|   ap_memory|  p_ZZN9gdn_mxfp818gdn_mxfp8_top_implEhthhPA128_K7ap_uintILi8EEPA4_S2_S4_S6_S4_S6_P_1027|         array|
|p_ZZN9gdn_mxfp818gdn_mxfp8_top_implEhthhPA128_K7ap_uintILi8EEPA4_S2_S4_S6_S4_S6_P_1027_q0        |   in|   16|   ap_memory|  p_ZZN9gdn_mxfp818gdn_mxfp8_top_implEhthhPA128_K7ap_uintILi8EEPA4_S2_S4_S6_S4_S6_P_1027|         array|
|p_ZZN9gdn_mxfp818gdn_mxfp8_top_implEhthhPA128_K7ap_uintILi8EEPA4_S2_S4_S6_S4_S6_P_1028_address0  |  out|    5|   ap_memory|  p_ZZN9gdn_mxfp818gdn_mxfp8_top_implEhthhPA128_K7ap_uintILi8EEPA4_S2_S4_S6_S4_S6_P_1028|         array|
|p_ZZN9gdn_mxfp818gdn_mxfp8_top_implEhthhPA128_K7ap_uintILi8EEPA4_S2_S4_S6_S4_S6_P_1028_ce0       |  out|    1|   ap_memory|  p_ZZN9gdn_mxfp818gdn_mxfp8_top_implEhthhPA128_K7ap_uintILi8EEPA4_S2_S4_S6_S4_S6_P_1028|         array|
|p_ZZN9gdn_mxfp818gdn_mxfp8_top_implEhthhPA128_K7ap_uintILi8EEPA4_S2_S4_S6_S4_S6_P_1028_q0        |   in|   16|   ap_memory|  p_ZZN9gdn_mxfp818gdn_mxfp8_top_implEhthhPA128_K7ap_uintILi8EEPA4_S2_S4_S6_S4_S6_P_1028|         array|
|p_ZZN9gdn_mxfp818gdn_mxfp8_top_implEhthhPA128_K7ap_uintILi8EEPA4_S2_S4_S6_S4_S6_P_1029_address0  |  out|    5|   ap_memory|  p_ZZN9gdn_mxfp818gdn_mxfp8_top_implEhthhPA128_K7ap_uintILi8EEPA4_S2_S4_S6_S4_S6_P_1029|         array|
|p_ZZN9gdn_mxfp818gdn_mxfp8_top_implEhthhPA128_K7ap_uintILi8EEPA4_S2_S4_S6_S4_S6_P_1029_ce0       |  out|    1|   ap_memory|  p_ZZN9gdn_mxfp818gdn_mxfp8_top_implEhthhPA128_K7ap_uintILi8EEPA4_S2_S4_S6_S4_S6_P_1029|         array|
|p_ZZN9gdn_mxfp818gdn_mxfp8_top_implEhthhPA128_K7ap_uintILi8EEPA4_S2_S4_S6_S4_S6_P_1029_q0        |   in|   16|   ap_memory|  p_ZZN9gdn_mxfp818gdn_mxfp8_top_implEhthhPA128_K7ap_uintILi8EEPA4_S2_S4_S6_S4_S6_P_1029|         array|
|p_ZZN9gdn_mxfp818gdn_mxfp8_top_implEhthhPA128_K7ap_uintILi8EEPA4_S2_S4_S6_S4_S6_P_1030_address0  |  out|    5|   ap_memory|  p_ZZN9gdn_mxfp818gdn_mxfp8_top_implEhthhPA128_K7ap_uintILi8EEPA4_S2_S4_S6_S4_S6_P_1030|         array|
|p_ZZN9gdn_mxfp818gdn_mxfp8_top_implEhthhPA128_K7ap_uintILi8EEPA4_S2_S4_S6_S4_S6_P_1030_ce0       |  out|    1|   ap_memory|  p_ZZN9gdn_mxfp818gdn_mxfp8_top_implEhthhPA128_K7ap_uintILi8EEPA4_S2_S4_S6_S4_S6_P_1030|         array|
|p_ZZN9gdn_mxfp818gdn_mxfp8_top_implEhthhPA128_K7ap_uintILi8EEPA4_S2_S4_S6_S4_S6_P_1030_q0        |   in|   16|   ap_memory|  p_ZZN9gdn_mxfp818gdn_mxfp8_top_implEhthhPA128_K7ap_uintILi8EEPA4_S2_S4_S6_S4_S6_P_1030|         array|
|p_ZZN9gdn_mxfp818gdn_mxfp8_top_implEhthhPA128_K7ap_uintILi8EEPA4_S2_S4_S6_S4_S6_P_1031_address0  |  out|    5|   ap_memory|  p_ZZN9gdn_mxfp818gdn_mxfp8_top_implEhthhPA128_K7ap_uintILi8EEPA4_S2_S4_S6_S4_S6_P_1031|         array|
|p_ZZN9gdn_mxfp818gdn_mxfp8_top_implEhthhPA128_K7ap_uintILi8EEPA4_S2_S4_S6_S4_S6_P_1031_ce0       |  out|    1|   ap_memory|  p_ZZN9gdn_mxfp818gdn_mxfp8_top_implEhthhPA128_K7ap_uintILi8EEPA4_S2_S4_S6_S4_S6_P_1031|         array|
|p_ZZN9gdn_mxfp818gdn_mxfp8_top_implEhthhPA128_K7ap_uintILi8EEPA4_S2_S4_S6_S4_S6_P_1031_q0        |   in|   16|   ap_memory|  p_ZZN9gdn_mxfp818gdn_mxfp8_top_implEhthhPA128_K7ap_uintILi8EEPA4_S2_S4_S6_S4_S6_P_1031|         array|
|p_ZZN9gdn_mxfp818gdn_mxfp8_top_implEhthhPA128_K7ap_uintILi8EEPA4_S2_S4_S6_S4_S6_P_1032_address0  |  out|    5|   ap_memory|  p_ZZN9gdn_mxfp818gdn_mxfp8_top_implEhthhPA128_K7ap_uintILi8EEPA4_S2_S4_S6_S4_S6_P_1032|         array|
|p_ZZN9gdn_mxfp818gdn_mxfp8_top_implEhthhPA128_K7ap_uintILi8EEPA4_S2_S4_S6_S4_S6_P_1032_ce0       |  out|    1|   ap_memory|  p_ZZN9gdn_mxfp818gdn_mxfp8_top_implEhthhPA128_K7ap_uintILi8EEPA4_S2_S4_S6_S4_S6_P_1032|         array|
|p_ZZN9gdn_mxfp818gdn_mxfp8_top_implEhthhPA128_K7ap_uintILi8EEPA4_S2_S4_S6_S4_S6_P_1032_q0        |   in|   16|   ap_memory|  p_ZZN9gdn_mxfp818gdn_mxfp8_top_implEhthhPA128_K7ap_uintILi8EEPA4_S2_S4_S6_S4_S6_P_1032|         array|
|p_ZZN9gdn_mxfp818gdn_mxfp8_top_implEhthhPA128_K7ap_uintILi8EEPA4_S2_S4_S6_S4_S6_P_1033_address0  |  out|    5|   ap_memory|  p_ZZN9gdn_mxfp818gdn_mxfp8_top_implEhthhPA128_K7ap_uintILi8EEPA4_S2_S4_S6_S4_S6_P_1033|         array|
|p_ZZN9gdn_mxfp818gdn_mxfp8_top_implEhthhPA128_K7ap_uintILi8EEPA4_S2_S4_S6_S4_S6_P_1033_ce0       |  out|    1|   ap_memory|  p_ZZN9gdn_mxfp818gdn_mxfp8_top_implEhthhPA128_K7ap_uintILi8EEPA4_S2_S4_S6_S4_S6_P_1033|         array|
|p_ZZN9gdn_mxfp818gdn_mxfp8_top_implEhthhPA128_K7ap_uintILi8EEPA4_S2_S4_S6_S4_S6_P_1033_q0        |   in|   16|   ap_memory|  p_ZZN9gdn_mxfp818gdn_mxfp8_top_implEhthhPA128_K7ap_uintILi8EEPA4_S2_S4_S6_S4_S6_P_1033|         array|
|p_ZZN9gdn_mxfp818gdn_mxfp8_top_implEhthhPA128_K7ap_uintILi8EEPA4_S2_S4_S6_S4_S6_P_1034_address0  |  out|    5|   ap_memory|  p_ZZN9gdn_mxfp818gdn_mxfp8_top_implEhthhPA128_K7ap_uintILi8EEPA4_S2_S4_S6_S4_S6_P_1034|         array|
|p_ZZN9gdn_mxfp818gdn_mxfp8_top_implEhthhPA128_K7ap_uintILi8EEPA4_S2_S4_S6_S4_S6_P_1034_ce0       |  out|    1|   ap_memory|  p_ZZN9gdn_mxfp818gdn_mxfp8_top_implEhthhPA128_K7ap_uintILi8EEPA4_S2_S4_S6_S4_S6_P_1034|         array|
|p_ZZN9gdn_mxfp818gdn_mxfp8_top_implEhthhPA128_K7ap_uintILi8EEPA4_S2_S4_S6_S4_S6_P_1034_q0        |   in|   16|   ap_memory|  p_ZZN9gdn_mxfp818gdn_mxfp8_top_implEhthhPA128_K7ap_uintILi8EEPA4_S2_S4_S6_S4_S6_P_1034|         array|
|p_ZZN9gdn_mxfp818gdn_mxfp8_top_implEhthhPA128_K7ap_uintILi8EEPA4_S2_S4_S6_S4_S6_P_1035_address0  |  out|    5|   ap_memory|  p_ZZN9gdn_mxfp818gdn_mxfp8_top_implEhthhPA128_K7ap_uintILi8EEPA4_S2_S4_S6_S4_S6_P_1035|         array|
|p_ZZN9gdn_mxfp818gdn_mxfp8_top_implEhthhPA128_K7ap_uintILi8EEPA4_S2_S4_S6_S4_S6_P_1035_ce0       |  out|    1|   ap_memory|  p_ZZN9gdn_mxfp818gdn_mxfp8_top_implEhthhPA128_K7ap_uintILi8EEPA4_S2_S4_S6_S4_S6_P_1035|         array|
|p_ZZN9gdn_mxfp818gdn_mxfp8_top_implEhthhPA128_K7ap_uintILi8EEPA4_S2_S4_S6_S4_S6_P_1035_q0        |   in|   16|   ap_memory|  p_ZZN9gdn_mxfp818gdn_mxfp8_top_implEhthhPA128_K7ap_uintILi8EEPA4_S2_S4_S6_S4_S6_P_1035|         array|
|p_ZZN9gdn_mxfp818gdn_mxfp8_top_implEhthhPA128_K7ap_uintILi8EEPA4_S2_S4_S6_S4_S6_P_1036_address0  |  out|    5|   ap_memory|  p_ZZN9gdn_mxfp818gdn_mxfp8_top_implEhthhPA128_K7ap_uintILi8EEPA4_S2_S4_S6_S4_S6_P_1036|         array|
|p_ZZN9gdn_mxfp818gdn_mxfp8_top_implEhthhPA128_K7ap_uintILi8EEPA4_S2_S4_S6_S4_S6_P_1036_ce0       |  out|    1|   ap_memory|  p_ZZN9gdn_mxfp818gdn_mxfp8_top_implEhthhPA128_K7ap_uintILi8EEPA4_S2_S4_S6_S4_S6_P_1036|         array|
|p_ZZN9gdn_mxfp818gdn_mxfp8_top_implEhthhPA128_K7ap_uintILi8EEPA4_S2_S4_S6_S4_S6_P_1036_q0        |   in|   16|   ap_memory|  p_ZZN9gdn_mxfp818gdn_mxfp8_top_implEhthhPA128_K7ap_uintILi8EEPA4_S2_S4_S6_S4_S6_P_1036|         array|
|p_ZZN9gdn_mxfp818gdn_mxfp8_top_implEhthhPA128_K7ap_uintILi8EEPA4_S2_S4_S6_S4_S6_P_1037_address0  |  out|    5|   ap_memory|  p_ZZN9gdn_mxfp818gdn_mxfp8_top_implEhthhPA128_K7ap_uintILi8EEPA4_S2_S4_S6_S4_S6_P_1037|         array|
|p_ZZN9gdn_mxfp818gdn_mxfp8_top_implEhthhPA128_K7ap_uintILi8EEPA4_S2_S4_S6_S4_S6_P_1037_ce0       |  out|    1|   ap_memory|  p_ZZN9gdn_mxfp818gdn_mxfp8_top_implEhthhPA128_K7ap_uintILi8EEPA4_S2_S4_S6_S4_S6_P_1037|         array|
|p_ZZN9gdn_mxfp818gdn_mxfp8_top_implEhthhPA128_K7ap_uintILi8EEPA4_S2_S4_S6_S4_S6_P_1037_q0        |   in|   16|   ap_memory|  p_ZZN9gdn_mxfp818gdn_mxfp8_top_implEhthhPA128_K7ap_uintILi8EEPA4_S2_S4_S6_S4_S6_P_1037|         array|
|p_ZZN9gdn_mxfp818gdn_mxfp8_top_implEhthhPA128_K7ap_uintILi8EEPA4_S2_S4_S6_S4_S6_P_1038_address0  |  out|    5|   ap_memory|  p_ZZN9gdn_mxfp818gdn_mxfp8_top_implEhthhPA128_K7ap_uintILi8EEPA4_S2_S4_S6_S4_S6_P_1038|         array|
|p_ZZN9gdn_mxfp818gdn_mxfp8_top_implEhthhPA128_K7ap_uintILi8EEPA4_S2_S4_S6_S4_S6_P_1038_ce0       |  out|    1|   ap_memory|  p_ZZN9gdn_mxfp818gdn_mxfp8_top_implEhthhPA128_K7ap_uintILi8EEPA4_S2_S4_S6_S4_S6_P_1038|         array|
|p_ZZN9gdn_mxfp818gdn_mxfp8_top_implEhthhPA128_K7ap_uintILi8EEPA4_S2_S4_S6_S4_S6_P_1038_q0        |   in|   16|   ap_memory|  p_ZZN9gdn_mxfp818gdn_mxfp8_top_implEhthhPA128_K7ap_uintILi8EEPA4_S2_S4_S6_S4_S6_P_1038|         array|
|p_ZZN9gdn_mxfp818gdn_mxfp8_top_implEhthhPA128_K7ap_uintILi8EEPA4_S2_S4_S6_S4_S6_P_1039_address0  |  out|    5|   ap_memory|  p_ZZN9gdn_mxfp818gdn_mxfp8_top_implEhthhPA128_K7ap_uintILi8EEPA4_S2_S4_S6_S4_S6_P_1039|         array|
|p_ZZN9gdn_mxfp818gdn_mxfp8_top_implEhthhPA128_K7ap_uintILi8EEPA4_S2_S4_S6_S4_S6_P_1039_ce0       |  out|    1|   ap_memory|  p_ZZN9gdn_mxfp818gdn_mxfp8_top_implEhthhPA128_K7ap_uintILi8EEPA4_S2_S4_S6_S4_S6_P_1039|         array|
|p_ZZN9gdn_mxfp818gdn_mxfp8_top_implEhthhPA128_K7ap_uintILi8EEPA4_S2_S4_S6_S4_S6_P_1039_q0        |   in|   16|   ap_memory|  p_ZZN9gdn_mxfp818gdn_mxfp8_top_implEhthhPA128_K7ap_uintILi8EEPA4_S2_S4_S6_S4_S6_P_1039|         array|
|p_ZZN9gdn_mxfp818gdn_mxfp8_top_implEhthhPA128_K7ap_uintILi8EEPA4_S2_S4_S6_S4_S6_P_1040_address0  |  out|    5|   ap_memory|  p_ZZN9gdn_mxfp818gdn_mxfp8_top_implEhthhPA128_K7ap_uintILi8EEPA4_S2_S4_S6_S4_S6_P_1040|         array|
|p_ZZN9gdn_mxfp818gdn_mxfp8_top_implEhthhPA128_K7ap_uintILi8EEPA4_S2_S4_S6_S4_S6_P_1040_ce0       |  out|    1|   ap_memory|  p_ZZN9gdn_mxfp818gdn_mxfp8_top_implEhthhPA128_K7ap_uintILi8EEPA4_S2_S4_S6_S4_S6_P_1040|         array|
|p_ZZN9gdn_mxfp818gdn_mxfp8_top_implEhthhPA128_K7ap_uintILi8EEPA4_S2_S4_S6_S4_S6_P_1040_q0        |   in|   16|   ap_memory|  p_ZZN9gdn_mxfp818gdn_mxfp8_top_implEhthhPA128_K7ap_uintILi8EEPA4_S2_S4_S6_S4_S6_P_1040|         array|
|p_ZZN9gdn_mxfp818gdn_mxfp8_top_implEhthhPA128_K7ap_uintILi8EEPA4_S2_S4_S6_S4_S6_P_1041_address0  |  out|    5|   ap_memory|  p_ZZN9gdn_mxfp818gdn_mxfp8_top_implEhthhPA128_K7ap_uintILi8EEPA4_S2_S4_S6_S4_S6_P_1041|         array|
|p_ZZN9gdn_mxfp818gdn_mxfp8_top_implEhthhPA128_K7ap_uintILi8EEPA4_S2_S4_S6_S4_S6_P_1041_ce0       |  out|    1|   ap_memory|  p_ZZN9gdn_mxfp818gdn_mxfp8_top_implEhthhPA128_K7ap_uintILi8EEPA4_S2_S4_S6_S4_S6_P_1041|         array|
|p_ZZN9gdn_mxfp818gdn_mxfp8_top_implEhthhPA128_K7ap_uintILi8EEPA4_S2_S4_S6_S4_S6_P_1041_q0        |   in|   16|   ap_memory|  p_ZZN9gdn_mxfp818gdn_mxfp8_top_implEhthhPA128_K7ap_uintILi8EEPA4_S2_S4_S6_S4_S6_P_1041|         array|
|p_ZZN9gdn_mxfp818gdn_mxfp8_top_implEhthhPA128_K7ap_uintILi8EEPA4_S2_S4_S6_S4_S6_P_1042_address0  |  out|    5|   ap_memory|  p_ZZN9gdn_mxfp818gdn_mxfp8_top_implEhthhPA128_K7ap_uintILi8EEPA4_S2_S4_S6_S4_S6_P_1042|         array|
|p_ZZN9gdn_mxfp818gdn_mxfp8_top_implEhthhPA128_K7ap_uintILi8EEPA4_S2_S4_S6_S4_S6_P_1042_ce0       |  out|    1|   ap_memory|  p_ZZN9gdn_mxfp818gdn_mxfp8_top_implEhthhPA128_K7ap_uintILi8EEPA4_S2_S4_S6_S4_S6_P_1042|         array|
|p_ZZN9gdn_mxfp818gdn_mxfp8_top_implEhthhPA128_K7ap_uintILi8EEPA4_S2_S4_S6_S4_S6_P_1042_q0        |   in|   16|   ap_memory|  p_ZZN9gdn_mxfp818gdn_mxfp8_top_implEhthhPA128_K7ap_uintILi8EEPA4_S2_S4_S6_S4_S6_P_1042|         array|
|p_ZZN9gdn_mxfp818gdn_mxfp8_top_implEhthhPA128_K7ap_uintILi8EEPA4_S2_S4_S6_S4_S6_P_1043_address0  |  out|    5|   ap_memory|  p_ZZN9gdn_mxfp818gdn_mxfp8_top_implEhthhPA128_K7ap_uintILi8EEPA4_S2_S4_S6_S4_S6_P_1043|         array|
|p_ZZN9gdn_mxfp818gdn_mxfp8_top_implEhthhPA128_K7ap_uintILi8EEPA4_S2_S4_S6_S4_S6_P_1043_ce0       |  out|    1|   ap_memory|  p_ZZN9gdn_mxfp818gdn_mxfp8_top_implEhthhPA128_K7ap_uintILi8EEPA4_S2_S4_S6_S4_S6_P_1043|         array|
|p_ZZN9gdn_mxfp818gdn_mxfp8_top_implEhthhPA128_K7ap_uintILi8EEPA4_S2_S4_S6_S4_S6_P_1043_q0        |   in|   16|   ap_memory|  p_ZZN9gdn_mxfp818gdn_mxfp8_top_implEhthhPA128_K7ap_uintILi8EEPA4_S2_S4_S6_S4_S6_P_1043|         array|
|p_ZZN9gdn_mxfp818gdn_mxfp8_top_implEhthhPA128_K7ap_uintILi8EEPA4_S2_S4_S6_S4_S6_P_1044_address0  |  out|    5|   ap_memory|  p_ZZN9gdn_mxfp818gdn_mxfp8_top_implEhthhPA128_K7ap_uintILi8EEPA4_S2_S4_S6_S4_S6_P_1044|         array|
|p_ZZN9gdn_mxfp818gdn_mxfp8_top_implEhthhPA128_K7ap_uintILi8EEPA4_S2_S4_S6_S4_S6_P_1044_ce0       |  out|    1|   ap_memory|  p_ZZN9gdn_mxfp818gdn_mxfp8_top_implEhthhPA128_K7ap_uintILi8EEPA4_S2_S4_S6_S4_S6_P_1044|         array|
|p_ZZN9gdn_mxfp818gdn_mxfp8_top_implEhthhPA128_K7ap_uintILi8EEPA4_S2_S4_S6_S4_S6_P_1044_q0        |   in|   16|   ap_memory|  p_ZZN9gdn_mxfp818gdn_mxfp8_top_implEhthhPA128_K7ap_uintILi8EEPA4_S2_S4_S6_S4_S6_P_1044|         array|
|p_ZZN9gdn_mxfp818gdn_mxfp8_top_implEhthhPA128_K7ap_uintILi8EEPA4_S2_S4_S6_S4_S6_P_1045_address0  |  out|    5|   ap_memory|  p_ZZN9gdn_mxfp818gdn_mxfp8_top_implEhthhPA128_K7ap_uintILi8EEPA4_S2_S4_S6_S4_S6_P_1045|         array|
|p_ZZN9gdn_mxfp818gdn_mxfp8_top_implEhthhPA128_K7ap_uintILi8EEPA4_S2_S4_S6_S4_S6_P_1045_ce0       |  out|    1|   ap_memory|  p_ZZN9gdn_mxfp818gdn_mxfp8_top_implEhthhPA128_K7ap_uintILi8EEPA4_S2_S4_S6_S4_S6_P_1045|         array|
|p_ZZN9gdn_mxfp818gdn_mxfp8_top_implEhthhPA128_K7ap_uintILi8EEPA4_S2_S4_S6_S4_S6_P_1045_q0        |   in|   16|   ap_memory|  p_ZZN9gdn_mxfp818gdn_mxfp8_top_implEhthhPA128_K7ap_uintILi8EEPA4_S2_S4_S6_S4_S6_P_1045|         array|
|p_ZZN9gdn_mxfp818gdn_mxfp8_top_implEhthhPA128_K7ap_uintILi8EEPA4_S2_S4_S6_S4_S6_P_1046_address0  |  out|    5|   ap_memory|  p_ZZN9gdn_mxfp818gdn_mxfp8_top_implEhthhPA128_K7ap_uintILi8EEPA4_S2_S4_S6_S4_S6_P_1046|         array|
|p_ZZN9gdn_mxfp818gdn_mxfp8_top_implEhthhPA128_K7ap_uintILi8EEPA4_S2_S4_S6_S4_S6_P_1046_ce0       |  out|    1|   ap_memory|  p_ZZN9gdn_mxfp818gdn_mxfp8_top_implEhthhPA128_K7ap_uintILi8EEPA4_S2_S4_S6_S4_S6_P_1046|         array|
|p_ZZN9gdn_mxfp818gdn_mxfp8_top_implEhthhPA128_K7ap_uintILi8EEPA4_S2_S4_S6_S4_S6_P_1046_q0        |   in|   16|   ap_memory|  p_ZZN9gdn_mxfp818gdn_mxfp8_top_implEhthhPA128_K7ap_uintILi8EEPA4_S2_S4_S6_S4_S6_P_1046|         array|
|p_ZZN9gdn_mxfp818gdn_mxfp8_top_implEhthhPA128_K7ap_uintILi8EEPA4_S2_S4_S6_S4_S6_P_1047_address0  |  out|    5|   ap_memory|  p_ZZN9gdn_mxfp818gdn_mxfp8_top_implEhthhPA128_K7ap_uintILi8EEPA4_S2_S4_S6_S4_S6_P_1047|         array|
|p_ZZN9gdn_mxfp818gdn_mxfp8_top_implEhthhPA128_K7ap_uintILi8EEPA4_S2_S4_S6_S4_S6_P_1047_ce0       |  out|    1|   ap_memory|  p_ZZN9gdn_mxfp818gdn_mxfp8_top_implEhthhPA128_K7ap_uintILi8EEPA4_S2_S4_S6_S4_S6_P_1047|         array|
|p_ZZN9gdn_mxfp818gdn_mxfp8_top_implEhthhPA128_K7ap_uintILi8EEPA4_S2_S4_S6_S4_S6_P_1047_q0        |   in|   16|   ap_memory|  p_ZZN9gdn_mxfp818gdn_mxfp8_top_implEhthhPA128_K7ap_uintILi8EEPA4_S2_S4_S6_S4_S6_P_1047|         array|
|p_ZZN9gdn_mxfp818gdn_mxfp8_top_implEhthhPA128_K7ap_uintILi8EEPA4_S2_S4_S6_S4_S6_P_1048_address0  |  out|    5|   ap_memory|  p_ZZN9gdn_mxfp818gdn_mxfp8_top_implEhthhPA128_K7ap_uintILi8EEPA4_S2_S4_S6_S4_S6_P_1048|         array|
|p_ZZN9gdn_mxfp818gdn_mxfp8_top_implEhthhPA128_K7ap_uintILi8EEPA4_S2_S4_S6_S4_S6_P_1048_ce0       |  out|    1|   ap_memory|  p_ZZN9gdn_mxfp818gdn_mxfp8_top_implEhthhPA128_K7ap_uintILi8EEPA4_S2_S4_S6_S4_S6_P_1048|         array|
|p_ZZN9gdn_mxfp818gdn_mxfp8_top_implEhthhPA128_K7ap_uintILi8EEPA4_S2_S4_S6_S4_S6_P_1048_q0        |   in|   16|   ap_memory|  p_ZZN9gdn_mxfp818gdn_mxfp8_top_implEhthhPA128_K7ap_uintILi8EEPA4_S2_S4_S6_S4_S6_P_1048|         array|
|p_ZZN9gdn_mxfp818gdn_mxfp8_top_implEhthhPA128_K7ap_uintILi8EEPA4_S2_S4_S6_S4_S6_P_1049_address0  |  out|    5|   ap_memory|  p_ZZN9gdn_mxfp818gdn_mxfp8_top_implEhthhPA128_K7ap_uintILi8EEPA4_S2_S4_S6_S4_S6_P_1049|         array|
|p_ZZN9gdn_mxfp818gdn_mxfp8_top_implEhthhPA128_K7ap_uintILi8EEPA4_S2_S4_S6_S4_S6_P_1049_ce0       |  out|    1|   ap_memory|  p_ZZN9gdn_mxfp818gdn_mxfp8_top_implEhthhPA128_K7ap_uintILi8EEPA4_S2_S4_S6_S4_S6_P_1049|         array|
|p_ZZN9gdn_mxfp818gdn_mxfp8_top_implEhthhPA128_K7ap_uintILi8EEPA4_S2_S4_S6_S4_S6_P_1049_q0        |   in|   16|   ap_memory|  p_ZZN9gdn_mxfp818gdn_mxfp8_top_implEhthhPA128_K7ap_uintILi8EEPA4_S2_S4_S6_S4_S6_P_1049|         array|
|p_ZZN9gdn_mxfp818gdn_mxfp8_top_implEhthhPA128_K7ap_uintILi8EEPA4_S2_S4_S6_S4_S6_P_1050_address0  |  out|    5|   ap_memory|  p_ZZN9gdn_mxfp818gdn_mxfp8_top_implEhthhPA128_K7ap_uintILi8EEPA4_S2_S4_S6_S4_S6_P_1050|         array|
|p_ZZN9gdn_mxfp818gdn_mxfp8_top_implEhthhPA128_K7ap_uintILi8EEPA4_S2_S4_S6_S4_S6_P_1050_ce0       |  out|    1|   ap_memory|  p_ZZN9gdn_mxfp818gdn_mxfp8_top_implEhthhPA128_K7ap_uintILi8EEPA4_S2_S4_S6_S4_S6_P_1050|         array|
|p_ZZN9gdn_mxfp818gdn_mxfp8_top_implEhthhPA128_K7ap_uintILi8EEPA4_S2_S4_S6_S4_S6_P_1050_q0        |   in|   16|   ap_memory|  p_ZZN9gdn_mxfp818gdn_mxfp8_top_implEhthhPA128_K7ap_uintILi8EEPA4_S2_S4_S6_S4_S6_P_1050|         array|
|p_ZZN9gdn_mxfp818gdn_mxfp8_top_implEhthhPA128_K7ap_uintILi8EEPA4_S2_S4_S6_S4_S6_P_1051_address0  |  out|    5|   ap_memory|  p_ZZN9gdn_mxfp818gdn_mxfp8_top_implEhthhPA128_K7ap_uintILi8EEPA4_S2_S4_S6_S4_S6_P_1051|         array|
|p_ZZN9gdn_mxfp818gdn_mxfp8_top_implEhthhPA128_K7ap_uintILi8EEPA4_S2_S4_S6_S4_S6_P_1051_ce0       |  out|    1|   ap_memory|  p_ZZN9gdn_mxfp818gdn_mxfp8_top_implEhthhPA128_K7ap_uintILi8EEPA4_S2_S4_S6_S4_S6_P_1051|         array|
|p_ZZN9gdn_mxfp818gdn_mxfp8_top_implEhthhPA128_K7ap_uintILi8EEPA4_S2_S4_S6_S4_S6_P_1051_q0        |   in|   16|   ap_memory|  p_ZZN9gdn_mxfp818gdn_mxfp8_top_implEhthhPA128_K7ap_uintILi8EEPA4_S2_S4_S6_S4_S6_P_1051|         array|
|p_ZZN9gdn_mxfp818gdn_mxfp8_top_implEhthhPA128_K7ap_uintILi8EEPA4_S2_S4_S6_S4_S6_P_1052_address0  |  out|    5|   ap_memory|  p_ZZN9gdn_mxfp818gdn_mxfp8_top_implEhthhPA128_K7ap_uintILi8EEPA4_S2_S4_S6_S4_S6_P_1052|         array|
|p_ZZN9gdn_mxfp818gdn_mxfp8_top_implEhthhPA128_K7ap_uintILi8EEPA4_S2_S4_S6_S4_S6_P_1052_ce0       |  out|    1|   ap_memory|  p_ZZN9gdn_mxfp818gdn_mxfp8_top_implEhthhPA128_K7ap_uintILi8EEPA4_S2_S4_S6_S4_S6_P_1052|         array|
|p_ZZN9gdn_mxfp818gdn_mxfp8_top_implEhthhPA128_K7ap_uintILi8EEPA4_S2_S4_S6_S4_S6_P_1052_q0        |   in|   16|   ap_memory|  p_ZZN9gdn_mxfp818gdn_mxfp8_top_implEhthhPA128_K7ap_uintILi8EEPA4_S2_S4_S6_S4_S6_P_1052|         array|
|p_ZZN9gdn_mxfp818gdn_mxfp8_top_implEhthhPA128_K7ap_uintILi8EEPA4_S2_S4_S6_S4_S6_P_1053_address0  |  out|    5|   ap_memory|  p_ZZN9gdn_mxfp818gdn_mxfp8_top_implEhthhPA128_K7ap_uintILi8EEPA4_S2_S4_S6_S4_S6_P_1053|         array|
|p_ZZN9gdn_mxfp818gdn_mxfp8_top_implEhthhPA128_K7ap_uintILi8EEPA4_S2_S4_S6_S4_S6_P_1053_ce0       |  out|    1|   ap_memory|  p_ZZN9gdn_mxfp818gdn_mxfp8_top_implEhthhPA128_K7ap_uintILi8EEPA4_S2_S4_S6_S4_S6_P_1053|         array|
|p_ZZN9gdn_mxfp818gdn_mxfp8_top_implEhthhPA128_K7ap_uintILi8EEPA4_S2_S4_S6_S4_S6_P_1053_q0        |   in|   16|   ap_memory|  p_ZZN9gdn_mxfp818gdn_mxfp8_top_implEhthhPA128_K7ap_uintILi8EEPA4_S2_S4_S6_S4_S6_P_1053|         array|
|p_ZZN9gdn_mxfp818gdn_mxfp8_top_implEhthhPA128_K7ap_uintILi8EEPA4_S2_S4_S6_S4_S6_P_1054_address0  |  out|    5|   ap_memory|  p_ZZN9gdn_mxfp818gdn_mxfp8_top_implEhthhPA128_K7ap_uintILi8EEPA4_S2_S4_S6_S4_S6_P_1054|         array|
|p_ZZN9gdn_mxfp818gdn_mxfp8_top_implEhthhPA128_K7ap_uintILi8EEPA4_S2_S4_S6_S4_S6_P_1054_ce0       |  out|    1|   ap_memory|  p_ZZN9gdn_mxfp818gdn_mxfp8_top_implEhthhPA128_K7ap_uintILi8EEPA4_S2_S4_S6_S4_S6_P_1054|         array|
|p_ZZN9gdn_mxfp818gdn_mxfp8_top_implEhthhPA128_K7ap_uintILi8EEPA4_S2_S4_S6_S4_S6_P_1054_q0        |   in|   16|   ap_memory|  p_ZZN9gdn_mxfp818gdn_mxfp8_top_implEhthhPA128_K7ap_uintILi8EEPA4_S2_S4_S6_S4_S6_P_1054|         array|
|p_ZZN9gdn_mxfp818gdn_mxfp8_top_implEhthhPA128_K7ap_uintILi8EEPA4_S2_S4_S6_S4_S6_P_1055_address0  |  out|    5|   ap_memory|  p_ZZN9gdn_mxfp818gdn_mxfp8_top_implEhthhPA128_K7ap_uintILi8EEPA4_S2_S4_S6_S4_S6_P_1055|         array|
|p_ZZN9gdn_mxfp818gdn_mxfp8_top_implEhthhPA128_K7ap_uintILi8EEPA4_S2_S4_S6_S4_S6_P_1055_ce0       |  out|    1|   ap_memory|  p_ZZN9gdn_mxfp818gdn_mxfp8_top_implEhthhPA128_K7ap_uintILi8EEPA4_S2_S4_S6_S4_S6_P_1055|         array|
|p_ZZN9gdn_mxfp818gdn_mxfp8_top_implEhthhPA128_K7ap_uintILi8EEPA4_S2_S4_S6_S4_S6_P_1055_q0        |   in|   16|   ap_memory|  p_ZZN9gdn_mxfp818gdn_mxfp8_top_implEhthhPA128_K7ap_uintILi8EEPA4_S2_S4_S6_S4_S6_P_1055|         array|
|p_ZZN9gdn_mxfp818gdn_mxfp8_top_implEhthhPA128_K7ap_uintILi8EEPA4_S2_S4_S6_S4_S6_P_1056_address0  |  out|    5|   ap_memory|  p_ZZN9gdn_mxfp818gdn_mxfp8_top_implEhthhPA128_K7ap_uintILi8EEPA4_S2_S4_S6_S4_S6_P_1056|         array|
|p_ZZN9gdn_mxfp818gdn_mxfp8_top_implEhthhPA128_K7ap_uintILi8EEPA4_S2_S4_S6_S4_S6_P_1056_ce0       |  out|    1|   ap_memory|  p_ZZN9gdn_mxfp818gdn_mxfp8_top_implEhthhPA128_K7ap_uintILi8EEPA4_S2_S4_S6_S4_S6_P_1056|         array|
|p_ZZN9gdn_mxfp818gdn_mxfp8_top_implEhthhPA128_K7ap_uintILi8EEPA4_S2_S4_S6_S4_S6_P_1056_q0        |   in|   16|   ap_memory|  p_ZZN9gdn_mxfp818gdn_mxfp8_top_implEhthhPA128_K7ap_uintILi8EEPA4_S2_S4_S6_S4_S6_P_1056|         array|
|p_ZZN9gdn_mxfp818gdn_mxfp8_top_implEhthhPA128_K7ap_uintILi8EEPA4_S2_S4_S6_S4_S6_P_1057_address0  |  out|    5|   ap_memory|  p_ZZN9gdn_mxfp818gdn_mxfp8_top_implEhthhPA128_K7ap_uintILi8EEPA4_S2_S4_S6_S4_S6_P_1057|         array|
|p_ZZN9gdn_mxfp818gdn_mxfp8_top_implEhthhPA128_K7ap_uintILi8EEPA4_S2_S4_S6_S4_S6_P_1057_ce0       |  out|    1|   ap_memory|  p_ZZN9gdn_mxfp818gdn_mxfp8_top_implEhthhPA128_K7ap_uintILi8EEPA4_S2_S4_S6_S4_S6_P_1057|         array|
|p_ZZN9gdn_mxfp818gdn_mxfp8_top_implEhthhPA128_K7ap_uintILi8EEPA4_S2_S4_S6_S4_S6_P_1057_q0        |   in|   16|   ap_memory|  p_ZZN9gdn_mxfp818gdn_mxfp8_top_implEhthhPA128_K7ap_uintILi8EEPA4_S2_S4_S6_S4_S6_P_1057|         array|
|p_ZZN9gdn_mxfp818gdn_mxfp8_top_implEhthhPA128_K7ap_uintILi8EEPA4_S2_S4_S6_S4_S6_P_1058_address0  |  out|    5|   ap_memory|  p_ZZN9gdn_mxfp818gdn_mxfp8_top_implEhthhPA128_K7ap_uintILi8EEPA4_S2_S4_S6_S4_S6_P_1058|         array|
|p_ZZN9gdn_mxfp818gdn_mxfp8_top_implEhthhPA128_K7ap_uintILi8EEPA4_S2_S4_S6_S4_S6_P_1058_ce0       |  out|    1|   ap_memory|  p_ZZN9gdn_mxfp818gdn_mxfp8_top_implEhthhPA128_K7ap_uintILi8EEPA4_S2_S4_S6_S4_S6_P_1058|         array|
|p_ZZN9gdn_mxfp818gdn_mxfp8_top_implEhthhPA128_K7ap_uintILi8EEPA4_S2_S4_S6_S4_S6_P_1058_q0        |   in|   16|   ap_memory|  p_ZZN9gdn_mxfp818gdn_mxfp8_top_implEhthhPA128_K7ap_uintILi8EEPA4_S2_S4_S6_S4_S6_P_1058|         array|
|p_ZZN9gdn_mxfp818gdn_mxfp8_top_implEhthhPA128_K7ap_uintILi8EEPA4_S2_S4_S6_S4_S6_P_1059_address0  |  out|    5|   ap_memory|  p_ZZN9gdn_mxfp818gdn_mxfp8_top_implEhthhPA128_K7ap_uintILi8EEPA4_S2_S4_S6_S4_S6_P_1059|         array|
|p_ZZN9gdn_mxfp818gdn_mxfp8_top_implEhthhPA128_K7ap_uintILi8EEPA4_S2_S4_S6_S4_S6_P_1059_ce0       |  out|    1|   ap_memory|  p_ZZN9gdn_mxfp818gdn_mxfp8_top_implEhthhPA128_K7ap_uintILi8EEPA4_S2_S4_S6_S4_S6_P_1059|         array|
|p_ZZN9gdn_mxfp818gdn_mxfp8_top_implEhthhPA128_K7ap_uintILi8EEPA4_S2_S4_S6_S4_S6_P_1059_q0        |   in|   16|   ap_memory|  p_ZZN9gdn_mxfp818gdn_mxfp8_top_implEhthhPA128_K7ap_uintILi8EEPA4_S2_S4_S6_S4_S6_P_1059|         array|
|p_ZZN9gdn_mxfp818gdn_mxfp8_top_implEhthhPA128_K7ap_uintILi8EEPA4_S2_S4_S6_S4_S6_P_1060_address0  |  out|    5|   ap_memory|  p_ZZN9gdn_mxfp818gdn_mxfp8_top_implEhthhPA128_K7ap_uintILi8EEPA4_S2_S4_S6_S4_S6_P_1060|         array|
|p_ZZN9gdn_mxfp818gdn_mxfp8_top_implEhthhPA128_K7ap_uintILi8EEPA4_S2_S4_S6_S4_S6_P_1060_ce0       |  out|    1|   ap_memory|  p_ZZN9gdn_mxfp818gdn_mxfp8_top_implEhthhPA128_K7ap_uintILi8EEPA4_S2_S4_S6_S4_S6_P_1060|         array|
|p_ZZN9gdn_mxfp818gdn_mxfp8_top_implEhthhPA128_K7ap_uintILi8EEPA4_S2_S4_S6_S4_S6_P_1060_q0        |   in|   16|   ap_memory|  p_ZZN9gdn_mxfp818gdn_mxfp8_top_implEhthhPA128_K7ap_uintILi8EEPA4_S2_S4_S6_S4_S6_P_1060|         array|
|p_ZZN9gdn_mxfp818gdn_mxfp8_top_implEhthhPA128_K7ap_uintILi8EEPA4_S2_S4_S6_S4_S6_P_1061_address0  |  out|    5|   ap_memory|  p_ZZN9gdn_mxfp818gdn_mxfp8_top_implEhthhPA128_K7ap_uintILi8EEPA4_S2_S4_S6_S4_S6_P_1061|         array|
|p_ZZN9gdn_mxfp818gdn_mxfp8_top_implEhthhPA128_K7ap_uintILi8EEPA4_S2_S4_S6_S4_S6_P_1061_ce0       |  out|    1|   ap_memory|  p_ZZN9gdn_mxfp818gdn_mxfp8_top_implEhthhPA128_K7ap_uintILi8EEPA4_S2_S4_S6_S4_S6_P_1061|         array|
|p_ZZN9gdn_mxfp818gdn_mxfp8_top_implEhthhPA128_K7ap_uintILi8EEPA4_S2_S4_S6_S4_S6_P_1061_q0        |   in|   16|   ap_memory|  p_ZZN9gdn_mxfp818gdn_mxfp8_top_implEhthhPA128_K7ap_uintILi8EEPA4_S2_S4_S6_S4_S6_P_1061|         array|
|p_ZZN9gdn_mxfp818gdn_mxfp8_top_implEhthhPA128_K7ap_uintILi8EEPA4_S2_S4_S6_S4_S6_P_1062_address0  |  out|    5|   ap_memory|  p_ZZN9gdn_mxfp818gdn_mxfp8_top_implEhthhPA128_K7ap_uintILi8EEPA4_S2_S4_S6_S4_S6_P_1062|         array|
|p_ZZN9gdn_mxfp818gdn_mxfp8_top_implEhthhPA128_K7ap_uintILi8EEPA4_S2_S4_S6_S4_S6_P_1062_ce0       |  out|    1|   ap_memory|  p_ZZN9gdn_mxfp818gdn_mxfp8_top_implEhthhPA128_K7ap_uintILi8EEPA4_S2_S4_S6_S4_S6_P_1062|         array|
|p_ZZN9gdn_mxfp818gdn_mxfp8_top_implEhthhPA128_K7ap_uintILi8EEPA4_S2_S4_S6_S4_S6_P_1062_q0        |   in|   16|   ap_memory|  p_ZZN9gdn_mxfp818gdn_mxfp8_top_implEhthhPA128_K7ap_uintILi8EEPA4_S2_S4_S6_S4_S6_P_1062|         array|
|p_ZZN9gdn_mxfp818gdn_mxfp8_top_implEhthhPA128_K7ap_uintILi8EEPA4_S2_S4_S6_S4_S6_P_1063_address0  |  out|    5|   ap_memory|  p_ZZN9gdn_mxfp818gdn_mxfp8_top_implEhthhPA128_K7ap_uintILi8EEPA4_S2_S4_S6_S4_S6_P_1063|         array|
|p_ZZN9gdn_mxfp818gdn_mxfp8_top_implEhthhPA128_K7ap_uintILi8EEPA4_S2_S4_S6_S4_S6_P_1063_ce0       |  out|    1|   ap_memory|  p_ZZN9gdn_mxfp818gdn_mxfp8_top_implEhthhPA128_K7ap_uintILi8EEPA4_S2_S4_S6_S4_S6_P_1063|         array|
|p_ZZN9gdn_mxfp818gdn_mxfp8_top_implEhthhPA128_K7ap_uintILi8EEPA4_S2_S4_S6_S4_S6_P_1063_q0        |   in|   16|   ap_memory|  p_ZZN9gdn_mxfp818gdn_mxfp8_top_implEhthhPA128_K7ap_uintILi8EEPA4_S2_S4_S6_S4_S6_P_1063|         array|
|p_ZZN9gdn_mxfp818gdn_mxfp8_top_implEhthhPA128_K7ap_uintILi8EEPA4_S2_S4_S6_S4_S6_P_1064_address0  |  out|    5|   ap_memory|  p_ZZN9gdn_mxfp818gdn_mxfp8_top_implEhthhPA128_K7ap_uintILi8EEPA4_S2_S4_S6_S4_S6_P_1064|         array|
|p_ZZN9gdn_mxfp818gdn_mxfp8_top_implEhthhPA128_K7ap_uintILi8EEPA4_S2_S4_S6_S4_S6_P_1064_ce0       |  out|    1|   ap_memory|  p_ZZN9gdn_mxfp818gdn_mxfp8_top_implEhthhPA128_K7ap_uintILi8EEPA4_S2_S4_S6_S4_S6_P_1064|         array|
|p_ZZN9gdn_mxfp818gdn_mxfp8_top_implEhthhPA128_K7ap_uintILi8EEPA4_S2_S4_S6_S4_S6_P_1064_q0        |   in|   16|   ap_memory|  p_ZZN9gdn_mxfp818gdn_mxfp8_top_implEhthhPA128_K7ap_uintILi8EEPA4_S2_S4_S6_S4_S6_P_1064|         array|
|p_ZZN9gdn_mxfp818gdn_mxfp8_top_implEhthhPA128_K7ap_uintILi8EEPA4_S2_S4_S6_S4_S6_P_1065_address0  |  out|    5|   ap_memory|  p_ZZN9gdn_mxfp818gdn_mxfp8_top_implEhthhPA128_K7ap_uintILi8EEPA4_S2_S4_S6_S4_S6_P_1065|         array|
|p_ZZN9gdn_mxfp818gdn_mxfp8_top_implEhthhPA128_K7ap_uintILi8EEPA4_S2_S4_S6_S4_S6_P_1065_ce0       |  out|    1|   ap_memory|  p_ZZN9gdn_mxfp818gdn_mxfp8_top_implEhthhPA128_K7ap_uintILi8EEPA4_S2_S4_S6_S4_S6_P_1065|         array|
|p_ZZN9gdn_mxfp818gdn_mxfp8_top_implEhthhPA128_K7ap_uintILi8EEPA4_S2_S4_S6_S4_S6_P_1065_q0        |   in|   16|   ap_memory|  p_ZZN9gdn_mxfp818gdn_mxfp8_top_implEhthhPA128_K7ap_uintILi8EEPA4_S2_S4_S6_S4_S6_P_1065|         array|
|p_ZZN9gdn_mxfp818gdn_mxfp8_top_implEhthhPA128_K7ap_uintILi8EEPA4_S2_S4_S6_S4_S6_P_1066_address0  |  out|    5|   ap_memory|  p_ZZN9gdn_mxfp818gdn_mxfp8_top_implEhthhPA128_K7ap_uintILi8EEPA4_S2_S4_S6_S4_S6_P_1066|         array|
|p_ZZN9gdn_mxfp818gdn_mxfp8_top_implEhthhPA128_K7ap_uintILi8EEPA4_S2_S4_S6_S4_S6_P_1066_ce0       |  out|    1|   ap_memory|  p_ZZN9gdn_mxfp818gdn_mxfp8_top_implEhthhPA128_K7ap_uintILi8EEPA4_S2_S4_S6_S4_S6_P_1066|         array|
|p_ZZN9gdn_mxfp818gdn_mxfp8_top_implEhthhPA128_K7ap_uintILi8EEPA4_S2_S4_S6_S4_S6_P_1066_q0        |   in|   16|   ap_memory|  p_ZZN9gdn_mxfp818gdn_mxfp8_top_implEhthhPA128_K7ap_uintILi8EEPA4_S2_S4_S6_S4_S6_P_1066|         array|
|p_ZZN9gdn_mxfp818gdn_mxfp8_top_implEhthhPA128_K7ap_uintILi8EEPA4_S2_S4_S6_S4_S6_P_1067_address0  |  out|    5|   ap_memory|  p_ZZN9gdn_mxfp818gdn_mxfp8_top_implEhthhPA128_K7ap_uintILi8EEPA4_S2_S4_S6_S4_S6_P_1067|         array|
|p_ZZN9gdn_mxfp818gdn_mxfp8_top_implEhthhPA128_K7ap_uintILi8EEPA4_S2_S4_S6_S4_S6_P_1067_ce0       |  out|    1|   ap_memory|  p_ZZN9gdn_mxfp818gdn_mxfp8_top_implEhthhPA128_K7ap_uintILi8EEPA4_S2_S4_S6_S4_S6_P_1067|         array|
|p_ZZN9gdn_mxfp818gdn_mxfp8_top_implEhthhPA128_K7ap_uintILi8EEPA4_S2_S4_S6_S4_S6_P_1067_q0        |   in|   16|   ap_memory|  p_ZZN9gdn_mxfp818gdn_mxfp8_top_implEhthhPA128_K7ap_uintILi8EEPA4_S2_S4_S6_S4_S6_P_1067|         array|
|p_ZZN9gdn_mxfp818gdn_mxfp8_top_implEhthhPA128_K7ap_uintILi8EEPA4_S2_S4_S6_S4_S6_P_1068_address0  |  out|    5|   ap_memory|  p_ZZN9gdn_mxfp818gdn_mxfp8_top_implEhthhPA128_K7ap_uintILi8EEPA4_S2_S4_S6_S4_S6_P_1068|         array|
|p_ZZN9gdn_mxfp818gdn_mxfp8_top_implEhthhPA128_K7ap_uintILi8EEPA4_S2_S4_S6_S4_S6_P_1068_ce0       |  out|    1|   ap_memory|  p_ZZN9gdn_mxfp818gdn_mxfp8_top_implEhthhPA128_K7ap_uintILi8EEPA4_S2_S4_S6_S4_S6_P_1068|         array|
|p_ZZN9gdn_mxfp818gdn_mxfp8_top_implEhthhPA128_K7ap_uintILi8EEPA4_S2_S4_S6_S4_S6_P_1068_q0        |   in|   16|   ap_memory|  p_ZZN9gdn_mxfp818gdn_mxfp8_top_implEhthhPA128_K7ap_uintILi8EEPA4_S2_S4_S6_S4_S6_P_1068|         array|
|p_ZZN9gdn_mxfp818gdn_mxfp8_top_implEhthhPA128_K7ap_uintILi8EEPA4_S2_S4_S6_S4_S6_P_1069_address0  |  out|    5|   ap_memory|  p_ZZN9gdn_mxfp818gdn_mxfp8_top_implEhthhPA128_K7ap_uintILi8EEPA4_S2_S4_S6_S4_S6_P_1069|         array|
|p_ZZN9gdn_mxfp818gdn_mxfp8_top_implEhthhPA128_K7ap_uintILi8EEPA4_S2_S4_S6_S4_S6_P_1069_ce0       |  out|    1|   ap_memory|  p_ZZN9gdn_mxfp818gdn_mxfp8_top_implEhthhPA128_K7ap_uintILi8EEPA4_S2_S4_S6_S4_S6_P_1069|         array|
|p_ZZN9gdn_mxfp818gdn_mxfp8_top_implEhthhPA128_K7ap_uintILi8EEPA4_S2_S4_S6_S4_S6_P_1069_q0        |   in|   16|   ap_memory|  p_ZZN9gdn_mxfp818gdn_mxfp8_top_implEhthhPA128_K7ap_uintILi8EEPA4_S2_S4_S6_S4_S6_P_1069|         array|
|p_ZZN9gdn_mxfp818gdn_mxfp8_top_implEhthhPA128_K7ap_uintILi8EEPA4_S2_S4_S6_S4_S6_P_1070_address0  |  out|    5|   ap_memory|  p_ZZN9gdn_mxfp818gdn_mxfp8_top_implEhthhPA128_K7ap_uintILi8EEPA4_S2_S4_S6_S4_S6_P_1070|         array|
|p_ZZN9gdn_mxfp818gdn_mxfp8_top_implEhthhPA128_K7ap_uintILi8EEPA4_S2_S4_S6_S4_S6_P_1070_ce0       |  out|    1|   ap_memory|  p_ZZN9gdn_mxfp818gdn_mxfp8_top_implEhthhPA128_K7ap_uintILi8EEPA4_S2_S4_S6_S4_S6_P_1070|         array|
|p_ZZN9gdn_mxfp818gdn_mxfp8_top_implEhthhPA128_K7ap_uintILi8EEPA4_S2_S4_S6_S4_S6_P_1070_q0        |   in|   16|   ap_memory|  p_ZZN9gdn_mxfp818gdn_mxfp8_top_implEhthhPA128_K7ap_uintILi8EEPA4_S2_S4_S6_S4_S6_P_1070|         array|
|p_ZZN9gdn_mxfp818gdn_mxfp8_top_implEhthhPA128_K7ap_uintILi8EEPA4_S2_S4_S6_S4_S6_P_1071_address0  |  out|    5|   ap_memory|  p_ZZN9gdn_mxfp818gdn_mxfp8_top_implEhthhPA128_K7ap_uintILi8EEPA4_S2_S4_S6_S4_S6_P_1071|         array|
|p_ZZN9gdn_mxfp818gdn_mxfp8_top_implEhthhPA128_K7ap_uintILi8EEPA4_S2_S4_S6_S4_S6_P_1071_ce0       |  out|    1|   ap_memory|  p_ZZN9gdn_mxfp818gdn_mxfp8_top_implEhthhPA128_K7ap_uintILi8EEPA4_S2_S4_S6_S4_S6_P_1071|         array|
|p_ZZN9gdn_mxfp818gdn_mxfp8_top_implEhthhPA128_K7ap_uintILi8EEPA4_S2_S4_S6_S4_S6_P_1071_q0        |   in|   16|   ap_memory|  p_ZZN9gdn_mxfp818gdn_mxfp8_top_implEhthhPA128_K7ap_uintILi8EEPA4_S2_S4_S6_S4_S6_P_1071|         array|
|p_ZZN9gdn_mxfp818gdn_mxfp8_top_implEhthhPA128_K7ap_uintILi8EEPA4_S2_S4_S6_S4_S6_P_1072_address0  |  out|    5|   ap_memory|  p_ZZN9gdn_mxfp818gdn_mxfp8_top_implEhthhPA128_K7ap_uintILi8EEPA4_S2_S4_S6_S4_S6_P_1072|         array|
|p_ZZN9gdn_mxfp818gdn_mxfp8_top_implEhthhPA128_K7ap_uintILi8EEPA4_S2_S4_S6_S4_S6_P_1072_ce0       |  out|    1|   ap_memory|  p_ZZN9gdn_mxfp818gdn_mxfp8_top_implEhthhPA128_K7ap_uintILi8EEPA4_S2_S4_S6_S4_S6_P_1072|         array|
|p_ZZN9gdn_mxfp818gdn_mxfp8_top_implEhthhPA128_K7ap_uintILi8EEPA4_S2_S4_S6_S4_S6_P_1072_q0        |   in|   16|   ap_memory|  p_ZZN9gdn_mxfp818gdn_mxfp8_top_implEhthhPA128_K7ap_uintILi8EEPA4_S2_S4_S6_S4_S6_P_1072|         array|
|p_ZZN9gdn_mxfp818gdn_mxfp8_top_implEhthhPA128_K7ap_uintILi8EEPA4_S2_S4_S6_S4_S6_P_1073_address0  |  out|    5|   ap_memory|  p_ZZN9gdn_mxfp818gdn_mxfp8_top_implEhthhPA128_K7ap_uintILi8EEPA4_S2_S4_S6_S4_S6_P_1073|         array|
|p_ZZN9gdn_mxfp818gdn_mxfp8_top_implEhthhPA128_K7ap_uintILi8EEPA4_S2_S4_S6_S4_S6_P_1073_ce0       |  out|    1|   ap_memory|  p_ZZN9gdn_mxfp818gdn_mxfp8_top_implEhthhPA128_K7ap_uintILi8EEPA4_S2_S4_S6_S4_S6_P_1073|         array|
|p_ZZN9gdn_mxfp818gdn_mxfp8_top_implEhthhPA128_K7ap_uintILi8EEPA4_S2_S4_S6_S4_S6_P_1073_q0        |   in|   16|   ap_memory|  p_ZZN9gdn_mxfp818gdn_mxfp8_top_implEhthhPA128_K7ap_uintILi8EEPA4_S2_S4_S6_S4_S6_P_1073|         array|
|p_ZZN9gdn_mxfp818gdn_mxfp8_top_implEhthhPA128_K7ap_uintILi8EEPA4_S2_S4_S6_S4_S6_P_1074_address0  |  out|    5|   ap_memory|  p_ZZN9gdn_mxfp818gdn_mxfp8_top_implEhthhPA128_K7ap_uintILi8EEPA4_S2_S4_S6_S4_S6_P_1074|         array|
|p_ZZN9gdn_mxfp818gdn_mxfp8_top_implEhthhPA128_K7ap_uintILi8EEPA4_S2_S4_S6_S4_S6_P_1074_ce0       |  out|    1|   ap_memory|  p_ZZN9gdn_mxfp818gdn_mxfp8_top_implEhthhPA128_K7ap_uintILi8EEPA4_S2_S4_S6_S4_S6_P_1074|         array|
|p_ZZN9gdn_mxfp818gdn_mxfp8_top_implEhthhPA128_K7ap_uintILi8EEPA4_S2_S4_S6_S4_S6_P_1074_q0        |   in|   16|   ap_memory|  p_ZZN9gdn_mxfp818gdn_mxfp8_top_implEhthhPA128_K7ap_uintILi8EEPA4_S2_S4_S6_S4_S6_P_1074|         array|
|p_ZZN9gdn_mxfp818gdn_mxfp8_top_implEhthhPA128_K7ap_uintILi8EEPA4_S2_S4_S6_S4_S6_P_1075_address0  |  out|    5|   ap_memory|  p_ZZN9gdn_mxfp818gdn_mxfp8_top_implEhthhPA128_K7ap_uintILi8EEPA4_S2_S4_S6_S4_S6_P_1075|         array|
|p_ZZN9gdn_mxfp818gdn_mxfp8_top_implEhthhPA128_K7ap_uintILi8EEPA4_S2_S4_S6_S4_S6_P_1075_ce0       |  out|    1|   ap_memory|  p_ZZN9gdn_mxfp818gdn_mxfp8_top_implEhthhPA128_K7ap_uintILi8EEPA4_S2_S4_S6_S4_S6_P_1075|         array|
|p_ZZN9gdn_mxfp818gdn_mxfp8_top_implEhthhPA128_K7ap_uintILi8EEPA4_S2_S4_S6_S4_S6_P_1075_q0        |   in|   16|   ap_memory|  p_ZZN9gdn_mxfp818gdn_mxfp8_top_implEhthhPA128_K7ap_uintILi8EEPA4_S2_S4_S6_S4_S6_P_1075|         array|
|p_ZZN9gdn_mxfp818gdn_mxfp8_top_implEhthhPA128_K7ap_uintILi8EEPA4_S2_S4_S6_S4_S6_P_1076_address0  |  out|    5|   ap_memory|  p_ZZN9gdn_mxfp818gdn_mxfp8_top_implEhthhPA128_K7ap_uintILi8EEPA4_S2_S4_S6_S4_S6_P_1076|         array|
|p_ZZN9gdn_mxfp818gdn_mxfp8_top_implEhthhPA128_K7ap_uintILi8EEPA4_S2_S4_S6_S4_S6_P_1076_ce0       |  out|    1|   ap_memory|  p_ZZN9gdn_mxfp818gdn_mxfp8_top_implEhthhPA128_K7ap_uintILi8EEPA4_S2_S4_S6_S4_S6_P_1076|         array|
|p_ZZN9gdn_mxfp818gdn_mxfp8_top_implEhthhPA128_K7ap_uintILi8EEPA4_S2_S4_S6_S4_S6_P_1076_q0        |   in|   16|   ap_memory|  p_ZZN9gdn_mxfp818gdn_mxfp8_top_implEhthhPA128_K7ap_uintILi8EEPA4_S2_S4_S6_S4_S6_P_1076|         array|
|p_ZZN9gdn_mxfp818gdn_mxfp8_top_implEhthhPA128_K7ap_uintILi8EEPA4_S2_S4_S6_S4_S6_P_1077_address0  |  out|    5|   ap_memory|  p_ZZN9gdn_mxfp818gdn_mxfp8_top_implEhthhPA128_K7ap_uintILi8EEPA4_S2_S4_S6_S4_S6_P_1077|         array|
|p_ZZN9gdn_mxfp818gdn_mxfp8_top_implEhthhPA128_K7ap_uintILi8EEPA4_S2_S4_S6_S4_S6_P_1077_ce0       |  out|    1|   ap_memory|  p_ZZN9gdn_mxfp818gdn_mxfp8_top_implEhthhPA128_K7ap_uintILi8EEPA4_S2_S4_S6_S4_S6_P_1077|         array|
|p_ZZN9gdn_mxfp818gdn_mxfp8_top_implEhthhPA128_K7ap_uintILi8EEPA4_S2_S4_S6_S4_S6_P_1077_q0        |   in|   16|   ap_memory|  p_ZZN9gdn_mxfp818gdn_mxfp8_top_implEhthhPA128_K7ap_uintILi8EEPA4_S2_S4_S6_S4_S6_P_1077|         array|
|p_ZZN9gdn_mxfp818gdn_mxfp8_top_implEhthhPA128_K7ap_uintILi8EEPA4_S2_S4_S6_S4_S6_P_1078_address0  |  out|    5|   ap_memory|  p_ZZN9gdn_mxfp818gdn_mxfp8_top_implEhthhPA128_K7ap_uintILi8EEPA4_S2_S4_S6_S4_S6_P_1078|         array|
|p_ZZN9gdn_mxfp818gdn_mxfp8_top_implEhthhPA128_K7ap_uintILi8EEPA4_S2_S4_S6_S4_S6_P_1078_ce0       |  out|    1|   ap_memory|  p_ZZN9gdn_mxfp818gdn_mxfp8_top_implEhthhPA128_K7ap_uintILi8EEPA4_S2_S4_S6_S4_S6_P_1078|         array|
|p_ZZN9gdn_mxfp818gdn_mxfp8_top_implEhthhPA128_K7ap_uintILi8EEPA4_S2_S4_S6_S4_S6_P_1078_q0        |   in|   16|   ap_memory|  p_ZZN9gdn_mxfp818gdn_mxfp8_top_implEhthhPA128_K7ap_uintILi8EEPA4_S2_S4_S6_S4_S6_P_1078|         array|
|p_ZZN9gdn_mxfp818gdn_mxfp8_top_implEhthhPA128_K7ap_uintILi8EEPA4_S2_S4_S6_S4_S6_P_1079_address0  |  out|    5|   ap_memory|  p_ZZN9gdn_mxfp818gdn_mxfp8_top_implEhthhPA128_K7ap_uintILi8EEPA4_S2_S4_S6_S4_S6_P_1079|         array|
|p_ZZN9gdn_mxfp818gdn_mxfp8_top_implEhthhPA128_K7ap_uintILi8EEPA4_S2_S4_S6_S4_S6_P_1079_ce0       |  out|    1|   ap_memory|  p_ZZN9gdn_mxfp818gdn_mxfp8_top_implEhthhPA128_K7ap_uintILi8EEPA4_S2_S4_S6_S4_S6_P_1079|         array|
|p_ZZN9gdn_mxfp818gdn_mxfp8_top_implEhthhPA128_K7ap_uintILi8EEPA4_S2_S4_S6_S4_S6_P_1079_q0        |   in|   16|   ap_memory|  p_ZZN9gdn_mxfp818gdn_mxfp8_top_implEhthhPA128_K7ap_uintILi8EEPA4_S2_S4_S6_S4_S6_P_1079|         array|
|p_ZZN9gdn_mxfp818gdn_mxfp8_top_implEhthhPA128_K7ap_uintILi8EEPA4_S2_S4_S6_S4_S6_P_1080_address0  |  out|    5|   ap_memory|  p_ZZN9gdn_mxfp818gdn_mxfp8_top_implEhthhPA128_K7ap_uintILi8EEPA4_S2_S4_S6_S4_S6_P_1080|         array|
|p_ZZN9gdn_mxfp818gdn_mxfp8_top_implEhthhPA128_K7ap_uintILi8EEPA4_S2_S4_S6_S4_S6_P_1080_ce0       |  out|    1|   ap_memory|  p_ZZN9gdn_mxfp818gdn_mxfp8_top_implEhthhPA128_K7ap_uintILi8EEPA4_S2_S4_S6_S4_S6_P_1080|         array|
|p_ZZN9gdn_mxfp818gdn_mxfp8_top_implEhthhPA128_K7ap_uintILi8EEPA4_S2_S4_S6_S4_S6_P_1080_q0        |   in|   16|   ap_memory|  p_ZZN9gdn_mxfp818gdn_mxfp8_top_implEhthhPA128_K7ap_uintILi8EEPA4_S2_S4_S6_S4_S6_P_1080|         array|
|p_ZZN9gdn_mxfp818gdn_mxfp8_top_implEhthhPA128_K7ap_uintILi8EEPA4_S2_S4_S6_S4_S6_P_1081_address0  |  out|    5|   ap_memory|  p_ZZN9gdn_mxfp818gdn_mxfp8_top_implEhthhPA128_K7ap_uintILi8EEPA4_S2_S4_S6_S4_S6_P_1081|         array|
|p_ZZN9gdn_mxfp818gdn_mxfp8_top_implEhthhPA128_K7ap_uintILi8EEPA4_S2_S4_S6_S4_S6_P_1081_ce0       |  out|    1|   ap_memory|  p_ZZN9gdn_mxfp818gdn_mxfp8_top_implEhthhPA128_K7ap_uintILi8EEPA4_S2_S4_S6_S4_S6_P_1081|         array|
|p_ZZN9gdn_mxfp818gdn_mxfp8_top_implEhthhPA128_K7ap_uintILi8EEPA4_S2_S4_S6_S4_S6_P_1081_q0        |   in|   16|   ap_memory|  p_ZZN9gdn_mxfp818gdn_mxfp8_top_implEhthhPA128_K7ap_uintILi8EEPA4_S2_S4_S6_S4_S6_P_1081|         array|
|p_ZZN9gdn_mxfp818gdn_mxfp8_top_implEhthhPA128_K7ap_uintILi8EEPA4_S2_S4_S6_S4_S6_P_1082_address0  |  out|    5|   ap_memory|  p_ZZN9gdn_mxfp818gdn_mxfp8_top_implEhthhPA128_K7ap_uintILi8EEPA4_S2_S4_S6_S4_S6_P_1082|         array|
|p_ZZN9gdn_mxfp818gdn_mxfp8_top_implEhthhPA128_K7ap_uintILi8EEPA4_S2_S4_S6_S4_S6_P_1082_ce0       |  out|    1|   ap_memory|  p_ZZN9gdn_mxfp818gdn_mxfp8_top_implEhthhPA128_K7ap_uintILi8EEPA4_S2_S4_S6_S4_S6_P_1082|         array|
|p_ZZN9gdn_mxfp818gdn_mxfp8_top_implEhthhPA128_K7ap_uintILi8EEPA4_S2_S4_S6_S4_S6_P_1082_q0        |   in|   16|   ap_memory|  p_ZZN9gdn_mxfp818gdn_mxfp8_top_implEhthhPA128_K7ap_uintILi8EEPA4_S2_S4_S6_S4_S6_P_1082|         array|
|p_ZZN9gdn_mxfp818gdn_mxfp8_top_implEhthhPA128_K7ap_uintILi8EEPA4_S2_S4_S6_S4_S6_P_1083_address0  |  out|    5|   ap_memory|  p_ZZN9gdn_mxfp818gdn_mxfp8_top_implEhthhPA128_K7ap_uintILi8EEPA4_S2_S4_S6_S4_S6_P_1083|         array|
|p_ZZN9gdn_mxfp818gdn_mxfp8_top_implEhthhPA128_K7ap_uintILi8EEPA4_S2_S4_S6_S4_S6_P_1083_ce0       |  out|    1|   ap_memory|  p_ZZN9gdn_mxfp818gdn_mxfp8_top_implEhthhPA128_K7ap_uintILi8EEPA4_S2_S4_S6_S4_S6_P_1083|         array|
|p_ZZN9gdn_mxfp818gdn_mxfp8_top_implEhthhPA128_K7ap_uintILi8EEPA4_S2_S4_S6_S4_S6_P_1083_q0        |   in|   16|   ap_memory|  p_ZZN9gdn_mxfp818gdn_mxfp8_top_implEhthhPA128_K7ap_uintILi8EEPA4_S2_S4_S6_S4_S6_P_1083|         array|
|p_ZZN9gdn_mxfp818gdn_mxfp8_top_implEhthhPA128_K7ap_uintILi8EEPA4_S2_S4_S6_S4_S6_P_1084_address0  |  out|    5|   ap_memory|  p_ZZN9gdn_mxfp818gdn_mxfp8_top_implEhthhPA128_K7ap_uintILi8EEPA4_S2_S4_S6_S4_S6_P_1084|         array|
|p_ZZN9gdn_mxfp818gdn_mxfp8_top_implEhthhPA128_K7ap_uintILi8EEPA4_S2_S4_S6_S4_S6_P_1084_ce0       |  out|    1|   ap_memory|  p_ZZN9gdn_mxfp818gdn_mxfp8_top_implEhthhPA128_K7ap_uintILi8EEPA4_S2_S4_S6_S4_S6_P_1084|         array|
|p_ZZN9gdn_mxfp818gdn_mxfp8_top_implEhthhPA128_K7ap_uintILi8EEPA4_S2_S4_S6_S4_S6_P_1084_q0        |   in|   16|   ap_memory|  p_ZZN9gdn_mxfp818gdn_mxfp8_top_implEhthhPA128_K7ap_uintILi8EEPA4_S2_S4_S6_S4_S6_P_1084|         array|
|p_ZZN9gdn_mxfp818gdn_mxfp8_top_implEhthhPA128_K7ap_uintILi8EEPA4_S2_S4_S6_S4_S6_P_1085_address0  |  out|    5|   ap_memory|  p_ZZN9gdn_mxfp818gdn_mxfp8_top_implEhthhPA128_K7ap_uintILi8EEPA4_S2_S4_S6_S4_S6_P_1085|         array|
|p_ZZN9gdn_mxfp818gdn_mxfp8_top_implEhthhPA128_K7ap_uintILi8EEPA4_S2_S4_S6_S4_S6_P_1085_ce0       |  out|    1|   ap_memory|  p_ZZN9gdn_mxfp818gdn_mxfp8_top_implEhthhPA128_K7ap_uintILi8EEPA4_S2_S4_S6_S4_S6_P_1085|         array|
|p_ZZN9gdn_mxfp818gdn_mxfp8_top_implEhthhPA128_K7ap_uintILi8EEPA4_S2_S4_S6_S4_S6_P_1085_q0        |   in|   16|   ap_memory|  p_ZZN9gdn_mxfp818gdn_mxfp8_top_implEhthhPA128_K7ap_uintILi8EEPA4_S2_S4_S6_S4_S6_P_1085|         array|
|p_ZZN9gdn_mxfp818gdn_mxfp8_top_implEhthhPA128_K7ap_uintILi8EEPA4_S2_S4_S6_S4_S6_P_1086_address0  |  out|    5|   ap_memory|  p_ZZN9gdn_mxfp818gdn_mxfp8_top_implEhthhPA128_K7ap_uintILi8EEPA4_S2_S4_S6_S4_S6_P_1086|         array|
|p_ZZN9gdn_mxfp818gdn_mxfp8_top_implEhthhPA128_K7ap_uintILi8EEPA4_S2_S4_S6_S4_S6_P_1086_ce0       |  out|    1|   ap_memory|  p_ZZN9gdn_mxfp818gdn_mxfp8_top_implEhthhPA128_K7ap_uintILi8EEPA4_S2_S4_S6_S4_S6_P_1086|         array|
|p_ZZN9gdn_mxfp818gdn_mxfp8_top_implEhthhPA128_K7ap_uintILi8EEPA4_S2_S4_S6_S4_S6_P_1086_q0        |   in|   16|   ap_memory|  p_ZZN9gdn_mxfp818gdn_mxfp8_top_implEhthhPA128_K7ap_uintILi8EEPA4_S2_S4_S6_S4_S6_P_1086|         array|
|p_ZZN9gdn_mxfp818gdn_mxfp8_top_implEhthhPA128_K7ap_uintILi8EEPA4_S2_S4_S6_S4_S6_P_1087_address0  |  out|    5|   ap_memory|  p_ZZN9gdn_mxfp818gdn_mxfp8_top_implEhthhPA128_K7ap_uintILi8EEPA4_S2_S4_S6_S4_S6_P_1087|         array|
|p_ZZN9gdn_mxfp818gdn_mxfp8_top_implEhthhPA128_K7ap_uintILi8EEPA4_S2_S4_S6_S4_S6_P_1087_ce0       |  out|    1|   ap_memory|  p_ZZN9gdn_mxfp818gdn_mxfp8_top_implEhthhPA128_K7ap_uintILi8EEPA4_S2_S4_S6_S4_S6_P_1087|         array|
|p_ZZN9gdn_mxfp818gdn_mxfp8_top_implEhthhPA128_K7ap_uintILi8EEPA4_S2_S4_S6_S4_S6_P_1087_q0        |   in|   16|   ap_memory|  p_ZZN9gdn_mxfp818gdn_mxfp8_top_implEhthhPA128_K7ap_uintILi8EEPA4_S2_S4_S6_S4_S6_P_1087|         array|
|p_ZZN9gdn_mxfp818gdn_mxfp8_top_implEhthhPA128_K7ap_uintILi8EEPA4_S2_S4_S6_S4_S6_P_1088_address0  |  out|    5|   ap_memory|  p_ZZN9gdn_mxfp818gdn_mxfp8_top_implEhthhPA128_K7ap_uintILi8EEPA4_S2_S4_S6_S4_S6_P_1088|         array|
|p_ZZN9gdn_mxfp818gdn_mxfp8_top_implEhthhPA128_K7ap_uintILi8EEPA4_S2_S4_S6_S4_S6_P_1088_ce0       |  out|    1|   ap_memory|  p_ZZN9gdn_mxfp818gdn_mxfp8_top_implEhthhPA128_K7ap_uintILi8EEPA4_S2_S4_S6_S4_S6_P_1088|         array|
|p_ZZN9gdn_mxfp818gdn_mxfp8_top_implEhthhPA128_K7ap_uintILi8EEPA4_S2_S4_S6_S4_S6_P_1088_q0        |   in|   16|   ap_memory|  p_ZZN9gdn_mxfp818gdn_mxfp8_top_implEhthhPA128_K7ap_uintILi8EEPA4_S2_S4_S6_S4_S6_P_1088|         array|
|p_ZZN9gdn_mxfp818gdn_mxfp8_top_implEhthhPA128_K7ap_uintILi8EEPA4_S2_S4_S6_S4_S6_P_1089_address0  |  out|    5|   ap_memory|  p_ZZN9gdn_mxfp818gdn_mxfp8_top_implEhthhPA128_K7ap_uintILi8EEPA4_S2_S4_S6_S4_S6_P_1089|         array|
|p_ZZN9gdn_mxfp818gdn_mxfp8_top_implEhthhPA128_K7ap_uintILi8EEPA4_S2_S4_S6_S4_S6_P_1089_ce0       |  out|    1|   ap_memory|  p_ZZN9gdn_mxfp818gdn_mxfp8_top_implEhthhPA128_K7ap_uintILi8EEPA4_S2_S4_S6_S4_S6_P_1089|         array|
|p_ZZN9gdn_mxfp818gdn_mxfp8_top_implEhthhPA128_K7ap_uintILi8EEPA4_S2_S4_S6_S4_S6_P_1089_q0        |   in|   16|   ap_memory|  p_ZZN9gdn_mxfp818gdn_mxfp8_top_implEhthhPA128_K7ap_uintILi8EEPA4_S2_S4_S6_S4_S6_P_1089|         array|
|p_ZZN9gdn_mxfp818gdn_mxfp8_top_implEhthhPA128_K7ap_uintILi8EEPA4_S2_S4_S6_S4_S6_P_1090_address0  |  out|    5|   ap_memory|  p_ZZN9gdn_mxfp818gdn_mxfp8_top_implEhthhPA128_K7ap_uintILi8EEPA4_S2_S4_S6_S4_S6_P_1090|         array|
|p_ZZN9gdn_mxfp818gdn_mxfp8_top_implEhthhPA128_K7ap_uintILi8EEPA4_S2_S4_S6_S4_S6_P_1090_ce0       |  out|    1|   ap_memory|  p_ZZN9gdn_mxfp818gdn_mxfp8_top_implEhthhPA128_K7ap_uintILi8EEPA4_S2_S4_S6_S4_S6_P_1090|         array|
|p_ZZN9gdn_mxfp818gdn_mxfp8_top_implEhthhPA128_K7ap_uintILi8EEPA4_S2_S4_S6_S4_S6_P_1090_q0        |   in|   16|   ap_memory|  p_ZZN9gdn_mxfp818gdn_mxfp8_top_implEhthhPA128_K7ap_uintILi8EEPA4_S2_S4_S6_S4_S6_P_1090|         array|
|p_ZZN9gdn_mxfp818gdn_mxfp8_top_implEhthhPA128_K7ap_uintILi8EEPA4_S2_S4_S6_S4_S6_P_979_address0   |  out|    5|   ap_memory|   p_ZZN9gdn_mxfp818gdn_mxfp8_top_implEhthhPA128_K7ap_uintILi8EEPA4_S2_S4_S6_S4_S6_P_979|         array|
|p_ZZN9gdn_mxfp818gdn_mxfp8_top_implEhthhPA128_K7ap_uintILi8EEPA4_S2_S4_S6_S4_S6_P_979_ce0        |  out|    1|   ap_memory|   p_ZZN9gdn_mxfp818gdn_mxfp8_top_implEhthhPA128_K7ap_uintILi8EEPA4_S2_S4_S6_S4_S6_P_979|         array|
|p_ZZN9gdn_mxfp818gdn_mxfp8_top_implEhthhPA128_K7ap_uintILi8EEPA4_S2_S4_S6_S4_S6_P_979_q0         |   in|   16|   ap_memory|   p_ZZN9gdn_mxfp818gdn_mxfp8_top_implEhthhPA128_K7ap_uintILi8EEPA4_S2_S4_S6_S4_S6_P_979|         array|
|p_ZZN9gdn_mxfp818gdn_mxfp8_top_implEhthhPA128_K7ap_uintILi8EEPA4_S2_S4_S6_S4_S6_P_980_address0   |  out|    5|   ap_memory|   p_ZZN9gdn_mxfp818gdn_mxfp8_top_implEhthhPA128_K7ap_uintILi8EEPA4_S2_S4_S6_S4_S6_P_980|         array|
|p_ZZN9gdn_mxfp818gdn_mxfp8_top_implEhthhPA128_K7ap_uintILi8EEPA4_S2_S4_S6_S4_S6_P_980_ce0        |  out|    1|   ap_memory|   p_ZZN9gdn_mxfp818gdn_mxfp8_top_implEhthhPA128_K7ap_uintILi8EEPA4_S2_S4_S6_S4_S6_P_980|         array|
|p_ZZN9gdn_mxfp818gdn_mxfp8_top_implEhthhPA128_K7ap_uintILi8EEPA4_S2_S4_S6_S4_S6_P_980_q0         |   in|   16|   ap_memory|   p_ZZN9gdn_mxfp818gdn_mxfp8_top_implEhthhPA128_K7ap_uintILi8EEPA4_S2_S4_S6_S4_S6_P_980|         array|
|p_ZZN9gdn_mxfp818gdn_mxfp8_top_implEhthhPA128_K7ap_uintILi8EEPA4_S2_S4_S6_S4_S6_P_981_address0   |  out|    5|   ap_memory|   p_ZZN9gdn_mxfp818gdn_mxfp8_top_implEhthhPA128_K7ap_uintILi8EEPA4_S2_S4_S6_S4_S6_P_981|         array|
|p_ZZN9gdn_mxfp818gdn_mxfp8_top_implEhthhPA128_K7ap_uintILi8EEPA4_S2_S4_S6_S4_S6_P_981_ce0        |  out|    1|   ap_memory|   p_ZZN9gdn_mxfp818gdn_mxfp8_top_implEhthhPA128_K7ap_uintILi8EEPA4_S2_S4_S6_S4_S6_P_981|         array|
|p_ZZN9gdn_mxfp818gdn_mxfp8_top_implEhthhPA128_K7ap_uintILi8EEPA4_S2_S4_S6_S4_S6_P_981_q0         |   in|   16|   ap_memory|   p_ZZN9gdn_mxfp818gdn_mxfp8_top_implEhthhPA128_K7ap_uintILi8EEPA4_S2_S4_S6_S4_S6_P_981|         array|
|p_ZZN9gdn_mxfp818gdn_mxfp8_top_implEhthhPA128_K7ap_uintILi8EEPA4_S2_S4_S6_S4_S6_P_982_address0   |  out|    5|   ap_memory|   p_ZZN9gdn_mxfp818gdn_mxfp8_top_implEhthhPA128_K7ap_uintILi8EEPA4_S2_S4_S6_S4_S6_P_982|         array|
|p_ZZN9gdn_mxfp818gdn_mxfp8_top_implEhthhPA128_K7ap_uintILi8EEPA4_S2_S4_S6_S4_S6_P_982_ce0        |  out|    1|   ap_memory|   p_ZZN9gdn_mxfp818gdn_mxfp8_top_implEhthhPA128_K7ap_uintILi8EEPA4_S2_S4_S6_S4_S6_P_982|         array|
|p_ZZN9gdn_mxfp818gdn_mxfp8_top_implEhthhPA128_K7ap_uintILi8EEPA4_S2_S4_S6_S4_S6_P_982_q0         |   in|   16|   ap_memory|   p_ZZN9gdn_mxfp818gdn_mxfp8_top_implEhthhPA128_K7ap_uintILi8EEPA4_S2_S4_S6_S4_S6_P_982|         array|
|p_ZZN9gdn_mxfp818gdn_mxfp8_top_implEhthhPA128_K7ap_uintILi8EEPA4_S2_S4_S6_S4_S6_P_983_address0   |  out|    5|   ap_memory|   p_ZZN9gdn_mxfp818gdn_mxfp8_top_implEhthhPA128_K7ap_uintILi8EEPA4_S2_S4_S6_S4_S6_P_983|         array|
|p_ZZN9gdn_mxfp818gdn_mxfp8_top_implEhthhPA128_K7ap_uintILi8EEPA4_S2_S4_S6_S4_S6_P_983_ce0        |  out|    1|   ap_memory|   p_ZZN9gdn_mxfp818gdn_mxfp8_top_implEhthhPA128_K7ap_uintILi8EEPA4_S2_S4_S6_S4_S6_P_983|         array|
|p_ZZN9gdn_mxfp818gdn_mxfp8_top_implEhthhPA128_K7ap_uintILi8EEPA4_S2_S4_S6_S4_S6_P_983_q0         |   in|   16|   ap_memory|   p_ZZN9gdn_mxfp818gdn_mxfp8_top_implEhthhPA128_K7ap_uintILi8EEPA4_S2_S4_S6_S4_S6_P_983|         array|
|p_ZZN9gdn_mxfp818gdn_mxfp8_top_implEhthhPA128_K7ap_uintILi8EEPA4_S2_S4_S6_S4_S6_P_984_address0   |  out|    5|   ap_memory|   p_ZZN9gdn_mxfp818gdn_mxfp8_top_implEhthhPA128_K7ap_uintILi8EEPA4_S2_S4_S6_S4_S6_P_984|         array|
|p_ZZN9gdn_mxfp818gdn_mxfp8_top_implEhthhPA128_K7ap_uintILi8EEPA4_S2_S4_S6_S4_S6_P_984_ce0        |  out|    1|   ap_memory|   p_ZZN9gdn_mxfp818gdn_mxfp8_top_implEhthhPA128_K7ap_uintILi8EEPA4_S2_S4_S6_S4_S6_P_984|         array|
|p_ZZN9gdn_mxfp818gdn_mxfp8_top_implEhthhPA128_K7ap_uintILi8EEPA4_S2_S4_S6_S4_S6_P_984_q0         |   in|   16|   ap_memory|   p_ZZN9gdn_mxfp818gdn_mxfp8_top_implEhthhPA128_K7ap_uintILi8EEPA4_S2_S4_S6_S4_S6_P_984|         array|
|p_ZZN9gdn_mxfp818gdn_mxfp8_top_implEhthhPA128_K7ap_uintILi8EEPA4_S2_S4_S6_S4_S6_P_985_address0   |  out|    5|   ap_memory|   p_ZZN9gdn_mxfp818gdn_mxfp8_top_implEhthhPA128_K7ap_uintILi8EEPA4_S2_S4_S6_S4_S6_P_985|         array|
|p_ZZN9gdn_mxfp818gdn_mxfp8_top_implEhthhPA128_K7ap_uintILi8EEPA4_S2_S4_S6_S4_S6_P_985_ce0        |  out|    1|   ap_memory|   p_ZZN9gdn_mxfp818gdn_mxfp8_top_implEhthhPA128_K7ap_uintILi8EEPA4_S2_S4_S6_S4_S6_P_985|         array|
|p_ZZN9gdn_mxfp818gdn_mxfp8_top_implEhthhPA128_K7ap_uintILi8EEPA4_S2_S4_S6_S4_S6_P_985_q0         |   in|   16|   ap_memory|   p_ZZN9gdn_mxfp818gdn_mxfp8_top_implEhthhPA128_K7ap_uintILi8EEPA4_S2_S4_S6_S4_S6_P_985|         array|
|p_ZZN9gdn_mxfp818gdn_mxfp8_top_implEhthhPA128_K7ap_uintILi8EEPA4_S2_S4_S6_S4_S6_P_986_address0   |  out|    5|   ap_memory|   p_ZZN9gdn_mxfp818gdn_mxfp8_top_implEhthhPA128_K7ap_uintILi8EEPA4_S2_S4_S6_S4_S6_P_986|         array|
|p_ZZN9gdn_mxfp818gdn_mxfp8_top_implEhthhPA128_K7ap_uintILi8EEPA4_S2_S4_S6_S4_S6_P_986_ce0        |  out|    1|   ap_memory|   p_ZZN9gdn_mxfp818gdn_mxfp8_top_implEhthhPA128_K7ap_uintILi8EEPA4_S2_S4_S6_S4_S6_P_986|         array|
|p_ZZN9gdn_mxfp818gdn_mxfp8_top_implEhthhPA128_K7ap_uintILi8EEPA4_S2_S4_S6_S4_S6_P_986_q0         |   in|   16|   ap_memory|   p_ZZN9gdn_mxfp818gdn_mxfp8_top_implEhthhPA128_K7ap_uintILi8EEPA4_S2_S4_S6_S4_S6_P_986|         array|
|p_ZZN9gdn_mxfp818gdn_mxfp8_top_implEhthhPA128_K7ap_uintILi8EEPA4_S2_S4_S6_S4_S6_P_987_address0   |  out|    5|   ap_memory|   p_ZZN9gdn_mxfp818gdn_mxfp8_top_implEhthhPA128_K7ap_uintILi8EEPA4_S2_S4_S6_S4_S6_P_987|         array|
|p_ZZN9gdn_mxfp818gdn_mxfp8_top_implEhthhPA128_K7ap_uintILi8EEPA4_S2_S4_S6_S4_S6_P_987_ce0        |  out|    1|   ap_memory|   p_ZZN9gdn_mxfp818gdn_mxfp8_top_implEhthhPA128_K7ap_uintILi8EEPA4_S2_S4_S6_S4_S6_P_987|         array|
|p_ZZN9gdn_mxfp818gdn_mxfp8_top_implEhthhPA128_K7ap_uintILi8EEPA4_S2_S4_S6_S4_S6_P_987_q0         |   in|   16|   ap_memory|   p_ZZN9gdn_mxfp818gdn_mxfp8_top_implEhthhPA128_K7ap_uintILi8EEPA4_S2_S4_S6_S4_S6_P_987|         array|
|p_ZZN9gdn_mxfp818gdn_mxfp8_top_implEhthhPA128_K7ap_uintILi8EEPA4_S2_S4_S6_S4_S6_P_988_address0   |  out|    5|   ap_memory|   p_ZZN9gdn_mxfp818gdn_mxfp8_top_implEhthhPA128_K7ap_uintILi8EEPA4_S2_S4_S6_S4_S6_P_988|         array|
|p_ZZN9gdn_mxfp818gdn_mxfp8_top_implEhthhPA128_K7ap_uintILi8EEPA4_S2_S4_S6_S4_S6_P_988_ce0        |  out|    1|   ap_memory|   p_ZZN9gdn_mxfp818gdn_mxfp8_top_implEhthhPA128_K7ap_uintILi8EEPA4_S2_S4_S6_S4_S6_P_988|         array|
|p_ZZN9gdn_mxfp818gdn_mxfp8_top_implEhthhPA128_K7ap_uintILi8EEPA4_S2_S4_S6_S4_S6_P_988_q0         |   in|   16|   ap_memory|   p_ZZN9gdn_mxfp818gdn_mxfp8_top_implEhthhPA128_K7ap_uintILi8EEPA4_S2_S4_S6_S4_S6_P_988|         array|
|p_ZZN9gdn_mxfp818gdn_mxfp8_top_implEhthhPA128_K7ap_uintILi8EEPA4_S2_S4_S6_S4_S6_P_989_address0   |  out|    5|   ap_memory|   p_ZZN9gdn_mxfp818gdn_mxfp8_top_implEhthhPA128_K7ap_uintILi8EEPA4_S2_S4_S6_S4_S6_P_989|         array|
|p_ZZN9gdn_mxfp818gdn_mxfp8_top_implEhthhPA128_K7ap_uintILi8EEPA4_S2_S4_S6_S4_S6_P_989_ce0        |  out|    1|   ap_memory|   p_ZZN9gdn_mxfp818gdn_mxfp8_top_implEhthhPA128_K7ap_uintILi8EEPA4_S2_S4_S6_S4_S6_P_989|         array|
|p_ZZN9gdn_mxfp818gdn_mxfp8_top_implEhthhPA128_K7ap_uintILi8EEPA4_S2_S4_S6_S4_S6_P_989_q0         |   in|   16|   ap_memory|   p_ZZN9gdn_mxfp818gdn_mxfp8_top_implEhthhPA128_K7ap_uintILi8EEPA4_S2_S4_S6_S4_S6_P_989|         array|
|p_ZZN9gdn_mxfp818gdn_mxfp8_top_implEhthhPA128_K7ap_uintILi8EEPA4_S2_S4_S6_S4_S6_P_990_address0   |  out|    5|   ap_memory|   p_ZZN9gdn_mxfp818gdn_mxfp8_top_implEhthhPA128_K7ap_uintILi8EEPA4_S2_S4_S6_S4_S6_P_990|         array|
|p_ZZN9gdn_mxfp818gdn_mxfp8_top_implEhthhPA128_K7ap_uintILi8EEPA4_S2_S4_S6_S4_S6_P_990_ce0        |  out|    1|   ap_memory|   p_ZZN9gdn_mxfp818gdn_mxfp8_top_implEhthhPA128_K7ap_uintILi8EEPA4_S2_S4_S6_S4_S6_P_990|         array|
|p_ZZN9gdn_mxfp818gdn_mxfp8_top_implEhthhPA128_K7ap_uintILi8EEPA4_S2_S4_S6_S4_S6_P_990_q0         |   in|   16|   ap_memory|   p_ZZN9gdn_mxfp818gdn_mxfp8_top_implEhthhPA128_K7ap_uintILi8EEPA4_S2_S4_S6_S4_S6_P_990|         array|
|p_ZZN9gdn_mxfp818gdn_mxfp8_top_implEhthhPA128_K7ap_uintILi8EEPA4_S2_S4_S6_S4_S6_P_991_address0   |  out|    5|   ap_memory|   p_ZZN9gdn_mxfp818gdn_mxfp8_top_implEhthhPA128_K7ap_uintILi8EEPA4_S2_S4_S6_S4_S6_P_991|         array|
|p_ZZN9gdn_mxfp818gdn_mxfp8_top_implEhthhPA128_K7ap_uintILi8EEPA4_S2_S4_S6_S4_S6_P_991_ce0        |  out|    1|   ap_memory|   p_ZZN9gdn_mxfp818gdn_mxfp8_top_implEhthhPA128_K7ap_uintILi8EEPA4_S2_S4_S6_S4_S6_P_991|         array|
|p_ZZN9gdn_mxfp818gdn_mxfp8_top_implEhthhPA128_K7ap_uintILi8EEPA4_S2_S4_S6_S4_S6_P_991_q0         |   in|   16|   ap_memory|   p_ZZN9gdn_mxfp818gdn_mxfp8_top_implEhthhPA128_K7ap_uintILi8EEPA4_S2_S4_S6_S4_S6_P_991|         array|
|p_ZZN9gdn_mxfp818gdn_mxfp8_top_implEhthhPA128_K7ap_uintILi8EEPA4_S2_S4_S6_S4_S6_P_992_address0   |  out|    5|   ap_memory|   p_ZZN9gdn_mxfp818gdn_mxfp8_top_implEhthhPA128_K7ap_uintILi8EEPA4_S2_S4_S6_S4_S6_P_992|         array|
|p_ZZN9gdn_mxfp818gdn_mxfp8_top_implEhthhPA128_K7ap_uintILi8EEPA4_S2_S4_S6_S4_S6_P_992_ce0        |  out|    1|   ap_memory|   p_ZZN9gdn_mxfp818gdn_mxfp8_top_implEhthhPA128_K7ap_uintILi8EEPA4_S2_S4_S6_S4_S6_P_992|         array|
|p_ZZN9gdn_mxfp818gdn_mxfp8_top_implEhthhPA128_K7ap_uintILi8EEPA4_S2_S4_S6_S4_S6_P_992_q0         |   in|   16|   ap_memory|   p_ZZN9gdn_mxfp818gdn_mxfp8_top_implEhthhPA128_K7ap_uintILi8EEPA4_S2_S4_S6_S4_S6_P_992|         array|
|p_ZZN9gdn_mxfp818gdn_mxfp8_top_implEhthhPA128_K7ap_uintILi8EEPA4_S2_S4_S6_S4_S6_P_993_address0   |  out|    5|   ap_memory|   p_ZZN9gdn_mxfp818gdn_mxfp8_top_implEhthhPA128_K7ap_uintILi8EEPA4_S2_S4_S6_S4_S6_P_993|         array|
|p_ZZN9gdn_mxfp818gdn_mxfp8_top_implEhthhPA128_K7ap_uintILi8EEPA4_S2_S4_S6_S4_S6_P_993_ce0        |  out|    1|   ap_memory|   p_ZZN9gdn_mxfp818gdn_mxfp8_top_implEhthhPA128_K7ap_uintILi8EEPA4_S2_S4_S6_S4_S6_P_993|         array|
|p_ZZN9gdn_mxfp818gdn_mxfp8_top_implEhthhPA128_K7ap_uintILi8EEPA4_S2_S4_S6_S4_S6_P_993_q0         |   in|   16|   ap_memory|   p_ZZN9gdn_mxfp818gdn_mxfp8_top_implEhthhPA128_K7ap_uintILi8EEPA4_S2_S4_S6_S4_S6_P_993|         array|
|p_ZZN9gdn_mxfp818gdn_mxfp8_top_implEhthhPA128_K7ap_uintILi8EEPA4_S2_S4_S6_S4_S6_P_994_address0   |  out|    5|   ap_memory|   p_ZZN9gdn_mxfp818gdn_mxfp8_top_implEhthhPA128_K7ap_uintILi8EEPA4_S2_S4_S6_S4_S6_P_994|         array|
|p_ZZN9gdn_mxfp818gdn_mxfp8_top_implEhthhPA128_K7ap_uintILi8EEPA4_S2_S4_S6_S4_S6_P_994_ce0        |  out|    1|   ap_memory|   p_ZZN9gdn_mxfp818gdn_mxfp8_top_implEhthhPA128_K7ap_uintILi8EEPA4_S2_S4_S6_S4_S6_P_994|         array|
|p_ZZN9gdn_mxfp818gdn_mxfp8_top_implEhthhPA128_K7ap_uintILi8EEPA4_S2_S4_S6_S4_S6_P_994_q0         |   in|   16|   ap_memory|   p_ZZN9gdn_mxfp818gdn_mxfp8_top_implEhthhPA128_K7ap_uintILi8EEPA4_S2_S4_S6_S4_S6_P_994|         array|
|gdn_mxfp8_top_impl_unsigned_char_unsigned_short_unsigned_char_unsigned_char_ap_u_15_address0     |  out|    5|   ap_memory|     gdn_mxfp8_top_impl_unsigned_char_unsigned_short_unsigned_char_unsigned_char_ap_u_15|         array|
|gdn_mxfp8_top_impl_unsigned_char_unsigned_short_unsigned_char_unsigned_char_ap_u_15_ce0          |  out|    1|   ap_memory|     gdn_mxfp8_top_impl_unsigned_char_unsigned_short_unsigned_char_unsigned_char_ap_u_15|         array|
|gdn_mxfp8_top_impl_unsigned_char_unsigned_short_unsigned_char_unsigned_char_ap_u_15_q0           |   in|   16|   ap_memory|     gdn_mxfp8_top_impl_unsigned_char_unsigned_short_unsigned_char_unsigned_char_ap_u_15|         array|
|gdn_mxfp8_top_impl_unsigned_char_unsigned_short_unsigned_char_unsigned_char_ap_u_14_address0     |  out|    5|   ap_memory|     gdn_mxfp8_top_impl_unsigned_char_unsigned_short_unsigned_char_unsigned_char_ap_u_14|         array|
|gdn_mxfp8_top_impl_unsigned_char_unsigned_short_unsigned_char_unsigned_char_ap_u_14_ce0          |  out|    1|   ap_memory|     gdn_mxfp8_top_impl_unsigned_char_unsigned_short_unsigned_char_unsigned_char_ap_u_14|         array|
|gdn_mxfp8_top_impl_unsigned_char_unsigned_short_unsigned_char_unsigned_char_ap_u_14_q0           |   in|   16|   ap_memory|     gdn_mxfp8_top_impl_unsigned_char_unsigned_short_unsigned_char_unsigned_char_ap_u_14|         array|
|gdn_mxfp8_top_impl_unsigned_char_unsigned_short_unsigned_char_unsigned_char_ap_u_13_address0     |  out|    5|   ap_memory|     gdn_mxfp8_top_impl_unsigned_char_unsigned_short_unsigned_char_unsigned_char_ap_u_13|         array|
|gdn_mxfp8_top_impl_unsigned_char_unsigned_short_unsigned_char_unsigned_char_ap_u_13_ce0          |  out|    1|   ap_memory|     gdn_mxfp8_top_impl_unsigned_char_unsigned_short_unsigned_char_unsigned_char_ap_u_13|         array|
|gdn_mxfp8_top_impl_unsigned_char_unsigned_short_unsigned_char_unsigned_char_ap_u_13_q0           |   in|   16|   ap_memory|     gdn_mxfp8_top_impl_unsigned_char_unsigned_short_unsigned_char_unsigned_char_ap_u_13|         array|
|gdn_mxfp8_top_impl_unsigned_char_unsigned_short_unsigned_char_unsigned_char_ap_u_12_address0     |  out|    5|   ap_memory|     gdn_mxfp8_top_impl_unsigned_char_unsigned_short_unsigned_char_unsigned_char_ap_u_12|         array|
|gdn_mxfp8_top_impl_unsigned_char_unsigned_short_unsigned_char_unsigned_char_ap_u_12_ce0          |  out|    1|   ap_memory|     gdn_mxfp8_top_impl_unsigned_char_unsigned_short_unsigned_char_unsigned_char_ap_u_12|         array|
|gdn_mxfp8_top_impl_unsigned_char_unsigned_short_unsigned_char_unsigned_char_ap_u_12_q0           |   in|   16|   ap_memory|     gdn_mxfp8_top_impl_unsigned_char_unsigned_short_unsigned_char_unsigned_char_ap_u_12|         array|
|gdn_mxfp8_top_impl_unsigned_char_unsigned_short_unsigned_char_unsigned_char_ap_u_11_address0     |  out|    5|   ap_memory|     gdn_mxfp8_top_impl_unsigned_char_unsigned_short_unsigned_char_unsigned_char_ap_u_11|         array|
|gdn_mxfp8_top_impl_unsigned_char_unsigned_short_unsigned_char_unsigned_char_ap_u_11_ce0          |  out|    1|   ap_memory|     gdn_mxfp8_top_impl_unsigned_char_unsigned_short_unsigned_char_unsigned_char_ap_u_11|         array|
|gdn_mxfp8_top_impl_unsigned_char_unsigned_short_unsigned_char_unsigned_char_ap_u_11_q0           |   in|   16|   ap_memory|     gdn_mxfp8_top_impl_unsigned_char_unsigned_short_unsigned_char_unsigned_char_ap_u_11|         array|
|gdn_mxfp8_top_impl_unsigned_char_unsigned_short_unsigned_char_unsigned_char_ap_u_10_address0     |  out|    5|   ap_memory|     gdn_mxfp8_top_impl_unsigned_char_unsigned_short_unsigned_char_unsigned_char_ap_u_10|         array|
|gdn_mxfp8_top_impl_unsigned_char_unsigned_short_unsigned_char_unsigned_char_ap_u_10_ce0          |  out|    1|   ap_memory|     gdn_mxfp8_top_impl_unsigned_char_unsigned_short_unsigned_char_unsigned_char_ap_u_10|         array|
|gdn_mxfp8_top_impl_unsigned_char_unsigned_short_unsigned_char_unsigned_char_ap_u_10_q0           |   in|   16|   ap_memory|     gdn_mxfp8_top_impl_unsigned_char_unsigned_short_unsigned_char_unsigned_char_ap_u_10|         array|
|gdn_mxfp8_top_impl_unsigned_char_unsigned_short_unsigned_char_unsigned_char_ap_u_9_address0      |  out|    5|   ap_memory|      gdn_mxfp8_top_impl_unsigned_char_unsigned_short_unsigned_char_unsigned_char_ap_u_9|         array|
|gdn_mxfp8_top_impl_unsigned_char_unsigned_short_unsigned_char_unsigned_char_ap_u_9_ce0           |  out|    1|   ap_memory|      gdn_mxfp8_top_impl_unsigned_char_unsigned_short_unsigned_char_unsigned_char_ap_u_9|         array|
|gdn_mxfp8_top_impl_unsigned_char_unsigned_short_unsigned_char_unsigned_char_ap_u_9_q0            |   in|   16|   ap_memory|      gdn_mxfp8_top_impl_unsigned_char_unsigned_short_unsigned_char_unsigned_char_ap_u_9|         array|
|gdn_mxfp8_top_impl_unsigned_char_unsigned_short_unsigned_char_unsigned_char_ap_u_8_address0      |  out|    5|   ap_memory|      gdn_mxfp8_top_impl_unsigned_char_unsigned_short_unsigned_char_unsigned_char_ap_u_8|         array|
|gdn_mxfp8_top_impl_unsigned_char_unsigned_short_unsigned_char_unsigned_char_ap_u_8_ce0           |  out|    1|   ap_memory|      gdn_mxfp8_top_impl_unsigned_char_unsigned_short_unsigned_char_unsigned_char_ap_u_8|         array|
|gdn_mxfp8_top_impl_unsigned_char_unsigned_short_unsigned_char_unsigned_char_ap_u_8_q0            |   in|   16|   ap_memory|      gdn_mxfp8_top_impl_unsigned_char_unsigned_short_unsigned_char_unsigned_char_ap_u_8|         array|
|p_ZZN9gdn_mxfp818gdn_mxfp8_top_implEhthhPA128_K7ap_uintILi8EEPA4_S2_S4_S6_S4_S6_P_995_address0   |  out|    5|   ap_memory|   p_ZZN9gdn_mxfp818gdn_mxfp8_top_implEhthhPA128_K7ap_uintILi8EEPA4_S2_S4_S6_S4_S6_P_995|         array|
|p_ZZN9gdn_mxfp818gdn_mxfp8_top_implEhthhPA128_K7ap_uintILi8EEPA4_S2_S4_S6_S4_S6_P_995_ce0        |  out|    1|   ap_memory|   p_ZZN9gdn_mxfp818gdn_mxfp8_top_implEhthhPA128_K7ap_uintILi8EEPA4_S2_S4_S6_S4_S6_P_995|         array|
|p_ZZN9gdn_mxfp818gdn_mxfp8_top_implEhthhPA128_K7ap_uintILi8EEPA4_S2_S4_S6_S4_S6_P_995_q0         |   in|   16|   ap_memory|   p_ZZN9gdn_mxfp818gdn_mxfp8_top_implEhthhPA128_K7ap_uintILi8EEPA4_S2_S4_S6_S4_S6_P_995|         array|
|p_ZZN9gdn_mxfp818gdn_mxfp8_top_implEhthhPA128_K7ap_uintILi8EEPA4_S2_S4_S6_S4_S6_P_996_address0   |  out|    5|   ap_memory|   p_ZZN9gdn_mxfp818gdn_mxfp8_top_implEhthhPA128_K7ap_uintILi8EEPA4_S2_S4_S6_S4_S6_P_996|         array|
|p_ZZN9gdn_mxfp818gdn_mxfp8_top_implEhthhPA128_K7ap_uintILi8EEPA4_S2_S4_S6_S4_S6_P_996_ce0        |  out|    1|   ap_memory|   p_ZZN9gdn_mxfp818gdn_mxfp8_top_implEhthhPA128_K7ap_uintILi8EEPA4_S2_S4_S6_S4_S6_P_996|         array|
|p_ZZN9gdn_mxfp818gdn_mxfp8_top_implEhthhPA128_K7ap_uintILi8EEPA4_S2_S4_S6_S4_S6_P_996_q0         |   in|   16|   ap_memory|   p_ZZN9gdn_mxfp818gdn_mxfp8_top_implEhthhPA128_K7ap_uintILi8EEPA4_S2_S4_S6_S4_S6_P_996|         array|
|p_ZZN9gdn_mxfp818gdn_mxfp8_top_implEhthhPA128_K7ap_uintILi8EEPA4_S2_S4_S6_S4_S6_P_997_address0   |  out|    5|   ap_memory|   p_ZZN9gdn_mxfp818gdn_mxfp8_top_implEhthhPA128_K7ap_uintILi8EEPA4_S2_S4_S6_S4_S6_P_997|         array|
|p_ZZN9gdn_mxfp818gdn_mxfp8_top_implEhthhPA128_K7ap_uintILi8EEPA4_S2_S4_S6_S4_S6_P_997_ce0        |  out|    1|   ap_memory|   p_ZZN9gdn_mxfp818gdn_mxfp8_top_implEhthhPA128_K7ap_uintILi8EEPA4_S2_S4_S6_S4_S6_P_997|         array|
|p_ZZN9gdn_mxfp818gdn_mxfp8_top_implEhthhPA128_K7ap_uintILi8EEPA4_S2_S4_S6_S4_S6_P_997_q0         |   in|   16|   ap_memory|   p_ZZN9gdn_mxfp818gdn_mxfp8_top_implEhthhPA128_K7ap_uintILi8EEPA4_S2_S4_S6_S4_S6_P_997|         array|
|p_ZZN9gdn_mxfp818gdn_mxfp8_top_implEhthhPA128_K7ap_uintILi8EEPA4_S2_S4_S6_S4_S6_P_998_address0   |  out|    5|   ap_memory|   p_ZZN9gdn_mxfp818gdn_mxfp8_top_implEhthhPA128_K7ap_uintILi8EEPA4_S2_S4_S6_S4_S6_P_998|         array|
|p_ZZN9gdn_mxfp818gdn_mxfp8_top_implEhthhPA128_K7ap_uintILi8EEPA4_S2_S4_S6_S4_S6_P_998_ce0        |  out|    1|   ap_memory|   p_ZZN9gdn_mxfp818gdn_mxfp8_top_implEhthhPA128_K7ap_uintILi8EEPA4_S2_S4_S6_S4_S6_P_998|         array|
|p_ZZN9gdn_mxfp818gdn_mxfp8_top_implEhthhPA128_K7ap_uintILi8EEPA4_S2_S4_S6_S4_S6_P_998_q0         |   in|   16|   ap_memory|   p_ZZN9gdn_mxfp818gdn_mxfp8_top_implEhthhPA128_K7ap_uintILi8EEPA4_S2_S4_S6_S4_S6_P_998|         array|
|p_ZZN9gdn_mxfp818gdn_mxfp8_top_implEhthhPA128_K7ap_uintILi8EEPA4_S2_S4_S6_S4_S6_P_999_address0   |  out|    5|   ap_memory|   p_ZZN9gdn_mxfp818gdn_mxfp8_top_implEhthhPA128_K7ap_uintILi8EEPA4_S2_S4_S6_S4_S6_P_999|         array|
|p_ZZN9gdn_mxfp818gdn_mxfp8_top_implEhthhPA128_K7ap_uintILi8EEPA4_S2_S4_S6_S4_S6_P_999_ce0        |  out|    1|   ap_memory|   p_ZZN9gdn_mxfp818gdn_mxfp8_top_implEhthhPA128_K7ap_uintILi8EEPA4_S2_S4_S6_S4_S6_P_999|         array|
|p_ZZN9gdn_mxfp818gdn_mxfp8_top_implEhthhPA128_K7ap_uintILi8EEPA4_S2_S4_S6_S4_S6_P_999_q0         |   in|   16|   ap_memory|   p_ZZN9gdn_mxfp818gdn_mxfp8_top_implEhthhPA128_K7ap_uintILi8EEPA4_S2_S4_S6_S4_S6_P_999|         array|
|p_ZZN9gdn_mxfp818gdn_mxfp8_top_implEhthhPA128_K7ap_uintILi8EEPA4_S2_S4_S6_S4_S6_P_1000_address0  |  out|    5|   ap_memory|  p_ZZN9gdn_mxfp818gdn_mxfp8_top_implEhthhPA128_K7ap_uintILi8EEPA4_S2_S4_S6_S4_S6_P_1000|         array|
|p_ZZN9gdn_mxfp818gdn_mxfp8_top_implEhthhPA128_K7ap_uintILi8EEPA4_S2_S4_S6_S4_S6_P_1000_ce0       |  out|    1|   ap_memory|  p_ZZN9gdn_mxfp818gdn_mxfp8_top_implEhthhPA128_K7ap_uintILi8EEPA4_S2_S4_S6_S4_S6_P_1000|         array|
|p_ZZN9gdn_mxfp818gdn_mxfp8_top_implEhthhPA128_K7ap_uintILi8EEPA4_S2_S4_S6_S4_S6_P_1000_q0        |   in|   16|   ap_memory|  p_ZZN9gdn_mxfp818gdn_mxfp8_top_implEhthhPA128_K7ap_uintILi8EEPA4_S2_S4_S6_S4_S6_P_1000|         array|
|p_ZZN9gdn_mxfp818gdn_mxfp8_top_implEhthhPA128_K7ap_uintILi8EEPA4_S2_S4_S6_S4_S6_P_1001_address0  |  out|    5|   ap_memory|  p_ZZN9gdn_mxfp818gdn_mxfp8_top_implEhthhPA128_K7ap_uintILi8EEPA4_S2_S4_S6_S4_S6_P_1001|         array|
|p_ZZN9gdn_mxfp818gdn_mxfp8_top_implEhthhPA128_K7ap_uintILi8EEPA4_S2_S4_S6_S4_S6_P_1001_ce0       |  out|    1|   ap_memory|  p_ZZN9gdn_mxfp818gdn_mxfp8_top_implEhthhPA128_K7ap_uintILi8EEPA4_S2_S4_S6_S4_S6_P_1001|         array|
|p_ZZN9gdn_mxfp818gdn_mxfp8_top_implEhthhPA128_K7ap_uintILi8EEPA4_S2_S4_S6_S4_S6_P_1001_q0        |   in|   16|   ap_memory|  p_ZZN9gdn_mxfp818gdn_mxfp8_top_implEhthhPA128_K7ap_uintILi8EEPA4_S2_S4_S6_S4_S6_P_1001|         array|
|p_ZZN9gdn_mxfp818gdn_mxfp8_top_implEhthhPA128_K7ap_uintILi8EEPA4_S2_S4_S6_S4_S6_P_1002_address0  |  out|    5|   ap_memory|  p_ZZN9gdn_mxfp818gdn_mxfp8_top_implEhthhPA128_K7ap_uintILi8EEPA4_S2_S4_S6_S4_S6_P_1002|         array|
|p_ZZN9gdn_mxfp818gdn_mxfp8_top_implEhthhPA128_K7ap_uintILi8EEPA4_S2_S4_S6_S4_S6_P_1002_ce0       |  out|    1|   ap_memory|  p_ZZN9gdn_mxfp818gdn_mxfp8_top_implEhthhPA128_K7ap_uintILi8EEPA4_S2_S4_S6_S4_S6_P_1002|         array|
|p_ZZN9gdn_mxfp818gdn_mxfp8_top_implEhthhPA128_K7ap_uintILi8EEPA4_S2_S4_S6_S4_S6_P_1002_q0        |   in|   16|   ap_memory|  p_ZZN9gdn_mxfp818gdn_mxfp8_top_implEhthhPA128_K7ap_uintILi8EEPA4_S2_S4_S6_S4_S6_P_1002|         array|
|p_ZZN9gdn_mxfp818gdn_mxfp8_top_implEhthhPA128_K7ap_uintILi8EEPA4_S2_S4_S6_S4_S6_P_1003_address0  |  out|    5|   ap_memory|  p_ZZN9gdn_mxfp818gdn_mxfp8_top_implEhthhPA128_K7ap_uintILi8EEPA4_S2_S4_S6_S4_S6_P_1003|         array|
|p_ZZN9gdn_mxfp818gdn_mxfp8_top_implEhthhPA128_K7ap_uintILi8EEPA4_S2_S4_S6_S4_S6_P_1003_ce0       |  out|    1|   ap_memory|  p_ZZN9gdn_mxfp818gdn_mxfp8_top_implEhthhPA128_K7ap_uintILi8EEPA4_S2_S4_S6_S4_S6_P_1003|         array|
|p_ZZN9gdn_mxfp818gdn_mxfp8_top_implEhthhPA128_K7ap_uintILi8EEPA4_S2_S4_S6_S4_S6_P_1003_q0        |   in|   16|   ap_memory|  p_ZZN9gdn_mxfp818gdn_mxfp8_top_implEhthhPA128_K7ap_uintILi8EEPA4_S2_S4_S6_S4_S6_P_1003|         array|
|p_ZZN9gdn_mxfp818gdn_mxfp8_top_implEhthhPA128_K7ap_uintILi8EEPA4_S2_S4_S6_S4_S6_P_1004_address0  |  out|    5|   ap_memory|  p_ZZN9gdn_mxfp818gdn_mxfp8_top_implEhthhPA128_K7ap_uintILi8EEPA4_S2_S4_S6_S4_S6_P_1004|         array|
|p_ZZN9gdn_mxfp818gdn_mxfp8_top_implEhthhPA128_K7ap_uintILi8EEPA4_S2_S4_S6_S4_S6_P_1004_ce0       |  out|    1|   ap_memory|  p_ZZN9gdn_mxfp818gdn_mxfp8_top_implEhthhPA128_K7ap_uintILi8EEPA4_S2_S4_S6_S4_S6_P_1004|         array|
|p_ZZN9gdn_mxfp818gdn_mxfp8_top_implEhthhPA128_K7ap_uintILi8EEPA4_S2_S4_S6_S4_S6_P_1004_q0        |   in|   16|   ap_memory|  p_ZZN9gdn_mxfp818gdn_mxfp8_top_implEhthhPA128_K7ap_uintILi8EEPA4_S2_S4_S6_S4_S6_P_1004|         array|
|p_ZZN9gdn_mxfp818gdn_mxfp8_top_implEhthhPA128_K7ap_uintILi8EEPA4_S2_S4_S6_S4_S6_P_1005_address0  |  out|    5|   ap_memory|  p_ZZN9gdn_mxfp818gdn_mxfp8_top_implEhthhPA128_K7ap_uintILi8EEPA4_S2_S4_S6_S4_S6_P_1005|         array|
|p_ZZN9gdn_mxfp818gdn_mxfp8_top_implEhthhPA128_K7ap_uintILi8EEPA4_S2_S4_S6_S4_S6_P_1005_ce0       |  out|    1|   ap_memory|  p_ZZN9gdn_mxfp818gdn_mxfp8_top_implEhthhPA128_K7ap_uintILi8EEPA4_S2_S4_S6_S4_S6_P_1005|         array|
|p_ZZN9gdn_mxfp818gdn_mxfp8_top_implEhthhPA128_K7ap_uintILi8EEPA4_S2_S4_S6_S4_S6_P_1005_q0        |   in|   16|   ap_memory|  p_ZZN9gdn_mxfp818gdn_mxfp8_top_implEhthhPA128_K7ap_uintILi8EEPA4_S2_S4_S6_S4_S6_P_1005|         array|
|p_ZZN9gdn_mxfp818gdn_mxfp8_top_implEhthhPA128_K7ap_uintILi8EEPA4_S2_S4_S6_S4_S6_P_1006_address0  |  out|    5|   ap_memory|  p_ZZN9gdn_mxfp818gdn_mxfp8_top_implEhthhPA128_K7ap_uintILi8EEPA4_S2_S4_S6_S4_S6_P_1006|         array|
|p_ZZN9gdn_mxfp818gdn_mxfp8_top_implEhthhPA128_K7ap_uintILi8EEPA4_S2_S4_S6_S4_S6_P_1006_ce0       |  out|    1|   ap_memory|  p_ZZN9gdn_mxfp818gdn_mxfp8_top_implEhthhPA128_K7ap_uintILi8EEPA4_S2_S4_S6_S4_S6_P_1006|         array|
|p_ZZN9gdn_mxfp818gdn_mxfp8_top_implEhthhPA128_K7ap_uintILi8EEPA4_S2_S4_S6_S4_S6_P_1006_q0        |   in|   16|   ap_memory|  p_ZZN9gdn_mxfp818gdn_mxfp8_top_implEhthhPA128_K7ap_uintILi8EEPA4_S2_S4_S6_S4_S6_P_1006|         array|
|p_ZZN9gdn_mxfp818gdn_mxfp8_top_implEhthhPA128_K7ap_uintILi8EEPA4_S2_S4_S6_S4_S6_P_1007_address0  |  out|    5|   ap_memory|  p_ZZN9gdn_mxfp818gdn_mxfp8_top_implEhthhPA128_K7ap_uintILi8EEPA4_S2_S4_S6_S4_S6_P_1007|         array|
|p_ZZN9gdn_mxfp818gdn_mxfp8_top_implEhthhPA128_K7ap_uintILi8EEPA4_S2_S4_S6_S4_S6_P_1007_ce0       |  out|    1|   ap_memory|  p_ZZN9gdn_mxfp818gdn_mxfp8_top_implEhthhPA128_K7ap_uintILi8EEPA4_S2_S4_S6_S4_S6_P_1007|         array|
|p_ZZN9gdn_mxfp818gdn_mxfp8_top_implEhthhPA128_K7ap_uintILi8EEPA4_S2_S4_S6_S4_S6_P_1007_q0        |   in|   16|   ap_memory|  p_ZZN9gdn_mxfp818gdn_mxfp8_top_implEhthhPA128_K7ap_uintILi8EEPA4_S2_S4_S6_S4_S6_P_1007|         array|
|p_ZZN9gdn_mxfp818gdn_mxfp8_top_implEhthhPA128_K7ap_uintILi8EEPA4_S2_S4_S6_S4_S6_P_1008_address0  |  out|    5|   ap_memory|  p_ZZN9gdn_mxfp818gdn_mxfp8_top_implEhthhPA128_K7ap_uintILi8EEPA4_S2_S4_S6_S4_S6_P_1008|         array|
|p_ZZN9gdn_mxfp818gdn_mxfp8_top_implEhthhPA128_K7ap_uintILi8EEPA4_S2_S4_S6_S4_S6_P_1008_ce0       |  out|    1|   ap_memory|  p_ZZN9gdn_mxfp818gdn_mxfp8_top_implEhthhPA128_K7ap_uintILi8EEPA4_S2_S4_S6_S4_S6_P_1008|         array|
|p_ZZN9gdn_mxfp818gdn_mxfp8_top_implEhthhPA128_K7ap_uintILi8EEPA4_S2_S4_S6_S4_S6_P_1008_q0        |   in|   16|   ap_memory|  p_ZZN9gdn_mxfp818gdn_mxfp8_top_implEhthhPA128_K7ap_uintILi8EEPA4_S2_S4_S6_S4_S6_P_1008|         array|
|p_ZZN9gdn_mxfp818gdn_mxfp8_top_implEhthhPA128_K7ap_uintILi8EEPA4_S2_S4_S6_S4_S6_P_1009_address0  |  out|    5|   ap_memory|  p_ZZN9gdn_mxfp818gdn_mxfp8_top_implEhthhPA128_K7ap_uintILi8EEPA4_S2_S4_S6_S4_S6_P_1009|         array|
|p_ZZN9gdn_mxfp818gdn_mxfp8_top_implEhthhPA128_K7ap_uintILi8EEPA4_S2_S4_S6_S4_S6_P_1009_ce0       |  out|    1|   ap_memory|  p_ZZN9gdn_mxfp818gdn_mxfp8_top_implEhthhPA128_K7ap_uintILi8EEPA4_S2_S4_S6_S4_S6_P_1009|         array|
|p_ZZN9gdn_mxfp818gdn_mxfp8_top_implEhthhPA128_K7ap_uintILi8EEPA4_S2_S4_S6_S4_S6_P_1009_q0        |   in|   16|   ap_memory|  p_ZZN9gdn_mxfp818gdn_mxfp8_top_implEhthhPA128_K7ap_uintILi8EEPA4_S2_S4_S6_S4_S6_P_1009|         array|
|p_ZZN9gdn_mxfp818gdn_mxfp8_top_implEhthhPA128_K7ap_uintILi8EEPA4_S2_S4_S6_S4_S6_P_1010_address0  |  out|    5|   ap_memory|  p_ZZN9gdn_mxfp818gdn_mxfp8_top_implEhthhPA128_K7ap_uintILi8EEPA4_S2_S4_S6_S4_S6_P_1010|         array|
|p_ZZN9gdn_mxfp818gdn_mxfp8_top_implEhthhPA128_K7ap_uintILi8EEPA4_S2_S4_S6_S4_S6_P_1010_ce0       |  out|    1|   ap_memory|  p_ZZN9gdn_mxfp818gdn_mxfp8_top_implEhthhPA128_K7ap_uintILi8EEPA4_S2_S4_S6_S4_S6_P_1010|         array|
|p_ZZN9gdn_mxfp818gdn_mxfp8_top_implEhthhPA128_K7ap_uintILi8EEPA4_S2_S4_S6_S4_S6_P_1010_q0        |   in|   16|   ap_memory|  p_ZZN9gdn_mxfp818gdn_mxfp8_top_implEhthhPA128_K7ap_uintILi8EEPA4_S2_S4_S6_S4_S6_P_1010|         array|
|p_ZZN9gdn_mxfp818gdn_mxfp8_top_implEhthhPA128_K7ap_uintILi8EEPA4_S2_S4_S6_S4_S6_P_1011_address0  |  out|    5|   ap_memory|  p_ZZN9gdn_mxfp818gdn_mxfp8_top_implEhthhPA128_K7ap_uintILi8EEPA4_S2_S4_S6_S4_S6_P_1011|         array|
|p_ZZN9gdn_mxfp818gdn_mxfp8_top_implEhthhPA128_K7ap_uintILi8EEPA4_S2_S4_S6_S4_S6_P_1011_ce0       |  out|    1|   ap_memory|  p_ZZN9gdn_mxfp818gdn_mxfp8_top_implEhthhPA128_K7ap_uintILi8EEPA4_S2_S4_S6_S4_S6_P_1011|         array|
|p_ZZN9gdn_mxfp818gdn_mxfp8_top_implEhthhPA128_K7ap_uintILi8EEPA4_S2_S4_S6_S4_S6_P_1011_q0        |   in|   16|   ap_memory|  p_ZZN9gdn_mxfp818gdn_mxfp8_top_implEhthhPA128_K7ap_uintILi8EEPA4_S2_S4_S6_S4_S6_P_1011|         array|
|p_ZZN9gdn_mxfp818gdn_mxfp8_top_implEhthhPA128_K7ap_uintILi8EEPA4_S2_S4_S6_S4_S6_P_1012_address0  |  out|    5|   ap_memory|  p_ZZN9gdn_mxfp818gdn_mxfp8_top_implEhthhPA128_K7ap_uintILi8EEPA4_S2_S4_S6_S4_S6_P_1012|         array|
|p_ZZN9gdn_mxfp818gdn_mxfp8_top_implEhthhPA128_K7ap_uintILi8EEPA4_S2_S4_S6_S4_S6_P_1012_ce0       |  out|    1|   ap_memory|  p_ZZN9gdn_mxfp818gdn_mxfp8_top_implEhthhPA128_K7ap_uintILi8EEPA4_S2_S4_S6_S4_S6_P_1012|         array|
|p_ZZN9gdn_mxfp818gdn_mxfp8_top_implEhthhPA128_K7ap_uintILi8EEPA4_S2_S4_S6_S4_S6_P_1012_q0        |   in|   16|   ap_memory|  p_ZZN9gdn_mxfp818gdn_mxfp8_top_implEhthhPA128_K7ap_uintILi8EEPA4_S2_S4_S6_S4_S6_P_1012|         array|
|p_ZZN9gdn_mxfp818gdn_mxfp8_top_implEhthhPA128_K7ap_uintILi8EEPA4_S2_S4_S6_S4_S6_P_1013_address0  |  out|    5|   ap_memory|  p_ZZN9gdn_mxfp818gdn_mxfp8_top_implEhthhPA128_K7ap_uintILi8EEPA4_S2_S4_S6_S4_S6_P_1013|         array|
|p_ZZN9gdn_mxfp818gdn_mxfp8_top_implEhthhPA128_K7ap_uintILi8EEPA4_S2_S4_S6_S4_S6_P_1013_ce0       |  out|    1|   ap_memory|  p_ZZN9gdn_mxfp818gdn_mxfp8_top_implEhthhPA128_K7ap_uintILi8EEPA4_S2_S4_S6_S4_S6_P_1013|         array|
|p_ZZN9gdn_mxfp818gdn_mxfp8_top_implEhthhPA128_K7ap_uintILi8EEPA4_S2_S4_S6_S4_S6_P_1013_q0        |   in|   16|   ap_memory|  p_ZZN9gdn_mxfp818gdn_mxfp8_top_implEhthhPA128_K7ap_uintILi8EEPA4_S2_S4_S6_S4_S6_P_1013|         array|
|p_ZZN9gdn_mxfp818gdn_mxfp8_top_implEhthhPA128_K7ap_uintILi8EEPA4_S2_S4_S6_S4_S6_P_1014_address0  |  out|    5|   ap_memory|  p_ZZN9gdn_mxfp818gdn_mxfp8_top_implEhthhPA128_K7ap_uintILi8EEPA4_S2_S4_S6_S4_S6_P_1014|         array|
|p_ZZN9gdn_mxfp818gdn_mxfp8_top_implEhthhPA128_K7ap_uintILi8EEPA4_S2_S4_S6_S4_S6_P_1014_ce0       |  out|    1|   ap_memory|  p_ZZN9gdn_mxfp818gdn_mxfp8_top_implEhthhPA128_K7ap_uintILi8EEPA4_S2_S4_S6_S4_S6_P_1014|         array|
|p_ZZN9gdn_mxfp818gdn_mxfp8_top_implEhthhPA128_K7ap_uintILi8EEPA4_S2_S4_S6_S4_S6_P_1014_q0        |   in|   16|   ap_memory|  p_ZZN9gdn_mxfp818gdn_mxfp8_top_implEhthhPA128_K7ap_uintILi8EEPA4_S2_S4_S6_S4_S6_P_1014|         array|
|p_ZZN9gdn_mxfp818gdn_mxfp8_top_implEhthhPA128_K7ap_uintILi8EEPA4_S2_S4_S6_S4_S6_P_1015_address0  |  out|    5|   ap_memory|  p_ZZN9gdn_mxfp818gdn_mxfp8_top_implEhthhPA128_K7ap_uintILi8EEPA4_S2_S4_S6_S4_S6_P_1015|         array|
|p_ZZN9gdn_mxfp818gdn_mxfp8_top_implEhthhPA128_K7ap_uintILi8EEPA4_S2_S4_S6_S4_S6_P_1015_ce0       |  out|    1|   ap_memory|  p_ZZN9gdn_mxfp818gdn_mxfp8_top_implEhthhPA128_K7ap_uintILi8EEPA4_S2_S4_S6_S4_S6_P_1015|         array|
|p_ZZN9gdn_mxfp818gdn_mxfp8_top_implEhthhPA128_K7ap_uintILi8EEPA4_S2_S4_S6_S4_S6_P_1015_q0        |   in|   16|   ap_memory|  p_ZZN9gdn_mxfp818gdn_mxfp8_top_implEhthhPA128_K7ap_uintILi8EEPA4_S2_S4_S6_S4_S6_P_1015|         array|
|p_ZZN9gdn_mxfp818gdn_mxfp8_top_implEhthhPA128_K7ap_uintILi8EEPA4_S2_S4_S6_S4_S6_P_1016_address0  |  out|    5|   ap_memory|  p_ZZN9gdn_mxfp818gdn_mxfp8_top_implEhthhPA128_K7ap_uintILi8EEPA4_S2_S4_S6_S4_S6_P_1016|         array|
|p_ZZN9gdn_mxfp818gdn_mxfp8_top_implEhthhPA128_K7ap_uintILi8EEPA4_S2_S4_S6_S4_S6_P_1016_ce0       |  out|    1|   ap_memory|  p_ZZN9gdn_mxfp818gdn_mxfp8_top_implEhthhPA128_K7ap_uintILi8EEPA4_S2_S4_S6_S4_S6_P_1016|         array|
|p_ZZN9gdn_mxfp818gdn_mxfp8_top_implEhthhPA128_K7ap_uintILi8EEPA4_S2_S4_S6_S4_S6_P_1016_q0        |   in|   16|   ap_memory|  p_ZZN9gdn_mxfp818gdn_mxfp8_top_implEhthhPA128_K7ap_uintILi8EEPA4_S2_S4_S6_S4_S6_P_1016|         array|
|p_ZZN9gdn_mxfp818gdn_mxfp8_top_implEhthhPA128_K7ap_uintILi8EEPA4_S2_S4_S6_S4_S6_P_1017_address0  |  out|    5|   ap_memory|  p_ZZN9gdn_mxfp818gdn_mxfp8_top_implEhthhPA128_K7ap_uintILi8EEPA4_S2_S4_S6_S4_S6_P_1017|         array|
|p_ZZN9gdn_mxfp818gdn_mxfp8_top_implEhthhPA128_K7ap_uintILi8EEPA4_S2_S4_S6_S4_S6_P_1017_ce0       |  out|    1|   ap_memory|  p_ZZN9gdn_mxfp818gdn_mxfp8_top_implEhthhPA128_K7ap_uintILi8EEPA4_S2_S4_S6_S4_S6_P_1017|         array|
|p_ZZN9gdn_mxfp818gdn_mxfp8_top_implEhthhPA128_K7ap_uintILi8EEPA4_S2_S4_S6_S4_S6_P_1017_q0        |   in|   16|   ap_memory|  p_ZZN9gdn_mxfp818gdn_mxfp8_top_implEhthhPA128_K7ap_uintILi8EEPA4_S2_S4_S6_S4_S6_P_1017|         array|
|p_ZZN9gdn_mxfp818gdn_mxfp8_top_implEhthhPA128_K7ap_uintILi8EEPA4_S2_S4_S6_S4_S6_P_1018_address0  |  out|    5|   ap_memory|  p_ZZN9gdn_mxfp818gdn_mxfp8_top_implEhthhPA128_K7ap_uintILi8EEPA4_S2_S4_S6_S4_S6_P_1018|         array|
|p_ZZN9gdn_mxfp818gdn_mxfp8_top_implEhthhPA128_K7ap_uintILi8EEPA4_S2_S4_S6_S4_S6_P_1018_ce0       |  out|    1|   ap_memory|  p_ZZN9gdn_mxfp818gdn_mxfp8_top_implEhthhPA128_K7ap_uintILi8EEPA4_S2_S4_S6_S4_S6_P_1018|         array|
|p_ZZN9gdn_mxfp818gdn_mxfp8_top_implEhthhPA128_K7ap_uintILi8EEPA4_S2_S4_S6_S4_S6_P_1018_q0        |   in|   16|   ap_memory|  p_ZZN9gdn_mxfp818gdn_mxfp8_top_implEhthhPA128_K7ap_uintILi8EEPA4_S2_S4_S6_S4_S6_P_1018|         array|
+-------------------------------------------------------------------------------------------------+-----+-----+------------+----------------------------------------------------------------------------------------+--------------+

