

================================================================
== Vitis HLS Report for 'gdn_mxfp8_top_impl_Pipeline_unpack_resident_lanes'
================================================================
* Date:           Tue Aug  4 23:13:49 2026

* Version:        2025.2 (Build 6295257 on Nov 14 2025)
* Project:        gdn_mxfp8_hls
* Solution:       u55c_250mhz (Vivado IP Flow Target)
* Product family: virtexuplusHBM
* Target device:  xcu55c-fsvh2892-2L-e


================================================================
== Performance Estimates
================================================================
+ Timing: 
    * Summary: 
    +--------+---------+----------+------------+
    |  Clock |  Target | Estimated| Uncertainty|
    +--------+---------+----------+------------+
    |ap_clk  |  4.00 ns|  1.973 ns|     1.08 ns|
    +--------+---------+----------+------------+

+ Latency: 
    * Summary: 
    +---------+---------+----------+----------+-----+-----+-------------------+
    |  Latency (cycles) |  Latency (absolute) |  Interval |      Pipeline     |
    |   min   |   max   |    min   |    max   | min | max |        Type       |
    +---------+---------+----------+----------+-----+-----+-------------------+
    |       34|       34|  0.136 us|  0.136 us|    0|    0|  loop pipeline stp|
    +---------+---------+----------+----------+-----+-----+-------------------+

    + Detail: 
        * Instance: 
        N/A

        * Loop: 
        +-------------------------+---------+---------+----------+-----------+-----------+------+----------+
        |                         |  Latency (cycles) | Iteration|  Initiation Interval  | Trip |          |
        |        Loop Name        |   min   |   max   |  Latency |  achieved |   target  | Count| Pipelined|
        +-------------------------+---------+---------+----------+-----------+-----------+------+----------+
        |- unpack_resident_lanes  |       32|       32|         1|          1|          1|    32|       yes|
        +-------------------------+---------+---------+----------+-----------+-----------+------+----------+



================================================================
== Utilization Estimates
================================================================
* Summary: 
+---------------------+---------+------+---------+---------+-----+
|         Name        | BRAM_18K|  DSP |    FF   |   LUT   | URAM|
+---------------------+---------+------+---------+---------+-----+
|DSP                  |        -|     -|        -|        -|    -|
|Expression           |        -|     -|        0|       27|    -|
|FIFO                 |        -|     -|        -|        -|    -|
|Instance             |        -|     -|        0|       68|    -|
|Memory               |        -|     -|        -|        -|    -|
|Multiplexer          |        -|     -|        0|       27|    -|
|Register             |        -|     -|        8|        -|    -|
+---------------------+---------+------+---------+---------+-----+
|Total                |        0|     0|        8|      122|    0|
+---------------------+---------+------+---------+---------+-----+
|Available SLR        |     1344|  3008|   869120|   434560|  320|
+---------------------+---------+------+---------+---------+-----+
|Utilization SLR (%)  |        0|     0|       ~0|       ~0|    0|
+---------------------+---------+------+---------+---------+-----+
|Available            |     4032|  9024|  2607360|  1303680|  960|
+---------------------+---------+------+---------+---------+-----+
|Utilization (%)      |        0|     0|       ~0|       ~0|    0|
+---------------------+---------+------+---------+---------+-----+

+ Detail: 
    * Instance: 
    +------------------------------------+--------------------------------+---------+----+---+----+-----+
    |              Instance              |             Module             | BRAM_18K| DSP| FF| LUT| URAM|
    +------------------------------------+--------------------------------+---------+----+---+----+-----+
    |partselect_8ns_256ns_8ns_8_1_1_U28  |partselect_8ns_256ns_8ns_8_1_1  |        0|   0|  0|  68|    0|
    +------------------------------------+--------------------------------+---------+----+---+----+-----+
    |Total                               |                                |        0|   0|  0|  68|    0|
    +------------------------------------+--------------------------------+---------+----+---+----+-----+

    * DSP: 
    N/A

    * Memory: 
    N/A

    * FIFO: 
    N/A

    * Expression: 
    +-----------------------+----------+----+---+----+------------+------------+
    |     Variable Name     | Operation| DSP| FF| LUT| Bitwidth P0| Bitwidth P1|
    +-----------------------+----------+----+---+----+------------+------------+
    |add_ln512_fu_2067_p2   |         +|   0|  0|  13|           6|           1|
    |icmp_ln512_fu_2061_p2  |      icmp|   0|  0|  14|           6|           7|
    +-----------------------+----------+----+---+----+------------+------------+
    |Total                  |          |   0|  0|  27|          12|           8|
    +-----------------------+----------+----+---+----+------------+------------+

    * Multiplexer: 
    +-------------------------+----+-----------+-----+-----------+
    |           Name          | LUT| Input Size| Bits| Total Bits|
    +-------------------------+----+-----------+-----+-----------+
    |ap_done_int              |   9|          2|    1|          2|
    |ap_sig_allocacmp_lane_5  |   9|          2|    6|         12|
    |lane_fu_350              |   9|          2|    6|         12|
    +-------------------------+----+-----------+-----+-----------+
    |Total                    |  27|          6|   13|         26|
    +-------------------------+----+-----------+-----+-----------+

    * Register: 
    +-------------+---+----+-----+-----------+
    |     Name    | FF| LUT| Bits| Const Bits|
    +-------------+---+----+-----+-----------+
    |ap_CS_fsm    |  1|   0|    1|          0|
    |ap_done_reg  |  1|   0|    1|          0|
    |lane_fu_350  |  6|   0|    6|          0|
    +-------------+---+----+-----+-----------+
    |Total        |  8|   0|    8|          0|
    +-------------+---+----+-----+-----------+



================================================================
== Interface
================================================================
* Summary: 
+------------------------------------------------------------------------------------------------+-----+-----+------------+---------------------------------------------------------------------------------------+--------------+
|                                            RTL Ports                                           | Dir | Bits|  Protocol  |                                     Source Object                                     |    C Type    |
+------------------------------------------------------------------------------------------------+-----+-----+------------+---------------------------------------------------------------------------------------+--------------+
|ap_clk                                                                                          |   in|    1|  ap_ctrl_hs|                                      gdn_mxfp8_top_impl_Pipeline_unpack_resident_lanes|  return value|
|ap_rst                                                                                          |   in|    1|  ap_ctrl_hs|                                      gdn_mxfp8_top_impl_Pipeline_unpack_resident_lanes|  return value|
|ap_start                                                                                        |   in|    1|  ap_ctrl_hs|                                      gdn_mxfp8_top_impl_Pipeline_unpack_resident_lanes|  return value|
|ap_done                                                                                         |  out|    1|  ap_ctrl_hs|                                      gdn_mxfp8_top_impl_Pipeline_unpack_resident_lanes|  return value|
|ap_idle                                                                                         |  out|    1|  ap_ctrl_hs|                                      gdn_mxfp8_top_impl_Pipeline_unpack_resident_lanes|  return value|
|ap_ready                                                                                        |  out|    1|  ap_ctrl_hs|                                      gdn_mxfp8_top_impl_Pipeline_unpack_resident_lanes|  return value|
|lshr_ln                                                                                         |   in|    3|     ap_none|                                                                                lshr_ln|        scalar|
|word_3                                                                                          |   in|  256|     ap_none|                                                                                 word_3|        scalar|
|empty                                                                                           |   in|    4|     ap_none|                                                                                  empty|        scalar|
|p_ZZN9gdn_mxfp818gdn_mxfp8_top_implEhthhPA128_K7ap_uintILi8EEPA4_S2_S4_S6_S4_S6_P_605_address0  |  out|    5|   ap_memory|  p_ZZN9gdn_mxfp818gdn_mxfp8_top_implEhthhPA128_K7ap_uintILi8EEPA4_S2_S4_S6_S4_S6_P_605|         array|
|p_ZZN9gdn_mxfp818gdn_mxfp8_top_implEhthhPA128_K7ap_uintILi8EEPA4_S2_S4_S6_S4_S6_P_605_ce0       |  out|    1|   ap_memory|  p_ZZN9gdn_mxfp818gdn_mxfp8_top_implEhthhPA128_K7ap_uintILi8EEPA4_S2_S4_S6_S4_S6_P_605|         array|
|p_ZZN9gdn_mxfp818gdn_mxfp8_top_implEhthhPA128_K7ap_uintILi8EEPA4_S2_S4_S6_S4_S6_P_605_we0       |  out|    1|   ap_memory|  p_ZZN9gdn_mxfp818gdn_mxfp8_top_implEhthhPA128_K7ap_uintILi8EEPA4_S2_S4_S6_S4_S6_P_605|         array|
|p_ZZN9gdn_mxfp818gdn_mxfp8_top_implEhthhPA128_K7ap_uintILi8EEPA4_S2_S4_S6_S4_S6_P_605_d0        |  out|    8|   ap_memory|  p_ZZN9gdn_mxfp818gdn_mxfp8_top_implEhthhPA128_K7ap_uintILi8EEPA4_S2_S4_S6_S4_S6_P_605|         array|
|p_ZZN9gdn_mxfp818gdn_mxfp8_top_implEhthhPA128_K7ap_uintILi8EEPA4_S2_S4_S6_S4_S6_P_606_address0  |  out|    5|   ap_memory|  p_ZZN9gdn_mxfp818gdn_mxfp8_top_implEhthhPA128_K7ap_uintILi8EEPA4_S2_S4_S6_S4_S6_P_606|         array|
|p_ZZN9gdn_mxfp818gdn_mxfp8_top_implEhthhPA128_K7ap_uintILi8EEPA4_S2_S4_S6_S4_S6_P_606_ce0       |  out|    1|   ap_memory|  p_ZZN9gdn_mxfp818gdn_mxfp8_top_implEhthhPA128_K7ap_uintILi8EEPA4_S2_S4_S6_S4_S6_P_606|         array|
|p_ZZN9gdn_mxfp818gdn_mxfp8_top_implEhthhPA128_K7ap_uintILi8EEPA4_S2_S4_S6_S4_S6_P_606_we0       |  out|    1|   ap_memory|  p_ZZN9gdn_mxfp818gdn_mxfp8_top_implEhthhPA128_K7ap_uintILi8EEPA4_S2_S4_S6_S4_S6_P_606|         array|
|p_ZZN9gdn_mxfp818gdn_mxfp8_top_implEhthhPA128_K7ap_uintILi8EEPA4_S2_S4_S6_S4_S6_P_606_d0        |  out|    8|   ap_memory|  p_ZZN9gdn_mxfp818gdn_mxfp8_top_implEhthhPA128_K7ap_uintILi8EEPA4_S2_S4_S6_S4_S6_P_606|         array|
|p_ZZN9gdn_mxfp818gdn_mxfp8_top_implEhthhPA128_K7ap_uintILi8EEPA4_S2_S4_S6_S4_S6_P_607_address0  |  out|    5|   ap_memory|  p_ZZN9gdn_mxfp818gdn_mxfp8_top_implEhthhPA128_K7ap_uintILi8EEPA4_S2_S4_S6_S4_S6_P_607|         array|
|p_ZZN9gdn_mxfp818gdn_mxfp8_top_implEhthhPA128_K7ap_uintILi8EEPA4_S2_S4_S6_S4_S6_P_607_ce0       |  out|    1|   ap_memory|  p_ZZN9gdn_mxfp818gdn_mxfp8_top_implEhthhPA128_K7ap_uintILi8EEPA4_S2_S4_S6_S4_S6_P_607|         array|
|p_ZZN9gdn_mxfp818gdn_mxfp8_top_implEhthhPA128_K7ap_uintILi8EEPA4_S2_S4_S6_S4_S6_P_607_we0       |  out|    1|   ap_memory|  p_ZZN9gdn_mxfp818gdn_mxfp8_top_implEhthhPA128_K7ap_uintILi8EEPA4_S2_S4_S6_S4_S6_P_607|         array|
|p_ZZN9gdn_mxfp818gdn_mxfp8_top_implEhthhPA128_K7ap_uintILi8EEPA4_S2_S4_S6_S4_S6_P_607_d0        |  out|    8|   ap_memory|  p_ZZN9gdn_mxfp818gdn_mxfp8_top_implEhthhPA128_K7ap_uintILi8EEPA4_S2_S4_S6_S4_S6_P_607|         array|
|p_ZZN9gdn_mxfp818gdn_mxfp8_top_implEhthhPA128_K7ap_uintILi8EEPA4_S2_S4_S6_S4_S6_P_608_address0  |  out|    5|   ap_memory|  p_ZZN9gdn_mxfp818gdn_mxfp8_top_implEhthhPA128_K7ap_uintILi8EEPA4_S2_S4_S6_S4_S6_P_608|         array|
|p_ZZN9gdn_mxfp818gdn_mxfp8_top_implEhthhPA128_K7ap_uintILi8EEPA4_S2_S4_S6_S4_S6_P_608_ce0       |  out|    1|   ap_memory|  p_ZZN9gdn_mxfp818gdn_mxfp8_top_implEhthhPA128_K7ap_uintILi8EEPA4_S2_S4_S6_S4_S6_P_608|         array|
|p_ZZN9gdn_mxfp818gdn_mxfp8_top_implEhthhPA128_K7ap_uintILi8EEPA4_S2_S4_S6_S4_S6_P_608_we0       |  out|    1|   ap_memory|  p_ZZN9gdn_mxfp818gdn_mxfp8_top_implEhthhPA128_K7ap_uintILi8EEPA4_S2_S4_S6_S4_S6_P_608|         array|
|p_ZZN9gdn_mxfp818gdn_mxfp8_top_implEhthhPA128_K7ap_uintILi8EEPA4_S2_S4_S6_S4_S6_P_608_d0        |  out|    8|   ap_memory|  p_ZZN9gdn_mxfp818gdn_mxfp8_top_implEhthhPA128_K7ap_uintILi8EEPA4_S2_S4_S6_S4_S6_P_608|         array|
|p_ZZN9gdn_mxfp818gdn_mxfp8_top_implEhthhPA128_K7ap_uintILi8EEPA4_S2_S4_S6_S4_S6_P_609_address0  |  out|    5|   ap_memory|  p_ZZN9gdn_mxfp818gdn_mxfp8_top_implEhthhPA128_K7ap_uintILi8EEPA4_S2_S4_S6_S4_S6_P_609|         array|
|p_ZZN9gdn_mxfp818gdn_mxfp8_top_implEhthhPA128_K7ap_uintILi8EEPA4_S2_S4_S6_S4_S6_P_609_ce0       |  out|    1|   ap_memory|  p_ZZN9gdn_mxfp818gdn_mxfp8_top_implEhthhPA128_K7ap_uintILi8EEPA4_S2_S4_S6_S4_S6_P_609|         array|
|p_ZZN9gdn_mxfp818gdn_mxfp8_top_implEhthhPA128_K7ap_uintILi8EEPA4_S2_S4_S6_S4_S6_P_609_we0       |  out|    1|   ap_memory|  p_ZZN9gdn_mxfp818gdn_mxfp8_top_implEhthhPA128_K7ap_uintILi8EEPA4_S2_S4_S6_S4_S6_P_609|         array|
|p_ZZN9gdn_mxfp818gdn_mxfp8_top_implEhthhPA128_K7ap_uintILi8EEPA4_S2_S4_S6_S4_S6_P_609_d0        |  out|    8|   ap_memory|  p_ZZN9gdn_mxfp818gdn_mxfp8_top_implEhthhPA128_K7ap_uintILi8EEPA4_S2_S4_S6_S4_S6_P_609|         array|
|p_ZZN9gdn_mxfp818gdn_mxfp8_top_implEhthhPA128_K7ap_uintILi8EEPA4_S2_S4_S6_S4_S6_P_610_address0  |  out|    5|   ap_memory|  p_ZZN9gdn_mxfp818gdn_mxfp8_top_implEhthhPA128_K7ap_uintILi8EEPA4_S2_S4_S6_S4_S6_P_610|         array|
|p_ZZN9gdn_mxfp818gdn_mxfp8_top_implEhthhPA128_K7ap_uintILi8EEPA4_S2_S4_S6_S4_S6_P_610_ce0       |  out|    1|   ap_memory|  p_ZZN9gdn_mxfp818gdn_mxfp8_top_implEhthhPA128_K7ap_uintILi8EEPA4_S2_S4_S6_S4_S6_P_610|         array|
|p_ZZN9gdn_mxfp818gdn_mxfp8_top_implEhthhPA128_K7ap_uintILi8EEPA4_S2_S4_S6_S4_S6_P_610_we0       |  out|    1|   ap_memory|  p_ZZN9gdn_mxfp818gdn_mxfp8_top_implEhthhPA128_K7ap_uintILi8EEPA4_S2_S4_S6_S4_S6_P_610|         array|
|p_ZZN9gdn_mxfp818gdn_mxfp8_top_implEhthhPA128_K7ap_uintILi8EEPA4_S2_S4_S6_S4_S6_P_610_d0        |  out|    8|   ap_memory|  p_ZZN9gdn_mxfp818gdn_mxfp8_top_implEhthhPA128_K7ap_uintILi8EEPA4_S2_S4_S6_S4_S6_P_610|         array|
|p_ZZN9gdn_mxfp818gdn_mxfp8_top_implEhthhPA128_K7ap_uintILi8EEPA4_S2_S4_S6_S4_S6_P_611_address0  |  out|    5|   ap_memory|  p_ZZN9gdn_mxfp818gdn_mxfp8_top_implEhthhPA128_K7ap_uintILi8EEPA4_S2_S4_S6_S4_S6_P_611|         array|
|p_ZZN9gdn_mxfp818gdn_mxfp8_top_implEhthhPA128_K7ap_uintILi8EEPA4_S2_S4_S6_S4_S6_P_611_ce0       |  out|    1|   ap_memory|  p_ZZN9gdn_mxfp818gdn_mxfp8_top_implEhthhPA128_K7ap_uintILi8EEPA4_S2_S4_S6_S4_S6_P_611|         array|
|p_ZZN9gdn_mxfp818gdn_mxfp8_top_implEhthhPA128_K7ap_uintILi8EEPA4_S2_S4_S6_S4_S6_P_611_we0       |  out|    1|   ap_memory|  p_ZZN9gdn_mxfp818gdn_mxfp8_top_implEhthhPA128_K7ap_uintILi8EEPA4_S2_S4_S6_S4_S6_P_611|         array|
|p_ZZN9gdn_mxfp818gdn_mxfp8_top_implEhthhPA128_K7ap_uintILi8EEPA4_S2_S4_S6_S4_S6_P_611_d0        |  out|    8|   ap_memory|  p_ZZN9gdn_mxfp818gdn_mxfp8_top_implEhthhPA128_K7ap_uintILi8EEPA4_S2_S4_S6_S4_S6_P_611|         array|
|p_ZZN9gdn_mxfp818gdn_mxfp8_top_implEhthhPA128_K7ap_uintILi8EEPA4_S2_S4_S6_S4_S6_P_612_address0  |  out|    5|   ap_memory|  p_ZZN9gdn_mxfp818gdn_mxfp8_top_implEhthhPA128_K7ap_uintILi8EEPA4_S2_S4_S6_S4_S6_P_612|         array|
|p_ZZN9gdn_mxfp818gdn_mxfp8_top_implEhthhPA128_K7ap_uintILi8EEPA4_S2_S4_S6_S4_S6_P_612_ce0       |  out|    1|   ap_memory|  p_ZZN9gdn_mxfp818gdn_mxfp8_top_implEhthhPA128_K7ap_uintILi8EEPA4_S2_S4_S6_S4_S6_P_612|         array|
|p_ZZN9gdn_mxfp818gdn_mxfp8_top_implEhthhPA128_K7ap_uintILi8EEPA4_S2_S4_S6_S4_S6_P_612_we0       |  out|    1|   ap_memory|  p_ZZN9gdn_mxfp818gdn_mxfp8_top_implEhthhPA128_K7ap_uintILi8EEPA4_S2_S4_S6_S4_S6_P_612|         array|
|p_ZZN9gdn_mxfp818gdn_mxfp8_top_implEhthhPA128_K7ap_uintILi8EEPA4_S2_S4_S6_S4_S6_P_612_d0        |  out|    8|   ap_memory|  p_ZZN9gdn_mxfp818gdn_mxfp8_top_implEhthhPA128_K7ap_uintILi8EEPA4_S2_S4_S6_S4_S6_P_612|         array|
|p_ZZN9gdn_mxfp818gdn_mxfp8_top_implEhthhPA128_K7ap_uintILi8EEPA4_S2_S4_S6_S4_S6_P_653_address0  |  out|    5|   ap_memory|  p_ZZN9gdn_mxfp818gdn_mxfp8_top_implEhthhPA128_K7ap_uintILi8EEPA4_S2_S4_S6_S4_S6_P_653|         array|
|p_ZZN9gdn_mxfp818gdn_mxfp8_top_implEhthhPA128_K7ap_uintILi8EEPA4_S2_S4_S6_S4_S6_P_653_ce0       |  out|    1|   ap_memory|  p_ZZN9gdn_mxfp818gdn_mxfp8_top_implEhthhPA128_K7ap_uintILi8EEPA4_S2_S4_S6_S4_S6_P_653|         array|
|p_ZZN9gdn_mxfp818gdn_mxfp8_top_implEhthhPA128_K7ap_uintILi8EEPA4_S2_S4_S6_S4_S6_P_653_we0       |  out|    1|   ap_memory|  p_ZZN9gdn_mxfp818gdn_mxfp8_top_implEhthhPA128_K7ap_uintILi8EEPA4_S2_S4_S6_S4_S6_P_653|         array|
|p_ZZN9gdn_mxfp818gdn_mxfp8_top_implEhthhPA128_K7ap_uintILi8EEPA4_S2_S4_S6_S4_S6_P_653_d0        |  out|    8|   ap_memory|  p_ZZN9gdn_mxfp818gdn_mxfp8_top_implEhthhPA128_K7ap_uintILi8EEPA4_S2_S4_S6_S4_S6_P_653|         array|
|p_ZZN9gdn_mxfp818gdn_mxfp8_top_implEhthhPA128_K7ap_uintILi8EEPA4_S2_S4_S6_S4_S6_P_654_address0  |  out|    5|   ap_memory|  p_ZZN9gdn_mxfp818gdn_mxfp8_top_implEhthhPA128_K7ap_uintILi8EEPA4_S2_S4_S6_S4_S6_P_654|         array|
|p_ZZN9gdn_mxfp818gdn_mxfp8_top_implEhthhPA128_K7ap_uintILi8EEPA4_S2_S4_S6_S4_S6_P_654_ce0       |  out|    1|   ap_memory|  p_ZZN9gdn_mxfp818gdn_mxfp8_top_implEhthhPA128_K7ap_uintILi8EEPA4_S2_S4_S6_S4_S6_P_654|         array|
|p_ZZN9gdn_mxfp818gdn_mxfp8_top_implEhthhPA128_K7ap_uintILi8EEPA4_S2_S4_S6_S4_S6_P_654_we0       |  out|    1|   ap_memory|  p_ZZN9gdn_mxfp818gdn_mxfp8_top_implEhthhPA128_K7ap_uintILi8EEPA4_S2_S4_S6_S4_S6_P_654|         array|
|p_ZZN9gdn_mxfp818gdn_mxfp8_top_implEhthhPA128_K7ap_uintILi8EEPA4_S2_S4_S6_S4_S6_P_654_d0        |  out|    8|   ap_memory|  p_ZZN9gdn_mxfp818gdn_mxfp8_top_implEhthhPA128_K7ap_uintILi8EEPA4_S2_S4_S6_S4_S6_P_654|         array|
|p_ZZN9gdn_mxfp818gdn_mxfp8_top_implEhthhPA128_K7ap_uintILi8EEPA4_S2_S4_S6_S4_S6_P_655_address0  |  out|    5|   ap_memory|  p_ZZN9gdn_mxfp818gdn_mxfp8_top_implEhthhPA128_K7ap_uintILi8EEPA4_S2_S4_S6_S4_S6_P_655|         array|
|p_ZZN9gdn_mxfp818gdn_mxfp8_top_implEhthhPA128_K7ap_uintILi8EEPA4_S2_S4_S6_S4_S6_P_655_ce0       |  out|    1|   ap_memory|  p_ZZN9gdn_mxfp818gdn_mxfp8_top_implEhthhPA128_K7ap_uintILi8EEPA4_S2_S4_S6_S4_S6_P_655|         array|
|p_ZZN9gdn_mxfp818gdn_mxfp8_top_implEhthhPA128_K7ap_uintILi8EEPA4_S2_S4_S6_S4_S6_P_655_we0       |  out|    1|   ap_memory|  p_ZZN9gdn_mxfp818gdn_mxfp8_top_implEhthhPA128_K7ap_uintILi8EEPA4_S2_S4_S6_S4_S6_P_655|         array|
|p_ZZN9gdn_mxfp818gdn_mxfp8_top_implEhthhPA128_K7ap_uintILi8EEPA4_S2_S4_S6_S4_S6_P_655_d0        |  out|    8|   ap_memory|  p_ZZN9gdn_mxfp818gdn_mxfp8_top_implEhthhPA128_K7ap_uintILi8EEPA4_S2_S4_S6_S4_S6_P_655|         array|
|p_ZZN9gdn_mxfp818gdn_mxfp8_top_implEhthhPA128_K7ap_uintILi8EEPA4_S2_S4_S6_S4_S6_P_656_address0  |  out|    5|   ap_memory|  p_ZZN9gdn_mxfp818gdn_mxfp8_top_implEhthhPA128_K7ap_uintILi8EEPA4_S2_S4_S6_S4_S6_P_656|         array|
|p_ZZN9gdn_mxfp818gdn_mxfp8_top_implEhthhPA128_K7ap_uintILi8EEPA4_S2_S4_S6_S4_S6_P_656_ce0       |  out|    1|   ap_memory|  p_ZZN9gdn_mxfp818gdn_mxfp8_top_implEhthhPA128_K7ap_uintILi8EEPA4_S2_S4_S6_S4_S6_P_656|         array|
|p_ZZN9gdn_mxfp818gdn_mxfp8_top_implEhthhPA128_K7ap_uintILi8EEPA4_S2_S4_S6_S4_S6_P_656_we0       |  out|    1|   ap_memory|  p_ZZN9gdn_mxfp818gdn_mxfp8_top_implEhthhPA128_K7ap_uintILi8EEPA4_S2_S4_S6_S4_S6_P_656|         array|
|p_ZZN9gdn_mxfp818gdn_mxfp8_top_implEhthhPA128_K7ap_uintILi8EEPA4_S2_S4_S6_S4_S6_P_656_d0        |  out|    8|   ap_memory|  p_ZZN9gdn_mxfp818gdn_mxfp8_top_implEhthhPA128_K7ap_uintILi8EEPA4_S2_S4_S6_S4_S6_P_656|         array|
|p_ZZN9gdn_mxfp818gdn_mxfp8_top_implEhthhPA128_K7ap_uintILi8EEPA4_S2_S4_S6_S4_S6_P_657_address0  |  out|    5|   ap_memory|  p_ZZN9gdn_mxfp818gdn_mxfp8_top_implEhthhPA128_K7ap_uintILi8EEPA4_S2_S4_S6_S4_S6_P_657|         array|
|p_ZZN9gdn_mxfp818gdn_mxfp8_top_implEhthhPA128_K7ap_uintILi8EEPA4_S2_S4_S6_S4_S6_P_657_ce0       |  out|    1|   ap_memory|  p_ZZN9gdn_mxfp818gdn_mxfp8_top_implEhthhPA128_K7ap_uintILi8EEPA4_S2_S4_S6_S4_S6_P_657|         array|
|p_ZZN9gdn_mxfp818gdn_mxfp8_top_implEhthhPA128_K7ap_uintILi8EEPA4_S2_S4_S6_S4_S6_P_657_we0       |  out|    1|   ap_memory|  p_ZZN9gdn_mxfp818gdn_mxfp8_top_implEhthhPA128_K7ap_uintILi8EEPA4_S2_S4_S6_S4_S6_P_657|         array|
|p_ZZN9gdn_mxfp818gdn_mxfp8_top_implEhthhPA128_K7ap_uintILi8EEPA4_S2_S4_S6_S4_S6_P_657_d0        |  out|    8|   ap_memory|  p_ZZN9gdn_mxfp818gdn_mxfp8_top_implEhthhPA128_K7ap_uintILi8EEPA4_S2_S4_S6_S4_S6_P_657|         array|
|p_ZZN9gdn_mxfp818gdn_mxfp8_top_implEhthhPA128_K7ap_uintILi8EEPA4_S2_S4_S6_S4_S6_P_658_address0  |  out|    5|   ap_memory|  p_ZZN9gdn_mxfp818gdn_mxfp8_top_implEhthhPA128_K7ap_uintILi8EEPA4_S2_S4_S6_S4_S6_P_658|         array|
|p_ZZN9gdn_mxfp818gdn_mxfp8_top_implEhthhPA128_K7ap_uintILi8EEPA4_S2_S4_S6_S4_S6_P_658_ce0       |  out|    1|   ap_memory|  p_ZZN9gdn_mxfp818gdn_mxfp8_top_implEhthhPA128_K7ap_uintILi8EEPA4_S2_S4_S6_S4_S6_P_658|         array|
|p_ZZN9gdn_mxfp818gdn_mxfp8_top_implEhthhPA128_K7ap_uintILi8EEPA4_S2_S4_S6_S4_S6_P_658_we0       |  out|    1|   ap_memory|  p_ZZN9gdn_mxfp818gdn_mxfp8_top_implEhthhPA128_K7ap_uintILi8EEPA4_S2_S4_S6_S4_S6_P_658|         array|
|p_ZZN9gdn_mxfp818gdn_mxfp8_top_implEhthhPA128_K7ap_uintILi8EEPA4_S2_S4_S6_S4_S6_P_658_d0        |  out|    8|   ap_memory|  p_ZZN9gdn_mxfp818gdn_mxfp8_top_implEhthhPA128_K7ap_uintILi8EEPA4_S2_S4_S6_S4_S6_P_658|         array|
|p_ZZN9gdn_mxfp818gdn_mxfp8_top_implEhthhPA128_K7ap_uintILi8EEPA4_S2_S4_S6_S4_S6_P_659_address0  |  out|    5|   ap_memory|  p_ZZN9gdn_mxfp818gdn_mxfp8_top_implEhthhPA128_K7ap_uintILi8EEPA4_S2_S4_S6_S4_S6_P_659|         array|
|p_ZZN9gdn_mxfp818gdn_mxfp8_top_implEhthhPA128_K7ap_uintILi8EEPA4_S2_S4_S6_S4_S6_P_659_ce0       |  out|    1|   ap_memory|  p_ZZN9gdn_mxfp818gdn_mxfp8_top_implEhthhPA128_K7ap_uintILi8EEPA4_S2_S4_S6_S4_S6_P_659|         array|
|p_ZZN9gdn_mxfp818gdn_mxfp8_top_implEhthhPA128_K7ap_uintILi8EEPA4_S2_S4_S6_S4_S6_P_659_we0       |  out|    1|   ap_memory|  p_ZZN9gdn_mxfp818gdn_mxfp8_top_implEhthhPA128_K7ap_uintILi8EEPA4_S2_S4_S6_S4_S6_P_659|         array|
|p_ZZN9gdn_mxfp818gdn_mxfp8_top_implEhthhPA128_K7ap_uintILi8EEPA4_S2_S4_S6_S4_S6_P_659_d0        |  out|    8|   ap_memory|  p_ZZN9gdn_mxfp818gdn_mxfp8_top_implEhthhPA128_K7ap_uintILi8EEPA4_S2_S4_S6_S4_S6_P_659|         array|
|p_ZZN9gdn_mxfp818gdn_mxfp8_top_implEhthhPA128_K7ap_uintILi8EEPA4_S2_S4_S6_S4_S6_P_660_address0  |  out|    5|   ap_memory|  p_ZZN9gdn_mxfp818gdn_mxfp8_top_implEhthhPA128_K7ap_uintILi8EEPA4_S2_S4_S6_S4_S6_P_660|         array|
|p_ZZN9gdn_mxfp818gdn_mxfp8_top_implEhthhPA128_K7ap_uintILi8EEPA4_S2_S4_S6_S4_S6_P_660_ce0       |  out|    1|   ap_memory|  p_ZZN9gdn_mxfp818gdn_mxfp8_top_implEhthhPA128_K7ap_uintILi8EEPA4_S2_S4_S6_S4_S6_P_660|         array|
|p_ZZN9gdn_mxfp818gdn_mxfp8_top_implEhthhPA128_K7ap_uintILi8EEPA4_S2_S4_S6_S4_S6_P_660_we0       |  out|    1|   ap_memory|  p_ZZN9gdn_mxfp818gdn_mxfp8_top_implEhthhPA128_K7ap_uintILi8EEPA4_S2_S4_S6_S4_S6_P_660|         array|
|p_ZZN9gdn_mxfp818gdn_mxfp8_top_implEhthhPA128_K7ap_uintILi8EEPA4_S2_S4_S6_S4_S6_P_660_d0        |  out|    8|   ap_memory|  p_ZZN9gdn_mxfp818gdn_mxfp8_top_implEhthhPA128_K7ap_uintILi8EEPA4_S2_S4_S6_S4_S6_P_660|         array|
|p_ZZN9gdn_mxfp818gdn_mxfp8_top_implEhthhPA128_K7ap_uintILi8EEPA4_S2_S4_S6_S4_S6_P_661_address0  |  out|    5|   ap_memory|  p_ZZN9gdn_mxfp818gdn_mxfp8_top_implEhthhPA128_K7ap_uintILi8EEPA4_S2_S4_S6_S4_S6_P_661|         array|
|p_ZZN9gdn_mxfp818gdn_mxfp8_top_implEhthhPA128_K7ap_uintILi8EEPA4_S2_S4_S6_S4_S6_P_661_ce0       |  out|    1|   ap_memory|  p_ZZN9gdn_mxfp818gdn_mxfp8_top_implEhthhPA128_K7ap_uintILi8EEPA4_S2_S4_S6_S4_S6_P_661|         array|
|p_ZZN9gdn_mxfp818gdn_mxfp8_top_implEhthhPA128_K7ap_uintILi8EEPA4_S2_S4_S6_S4_S6_P_661_we0       |  out|    1|   ap_memory|  p_ZZN9gdn_mxfp818gdn_mxfp8_top_implEhthhPA128_K7ap_uintILi8EEPA4_S2_S4_S6_S4_S6_P_661|         array|
|p_ZZN9gdn_mxfp818gdn_mxfp8_top_implEhthhPA128_K7ap_uintILi8EEPA4_S2_S4_S6_S4_S6_P_661_d0        |  out|    8|   ap_memory|  p_ZZN9gdn_mxfp818gdn_mxfp8_top_implEhthhPA128_K7ap_uintILi8EEPA4_S2_S4_S6_S4_S6_P_661|         array|
|p_ZZN9gdn_mxfp818gdn_mxfp8_top_implEhthhPA128_K7ap_uintILi8EEPA4_S2_S4_S6_S4_S6_P_662_address0  |  out|    5|   ap_memory|  p_ZZN9gdn_mxfp818gdn_mxfp8_top_implEhthhPA128_K7ap_uintILi8EEPA4_S2_S4_S6_S4_S6_P_662|         array|
|p_ZZN9gdn_mxfp818gdn_mxfp8_top_implEhthhPA128_K7ap_uintILi8EEPA4_S2_S4_S6_S4_S6_P_662_ce0       |  out|    1|   ap_memory|  p_ZZN9gdn_mxfp818gdn_mxfp8_top_implEhthhPA128_K7ap_uintILi8EEPA4_S2_S4_S6_S4_S6_P_662|         array|
|p_ZZN9gdn_mxfp818gdn_mxfp8_top_implEhthhPA128_K7ap_uintILi8EEPA4_S2_S4_S6_S4_S6_P_662_we0       |  out|    1|   ap_memory|  p_ZZN9gdn_mxfp818gdn_mxfp8_top_implEhthhPA128_K7ap_uintILi8EEPA4_S2_S4_S6_S4_S6_P_662|         array|
|p_ZZN9gdn_mxfp818gdn_mxfp8_top_implEhthhPA128_K7ap_uintILi8EEPA4_S2_S4_S6_S4_S6_P_662_d0        |  out|    8|   ap_memory|  p_ZZN9gdn_mxfp818gdn_mxfp8_top_implEhthhPA128_K7ap_uintILi8EEPA4_S2_S4_S6_S4_S6_P_662|         array|
|p_ZZN9gdn_mxfp818gdn_mxfp8_top_implEhthhPA128_K7ap_uintILi8EEPA4_S2_S4_S6_S4_S6_P_663_address0  |  out|    5|   ap_memory|  p_ZZN9gdn_mxfp818gdn_mxfp8_top_implEhthhPA128_K7ap_uintILi8EEPA4_S2_S4_S6_S4_S6_P_663|         array|
|p_ZZN9gdn_mxfp818gdn_mxfp8_top_implEhthhPA128_K7ap_uintILi8EEPA4_S2_S4_S6_S4_S6_P_663_ce0       |  out|    1|   ap_memory|  p_ZZN9gdn_mxfp818gdn_mxfp8_top_implEhthhPA128_K7ap_uintILi8EEPA4_S2_S4_S6_S4_S6_P_663|         array|
|p_ZZN9gdn_mxfp818gdn_mxfp8_top_implEhthhPA128_K7ap_uintILi8EEPA4_S2_S4_S6_S4_S6_P_663_we0       |  out|    1|   ap_memory|  p_ZZN9gdn_mxfp818gdn_mxfp8_top_implEhthhPA128_K7ap_uintILi8EEPA4_S2_S4_S6_S4_S6_P_663|         array|
|p_ZZN9gdn_mxfp818gdn_mxfp8_top_implEhthhPA128_K7ap_uintILi8EEPA4_S2_S4_S6_S4_S6_P_663_d0        |  out|    8|   ap_memory|  p_ZZN9gdn_mxfp818gdn_mxfp8_top_implEhthhPA128_K7ap_uintILi8EEPA4_S2_S4_S6_S4_S6_P_663|         array|
|p_ZZN9gdn_mxfp818gdn_mxfp8_top_implEhthhPA128_K7ap_uintILi8EEPA4_S2_S4_S6_S4_S6_P_664_address0  |  out|    5|   ap_memory|  p_ZZN9gdn_mxfp818gdn_mxfp8_top_implEhthhPA128_K7ap_uintILi8EEPA4_S2_S4_S6_S4_S6_P_664|         array|
|p_ZZN9gdn_mxfp818gdn_mxfp8_top_implEhthhPA128_K7ap_uintILi8EEPA4_S2_S4_S6_S4_S6_P_664_ce0       |  out|    1|   ap_memory|  p_ZZN9gdn_mxfp818gdn_mxfp8_top_implEhthhPA128_K7ap_uintILi8EEPA4_S2_S4_S6_S4_S6_P_664|         array|
|p_ZZN9gdn_mxfp818gdn_mxfp8_top_implEhthhPA128_K7ap_uintILi8EEPA4_S2_S4_S6_S4_S6_P_664_we0       |  out|    1|   ap_memory|  p_ZZN9gdn_mxfp818gdn_mxfp8_top_implEhthhPA128_K7ap_uintILi8EEPA4_S2_S4_S6_S4_S6_P_664|         array|
|p_ZZN9gdn_mxfp818gdn_mxfp8_top_implEhthhPA128_K7ap_uintILi8EEPA4_S2_S4_S6_S4_S6_P_664_d0        |  out|    8|   ap_memory|  p_ZZN9gdn_mxfp818gdn_mxfp8_top_implEhthhPA128_K7ap_uintILi8EEPA4_S2_S4_S6_S4_S6_P_664|         array|
|p_ZZN9gdn_mxfp818gdn_mxfp8_top_implEhthhPA128_K7ap_uintILi8EEPA4_S2_S4_S6_S4_S6_P_665_address0  |  out|    5|   ap_memory|  p_ZZN9gdn_mxfp818gdn_mxfp8_top_implEhthhPA128_K7ap_uintILi8EEPA4_S2_S4_S6_S4_S6_P_665|         array|
|p_ZZN9gdn_mxfp818gdn_mxfp8_top_implEhthhPA128_K7ap_uintILi8EEPA4_S2_S4_S6_S4_S6_P_665_ce0       |  out|    1|   ap_memory|  p_ZZN9gdn_mxfp818gdn_mxfp8_top_implEhthhPA128_K7ap_uintILi8EEPA4_S2_S4_S6_S4_S6_P_665|         array|
|p_ZZN9gdn_mxfp818gdn_mxfp8_top_implEhthhPA128_K7ap_uintILi8EEPA4_S2_S4_S6_S4_S6_P_665_we0       |  out|    1|   ap_memory|  p_ZZN9gdn_mxfp818gdn_mxfp8_top_implEhthhPA128_K7ap_uintILi8EEPA4_S2_S4_S6_S4_S6_P_665|         array|
|p_ZZN9gdn_mxfp818gdn_mxfp8_top_implEhthhPA128_K7ap_uintILi8EEPA4_S2_S4_S6_S4_S6_P_665_d0        |  out|    8|   ap_memory|  p_ZZN9gdn_mxfp818gdn_mxfp8_top_implEhthhPA128_K7ap_uintILi8EEPA4_S2_S4_S6_S4_S6_P_665|         array|
|p_ZZN9gdn_mxfp818gdn_mxfp8_top_implEhthhPA128_K7ap_uintILi8EEPA4_S2_S4_S6_S4_S6_P_666_address0  |  out|    5|   ap_memory|  p_ZZN9gdn_mxfp818gdn_mxfp8_top_implEhthhPA128_K7ap_uintILi8EEPA4_S2_S4_S6_S4_S6_P_666|         array|
|p_ZZN9gdn_mxfp818gdn_mxfp8_top_implEhthhPA128_K7ap_uintILi8EEPA4_S2_S4_S6_S4_S6_P_666_ce0       |  out|    1|   ap_memory|  p_ZZN9gdn_mxfp818gdn_mxfp8_top_implEhthhPA128_K7ap_uintILi8EEPA4_S2_S4_S6_S4_S6_P_666|         array|
|p_ZZN9gdn_mxfp818gdn_mxfp8_top_implEhthhPA128_K7ap_uintILi8EEPA4_S2_S4_S6_S4_S6_P_666_we0       |  out|    1|   ap_memory|  p_ZZN9gdn_mxfp818gdn_mxfp8_top_implEhthhPA128_K7ap_uintILi8EEPA4_S2_S4_S6_S4_S6_P_666|         array|
|p_ZZN9gdn_mxfp818gdn_mxfp8_top_implEhthhPA128_K7ap_uintILi8EEPA4_S2_S4_S6_S4_S6_P_666_d0        |  out|    8|   ap_memory|  p_ZZN9gdn_mxfp818gdn_mxfp8_top_implEhthhPA128_K7ap_uintILi8EEPA4_S2_S4_S6_S4_S6_P_666|         array|
|p_ZZN9gdn_mxfp818gdn_mxfp8_top_implEhthhPA128_K7ap_uintILi8EEPA4_S2_S4_S6_S4_S6_P_667_address0  |  out|    5|   ap_memory|  p_ZZN9gdn_mxfp818gdn_mxfp8_top_implEhthhPA128_K7ap_uintILi8EEPA4_S2_S4_S6_S4_S6_P_667|         array|
|p_ZZN9gdn_mxfp818gdn_mxfp8_top_implEhthhPA128_K7ap_uintILi8EEPA4_S2_S4_S6_S4_S6_P_667_ce0       |  out|    1|   ap_memory|  p_ZZN9gdn_mxfp818gdn_mxfp8_top_implEhthhPA128_K7ap_uintILi8EEPA4_S2_S4_S6_S4_S6_P_667|         array|
|p_ZZN9gdn_mxfp818gdn_mxfp8_top_implEhthhPA128_K7ap_uintILi8EEPA4_S2_S4_S6_S4_S6_P_667_we0       |  out|    1|   ap_memory|  p_ZZN9gdn_mxfp818gdn_mxfp8_top_implEhthhPA128_K7ap_uintILi8EEPA4_S2_S4_S6_S4_S6_P_667|         array|
|p_ZZN9gdn_mxfp818gdn_mxfp8_top_implEhthhPA128_K7ap_uintILi8EEPA4_S2_S4_S6_S4_S6_P_667_d0        |  out|    8|   ap_memory|  p_ZZN9gdn_mxfp818gdn_mxfp8_top_implEhthhPA128_K7ap_uintILi8EEPA4_S2_S4_S6_S4_S6_P_667|         array|
|p_ZZN9gdn_mxfp818gdn_mxfp8_top_implEhthhPA128_K7ap_uintILi8EEPA4_S2_S4_S6_S4_S6_P_668_address0  |  out|    5|   ap_memory|  p_ZZN9gdn_mxfp818gdn_mxfp8_top_implEhthhPA128_K7ap_uintILi8EEPA4_S2_S4_S6_S4_S6_P_668|         array|
|p_ZZN9gdn_mxfp818gdn_mxfp8_top_implEhthhPA128_K7ap_uintILi8EEPA4_S2_S4_S6_S4_S6_P_668_ce0       |  out|    1|   ap_memory|  p_ZZN9gdn_mxfp818gdn_mxfp8_top_implEhthhPA128_K7ap_uintILi8EEPA4_S2_S4_S6_S4_S6_P_668|         array|
|p_ZZN9gdn_mxfp818gdn_mxfp8_top_implEhthhPA128_K7ap_uintILi8EEPA4_S2_S4_S6_S4_S6_P_668_we0       |  out|    1|   ap_memory|  p_ZZN9gdn_mxfp818gdn_mxfp8_top_implEhthhPA128_K7ap_uintILi8EEPA4_S2_S4_S6_S4_S6_P_668|         array|
|p_ZZN9gdn_mxfp818gdn_mxfp8_top_implEhthhPA128_K7ap_uintILi8EEPA4_S2_S4_S6_S4_S6_P_668_d0        |  out|    8|   ap_memory|  p_ZZN9gdn_mxfp818gdn_mxfp8_top_implEhthhPA128_K7ap_uintILi8EEPA4_S2_S4_S6_S4_S6_P_668|         array|
|p_ZZN9gdn_mxfp818gdn_mxfp8_top_implEhthhPA128_K7ap_uintILi8EEPA4_S2_S4_S6_S4_S6_P_669_address0  |  out|    5|   ap_memory|  p_ZZN9gdn_mxfp818gdn_mxfp8_top_implEhthhPA128_K7ap_uintILi8EEPA4_S2_S4_S6_S4_S6_P_669|         array|
|p_ZZN9gdn_mxfp818gdn_mxfp8_top_implEhthhPA128_K7ap_uintILi8EEPA4_S2_S4_S6_S4_S6_P_669_ce0       |  out|    1|   ap_memory|  p_ZZN9gdn_mxfp818gdn_mxfp8_top_implEhthhPA128_K7ap_uintILi8EEPA4_S2_S4_S6_S4_S6_P_669|         array|
|p_ZZN9gdn_mxfp818gdn_mxfp8_top_implEhthhPA128_K7ap_uintILi8EEPA4_S2_S4_S6_S4_S6_P_669_we0       |  out|    1|   ap_memory|  p_ZZN9gdn_mxfp818gdn_mxfp8_top_implEhthhPA128_K7ap_uintILi8EEPA4_S2_S4_S6_S4_S6_P_669|         array|
|p_ZZN9gdn_mxfp818gdn_mxfp8_top_implEhthhPA128_K7ap_uintILi8EEPA4_S2_S4_S6_S4_S6_P_669_d0        |  out|    8|   ap_memory|  p_ZZN9gdn_mxfp818gdn_mxfp8_top_implEhthhPA128_K7ap_uintILi8EEPA4_S2_S4_S6_S4_S6_P_669|         array|
|p_ZZN9gdn_mxfp818gdn_mxfp8_top_implEhthhPA128_K7ap_uintILi8EEPA4_S2_S4_S6_S4_S6_P_670_address0  |  out|    5|   ap_memory|  p_ZZN9gdn_mxfp818gdn_mxfp8_top_implEhthhPA128_K7ap_uintILi8EEPA4_S2_S4_S6_S4_S6_P_670|         array|
|p_ZZN9gdn_mxfp818gdn_mxfp8_top_implEhthhPA128_K7ap_uintILi8EEPA4_S2_S4_S6_S4_S6_P_670_ce0       |  out|    1|   ap_memory|  p_ZZN9gdn_mxfp818gdn_mxfp8_top_implEhthhPA128_K7ap_uintILi8EEPA4_S2_S4_S6_S4_S6_P_670|         array|
|p_ZZN9gdn_mxfp818gdn_mxfp8_top_implEhthhPA128_K7ap_uintILi8EEPA4_S2_S4_S6_S4_S6_P_670_we0       |  out|    1|   ap_memory|  p_ZZN9gdn_mxfp818gdn_mxfp8_top_implEhthhPA128_K7ap_uintILi8EEPA4_S2_S4_S6_S4_S6_P_670|         array|
|p_ZZN9gdn_mxfp818gdn_mxfp8_top_implEhthhPA128_K7ap_uintILi8EEPA4_S2_S4_S6_S4_S6_P_670_d0        |  out|    8|   ap_memory|  p_ZZN9gdn_mxfp818gdn_mxfp8_top_implEhthhPA128_K7ap_uintILi8EEPA4_S2_S4_S6_S4_S6_P_670|         array|
|p_ZZN9gdn_mxfp818gdn_mxfp8_top_implEhthhPA128_K7ap_uintILi8EEPA4_S2_S4_S6_S4_S6_P_671_address0  |  out|    5|   ap_memory|  p_ZZN9gdn_mxfp818gdn_mxfp8_top_implEhthhPA128_K7ap_uintILi8EEPA4_S2_S4_S6_S4_S6_P_671|         array|
|p_ZZN9gdn_mxfp818gdn_mxfp8_top_implEhthhPA128_K7ap_uintILi8EEPA4_S2_S4_S6_S4_S6_P_671_ce0       |  out|    1|   ap_memory|  p_ZZN9gdn_mxfp818gdn_mxfp8_top_implEhthhPA128_K7ap_uintILi8EEPA4_S2_S4_S6_S4_S6_P_671|         array|
|p_ZZN9gdn_mxfp818gdn_mxfp8_top_implEhthhPA128_K7ap_uintILi8EEPA4_S2_S4_S6_S4_S6_P_671_we0       |  out|    1|   ap_memory|  p_ZZN9gdn_mxfp818gdn_mxfp8_top_implEhthhPA128_K7ap_uintILi8EEPA4_S2_S4_S6_S4_S6_P_671|         array|
|p_ZZN9gdn_mxfp818gdn_mxfp8_top_implEhthhPA128_K7ap_uintILi8EEPA4_S2_S4_S6_S4_S6_P_671_d0        |  out|    8|   ap_memory|  p_ZZN9gdn_mxfp818gdn_mxfp8_top_implEhthhPA128_K7ap_uintILi8EEPA4_S2_S4_S6_S4_S6_P_671|         array|
|p_ZZN9gdn_mxfp818gdn_mxfp8_top_implEhthhPA128_K7ap_uintILi8EEPA4_S2_S4_S6_S4_S6_P_672_address0  |  out|    5|   ap_memory|  p_ZZN9gdn_mxfp818gdn_mxfp8_top_implEhthhPA128_K7ap_uintILi8EEPA4_S2_S4_S6_S4_S6_P_672|         array|
|p_ZZN9gdn_mxfp818gdn_mxfp8_top_implEhthhPA128_K7ap_uintILi8EEPA4_S2_S4_S6_S4_S6_P_672_ce0       |  out|    1|   ap_memory|  p_ZZN9gdn_mxfp818gdn_mxfp8_top_implEhthhPA128_K7ap_uintILi8EEPA4_S2_S4_S6_S4_S6_P_672|         array|
|p_ZZN9gdn_mxfp818gdn_mxfp8_top_implEhthhPA128_K7ap_uintILi8EEPA4_S2_S4_S6_S4_S6_P_672_we0       |  out|    1|   ap_memory|  p_ZZN9gdn_mxfp818gdn_mxfp8_top_implEhthhPA128_K7ap_uintILi8EEPA4_S2_S4_S6_S4_S6_P_672|         array|
|p_ZZN9gdn_mxfp818gdn_mxfp8_top_implEhthhPA128_K7ap_uintILi8EEPA4_S2_S4_S6_S4_S6_P_672_d0        |  out|    8|   ap_memory|  p_ZZN9gdn_mxfp818gdn_mxfp8_top_implEhthhPA128_K7ap_uintILi8EEPA4_S2_S4_S6_S4_S6_P_672|         array|
|p_ZZN9gdn_mxfp818gdn_mxfp8_top_implEhthhPA128_K7ap_uintILi8EEPA4_S2_S4_S6_S4_S6_P_673_address0  |  out|    5|   ap_memory|  p_ZZN9gdn_mxfp818gdn_mxfp8_top_implEhthhPA128_K7ap_uintILi8EEPA4_S2_S4_S6_S4_S6_P_673|         array|
|p_ZZN9gdn_mxfp818gdn_mxfp8_top_implEhthhPA128_K7ap_uintILi8EEPA4_S2_S4_S6_S4_S6_P_673_ce0       |  out|    1|   ap_memory|  p_ZZN9gdn_mxfp818gdn_mxfp8_top_implEhthhPA128_K7ap_uintILi8EEPA4_S2_S4_S6_S4_S6_P_673|         array|
|p_ZZN9gdn_mxfp818gdn_mxfp8_top_implEhthhPA128_K7ap_uintILi8EEPA4_S2_S4_S6_S4_S6_P_673_we0       |  out|    1|   ap_memory|  p_ZZN9gdn_mxfp818gdn_mxfp8_top_implEhthhPA128_K7ap_uintILi8EEPA4_S2_S4_S6_S4_S6_P_673|         array|
|p_ZZN9gdn_mxfp818gdn_mxfp8_top_implEhthhPA128_K7ap_uintILi8EEPA4_S2_S4_S6_S4_S6_P_673_d0        |  out|    8|   ap_memory|  p_ZZN9gdn_mxfp818gdn_mxfp8_top_implEhthhPA128_K7ap_uintILi8EEPA4_S2_S4_S6_S4_S6_P_673|         array|
|p_ZZN9gdn_mxfp818gdn_mxfp8_top_implEhthhPA128_K7ap_uintILi8EEPA4_S2_S4_S6_S4_S6_P_674_address0  |  out|    5|   ap_memory|  p_ZZN9gdn_mxfp818gdn_mxfp8_top_implEhthhPA128_K7ap_uintILi8EEPA4_S2_S4_S6_S4_S6_P_674|         array|
|p_ZZN9gdn_mxfp818gdn_mxfp8_top_implEhthhPA128_K7ap_uintILi8EEPA4_S2_S4_S6_S4_S6_P_674_ce0       |  out|    1|   ap_memory|  p_ZZN9gdn_mxfp818gdn_mxfp8_top_implEhthhPA128_K7ap_uintILi8EEPA4_S2_S4_S6_S4_S6_P_674|         array|
|p_ZZN9gdn_mxfp818gdn_mxfp8_top_implEhthhPA128_K7ap_uintILi8EEPA4_S2_S4_S6_S4_S6_P_674_we0       |  out|    1|   ap_memory|  p_ZZN9gdn_mxfp818gdn_mxfp8_top_implEhthhPA128_K7ap_uintILi8EEPA4_S2_S4_S6_S4_S6_P_674|         array|
|p_ZZN9gdn_mxfp818gdn_mxfp8_top_implEhthhPA128_K7ap_uintILi8EEPA4_S2_S4_S6_S4_S6_P_674_d0        |  out|    8|   ap_memory|  p_ZZN9gdn_mxfp818gdn_mxfp8_top_implEhthhPA128_K7ap_uintILi8EEPA4_S2_S4_S6_S4_S6_P_674|         array|
|p_ZZN9gdn_mxfp818gdn_mxfp8_top_implEhthhPA128_K7ap_uintILi8EEPA4_S2_S4_S6_S4_S6_P_675_address0  |  out|    5|   ap_memory|  p_ZZN9gdn_mxfp818gdn_mxfp8_top_implEhthhPA128_K7ap_uintILi8EEPA4_S2_S4_S6_S4_S6_P_675|         array|
|p_ZZN9gdn_mxfp818gdn_mxfp8_top_implEhthhPA128_K7ap_uintILi8EEPA4_S2_S4_S6_S4_S6_P_675_ce0       |  out|    1|   ap_memory|  p_ZZN9gdn_mxfp818gdn_mxfp8_top_implEhthhPA128_K7ap_uintILi8EEPA4_S2_S4_S6_S4_S6_P_675|         array|
|p_ZZN9gdn_mxfp818gdn_mxfp8_top_implEhthhPA128_K7ap_uintILi8EEPA4_S2_S4_S6_S4_S6_P_675_we0       |  out|    1|   ap_memory|  p_ZZN9gdn_mxfp818gdn_mxfp8_top_implEhthhPA128_K7ap_uintILi8EEPA4_S2_S4_S6_S4_S6_P_675|         array|
|p_ZZN9gdn_mxfp818gdn_mxfp8_top_implEhthhPA128_K7ap_uintILi8EEPA4_S2_S4_S6_S4_S6_P_675_d0        |  out|    8|   ap_memory|  p_ZZN9gdn_mxfp818gdn_mxfp8_top_implEhthhPA128_K7ap_uintILi8EEPA4_S2_S4_S6_S4_S6_P_675|         array|
|p_ZZN9gdn_mxfp818gdn_mxfp8_top_implEhthhPA128_K7ap_uintILi8EEPA4_S2_S4_S6_S4_S6_P_676_address0  |  out|    5|   ap_memory|  p_ZZN9gdn_mxfp818gdn_mxfp8_top_implEhthhPA128_K7ap_uintILi8EEPA4_S2_S4_S6_S4_S6_P_676|         array|
|p_ZZN9gdn_mxfp818gdn_mxfp8_top_implEhthhPA128_K7ap_uintILi8EEPA4_S2_S4_S6_S4_S6_P_676_ce0       |  out|    1|   ap_memory|  p_ZZN9gdn_mxfp818gdn_mxfp8_top_implEhthhPA128_K7ap_uintILi8EEPA4_S2_S4_S6_S4_S6_P_676|         array|
|p_ZZN9gdn_mxfp818gdn_mxfp8_top_implEhthhPA128_K7ap_uintILi8EEPA4_S2_S4_S6_S4_S6_P_676_we0       |  out|    1|   ap_memory|  p_ZZN9gdn_mxfp818gdn_mxfp8_top_implEhthhPA128_K7ap_uintILi8EEPA4_S2_S4_S6_S4_S6_P_676|         array|
|p_ZZN9gdn_mxfp818gdn_mxfp8_top_implEhthhPA128_K7ap_uintILi8EEPA4_S2_S4_S6_S4_S6_P_676_d0        |  out|    8|   ap_memory|  p_ZZN9gdn_mxfp818gdn_mxfp8_top_implEhthhPA128_K7ap_uintILi8EEPA4_S2_S4_S6_S4_S6_P_676|         array|
|p_ZZN9gdn_mxfp818gdn_mxfp8_top_implEhthhPA128_K7ap_uintILi8EEPA4_S2_S4_S6_S4_S6_P_677_address0  |  out|    5|   ap_memory|  p_ZZN9gdn_mxfp818gdn_mxfp8_top_implEhthhPA128_K7ap_uintILi8EEPA4_S2_S4_S6_S4_S6_P_677|         array|
|p_ZZN9gdn_mxfp818gdn_mxfp8_top_implEhthhPA128_K7ap_uintILi8EEPA4_S2_S4_S6_S4_S6_P_677_ce0       |  out|    1|   ap_memory|  p_ZZN9gdn_mxfp818gdn_mxfp8_top_implEhthhPA128_K7ap_uintILi8EEPA4_S2_S4_S6_S4_S6_P_677|         array|
|p_ZZN9gdn_mxfp818gdn_mxfp8_top_implEhthhPA128_K7ap_uintILi8EEPA4_S2_S4_S6_S4_S6_P_677_we0       |  out|    1|   ap_memory|  p_ZZN9gdn_mxfp818gdn_mxfp8_top_implEhthhPA128_K7ap_uintILi8EEPA4_S2_S4_S6_S4_S6_P_677|         array|
|p_ZZN9gdn_mxfp818gdn_mxfp8_top_implEhthhPA128_K7ap_uintILi8EEPA4_S2_S4_S6_S4_S6_P_677_d0        |  out|    8|   ap_memory|  p_ZZN9gdn_mxfp818gdn_mxfp8_top_implEhthhPA128_K7ap_uintILi8EEPA4_S2_S4_S6_S4_S6_P_677|         array|
|p_ZZN9gdn_mxfp818gdn_mxfp8_top_implEhthhPA128_K7ap_uintILi8EEPA4_S2_S4_S6_S4_S6_P_678_address0  |  out|    5|   ap_memory|  p_ZZN9gdn_mxfp818gdn_mxfp8_top_implEhthhPA128_K7ap_uintILi8EEPA4_S2_S4_S6_S4_S6_P_678|         array|
|p_ZZN9gdn_mxfp818gdn_mxfp8_top_implEhthhPA128_K7ap_uintILi8EEPA4_S2_S4_S6_S4_S6_P_678_ce0       |  out|    1|   ap_memory|  p_ZZN9gdn_mxfp818gdn_mxfp8_top_implEhthhPA128_K7ap_uintILi8EEPA4_S2_S4_S6_S4_S6_P_678|         array|
|p_ZZN9gdn_mxfp818gdn_mxfp8_top_implEhthhPA128_K7ap_uintILi8EEPA4_S2_S4_S6_S4_S6_P_678_we0       |  out|    1|   ap_memory|  p_ZZN9gdn_mxfp818gdn_mxfp8_top_implEhthhPA128_K7ap_uintILi8EEPA4_S2_S4_S6_S4_S6_P_678|         array|
|p_ZZN9gdn_mxfp818gdn_mxfp8_top_implEhthhPA128_K7ap_uintILi8EEPA4_S2_S4_S6_S4_S6_P_678_d0        |  out|    8|   ap_memory|  p_ZZN9gdn_mxfp818gdn_mxfp8_top_implEhthhPA128_K7ap_uintILi8EEPA4_S2_S4_S6_S4_S6_P_678|         array|
|p_ZZN9gdn_mxfp818gdn_mxfp8_top_implEhthhPA128_K7ap_uintILi8EEPA4_S2_S4_S6_S4_S6_P_679_address0  |  out|    5|   ap_memory|  p_ZZN9gdn_mxfp818gdn_mxfp8_top_implEhthhPA128_K7ap_uintILi8EEPA4_S2_S4_S6_S4_S6_P_679|         array|
|p_ZZN9gdn_mxfp818gdn_mxfp8_top_implEhthhPA128_K7ap_uintILi8EEPA4_S2_S4_S6_S4_S6_P_679_ce0       |  out|    1|   ap_memory|  p_ZZN9gdn_mxfp818gdn_mxfp8_top_implEhthhPA128_K7ap_uintILi8EEPA4_S2_S4_S6_S4_S6_P_679|         array|
|p_ZZN9gdn_mxfp818gdn_mxfp8_top_implEhthhPA128_K7ap_uintILi8EEPA4_S2_S4_S6_S4_S6_P_679_we0       |  out|    1|   ap_memory|  p_ZZN9gdn_mxfp818gdn_mxfp8_top_implEhthhPA128_K7ap_uintILi8EEPA4_S2_S4_S6_S4_S6_P_679|         array|
|p_ZZN9gdn_mxfp818gdn_mxfp8_top_implEhthhPA128_K7ap_uintILi8EEPA4_S2_S4_S6_S4_S6_P_679_d0        |  out|    8|   ap_memory|  p_ZZN9gdn_mxfp818gdn_mxfp8_top_implEhthhPA128_K7ap_uintILi8EEPA4_S2_S4_S6_S4_S6_P_679|         array|
|p_ZZN9gdn_mxfp818gdn_mxfp8_top_implEhthhPA128_K7ap_uintILi8EEPA4_S2_S4_S6_S4_S6_P_680_address0  |  out|    5|   ap_memory|  p_ZZN9gdn_mxfp818gdn_mxfp8_top_implEhthhPA128_K7ap_uintILi8EEPA4_S2_S4_S6_S4_S6_P_680|         array|
|p_ZZN9gdn_mxfp818gdn_mxfp8_top_implEhthhPA128_K7ap_uintILi8EEPA4_S2_S4_S6_S4_S6_P_680_ce0       |  out|    1|   ap_memory|  p_ZZN9gdn_mxfp818gdn_mxfp8_top_implEhthhPA128_K7ap_uintILi8EEPA4_S2_S4_S6_S4_S6_P_680|         array|
|p_ZZN9gdn_mxfp818gdn_mxfp8_top_implEhthhPA128_K7ap_uintILi8EEPA4_S2_S4_S6_S4_S6_P_680_we0       |  out|    1|   ap_memory|  p_ZZN9gdn_mxfp818gdn_mxfp8_top_implEhthhPA128_K7ap_uintILi8EEPA4_S2_S4_S6_S4_S6_P_680|         array|
|p_ZZN9gdn_mxfp818gdn_mxfp8_top_implEhthhPA128_K7ap_uintILi8EEPA4_S2_S4_S6_S4_S6_P_680_d0        |  out|    8|   ap_memory|  p_ZZN9gdn_mxfp818gdn_mxfp8_top_implEhthhPA128_K7ap_uintILi8EEPA4_S2_S4_S6_S4_S6_P_680|         array|
|p_ZZN9gdn_mxfp818gdn_mxfp8_top_implEhthhPA128_K7ap_uintILi8EEPA4_S2_S4_S6_S4_S6_P_681_address0  |  out|    5|   ap_memory|  p_ZZN9gdn_mxfp818gdn_mxfp8_top_implEhthhPA128_K7ap_uintILi8EEPA4_S2_S4_S6_S4_S6_P_681|         array|
|p_ZZN9gdn_mxfp818gdn_mxfp8_top_implEhthhPA128_K7ap_uintILi8EEPA4_S2_S4_S6_S4_S6_P_681_ce0       |  out|    1|   ap_memory|  p_ZZN9gdn_mxfp818gdn_mxfp8_top_implEhthhPA128_K7ap_uintILi8EEPA4_S2_S4_S6_S4_S6_P_681|         array|
|p_ZZN9gdn_mxfp818gdn_mxfp8_top_implEhthhPA128_K7ap_uintILi8EEPA4_S2_S4_S6_S4_S6_P_681_we0       |  out|    1|   ap_memory|  p_ZZN9gdn_mxfp818gdn_mxfp8_top_implEhthhPA128_K7ap_uintILi8EEPA4_S2_S4_S6_S4_S6_P_681|         array|
|p_ZZN9gdn_mxfp818gdn_mxfp8_top_implEhthhPA128_K7ap_uintILi8EEPA4_S2_S4_S6_S4_S6_P_681_d0        |  out|    8|   ap_memory|  p_ZZN9gdn_mxfp818gdn_mxfp8_top_implEhthhPA128_K7ap_uintILi8EEPA4_S2_S4_S6_S4_S6_P_681|         array|
|p_ZZN9gdn_mxfp818gdn_mxfp8_top_implEhthhPA128_K7ap_uintILi8EEPA4_S2_S4_S6_S4_S6_P_682_address0  |  out|    5|   ap_memory|  p_ZZN9gdn_mxfp818gdn_mxfp8_top_implEhthhPA128_K7ap_uintILi8EEPA4_S2_S4_S6_S4_S6_P_682|         array|
|p_ZZN9gdn_mxfp818gdn_mxfp8_top_implEhthhPA128_K7ap_uintILi8EEPA4_S2_S4_S6_S4_S6_P_682_ce0       |  out|    1|   ap_memory|  p_ZZN9gdn_mxfp818gdn_mxfp8_top_implEhthhPA128_K7ap_uintILi8EEPA4_S2_S4_S6_S4_S6_P_682|         array|
|p_ZZN9gdn_mxfp818gdn_mxfp8_top_implEhthhPA128_K7ap_uintILi8EEPA4_S2_S4_S6_S4_S6_P_682_we0       |  out|    1|   ap_memory|  p_ZZN9gdn_mxfp818gdn_mxfp8_top_implEhthhPA128_K7ap_uintILi8EEPA4_S2_S4_S6_S4_S6_P_682|         array|
|p_ZZN9gdn_mxfp818gdn_mxfp8_top_implEhthhPA128_K7ap_uintILi8EEPA4_S2_S4_S6_S4_S6_P_682_d0        |  out|    8|   ap_memory|  p_ZZN9gdn_mxfp818gdn_mxfp8_top_implEhthhPA128_K7ap_uintILi8EEPA4_S2_S4_S6_S4_S6_P_682|         array|
|p_ZZN9gdn_mxfp818gdn_mxfp8_top_implEhthhPA128_K7ap_uintILi8EEPA4_S2_S4_S6_S4_S6_P_683_address0  |  out|    5|   ap_memory|  p_ZZN9gdn_mxfp818gdn_mxfp8_top_implEhthhPA128_K7ap_uintILi8EEPA4_S2_S4_S6_S4_S6_P_683|         array|
|p_ZZN9gdn_mxfp818gdn_mxfp8_top_implEhthhPA128_K7ap_uintILi8EEPA4_S2_S4_S6_S4_S6_P_683_ce0       |  out|    1|   ap_memory|  p_ZZN9gdn_mxfp818gdn_mxfp8_top_implEhthhPA128_K7ap_uintILi8EEPA4_S2_S4_S6_S4_S6_P_683|         array|
|p_ZZN9gdn_mxfp818gdn_mxfp8_top_implEhthhPA128_K7ap_uintILi8EEPA4_S2_S4_S6_S4_S6_P_683_we0       |  out|    1|   ap_memory|  p_ZZN9gdn_mxfp818gdn_mxfp8_top_implEhthhPA128_K7ap_uintILi8EEPA4_S2_S4_S6_S4_S6_P_683|         array|
|p_ZZN9gdn_mxfp818gdn_mxfp8_top_implEhthhPA128_K7ap_uintILi8EEPA4_S2_S4_S6_S4_S6_P_683_d0        |  out|    8|   ap_memory|  p_ZZN9gdn_mxfp818gdn_mxfp8_top_implEhthhPA128_K7ap_uintILi8EEPA4_S2_S4_S6_S4_S6_P_683|         array|
|p_ZZN9gdn_mxfp818gdn_mxfp8_top_implEhthhPA128_K7ap_uintILi8EEPA4_S2_S4_S6_S4_S6_P_684_address0  |  out|    5|   ap_memory|  p_ZZN9gdn_mxfp818gdn_mxfp8_top_implEhthhPA128_K7ap_uintILi8EEPA4_S2_S4_S6_S4_S6_P_684|         array|
|p_ZZN9gdn_mxfp818gdn_mxfp8_top_implEhthhPA128_K7ap_uintILi8EEPA4_S2_S4_S6_S4_S6_P_684_ce0       |  out|    1|   ap_memory|  p_ZZN9gdn_mxfp818gdn_mxfp8_top_implEhthhPA128_K7ap_uintILi8EEPA4_S2_S4_S6_S4_S6_P_684|         array|
|p_ZZN9gdn_mxfp818gdn_mxfp8_top_implEhthhPA128_K7ap_uintILi8EEPA4_S2_S4_S6_S4_S6_P_684_we0       |  out|    1|   ap_memory|  p_ZZN9gdn_mxfp818gdn_mxfp8_top_implEhthhPA128_K7ap_uintILi8EEPA4_S2_S4_S6_S4_S6_P_684|         array|
|p_ZZN9gdn_mxfp818gdn_mxfp8_top_implEhthhPA128_K7ap_uintILi8EEPA4_S2_S4_S6_S4_S6_P_684_d0        |  out|    8|   ap_memory|  p_ZZN9gdn_mxfp818gdn_mxfp8_top_implEhthhPA128_K7ap_uintILi8EEPA4_S2_S4_S6_S4_S6_P_684|         array|
|p_ZZN9gdn_mxfp818gdn_mxfp8_top_implEhthhPA128_K7ap_uintILi8EEPA4_S2_S4_S6_S4_S6_P_685_address0  |  out|    5|   ap_memory|  p_ZZN9gdn_mxfp818gdn_mxfp8_top_implEhthhPA128_K7ap_uintILi8EEPA4_S2_S4_S6_S4_S6_P_685|         array|
|p_ZZN9gdn_mxfp818gdn_mxfp8_top_implEhthhPA128_K7ap_uintILi8EEPA4_S2_S4_S6_S4_S6_P_685_ce0       |  out|    1|   ap_memory|  p_ZZN9gdn_mxfp818gdn_mxfp8_top_implEhthhPA128_K7ap_uintILi8EEPA4_S2_S4_S6_S4_S6_P_685|         array|
|p_ZZN9gdn_mxfp818gdn_mxfp8_top_implEhthhPA128_K7ap_uintILi8EEPA4_S2_S4_S6_S4_S6_P_685_we0       |  out|    1|   ap_memory|  p_ZZN9gdn_mxfp818gdn_mxfp8_top_implEhthhPA128_K7ap_uintILi8EEPA4_S2_S4_S6_S4_S6_P_685|         array|
|p_ZZN9gdn_mxfp818gdn_mxfp8_top_implEhthhPA128_K7ap_uintILi8EEPA4_S2_S4_S6_S4_S6_P_685_d0        |  out|    8|   ap_memory|  p_ZZN9gdn_mxfp818gdn_mxfp8_top_implEhthhPA128_K7ap_uintILi8EEPA4_S2_S4_S6_S4_S6_P_685|         array|
|p_ZZN9gdn_mxfp818gdn_mxfp8_top_implEhthhPA128_K7ap_uintILi8EEPA4_S2_S4_S6_S4_S6_P_686_address0  |  out|    5|   ap_memory|  p_ZZN9gdn_mxfp818gdn_mxfp8_top_implEhthhPA128_K7ap_uintILi8EEPA4_S2_S4_S6_S4_S6_P_686|         array|
|p_ZZN9gdn_mxfp818gdn_mxfp8_top_implEhthhPA128_K7ap_uintILi8EEPA4_S2_S4_S6_S4_S6_P_686_ce0       |  out|    1|   ap_memory|  p_ZZN9gdn_mxfp818gdn_mxfp8_top_implEhthhPA128_K7ap_uintILi8EEPA4_S2_S4_S6_S4_S6_P_686|         array|
|p_ZZN9gdn_mxfp818gdn_mxfp8_top_implEhthhPA128_K7ap_uintILi8EEPA4_S2_S4_S6_S4_S6_P_686_we0       |  out|    1|   ap_memory|  p_ZZN9gdn_mxfp818gdn_mxfp8_top_implEhthhPA128_K7ap_uintILi8EEPA4_S2_S4_S6_S4_S6_P_686|         array|
|p_ZZN9gdn_mxfp818gdn_mxfp8_top_implEhthhPA128_K7ap_uintILi8EEPA4_S2_S4_S6_S4_S6_P_686_d0        |  out|    8|   ap_memory|  p_ZZN9gdn_mxfp818gdn_mxfp8_top_implEhthhPA128_K7ap_uintILi8EEPA4_S2_S4_S6_S4_S6_P_686|         array|
|p_ZZN9gdn_mxfp818gdn_mxfp8_top_implEhthhPA128_K7ap_uintILi8EEPA4_S2_S4_S6_S4_S6_P_687_address0  |  out|    5|   ap_memory|  p_ZZN9gdn_mxfp818gdn_mxfp8_top_implEhthhPA128_K7ap_uintILi8EEPA4_S2_S4_S6_S4_S6_P_687|         array|
|p_ZZN9gdn_mxfp818gdn_mxfp8_top_implEhthhPA128_K7ap_uintILi8EEPA4_S2_S4_S6_S4_S6_P_687_ce0       |  out|    1|   ap_memory|  p_ZZN9gdn_mxfp818gdn_mxfp8_top_implEhthhPA128_K7ap_uintILi8EEPA4_S2_S4_S6_S4_S6_P_687|         array|
|p_ZZN9gdn_mxfp818gdn_mxfp8_top_implEhthhPA128_K7ap_uintILi8EEPA4_S2_S4_S6_S4_S6_P_687_we0       |  out|    1|   ap_memory|  p_ZZN9gdn_mxfp818gdn_mxfp8_top_implEhthhPA128_K7ap_uintILi8EEPA4_S2_S4_S6_S4_S6_P_687|         array|
|p_ZZN9gdn_mxfp818gdn_mxfp8_top_implEhthhPA128_K7ap_uintILi8EEPA4_S2_S4_S6_S4_S6_P_687_d0        |  out|    8|   ap_memory|  p_ZZN9gdn_mxfp818gdn_mxfp8_top_implEhthhPA128_K7ap_uintILi8EEPA4_S2_S4_S6_S4_S6_P_687|         array|
|p_ZZN9gdn_mxfp818gdn_mxfp8_top_implEhthhPA128_K7ap_uintILi8EEPA4_S2_S4_S6_S4_S6_P_688_address0  |  out|    5|   ap_memory|  p_ZZN9gdn_mxfp818gdn_mxfp8_top_implEhthhPA128_K7ap_uintILi8EEPA4_S2_S4_S6_S4_S6_P_688|         array|
|p_ZZN9gdn_mxfp818gdn_mxfp8_top_implEhthhPA128_K7ap_uintILi8EEPA4_S2_S4_S6_S4_S6_P_688_ce0       |  out|    1|   ap_memory|  p_ZZN9gdn_mxfp818gdn_mxfp8_top_implEhthhPA128_K7ap_uintILi8EEPA4_S2_S4_S6_S4_S6_P_688|         array|
|p_ZZN9gdn_mxfp818gdn_mxfp8_top_implEhthhPA128_K7ap_uintILi8EEPA4_S2_S4_S6_S4_S6_P_688_we0       |  out|    1|   ap_memory|  p_ZZN9gdn_mxfp818gdn_mxfp8_top_implEhthhPA128_K7ap_uintILi8EEPA4_S2_S4_S6_S4_S6_P_688|         array|
|p_ZZN9gdn_mxfp818gdn_mxfp8_top_implEhthhPA128_K7ap_uintILi8EEPA4_S2_S4_S6_S4_S6_P_688_d0        |  out|    8|   ap_memory|  p_ZZN9gdn_mxfp818gdn_mxfp8_top_implEhthhPA128_K7ap_uintILi8EEPA4_S2_S4_S6_S4_S6_P_688|         array|
|p_ZZN9gdn_mxfp818gdn_mxfp8_top_implEhthhPA128_K7ap_uintILi8EEPA4_S2_S4_S6_S4_S6_P_689_address0  |  out|    5|   ap_memory|  p_ZZN9gdn_mxfp818gdn_mxfp8_top_implEhthhPA128_K7ap_uintILi8EEPA4_S2_S4_S6_S4_S6_P_689|         array|
|p_ZZN9gdn_mxfp818gdn_mxfp8_top_implEhthhPA128_K7ap_uintILi8EEPA4_S2_S4_S6_S4_S6_P_689_ce0       |  out|    1|   ap_memory|  p_ZZN9gdn_mxfp818gdn_mxfp8_top_implEhthhPA128_K7ap_uintILi8EEPA4_S2_S4_S6_S4_S6_P_689|         array|
|p_ZZN9gdn_mxfp818gdn_mxfp8_top_implEhthhPA128_K7ap_uintILi8EEPA4_S2_S4_S6_S4_S6_P_689_we0       |  out|    1|   ap_memory|  p_ZZN9gdn_mxfp818gdn_mxfp8_top_implEhthhPA128_K7ap_uintILi8EEPA4_S2_S4_S6_S4_S6_P_689|         array|
|p_ZZN9gdn_mxfp818gdn_mxfp8_top_implEhthhPA128_K7ap_uintILi8EEPA4_S2_S4_S6_S4_S6_P_689_d0        |  out|    8|   ap_memory|  p_ZZN9gdn_mxfp818gdn_mxfp8_top_implEhthhPA128_K7ap_uintILi8EEPA4_S2_S4_S6_S4_S6_P_689|         array|
|p_ZZN9gdn_mxfp818gdn_mxfp8_top_implEhthhPA128_K7ap_uintILi8EEPA4_S2_S4_S6_S4_S6_P_690_address0  |  out|    5|   ap_memory|  p_ZZN9gdn_mxfp818gdn_mxfp8_top_implEhthhPA128_K7ap_uintILi8EEPA4_S2_S4_S6_S4_S6_P_690|         array|
|p_ZZN9gdn_mxfp818gdn_mxfp8_top_implEhthhPA128_K7ap_uintILi8EEPA4_S2_S4_S6_S4_S6_P_690_ce0       |  out|    1|   ap_memory|  p_ZZN9gdn_mxfp818gdn_mxfp8_top_implEhthhPA128_K7ap_uintILi8EEPA4_S2_S4_S6_S4_S6_P_690|         array|
|p_ZZN9gdn_mxfp818gdn_mxfp8_top_implEhthhPA128_K7ap_uintILi8EEPA4_S2_S4_S6_S4_S6_P_690_we0       |  out|    1|   ap_memory|  p_ZZN9gdn_mxfp818gdn_mxfp8_top_implEhthhPA128_K7ap_uintILi8EEPA4_S2_S4_S6_S4_S6_P_690|         array|
|p_ZZN9gdn_mxfp818gdn_mxfp8_top_implEhthhPA128_K7ap_uintILi8EEPA4_S2_S4_S6_S4_S6_P_690_d0        |  out|    8|   ap_memory|  p_ZZN9gdn_mxfp818gdn_mxfp8_top_implEhthhPA128_K7ap_uintILi8EEPA4_S2_S4_S6_S4_S6_P_690|         array|
|p_ZZN9gdn_mxfp818gdn_mxfp8_top_implEhthhPA128_K7ap_uintILi8EEPA4_S2_S4_S6_S4_S6_P_691_address0  |  out|    5|   ap_memory|  p_ZZN9gdn_mxfp818gdn_mxfp8_top_implEhthhPA128_K7ap_uintILi8EEPA4_S2_S4_S6_S4_S6_P_691|         array|
|p_ZZN9gdn_mxfp818gdn_mxfp8_top_implEhthhPA128_K7ap_uintILi8EEPA4_S2_S4_S6_S4_S6_P_691_ce0       |  out|    1|   ap_memory|  p_ZZN9gdn_mxfp818gdn_mxfp8_top_implEhthhPA128_K7ap_uintILi8EEPA4_S2_S4_S6_S4_S6_P_691|         array|
|p_ZZN9gdn_mxfp818gdn_mxfp8_top_implEhthhPA128_K7ap_uintILi8EEPA4_S2_S4_S6_S4_S6_P_691_we0       |  out|    1|   ap_memory|  p_ZZN9gdn_mxfp818gdn_mxfp8_top_implEhthhPA128_K7ap_uintILi8EEPA4_S2_S4_S6_S4_S6_P_691|         array|
|p_ZZN9gdn_mxfp818gdn_mxfp8_top_implEhthhPA128_K7ap_uintILi8EEPA4_S2_S4_S6_S4_S6_P_691_d0        |  out|    8|   ap_memory|  p_ZZN9gdn_mxfp818gdn_mxfp8_top_implEhthhPA128_K7ap_uintILi8EEPA4_S2_S4_S6_S4_S6_P_691|         array|
|p_ZZN9gdn_mxfp818gdn_mxfp8_top_implEhthhPA128_K7ap_uintILi8EEPA4_S2_S4_S6_S4_S6_P_692_address0  |  out|    5|   ap_memory|  p_ZZN9gdn_mxfp818gdn_mxfp8_top_implEhthhPA128_K7ap_uintILi8EEPA4_S2_S4_S6_S4_S6_P_692|         array|
|p_ZZN9gdn_mxfp818gdn_mxfp8_top_implEhthhPA128_K7ap_uintILi8EEPA4_S2_S4_S6_S4_S6_P_692_ce0       |  out|    1|   ap_memory|  p_ZZN9gdn_mxfp818gdn_mxfp8_top_implEhthhPA128_K7ap_uintILi8EEPA4_S2_S4_S6_S4_S6_P_692|         array|
|p_ZZN9gdn_mxfp818gdn_mxfp8_top_implEhthhPA128_K7ap_uintILi8EEPA4_S2_S4_S6_S4_S6_P_692_we0       |  out|    1|   ap_memory|  p_ZZN9gdn_mxfp818gdn_mxfp8_top_implEhthhPA128_K7ap_uintILi8EEPA4_S2_S4_S6_S4_S6_P_692|         array|
|p_ZZN9gdn_mxfp818gdn_mxfp8_top_implEhthhPA128_K7ap_uintILi8EEPA4_S2_S4_S6_S4_S6_P_692_d0        |  out|    8|   ap_memory|  p_ZZN9gdn_mxfp818gdn_mxfp8_top_implEhthhPA128_K7ap_uintILi8EEPA4_S2_S4_S6_S4_S6_P_692|         array|
|p_ZZN9gdn_mxfp818gdn_mxfp8_top_implEhthhPA128_K7ap_uintILi8EEPA4_S2_S4_S6_S4_S6_P_693_address0  |  out|    5|   ap_memory|  p_ZZN9gdn_mxfp818gdn_mxfp8_top_implEhthhPA128_K7ap_uintILi8EEPA4_S2_S4_S6_S4_S6_P_693|         array|
|p_ZZN9gdn_mxfp818gdn_mxfp8_top_implEhthhPA128_K7ap_uintILi8EEPA4_S2_S4_S6_S4_S6_P_693_ce0       |  out|    1|   ap_memory|  p_ZZN9gdn_mxfp818gdn_mxfp8_top_implEhthhPA128_K7ap_uintILi8EEPA4_S2_S4_S6_S4_S6_P_693|         array|
|p_ZZN9gdn_mxfp818gdn_mxfp8_top_implEhthhPA128_K7ap_uintILi8EEPA4_S2_S4_S6_S4_S6_P_693_we0       |  out|    1|   ap_memory|  p_ZZN9gdn_mxfp818gdn_mxfp8_top_implEhthhPA128_K7ap_uintILi8EEPA4_S2_S4_S6_S4_S6_P_693|         array|
|p_ZZN9gdn_mxfp818gdn_mxfp8_top_implEhthhPA128_K7ap_uintILi8EEPA4_S2_S4_S6_S4_S6_P_693_d0        |  out|    8|   ap_memory|  p_ZZN9gdn_mxfp818gdn_mxfp8_top_implEhthhPA128_K7ap_uintILi8EEPA4_S2_S4_S6_S4_S6_P_693|         array|
|p_ZZN9gdn_mxfp818gdn_mxfp8_top_implEhthhPA128_K7ap_uintILi8EEPA4_S2_S4_S6_S4_S6_P_694_address0  |  out|    5|   ap_memory|  p_ZZN9gdn_mxfp818gdn_mxfp8_top_implEhthhPA128_K7ap_uintILi8EEPA4_S2_S4_S6_S4_S6_P_694|         array|
|p_ZZN9gdn_mxfp818gdn_mxfp8_top_implEhthhPA128_K7ap_uintILi8EEPA4_S2_S4_S6_S4_S6_P_694_ce0       |  out|    1|   ap_memory|  p_ZZN9gdn_mxfp818gdn_mxfp8_top_implEhthhPA128_K7ap_uintILi8EEPA4_S2_S4_S6_S4_S6_P_694|         array|
|p_ZZN9gdn_mxfp818gdn_mxfp8_top_implEhthhPA128_K7ap_uintILi8EEPA4_S2_S4_S6_S4_S6_P_694_we0       |  out|    1|   ap_memory|  p_ZZN9gdn_mxfp818gdn_mxfp8_top_implEhthhPA128_K7ap_uintILi8EEPA4_S2_S4_S6_S4_S6_P_694|         array|
|p_ZZN9gdn_mxfp818gdn_mxfp8_top_implEhthhPA128_K7ap_uintILi8EEPA4_S2_S4_S6_S4_S6_P_694_d0        |  out|    8|   ap_memory|  p_ZZN9gdn_mxfp818gdn_mxfp8_top_implEhthhPA128_K7ap_uintILi8EEPA4_S2_S4_S6_S4_S6_P_694|         array|
|p_ZZN9gdn_mxfp818gdn_mxfp8_top_implEhthhPA128_K7ap_uintILi8EEPA4_S2_S4_S6_S4_S6_P_695_address0  |  out|    5|   ap_memory|  p_ZZN9gdn_mxfp818gdn_mxfp8_top_implEhthhPA128_K7ap_uintILi8EEPA4_S2_S4_S6_S4_S6_P_695|         array|
|p_ZZN9gdn_mxfp818gdn_mxfp8_top_implEhthhPA128_K7ap_uintILi8EEPA4_S2_S4_S6_S4_S6_P_695_ce0       |  out|    1|   ap_memory|  p_ZZN9gdn_mxfp818gdn_mxfp8_top_implEhthhPA128_K7ap_uintILi8EEPA4_S2_S4_S6_S4_S6_P_695|         array|
|p_ZZN9gdn_mxfp818gdn_mxfp8_top_implEhthhPA128_K7ap_uintILi8EEPA4_S2_S4_S6_S4_S6_P_695_we0       |  out|    1|   ap_memory|  p_ZZN9gdn_mxfp818gdn_mxfp8_top_implEhthhPA128_K7ap_uintILi8EEPA4_S2_S4_S6_S4_S6_P_695|         array|
|p_ZZN9gdn_mxfp818gdn_mxfp8_top_implEhthhPA128_K7ap_uintILi8EEPA4_S2_S4_S6_S4_S6_P_695_d0        |  out|    8|   ap_memory|  p_ZZN9gdn_mxfp818gdn_mxfp8_top_implEhthhPA128_K7ap_uintILi8EEPA4_S2_S4_S6_S4_S6_P_695|         array|
|p_ZZN9gdn_mxfp818gdn_mxfp8_top_implEhthhPA128_K7ap_uintILi8EEPA4_S2_S4_S6_S4_S6_P_696_address0  |  out|    5|   ap_memory|  p_ZZN9gdn_mxfp818gdn_mxfp8_top_implEhthhPA128_K7ap_uintILi8EEPA4_S2_S4_S6_S4_S6_P_696|         array|
|p_ZZN9gdn_mxfp818gdn_mxfp8_top_implEhthhPA128_K7ap_uintILi8EEPA4_S2_S4_S6_S4_S6_P_696_ce0       |  out|    1|   ap_memory|  p_ZZN9gdn_mxfp818gdn_mxfp8_top_implEhthhPA128_K7ap_uintILi8EEPA4_S2_S4_S6_S4_S6_P_696|         array|
|p_ZZN9gdn_mxfp818gdn_mxfp8_top_implEhthhPA128_K7ap_uintILi8EEPA4_S2_S4_S6_S4_S6_P_696_we0       |  out|    1|   ap_memory|  p_ZZN9gdn_mxfp818gdn_mxfp8_top_implEhthhPA128_K7ap_uintILi8EEPA4_S2_S4_S6_S4_S6_P_696|         array|
|p_ZZN9gdn_mxfp818gdn_mxfp8_top_implEhthhPA128_K7ap_uintILi8EEPA4_S2_S4_S6_S4_S6_P_696_d0        |  out|    8|   ap_memory|  p_ZZN9gdn_mxfp818gdn_mxfp8_top_implEhthhPA128_K7ap_uintILi8EEPA4_S2_S4_S6_S4_S6_P_696|         array|
|p_ZZN9gdn_mxfp818gdn_mxfp8_top_implEhthhPA128_K7ap_uintILi8EEPA4_S2_S4_S6_S4_S6_P_697_address0  |  out|    5|   ap_memory|  p_ZZN9gdn_mxfp818gdn_mxfp8_top_implEhthhPA128_K7ap_uintILi8EEPA4_S2_S4_S6_S4_S6_P_697|         array|
|p_ZZN9gdn_mxfp818gdn_mxfp8_top_implEhthhPA128_K7ap_uintILi8EEPA4_S2_S4_S6_S4_S6_P_697_ce0       |  out|    1|   ap_memory|  p_ZZN9gdn_mxfp818gdn_mxfp8_top_implEhthhPA128_K7ap_uintILi8EEPA4_S2_S4_S6_S4_S6_P_697|         array|
|p_ZZN9gdn_mxfp818gdn_mxfp8_top_implEhthhPA128_K7ap_uintILi8EEPA4_S2_S4_S6_S4_S6_P_697_we0       |  out|    1|   ap_memory|  p_ZZN9gdn_mxfp818gdn_mxfp8_top_implEhthhPA128_K7ap_uintILi8EEPA4_S2_S4_S6_S4_S6_P_697|         array|
|p_ZZN9gdn_mxfp818gdn_mxfp8_top_implEhthhPA128_K7ap_uintILi8EEPA4_S2_S4_S6_S4_S6_P_697_d0        |  out|    8|   ap_memory|  p_ZZN9gdn_mxfp818gdn_mxfp8_top_implEhthhPA128_K7ap_uintILi8EEPA4_S2_S4_S6_S4_S6_P_697|         array|
|p_ZZN9gdn_mxfp818gdn_mxfp8_top_implEhthhPA128_K7ap_uintILi8EEPA4_S2_S4_S6_S4_S6_P_698_address0  |  out|    5|   ap_memory|  p_ZZN9gdn_mxfp818gdn_mxfp8_top_implEhthhPA128_K7ap_uintILi8EEPA4_S2_S4_S6_S4_S6_P_698|         array|
|p_ZZN9gdn_mxfp818gdn_mxfp8_top_implEhthhPA128_K7ap_uintILi8EEPA4_S2_S4_S6_S4_S6_P_698_ce0       |  out|    1|   ap_memory|  p_ZZN9gdn_mxfp818gdn_mxfp8_top_implEhthhPA128_K7ap_uintILi8EEPA4_S2_S4_S6_S4_S6_P_698|         array|
|p_ZZN9gdn_mxfp818gdn_mxfp8_top_implEhthhPA128_K7ap_uintILi8EEPA4_S2_S4_S6_S4_S6_P_698_we0       |  out|    1|   ap_memory|  p_ZZN9gdn_mxfp818gdn_mxfp8_top_implEhthhPA128_K7ap_uintILi8EEPA4_S2_S4_S6_S4_S6_P_698|         array|
|p_ZZN9gdn_mxfp818gdn_mxfp8_top_implEhthhPA128_K7ap_uintILi8EEPA4_S2_S4_S6_S4_S6_P_698_d0        |  out|    8|   ap_memory|  p_ZZN9gdn_mxfp818gdn_mxfp8_top_implEhthhPA128_K7ap_uintILi8EEPA4_S2_S4_S6_S4_S6_P_698|         array|
|p_ZZN9gdn_mxfp818gdn_mxfp8_top_implEhthhPA128_K7ap_uintILi8EEPA4_S2_S4_S6_S4_S6_P_699_address0  |  out|    5|   ap_memory|  p_ZZN9gdn_mxfp818gdn_mxfp8_top_implEhthhPA128_K7ap_uintILi8EEPA4_S2_S4_S6_S4_S6_P_699|         array|
|p_ZZN9gdn_mxfp818gdn_mxfp8_top_implEhthhPA128_K7ap_uintILi8EEPA4_S2_S4_S6_S4_S6_P_699_ce0       |  out|    1|   ap_memory|  p_ZZN9gdn_mxfp818gdn_mxfp8_top_implEhthhPA128_K7ap_uintILi8EEPA4_S2_S4_S6_S4_S6_P_699|         array|
|p_ZZN9gdn_mxfp818gdn_mxfp8_top_implEhthhPA128_K7ap_uintILi8EEPA4_S2_S4_S6_S4_S6_P_699_we0       |  out|    1|   ap_memory|  p_ZZN9gdn_mxfp818gdn_mxfp8_top_implEhthhPA128_K7ap_uintILi8EEPA4_S2_S4_S6_S4_S6_P_699|         array|
|p_ZZN9gdn_mxfp818gdn_mxfp8_top_implEhthhPA128_K7ap_uintILi8EEPA4_S2_S4_S6_S4_S6_P_699_d0        |  out|    8|   ap_memory|  p_ZZN9gdn_mxfp818gdn_mxfp8_top_implEhthhPA128_K7ap_uintILi8EEPA4_S2_S4_S6_S4_S6_P_699|         array|
|p_ZZN9gdn_mxfp818gdn_mxfp8_top_implEhthhPA128_K7ap_uintILi8EEPA4_S2_S4_S6_S4_S6_P_700_address0  |  out|    5|   ap_memory|  p_ZZN9gdn_mxfp818gdn_mxfp8_top_implEhthhPA128_K7ap_uintILi8EEPA4_S2_S4_S6_S4_S6_P_700|         array|
|p_ZZN9gdn_mxfp818gdn_mxfp8_top_implEhthhPA128_K7ap_uintILi8EEPA4_S2_S4_S6_S4_S6_P_700_ce0       |  out|    1|   ap_memory|  p_ZZN9gdn_mxfp818gdn_mxfp8_top_implEhthhPA128_K7ap_uintILi8EEPA4_S2_S4_S6_S4_S6_P_700|         array|
|p_ZZN9gdn_mxfp818gdn_mxfp8_top_implEhthhPA128_K7ap_uintILi8EEPA4_S2_S4_S6_S4_S6_P_700_we0       |  out|    1|   ap_memory|  p_ZZN9gdn_mxfp818gdn_mxfp8_top_implEhthhPA128_K7ap_uintILi8EEPA4_S2_S4_S6_S4_S6_P_700|         array|
|p_ZZN9gdn_mxfp818gdn_mxfp8_top_implEhthhPA128_K7ap_uintILi8EEPA4_S2_S4_S6_S4_S6_P_700_d0        |  out|    8|   ap_memory|  p_ZZN9gdn_mxfp818gdn_mxfp8_top_implEhthhPA128_K7ap_uintILi8EEPA4_S2_S4_S6_S4_S6_P_700|         array|
|p_ZZN9gdn_mxfp818gdn_mxfp8_top_implEhthhPA128_K7ap_uintILi8EEPA4_S2_S4_S6_S4_S6_P_701_address0  |  out|    5|   ap_memory|  p_ZZN9gdn_mxfp818gdn_mxfp8_top_implEhthhPA128_K7ap_uintILi8EEPA4_S2_S4_S6_S4_S6_P_701|         array|
|p_ZZN9gdn_mxfp818gdn_mxfp8_top_implEhthhPA128_K7ap_uintILi8EEPA4_S2_S4_S6_S4_S6_P_701_ce0       |  out|    1|   ap_memory|  p_ZZN9gdn_mxfp818gdn_mxfp8_top_implEhthhPA128_K7ap_uintILi8EEPA4_S2_S4_S6_S4_S6_P_701|         array|
|p_ZZN9gdn_mxfp818gdn_mxfp8_top_implEhthhPA128_K7ap_uintILi8EEPA4_S2_S4_S6_S4_S6_P_701_we0       |  out|    1|   ap_memory|  p_ZZN9gdn_mxfp818gdn_mxfp8_top_implEhthhPA128_K7ap_uintILi8EEPA4_S2_S4_S6_S4_S6_P_701|         array|
|p_ZZN9gdn_mxfp818gdn_mxfp8_top_implEhthhPA128_K7ap_uintILi8EEPA4_S2_S4_S6_S4_S6_P_701_d0        |  out|    8|   ap_memory|  p_ZZN9gdn_mxfp818gdn_mxfp8_top_implEhthhPA128_K7ap_uintILi8EEPA4_S2_S4_S6_S4_S6_P_701|         array|
|p_ZZN9gdn_mxfp818gdn_mxfp8_top_implEhthhPA128_K7ap_uintILi8EEPA4_S2_S4_S6_S4_S6_P_702_address0  |  out|    5|   ap_memory|  p_ZZN9gdn_mxfp818gdn_mxfp8_top_implEhthhPA128_K7ap_uintILi8EEPA4_S2_S4_S6_S4_S6_P_702|         array|
|p_ZZN9gdn_mxfp818gdn_mxfp8_top_implEhthhPA128_K7ap_uintILi8EEPA4_S2_S4_S6_S4_S6_P_702_ce0       |  out|    1|   ap_memory|  p_ZZN9gdn_mxfp818gdn_mxfp8_top_implEhthhPA128_K7ap_uintILi8EEPA4_S2_S4_S6_S4_S6_P_702|         array|
|p_ZZN9gdn_mxfp818gdn_mxfp8_top_implEhthhPA128_K7ap_uintILi8EEPA4_S2_S4_S6_S4_S6_P_702_we0       |  out|    1|   ap_memory|  p_ZZN9gdn_mxfp818gdn_mxfp8_top_implEhthhPA128_K7ap_uintILi8EEPA4_S2_S4_S6_S4_S6_P_702|         array|
|p_ZZN9gdn_mxfp818gdn_mxfp8_top_implEhthhPA128_K7ap_uintILi8EEPA4_S2_S4_S6_S4_S6_P_702_d0        |  out|    8|   ap_memory|  p_ZZN9gdn_mxfp818gdn_mxfp8_top_implEhthhPA128_K7ap_uintILi8EEPA4_S2_S4_S6_S4_S6_P_702|         array|
|p_ZZN9gdn_mxfp818gdn_mxfp8_top_implEhthhPA128_K7ap_uintILi8EEPA4_S2_S4_S6_S4_S6_P_703_address0  |  out|    5|   ap_memory|  p_ZZN9gdn_mxfp818gdn_mxfp8_top_implEhthhPA128_K7ap_uintILi8EEPA4_S2_S4_S6_S4_S6_P_703|         array|
|p_ZZN9gdn_mxfp818gdn_mxfp8_top_implEhthhPA128_K7ap_uintILi8EEPA4_S2_S4_S6_S4_S6_P_703_ce0       |  out|    1|   ap_memory|  p_ZZN9gdn_mxfp818gdn_mxfp8_top_implEhthhPA128_K7ap_uintILi8EEPA4_S2_S4_S6_S4_S6_P_703|         array|
|p_ZZN9gdn_mxfp818gdn_mxfp8_top_implEhthhPA128_K7ap_uintILi8EEPA4_S2_S4_S6_S4_S6_P_703_we0       |  out|    1|   ap_memory|  p_ZZN9gdn_mxfp818gdn_mxfp8_top_implEhthhPA128_K7ap_uintILi8EEPA4_S2_S4_S6_S4_S6_P_703|         array|
|p_ZZN9gdn_mxfp818gdn_mxfp8_top_implEhthhPA128_K7ap_uintILi8EEPA4_S2_S4_S6_S4_S6_P_703_d0        |  out|    8|   ap_memory|  p_ZZN9gdn_mxfp818gdn_mxfp8_top_implEhthhPA128_K7ap_uintILi8EEPA4_S2_S4_S6_S4_S6_P_703|         array|
|p_ZZN9gdn_mxfp818gdn_mxfp8_top_implEhthhPA128_K7ap_uintILi8EEPA4_S2_S4_S6_S4_S6_P_704_address0  |  out|    5|   ap_memory|  p_ZZN9gdn_mxfp818gdn_mxfp8_top_implEhthhPA128_K7ap_uintILi8EEPA4_S2_S4_S6_S4_S6_P_704|         array|
|p_ZZN9gdn_mxfp818gdn_mxfp8_top_implEhthhPA128_K7ap_uintILi8EEPA4_S2_S4_S6_S4_S6_P_704_ce0       |  out|    1|   ap_memory|  p_ZZN9gdn_mxfp818gdn_mxfp8_top_implEhthhPA128_K7ap_uintILi8EEPA4_S2_S4_S6_S4_S6_P_704|         array|
|p_ZZN9gdn_mxfp818gdn_mxfp8_top_implEhthhPA128_K7ap_uintILi8EEPA4_S2_S4_S6_S4_S6_P_704_we0       |  out|    1|   ap_memory|  p_ZZN9gdn_mxfp818gdn_mxfp8_top_implEhthhPA128_K7ap_uintILi8EEPA4_S2_S4_S6_S4_S6_P_704|         array|
|p_ZZN9gdn_mxfp818gdn_mxfp8_top_implEhthhPA128_K7ap_uintILi8EEPA4_S2_S4_S6_S4_S6_P_704_d0        |  out|    8|   ap_memory|  p_ZZN9gdn_mxfp818gdn_mxfp8_top_implEhthhPA128_K7ap_uintILi8EEPA4_S2_S4_S6_S4_S6_P_704|         array|
|p_ZZN9gdn_mxfp818gdn_mxfp8_top_implEhthhPA128_K7ap_uintILi8EEPA4_S2_S4_S6_S4_S6_P_705_address0  |  out|    5|   ap_memory|  p_ZZN9gdn_mxfp818gdn_mxfp8_top_implEhthhPA128_K7ap_uintILi8EEPA4_S2_S4_S6_S4_S6_P_705|         array|
|p_ZZN9gdn_mxfp818gdn_mxfp8_top_implEhthhPA128_K7ap_uintILi8EEPA4_S2_S4_S6_S4_S6_P_705_ce0       |  out|    1|   ap_memory|  p_ZZN9gdn_mxfp818gdn_mxfp8_top_implEhthhPA128_K7ap_uintILi8EEPA4_S2_S4_S6_S4_S6_P_705|         array|
|p_ZZN9gdn_mxfp818gdn_mxfp8_top_implEhthhPA128_K7ap_uintILi8EEPA4_S2_S4_S6_S4_S6_P_705_we0       |  out|    1|   ap_memory|  p_ZZN9gdn_mxfp818gdn_mxfp8_top_implEhthhPA128_K7ap_uintILi8EEPA4_S2_S4_S6_S4_S6_P_705|         array|
|p_ZZN9gdn_mxfp818gdn_mxfp8_top_implEhthhPA128_K7ap_uintILi8EEPA4_S2_S4_S6_S4_S6_P_705_d0        |  out|    8|   ap_memory|  p_ZZN9gdn_mxfp818gdn_mxfp8_top_implEhthhPA128_K7ap_uintILi8EEPA4_S2_S4_S6_S4_S6_P_705|         array|
|p_ZZN9gdn_mxfp818gdn_mxfp8_top_implEhthhPA128_K7ap_uintILi8EEPA4_S2_S4_S6_S4_S6_P_706_address0  |  out|    5|   ap_memory|  p_ZZN9gdn_mxfp818gdn_mxfp8_top_implEhthhPA128_K7ap_uintILi8EEPA4_S2_S4_S6_S4_S6_P_706|         array|
|p_ZZN9gdn_mxfp818gdn_mxfp8_top_implEhthhPA128_K7ap_uintILi8EEPA4_S2_S4_S6_S4_S6_P_706_ce0       |  out|    1|   ap_memory|  p_ZZN9gdn_mxfp818gdn_mxfp8_top_implEhthhPA128_K7ap_uintILi8EEPA4_S2_S4_S6_S4_S6_P_706|         array|
|p_ZZN9gdn_mxfp818gdn_mxfp8_top_implEhthhPA128_K7ap_uintILi8EEPA4_S2_S4_S6_S4_S6_P_706_we0       |  out|    1|   ap_memory|  p_ZZN9gdn_mxfp818gdn_mxfp8_top_implEhthhPA128_K7ap_uintILi8EEPA4_S2_S4_S6_S4_S6_P_706|         array|
|p_ZZN9gdn_mxfp818gdn_mxfp8_top_implEhthhPA128_K7ap_uintILi8EEPA4_S2_S4_S6_S4_S6_P_706_d0        |  out|    8|   ap_memory|  p_ZZN9gdn_mxfp818gdn_mxfp8_top_implEhthhPA128_K7ap_uintILi8EEPA4_S2_S4_S6_S4_S6_P_706|         array|
|p_ZZN9gdn_mxfp818gdn_mxfp8_top_implEhthhPA128_K7ap_uintILi8EEPA4_S2_S4_S6_S4_S6_P_707_address0  |  out|    5|   ap_memory|  p_ZZN9gdn_mxfp818gdn_mxfp8_top_implEhthhPA128_K7ap_uintILi8EEPA4_S2_S4_S6_S4_S6_P_707|         array|
|p_ZZN9gdn_mxfp818gdn_mxfp8_top_implEhthhPA128_K7ap_uintILi8EEPA4_S2_S4_S6_S4_S6_P_707_ce0       |  out|    1|   ap_memory|  p_ZZN9gdn_mxfp818gdn_mxfp8_top_implEhthhPA128_K7ap_uintILi8EEPA4_S2_S4_S6_S4_S6_P_707|         array|
|p_ZZN9gdn_mxfp818gdn_mxfp8_top_implEhthhPA128_K7ap_uintILi8EEPA4_S2_S4_S6_S4_S6_P_707_we0       |  out|    1|   ap_memory|  p_ZZN9gdn_mxfp818gdn_mxfp8_top_implEhthhPA128_K7ap_uintILi8EEPA4_S2_S4_S6_S4_S6_P_707|         array|
|p_ZZN9gdn_mxfp818gdn_mxfp8_top_implEhthhPA128_K7ap_uintILi8EEPA4_S2_S4_S6_S4_S6_P_707_d0        |  out|    8|   ap_memory|  p_ZZN9gdn_mxfp818gdn_mxfp8_top_implEhthhPA128_K7ap_uintILi8EEPA4_S2_S4_S6_S4_S6_P_707|         array|
|p_ZZN9gdn_mxfp818gdn_mxfp8_top_implEhthhPA128_K7ap_uintILi8EEPA4_S2_S4_S6_S4_S6_P_708_address0  |  out|    5|   ap_memory|  p_ZZN9gdn_mxfp818gdn_mxfp8_top_implEhthhPA128_K7ap_uintILi8EEPA4_S2_S4_S6_S4_S6_P_708|         array|
|p_ZZN9gdn_mxfp818gdn_mxfp8_top_implEhthhPA128_K7ap_uintILi8EEPA4_S2_S4_S6_S4_S6_P_708_ce0       |  out|    1|   ap_memory|  p_ZZN9gdn_mxfp818gdn_mxfp8_top_implEhthhPA128_K7ap_uintILi8EEPA4_S2_S4_S6_S4_S6_P_708|         array|
|p_ZZN9gdn_mxfp818gdn_mxfp8_top_implEhthhPA128_K7ap_uintILi8EEPA4_S2_S4_S6_S4_S6_P_708_we0       |  out|    1|   ap_memory|  p_ZZN9gdn_mxfp818gdn_mxfp8_top_implEhthhPA128_K7ap_uintILi8EEPA4_S2_S4_S6_S4_S6_P_708|         array|
|p_ZZN9gdn_mxfp818gdn_mxfp8_top_implEhthhPA128_K7ap_uintILi8EEPA4_S2_S4_S6_S4_S6_P_708_d0        |  out|    8|   ap_memory|  p_ZZN9gdn_mxfp818gdn_mxfp8_top_implEhthhPA128_K7ap_uintILi8EEPA4_S2_S4_S6_S4_S6_P_708|         array|
|p_ZZN9gdn_mxfp818gdn_mxfp8_top_implEhthhPA128_K7ap_uintILi8EEPA4_S2_S4_S6_S4_S6_P_709_address0  |  out|    5|   ap_memory|  p_ZZN9gdn_mxfp818gdn_mxfp8_top_implEhthhPA128_K7ap_uintILi8EEPA4_S2_S4_S6_S4_S6_P_709|         array|
|p_ZZN9gdn_mxfp818gdn_mxfp8_top_implEhthhPA128_K7ap_uintILi8EEPA4_S2_S4_S6_S4_S6_P_709_ce0       |  out|    1|   ap_memory|  p_ZZN9gdn_mxfp818gdn_mxfp8_top_implEhthhPA128_K7ap_uintILi8EEPA4_S2_S4_S6_S4_S6_P_709|         array|
|p_ZZN9gdn_mxfp818gdn_mxfp8_top_implEhthhPA128_K7ap_uintILi8EEPA4_S2_S4_S6_S4_S6_P_709_we0       |  out|    1|   ap_memory|  p_ZZN9gdn_mxfp818gdn_mxfp8_top_implEhthhPA128_K7ap_uintILi8EEPA4_S2_S4_S6_S4_S6_P_709|         array|
|p_ZZN9gdn_mxfp818gdn_mxfp8_top_implEhthhPA128_K7ap_uintILi8EEPA4_S2_S4_S6_S4_S6_P_709_d0        |  out|    8|   ap_memory|  p_ZZN9gdn_mxfp818gdn_mxfp8_top_implEhthhPA128_K7ap_uintILi8EEPA4_S2_S4_S6_S4_S6_P_709|         array|
|p_ZZN9gdn_mxfp818gdn_mxfp8_top_implEhthhPA128_K7ap_uintILi8EEPA4_S2_S4_S6_S4_S6_P_710_address0  |  out|    5|   ap_memory|  p_ZZN9gdn_mxfp818gdn_mxfp8_top_implEhthhPA128_K7ap_uintILi8EEPA4_S2_S4_S6_S4_S6_P_710|         array|
|p_ZZN9gdn_mxfp818gdn_mxfp8_top_implEhthhPA128_K7ap_uintILi8EEPA4_S2_S4_S6_S4_S6_P_710_ce0       |  out|    1|   ap_memory|  p_ZZN9gdn_mxfp818gdn_mxfp8_top_implEhthhPA128_K7ap_uintILi8EEPA4_S2_S4_S6_S4_S6_P_710|         array|
|p_ZZN9gdn_mxfp818gdn_mxfp8_top_implEhthhPA128_K7ap_uintILi8EEPA4_S2_S4_S6_S4_S6_P_710_we0       |  out|    1|   ap_memory|  p_ZZN9gdn_mxfp818gdn_mxfp8_top_implEhthhPA128_K7ap_uintILi8EEPA4_S2_S4_S6_S4_S6_P_710|         array|
|p_ZZN9gdn_mxfp818gdn_mxfp8_top_implEhthhPA128_K7ap_uintILi8EEPA4_S2_S4_S6_S4_S6_P_710_d0        |  out|    8|   ap_memory|  p_ZZN9gdn_mxfp818gdn_mxfp8_top_implEhthhPA128_K7ap_uintILi8EEPA4_S2_S4_S6_S4_S6_P_710|         array|
|p_ZZN9gdn_mxfp818gdn_mxfp8_top_implEhthhPA128_K7ap_uintILi8EEPA4_S2_S4_S6_S4_S6_P_711_address0  |  out|    5|   ap_memory|  p_ZZN9gdn_mxfp818gdn_mxfp8_top_implEhthhPA128_K7ap_uintILi8EEPA4_S2_S4_S6_S4_S6_P_711|         array|
|p_ZZN9gdn_mxfp818gdn_mxfp8_top_implEhthhPA128_K7ap_uintILi8EEPA4_S2_S4_S6_S4_S6_P_711_ce0       |  out|    1|   ap_memory|  p_ZZN9gdn_mxfp818gdn_mxfp8_top_implEhthhPA128_K7ap_uintILi8EEPA4_S2_S4_S6_S4_S6_P_711|         array|
|p_ZZN9gdn_mxfp818gdn_mxfp8_top_implEhthhPA128_K7ap_uintILi8EEPA4_S2_S4_S6_S4_S6_P_711_we0       |  out|    1|   ap_memory|  p_ZZN9gdn_mxfp818gdn_mxfp8_top_implEhthhPA128_K7ap_uintILi8EEPA4_S2_S4_S6_S4_S6_P_711|         array|
|p_ZZN9gdn_mxfp818gdn_mxfp8_top_implEhthhPA128_K7ap_uintILi8EEPA4_S2_S4_S6_S4_S6_P_711_d0        |  out|    8|   ap_memory|  p_ZZN9gdn_mxfp818gdn_mxfp8_top_implEhthhPA128_K7ap_uintILi8EEPA4_S2_S4_S6_S4_S6_P_711|         array|
|p_ZZN9gdn_mxfp818gdn_mxfp8_top_implEhthhPA128_K7ap_uintILi8EEPA4_S2_S4_S6_S4_S6_P_712_address0  |  out|    5|   ap_memory|  p_ZZN9gdn_mxfp818gdn_mxfp8_top_implEhthhPA128_K7ap_uintILi8EEPA4_S2_S4_S6_S4_S6_P_712|         array|
|p_ZZN9gdn_mxfp818gdn_mxfp8_top_implEhthhPA128_K7ap_uintILi8EEPA4_S2_S4_S6_S4_S6_P_712_ce0       |  out|    1|   ap_memory|  p_ZZN9gdn_mxfp818gdn_mxfp8_top_implEhthhPA128_K7ap_uintILi8EEPA4_S2_S4_S6_S4_S6_P_712|         array|
|p_ZZN9gdn_mxfp818gdn_mxfp8_top_implEhthhPA128_K7ap_uintILi8EEPA4_S2_S4_S6_S4_S6_P_712_we0       |  out|    1|   ap_memory|  p_ZZN9gdn_mxfp818gdn_mxfp8_top_implEhthhPA128_K7ap_uintILi8EEPA4_S2_S4_S6_S4_S6_P_712|         array|
|p_ZZN9gdn_mxfp818gdn_mxfp8_top_implEhthhPA128_K7ap_uintILi8EEPA4_S2_S4_S6_S4_S6_P_712_d0        |  out|    8|   ap_memory|  p_ZZN9gdn_mxfp818gdn_mxfp8_top_implEhthhPA128_K7ap_uintILi8EEPA4_S2_S4_S6_S4_S6_P_712|         array|
|p_ZZN9gdn_mxfp818gdn_mxfp8_top_implEhthhPA128_K7ap_uintILi8EEPA4_S2_S4_S6_S4_S6_P_713_address0  |  out|    5|   ap_memory|  p_ZZN9gdn_mxfp818gdn_mxfp8_top_implEhthhPA128_K7ap_uintILi8EEPA4_S2_S4_S6_S4_S6_P_713|         array|
|p_ZZN9gdn_mxfp818gdn_mxfp8_top_implEhthhPA128_K7ap_uintILi8EEPA4_S2_S4_S6_S4_S6_P_713_ce0       |  out|    1|   ap_memory|  p_ZZN9gdn_mxfp818gdn_mxfp8_top_implEhthhPA128_K7ap_uintILi8EEPA4_S2_S4_S6_S4_S6_P_713|         array|
|p_ZZN9gdn_mxfp818gdn_mxfp8_top_implEhthhPA128_K7ap_uintILi8EEPA4_S2_S4_S6_S4_S6_P_713_we0       |  out|    1|   ap_memory|  p_ZZN9gdn_mxfp818gdn_mxfp8_top_implEhthhPA128_K7ap_uintILi8EEPA4_S2_S4_S6_S4_S6_P_713|         array|
|p_ZZN9gdn_mxfp818gdn_mxfp8_top_implEhthhPA128_K7ap_uintILi8EEPA4_S2_S4_S6_S4_S6_P_713_d0        |  out|    8|   ap_memory|  p_ZZN9gdn_mxfp818gdn_mxfp8_top_implEhthhPA128_K7ap_uintILi8EEPA4_S2_S4_S6_S4_S6_P_713|         array|
|p_ZZN9gdn_mxfp818gdn_mxfp8_top_implEhthhPA128_K7ap_uintILi8EEPA4_S2_S4_S6_S4_S6_P_714_address0  |  out|    5|   ap_memory|  p_ZZN9gdn_mxfp818gdn_mxfp8_top_implEhthhPA128_K7ap_uintILi8EEPA4_S2_S4_S6_S4_S6_P_714|         array|
|p_ZZN9gdn_mxfp818gdn_mxfp8_top_implEhthhPA128_K7ap_uintILi8EEPA4_S2_S4_S6_S4_S6_P_714_ce0       |  out|    1|   ap_memory|  p_ZZN9gdn_mxfp818gdn_mxfp8_top_implEhthhPA128_K7ap_uintILi8EEPA4_S2_S4_S6_S4_S6_P_714|         array|
|p_ZZN9gdn_mxfp818gdn_mxfp8_top_implEhthhPA128_K7ap_uintILi8EEPA4_S2_S4_S6_S4_S6_P_714_we0       |  out|    1|   ap_memory|  p_ZZN9gdn_mxfp818gdn_mxfp8_top_implEhthhPA128_K7ap_uintILi8EEPA4_S2_S4_S6_S4_S6_P_714|         array|
|p_ZZN9gdn_mxfp818gdn_mxfp8_top_implEhthhPA128_K7ap_uintILi8EEPA4_S2_S4_S6_S4_S6_P_714_d0        |  out|    8|   ap_memory|  p_ZZN9gdn_mxfp818gdn_mxfp8_top_implEhthhPA128_K7ap_uintILi8EEPA4_S2_S4_S6_S4_S6_P_714|         array|
|p_ZZN9gdn_mxfp818gdn_mxfp8_top_implEhthhPA128_K7ap_uintILi8EEPA4_S2_S4_S6_S4_S6_P_715_address0  |  out|    5|   ap_memory|  p_ZZN9gdn_mxfp818gdn_mxfp8_top_implEhthhPA128_K7ap_uintILi8EEPA4_S2_S4_S6_S4_S6_P_715|         array|
|p_ZZN9gdn_mxfp818gdn_mxfp8_top_implEhthhPA128_K7ap_uintILi8EEPA4_S2_S4_S6_S4_S6_P_715_ce0       |  out|    1|   ap_memory|  p_ZZN9gdn_mxfp818gdn_mxfp8_top_implEhthhPA128_K7ap_uintILi8EEPA4_S2_S4_S6_S4_S6_P_715|         array|
|p_ZZN9gdn_mxfp818gdn_mxfp8_top_implEhthhPA128_K7ap_uintILi8EEPA4_S2_S4_S6_S4_S6_P_715_we0       |  out|    1|   ap_memory|  p_ZZN9gdn_mxfp818gdn_mxfp8_top_implEhthhPA128_K7ap_uintILi8EEPA4_S2_S4_S6_S4_S6_P_715|         array|
|p_ZZN9gdn_mxfp818gdn_mxfp8_top_implEhthhPA128_K7ap_uintILi8EEPA4_S2_S4_S6_S4_S6_P_715_d0        |  out|    8|   ap_memory|  p_ZZN9gdn_mxfp818gdn_mxfp8_top_implEhthhPA128_K7ap_uintILi8EEPA4_S2_S4_S6_S4_S6_P_715|         array|
|p_ZZN9gdn_mxfp818gdn_mxfp8_top_implEhthhPA128_K7ap_uintILi8EEPA4_S2_S4_S6_S4_S6_P_716_address0  |  out|    5|   ap_memory|  p_ZZN9gdn_mxfp818gdn_mxfp8_top_implEhthhPA128_K7ap_uintILi8EEPA4_S2_S4_S6_S4_S6_P_716|         array|
|p_ZZN9gdn_mxfp818gdn_mxfp8_top_implEhthhPA128_K7ap_uintILi8EEPA4_S2_S4_S6_S4_S6_P_716_ce0       |  out|    1|   ap_memory|  p_ZZN9gdn_mxfp818gdn_mxfp8_top_implEhthhPA128_K7ap_uintILi8EEPA4_S2_S4_S6_S4_S6_P_716|         array|
|p_ZZN9gdn_mxfp818gdn_mxfp8_top_implEhthhPA128_K7ap_uintILi8EEPA4_S2_S4_S6_S4_S6_P_716_we0       |  out|    1|   ap_memory|  p_ZZN9gdn_mxfp818gdn_mxfp8_top_implEhthhPA128_K7ap_uintILi8EEPA4_S2_S4_S6_S4_S6_P_716|         array|
|p_ZZN9gdn_mxfp818gdn_mxfp8_top_implEhthhPA128_K7ap_uintILi8EEPA4_S2_S4_S6_S4_S6_P_716_d0        |  out|    8|   ap_memory|  p_ZZN9gdn_mxfp818gdn_mxfp8_top_implEhthhPA128_K7ap_uintILi8EEPA4_S2_S4_S6_S4_S6_P_716|         array|
|p_ZZN9gdn_mxfp818gdn_mxfp8_top_implEhthhPA128_K7ap_uintILi8EEPA4_S2_S4_S6_S4_S6_P_717_address0  |  out|    5|   ap_memory|  p_ZZN9gdn_mxfp818gdn_mxfp8_top_implEhthhPA128_K7ap_uintILi8EEPA4_S2_S4_S6_S4_S6_P_717|         array|
|p_ZZN9gdn_mxfp818gdn_mxfp8_top_implEhthhPA128_K7ap_uintILi8EEPA4_S2_S4_S6_S4_S6_P_717_ce0       |  out|    1|   ap_memory|  p_ZZN9gdn_mxfp818gdn_mxfp8_top_implEhthhPA128_K7ap_uintILi8EEPA4_S2_S4_S6_S4_S6_P_717|         array|
|p_ZZN9gdn_mxfp818gdn_mxfp8_top_implEhthhPA128_K7ap_uintILi8EEPA4_S2_S4_S6_S4_S6_P_717_we0       |  out|    1|   ap_memory|  p_ZZN9gdn_mxfp818gdn_mxfp8_top_implEhthhPA128_K7ap_uintILi8EEPA4_S2_S4_S6_S4_S6_P_717|         array|
|p_ZZN9gdn_mxfp818gdn_mxfp8_top_implEhthhPA128_K7ap_uintILi8EEPA4_S2_S4_S6_S4_S6_P_717_d0        |  out|    8|   ap_memory|  p_ZZN9gdn_mxfp818gdn_mxfp8_top_implEhthhPA128_K7ap_uintILi8EEPA4_S2_S4_S6_S4_S6_P_717|         array|
|p_ZZN9gdn_mxfp818gdn_mxfp8_top_implEhthhPA128_K7ap_uintILi8EEPA4_S2_S4_S6_S4_S6_P_718_address0  |  out|    5|   ap_memory|  p_ZZN9gdn_mxfp818gdn_mxfp8_top_implEhthhPA128_K7ap_uintILi8EEPA4_S2_S4_S6_S4_S6_P_718|         array|
|p_ZZN9gdn_mxfp818gdn_mxfp8_top_implEhthhPA128_K7ap_uintILi8EEPA4_S2_S4_S6_S4_S6_P_718_ce0       |  out|    1|   ap_memory|  p_ZZN9gdn_mxfp818gdn_mxfp8_top_implEhthhPA128_K7ap_uintILi8EEPA4_S2_S4_S6_S4_S6_P_718|         array|
|p_ZZN9gdn_mxfp818gdn_mxfp8_top_implEhthhPA128_K7ap_uintILi8EEPA4_S2_S4_S6_S4_S6_P_718_we0       |  out|    1|   ap_memory|  p_ZZN9gdn_mxfp818gdn_mxfp8_top_implEhthhPA128_K7ap_uintILi8EEPA4_S2_S4_S6_S4_S6_P_718|         array|
|p_ZZN9gdn_mxfp818gdn_mxfp8_top_implEhthhPA128_K7ap_uintILi8EEPA4_S2_S4_S6_S4_S6_P_718_d0        |  out|    8|   ap_memory|  p_ZZN9gdn_mxfp818gdn_mxfp8_top_implEhthhPA128_K7ap_uintILi8EEPA4_S2_S4_S6_S4_S6_P_718|         array|
|p_ZZN9gdn_mxfp818gdn_mxfp8_top_implEhthhPA128_K7ap_uintILi8EEPA4_S2_S4_S6_S4_S6_P_719_address0  |  out|    5|   ap_memory|  p_ZZN9gdn_mxfp818gdn_mxfp8_top_implEhthhPA128_K7ap_uintILi8EEPA4_S2_S4_S6_S4_S6_P_719|         array|
|p_ZZN9gdn_mxfp818gdn_mxfp8_top_implEhthhPA128_K7ap_uintILi8EEPA4_S2_S4_S6_S4_S6_P_719_ce0       |  out|    1|   ap_memory|  p_ZZN9gdn_mxfp818gdn_mxfp8_top_implEhthhPA128_K7ap_uintILi8EEPA4_S2_S4_S6_S4_S6_P_719|         array|
|p_ZZN9gdn_mxfp818gdn_mxfp8_top_implEhthhPA128_K7ap_uintILi8EEPA4_S2_S4_S6_S4_S6_P_719_we0       |  out|    1|   ap_memory|  p_ZZN9gdn_mxfp818gdn_mxfp8_top_implEhthhPA128_K7ap_uintILi8EEPA4_S2_S4_S6_S4_S6_P_719|         array|
|p_ZZN9gdn_mxfp818gdn_mxfp8_top_implEhthhPA128_K7ap_uintILi8EEPA4_S2_S4_S6_S4_S6_P_719_d0        |  out|    8|   ap_memory|  p_ZZN9gdn_mxfp818gdn_mxfp8_top_implEhthhPA128_K7ap_uintILi8EEPA4_S2_S4_S6_S4_S6_P_719|         array|
|p_ZZN9gdn_mxfp818gdn_mxfp8_top_implEhthhPA128_K7ap_uintILi8EEPA4_S2_S4_S6_S4_S6_P_720_address0  |  out|    5|   ap_memory|  p_ZZN9gdn_mxfp818gdn_mxfp8_top_implEhthhPA128_K7ap_uintILi8EEPA4_S2_S4_S6_S4_S6_P_720|         array|
|p_ZZN9gdn_mxfp818gdn_mxfp8_top_implEhthhPA128_K7ap_uintILi8EEPA4_S2_S4_S6_S4_S6_P_720_ce0       |  out|    1|   ap_memory|  p_ZZN9gdn_mxfp818gdn_mxfp8_top_implEhthhPA128_K7ap_uintILi8EEPA4_S2_S4_S6_S4_S6_P_720|         array|
|p_ZZN9gdn_mxfp818gdn_mxfp8_top_implEhthhPA128_K7ap_uintILi8EEPA4_S2_S4_S6_S4_S6_P_720_we0       |  out|    1|   ap_memory|  p_ZZN9gdn_mxfp818gdn_mxfp8_top_implEhthhPA128_K7ap_uintILi8EEPA4_S2_S4_S6_S4_S6_P_720|         array|
|p_ZZN9gdn_mxfp818gdn_mxfp8_top_implEhthhPA128_K7ap_uintILi8EEPA4_S2_S4_S6_S4_S6_P_720_d0        |  out|    8|   ap_memory|  p_ZZN9gdn_mxfp818gdn_mxfp8_top_implEhthhPA128_K7ap_uintILi8EEPA4_S2_S4_S6_S4_S6_P_720|         array|
|p_ZZN9gdn_mxfp818gdn_mxfp8_top_implEhthhPA128_K7ap_uintILi8EEPA4_S2_S4_S6_S4_S6_P_721_address0  |  out|    5|   ap_memory|  p_ZZN9gdn_mxfp818gdn_mxfp8_top_implEhthhPA128_K7ap_uintILi8EEPA4_S2_S4_S6_S4_S6_P_721|         array|
|p_ZZN9gdn_mxfp818gdn_mxfp8_top_implEhthhPA128_K7ap_uintILi8EEPA4_S2_S4_S6_S4_S6_P_721_ce0       |  out|    1|   ap_memory|  p_ZZN9gdn_mxfp818gdn_mxfp8_top_implEhthhPA128_K7ap_uintILi8EEPA4_S2_S4_S6_S4_S6_P_721|         array|
|p_ZZN9gdn_mxfp818gdn_mxfp8_top_implEhthhPA128_K7ap_uintILi8EEPA4_S2_S4_S6_S4_S6_P_721_we0       |  out|    1|   ap_memory|  p_ZZN9gdn_mxfp818gdn_mxfp8_top_implEhthhPA128_K7ap_uintILi8EEPA4_S2_S4_S6_S4_S6_P_721|         array|
|p_ZZN9gdn_mxfp818gdn_mxfp8_top_implEhthhPA128_K7ap_uintILi8EEPA4_S2_S4_S6_S4_S6_P_721_d0        |  out|    8|   ap_memory|  p_ZZN9gdn_mxfp818gdn_mxfp8_top_implEhthhPA128_K7ap_uintILi8EEPA4_S2_S4_S6_S4_S6_P_721|         array|
|p_ZZN9gdn_mxfp818gdn_mxfp8_top_implEhthhPA128_K7ap_uintILi8EEPA4_S2_S4_S6_S4_S6_P_722_address0  |  out|    5|   ap_memory|  p_ZZN9gdn_mxfp818gdn_mxfp8_top_implEhthhPA128_K7ap_uintILi8EEPA4_S2_S4_S6_S4_S6_P_722|         array|
|p_ZZN9gdn_mxfp818gdn_mxfp8_top_implEhthhPA128_K7ap_uintILi8EEPA4_S2_S4_S6_S4_S6_P_722_ce0       |  out|    1|   ap_memory|  p_ZZN9gdn_mxfp818gdn_mxfp8_top_implEhthhPA128_K7ap_uintILi8EEPA4_S2_S4_S6_S4_S6_P_722|         array|
|p_ZZN9gdn_mxfp818gdn_mxfp8_top_implEhthhPA128_K7ap_uintILi8EEPA4_S2_S4_S6_S4_S6_P_722_we0       |  out|    1|   ap_memory|  p_ZZN9gdn_mxfp818gdn_mxfp8_top_implEhthhPA128_K7ap_uintILi8EEPA4_S2_S4_S6_S4_S6_P_722|         array|
|p_ZZN9gdn_mxfp818gdn_mxfp8_top_implEhthhPA128_K7ap_uintILi8EEPA4_S2_S4_S6_S4_S6_P_722_d0        |  out|    8|   ap_memory|  p_ZZN9gdn_mxfp818gdn_mxfp8_top_implEhthhPA128_K7ap_uintILi8EEPA4_S2_S4_S6_S4_S6_P_722|         array|
|p_ZZN9gdn_mxfp818gdn_mxfp8_top_implEhthhPA128_K7ap_uintILi8EEPA4_S2_S4_S6_S4_S6_P_723_address0  |  out|    5|   ap_memory|  p_ZZN9gdn_mxfp818gdn_mxfp8_top_implEhthhPA128_K7ap_uintILi8EEPA4_S2_S4_S6_S4_S6_P_723|         array|
|p_ZZN9gdn_mxfp818gdn_mxfp8_top_implEhthhPA128_K7ap_uintILi8EEPA4_S2_S4_S6_S4_S6_P_723_ce0       |  out|    1|   ap_memory|  p_ZZN9gdn_mxfp818gdn_mxfp8_top_implEhthhPA128_K7ap_uintILi8EEPA4_S2_S4_S6_S4_S6_P_723|         array|
|p_ZZN9gdn_mxfp818gdn_mxfp8_top_implEhthhPA128_K7ap_uintILi8EEPA4_S2_S4_S6_S4_S6_P_723_we0       |  out|    1|   ap_memory|  p_ZZN9gdn_mxfp818gdn_mxfp8_top_implEhthhPA128_K7ap_uintILi8EEPA4_S2_S4_S6_S4_S6_P_723|         array|
|p_ZZN9gdn_mxfp818gdn_mxfp8_top_implEhthhPA128_K7ap_uintILi8EEPA4_S2_S4_S6_S4_S6_P_723_d0        |  out|    8|   ap_memory|  p_ZZN9gdn_mxfp818gdn_mxfp8_top_implEhthhPA128_K7ap_uintILi8EEPA4_S2_S4_S6_S4_S6_P_723|         array|
|p_ZZN9gdn_mxfp818gdn_mxfp8_top_implEhthhPA128_K7ap_uintILi8EEPA4_S2_S4_S6_S4_S6_P_724_address0  |  out|    5|   ap_memory|  p_ZZN9gdn_mxfp818gdn_mxfp8_top_implEhthhPA128_K7ap_uintILi8EEPA4_S2_S4_S6_S4_S6_P_724|         array|
|p_ZZN9gdn_mxfp818gdn_mxfp8_top_implEhthhPA128_K7ap_uintILi8EEPA4_S2_S4_S6_S4_S6_P_724_ce0       |  out|    1|   ap_memory|  p_ZZN9gdn_mxfp818gdn_mxfp8_top_implEhthhPA128_K7ap_uintILi8EEPA4_S2_S4_S6_S4_S6_P_724|         array|
|p_ZZN9gdn_mxfp818gdn_mxfp8_top_implEhthhPA128_K7ap_uintILi8EEPA4_S2_S4_S6_S4_S6_P_724_we0       |  out|    1|   ap_memory|  p_ZZN9gdn_mxfp818gdn_mxfp8_top_implEhthhPA128_K7ap_uintILi8EEPA4_S2_S4_S6_S4_S6_P_724|         array|
|p_ZZN9gdn_mxfp818gdn_mxfp8_top_implEhthhPA128_K7ap_uintILi8EEPA4_S2_S4_S6_S4_S6_P_724_d0        |  out|    8|   ap_memory|  p_ZZN9gdn_mxfp818gdn_mxfp8_top_implEhthhPA128_K7ap_uintILi8EEPA4_S2_S4_S6_S4_S6_P_724|         array|
|p_ZZN9gdn_mxfp818gdn_mxfp8_top_implEhthhPA128_K7ap_uintILi8EEPA4_S2_S4_S6_S4_S6_P_613_address0  |  out|    5|   ap_memory|  p_ZZN9gdn_mxfp818gdn_mxfp8_top_implEhthhPA128_K7ap_uintILi8EEPA4_S2_S4_S6_S4_S6_P_613|         array|
|p_ZZN9gdn_mxfp818gdn_mxfp8_top_implEhthhPA128_K7ap_uintILi8EEPA4_S2_S4_S6_S4_S6_P_613_ce0       |  out|    1|   ap_memory|  p_ZZN9gdn_mxfp818gdn_mxfp8_top_implEhthhPA128_K7ap_uintILi8EEPA4_S2_S4_S6_S4_S6_P_613|         array|
|p_ZZN9gdn_mxfp818gdn_mxfp8_top_implEhthhPA128_K7ap_uintILi8EEPA4_S2_S4_S6_S4_S6_P_613_we0       |  out|    1|   ap_memory|  p_ZZN9gdn_mxfp818gdn_mxfp8_top_implEhthhPA128_K7ap_uintILi8EEPA4_S2_S4_S6_S4_S6_P_613|         array|
|p_ZZN9gdn_mxfp818gdn_mxfp8_top_implEhthhPA128_K7ap_uintILi8EEPA4_S2_S4_S6_S4_S6_P_613_d0        |  out|    8|   ap_memory|  p_ZZN9gdn_mxfp818gdn_mxfp8_top_implEhthhPA128_K7ap_uintILi8EEPA4_S2_S4_S6_S4_S6_P_613|         array|
|p_ZZN9gdn_mxfp818gdn_mxfp8_top_implEhthhPA128_K7ap_uintILi8EEPA4_S2_S4_S6_S4_S6_P_614_address0  |  out|    5|   ap_memory|  p_ZZN9gdn_mxfp818gdn_mxfp8_top_implEhthhPA128_K7ap_uintILi8EEPA4_S2_S4_S6_S4_S6_P_614|         array|
|p_ZZN9gdn_mxfp818gdn_mxfp8_top_implEhthhPA128_K7ap_uintILi8EEPA4_S2_S4_S6_S4_S6_P_614_ce0       |  out|    1|   ap_memory|  p_ZZN9gdn_mxfp818gdn_mxfp8_top_implEhthhPA128_K7ap_uintILi8EEPA4_S2_S4_S6_S4_S6_P_614|         array|
|p_ZZN9gdn_mxfp818gdn_mxfp8_top_implEhthhPA128_K7ap_uintILi8EEPA4_S2_S4_S6_S4_S6_P_614_we0       |  out|    1|   ap_memory|  p_ZZN9gdn_mxfp818gdn_mxfp8_top_implEhthhPA128_K7ap_uintILi8EEPA4_S2_S4_S6_S4_S6_P_614|         array|
|p_ZZN9gdn_mxfp818gdn_mxfp8_top_implEhthhPA128_K7ap_uintILi8EEPA4_S2_S4_S6_S4_S6_P_614_d0        |  out|    8|   ap_memory|  p_ZZN9gdn_mxfp818gdn_mxfp8_top_implEhthhPA128_K7ap_uintILi8EEPA4_S2_S4_S6_S4_S6_P_614|         array|
|p_ZZN9gdn_mxfp818gdn_mxfp8_top_implEhthhPA128_K7ap_uintILi8EEPA4_S2_S4_S6_S4_S6_P_615_address0  |  out|    5|   ap_memory|  p_ZZN9gdn_mxfp818gdn_mxfp8_top_implEhthhPA128_K7ap_uintILi8EEPA4_S2_S4_S6_S4_S6_P_615|         array|
|p_ZZN9gdn_mxfp818gdn_mxfp8_top_implEhthhPA128_K7ap_uintILi8EEPA4_S2_S4_S6_S4_S6_P_615_ce0       |  out|    1|   ap_memory|  p_ZZN9gdn_mxfp818gdn_mxfp8_top_implEhthhPA128_K7ap_uintILi8EEPA4_S2_S4_S6_S4_S6_P_615|         array|
|p_ZZN9gdn_mxfp818gdn_mxfp8_top_implEhthhPA128_K7ap_uintILi8EEPA4_S2_S4_S6_S4_S6_P_615_we0       |  out|    1|   ap_memory|  p_ZZN9gdn_mxfp818gdn_mxfp8_top_implEhthhPA128_K7ap_uintILi8EEPA4_S2_S4_S6_S4_S6_P_615|         array|
|p_ZZN9gdn_mxfp818gdn_mxfp8_top_implEhthhPA128_K7ap_uintILi8EEPA4_S2_S4_S6_S4_S6_P_615_d0        |  out|    8|   ap_memory|  p_ZZN9gdn_mxfp818gdn_mxfp8_top_implEhthhPA128_K7ap_uintILi8EEPA4_S2_S4_S6_S4_S6_P_615|         array|
|p_ZZN9gdn_mxfp818gdn_mxfp8_top_implEhthhPA128_K7ap_uintILi8EEPA4_S2_S4_S6_S4_S6_P_616_address0  |  out|    5|   ap_memory|  p_ZZN9gdn_mxfp818gdn_mxfp8_top_implEhthhPA128_K7ap_uintILi8EEPA4_S2_S4_S6_S4_S6_P_616|         array|
|p_ZZN9gdn_mxfp818gdn_mxfp8_top_implEhthhPA128_K7ap_uintILi8EEPA4_S2_S4_S6_S4_S6_P_616_ce0       |  out|    1|   ap_memory|  p_ZZN9gdn_mxfp818gdn_mxfp8_top_implEhthhPA128_K7ap_uintILi8EEPA4_S2_S4_S6_S4_S6_P_616|         array|
|p_ZZN9gdn_mxfp818gdn_mxfp8_top_implEhthhPA128_K7ap_uintILi8EEPA4_S2_S4_S6_S4_S6_P_616_we0       |  out|    1|   ap_memory|  p_ZZN9gdn_mxfp818gdn_mxfp8_top_implEhthhPA128_K7ap_uintILi8EEPA4_S2_S4_S6_S4_S6_P_616|         array|
|p_ZZN9gdn_mxfp818gdn_mxfp8_top_implEhthhPA128_K7ap_uintILi8EEPA4_S2_S4_S6_S4_S6_P_616_d0        |  out|    8|   ap_memory|  p_ZZN9gdn_mxfp818gdn_mxfp8_top_implEhthhPA128_K7ap_uintILi8EEPA4_S2_S4_S6_S4_S6_P_616|         array|
|p_ZZN9gdn_mxfp818gdn_mxfp8_top_implEhthhPA128_K7ap_uintILi8EEPA4_S2_S4_S6_S4_S6_P_617_address0  |  out|    5|   ap_memory|  p_ZZN9gdn_mxfp818gdn_mxfp8_top_implEhthhPA128_K7ap_uintILi8EEPA4_S2_S4_S6_S4_S6_P_617|         array|
|p_ZZN9gdn_mxfp818gdn_mxfp8_top_implEhthhPA128_K7ap_uintILi8EEPA4_S2_S4_S6_S4_S6_P_617_ce0       |  out|    1|   ap_memory|  p_ZZN9gdn_mxfp818gdn_mxfp8_top_implEhthhPA128_K7ap_uintILi8EEPA4_S2_S4_S6_S4_S6_P_617|         array|
|p_ZZN9gdn_mxfp818gdn_mxfp8_top_implEhthhPA128_K7ap_uintILi8EEPA4_S2_S4_S6_S4_S6_P_617_we0       |  out|    1|   ap_memory|  p_ZZN9gdn_mxfp818gdn_mxfp8_top_implEhthhPA128_K7ap_uintILi8EEPA4_S2_S4_S6_S4_S6_P_617|         array|
|p_ZZN9gdn_mxfp818gdn_mxfp8_top_implEhthhPA128_K7ap_uintILi8EEPA4_S2_S4_S6_S4_S6_P_617_d0        |  out|    8|   ap_memory|  p_ZZN9gdn_mxfp818gdn_mxfp8_top_implEhthhPA128_K7ap_uintILi8EEPA4_S2_S4_S6_S4_S6_P_617|         array|
|p_ZZN9gdn_mxfp818gdn_mxfp8_top_implEhthhPA128_K7ap_uintILi8EEPA4_S2_S4_S6_S4_S6_P_618_address0  |  out|    5|   ap_memory|  p_ZZN9gdn_mxfp818gdn_mxfp8_top_implEhthhPA128_K7ap_uintILi8EEPA4_S2_S4_S6_S4_S6_P_618|         array|
|p_ZZN9gdn_mxfp818gdn_mxfp8_top_implEhthhPA128_K7ap_uintILi8EEPA4_S2_S4_S6_S4_S6_P_618_ce0       |  out|    1|   ap_memory|  p_ZZN9gdn_mxfp818gdn_mxfp8_top_implEhthhPA128_K7ap_uintILi8EEPA4_S2_S4_S6_S4_S6_P_618|         array|
|p_ZZN9gdn_mxfp818gdn_mxfp8_top_implEhthhPA128_K7ap_uintILi8EEPA4_S2_S4_S6_S4_S6_P_618_we0       |  out|    1|   ap_memory|  p_ZZN9gdn_mxfp818gdn_mxfp8_top_implEhthhPA128_K7ap_uintILi8EEPA4_S2_S4_S6_S4_S6_P_618|         array|
|p_ZZN9gdn_mxfp818gdn_mxfp8_top_implEhthhPA128_K7ap_uintILi8EEPA4_S2_S4_S6_S4_S6_P_618_d0        |  out|    8|   ap_memory|  p_ZZN9gdn_mxfp818gdn_mxfp8_top_implEhthhPA128_K7ap_uintILi8EEPA4_S2_S4_S6_S4_S6_P_618|         array|
|p_ZZN9gdn_mxfp818gdn_mxfp8_top_implEhthhPA128_K7ap_uintILi8EEPA4_S2_S4_S6_S4_S6_P_619_address0  |  out|    5|   ap_memory|  p_ZZN9gdn_mxfp818gdn_mxfp8_top_implEhthhPA128_K7ap_uintILi8EEPA4_S2_S4_S6_S4_S6_P_619|         array|
|p_ZZN9gdn_mxfp818gdn_mxfp8_top_implEhthhPA128_K7ap_uintILi8EEPA4_S2_S4_S6_S4_S6_P_619_ce0       |  out|    1|   ap_memory|  p_ZZN9gdn_mxfp818gdn_mxfp8_top_implEhthhPA128_K7ap_uintILi8EEPA4_S2_S4_S6_S4_S6_P_619|         array|
|p_ZZN9gdn_mxfp818gdn_mxfp8_top_implEhthhPA128_K7ap_uintILi8EEPA4_S2_S4_S6_S4_S6_P_619_we0       |  out|    1|   ap_memory|  p_ZZN9gdn_mxfp818gdn_mxfp8_top_implEhthhPA128_K7ap_uintILi8EEPA4_S2_S4_S6_S4_S6_P_619|         array|
|p_ZZN9gdn_mxfp818gdn_mxfp8_top_implEhthhPA128_K7ap_uintILi8EEPA4_S2_S4_S6_S4_S6_P_619_d0        |  out|    8|   ap_memory|  p_ZZN9gdn_mxfp818gdn_mxfp8_top_implEhthhPA128_K7ap_uintILi8EEPA4_S2_S4_S6_S4_S6_P_619|         array|
|p_ZZN9gdn_mxfp818gdn_mxfp8_top_implEhthhPA128_K7ap_uintILi8EEPA4_S2_S4_S6_S4_S6_P_620_address0  |  out|    5|   ap_memory|  p_ZZN9gdn_mxfp818gdn_mxfp8_top_implEhthhPA128_K7ap_uintILi8EEPA4_S2_S4_S6_S4_S6_P_620|         array|
|p_ZZN9gdn_mxfp818gdn_mxfp8_top_implEhthhPA128_K7ap_uintILi8EEPA4_S2_S4_S6_S4_S6_P_620_ce0       |  out|    1|   ap_memory|  p_ZZN9gdn_mxfp818gdn_mxfp8_top_implEhthhPA128_K7ap_uintILi8EEPA4_S2_S4_S6_S4_S6_P_620|         array|
|p_ZZN9gdn_mxfp818gdn_mxfp8_top_implEhthhPA128_K7ap_uintILi8EEPA4_S2_S4_S6_S4_S6_P_620_we0       |  out|    1|   ap_memory|  p_ZZN9gdn_mxfp818gdn_mxfp8_top_implEhthhPA128_K7ap_uintILi8EEPA4_S2_S4_S6_S4_S6_P_620|         array|
|p_ZZN9gdn_mxfp818gdn_mxfp8_top_implEhthhPA128_K7ap_uintILi8EEPA4_S2_S4_S6_S4_S6_P_620_d0        |  out|    8|   ap_memory|  p_ZZN9gdn_mxfp818gdn_mxfp8_top_implEhthhPA128_K7ap_uintILi8EEPA4_S2_S4_S6_S4_S6_P_620|         array|
|p_ZZN9gdn_mxfp818gdn_mxfp8_top_implEhthhPA128_K7ap_uintILi8EEPA4_S2_S4_S6_S4_S6_P_621_address0  |  out|    5|   ap_memory|  p_ZZN9gdn_mxfp818gdn_mxfp8_top_implEhthhPA128_K7ap_uintILi8EEPA4_S2_S4_S6_S4_S6_P_621|         array|
|p_ZZN9gdn_mxfp818gdn_mxfp8_top_implEhthhPA128_K7ap_uintILi8EEPA4_S2_S4_S6_S4_S6_P_621_ce0       |  out|    1|   ap_memory|  p_ZZN9gdn_mxfp818gdn_mxfp8_top_implEhthhPA128_K7ap_uintILi8EEPA4_S2_S4_S6_S4_S6_P_621|         array|
|p_ZZN9gdn_mxfp818gdn_mxfp8_top_implEhthhPA128_K7ap_uintILi8EEPA4_S2_S4_S6_S4_S6_P_621_we0       |  out|    1|   ap_memory|  p_ZZN9gdn_mxfp818gdn_mxfp8_top_implEhthhPA128_K7ap_uintILi8EEPA4_S2_S4_S6_S4_S6_P_621|         array|
|p_ZZN9gdn_mxfp818gdn_mxfp8_top_implEhthhPA128_K7ap_uintILi8EEPA4_S2_S4_S6_S4_S6_P_621_d0        |  out|    8|   ap_memory|  p_ZZN9gdn_mxfp818gdn_mxfp8_top_implEhthhPA128_K7ap_uintILi8EEPA4_S2_S4_S6_S4_S6_P_621|         array|
|p_ZZN9gdn_mxfp818gdn_mxfp8_top_implEhthhPA128_K7ap_uintILi8EEPA4_S2_S4_S6_S4_S6_P_622_address0  |  out|    5|   ap_memory|  p_ZZN9gdn_mxfp818gdn_mxfp8_top_implEhthhPA128_K7ap_uintILi8EEPA4_S2_S4_S6_S4_S6_P_622|         array|
|p_ZZN9gdn_mxfp818gdn_mxfp8_top_implEhthhPA128_K7ap_uintILi8EEPA4_S2_S4_S6_S4_S6_P_622_ce0       |  out|    1|   ap_memory|  p_ZZN9gdn_mxfp818gdn_mxfp8_top_implEhthhPA128_K7ap_uintILi8EEPA4_S2_S4_S6_S4_S6_P_622|         array|
|p_ZZN9gdn_mxfp818gdn_mxfp8_top_implEhthhPA128_K7ap_uintILi8EEPA4_S2_S4_S6_S4_S6_P_622_we0       |  out|    1|   ap_memory|  p_ZZN9gdn_mxfp818gdn_mxfp8_top_implEhthhPA128_K7ap_uintILi8EEPA4_S2_S4_S6_S4_S6_P_622|         array|
|p_ZZN9gdn_mxfp818gdn_mxfp8_top_implEhthhPA128_K7ap_uintILi8EEPA4_S2_S4_S6_S4_S6_P_622_d0        |  out|    8|   ap_memory|  p_ZZN9gdn_mxfp818gdn_mxfp8_top_implEhthhPA128_K7ap_uintILi8EEPA4_S2_S4_S6_S4_S6_P_622|         array|
|p_ZZN9gdn_mxfp818gdn_mxfp8_top_implEhthhPA128_K7ap_uintILi8EEPA4_S2_S4_S6_S4_S6_P_623_address0  |  out|    5|   ap_memory|  p_ZZN9gdn_mxfp818gdn_mxfp8_top_implEhthhPA128_K7ap_uintILi8EEPA4_S2_S4_S6_S4_S6_P_623|         array|
|p_ZZN9gdn_mxfp818gdn_mxfp8_top_implEhthhPA128_K7ap_uintILi8EEPA4_S2_S4_S6_S4_S6_P_623_ce0       |  out|    1|   ap_memory|  p_ZZN9gdn_mxfp818gdn_mxfp8_top_implEhthhPA128_K7ap_uintILi8EEPA4_S2_S4_S6_S4_S6_P_623|         array|
|p_ZZN9gdn_mxfp818gdn_mxfp8_top_implEhthhPA128_K7ap_uintILi8EEPA4_S2_S4_S6_S4_S6_P_623_we0       |  out|    1|   ap_memory|  p_ZZN9gdn_mxfp818gdn_mxfp8_top_implEhthhPA128_K7ap_uintILi8EEPA4_S2_S4_S6_S4_S6_P_623|         array|
|p_ZZN9gdn_mxfp818gdn_mxfp8_top_implEhthhPA128_K7ap_uintILi8EEPA4_S2_S4_S6_S4_S6_P_623_d0        |  out|    8|   ap_memory|  p_ZZN9gdn_mxfp818gdn_mxfp8_top_implEhthhPA128_K7ap_uintILi8EEPA4_S2_S4_S6_S4_S6_P_623|         array|
|p_ZZN9gdn_mxfp818gdn_mxfp8_top_implEhthhPA128_K7ap_uintILi8EEPA4_S2_S4_S6_S4_S6_P_624_address0  |  out|    5|   ap_memory|  p_ZZN9gdn_mxfp818gdn_mxfp8_top_implEhthhPA128_K7ap_uintILi8EEPA4_S2_S4_S6_S4_S6_P_624|         array|
|p_ZZN9gdn_mxfp818gdn_mxfp8_top_implEhthhPA128_K7ap_uintILi8EEPA4_S2_S4_S6_S4_S6_P_624_ce0       |  out|    1|   ap_memory|  p_ZZN9gdn_mxfp818gdn_mxfp8_top_implEhthhPA128_K7ap_uintILi8EEPA4_S2_S4_S6_S4_S6_P_624|         array|
|p_ZZN9gdn_mxfp818gdn_mxfp8_top_implEhthhPA128_K7ap_uintILi8EEPA4_S2_S4_S6_S4_S6_P_624_we0       |  out|    1|   ap_memory|  p_ZZN9gdn_mxfp818gdn_mxfp8_top_implEhthhPA128_K7ap_uintILi8EEPA4_S2_S4_S6_S4_S6_P_624|         array|
|p_ZZN9gdn_mxfp818gdn_mxfp8_top_implEhthhPA128_K7ap_uintILi8EEPA4_S2_S4_S6_S4_S6_P_624_d0        |  out|    8|   ap_memory|  p_ZZN9gdn_mxfp818gdn_mxfp8_top_implEhthhPA128_K7ap_uintILi8EEPA4_S2_S4_S6_S4_S6_P_624|         array|
|p_ZZN9gdn_mxfp818gdn_mxfp8_top_implEhthhPA128_K7ap_uintILi8EEPA4_S2_S4_S6_S4_S6_P_625_address0  |  out|    5|   ap_memory|  p_ZZN9gdn_mxfp818gdn_mxfp8_top_implEhthhPA128_K7ap_uintILi8EEPA4_S2_S4_S6_S4_S6_P_625|         array|
|p_ZZN9gdn_mxfp818gdn_mxfp8_top_implEhthhPA128_K7ap_uintILi8EEPA4_S2_S4_S6_S4_S6_P_625_ce0       |  out|    1|   ap_memory|  p_ZZN9gdn_mxfp818gdn_mxfp8_top_implEhthhPA128_K7ap_uintILi8EEPA4_S2_S4_S6_S4_S6_P_625|         array|
|p_ZZN9gdn_mxfp818gdn_mxfp8_top_implEhthhPA128_K7ap_uintILi8EEPA4_S2_S4_S6_S4_S6_P_625_we0       |  out|    1|   ap_memory|  p_ZZN9gdn_mxfp818gdn_mxfp8_top_implEhthhPA128_K7ap_uintILi8EEPA4_S2_S4_S6_S4_S6_P_625|         array|
|p_ZZN9gdn_mxfp818gdn_mxfp8_top_implEhthhPA128_K7ap_uintILi8EEPA4_S2_S4_S6_S4_S6_P_625_d0        |  out|    8|   ap_memory|  p_ZZN9gdn_mxfp818gdn_mxfp8_top_implEhthhPA128_K7ap_uintILi8EEPA4_S2_S4_S6_S4_S6_P_625|         array|
|p_ZZN9gdn_mxfp818gdn_mxfp8_top_implEhthhPA128_K7ap_uintILi8EEPA4_S2_S4_S6_S4_S6_P_626_address0  |  out|    5|   ap_memory|  p_ZZN9gdn_mxfp818gdn_mxfp8_top_implEhthhPA128_K7ap_uintILi8EEPA4_S2_S4_S6_S4_S6_P_626|         array|
|p_ZZN9gdn_mxfp818gdn_mxfp8_top_implEhthhPA128_K7ap_uintILi8EEPA4_S2_S4_S6_S4_S6_P_626_ce0       |  out|    1|   ap_memory|  p_ZZN9gdn_mxfp818gdn_mxfp8_top_implEhthhPA128_K7ap_uintILi8EEPA4_S2_S4_S6_S4_S6_P_626|         array|
|p_ZZN9gdn_mxfp818gdn_mxfp8_top_implEhthhPA128_K7ap_uintILi8EEPA4_S2_S4_S6_S4_S6_P_626_we0       |  out|    1|   ap_memory|  p_ZZN9gdn_mxfp818gdn_mxfp8_top_implEhthhPA128_K7ap_uintILi8EEPA4_S2_S4_S6_S4_S6_P_626|         array|
|p_ZZN9gdn_mxfp818gdn_mxfp8_top_implEhthhPA128_K7ap_uintILi8EEPA4_S2_S4_S6_S4_S6_P_626_d0        |  out|    8|   ap_memory|  p_ZZN9gdn_mxfp818gdn_mxfp8_top_implEhthhPA128_K7ap_uintILi8EEPA4_S2_S4_S6_S4_S6_P_626|         array|
|p_ZZN9gdn_mxfp818gdn_mxfp8_top_implEhthhPA128_K7ap_uintILi8EEPA4_S2_S4_S6_S4_S6_P_627_address0  |  out|    5|   ap_memory|  p_ZZN9gdn_mxfp818gdn_mxfp8_top_implEhthhPA128_K7ap_uintILi8EEPA4_S2_S4_S6_S4_S6_P_627|         array|
|p_ZZN9gdn_mxfp818gdn_mxfp8_top_implEhthhPA128_K7ap_uintILi8EEPA4_S2_S4_S6_S4_S6_P_627_ce0       |  out|    1|   ap_memory|  p_ZZN9gdn_mxfp818gdn_mxfp8_top_implEhthhPA128_K7ap_uintILi8EEPA4_S2_S4_S6_S4_S6_P_627|         array|
|p_ZZN9gdn_mxfp818gdn_mxfp8_top_implEhthhPA128_K7ap_uintILi8EEPA4_S2_S4_S6_S4_S6_P_627_we0       |  out|    1|   ap_memory|  p_ZZN9gdn_mxfp818gdn_mxfp8_top_implEhthhPA128_K7ap_uintILi8EEPA4_S2_S4_S6_S4_S6_P_627|         array|
|p_ZZN9gdn_mxfp818gdn_mxfp8_top_implEhthhPA128_K7ap_uintILi8EEPA4_S2_S4_S6_S4_S6_P_627_d0        |  out|    8|   ap_memory|  p_ZZN9gdn_mxfp818gdn_mxfp8_top_implEhthhPA128_K7ap_uintILi8EEPA4_S2_S4_S6_S4_S6_P_627|         array|
|p_ZZN9gdn_mxfp818gdn_mxfp8_top_implEhthhPA128_K7ap_uintILi8EEPA4_S2_S4_S6_S4_S6_P_628_address0  |  out|    5|   ap_memory|  p_ZZN9gdn_mxfp818gdn_mxfp8_top_implEhthhPA128_K7ap_uintILi8EEPA4_S2_S4_S6_S4_S6_P_628|         array|
|p_ZZN9gdn_mxfp818gdn_mxfp8_top_implEhthhPA128_K7ap_uintILi8EEPA4_S2_S4_S6_S4_S6_P_628_ce0       |  out|    1|   ap_memory|  p_ZZN9gdn_mxfp818gdn_mxfp8_top_implEhthhPA128_K7ap_uintILi8EEPA4_S2_S4_S6_S4_S6_P_628|         array|
|p_ZZN9gdn_mxfp818gdn_mxfp8_top_implEhthhPA128_K7ap_uintILi8EEPA4_S2_S4_S6_S4_S6_P_628_we0       |  out|    1|   ap_memory|  p_ZZN9gdn_mxfp818gdn_mxfp8_top_implEhthhPA128_K7ap_uintILi8EEPA4_S2_S4_S6_S4_S6_P_628|         array|
|p_ZZN9gdn_mxfp818gdn_mxfp8_top_implEhthhPA128_K7ap_uintILi8EEPA4_S2_S4_S6_S4_S6_P_628_d0        |  out|    8|   ap_memory|  p_ZZN9gdn_mxfp818gdn_mxfp8_top_implEhthhPA128_K7ap_uintILi8EEPA4_S2_S4_S6_S4_S6_P_628|         array|
|gdn_mxfp8_top_impl_unsigned_char_unsigned_short_unsigned_char_unsigned_char_ap_u_23_address0    |  out|    5|   ap_memory|    gdn_mxfp8_top_impl_unsigned_char_unsigned_short_unsigned_char_unsigned_char_ap_u_23|         array|
|gdn_mxfp8_top_impl_unsigned_char_unsigned_short_unsigned_char_unsigned_char_ap_u_23_ce0         |  out|    1|   ap_memory|    gdn_mxfp8_top_impl_unsigned_char_unsigned_short_unsigned_char_unsigned_char_ap_u_23|         array|
|gdn_mxfp8_top_impl_unsigned_char_unsigned_short_unsigned_char_unsigned_char_ap_u_23_we0         |  out|    1|   ap_memory|    gdn_mxfp8_top_impl_unsigned_char_unsigned_short_unsigned_char_unsigned_char_ap_u_23|         array|
|gdn_mxfp8_top_impl_unsigned_char_unsigned_short_unsigned_char_unsigned_char_ap_u_23_d0          |  out|    8|   ap_memory|    gdn_mxfp8_top_impl_unsigned_char_unsigned_short_unsigned_char_unsigned_char_ap_u_23|         array|
|gdn_mxfp8_top_impl_unsigned_char_unsigned_short_unsigned_char_unsigned_char_ap_u_22_address0    |  out|    5|   ap_memory|    gdn_mxfp8_top_impl_unsigned_char_unsigned_short_unsigned_char_unsigned_char_ap_u_22|         array|
|gdn_mxfp8_top_impl_unsigned_char_unsigned_short_unsigned_char_unsigned_char_ap_u_22_ce0         |  out|    1|   ap_memory|    gdn_mxfp8_top_impl_unsigned_char_unsigned_short_unsigned_char_unsigned_char_ap_u_22|         array|
|gdn_mxfp8_top_impl_unsigned_char_unsigned_short_unsigned_char_unsigned_char_ap_u_22_we0         |  out|    1|   ap_memory|    gdn_mxfp8_top_impl_unsigned_char_unsigned_short_unsigned_char_unsigned_char_ap_u_22|         array|
|gdn_mxfp8_top_impl_unsigned_char_unsigned_short_unsigned_char_unsigned_char_ap_u_22_d0          |  out|    8|   ap_memory|    gdn_mxfp8_top_impl_unsigned_char_unsigned_short_unsigned_char_unsigned_char_ap_u_22|         array|
|gdn_mxfp8_top_impl_unsigned_char_unsigned_short_unsigned_char_unsigned_char_ap_u_21_address0    |  out|    5|   ap_memory|    gdn_mxfp8_top_impl_unsigned_char_unsigned_short_unsigned_char_unsigned_char_ap_u_21|         array|
|gdn_mxfp8_top_impl_unsigned_char_unsigned_short_unsigned_char_unsigned_char_ap_u_21_ce0         |  out|    1|   ap_memory|    gdn_mxfp8_top_impl_unsigned_char_unsigned_short_unsigned_char_unsigned_char_ap_u_21|         array|
|gdn_mxfp8_top_impl_unsigned_char_unsigned_short_unsigned_char_unsigned_char_ap_u_21_we0         |  out|    1|   ap_memory|    gdn_mxfp8_top_impl_unsigned_char_unsigned_short_unsigned_char_unsigned_char_ap_u_21|         array|
|gdn_mxfp8_top_impl_unsigned_char_unsigned_short_unsigned_char_unsigned_char_ap_u_21_d0          |  out|    8|   ap_memory|    gdn_mxfp8_top_impl_unsigned_char_unsigned_short_unsigned_char_unsigned_char_ap_u_21|         array|
|gdn_mxfp8_top_impl_unsigned_char_unsigned_short_unsigned_char_unsigned_char_ap_u_20_address0    |  out|    5|   ap_memory|    gdn_mxfp8_top_impl_unsigned_char_unsigned_short_unsigned_char_unsigned_char_ap_u_20|         array|
|gdn_mxfp8_top_impl_unsigned_char_unsigned_short_unsigned_char_unsigned_char_ap_u_20_ce0         |  out|    1|   ap_memory|    gdn_mxfp8_top_impl_unsigned_char_unsigned_short_unsigned_char_unsigned_char_ap_u_20|         array|
|gdn_mxfp8_top_impl_unsigned_char_unsigned_short_unsigned_char_unsigned_char_ap_u_20_we0         |  out|    1|   ap_memory|    gdn_mxfp8_top_impl_unsigned_char_unsigned_short_unsigned_char_unsigned_char_ap_u_20|         array|
|gdn_mxfp8_top_impl_unsigned_char_unsigned_short_unsigned_char_unsigned_char_ap_u_20_d0          |  out|    8|   ap_memory|    gdn_mxfp8_top_impl_unsigned_char_unsigned_short_unsigned_char_unsigned_char_ap_u_20|         array|
|gdn_mxfp8_top_impl_unsigned_char_unsigned_short_unsigned_char_unsigned_char_ap_u_19_address0    |  out|    5|   ap_memory|    gdn_mxfp8_top_impl_unsigned_char_unsigned_short_unsigned_char_unsigned_char_ap_u_19|         array|
|gdn_mxfp8_top_impl_unsigned_char_unsigned_short_unsigned_char_unsigned_char_ap_u_19_ce0         |  out|    1|   ap_memory|    gdn_mxfp8_top_impl_unsigned_char_unsigned_short_unsigned_char_unsigned_char_ap_u_19|         array|
|gdn_mxfp8_top_impl_unsigned_char_unsigned_short_unsigned_char_unsigned_char_ap_u_19_we0         |  out|    1|   ap_memory|    gdn_mxfp8_top_impl_unsigned_char_unsigned_short_unsigned_char_unsigned_char_ap_u_19|         array|
|gdn_mxfp8_top_impl_unsigned_char_unsigned_short_unsigned_char_unsigned_char_ap_u_19_d0          |  out|    8|   ap_memory|    gdn_mxfp8_top_impl_unsigned_char_unsigned_short_unsigned_char_unsigned_char_ap_u_19|         array|
|gdn_mxfp8_top_impl_unsigned_char_unsigned_short_unsigned_char_unsigned_char_ap_u_18_address0    |  out|    5|   ap_memory|    gdn_mxfp8_top_impl_unsigned_char_unsigned_short_unsigned_char_unsigned_char_ap_u_18|         array|
|gdn_mxfp8_top_impl_unsigned_char_unsigned_short_unsigned_char_unsigned_char_ap_u_18_ce0         |  out|    1|   ap_memory|    gdn_mxfp8_top_impl_unsigned_char_unsigned_short_unsigned_char_unsigned_char_ap_u_18|         array|
|gdn_mxfp8_top_impl_unsigned_char_unsigned_short_unsigned_char_unsigned_char_ap_u_18_we0         |  out|    1|   ap_memory|    gdn_mxfp8_top_impl_unsigned_char_unsigned_short_unsigned_char_unsigned_char_ap_u_18|         array|
|gdn_mxfp8_top_impl_unsigned_char_unsigned_short_unsigned_char_unsigned_char_ap_u_18_d0          |  out|    8|   ap_memory|    gdn_mxfp8_top_impl_unsigned_char_unsigned_short_unsigned_char_unsigned_char_ap_u_18|         array|
|gdn_mxfp8_top_impl_unsigned_char_unsigned_short_unsigned_char_unsigned_char_ap_u_17_address0    |  out|    5|   ap_memory|    gdn_mxfp8_top_impl_unsigned_char_unsigned_short_unsigned_char_unsigned_char_ap_u_17|         array|
|gdn_mxfp8_top_impl_unsigned_char_unsigned_short_unsigned_char_unsigned_char_ap_u_17_ce0         |  out|    1|   ap_memory|    gdn_mxfp8_top_impl_unsigned_char_unsigned_short_unsigned_char_unsigned_char_ap_u_17|         array|
|gdn_mxfp8_top_impl_unsigned_char_unsigned_short_unsigned_char_unsigned_char_ap_u_17_we0         |  out|    1|   ap_memory|    gdn_mxfp8_top_impl_unsigned_char_unsigned_short_unsigned_char_unsigned_char_ap_u_17|         array|
|gdn_mxfp8_top_impl_unsigned_char_unsigned_short_unsigned_char_unsigned_char_ap_u_17_d0          |  out|    8|   ap_memory|    gdn_mxfp8_top_impl_unsigned_char_unsigned_short_unsigned_char_unsigned_char_ap_u_17|         array|
|gdn_mxfp8_top_impl_unsigned_char_unsigned_short_unsigned_char_unsigned_char_ap_u_16_address0    |  out|    5|   ap_memory|    gdn_mxfp8_top_impl_unsigned_char_unsigned_short_unsigned_char_unsigned_char_ap_u_16|         array|
|gdn_mxfp8_top_impl_unsigned_char_unsigned_short_unsigned_char_unsigned_char_ap_u_16_ce0         |  out|    1|   ap_memory|    gdn_mxfp8_top_impl_unsigned_char_unsigned_short_unsigned_char_unsigned_char_ap_u_16|         array|
|gdn_mxfp8_top_impl_unsigned_char_unsigned_short_unsigned_char_unsigned_char_ap_u_16_we0         |  out|    1|   ap_memory|    gdn_mxfp8_top_impl_unsigned_char_unsigned_short_unsigned_char_unsigned_char_ap_u_16|         array|
|gdn_mxfp8_top_impl_unsigned_char_unsigned_short_unsigned_char_unsigned_char_ap_u_16_d0          |  out|    8|   ap_memory|    gdn_mxfp8_top_impl_unsigned_char_unsigned_short_unsigned_char_unsigned_char_ap_u_16|         array|
|p_ZZN9gdn_mxfp818gdn_mxfp8_top_implEhthhPA128_K7ap_uintILi8EEPA4_S2_S4_S6_S4_S6_P_629_address0  |  out|    5|   ap_memory|  p_ZZN9gdn_mxfp818gdn_mxfp8_top_implEhthhPA128_K7ap_uintILi8EEPA4_S2_S4_S6_S4_S6_P_629|         array|
|p_ZZN9gdn_mxfp818gdn_mxfp8_top_implEhthhPA128_K7ap_uintILi8EEPA4_S2_S4_S6_S4_S6_P_629_ce0       |  out|    1|   ap_memory|  p_ZZN9gdn_mxfp818gdn_mxfp8_top_implEhthhPA128_K7ap_uintILi8EEPA4_S2_S4_S6_S4_S6_P_629|         array|
|p_ZZN9gdn_mxfp818gdn_mxfp8_top_implEhthhPA128_K7ap_uintILi8EEPA4_S2_S4_S6_S4_S6_P_629_we0       |  out|    1|   ap_memory|  p_ZZN9gdn_mxfp818gdn_mxfp8_top_implEhthhPA128_K7ap_uintILi8EEPA4_S2_S4_S6_S4_S6_P_629|         array|
|p_ZZN9gdn_mxfp818gdn_mxfp8_top_implEhthhPA128_K7ap_uintILi8EEPA4_S2_S4_S6_S4_S6_P_629_d0        |  out|    8|   ap_memory|  p_ZZN9gdn_mxfp818gdn_mxfp8_top_implEhthhPA128_K7ap_uintILi8EEPA4_S2_S4_S6_S4_S6_P_629|         array|
|p_ZZN9gdn_mxfp818gdn_mxfp8_top_implEhthhPA128_K7ap_uintILi8EEPA4_S2_S4_S6_S4_S6_P_630_address0  |  out|    5|   ap_memory|  p_ZZN9gdn_mxfp818gdn_mxfp8_top_implEhthhPA128_K7ap_uintILi8EEPA4_S2_S4_S6_S4_S6_P_630|         array|
|p_ZZN9gdn_mxfp818gdn_mxfp8_top_implEhthhPA128_K7ap_uintILi8EEPA4_S2_S4_S6_S4_S6_P_630_ce0       |  out|    1|   ap_memory|  p_ZZN9gdn_mxfp818gdn_mxfp8_top_implEhthhPA128_K7ap_uintILi8EEPA4_S2_S4_S6_S4_S6_P_630|         array|
|p_ZZN9gdn_mxfp818gdn_mxfp8_top_implEhthhPA128_K7ap_uintILi8EEPA4_S2_S4_S6_S4_S6_P_630_we0       |  out|    1|   ap_memory|  p_ZZN9gdn_mxfp818gdn_mxfp8_top_implEhthhPA128_K7ap_uintILi8EEPA4_S2_S4_S6_S4_S6_P_630|         array|
|p_ZZN9gdn_mxfp818gdn_mxfp8_top_implEhthhPA128_K7ap_uintILi8EEPA4_S2_S4_S6_S4_S6_P_630_d0        |  out|    8|   ap_memory|  p_ZZN9gdn_mxfp818gdn_mxfp8_top_implEhthhPA128_K7ap_uintILi8EEPA4_S2_S4_S6_S4_S6_P_630|         array|
|p_ZZN9gdn_mxfp818gdn_mxfp8_top_implEhthhPA128_K7ap_uintILi8EEPA4_S2_S4_S6_S4_S6_P_631_address0  |  out|    5|   ap_memory|  p_ZZN9gdn_mxfp818gdn_mxfp8_top_implEhthhPA128_K7ap_uintILi8EEPA4_S2_S4_S6_S4_S6_P_631|         array|
|p_ZZN9gdn_mxfp818gdn_mxfp8_top_implEhthhPA128_K7ap_uintILi8EEPA4_S2_S4_S6_S4_S6_P_631_ce0       |  out|    1|   ap_memory|  p_ZZN9gdn_mxfp818gdn_mxfp8_top_implEhthhPA128_K7ap_uintILi8EEPA4_S2_S4_S6_S4_S6_P_631|         array|
|p_ZZN9gdn_mxfp818gdn_mxfp8_top_implEhthhPA128_K7ap_uintILi8EEPA4_S2_S4_S6_S4_S6_P_631_we0       |  out|    1|   ap_memory|  p_ZZN9gdn_mxfp818gdn_mxfp8_top_implEhthhPA128_K7ap_uintILi8EEPA4_S2_S4_S6_S4_S6_P_631|         array|
|p_ZZN9gdn_mxfp818gdn_mxfp8_top_implEhthhPA128_K7ap_uintILi8EEPA4_S2_S4_S6_S4_S6_P_631_d0        |  out|    8|   ap_memory|  p_ZZN9gdn_mxfp818gdn_mxfp8_top_implEhthhPA128_K7ap_uintILi8EEPA4_S2_S4_S6_S4_S6_P_631|         array|
|p_ZZN9gdn_mxfp818gdn_mxfp8_top_implEhthhPA128_K7ap_uintILi8EEPA4_S2_S4_S6_S4_S6_P_632_address0  |  out|    5|   ap_memory|  p_ZZN9gdn_mxfp818gdn_mxfp8_top_implEhthhPA128_K7ap_uintILi8EEPA4_S2_S4_S6_S4_S6_P_632|         array|
|p_ZZN9gdn_mxfp818gdn_mxfp8_top_implEhthhPA128_K7ap_uintILi8EEPA4_S2_S4_S6_S4_S6_P_632_ce0       |  out|    1|   ap_memory|  p_ZZN9gdn_mxfp818gdn_mxfp8_top_implEhthhPA128_K7ap_uintILi8EEPA4_S2_S4_S6_S4_S6_P_632|         array|
|p_ZZN9gdn_mxfp818gdn_mxfp8_top_implEhthhPA128_K7ap_uintILi8EEPA4_S2_S4_S6_S4_S6_P_632_we0       |  out|    1|   ap_memory|  p_ZZN9gdn_mxfp818gdn_mxfp8_top_implEhthhPA128_K7ap_uintILi8EEPA4_S2_S4_S6_S4_S6_P_632|         array|
|p_ZZN9gdn_mxfp818gdn_mxfp8_top_implEhthhPA128_K7ap_uintILi8EEPA4_S2_S4_S6_S4_S6_P_632_d0        |  out|    8|   ap_memory|  p_ZZN9gdn_mxfp818gdn_mxfp8_top_implEhthhPA128_K7ap_uintILi8EEPA4_S2_S4_S6_S4_S6_P_632|         array|
|p_ZZN9gdn_mxfp818gdn_mxfp8_top_implEhthhPA128_K7ap_uintILi8EEPA4_S2_S4_S6_S4_S6_P_633_address0  |  out|    5|   ap_memory|  p_ZZN9gdn_mxfp818gdn_mxfp8_top_implEhthhPA128_K7ap_uintILi8EEPA4_S2_S4_S6_S4_S6_P_633|         array|
|p_ZZN9gdn_mxfp818gdn_mxfp8_top_implEhthhPA128_K7ap_uintILi8EEPA4_S2_S4_S6_S4_S6_P_633_ce0       |  out|    1|   ap_memory|  p_ZZN9gdn_mxfp818gdn_mxfp8_top_implEhthhPA128_K7ap_uintILi8EEPA4_S2_S4_S6_S4_S6_P_633|         array|
|p_ZZN9gdn_mxfp818gdn_mxfp8_top_implEhthhPA128_K7ap_uintILi8EEPA4_S2_S4_S6_S4_S6_P_633_we0       |  out|    1|   ap_memory|  p_ZZN9gdn_mxfp818gdn_mxfp8_top_implEhthhPA128_K7ap_uintILi8EEPA4_S2_S4_S6_S4_S6_P_633|         array|
|p_ZZN9gdn_mxfp818gdn_mxfp8_top_implEhthhPA128_K7ap_uintILi8EEPA4_S2_S4_S6_S4_S6_P_633_d0        |  out|    8|   ap_memory|  p_ZZN9gdn_mxfp818gdn_mxfp8_top_implEhthhPA128_K7ap_uintILi8EEPA4_S2_S4_S6_S4_S6_P_633|         array|
|p_ZZN9gdn_mxfp818gdn_mxfp8_top_implEhthhPA128_K7ap_uintILi8EEPA4_S2_S4_S6_S4_S6_P_634_address0  |  out|    5|   ap_memory|  p_ZZN9gdn_mxfp818gdn_mxfp8_top_implEhthhPA128_K7ap_uintILi8EEPA4_S2_S4_S6_S4_S6_P_634|         array|
|p_ZZN9gdn_mxfp818gdn_mxfp8_top_implEhthhPA128_K7ap_uintILi8EEPA4_S2_S4_S6_S4_S6_P_634_ce0       |  out|    1|   ap_memory|  p_ZZN9gdn_mxfp818gdn_mxfp8_top_implEhthhPA128_K7ap_uintILi8EEPA4_S2_S4_S6_S4_S6_P_634|         array|
|p_ZZN9gdn_mxfp818gdn_mxfp8_top_implEhthhPA128_K7ap_uintILi8EEPA4_S2_S4_S6_S4_S6_P_634_we0       |  out|    1|   ap_memory|  p_ZZN9gdn_mxfp818gdn_mxfp8_top_implEhthhPA128_K7ap_uintILi8EEPA4_S2_S4_S6_S4_S6_P_634|         array|
|p_ZZN9gdn_mxfp818gdn_mxfp8_top_implEhthhPA128_K7ap_uintILi8EEPA4_S2_S4_S6_S4_S6_P_634_d0        |  out|    8|   ap_memory|  p_ZZN9gdn_mxfp818gdn_mxfp8_top_implEhthhPA128_K7ap_uintILi8EEPA4_S2_S4_S6_S4_S6_P_634|         array|
|p_ZZN9gdn_mxfp818gdn_mxfp8_top_implEhthhPA128_K7ap_uintILi8EEPA4_S2_S4_S6_S4_S6_P_635_address0  |  out|    5|   ap_memory|  p_ZZN9gdn_mxfp818gdn_mxfp8_top_implEhthhPA128_K7ap_uintILi8EEPA4_S2_S4_S6_S4_S6_P_635|         array|
|p_ZZN9gdn_mxfp818gdn_mxfp8_top_implEhthhPA128_K7ap_uintILi8EEPA4_S2_S4_S6_S4_S6_P_635_ce0       |  out|    1|   ap_memory|  p_ZZN9gdn_mxfp818gdn_mxfp8_top_implEhthhPA128_K7ap_uintILi8EEPA4_S2_S4_S6_S4_S6_P_635|         array|
|p_ZZN9gdn_mxfp818gdn_mxfp8_top_implEhthhPA128_K7ap_uintILi8EEPA4_S2_S4_S6_S4_S6_P_635_we0       |  out|    1|   ap_memory|  p_ZZN9gdn_mxfp818gdn_mxfp8_top_implEhthhPA128_K7ap_uintILi8EEPA4_S2_S4_S6_S4_S6_P_635|         array|
|p_ZZN9gdn_mxfp818gdn_mxfp8_top_implEhthhPA128_K7ap_uintILi8EEPA4_S2_S4_S6_S4_S6_P_635_d0        |  out|    8|   ap_memory|  p_ZZN9gdn_mxfp818gdn_mxfp8_top_implEhthhPA128_K7ap_uintILi8EEPA4_S2_S4_S6_S4_S6_P_635|         array|
|p_ZZN9gdn_mxfp818gdn_mxfp8_top_implEhthhPA128_K7ap_uintILi8EEPA4_S2_S4_S6_S4_S6_P_636_address0  |  out|    5|   ap_memory|  p_ZZN9gdn_mxfp818gdn_mxfp8_top_implEhthhPA128_K7ap_uintILi8EEPA4_S2_S4_S6_S4_S6_P_636|         array|
|p_ZZN9gdn_mxfp818gdn_mxfp8_top_implEhthhPA128_K7ap_uintILi8EEPA4_S2_S4_S6_S4_S6_P_636_ce0       |  out|    1|   ap_memory|  p_ZZN9gdn_mxfp818gdn_mxfp8_top_implEhthhPA128_K7ap_uintILi8EEPA4_S2_S4_S6_S4_S6_P_636|         array|
|p_ZZN9gdn_mxfp818gdn_mxfp8_top_implEhthhPA128_K7ap_uintILi8EEPA4_S2_S4_S6_S4_S6_P_636_we0       |  out|    1|   ap_memory|  p_ZZN9gdn_mxfp818gdn_mxfp8_top_implEhthhPA128_K7ap_uintILi8EEPA4_S2_S4_S6_S4_S6_P_636|         array|
|p_ZZN9gdn_mxfp818gdn_mxfp8_top_implEhthhPA128_K7ap_uintILi8EEPA4_S2_S4_S6_S4_S6_P_636_d0        |  out|    8|   ap_memory|  p_ZZN9gdn_mxfp818gdn_mxfp8_top_implEhthhPA128_K7ap_uintILi8EEPA4_S2_S4_S6_S4_S6_P_636|         array|
|p_ZZN9gdn_mxfp818gdn_mxfp8_top_implEhthhPA128_K7ap_uintILi8EEPA4_S2_S4_S6_S4_S6_P_637_address0  |  out|    5|   ap_memory|  p_ZZN9gdn_mxfp818gdn_mxfp8_top_implEhthhPA128_K7ap_uintILi8EEPA4_S2_S4_S6_S4_S6_P_637|         array|
|p_ZZN9gdn_mxfp818gdn_mxfp8_top_implEhthhPA128_K7ap_uintILi8EEPA4_S2_S4_S6_S4_S6_P_637_ce0       |  out|    1|   ap_memory|  p_ZZN9gdn_mxfp818gdn_mxfp8_top_implEhthhPA128_K7ap_uintILi8EEPA4_S2_S4_S6_S4_S6_P_637|         array|
|p_ZZN9gdn_mxfp818gdn_mxfp8_top_implEhthhPA128_K7ap_uintILi8EEPA4_S2_S4_S6_S4_S6_P_637_we0       |  out|    1|   ap_memory|  p_ZZN9gdn_mxfp818gdn_mxfp8_top_implEhthhPA128_K7ap_uintILi8EEPA4_S2_S4_S6_S4_S6_P_637|         array|
|p_ZZN9gdn_mxfp818gdn_mxfp8_top_implEhthhPA128_K7ap_uintILi8EEPA4_S2_S4_S6_S4_S6_P_637_d0        |  out|    8|   ap_memory|  p_ZZN9gdn_mxfp818gdn_mxfp8_top_implEhthhPA128_K7ap_uintILi8EEPA4_S2_S4_S6_S4_S6_P_637|         array|
|p_ZZN9gdn_mxfp818gdn_mxfp8_top_implEhthhPA128_K7ap_uintILi8EEPA4_S2_S4_S6_S4_S6_P_638_address0  |  out|    5|   ap_memory|  p_ZZN9gdn_mxfp818gdn_mxfp8_top_implEhthhPA128_K7ap_uintILi8EEPA4_S2_S4_S6_S4_S6_P_638|         array|
|p_ZZN9gdn_mxfp818gdn_mxfp8_top_implEhthhPA128_K7ap_uintILi8EEPA4_S2_S4_S6_S4_S6_P_638_ce0       |  out|    1|   ap_memory|  p_ZZN9gdn_mxfp818gdn_mxfp8_top_implEhthhPA128_K7ap_uintILi8EEPA4_S2_S4_S6_S4_S6_P_638|         array|
|p_ZZN9gdn_mxfp818gdn_mxfp8_top_implEhthhPA128_K7ap_uintILi8EEPA4_S2_S4_S6_S4_S6_P_638_we0       |  out|    1|   ap_memory|  p_ZZN9gdn_mxfp818gdn_mxfp8_top_implEhthhPA128_K7ap_uintILi8EEPA4_S2_S4_S6_S4_S6_P_638|         array|
|p_ZZN9gdn_mxfp818gdn_mxfp8_top_implEhthhPA128_K7ap_uintILi8EEPA4_S2_S4_S6_S4_S6_P_638_d0        |  out|    8|   ap_memory|  p_ZZN9gdn_mxfp818gdn_mxfp8_top_implEhthhPA128_K7ap_uintILi8EEPA4_S2_S4_S6_S4_S6_P_638|         array|
|p_ZZN9gdn_mxfp818gdn_mxfp8_top_implEhthhPA128_K7ap_uintILi8EEPA4_S2_S4_S6_S4_S6_P_639_address0  |  out|    5|   ap_memory|  p_ZZN9gdn_mxfp818gdn_mxfp8_top_implEhthhPA128_K7ap_uintILi8EEPA4_S2_S4_S6_S4_S6_P_639|         array|
|p_ZZN9gdn_mxfp818gdn_mxfp8_top_implEhthhPA128_K7ap_uintILi8EEPA4_S2_S4_S6_S4_S6_P_639_ce0       |  out|    1|   ap_memory|  p_ZZN9gdn_mxfp818gdn_mxfp8_top_implEhthhPA128_K7ap_uintILi8EEPA4_S2_S4_S6_S4_S6_P_639|         array|
|p_ZZN9gdn_mxfp818gdn_mxfp8_top_implEhthhPA128_K7ap_uintILi8EEPA4_S2_S4_S6_S4_S6_P_639_we0       |  out|    1|   ap_memory|  p_ZZN9gdn_mxfp818gdn_mxfp8_top_implEhthhPA128_K7ap_uintILi8EEPA4_S2_S4_S6_S4_S6_P_639|         array|
|p_ZZN9gdn_mxfp818gdn_mxfp8_top_implEhthhPA128_K7ap_uintILi8EEPA4_S2_S4_S6_S4_S6_P_639_d0        |  out|    8|   ap_memory|  p_ZZN9gdn_mxfp818gdn_mxfp8_top_implEhthhPA128_K7ap_uintILi8EEPA4_S2_S4_S6_S4_S6_P_639|         array|
|p_ZZN9gdn_mxfp818gdn_mxfp8_top_implEhthhPA128_K7ap_uintILi8EEPA4_S2_S4_S6_S4_S6_P_640_address0  |  out|    5|   ap_memory|  p_ZZN9gdn_mxfp818gdn_mxfp8_top_implEhthhPA128_K7ap_uintILi8EEPA4_S2_S4_S6_S4_S6_P_640|         array|
|p_ZZN9gdn_mxfp818gdn_mxfp8_top_implEhthhPA128_K7ap_uintILi8EEPA4_S2_S4_S6_S4_S6_P_640_ce0       |  out|    1|   ap_memory|  p_ZZN9gdn_mxfp818gdn_mxfp8_top_implEhthhPA128_K7ap_uintILi8EEPA4_S2_S4_S6_S4_S6_P_640|         array|
|p_ZZN9gdn_mxfp818gdn_mxfp8_top_implEhthhPA128_K7ap_uintILi8EEPA4_S2_S4_S6_S4_S6_P_640_we0       |  out|    1|   ap_memory|  p_ZZN9gdn_mxfp818gdn_mxfp8_top_implEhthhPA128_K7ap_uintILi8EEPA4_S2_S4_S6_S4_S6_P_640|         array|
|p_ZZN9gdn_mxfp818gdn_mxfp8_top_implEhthhPA128_K7ap_uintILi8EEPA4_S2_S4_S6_S4_S6_P_640_d0        |  out|    8|   ap_memory|  p_ZZN9gdn_mxfp818gdn_mxfp8_top_implEhthhPA128_K7ap_uintILi8EEPA4_S2_S4_S6_S4_S6_P_640|         array|
|p_ZZN9gdn_mxfp818gdn_mxfp8_top_implEhthhPA128_K7ap_uintILi8EEPA4_S2_S4_S6_S4_S6_P_641_address0  |  out|    5|   ap_memory|  p_ZZN9gdn_mxfp818gdn_mxfp8_top_implEhthhPA128_K7ap_uintILi8EEPA4_S2_S4_S6_S4_S6_P_641|         array|
|p_ZZN9gdn_mxfp818gdn_mxfp8_top_implEhthhPA128_K7ap_uintILi8EEPA4_S2_S4_S6_S4_S6_P_641_ce0       |  out|    1|   ap_memory|  p_ZZN9gdn_mxfp818gdn_mxfp8_top_implEhthhPA128_K7ap_uintILi8EEPA4_S2_S4_S6_S4_S6_P_641|         array|
|p_ZZN9gdn_mxfp818gdn_mxfp8_top_implEhthhPA128_K7ap_uintILi8EEPA4_S2_S4_S6_S4_S6_P_641_we0       |  out|    1|   ap_memory|  p_ZZN9gdn_mxfp818gdn_mxfp8_top_implEhthhPA128_K7ap_uintILi8EEPA4_S2_S4_S6_S4_S6_P_641|         array|
|p_ZZN9gdn_mxfp818gdn_mxfp8_top_implEhthhPA128_K7ap_uintILi8EEPA4_S2_S4_S6_S4_S6_P_641_d0        |  out|    8|   ap_memory|  p_ZZN9gdn_mxfp818gdn_mxfp8_top_implEhthhPA128_K7ap_uintILi8EEPA4_S2_S4_S6_S4_S6_P_641|         array|
|p_ZZN9gdn_mxfp818gdn_mxfp8_top_implEhthhPA128_K7ap_uintILi8EEPA4_S2_S4_S6_S4_S6_P_642_address0  |  out|    5|   ap_memory|  p_ZZN9gdn_mxfp818gdn_mxfp8_top_implEhthhPA128_K7ap_uintILi8EEPA4_S2_S4_S6_S4_S6_P_642|         array|
|p_ZZN9gdn_mxfp818gdn_mxfp8_top_implEhthhPA128_K7ap_uintILi8EEPA4_S2_S4_S6_S4_S6_P_642_ce0       |  out|    1|   ap_memory|  p_ZZN9gdn_mxfp818gdn_mxfp8_top_implEhthhPA128_K7ap_uintILi8EEPA4_S2_S4_S6_S4_S6_P_642|         array|
|p_ZZN9gdn_mxfp818gdn_mxfp8_top_implEhthhPA128_K7ap_uintILi8EEPA4_S2_S4_S6_S4_S6_P_642_we0       |  out|    1|   ap_memory|  p_ZZN9gdn_mxfp818gdn_mxfp8_top_implEhthhPA128_K7ap_uintILi8EEPA4_S2_S4_S6_S4_S6_P_642|         array|
|p_ZZN9gdn_mxfp818gdn_mxfp8_top_implEhthhPA128_K7ap_uintILi8EEPA4_S2_S4_S6_S4_S6_P_642_d0        |  out|    8|   ap_memory|  p_ZZN9gdn_mxfp818gdn_mxfp8_top_implEhthhPA128_K7ap_uintILi8EEPA4_S2_S4_S6_S4_S6_P_642|         array|
|p_ZZN9gdn_mxfp818gdn_mxfp8_top_implEhthhPA128_K7ap_uintILi8EEPA4_S2_S4_S6_S4_S6_P_643_address0  |  out|    5|   ap_memory|  p_ZZN9gdn_mxfp818gdn_mxfp8_top_implEhthhPA128_K7ap_uintILi8EEPA4_S2_S4_S6_S4_S6_P_643|         array|
|p_ZZN9gdn_mxfp818gdn_mxfp8_top_implEhthhPA128_K7ap_uintILi8EEPA4_S2_S4_S6_S4_S6_P_643_ce0       |  out|    1|   ap_memory|  p_ZZN9gdn_mxfp818gdn_mxfp8_top_implEhthhPA128_K7ap_uintILi8EEPA4_S2_S4_S6_S4_S6_P_643|         array|
|p_ZZN9gdn_mxfp818gdn_mxfp8_top_implEhthhPA128_K7ap_uintILi8EEPA4_S2_S4_S6_S4_S6_P_643_we0       |  out|    1|   ap_memory|  p_ZZN9gdn_mxfp818gdn_mxfp8_top_implEhthhPA128_K7ap_uintILi8EEPA4_S2_S4_S6_S4_S6_P_643|         array|
|p_ZZN9gdn_mxfp818gdn_mxfp8_top_implEhthhPA128_K7ap_uintILi8EEPA4_S2_S4_S6_S4_S6_P_643_d0        |  out|    8|   ap_memory|  p_ZZN9gdn_mxfp818gdn_mxfp8_top_implEhthhPA128_K7ap_uintILi8EEPA4_S2_S4_S6_S4_S6_P_643|         array|
|p_ZZN9gdn_mxfp818gdn_mxfp8_top_implEhthhPA128_K7ap_uintILi8EEPA4_S2_S4_S6_S4_S6_P_644_address0  |  out|    5|   ap_memory|  p_ZZN9gdn_mxfp818gdn_mxfp8_top_implEhthhPA128_K7ap_uintILi8EEPA4_S2_S4_S6_S4_S6_P_644|         array|
|p_ZZN9gdn_mxfp818gdn_mxfp8_top_implEhthhPA128_K7ap_uintILi8EEPA4_S2_S4_S6_S4_S6_P_644_ce0       |  out|    1|   ap_memory|  p_ZZN9gdn_mxfp818gdn_mxfp8_top_implEhthhPA128_K7ap_uintILi8EEPA4_S2_S4_S6_S4_S6_P_644|         array|
|p_ZZN9gdn_mxfp818gdn_mxfp8_top_implEhthhPA128_K7ap_uintILi8EEPA4_S2_S4_S6_S4_S6_P_644_we0       |  out|    1|   ap_memory|  p_ZZN9gdn_mxfp818gdn_mxfp8_top_implEhthhPA128_K7ap_uintILi8EEPA4_S2_S4_S6_S4_S6_P_644|         array|
|p_ZZN9gdn_mxfp818gdn_mxfp8_top_implEhthhPA128_K7ap_uintILi8EEPA4_S2_S4_S6_S4_S6_P_644_d0        |  out|    8|   ap_memory|  p_ZZN9gdn_mxfp818gdn_mxfp8_top_implEhthhPA128_K7ap_uintILi8EEPA4_S2_S4_S6_S4_S6_P_644|         array|
|p_ZZN9gdn_mxfp818gdn_mxfp8_top_implEhthhPA128_K7ap_uintILi8EEPA4_S2_S4_S6_S4_S6_P_645_address0  |  out|    5|   ap_memory|  p_ZZN9gdn_mxfp818gdn_mxfp8_top_implEhthhPA128_K7ap_uintILi8EEPA4_S2_S4_S6_S4_S6_P_645|         array|
|p_ZZN9gdn_mxfp818gdn_mxfp8_top_implEhthhPA128_K7ap_uintILi8EEPA4_S2_S4_S6_S4_S6_P_645_ce0       |  out|    1|   ap_memory|  p_ZZN9gdn_mxfp818gdn_mxfp8_top_implEhthhPA128_K7ap_uintILi8EEPA4_S2_S4_S6_S4_S6_P_645|         array|
|p_ZZN9gdn_mxfp818gdn_mxfp8_top_implEhthhPA128_K7ap_uintILi8EEPA4_S2_S4_S6_S4_S6_P_645_we0       |  out|    1|   ap_memory|  p_ZZN9gdn_mxfp818gdn_mxfp8_top_implEhthhPA128_K7ap_uintILi8EEPA4_S2_S4_S6_S4_S6_P_645|         array|
|p_ZZN9gdn_mxfp818gdn_mxfp8_top_implEhthhPA128_K7ap_uintILi8EEPA4_S2_S4_S6_S4_S6_P_645_d0        |  out|    8|   ap_memory|  p_ZZN9gdn_mxfp818gdn_mxfp8_top_implEhthhPA128_K7ap_uintILi8EEPA4_S2_S4_S6_S4_S6_P_645|         array|
|p_ZZN9gdn_mxfp818gdn_mxfp8_top_implEhthhPA128_K7ap_uintILi8EEPA4_S2_S4_S6_S4_S6_P_646_address0  |  out|    5|   ap_memory|  p_ZZN9gdn_mxfp818gdn_mxfp8_top_implEhthhPA128_K7ap_uintILi8EEPA4_S2_S4_S6_S4_S6_P_646|         array|
|p_ZZN9gdn_mxfp818gdn_mxfp8_top_implEhthhPA128_K7ap_uintILi8EEPA4_S2_S4_S6_S4_S6_P_646_ce0       |  out|    1|   ap_memory|  p_ZZN9gdn_mxfp818gdn_mxfp8_top_implEhthhPA128_K7ap_uintILi8EEPA4_S2_S4_S6_S4_S6_P_646|         array|
|p_ZZN9gdn_mxfp818gdn_mxfp8_top_implEhthhPA128_K7ap_uintILi8EEPA4_S2_S4_S6_S4_S6_P_646_we0       |  out|    1|   ap_memory|  p_ZZN9gdn_mxfp818gdn_mxfp8_top_implEhthhPA128_K7ap_uintILi8EEPA4_S2_S4_S6_S4_S6_P_646|         array|
|p_ZZN9gdn_mxfp818gdn_mxfp8_top_implEhthhPA128_K7ap_uintILi8EEPA4_S2_S4_S6_S4_S6_P_646_d0        |  out|    8|   ap_memory|  p_ZZN9gdn_mxfp818gdn_mxfp8_top_implEhthhPA128_K7ap_uintILi8EEPA4_S2_S4_S6_S4_S6_P_646|         array|
|p_ZZN9gdn_mxfp818gdn_mxfp8_top_implEhthhPA128_K7ap_uintILi8EEPA4_S2_S4_S6_S4_S6_P_647_address0  |  out|    5|   ap_memory|  p_ZZN9gdn_mxfp818gdn_mxfp8_top_implEhthhPA128_K7ap_uintILi8EEPA4_S2_S4_S6_S4_S6_P_647|         array|
|p_ZZN9gdn_mxfp818gdn_mxfp8_top_implEhthhPA128_K7ap_uintILi8EEPA4_S2_S4_S6_S4_S6_P_647_ce0       |  out|    1|   ap_memory|  p_ZZN9gdn_mxfp818gdn_mxfp8_top_implEhthhPA128_K7ap_uintILi8EEPA4_S2_S4_S6_S4_S6_P_647|         array|
|p_ZZN9gdn_mxfp818gdn_mxfp8_top_implEhthhPA128_K7ap_uintILi8EEPA4_S2_S4_S6_S4_S6_P_647_we0       |  out|    1|   ap_memory|  p_ZZN9gdn_mxfp818gdn_mxfp8_top_implEhthhPA128_K7ap_uintILi8EEPA4_S2_S4_S6_S4_S6_P_647|         array|
|p_ZZN9gdn_mxfp818gdn_mxfp8_top_implEhthhPA128_K7ap_uintILi8EEPA4_S2_S4_S6_S4_S6_P_647_d0        |  out|    8|   ap_memory|  p_ZZN9gdn_mxfp818gdn_mxfp8_top_implEhthhPA128_K7ap_uintILi8EEPA4_S2_S4_S6_S4_S6_P_647|         array|
|p_ZZN9gdn_mxfp818gdn_mxfp8_top_implEhthhPA128_K7ap_uintILi8EEPA4_S2_S4_S6_S4_S6_P_648_address0  |  out|    5|   ap_memory|  p_ZZN9gdn_mxfp818gdn_mxfp8_top_implEhthhPA128_K7ap_uintILi8EEPA4_S2_S4_S6_S4_S6_P_648|         array|
|p_ZZN9gdn_mxfp818gdn_mxfp8_top_implEhthhPA128_K7ap_uintILi8EEPA4_S2_S4_S6_S4_S6_P_648_ce0       |  out|    1|   ap_memory|  p_ZZN9gdn_mxfp818gdn_mxfp8_top_implEhthhPA128_K7ap_uintILi8EEPA4_S2_S4_S6_S4_S6_P_648|         array|
|p_ZZN9gdn_mxfp818gdn_mxfp8_top_implEhthhPA128_K7ap_uintILi8EEPA4_S2_S4_S6_S4_S6_P_648_we0       |  out|    1|   ap_memory|  p_ZZN9gdn_mxfp818gdn_mxfp8_top_implEhthhPA128_K7ap_uintILi8EEPA4_S2_S4_S6_S4_S6_P_648|         array|
|p_ZZN9gdn_mxfp818gdn_mxfp8_top_implEhthhPA128_K7ap_uintILi8EEPA4_S2_S4_S6_S4_S6_P_648_d0        |  out|    8|   ap_memory|  p_ZZN9gdn_mxfp818gdn_mxfp8_top_implEhthhPA128_K7ap_uintILi8EEPA4_S2_S4_S6_S4_S6_P_648|         array|
|p_ZZN9gdn_mxfp818gdn_mxfp8_top_implEhthhPA128_K7ap_uintILi8EEPA4_S2_S4_S6_S4_S6_P_649_address0  |  out|    5|   ap_memory|  p_ZZN9gdn_mxfp818gdn_mxfp8_top_implEhthhPA128_K7ap_uintILi8EEPA4_S2_S4_S6_S4_S6_P_649|         array|
|p_ZZN9gdn_mxfp818gdn_mxfp8_top_implEhthhPA128_K7ap_uintILi8EEPA4_S2_S4_S6_S4_S6_P_649_ce0       |  out|    1|   ap_memory|  p_ZZN9gdn_mxfp818gdn_mxfp8_top_implEhthhPA128_K7ap_uintILi8EEPA4_S2_S4_S6_S4_S6_P_649|         array|
|p_ZZN9gdn_mxfp818gdn_mxfp8_top_implEhthhPA128_K7ap_uintILi8EEPA4_S2_S4_S6_S4_S6_P_649_we0       |  out|    1|   ap_memory|  p_ZZN9gdn_mxfp818gdn_mxfp8_top_implEhthhPA128_K7ap_uintILi8EEPA4_S2_S4_S6_S4_S6_P_649|         array|
|p_ZZN9gdn_mxfp818gdn_mxfp8_top_implEhthhPA128_K7ap_uintILi8EEPA4_S2_S4_S6_S4_S6_P_649_d0        |  out|    8|   ap_memory|  p_ZZN9gdn_mxfp818gdn_mxfp8_top_implEhthhPA128_K7ap_uintILi8EEPA4_S2_S4_S6_S4_S6_P_649|         array|
|p_ZZN9gdn_mxfp818gdn_mxfp8_top_implEhthhPA128_K7ap_uintILi8EEPA4_S2_S4_S6_S4_S6_P_650_address0  |  out|    5|   ap_memory|  p_ZZN9gdn_mxfp818gdn_mxfp8_top_implEhthhPA128_K7ap_uintILi8EEPA4_S2_S4_S6_S4_S6_P_650|         array|
|p_ZZN9gdn_mxfp818gdn_mxfp8_top_implEhthhPA128_K7ap_uintILi8EEPA4_S2_S4_S6_S4_S6_P_650_ce0       |  out|    1|   ap_memory|  p_ZZN9gdn_mxfp818gdn_mxfp8_top_implEhthhPA128_K7ap_uintILi8EEPA4_S2_S4_S6_S4_S6_P_650|         array|
|p_ZZN9gdn_mxfp818gdn_mxfp8_top_implEhthhPA128_K7ap_uintILi8EEPA4_S2_S4_S6_S4_S6_P_650_we0       |  out|    1|   ap_memory|  p_ZZN9gdn_mxfp818gdn_mxfp8_top_implEhthhPA128_K7ap_uintILi8EEPA4_S2_S4_S6_S4_S6_P_650|         array|
|p_ZZN9gdn_mxfp818gdn_mxfp8_top_implEhthhPA128_K7ap_uintILi8EEPA4_S2_S4_S6_S4_S6_P_650_d0        |  out|    8|   ap_memory|  p_ZZN9gdn_mxfp818gdn_mxfp8_top_implEhthhPA128_K7ap_uintILi8EEPA4_S2_S4_S6_S4_S6_P_650|         array|
|p_ZZN9gdn_mxfp818gdn_mxfp8_top_implEhthhPA128_K7ap_uintILi8EEPA4_S2_S4_S6_S4_S6_P_651_address0  |  out|    5|   ap_memory|  p_ZZN9gdn_mxfp818gdn_mxfp8_top_implEhthhPA128_K7ap_uintILi8EEPA4_S2_S4_S6_S4_S6_P_651|         array|
|p_ZZN9gdn_mxfp818gdn_mxfp8_top_implEhthhPA128_K7ap_uintILi8EEPA4_S2_S4_S6_S4_S6_P_651_ce0       |  out|    1|   ap_memory|  p_ZZN9gdn_mxfp818gdn_mxfp8_top_implEhthhPA128_K7ap_uintILi8EEPA4_S2_S4_S6_S4_S6_P_651|         array|
|p_ZZN9gdn_mxfp818gdn_mxfp8_top_implEhthhPA128_K7ap_uintILi8EEPA4_S2_S4_S6_S4_S6_P_651_we0       |  out|    1|   ap_memory|  p_ZZN9gdn_mxfp818gdn_mxfp8_top_implEhthhPA128_K7ap_uintILi8EEPA4_S2_S4_S6_S4_S6_P_651|         array|
|p_ZZN9gdn_mxfp818gdn_mxfp8_top_implEhthhPA128_K7ap_uintILi8EEPA4_S2_S4_S6_S4_S6_P_651_d0        |  out|    8|   ap_memory|  p_ZZN9gdn_mxfp818gdn_mxfp8_top_implEhthhPA128_K7ap_uintILi8EEPA4_S2_S4_S6_S4_S6_P_651|         array|
|p_ZZN9gdn_mxfp818gdn_mxfp8_top_implEhthhPA128_K7ap_uintILi8EEPA4_S2_S4_S6_S4_S6_P_652_address0  |  out|    5|   ap_memory|  p_ZZN9gdn_mxfp818gdn_mxfp8_top_implEhthhPA128_K7ap_uintILi8EEPA4_S2_S4_S6_S4_S6_P_652|         array|
|p_ZZN9gdn_mxfp818gdn_mxfp8_top_implEhthhPA128_K7ap_uintILi8EEPA4_S2_S4_S6_S4_S6_P_652_ce0       |  out|    1|   ap_memory|  p_ZZN9gdn_mxfp818gdn_mxfp8_top_implEhthhPA128_K7ap_uintILi8EEPA4_S2_S4_S6_S4_S6_P_652|         array|
|p_ZZN9gdn_mxfp818gdn_mxfp8_top_implEhthhPA128_K7ap_uintILi8EEPA4_S2_S4_S6_S4_S6_P_652_we0       |  out|    1|   ap_memory|  p_ZZN9gdn_mxfp818gdn_mxfp8_top_implEhthhPA128_K7ap_uintILi8EEPA4_S2_S4_S6_S4_S6_P_652|         array|
|p_ZZN9gdn_mxfp818gdn_mxfp8_top_implEhthhPA128_K7ap_uintILi8EEPA4_S2_S4_S6_S4_S6_P_652_d0        |  out|    8|   ap_memory|  p_ZZN9gdn_mxfp818gdn_mxfp8_top_implEhthhPA128_K7ap_uintILi8EEPA4_S2_S4_S6_S4_S6_P_652|         array|
+------------------------------------------------------------------------------------------------+-----+-----+------------+---------------------------------------------------------------------------------------+--------------+

