

================================================================
== Vitis HLS Report for 'phase2_decay_predict_tile_Pipeline_decode_decay_mxfp8_rows_decode_decay_mxfp8_la'
================================================================
* Date:           Tue Aug  4 23:13:50 2026

* Version:        2025.2 (Build 6295257 on Nov 14 2025)
* Project:        gdn_mxfp8_hls
* Solution:       u55c_250mhz (Vivado IP Flow Target)
* Product family: virtexuplusHBM
* Target device:  xcu55c-fsvh2892-2L-e


================================================================
== Performance Estimates
================================================================
+ Timing: 
    * Summary: 
    +--------+---------+----------+------------+
    |  Clock |  Target | Estimated| Uncertainty|
    +--------+---------+----------+------------+
    |ap_clk  |  4.00 ns|  2.755 ns|     1.08 ns|
    +--------+---------+----------+------------+

+ Latency: 
    * Summary: 
    +---------+---------+-----------+-----------+-----+-----+-------------------+
    |  Latency (cycles) |   Latency (absolute)  |  Interval |      Pipeline     |
    |   min   |   max   |    min    |    max    | min | max |        Type       |
    +---------+---------+-----------+-----------+-----+-----+-------------------+
    |     4102|     4102|  16.408 us|  16.408 us|    0|    0|  loop pipeline stp|
    +---------+---------+-----------+-----------+-----+-----+-------------------+

    + Detail: 
        * Instance: 
        N/A

        * Loop: 
        +----------------------------------------------------+---------+---------+----------+-----------+-----------+------+----------+
        |                                                    |  Latency (cycles) | Iteration|  Initiation Interval  | Trip |          |
        |                      Loop Name                     |   min   |   max   |  Latency |  achieved |   target  | Count| Pipelined|
        +----------------------------------------------------+---------+---------+----------+-----------+-----------+------+----------+
        |- decode_decay_mxfp8_rows_decode_decay_mxfp8_lanes  |     4100|     4100|         6|          1|          1|  4096|       yes|
        +----------------------------------------------------+---------+---------+----------+-----------+-----------+------+----------+



================================================================
== Utilization Estimates
================================================================
* Summary: 
+---------------------+---------+------+---------+---------+-----+
|         Name        | BRAM_18K|  DSP |    FF   |   LUT   | URAM|
+---------------------+---------+------+---------+---------+-----+
|DSP                  |        -|     -|        -|        -|    -|
|Expression           |        -|     -|        0|      878|    -|
|FIFO                 |        -|     -|        -|        -|    -|
|Instance             |        -|     1|        0|      823|    -|
|Memory               |        -|     -|        -|        -|    -|
|Multiplexer          |        -|     -|        0|       72|    -|
|Register             |        -|     -|      566|       96|    -|
+---------------------+---------+------+---------+---------+-----+
|Total                |        0|     1|      566|     1869|    0|
+---------------------+---------+------+---------+---------+-----+
|Available SLR        |     1344|  3008|   869120|   434560|  320|
+---------------------+---------+------+---------+---------+-----+
|Utilization SLR (%)  |        0|    ~0|       ~0|       ~0|    0|
+---------------------+---------+------+---------+---------+-----+
|Available            |     4032|  9024|  2607360|  1303680|  960|
+---------------------+---------+------+---------+---------+-----+
|Utilization (%)      |        0|    ~0|       ~0|       ~0|    0|
+---------------------+---------+------+---------+---------+-----+

+ Detail: 
    * Instance: 
    +---------------------------+----------------------+---------+----+---+----+-----+
    |          Instance         |        Module        | BRAM_18K| DSP| FF| LUT| URAM|
    +---------------------------+----------------------+---------+----+---+----+-----+
    |mul_5s_16ns_21_1_1_U179    |mul_5s_16ns_21_1_1    |        0|   1|  0|   5|    0|
    |sparsemux_17_3_8_1_1_U161  |sparsemux_17_3_8_1_1  |        0|   0|  0|  43|    0|
    |sparsemux_17_3_8_1_1_U162  |sparsemux_17_3_8_1_1  |        0|   0|  0|  43|    0|
    |sparsemux_17_3_8_1_1_U163  |sparsemux_17_3_8_1_1  |        0|   0|  0|  43|    0|
    |sparsemux_17_3_8_1_1_U164  |sparsemux_17_3_8_1_1  |        0|   0|  0|  43|    0|
    |sparsemux_17_3_8_1_1_U165  |sparsemux_17_3_8_1_1  |        0|   0|  0|  43|    0|
    |sparsemux_17_3_8_1_1_U166  |sparsemux_17_3_8_1_1  |        0|   0|  0|  43|    0|
    |sparsemux_17_3_8_1_1_U167  |sparsemux_17_3_8_1_1  |        0|   0|  0|  43|    0|
    |sparsemux_17_3_8_1_1_U168  |sparsemux_17_3_8_1_1  |        0|   0|  0|  43|    0|
    |sparsemux_17_3_8_1_1_U169  |sparsemux_17_3_8_1_1  |        0|   0|  0|  43|    0|
    |sparsemux_17_3_8_1_1_U170  |sparsemux_17_3_8_1_1  |        0|   0|  0|  43|    0|
    |sparsemux_17_3_8_1_1_U171  |sparsemux_17_3_8_1_1  |        0|   0|  0|  43|    0|
    |sparsemux_17_3_8_1_1_U172  |sparsemux_17_3_8_1_1  |        0|   0|  0|  43|    0|
    |sparsemux_17_3_8_1_1_U173  |sparsemux_17_3_8_1_1  |        0|   0|  0|  43|    0|
    |sparsemux_17_3_8_1_1_U174  |sparsemux_17_3_8_1_1  |        0|   0|  0|  43|    0|
    |sparsemux_17_3_8_1_1_U175  |sparsemux_17_3_8_1_1  |        0|   0|  0|  43|    0|
    |sparsemux_17_3_8_1_1_U176  |sparsemux_17_3_8_1_1  |        0|   0|  0|  43|    0|
    |sparsemux_33_4_8_1_1_U177  |sparsemux_33_4_8_1_1  |        0|   0|  0|  65|    0|
    |sparsemux_33_4_8_1_1_U178  |sparsemux_33_4_8_1_1  |        0|   0|  0|  65|    0|
    +---------------------------+----------------------+---------+----+---+----+-----+
    |Total                      |                      |        0|   1|  0| 823|    0|
    +---------------------------+----------------------+---------+----+---+----+-----+

    * DSP: 
    N/A

    * Memory: 
    N/A

    * FIFO: 
    N/A

    * Expression: 
    +------------------------------+----------+----+---+----+------------+------------+
    |         Variable Name        | Operation| DSP| FF| LUT| Bitwidth P0| Bitwidth P1|
    +------------------------------+----------+----+---+----+------------+------------+
    |add_ln102_3_fu_7361_p2        |         +|   0|  0|  18|           9|           9|
    |add_ln102_4_fu_7355_p2        |         +|   0|  0|  18|           9|           8|
    |add_ln102_fu_7337_p2          |         +|   0|  0|  12|           5|           5|
    |add_ln15_1_fu_6207_p2         |         +|   0|  0|  20|          13|           1|
    |add_ln15_fu_6219_p2           |         +|   0|  0|  15|           8|           1|
    |add_ln17_fu_6450_p2           |         +|   0|  0|  13|           6|           1|
    |quotient_fu_7572_p2           |         +|   0|  0|  12|           5|           1|
    |sub_ln15_fu_7521_p2           |         -|   0|  0|  27|           1|          20|
    |sub_ln29_fu_7595_p2           |         -|   0|  0|  13|           1|           6|
    |sub_ln94_fu_7320_p2           |         -|   0|  0|  12|           1|           5|
    |and_ln25_fu_7566_p2           |       and|   0|  0|   2|           1|           1|
    |and_ln94_fu_7314_p2           |       and|   0|  0|   2|           1|           1|
    |ap_predicate_pred4271_state3  |       and|   0|  0|   2|           1|           1|
    |ap_predicate_pred4286_state3  |       and|   0|  0|   2|           1|           1|
    |ap_predicate_pred4300_state3  |       and|   0|  0|   2|           1|           1|
    |ap_predicate_pred4314_state3  |       and|   0|  0|   2|           1|           1|
    |ap_predicate_pred4328_state3  |       and|   0|  0|   2|           1|           1|
    |ap_predicate_pred4342_state3  |       and|   0|  0|   2|           1|           1|
    |ap_predicate_pred4356_state3  |       and|   0|  0|   2|           1|           1|
    |ap_predicate_pred4370_state3  |       and|   0|  0|   2|           1|           1|
    |ap_predicate_pred4382_state3  |       and|   0|  0|   2|           1|           1|
    |ap_predicate_pred4394_state3  |       and|   0|  0|   2|           1|           1|
    |ap_predicate_pred4406_state3  |       and|   0|  0|   2|           1|           1|
    |ap_predicate_pred4418_state3  |       and|   0|  0|   2|           1|           1|
    |ap_predicate_pred4430_state3  |       and|   0|  0|   2|           1|           1|
    |ap_predicate_pred4442_state3  |       and|   0|  0|   2|           1|           1|
    |ap_predicate_pred4454_state3  |       and|   0|  0|   2|           1|           1|
    |ap_predicate_pred4466_state3  |       and|   0|  0|   2|           1|           1|
    |ap_predicate_pred4478_state3  |       and|   0|  0|   2|           1|           1|
    |ap_predicate_pred4490_state3  |       and|   0|  0|   2|           1|           1|
    |ap_predicate_pred4502_state3  |       and|   0|  0|   2|           1|           1|
    |ap_predicate_pred4514_state3  |       and|   0|  0|   2|           1|           1|
    |ap_predicate_pred4526_state3  |       and|   0|  0|   2|           1|           1|
    |ap_predicate_pred4538_state3  |       and|   0|  0|   2|           1|           1|
    |ap_predicate_pred4550_state3  |       and|   0|  0|   2|           1|           1|
    |ap_predicate_pred4562_state3  |       and|   0|  0|   2|           1|           1|
    |ap_predicate_pred4574_state3  |       and|   0|  0|   2|           1|           1|
    |ap_predicate_pred4586_state3  |       and|   0|  0|   2|           1|           1|
    |ap_predicate_pred4598_state3  |       and|   0|  0|   2|           1|           1|
    |ap_predicate_pred4610_state3  |       and|   0|  0|   2|           1|           1|
    |ap_predicate_pred4622_state3  |       and|   0|  0|   2|           1|           1|
    |ap_predicate_pred4634_state3  |       and|   0|  0|   2|           1|           1|
    |ap_predicate_pred4646_state3  |       and|   0|  0|   2|           1|           1|
    |ap_predicate_pred4658_state3  |       and|   0|  0|   2|           1|           1|
    |ap_predicate_pred4670_state3  |       and|   0|  0|   2|           1|           1|
    |ap_predicate_pred4682_state3  |       and|   0|  0|   2|           1|           1|
    |ap_predicate_pred4694_state3  |       and|   0|  0|   2|           1|           1|
    |ap_predicate_pred4706_state3  |       and|   0|  0|   2|           1|           1|
    |ap_predicate_pred4718_state3  |       and|   0|  0|   2|           1|           1|
    |ap_predicate_pred4730_state3  |       and|   0|  0|   2|           1|           1|
    |ap_predicate_pred4742_state3  |       and|   0|  0|   2|           1|           1|
    |ap_predicate_pred4754_state3  |       and|   0|  0|   2|           1|           1|
    |ap_predicate_pred4766_state3  |       and|   0|  0|   2|           1|           1|
    |ap_predicate_pred4778_state3  |       and|   0|  0|   2|           1|           1|
    |ap_predicate_pred4790_state3  |       and|   0|  0|   2|           1|           1|
    |ap_predicate_pred4802_state3  |       and|   0|  0|   2|           1|           1|
    |ap_predicate_pred4814_state3  |       and|   0|  0|   2|           1|           1|
    |ap_predicate_pred4826_state3  |       and|   0|  0|   2|           1|           1|
    |ap_predicate_pred4838_state3  |       and|   0|  0|   2|           1|           1|
    |ap_predicate_pred4850_state3  |       and|   0|  0|   2|           1|           1|
    |ap_predicate_pred4862_state3  |       and|   0|  0|   2|           1|           1|
    |ap_predicate_pred4874_state3  |       and|   0|  0|   2|           1|           1|
    |ap_predicate_pred4886_state3  |       and|   0|  0|   2|           1|           1|
    |ap_predicate_pred4898_state3  |       and|   0|  0|   2|           1|           1|
    |ap_predicate_pred4910_state3  |       and|   0|  0|   2|           1|           1|
    |ap_predicate_pred4922_state3  |       and|   0|  0|   2|           1|           1|
    |ap_predicate_pred4934_state3  |       and|   0|  0|   2|           1|           1|
    |ap_predicate_pred4946_state3  |       and|   0|  0|   2|           1|           1|
    |ap_predicate_pred4958_state3  |       and|   0|  0|   2|           1|           1|
    |ap_predicate_pred4970_state3  |       and|   0|  0|   2|           1|           1|
    |ap_predicate_pred4982_state3  |       and|   0|  0|   2|           1|           1|
    |ap_predicate_pred4994_state3  |       and|   0|  0|   2|           1|           1|
    |ap_predicate_pred5006_state3  |       and|   0|  0|   2|           1|           1|
    |ap_predicate_pred5018_state3  |       and|   0|  0|   2|           1|           1|
    |ap_predicate_pred5030_state3  |       and|   0|  0|   2|           1|           1|
    |ap_predicate_pred5042_state3  |       and|   0|  0|   2|           1|           1|
    |ap_predicate_pred5054_state3  |       and|   0|  0|   2|           1|           1|
    |ap_predicate_pred5066_state3  |       and|   0|  0|   2|           1|           1|
    |ap_predicate_pred5078_state3  |       and|   0|  0|   2|           1|           1|
    |ap_predicate_pred5090_state3  |       and|   0|  0|   2|           1|           1|
    |ap_predicate_pred5102_state3  |       and|   0|  0|   2|           1|           1|
    |ap_predicate_pred5114_state3  |       and|   0|  0|   2|           1|           1|
    |ap_predicate_pred5126_state3  |       and|   0|  0|   2|           1|           1|
    |ap_predicate_pred5138_state3  |       and|   0|  0|   2|           1|           1|
    |ap_predicate_pred5150_state3  |       and|   0|  0|   2|           1|           1|
    |ap_predicate_pred5162_state3  |       and|   0|  0|   2|           1|           1|
    |ap_predicate_pred5174_state3  |       and|   0|  0|   2|           1|           1|
    |ap_predicate_pred5186_state3  |       and|   0|  0|   2|           1|           1|
    |ap_predicate_pred5198_state3  |       and|   0|  0|   2|           1|           1|
    |ap_predicate_pred5210_state3  |       and|   0|  0|   2|           1|           1|
    |ap_predicate_pred5222_state3  |       and|   0|  0|   2|           1|           1|
    |ap_predicate_pred5234_state3  |       and|   0|  0|   2|           1|           1|
    |ap_predicate_pred5246_state3  |       and|   0|  0|   2|           1|           1|
    |ap_predicate_pred5258_state3  |       and|   0|  0|   2|           1|           1|
    |ap_predicate_pred5270_state3  |       and|   0|  0|   2|           1|           1|
    |ap_predicate_pred5282_state3  |       and|   0|  0|   2|           1|           1|
    |ap_predicate_pred5294_state3  |       and|   0|  0|   2|           1|           1|
    |ap_predicate_pred5306_state3  |       and|   0|  0|   2|           1|           1|
    |ap_predicate_pred5318_state3  |       and|   0|  0|   2|           1|           1|
    |ap_predicate_pred5330_state3  |       and|   0|  0|   2|           1|           1|
    |ap_predicate_pred5342_state3  |       and|   0|  0|   2|           1|           1|
    |ap_predicate_pred5354_state3  |       and|   0|  0|   2|           1|           1|
    |ap_predicate_pred5366_state3  |       and|   0|  0|   2|           1|           1|
    |ap_predicate_pred5378_state3  |       and|   0|  0|   2|           1|           1|
    |ap_predicate_pred5390_state3  |       and|   0|  0|   2|           1|           1|
    |ap_predicate_pred5402_state3  |       and|   0|  0|   2|           1|           1|
    |ap_predicate_pred5414_state3  |       and|   0|  0|   2|           1|           1|
    |ap_predicate_pred5426_state3  |       and|   0|  0|   2|           1|           1|
    |ap_predicate_pred5438_state3  |       and|   0|  0|   2|           1|           1|
    |ap_predicate_pred5450_state3  |       and|   0|  0|   2|           1|           1|
    |ap_predicate_pred5462_state3  |       and|   0|  0|   2|           1|           1|
    |ap_predicate_pred5474_state3  |       and|   0|  0|   2|           1|           1|
    |ap_predicate_pred5486_state3  |       and|   0|  0|   2|           1|           1|
    |ap_predicate_pred5498_state3  |       and|   0|  0|   2|           1|           1|
    |ap_predicate_pred5510_state3  |       and|   0|  0|   2|           1|           1|
    |ap_predicate_pred5522_state3  |       and|   0|  0|   2|           1|           1|
    |ap_predicate_pred5534_state3  |       and|   0|  0|   2|           1|           1|
    |ap_predicate_pred5546_state3  |       and|   0|  0|   2|           1|           1|
    |ap_predicate_pred5558_state3  |       and|   0|  0|   2|           1|           1|
    |ap_predicate_pred5570_state3  |       and|   0|  0|   2|           1|           1|
    |ap_predicate_pred5582_state3  |       and|   0|  0|   2|           1|           1|
    |ap_predicate_pred5594_state3  |       and|   0|  0|   2|           1|           1|
    |ap_predicate_pred5606_state3  |       and|   0|  0|   2|           1|           1|
    |ap_predicate_pred5618_state3  |       and|   0|  0|   2|           1|           1|
    |ap_predicate_pred5630_state3  |       and|   0|  0|   2|           1|           1|
    |ap_predicate_pred5642_state3  |       and|   0|  0|   2|           1|           1|
    |ap_predicate_pred5654_state3  |       and|   0|  0|   2|           1|           1|
    |ap_predicate_pred5666_state3  |       and|   0|  0|   2|           1|           1|
    |ap_predicate_pred5678_state3  |       and|   0|  0|   2|           1|           1|
    |ap_predicate_pred5690_state3  |       and|   0|  0|   2|           1|           1|
    |ap_predicate_pred5702_state3  |       and|   0|  0|   2|           1|           1|
    |ap_predicate_pred5714_state3  |       and|   0|  0|   2|           1|           1|
    |ap_predicate_pred5726_state3  |       and|   0|  0|   2|           1|           1|
    |ap_predicate_pred5738_state3  |       and|   0|  0|   2|           1|           1|
    |ap_predicate_pred5750_state3  |       and|   0|  0|   2|           1|           1|
    |ap_predicate_pred5762_state3  |       and|   0|  0|   2|           1|           1|
    |ap_predicate_pred5774_state3  |       and|   0|  0|   2|           1|           1|
    |ap_predicate_pred5786_state3  |       and|   0|  0|   2|           1|           1|
    |ap_predicate_pred5798_state3  |       and|   0|  0|   2|           1|           1|
    |ap_predicate_pred5810_state3  |       and|   0|  0|   2|           1|           1|
    |ap_predicate_pred5825_state6  |       and|   0|  0|   2|           1|           1|
    |ap_predicate_pred5839_state6  |       and|   0|  0|   2|           1|           1|
    |ap_predicate_pred5852_state6  |       and|   0|  0|   2|           1|           1|
    |ap_predicate_pred5865_state6  |       and|   0|  0|   2|           1|           1|
    |ap_predicate_pred5878_state6  |       and|   0|  0|   2|           1|           1|
    |ap_predicate_pred5891_state6  |       and|   0|  0|   2|           1|           1|
    |ap_predicate_pred5904_state6  |       and|   0|  0|   2|           1|           1|
    |ap_predicate_pred5917_state6  |       and|   0|  0|   2|           1|           1|
    |ap_predicate_pred5930_state6  |       and|   0|  0|   2|           1|           1|
    |ap_predicate_pred5942_state6  |       and|   0|  0|   2|           1|           1|
    |ap_predicate_pred5954_state6  |       and|   0|  0|   2|           1|           1|
    |ap_predicate_pred5966_state6  |       and|   0|  0|   2|           1|           1|
    |ap_predicate_pred5978_state6  |       and|   0|  0|   2|           1|           1|
    |ap_predicate_pred5990_state6  |       and|   0|  0|   2|           1|           1|
    |ap_predicate_pred6002_state6  |       and|   0|  0|   2|           1|           1|
    |ap_predicate_pred6014_state6  |       and|   0|  0|   2|           1|           1|
    |ap_predicate_pred6027_state6  |       and|   0|  0|   2|           1|           1|
    |ap_predicate_pred6039_state6  |       and|   0|  0|   2|           1|           1|
    |ap_predicate_pred6051_state6  |       and|   0|  0|   2|           1|           1|
    |ap_predicate_pred6063_state6  |       and|   0|  0|   2|           1|           1|
    |ap_predicate_pred6075_state6  |       and|   0|  0|   2|           1|           1|
    |ap_predicate_pred6087_state6  |       and|   0|  0|   2|           1|           1|
    |ap_predicate_pred6099_state6  |       and|   0|  0|   2|           1|           1|
    |ap_predicate_pred6111_state6  |       and|   0|  0|   2|           1|           1|
    |ap_predicate_pred6124_state6  |       and|   0|  0|   2|           1|           1|
    |ap_predicate_pred6136_state6  |       and|   0|  0|   2|           1|           1|
    |ap_predicate_pred6148_state6  |       and|   0|  0|   2|           1|           1|
    |ap_predicate_pred6160_state6  |       and|   0|  0|   2|           1|           1|
    |ap_predicate_pred6172_state6  |       and|   0|  0|   2|           1|           1|
    |ap_predicate_pred6184_state6  |       and|   0|  0|   2|           1|           1|
    |ap_predicate_pred6196_state6  |       and|   0|  0|   2|           1|           1|
    |ap_predicate_pred6208_state6  |       and|   0|  0|   2|           1|           1|
    |ap_predicate_pred6221_state6  |       and|   0|  0|   2|           1|           1|
    |ap_predicate_pred6233_state6  |       and|   0|  0|   2|           1|           1|
    |ap_predicate_pred6245_state6  |       and|   0|  0|   2|           1|           1|
    |ap_predicate_pred6257_state6  |       and|   0|  0|   2|           1|           1|
    |ap_predicate_pred6269_state6  |       and|   0|  0|   2|           1|           1|
    |ap_predicate_pred6281_state6  |       and|   0|  0|   2|           1|           1|
    |ap_predicate_pred6293_state6  |       and|   0|  0|   2|           1|           1|
    |ap_predicate_pred6305_state6  |       and|   0|  0|   2|           1|           1|
    |ap_predicate_pred6318_state6  |       and|   0|  0|   2|           1|           1|
    |ap_predicate_pred6330_state6  |       and|   0|  0|   2|           1|           1|
    |ap_predicate_pred6342_state6  |       and|   0|  0|   2|           1|           1|
    |ap_predicate_pred6354_state6  |       and|   0|  0|   2|           1|           1|
    |ap_predicate_pred6366_state6  |       and|   0|  0|   2|           1|           1|
    |ap_predicate_pred6378_state6  |       and|   0|  0|   2|           1|           1|
    |ap_predicate_pred6390_state6  |       and|   0|  0|   2|           1|           1|
    |ap_predicate_pred6402_state6  |       and|   0|  0|   2|           1|           1|
    |ap_predicate_pred6415_state6  |       and|   0|  0|   2|           1|           1|
    |ap_predicate_pred6427_state6  |       and|   0|  0|   2|           1|           1|
    |ap_predicate_pred6439_state6  |       and|   0|  0|   2|           1|           1|
    |ap_predicate_pred6451_state6  |       and|   0|  0|   2|           1|           1|
    |ap_predicate_pred6463_state6  |       and|   0|  0|   2|           1|           1|
    |ap_predicate_pred6475_state6  |       and|   0|  0|   2|           1|           1|
    |ap_predicate_pred6487_state6  |       and|   0|  0|   2|           1|           1|
    |ap_predicate_pred6499_state6  |       and|   0|  0|   2|           1|           1|
    |ap_predicate_pred6512_state6  |       and|   0|  0|   2|           1|           1|
    |ap_predicate_pred6524_state6  |       and|   0|  0|   2|           1|           1|
    |ap_predicate_pred6536_state6  |       and|   0|  0|   2|           1|           1|
    |ap_predicate_pred6548_state6  |       and|   0|  0|   2|           1|           1|
    |ap_predicate_pred6560_state6  |       and|   0|  0|   2|           1|           1|
    |ap_predicate_pred6572_state6  |       and|   0|  0|   2|           1|           1|
    |ap_predicate_pred6584_state6  |       and|   0|  0|   2|           1|           1|
    |ap_predicate_pred6596_state6  |       and|   0|  0|   2|           1|           1|
    |ap_predicate_pred6609_state6  |       and|   0|  0|   2|           1|           1|
    |ap_predicate_pred6621_state6  |       and|   0|  0|   2|           1|           1|
    |ap_predicate_pred6633_state6  |       and|   0|  0|   2|           1|           1|
    |ap_predicate_pred6645_state6  |       and|   0|  0|   2|           1|           1|
    |ap_predicate_pred6657_state6  |       and|   0|  0|   2|           1|           1|
    |ap_predicate_pred6669_state6  |       and|   0|  0|   2|           1|           1|
    |ap_predicate_pred6681_state6  |       and|   0|  0|   2|           1|           1|
    |ap_predicate_pred6693_state6  |       and|   0|  0|   2|           1|           1|
    |ap_predicate_pred6706_state6  |       and|   0|  0|   2|           1|           1|
    |ap_predicate_pred6718_state6  |       and|   0|  0|   2|           1|           1|
    |ap_predicate_pred6730_state6  |       and|   0|  0|   2|           1|           1|
    |ap_predicate_pred6742_state6  |       and|   0|  0|   2|           1|           1|
    |ap_predicate_pred6754_state6  |       and|   0|  0|   2|           1|           1|
    |ap_predicate_pred6766_state6  |       and|   0|  0|   2|           1|           1|
    |ap_predicate_pred6778_state6  |       and|   0|  0|   2|           1|           1|
    |ap_predicate_pred6790_state6  |       and|   0|  0|   2|           1|           1|
    |ap_predicate_pred6803_state6  |       and|   0|  0|   2|           1|           1|
    |ap_predicate_pred6815_state6  |       and|   0|  0|   2|           1|           1|
    |ap_predicate_pred6827_state6  |       and|   0|  0|   2|           1|           1|
    |ap_predicate_pred6839_state6  |       and|   0|  0|   2|           1|           1|
    |ap_predicate_pred6851_state6  |       and|   0|  0|   2|           1|           1|
    |ap_predicate_pred6863_state6  |       and|   0|  0|   2|           1|           1|
    |ap_predicate_pred6875_state6  |       and|   0|  0|   2|           1|           1|
    |ap_predicate_pred6887_state6  |       and|   0|  0|   2|           1|           1|
    |ap_predicate_pred6900_state6  |       and|   0|  0|   2|           1|           1|
    |ap_predicate_pred6912_state6  |       and|   0|  0|   2|           1|           1|
    |ap_predicate_pred6924_state6  |       and|   0|  0|   2|           1|           1|
    |ap_predicate_pred6936_state6  |       and|   0|  0|   2|           1|           1|
    |ap_predicate_pred6948_state6  |       and|   0|  0|   2|           1|           1|
    |ap_predicate_pred6960_state6  |       and|   0|  0|   2|           1|           1|
    |ap_predicate_pred6972_state6  |       and|   0|  0|   2|           1|           1|
    |ap_predicate_pred6984_state6  |       and|   0|  0|   2|           1|           1|
    |ap_predicate_pred6997_state6  |       and|   0|  0|   2|           1|           1|
    |ap_predicate_pred7009_state6  |       and|   0|  0|   2|           1|           1|
    |ap_predicate_pred7021_state6  |       and|   0|  0|   2|           1|           1|
    |ap_predicate_pred7033_state6  |       and|   0|  0|   2|           1|           1|
    |ap_predicate_pred7045_state6  |       and|   0|  0|   2|           1|           1|
    |ap_predicate_pred7057_state6  |       and|   0|  0|   2|           1|           1|
    |ap_predicate_pred7069_state6  |       and|   0|  0|   2|           1|           1|
    |ap_predicate_pred7081_state6  |       and|   0|  0|   2|           1|           1|
    |ap_predicate_pred7094_state6  |       and|   0|  0|   2|           1|           1|
    |ap_predicate_pred7106_state6  |       and|   0|  0|   2|           1|           1|
    |ap_predicate_pred7118_state6  |       and|   0|  0|   2|           1|           1|
    |ap_predicate_pred7130_state6  |       and|   0|  0|   2|           1|           1|
    |ap_predicate_pred7142_state6  |       and|   0|  0|   2|           1|           1|
    |ap_predicate_pred7154_state6  |       and|   0|  0|   2|           1|           1|
    |ap_predicate_pred7166_state6  |       and|   0|  0|   2|           1|           1|
    |ap_predicate_pred7178_state6  |       and|   0|  0|   2|           1|           1|
    |ap_predicate_pred7191_state6  |       and|   0|  0|   2|           1|           1|
    |ap_predicate_pred7203_state6  |       and|   0|  0|   2|           1|           1|
    |ap_predicate_pred7215_state6  |       and|   0|  0|   2|           1|           1|
    |ap_predicate_pred7227_state6  |       and|   0|  0|   2|           1|           1|
    |ap_predicate_pred7239_state6  |       and|   0|  0|   2|           1|           1|
    |ap_predicate_pred7251_state6  |       and|   0|  0|   2|           1|           1|
    |ap_predicate_pred7263_state6  |       and|   0|  0|   2|           1|           1|
    |ap_predicate_pred7275_state6  |       and|   0|  0|   2|           1|           1|
    |ap_predicate_pred7288_state6  |       and|   0|  0|   2|           1|           1|
    |ap_predicate_pred7300_state6  |       and|   0|  0|   2|           1|           1|
    |ap_predicate_pred7312_state6  |       and|   0|  0|   2|           1|           1|
    |ap_predicate_pred7324_state6  |       and|   0|  0|   2|           1|           1|
    |ap_predicate_pred7336_state6  |       and|   0|  0|   2|           1|           1|
    |ap_predicate_pred7348_state6  |       and|   0|  0|   2|           1|           1|
    |ap_predicate_pred7360_state6  |       and|   0|  0|   2|           1|           1|
    |ap_predicate_pred7372_state6  |       and|   0|  0|   2|           1|           1|
    |icmp_ln10_fu_7507_p2          |      icmp|   0|  0|  28|          21|           1|
    |icmp_ln15_fu_6201_p2          |      icmp|   0|  0|  21|          13|          14|
    |icmp_ln17_fu_6225_p2          |      icmp|   0|  0|  14|           6|           7|
    |icmp_ln24_fu_7554_p2          |      icmp|   0|  0|  23|          15|          16|
    |icmp_ln25_fu_7560_p2          |      icmp|   0|  0|  23|          15|          16|
    |icmp_ln91_fu_7277_p2          |      icmp|   0|  0|  12|           4|           1|
    |icmp_ln94_fu_7308_p2          |      icmp|   0|  0|  12|           4|           1|
    |or_ln25_fu_7578_p2            |        or|   0|  0|   2|           1|           1|
    |magnitude_5_fu_7526_p3        |    select|   0|  0|  20|           1|          20|
    |magnitude_fu_7289_p3          |    select|   0|  0|   4|           1|           4|
    |phi_ln44_fu_7608_p3           |    select|   0|  0|   6|           1|           1|
    |quotient_26_fu_7584_p3        |    select|   0|  0|   5|           1|           5|
    |select_ln102_fu_7343_p3       |    select|   0|  0|   5|           1|           5|
    |select_ln15_1_fu_6239_p3      |    select|   0|  0|   8|           1|           8|
    |select_ln15_fu_6231_p3        |    select|   0|  0|   6|           1|           1|
    |select_ln29_fu_7601_p3        |    select|   0|  0|   6|           1|           6|
    |select_ln94_fu_7326_p3        |    select|   0|  0|   5|           1|           5|
    |ap_enable_pp0                 |       xor|   0|  0|   2|           1|           2|
    +------------------------------+----------+----+---+----+------------+------------+
    |Total                         |          |   0|  0| 878|         405|         429|
    +------------------------------+----------+----+---+----+------------+------------+

    * Multiplexer: 
    +--------------------------------------+----+-----------+-----+-----------+
    |                 Name                 | LUT| Input Size| Bits| Total Bits|
    +--------------------------------------+----+-----------+-----+-----------+
    |ap_done_int                           |   9|          2|    1|          2|
    |ap_enable_reg_pp0_iter1               |   9|          2|    1|          2|
    |ap_sig_allocacmp_indvar_flatten_load  |   9|          2|   13|         26|
    |ap_sig_allocacmp_lane_2_load          |   9|          2|    6|         12|
    |ap_sig_allocacmp_row_load             |   9|          2|    8|         16|
    |indvar_flatten_fu_952                 |   9|          2|   13|         26|
    |lane_2_fu_944                         |   9|          2|    6|         12|
    |row_fu_948                            |   9|          2|    8|         16|
    +--------------------------------------+----+-----------+-----+-----------+
    |Total                                 |  72|         16|   56|        112|
    +--------------------------------------+----+-----------+-----+-----------+

    * Register: 
    +----------------------------------+----+----+-----+-----------+
    |               Name               | FF | LUT| Bits| Const Bits|
    +----------------------------------+----+----+-----+-----------+
    |ap_CS_fsm                         |   1|   0|    1|          0|
    |ap_done_reg                       |   1|   0|    1|          0|
    |ap_enable_reg_pp0_iter1           |   1|   0|    1|          0|
    |ap_enable_reg_pp0_iter2           |   1|   0|    1|          0|
    |ap_enable_reg_pp0_iter3           |   1|   0|    1|          0|
    |ap_enable_reg_pp0_iter4           |   1|   0|    1|          0|
    |ap_enable_reg_pp0_iter5           |   1|   0|    1|          0|
    |ap_loop_exit_ready_pp0_iter1_reg  |   1|   0|    1|          0|
    |ap_loop_exit_ready_pp0_iter2_reg  |   1|   0|    1|          0|
    |ap_loop_exit_ready_pp0_iter3_reg  |   1|   0|    1|          0|
    |ap_loop_exit_ready_pp0_iter4_reg  |   1|   0|    1|          0|
    |ap_predicate_pred4271_state3      |   1|   0|    1|          0|
    |ap_predicate_pred4286_state3      |   1|   0|    1|          0|
    |ap_predicate_pred4300_state3      |   1|   0|    1|          0|
    |ap_predicate_pred4314_state3      |   1|   0|    1|          0|
    |ap_predicate_pred4328_state3      |   1|   0|    1|          0|
    |ap_predicate_pred4342_state3      |   1|   0|    1|          0|
    |ap_predicate_pred4356_state3      |   1|   0|    1|          0|
    |ap_predicate_pred4370_state3      |   1|   0|    1|          0|
    |ap_predicate_pred4382_state3      |   1|   0|    1|          0|
    |ap_predicate_pred4394_state3      |   1|   0|    1|          0|
    |ap_predicate_pred4406_state3      |   1|   0|    1|          0|
    |ap_predicate_pred4418_state3      |   1|   0|    1|          0|
    |ap_predicate_pred4430_state3      |   1|   0|    1|          0|
    |ap_predicate_pred4442_state3      |   1|   0|    1|          0|
    |ap_predicate_pred4454_state3      |   1|   0|    1|          0|
    |ap_predicate_pred4466_state3      |   1|   0|    1|          0|
    |ap_predicate_pred4478_state3      |   1|   0|    1|          0|
    |ap_predicate_pred4490_state3      |   1|   0|    1|          0|
    |ap_predicate_pred4502_state3      |   1|   0|    1|          0|
    |ap_predicate_pred4514_state3      |   1|   0|    1|          0|
    |ap_predicate_pred4526_state3      |   1|   0|    1|          0|
    |ap_predicate_pred4538_state3      |   1|   0|    1|          0|
    |ap_predicate_pred4550_state3      |   1|   0|    1|          0|
    |ap_predicate_pred4562_state3      |   1|   0|    1|          0|
    |ap_predicate_pred4574_state3      |   1|   0|    1|          0|
    |ap_predicate_pred4586_state3      |   1|   0|    1|          0|
    |ap_predicate_pred4598_state3      |   1|   0|    1|          0|
    |ap_predicate_pred4610_state3      |   1|   0|    1|          0|
    |ap_predicate_pred4622_state3      |   1|   0|    1|          0|
    |ap_predicate_pred4634_state3      |   1|   0|    1|          0|
    |ap_predicate_pred4646_state3      |   1|   0|    1|          0|
    |ap_predicate_pred4658_state3      |   1|   0|    1|          0|
    |ap_predicate_pred4670_state3      |   1|   0|    1|          0|
    |ap_predicate_pred4682_state3      |   1|   0|    1|          0|
    |ap_predicate_pred4694_state3      |   1|   0|    1|          0|
    |ap_predicate_pred4706_state3      |   1|   0|    1|          0|
    |ap_predicate_pred4718_state3      |   1|   0|    1|          0|
    |ap_predicate_pred4730_state3      |   1|   0|    1|          0|
    |ap_predicate_pred4742_state3      |   1|   0|    1|          0|
    |ap_predicate_pred4754_state3      |   1|   0|    1|          0|
    |ap_predicate_pred4766_state3      |   1|   0|    1|          0|
    |ap_predicate_pred4778_state3      |   1|   0|    1|          0|
    |ap_predicate_pred4790_state3      |   1|   0|    1|          0|
    |ap_predicate_pred4802_state3      |   1|   0|    1|          0|
    |ap_predicate_pred4814_state3      |   1|   0|    1|          0|
    |ap_predicate_pred4826_state3      |   1|   0|    1|          0|
    |ap_predicate_pred4838_state3      |   1|   0|    1|          0|
    |ap_predicate_pred4850_state3      |   1|   0|    1|          0|
    |ap_predicate_pred4862_state3      |   1|   0|    1|          0|
    |ap_predicate_pred4874_state3      |   1|   0|    1|          0|
    |ap_predicate_pred4886_state3      |   1|   0|    1|          0|
    |ap_predicate_pred4898_state3      |   1|   0|    1|          0|
    |ap_predicate_pred4910_state3      |   1|   0|    1|          0|
    |ap_predicate_pred4922_state3      |   1|   0|    1|          0|
    |ap_predicate_pred4934_state3      |   1|   0|    1|          0|
    |ap_predicate_pred4946_state3      |   1|   0|    1|          0|
    |ap_predicate_pred4958_state3      |   1|   0|    1|          0|
    |ap_predicate_pred4970_state3      |   1|   0|    1|          0|
    |ap_predicate_pred4982_state3      |   1|   0|    1|          0|
    |ap_predicate_pred4994_state3      |   1|   0|    1|          0|
    |ap_predicate_pred5006_state3      |   1|   0|    1|          0|
    |ap_predicate_pred5018_state3      |   1|   0|    1|          0|
    |ap_predicate_pred5030_state3      |   1|   0|    1|          0|
    |ap_predicate_pred5042_state3      |   1|   0|    1|          0|
    |ap_predicate_pred5054_state3      |   1|   0|    1|          0|
    |ap_predicate_pred5066_state3      |   1|   0|    1|          0|
    |ap_predicate_pred5078_state3      |   1|   0|    1|          0|
    |ap_predicate_pred5090_state3      |   1|   0|    1|          0|
    |ap_predicate_pred5102_state3      |   1|   0|    1|          0|
    |ap_predicate_pred5114_state3      |   1|   0|    1|          0|
    |ap_predicate_pred5126_state3      |   1|   0|    1|          0|
    |ap_predicate_pred5138_state3      |   1|   0|    1|          0|
    |ap_predicate_pred5150_state3      |   1|   0|    1|          0|
    |ap_predicate_pred5162_state3      |   1|   0|    1|          0|
    |ap_predicate_pred5174_state3      |   1|   0|    1|          0|
    |ap_predicate_pred5186_state3      |   1|   0|    1|          0|
    |ap_predicate_pred5198_state3      |   1|   0|    1|          0|
    |ap_predicate_pred5210_state3      |   1|   0|    1|          0|
    |ap_predicate_pred5222_state3      |   1|   0|    1|          0|
    |ap_predicate_pred5234_state3      |   1|   0|    1|          0|
    |ap_predicate_pred5246_state3      |   1|   0|    1|          0|
    |ap_predicate_pred5258_state3      |   1|   0|    1|          0|
    |ap_predicate_pred5270_state3      |   1|   0|    1|          0|
    |ap_predicate_pred5282_state3      |   1|   0|    1|          0|
    |ap_predicate_pred5294_state3      |   1|   0|    1|          0|
    |ap_predicate_pred5306_state3      |   1|   0|    1|          0|
    |ap_predicate_pred5318_state3      |   1|   0|    1|          0|
    |ap_predicate_pred5330_state3      |   1|   0|    1|          0|
    |ap_predicate_pred5342_state3      |   1|   0|    1|          0|
    |ap_predicate_pred5354_state3      |   1|   0|    1|          0|
    |ap_predicate_pred5366_state3      |   1|   0|    1|          0|
    |ap_predicate_pred5378_state3      |   1|   0|    1|          0|
    |ap_predicate_pred5390_state3      |   1|   0|    1|          0|
    |ap_predicate_pred5402_state3      |   1|   0|    1|          0|
    |ap_predicate_pred5414_state3      |   1|   0|    1|          0|
    |ap_predicate_pred5426_state3      |   1|   0|    1|          0|
    |ap_predicate_pred5438_state3      |   1|   0|    1|          0|
    |ap_predicate_pred5450_state3      |   1|   0|    1|          0|
    |ap_predicate_pred5462_state3      |   1|   0|    1|          0|
    |ap_predicate_pred5474_state3      |   1|   0|    1|          0|
    |ap_predicate_pred5486_state3      |   1|   0|    1|          0|
    |ap_predicate_pred5498_state3      |   1|   0|    1|          0|
    |ap_predicate_pred5510_state3      |   1|   0|    1|          0|
    |ap_predicate_pred5522_state3      |   1|   0|    1|          0|
    |ap_predicate_pred5534_state3      |   1|   0|    1|          0|
    |ap_predicate_pred5546_state3      |   1|   0|    1|          0|
    |ap_predicate_pred5558_state3      |   1|   0|    1|          0|
    |ap_predicate_pred5570_state3      |   1|   0|    1|          0|
    |ap_predicate_pred5582_state3      |   1|   0|    1|          0|
    |ap_predicate_pred5594_state3      |   1|   0|    1|          0|
    |ap_predicate_pred5606_state3      |   1|   0|    1|          0|
    |ap_predicate_pred5618_state3      |   1|   0|    1|          0|
    |ap_predicate_pred5630_state3      |   1|   0|    1|          0|
    |ap_predicate_pred5642_state3      |   1|   0|    1|          0|
    |ap_predicate_pred5654_state3      |   1|   0|    1|          0|
    |ap_predicate_pred5666_state3      |   1|   0|    1|          0|
    |ap_predicate_pred5678_state3      |   1|   0|    1|          0|
    |ap_predicate_pred5690_state3      |   1|   0|    1|          0|
    |ap_predicate_pred5702_state3      |   1|   0|    1|          0|
    |ap_predicate_pred5714_state3      |   1|   0|    1|          0|
    |ap_predicate_pred5726_state3      |   1|   0|    1|          0|
    |ap_predicate_pred5738_state3      |   1|   0|    1|          0|
    |ap_predicate_pred5750_state3      |   1|   0|    1|          0|
    |ap_predicate_pred5762_state3      |   1|   0|    1|          0|
    |ap_predicate_pred5774_state3      |   1|   0|    1|          0|
    |ap_predicate_pred5786_state3      |   1|   0|    1|          0|
    |ap_predicate_pred5798_state3      |   1|   0|    1|          0|
    |ap_predicate_pred5810_state3      |   1|   0|    1|          0|
    |ap_predicate_pred5825_state6      |   1|   0|    1|          0|
    |ap_predicate_pred5839_state6      |   1|   0|    1|          0|
    |ap_predicate_pred5852_state6      |   1|   0|    1|          0|
    |ap_predicate_pred5865_state6      |   1|   0|    1|          0|
    |ap_predicate_pred5878_state6      |   1|   0|    1|          0|
    |ap_predicate_pred5891_state6      |   1|   0|    1|          0|
    |ap_predicate_pred5904_state6      |   1|   0|    1|          0|
    |ap_predicate_pred5917_state6      |   1|   0|    1|          0|
    |ap_predicate_pred5930_state6      |   1|   0|    1|          0|
    |ap_predicate_pred5942_state6      |   1|   0|    1|          0|
    |ap_predicate_pred5954_state6      |   1|   0|    1|          0|
    |ap_predicate_pred5966_state6      |   1|   0|    1|          0|
    |ap_predicate_pred5978_state6      |   1|   0|    1|          0|
    |ap_predicate_pred5990_state6      |   1|   0|    1|          0|
    |ap_predicate_pred6002_state6      |   1|   0|    1|          0|
    |ap_predicate_pred6014_state6      |   1|   0|    1|          0|
    |ap_predicate_pred6027_state6      |   1|   0|    1|          0|
    |ap_predicate_pred6039_state6      |   1|   0|    1|          0|
    |ap_predicate_pred6051_state6      |   1|   0|    1|          0|
    |ap_predicate_pred6063_state6      |   1|   0|    1|          0|
    |ap_predicate_pred6075_state6      |   1|   0|    1|          0|
    |ap_predicate_pred6087_state6      |   1|   0|    1|          0|
    |ap_predicate_pred6099_state6      |   1|   0|    1|          0|
    |ap_predicate_pred6111_state6      |   1|   0|    1|          0|
    |ap_predicate_pred6124_state6      |   1|   0|    1|          0|
    |ap_predicate_pred6136_state6      |   1|   0|    1|          0|
    |ap_predicate_pred6148_state6      |   1|   0|    1|          0|
    |ap_predicate_pred6160_state6      |   1|   0|    1|          0|
    |ap_predicate_pred6172_state6      |   1|   0|    1|          0|
    |ap_predicate_pred6184_state6      |   1|   0|    1|          0|
    |ap_predicate_pred6196_state6      |   1|   0|    1|          0|
    |ap_predicate_pred6208_state6      |   1|   0|    1|          0|
    |ap_predicate_pred6221_state6      |   1|   0|    1|          0|
    |ap_predicate_pred6233_state6      |   1|   0|    1|          0|
    |ap_predicate_pred6245_state6      |   1|   0|    1|          0|
    |ap_predicate_pred6257_state6      |   1|   0|    1|          0|
    |ap_predicate_pred6269_state6      |   1|   0|    1|          0|
    |ap_predicate_pred6281_state6      |   1|   0|    1|          0|
    |ap_predicate_pred6293_state6      |   1|   0|    1|          0|
    |ap_predicate_pred6305_state6      |   1|   0|    1|          0|
    |ap_predicate_pred6318_state6      |   1|   0|    1|          0|
    |ap_predicate_pred6330_state6      |   1|   0|    1|          0|
    |ap_predicate_pred6342_state6      |   1|   0|    1|          0|
    |ap_predicate_pred6354_state6      |   1|   0|    1|          0|
    |ap_predicate_pred6366_state6      |   1|   0|    1|          0|
    |ap_predicate_pred6378_state6      |   1|   0|    1|          0|
    |ap_predicate_pred6390_state6      |   1|   0|    1|          0|
    |ap_predicate_pred6402_state6      |   1|   0|    1|          0|
    |ap_predicate_pred6415_state6      |   1|   0|    1|          0|
    |ap_predicate_pred6427_state6      |   1|   0|    1|          0|
    |ap_predicate_pred6439_state6      |   1|   0|    1|          0|
    |ap_predicate_pred6451_state6      |   1|   0|    1|          0|
    |ap_predicate_pred6463_state6      |   1|   0|    1|          0|
    |ap_predicate_pred6475_state6      |   1|   0|    1|          0|
    |ap_predicate_pred6487_state6      |   1|   0|    1|          0|
    |ap_predicate_pred6499_state6      |   1|   0|    1|          0|
    |ap_predicate_pred6512_state6      |   1|   0|    1|          0|
    |ap_predicate_pred6524_state6      |   1|   0|    1|          0|
    |ap_predicate_pred6536_state6      |   1|   0|    1|          0|
    |ap_predicate_pred6548_state6      |   1|   0|    1|          0|
    |ap_predicate_pred6560_state6      |   1|   0|    1|          0|
    |ap_predicate_pred6572_state6      |   1|   0|    1|          0|
    |ap_predicate_pred6584_state6      |   1|   0|    1|          0|
    |ap_predicate_pred6596_state6      |   1|   0|    1|          0|
    |ap_predicate_pred6609_state6      |   1|   0|    1|          0|
    |ap_predicate_pred6621_state6      |   1|   0|    1|          0|
    |ap_predicate_pred6633_state6      |   1|   0|    1|          0|
    |ap_predicate_pred6645_state6      |   1|   0|    1|          0|
    |ap_predicate_pred6657_state6      |   1|   0|    1|          0|
    |ap_predicate_pred6669_state6      |   1|   0|    1|          0|
    |ap_predicate_pred6681_state6      |   1|   0|    1|          0|
    |ap_predicate_pred6693_state6      |   1|   0|    1|          0|
    |ap_predicate_pred6706_state6      |   1|   0|    1|          0|
    |ap_predicate_pred6718_state6      |   1|   0|    1|          0|
    |ap_predicate_pred6730_state6      |   1|   0|    1|          0|
    |ap_predicate_pred6742_state6      |   1|   0|    1|          0|
    |ap_predicate_pred6754_state6      |   1|   0|    1|          0|
    |ap_predicate_pred6766_state6      |   1|   0|    1|          0|
    |ap_predicate_pred6778_state6      |   1|   0|    1|          0|
    |ap_predicate_pred6790_state6      |   1|   0|    1|          0|
    |ap_predicate_pred6803_state6      |   1|   0|    1|          0|
    |ap_predicate_pred6815_state6      |   1|   0|    1|          0|
    |ap_predicate_pred6827_state6      |   1|   0|    1|          0|
    |ap_predicate_pred6839_state6      |   1|   0|    1|          0|
    |ap_predicate_pred6851_state6      |   1|   0|    1|          0|
    |ap_predicate_pred6863_state6      |   1|   0|    1|          0|
    |ap_predicate_pred6875_state6      |   1|   0|    1|          0|
    |ap_predicate_pred6887_state6      |   1|   0|    1|          0|
    |ap_predicate_pred6900_state6      |   1|   0|    1|          0|
    |ap_predicate_pred6912_state6      |   1|   0|    1|          0|
    |ap_predicate_pred6924_state6      |   1|   0|    1|          0|
    |ap_predicate_pred6936_state6      |   1|   0|    1|          0|
    |ap_predicate_pred6948_state6      |   1|   0|    1|          0|
    |ap_predicate_pred6960_state6      |   1|   0|    1|          0|
    |ap_predicate_pred6972_state6      |   1|   0|    1|          0|
    |ap_predicate_pred6984_state6      |   1|   0|    1|          0|
    |ap_predicate_pred6997_state6      |   1|   0|    1|          0|
    |ap_predicate_pred7009_state6      |   1|   0|    1|          0|
    |ap_predicate_pred7021_state6      |   1|   0|    1|          0|
    |ap_predicate_pred7033_state6      |   1|   0|    1|          0|
    |ap_predicate_pred7045_state6      |   1|   0|    1|          0|
    |ap_predicate_pred7057_state6      |   1|   0|    1|          0|
    |ap_predicate_pred7069_state6      |   1|   0|    1|          0|
    |ap_predicate_pred7081_state6      |   1|   0|    1|          0|
    |ap_predicate_pred7094_state6      |   1|   0|    1|          0|
    |ap_predicate_pred7106_state6      |   1|   0|    1|          0|
    |ap_predicate_pred7118_state6      |   1|   0|    1|          0|
    |ap_predicate_pred7130_state6      |   1|   0|    1|          0|
    |ap_predicate_pred7142_state6      |   1|   0|    1|          0|
    |ap_predicate_pred7154_state6      |   1|   0|    1|          0|
    |ap_predicate_pred7166_state6      |   1|   0|    1|          0|
    |ap_predicate_pred7178_state6      |   1|   0|    1|          0|
    |ap_predicate_pred7191_state6      |   1|   0|    1|          0|
    |ap_predicate_pred7203_state6      |   1|   0|    1|          0|
    |ap_predicate_pred7215_state6      |   1|   0|    1|          0|
    |ap_predicate_pred7227_state6      |   1|   0|    1|          0|
    |ap_predicate_pred7239_state6      |   1|   0|    1|          0|
    |ap_predicate_pred7251_state6      |   1|   0|    1|          0|
    |ap_predicate_pred7263_state6      |   1|   0|    1|          0|
    |ap_predicate_pred7275_state6      |   1|   0|    1|          0|
    |ap_predicate_pred7288_state6      |   1|   0|    1|          0|
    |ap_predicate_pred7300_state6      |   1|   0|    1|          0|
    |ap_predicate_pred7312_state6      |   1|   0|    1|          0|
    |ap_predicate_pred7324_state6      |   1|   0|    1|          0|
    |ap_predicate_pred7336_state6      |   1|   0|    1|          0|
    |ap_predicate_pred7348_state6      |   1|   0|    1|          0|
    |ap_predicate_pred7360_state6      |   1|   0|    1|          0|
    |ap_predicate_pred7372_state6      |   1|   0|    1|          0|
    |fraction_reg_8789                 |   3|   0|    3|          0|
    |icmp_ln10_reg_8812                |   1|   0|    1|          0|
    |icmp_ln10_reg_8812_pp0_iter4_reg  |   1|   0|    1|          0|
    |indvar_flatten_fu_952             |  13|   0|   13|          0|
    |lane_2_fu_944                     |   6|   0|    6|          0|
    |lshr_ln_reg_7779                  |   3|   0|    3|          0|
    |negative_reg_8817                 |   1|   0|    1|          0|
    |negative_reg_8817_pp0_iter4_reg   |   1|   0|    1|          0|
    |quotient_26_reg_8823              |   5|   0|    5|          0|
    |row_fu_948                        |   8|   0|    8|          0|
    |select_ln94_reg_8801              |   5|   0|    5|          0|
    |tmp_416_reg_8795                  |   4|   0|    4|          0|
    |trunc_ln15_reg_7773               |   4|   0|    4|          0|
    |trunc_ln17_reg_7784               |   3|   0|    3|          0|
    |trunc_ln52_reg_8806               |  20|   0|   20|          0|
    |value_3_reg_8784                  |   8|   0|    8|          0|
    |zext_ln15_cast_reg_7764           |  16|   0|   21|          5|
    |zext_ln20_reg_7804                |   5|   0|   64|         59|
    |trunc_ln15_reg_7773               |  64|  32|    4|          0|
    |trunc_ln17_reg_7784               |  64|  32|    3|          0|
    |zext_ln20_reg_7804                |  64|  32|   64|         59|
    +----------------------------------+----+----+-----+-----------+
    |Total                             | 566|  96|  509|        123|
    +----------------------------------+----+----+-----+-----------+



================================================================
== Interface
================================================================
* Summary: 
+------------------------------------------------------------------------------------------------+-----+-----+------------+---------------------------------------------------------------------------------------+--------------+
|                                            RTL Ports                                           | Dir | Bits|  Protocol  |                                     Source Object                                     |    C Type    |
+------------------------------------------------------------------------------------------------+-----+-----+------------+---------------------------------------------------------------------------------------+--------------+
|ap_clk                                                                                          |   in|    1|  ap_ctrl_hs|       phase2_decay_predict_tile_Pipeline_decode_decay_mxfp8_rows_decode_decay_mxfp8_la|  return value|
|ap_rst                                                                                          |   in|    1|  ap_ctrl_hs|       phase2_decay_predict_tile_Pipeline_decode_decay_mxfp8_rows_decode_decay_mxfp8_la|  return value|
|ap_start                                                                                        |   in|    1|  ap_ctrl_hs|       phase2_decay_predict_tile_Pipeline_decode_decay_mxfp8_rows_decode_decay_mxfp8_la|  return value|
|ap_done                                                                                         |  out|    1|  ap_ctrl_hs|       phase2_decay_predict_tile_Pipeline_decode_decay_mxfp8_rows_decode_decay_mxfp8_la|  return value|
|ap_idle                                                                                         |  out|    1|  ap_ctrl_hs|       phase2_decay_predict_tile_Pipeline_decode_decay_mxfp8_rows_decode_decay_mxfp8_la|  return value|
|ap_ready                                                                                        |  out|    1|  ap_ctrl_hs|       phase2_decay_predict_tile_Pipeline_decode_decay_mxfp8_rows_decode_decay_mxfp8_la|  return value|
|zext_ln15                                                                                       |   in|   16|     ap_none|                                                                              zext_ln15|        scalar|
|p_ZZN9gdn_mxfp818gdn_mxfp8_top_implEhthhPA128_K7ap_uintILi8EEPA4_S2_S4_S6_S4_S6_P_851_address0  |  out|    5|   ap_memory|  p_ZZN9gdn_mxfp818gdn_mxfp8_top_implEhthhPA128_K7ap_uintILi8EEPA4_S2_S4_S6_S4_S6_P_851|         array|
|p_ZZN9gdn_mxfp818gdn_mxfp8_top_implEhthhPA128_K7ap_uintILi8EEPA4_S2_S4_S6_S4_S6_P_851_ce0       |  out|    1|   ap_memory|  p_ZZN9gdn_mxfp818gdn_mxfp8_top_implEhthhPA128_K7ap_uintILi8EEPA4_S2_S4_S6_S4_S6_P_851|         array|
|p_ZZN9gdn_mxfp818gdn_mxfp8_top_implEhthhPA128_K7ap_uintILi8EEPA4_S2_S4_S6_S4_S6_P_851_we0       |  out|    1|   ap_memory|  p_ZZN9gdn_mxfp818gdn_mxfp8_top_implEhthhPA128_K7ap_uintILi8EEPA4_S2_S4_S6_S4_S6_P_851|         array|
|p_ZZN9gdn_mxfp818gdn_mxfp8_top_implEhthhPA128_K7ap_uintILi8EEPA4_S2_S4_S6_S4_S6_P_851_d0        |  out|    6|   ap_memory|  p_ZZN9gdn_mxfp818gdn_mxfp8_top_implEhthhPA128_K7ap_uintILi8EEPA4_S2_S4_S6_S4_S6_P_851|         array|
|p_ZZN9gdn_mxfp818gdn_mxfp8_top_implEhthhPA128_K7ap_uintILi8EEPA4_S2_S4_S6_S4_S6_P_731_address0  |  out|    5|   ap_memory|  p_ZZN9gdn_mxfp818gdn_mxfp8_top_implEhthhPA128_K7ap_uintILi8EEPA4_S2_S4_S6_S4_S6_P_731|         array|
|p_ZZN9gdn_mxfp818gdn_mxfp8_top_implEhthhPA128_K7ap_uintILi8EEPA4_S2_S4_S6_S4_S6_P_731_ce0       |  out|    1|   ap_memory|  p_ZZN9gdn_mxfp818gdn_mxfp8_top_implEhthhPA128_K7ap_uintILi8EEPA4_S2_S4_S6_S4_S6_P_731|         array|
|p_ZZN9gdn_mxfp818gdn_mxfp8_top_implEhthhPA128_K7ap_uintILi8EEPA4_S2_S4_S6_S4_S6_P_731_we0       |  out|    1|   ap_memory|  p_ZZN9gdn_mxfp818gdn_mxfp8_top_implEhthhPA128_K7ap_uintILi8EEPA4_S2_S4_S6_S4_S6_P_731|         array|
|p_ZZN9gdn_mxfp818gdn_mxfp8_top_implEhthhPA128_K7ap_uintILi8EEPA4_S2_S4_S6_S4_S6_P_731_d0        |  out|    9|   ap_memory|  p_ZZN9gdn_mxfp818gdn_mxfp8_top_implEhthhPA128_K7ap_uintILi8EEPA4_S2_S4_S6_S4_S6_P_731|         array|
|gdn_mxfp8_top_impl_unsigned_char_unsigned_short_unsigned_char_unsigned_char_ap_u_33_address0    |  out|    3|   ap_memory|    gdn_mxfp8_top_impl_unsigned_char_unsigned_short_unsigned_char_unsigned_char_ap_u_33|         array|
|gdn_mxfp8_top_impl_unsigned_char_unsigned_short_unsigned_char_unsigned_char_ap_u_33_ce0         |  out|    1|   ap_memory|    gdn_mxfp8_top_impl_unsigned_char_unsigned_short_unsigned_char_unsigned_char_ap_u_33|         array|
|gdn_mxfp8_top_impl_unsigned_char_unsigned_short_unsigned_char_unsigned_char_ap_u_33_q0          |   in|    8|   ap_memory|    gdn_mxfp8_top_impl_unsigned_char_unsigned_short_unsigned_char_unsigned_char_ap_u_33|         array|
|gdn_mxfp8_top_impl_unsigned_char_unsigned_short_unsigned_char_unsigned_char_ap_u_32_address0    |  out|    3|   ap_memory|    gdn_mxfp8_top_impl_unsigned_char_unsigned_short_unsigned_char_unsigned_char_ap_u_32|         array|
|gdn_mxfp8_top_impl_unsigned_char_unsigned_short_unsigned_char_unsigned_char_ap_u_32_ce0         |  out|    1|   ap_memory|    gdn_mxfp8_top_impl_unsigned_char_unsigned_short_unsigned_char_unsigned_char_ap_u_32|         array|
|gdn_mxfp8_top_impl_unsigned_char_unsigned_short_unsigned_char_unsigned_char_ap_u_32_q0          |   in|    8|   ap_memory|    gdn_mxfp8_top_impl_unsigned_char_unsigned_short_unsigned_char_unsigned_char_ap_u_32|         array|
|gdn_mxfp8_top_impl_unsigned_char_unsigned_short_unsigned_char_unsigned_char_ap_u_31_address0    |  out|    3|   ap_memory|    gdn_mxfp8_top_impl_unsigned_char_unsigned_short_unsigned_char_unsigned_char_ap_u_31|         array|
|gdn_mxfp8_top_impl_unsigned_char_unsigned_short_unsigned_char_unsigned_char_ap_u_31_ce0         |  out|    1|   ap_memory|    gdn_mxfp8_top_impl_unsigned_char_unsigned_short_unsigned_char_unsigned_char_ap_u_31|         array|
|gdn_mxfp8_top_impl_unsigned_char_unsigned_short_unsigned_char_unsigned_char_ap_u_31_q0          |   in|    8|   ap_memory|    gdn_mxfp8_top_impl_unsigned_char_unsigned_short_unsigned_char_unsigned_char_ap_u_31|         array|
|gdn_mxfp8_top_impl_unsigned_char_unsigned_short_unsigned_char_unsigned_char_ap_u_30_address0    |  out|    3|   ap_memory|    gdn_mxfp8_top_impl_unsigned_char_unsigned_short_unsigned_char_unsigned_char_ap_u_30|         array|
|gdn_mxfp8_top_impl_unsigned_char_unsigned_short_unsigned_char_unsigned_char_ap_u_30_ce0         |  out|    1|   ap_memory|    gdn_mxfp8_top_impl_unsigned_char_unsigned_short_unsigned_char_unsigned_char_ap_u_30|         array|
|gdn_mxfp8_top_impl_unsigned_char_unsigned_short_unsigned_char_unsigned_char_ap_u_30_q0          |   in|    8|   ap_memory|    gdn_mxfp8_top_impl_unsigned_char_unsigned_short_unsigned_char_unsigned_char_ap_u_30|         array|
|gdn_mxfp8_top_impl_unsigned_char_unsigned_short_unsigned_char_unsigned_char_ap_u_29_address0    |  out|    3|   ap_memory|    gdn_mxfp8_top_impl_unsigned_char_unsigned_short_unsigned_char_unsigned_char_ap_u_29|         array|
|gdn_mxfp8_top_impl_unsigned_char_unsigned_short_unsigned_char_unsigned_char_ap_u_29_ce0         |  out|    1|   ap_memory|    gdn_mxfp8_top_impl_unsigned_char_unsigned_short_unsigned_char_unsigned_char_ap_u_29|         array|
|gdn_mxfp8_top_impl_unsigned_char_unsigned_short_unsigned_char_unsigned_char_ap_u_29_q0          |   in|    8|   ap_memory|    gdn_mxfp8_top_impl_unsigned_char_unsigned_short_unsigned_char_unsigned_char_ap_u_29|         array|
|gdn_mxfp8_top_impl_unsigned_char_unsigned_short_unsigned_char_unsigned_char_ap_u_28_address0    |  out|    3|   ap_memory|    gdn_mxfp8_top_impl_unsigned_char_unsigned_short_unsigned_char_unsigned_char_ap_u_28|         array|
|gdn_mxfp8_top_impl_unsigned_char_unsigned_short_unsigned_char_unsigned_char_ap_u_28_ce0         |  out|    1|   ap_memory|    gdn_mxfp8_top_impl_unsigned_char_unsigned_short_unsigned_char_unsigned_char_ap_u_28|         array|
|gdn_mxfp8_top_impl_unsigned_char_unsigned_short_unsigned_char_unsigned_char_ap_u_28_q0          |   in|    8|   ap_memory|    gdn_mxfp8_top_impl_unsigned_char_unsigned_short_unsigned_char_unsigned_char_ap_u_28|         array|
|gdn_mxfp8_top_impl_unsigned_char_unsigned_short_unsigned_char_unsigned_char_ap_u_27_address0    |  out|    3|   ap_memory|    gdn_mxfp8_top_impl_unsigned_char_unsigned_short_unsigned_char_unsigned_char_ap_u_27|         array|
|gdn_mxfp8_top_impl_unsigned_char_unsigned_short_unsigned_char_unsigned_char_ap_u_27_ce0         |  out|    1|   ap_memory|    gdn_mxfp8_top_impl_unsigned_char_unsigned_short_unsigned_char_unsigned_char_ap_u_27|         array|
|gdn_mxfp8_top_impl_unsigned_char_unsigned_short_unsigned_char_unsigned_char_ap_u_27_q0          |   in|    8|   ap_memory|    gdn_mxfp8_top_impl_unsigned_char_unsigned_short_unsigned_char_unsigned_char_ap_u_27|         array|
|gdn_mxfp8_top_impl_unsigned_char_unsigned_short_unsigned_char_unsigned_char_ap_u_26_address0    |  out|    3|   ap_memory|    gdn_mxfp8_top_impl_unsigned_char_unsigned_short_unsigned_char_unsigned_char_ap_u_26|         array|
|gdn_mxfp8_top_impl_unsigned_char_unsigned_short_unsigned_char_unsigned_char_ap_u_26_ce0         |  out|    1|   ap_memory|    gdn_mxfp8_top_impl_unsigned_char_unsigned_short_unsigned_char_unsigned_char_ap_u_26|         array|
|gdn_mxfp8_top_impl_unsigned_char_unsigned_short_unsigned_char_unsigned_char_ap_u_26_q0          |   in|    8|   ap_memory|    gdn_mxfp8_top_impl_unsigned_char_unsigned_short_unsigned_char_unsigned_char_ap_u_26|         array|
|gdn_mxfp8_top_impl_unsigned_char_unsigned_short_unsigned_char_unsigned_char_ap_u_25_address0    |  out|    3|   ap_memory|    gdn_mxfp8_top_impl_unsigned_char_unsigned_short_unsigned_char_unsigned_char_ap_u_25|         array|
|gdn_mxfp8_top_impl_unsigned_char_unsigned_short_unsigned_char_unsigned_char_ap_u_25_ce0         |  out|    1|   ap_memory|    gdn_mxfp8_top_impl_unsigned_char_unsigned_short_unsigned_char_unsigned_char_ap_u_25|         array|
|gdn_mxfp8_top_impl_unsigned_char_unsigned_short_unsigned_char_unsigned_char_ap_u_25_q0          |   in|    8|   ap_memory|    gdn_mxfp8_top_impl_unsigned_char_unsigned_short_unsigned_char_unsigned_char_ap_u_25|         array|
|gdn_mxfp8_top_impl_unsigned_char_unsigned_short_unsigned_char_unsigned_char_ap_u_24_address0    |  out|    3|   ap_memory|    gdn_mxfp8_top_impl_unsigned_char_unsigned_short_unsigned_char_unsigned_char_ap_u_24|         array|
|gdn_mxfp8_top_impl_unsigned_char_unsigned_short_unsigned_char_unsigned_char_ap_u_24_ce0         |  out|    1|   ap_memory|    gdn_mxfp8_top_impl_unsigned_char_unsigned_short_unsigned_char_unsigned_char_ap_u_24|         array|
|gdn_mxfp8_top_impl_unsigned_char_unsigned_short_unsigned_char_unsigned_char_ap_u_24_q0          |   in|    8|   ap_memory|    gdn_mxfp8_top_impl_unsigned_char_unsigned_short_unsigned_char_unsigned_char_ap_u_24|         array|
|p_ZZN9gdn_mxfp818gdn_mxfp8_top_implEhthhPA128_K7ap_uintILi8EEPA4_S2_S4_S6_S4_S6_P_725_address0  |  out|    3|   ap_memory|  p_ZZN9gdn_mxfp818gdn_mxfp8_top_implEhthhPA128_K7ap_uintILi8EEPA4_S2_S4_S6_S4_S6_P_725|         array|
|p_ZZN9gdn_mxfp818gdn_mxfp8_top_implEhthhPA128_K7ap_uintILi8EEPA4_S2_S4_S6_S4_S6_P_725_ce0       |  out|    1|   ap_memory|  p_ZZN9gdn_mxfp818gdn_mxfp8_top_implEhthhPA128_K7ap_uintILi8EEPA4_S2_S4_S6_S4_S6_P_725|         array|
|p_ZZN9gdn_mxfp818gdn_mxfp8_top_implEhthhPA128_K7ap_uintILi8EEPA4_S2_S4_S6_S4_S6_P_725_q0        |   in|    8|   ap_memory|  p_ZZN9gdn_mxfp818gdn_mxfp8_top_implEhthhPA128_K7ap_uintILi8EEPA4_S2_S4_S6_S4_S6_P_725|         array|
|p_ZZN9gdn_mxfp818gdn_mxfp8_top_implEhthhPA128_K7ap_uintILi8EEPA4_S2_S4_S6_S4_S6_P_726_address0  |  out|    3|   ap_memory|  p_ZZN9gdn_mxfp818gdn_mxfp8_top_implEhthhPA128_K7ap_uintILi8EEPA4_S2_S4_S6_S4_S6_P_726|         array|
|p_ZZN9gdn_mxfp818gdn_mxfp8_top_implEhthhPA128_K7ap_uintILi8EEPA4_S2_S4_S6_S4_S6_P_726_ce0       |  out|    1|   ap_memory|  p_ZZN9gdn_mxfp818gdn_mxfp8_top_implEhthhPA128_K7ap_uintILi8EEPA4_S2_S4_S6_S4_S6_P_726|         array|
|p_ZZN9gdn_mxfp818gdn_mxfp8_top_implEhthhPA128_K7ap_uintILi8EEPA4_S2_S4_S6_S4_S6_P_726_q0        |   in|    8|   ap_memory|  p_ZZN9gdn_mxfp818gdn_mxfp8_top_implEhthhPA128_K7ap_uintILi8EEPA4_S2_S4_S6_S4_S6_P_726|         array|
|p_ZZN9gdn_mxfp818gdn_mxfp8_top_implEhthhPA128_K7ap_uintILi8EEPA4_S2_S4_S6_S4_S6_P_727_address0  |  out|    3|   ap_memory|  p_ZZN9gdn_mxfp818gdn_mxfp8_top_implEhthhPA128_K7ap_uintILi8EEPA4_S2_S4_S6_S4_S6_P_727|         array|
|p_ZZN9gdn_mxfp818gdn_mxfp8_top_implEhthhPA128_K7ap_uintILi8EEPA4_S2_S4_S6_S4_S6_P_727_ce0       |  out|    1|   ap_memory|  p_ZZN9gdn_mxfp818gdn_mxfp8_top_implEhthhPA128_K7ap_uintILi8EEPA4_S2_S4_S6_S4_S6_P_727|         array|
|p_ZZN9gdn_mxfp818gdn_mxfp8_top_implEhthhPA128_K7ap_uintILi8EEPA4_S2_S4_S6_S4_S6_P_727_q0        |   in|    8|   ap_memory|  p_ZZN9gdn_mxfp818gdn_mxfp8_top_implEhthhPA128_K7ap_uintILi8EEPA4_S2_S4_S6_S4_S6_P_727|         array|
|p_ZZN9gdn_mxfp818gdn_mxfp8_top_implEhthhPA128_K7ap_uintILi8EEPA4_S2_S4_S6_S4_S6_P_728_address0  |  out|    3|   ap_memory|  p_ZZN9gdn_mxfp818gdn_mxfp8_top_implEhthhPA128_K7ap_uintILi8EEPA4_S2_S4_S6_S4_S6_P_728|         array|
|p_ZZN9gdn_mxfp818gdn_mxfp8_top_implEhthhPA128_K7ap_uintILi8EEPA4_S2_S4_S6_S4_S6_P_728_ce0       |  out|    1|   ap_memory|  p_ZZN9gdn_mxfp818gdn_mxfp8_top_implEhthhPA128_K7ap_uintILi8EEPA4_S2_S4_S6_S4_S6_P_728|         array|
|p_ZZN9gdn_mxfp818gdn_mxfp8_top_implEhthhPA128_K7ap_uintILi8EEPA4_S2_S4_S6_S4_S6_P_728_q0        |   in|    8|   ap_memory|  p_ZZN9gdn_mxfp818gdn_mxfp8_top_implEhthhPA128_K7ap_uintILi8EEPA4_S2_S4_S6_S4_S6_P_728|         array|
|p_ZZN9gdn_mxfp818gdn_mxfp8_top_implEhthhPA128_K7ap_uintILi8EEPA4_S2_S4_S6_S4_S6_P_729_address0  |  out|    3|   ap_memory|  p_ZZN9gdn_mxfp818gdn_mxfp8_top_implEhthhPA128_K7ap_uintILi8EEPA4_S2_S4_S6_S4_S6_P_729|         array|
|p_ZZN9gdn_mxfp818gdn_mxfp8_top_implEhthhPA128_K7ap_uintILi8EEPA4_S2_S4_S6_S4_S6_P_729_ce0       |  out|    1|   ap_memory|  p_ZZN9gdn_mxfp818gdn_mxfp8_top_implEhthhPA128_K7ap_uintILi8EEPA4_S2_S4_S6_S4_S6_P_729|         array|
|p_ZZN9gdn_mxfp818gdn_mxfp8_top_implEhthhPA128_K7ap_uintILi8EEPA4_S2_S4_S6_S4_S6_P_729_q0        |   in|    8|   ap_memory|  p_ZZN9gdn_mxfp818gdn_mxfp8_top_implEhthhPA128_K7ap_uintILi8EEPA4_S2_S4_S6_S4_S6_P_729|         array|
|p_ZZN9gdn_mxfp818gdn_mxfp8_top_implEhthhPA128_K7ap_uintILi8EEPA4_S2_S4_S6_S4_S6_P_730_address0  |  out|    3|   ap_memory|  p_ZZN9gdn_mxfp818gdn_mxfp8_top_implEhthhPA128_K7ap_uintILi8EEPA4_S2_S4_S6_S4_S6_P_730|         array|
|p_ZZN9gdn_mxfp818gdn_mxfp8_top_implEhthhPA128_K7ap_uintILi8EEPA4_S2_S4_S6_S4_S6_P_730_ce0       |  out|    1|   ap_memory|  p_ZZN9gdn_mxfp818gdn_mxfp8_top_implEhthhPA128_K7ap_uintILi8EEPA4_S2_S4_S6_S4_S6_P_730|         array|
|p_ZZN9gdn_mxfp818gdn_mxfp8_top_implEhthhPA128_K7ap_uintILi8EEPA4_S2_S4_S6_S4_S6_P_730_q0        |   in|    8|   ap_memory|  p_ZZN9gdn_mxfp818gdn_mxfp8_top_implEhthhPA128_K7ap_uintILi8EEPA4_S2_S4_S6_S4_S6_P_730|         array|
|p_ZZN9gdn_mxfp818gdn_mxfp8_top_implEhthhPA128_K7ap_uintILi8EEPA4_S2_S4_S6_S4_S6_P_605_address0  |  out|    5|   ap_memory|  p_ZZN9gdn_mxfp818gdn_mxfp8_top_implEhthhPA128_K7ap_uintILi8EEPA4_S2_S4_S6_S4_S6_P_605|         array|
|p_ZZN9gdn_mxfp818gdn_mxfp8_top_implEhthhPA128_K7ap_uintILi8EEPA4_S2_S4_S6_S4_S6_P_605_ce0       |  out|    1|   ap_memory|  p_ZZN9gdn_mxfp818gdn_mxfp8_top_implEhthhPA128_K7ap_uintILi8EEPA4_S2_S4_S6_S4_S6_P_605|         array|
|p_ZZN9gdn_mxfp818gdn_mxfp8_top_implEhthhPA128_K7ap_uintILi8EEPA4_S2_S4_S6_S4_S6_P_605_q0        |   in|    8|   ap_memory|  p_ZZN9gdn_mxfp818gdn_mxfp8_top_implEhthhPA128_K7ap_uintILi8EEPA4_S2_S4_S6_S4_S6_P_605|         array|
|p_ZZN9gdn_mxfp818gdn_mxfp8_top_implEhthhPA128_K7ap_uintILi8EEPA4_S2_S4_S6_S4_S6_P_606_address0  |  out|    5|   ap_memory|  p_ZZN9gdn_mxfp818gdn_mxfp8_top_implEhthhPA128_K7ap_uintILi8EEPA4_S2_S4_S6_S4_S6_P_606|         array|
|p_ZZN9gdn_mxfp818gdn_mxfp8_top_implEhthhPA128_K7ap_uintILi8EEPA4_S2_S4_S6_S4_S6_P_606_ce0       |  out|    1|   ap_memory|  p_ZZN9gdn_mxfp818gdn_mxfp8_top_implEhthhPA128_K7ap_uintILi8EEPA4_S2_S4_S6_S4_S6_P_606|         array|
|p_ZZN9gdn_mxfp818gdn_mxfp8_top_implEhthhPA128_K7ap_uintILi8EEPA4_S2_S4_S6_S4_S6_P_606_q0        |   in|    8|   ap_memory|  p_ZZN9gdn_mxfp818gdn_mxfp8_top_implEhthhPA128_K7ap_uintILi8EEPA4_S2_S4_S6_S4_S6_P_606|         array|
|p_ZZN9gdn_mxfp818gdn_mxfp8_top_implEhthhPA128_K7ap_uintILi8EEPA4_S2_S4_S6_S4_S6_P_607_address0  |  out|    5|   ap_memory|  p_ZZN9gdn_mxfp818gdn_mxfp8_top_implEhthhPA128_K7ap_uintILi8EEPA4_S2_S4_S6_S4_S6_P_607|         array|
|p_ZZN9gdn_mxfp818gdn_mxfp8_top_implEhthhPA128_K7ap_uintILi8EEPA4_S2_S4_S6_S4_S6_P_607_ce0       |  out|    1|   ap_memory|  p_ZZN9gdn_mxfp818gdn_mxfp8_top_implEhthhPA128_K7ap_uintILi8EEPA4_S2_S4_S6_S4_S6_P_607|         array|
|p_ZZN9gdn_mxfp818gdn_mxfp8_top_implEhthhPA128_K7ap_uintILi8EEPA4_S2_S4_S6_S4_S6_P_607_q0        |   in|    8|   ap_memory|  p_ZZN9gdn_mxfp818gdn_mxfp8_top_implEhthhPA128_K7ap_uintILi8EEPA4_S2_S4_S6_S4_S6_P_607|         array|
|p_ZZN9gdn_mxfp818gdn_mxfp8_top_implEhthhPA128_K7ap_uintILi8EEPA4_S2_S4_S6_S4_S6_P_608_address0  |  out|    5|   ap_memory|  p_ZZN9gdn_mxfp818gdn_mxfp8_top_implEhthhPA128_K7ap_uintILi8EEPA4_S2_S4_S6_S4_S6_P_608|         array|
|p_ZZN9gdn_mxfp818gdn_mxfp8_top_implEhthhPA128_K7ap_uintILi8EEPA4_S2_S4_S6_S4_S6_P_608_ce0       |  out|    1|   ap_memory|  p_ZZN9gdn_mxfp818gdn_mxfp8_top_implEhthhPA128_K7ap_uintILi8EEPA4_S2_S4_S6_S4_S6_P_608|         array|
|p_ZZN9gdn_mxfp818gdn_mxfp8_top_implEhthhPA128_K7ap_uintILi8EEPA4_S2_S4_S6_S4_S6_P_608_q0        |   in|    8|   ap_memory|  p_ZZN9gdn_mxfp818gdn_mxfp8_top_implEhthhPA128_K7ap_uintILi8EEPA4_S2_S4_S6_S4_S6_P_608|         array|
|p_ZZN9gdn_mxfp818gdn_mxfp8_top_implEhthhPA128_K7ap_uintILi8EEPA4_S2_S4_S6_S4_S6_P_609_address0  |  out|    5|   ap_memory|  p_ZZN9gdn_mxfp818gdn_mxfp8_top_implEhthhPA128_K7ap_uintILi8EEPA4_S2_S4_S6_S4_S6_P_609|         array|
|p_ZZN9gdn_mxfp818gdn_mxfp8_top_implEhthhPA128_K7ap_uintILi8EEPA4_S2_S4_S6_S4_S6_P_609_ce0       |  out|    1|   ap_memory|  p_ZZN9gdn_mxfp818gdn_mxfp8_top_implEhthhPA128_K7ap_uintILi8EEPA4_S2_S4_S6_S4_S6_P_609|         array|
|p_ZZN9gdn_mxfp818gdn_mxfp8_top_implEhthhPA128_K7ap_uintILi8EEPA4_S2_S4_S6_S4_S6_P_609_q0        |   in|    8|   ap_memory|  p_ZZN9gdn_mxfp818gdn_mxfp8_top_implEhthhPA128_K7ap_uintILi8EEPA4_S2_S4_S6_S4_S6_P_609|         array|
|p_ZZN9gdn_mxfp818gdn_mxfp8_top_implEhthhPA128_K7ap_uintILi8EEPA4_S2_S4_S6_S4_S6_P_610_address0  |  out|    5|   ap_memory|  p_ZZN9gdn_mxfp818gdn_mxfp8_top_implEhthhPA128_K7ap_uintILi8EEPA4_S2_S4_S6_S4_S6_P_610|         array|
|p_ZZN9gdn_mxfp818gdn_mxfp8_top_implEhthhPA128_K7ap_uintILi8EEPA4_S2_S4_S6_S4_S6_P_610_ce0       |  out|    1|   ap_memory|  p_ZZN9gdn_mxfp818gdn_mxfp8_top_implEhthhPA128_K7ap_uintILi8EEPA4_S2_S4_S6_S4_S6_P_610|         array|
|p_ZZN9gdn_mxfp818gdn_mxfp8_top_implEhthhPA128_K7ap_uintILi8EEPA4_S2_S4_S6_S4_S6_P_610_q0        |   in|    8|   ap_memory|  p_ZZN9gdn_mxfp818gdn_mxfp8_top_implEhthhPA128_K7ap_uintILi8EEPA4_S2_S4_S6_S4_S6_P_610|         array|
|p_ZZN9gdn_mxfp818gdn_mxfp8_top_implEhthhPA128_K7ap_uintILi8EEPA4_S2_S4_S6_S4_S6_P_611_address0  |  out|    5|   ap_memory|  p_ZZN9gdn_mxfp818gdn_mxfp8_top_implEhthhPA128_K7ap_uintILi8EEPA4_S2_S4_S6_S4_S6_P_611|         array|
|p_ZZN9gdn_mxfp818gdn_mxfp8_top_implEhthhPA128_K7ap_uintILi8EEPA4_S2_S4_S6_S4_S6_P_611_ce0       |  out|    1|   ap_memory|  p_ZZN9gdn_mxfp818gdn_mxfp8_top_implEhthhPA128_K7ap_uintILi8EEPA4_S2_S4_S6_S4_S6_P_611|         array|
|p_ZZN9gdn_mxfp818gdn_mxfp8_top_implEhthhPA128_K7ap_uintILi8EEPA4_S2_S4_S6_S4_S6_P_611_q0        |   in|    8|   ap_memory|  p_ZZN9gdn_mxfp818gdn_mxfp8_top_implEhthhPA128_K7ap_uintILi8EEPA4_S2_S4_S6_S4_S6_P_611|         array|
|p_ZZN9gdn_mxfp818gdn_mxfp8_top_implEhthhPA128_K7ap_uintILi8EEPA4_S2_S4_S6_S4_S6_P_612_address0  |  out|    5|   ap_memory|  p_ZZN9gdn_mxfp818gdn_mxfp8_top_implEhthhPA128_K7ap_uintILi8EEPA4_S2_S4_S6_S4_S6_P_612|         array|
|p_ZZN9gdn_mxfp818gdn_mxfp8_top_implEhthhPA128_K7ap_uintILi8EEPA4_S2_S4_S6_S4_S6_P_612_ce0       |  out|    1|   ap_memory|  p_ZZN9gdn_mxfp818gdn_mxfp8_top_implEhthhPA128_K7ap_uintILi8EEPA4_S2_S4_S6_S4_S6_P_612|         array|
|p_ZZN9gdn_mxfp818gdn_mxfp8_top_implEhthhPA128_K7ap_uintILi8EEPA4_S2_S4_S6_S4_S6_P_612_q0        |   in|    8|   ap_memory|  p_ZZN9gdn_mxfp818gdn_mxfp8_top_implEhthhPA128_K7ap_uintILi8EEPA4_S2_S4_S6_S4_S6_P_612|         array|
|p_ZZN9gdn_mxfp818gdn_mxfp8_top_implEhthhPA128_K7ap_uintILi8EEPA4_S2_S4_S6_S4_S6_P_653_address0  |  out|    5|   ap_memory|  p_ZZN9gdn_mxfp818gdn_mxfp8_top_implEhthhPA128_K7ap_uintILi8EEPA4_S2_S4_S6_S4_S6_P_653|         array|
|p_ZZN9gdn_mxfp818gdn_mxfp8_top_implEhthhPA128_K7ap_uintILi8EEPA4_S2_S4_S6_S4_S6_P_653_ce0       |  out|    1|   ap_memory|  p_ZZN9gdn_mxfp818gdn_mxfp8_top_implEhthhPA128_K7ap_uintILi8EEPA4_S2_S4_S6_S4_S6_P_653|         array|
|p_ZZN9gdn_mxfp818gdn_mxfp8_top_implEhthhPA128_K7ap_uintILi8EEPA4_S2_S4_S6_S4_S6_P_653_q0        |   in|    8|   ap_memory|  p_ZZN9gdn_mxfp818gdn_mxfp8_top_implEhthhPA128_K7ap_uintILi8EEPA4_S2_S4_S6_S4_S6_P_653|         array|
|p_ZZN9gdn_mxfp818gdn_mxfp8_top_implEhthhPA128_K7ap_uintILi8EEPA4_S2_S4_S6_S4_S6_P_654_address0  |  out|    5|   ap_memory|  p_ZZN9gdn_mxfp818gdn_mxfp8_top_implEhthhPA128_K7ap_uintILi8EEPA4_S2_S4_S6_S4_S6_P_654|         array|
|p_ZZN9gdn_mxfp818gdn_mxfp8_top_implEhthhPA128_K7ap_uintILi8EEPA4_S2_S4_S6_S4_S6_P_654_ce0       |  out|    1|   ap_memory|  p_ZZN9gdn_mxfp818gdn_mxfp8_top_implEhthhPA128_K7ap_uintILi8EEPA4_S2_S4_S6_S4_S6_P_654|         array|
|p_ZZN9gdn_mxfp818gdn_mxfp8_top_implEhthhPA128_K7ap_uintILi8EEPA4_S2_S4_S6_S4_S6_P_654_q0        |   in|    8|   ap_memory|  p_ZZN9gdn_mxfp818gdn_mxfp8_top_implEhthhPA128_K7ap_uintILi8EEPA4_S2_S4_S6_S4_S6_P_654|         array|
|p_ZZN9gdn_mxfp818gdn_mxfp8_top_implEhthhPA128_K7ap_uintILi8EEPA4_S2_S4_S6_S4_S6_P_655_address0  |  out|    5|   ap_memory|  p_ZZN9gdn_mxfp818gdn_mxfp8_top_implEhthhPA128_K7ap_uintILi8EEPA4_S2_S4_S6_S4_S6_P_655|         array|
|p_ZZN9gdn_mxfp818gdn_mxfp8_top_implEhthhPA128_K7ap_uintILi8EEPA4_S2_S4_S6_S4_S6_P_655_ce0       |  out|    1|   ap_memory|  p_ZZN9gdn_mxfp818gdn_mxfp8_top_implEhthhPA128_K7ap_uintILi8EEPA4_S2_S4_S6_S4_S6_P_655|         array|
|p_ZZN9gdn_mxfp818gdn_mxfp8_top_implEhthhPA128_K7ap_uintILi8EEPA4_S2_S4_S6_S4_S6_P_655_q0        |   in|    8|   ap_memory|  p_ZZN9gdn_mxfp818gdn_mxfp8_top_implEhthhPA128_K7ap_uintILi8EEPA4_S2_S4_S6_S4_S6_P_655|         array|
|p_ZZN9gdn_mxfp818gdn_mxfp8_top_implEhthhPA128_K7ap_uintILi8EEPA4_S2_S4_S6_S4_S6_P_656_address0  |  out|    5|   ap_memory|  p_ZZN9gdn_mxfp818gdn_mxfp8_top_implEhthhPA128_K7ap_uintILi8EEPA4_S2_S4_S6_S4_S6_P_656|         array|
|p_ZZN9gdn_mxfp818gdn_mxfp8_top_implEhthhPA128_K7ap_uintILi8EEPA4_S2_S4_S6_S4_S6_P_656_ce0       |  out|    1|   ap_memory|  p_ZZN9gdn_mxfp818gdn_mxfp8_top_implEhthhPA128_K7ap_uintILi8EEPA4_S2_S4_S6_S4_S6_P_656|         array|
|p_ZZN9gdn_mxfp818gdn_mxfp8_top_implEhthhPA128_K7ap_uintILi8EEPA4_S2_S4_S6_S4_S6_P_656_q0        |   in|    8|   ap_memory|  p_ZZN9gdn_mxfp818gdn_mxfp8_top_implEhthhPA128_K7ap_uintILi8EEPA4_S2_S4_S6_S4_S6_P_656|         array|
|p_ZZN9gdn_mxfp818gdn_mxfp8_top_implEhthhPA128_K7ap_uintILi8EEPA4_S2_S4_S6_S4_S6_P_657_address0  |  out|    5|   ap_memory|  p_ZZN9gdn_mxfp818gdn_mxfp8_top_implEhthhPA128_K7ap_uintILi8EEPA4_S2_S4_S6_S4_S6_P_657|         array|
|p_ZZN9gdn_mxfp818gdn_mxfp8_top_implEhthhPA128_K7ap_uintILi8EEPA4_S2_S4_S6_S4_S6_P_657_ce0       |  out|    1|   ap_memory|  p_ZZN9gdn_mxfp818gdn_mxfp8_top_implEhthhPA128_K7ap_uintILi8EEPA4_S2_S4_S6_S4_S6_P_657|         array|
|p_ZZN9gdn_mxfp818gdn_mxfp8_top_implEhthhPA128_K7ap_uintILi8EEPA4_S2_S4_S6_S4_S6_P_657_q0        |   in|    8|   ap_memory|  p_ZZN9gdn_mxfp818gdn_mxfp8_top_implEhthhPA128_K7ap_uintILi8EEPA4_S2_S4_S6_S4_S6_P_657|         array|
|p_ZZN9gdn_mxfp818gdn_mxfp8_top_implEhthhPA128_K7ap_uintILi8EEPA4_S2_S4_S6_S4_S6_P_658_address0  |  out|    5|   ap_memory|  p_ZZN9gdn_mxfp818gdn_mxfp8_top_implEhthhPA128_K7ap_uintILi8EEPA4_S2_S4_S6_S4_S6_P_658|         array|
|p_ZZN9gdn_mxfp818gdn_mxfp8_top_implEhthhPA128_K7ap_uintILi8EEPA4_S2_S4_S6_S4_S6_P_658_ce0       |  out|    1|   ap_memory|  p_ZZN9gdn_mxfp818gdn_mxfp8_top_implEhthhPA128_K7ap_uintILi8EEPA4_S2_S4_S6_S4_S6_P_658|         array|
|p_ZZN9gdn_mxfp818gdn_mxfp8_top_implEhthhPA128_K7ap_uintILi8EEPA4_S2_S4_S6_S4_S6_P_658_q0        |   in|    8|   ap_memory|  p_ZZN9gdn_mxfp818gdn_mxfp8_top_implEhthhPA128_K7ap_uintILi8EEPA4_S2_S4_S6_S4_S6_P_658|         array|
|p_ZZN9gdn_mxfp818gdn_mxfp8_top_implEhthhPA128_K7ap_uintILi8EEPA4_S2_S4_S6_S4_S6_P_659_address0  |  out|    5|   ap_memory|  p_ZZN9gdn_mxfp818gdn_mxfp8_top_implEhthhPA128_K7ap_uintILi8EEPA4_S2_S4_S6_S4_S6_P_659|         array|
|p_ZZN9gdn_mxfp818gdn_mxfp8_top_implEhthhPA128_K7ap_uintILi8EEPA4_S2_S4_S6_S4_S6_P_659_ce0       |  out|    1|   ap_memory|  p_ZZN9gdn_mxfp818gdn_mxfp8_top_implEhthhPA128_K7ap_uintILi8EEPA4_S2_S4_S6_S4_S6_P_659|         array|
|p_ZZN9gdn_mxfp818gdn_mxfp8_top_implEhthhPA128_K7ap_uintILi8EEPA4_S2_S4_S6_S4_S6_P_659_q0        |   in|    8|   ap_memory|  p_ZZN9gdn_mxfp818gdn_mxfp8_top_implEhthhPA128_K7ap_uintILi8EEPA4_S2_S4_S6_S4_S6_P_659|         array|
|p_ZZN9gdn_mxfp818gdn_mxfp8_top_implEhthhPA128_K7ap_uintILi8EEPA4_S2_S4_S6_S4_S6_P_660_address0  |  out|    5|   ap_memory|  p_ZZN9gdn_mxfp818gdn_mxfp8_top_implEhthhPA128_K7ap_uintILi8EEPA4_S2_S4_S6_S4_S6_P_660|         array|
|p_ZZN9gdn_mxfp818gdn_mxfp8_top_implEhthhPA128_K7ap_uintILi8EEPA4_S2_S4_S6_S4_S6_P_660_ce0       |  out|    1|   ap_memory|  p_ZZN9gdn_mxfp818gdn_mxfp8_top_implEhthhPA128_K7ap_uintILi8EEPA4_S2_S4_S6_S4_S6_P_660|         array|
|p_ZZN9gdn_mxfp818gdn_mxfp8_top_implEhthhPA128_K7ap_uintILi8EEPA4_S2_S4_S6_S4_S6_P_660_q0        |   in|    8|   ap_memory|  p_ZZN9gdn_mxfp818gdn_mxfp8_top_implEhthhPA128_K7ap_uintILi8EEPA4_S2_S4_S6_S4_S6_P_660|         array|
|p_ZZN9gdn_mxfp818gdn_mxfp8_top_implEhthhPA128_K7ap_uintILi8EEPA4_S2_S4_S6_S4_S6_P_661_address0  |  out|    5|   ap_memory|  p_ZZN9gdn_mxfp818gdn_mxfp8_top_implEhthhPA128_K7ap_uintILi8EEPA4_S2_S4_S6_S4_S6_P_661|         array|
|p_ZZN9gdn_mxfp818gdn_mxfp8_top_implEhthhPA128_K7ap_uintILi8EEPA4_S2_S4_S6_S4_S6_P_661_ce0       |  out|    1|   ap_memory|  p_ZZN9gdn_mxfp818gdn_mxfp8_top_implEhthhPA128_K7ap_uintILi8EEPA4_S2_S4_S6_S4_S6_P_661|         array|
|p_ZZN9gdn_mxfp818gdn_mxfp8_top_implEhthhPA128_K7ap_uintILi8EEPA4_S2_S4_S6_S4_S6_P_661_q0        |   in|    8|   ap_memory|  p_ZZN9gdn_mxfp818gdn_mxfp8_top_implEhthhPA128_K7ap_uintILi8EEPA4_S2_S4_S6_S4_S6_P_661|         array|
|p_ZZN9gdn_mxfp818gdn_mxfp8_top_implEhthhPA128_K7ap_uintILi8EEPA4_S2_S4_S6_S4_S6_P_662_address0  |  out|    5|   ap_memory|  p_ZZN9gdn_mxfp818gdn_mxfp8_top_implEhthhPA128_K7ap_uintILi8EEPA4_S2_S4_S6_S4_S6_P_662|         array|
|p_ZZN9gdn_mxfp818gdn_mxfp8_top_implEhthhPA128_K7ap_uintILi8EEPA4_S2_S4_S6_S4_S6_P_662_ce0       |  out|    1|   ap_memory|  p_ZZN9gdn_mxfp818gdn_mxfp8_top_implEhthhPA128_K7ap_uintILi8EEPA4_S2_S4_S6_S4_S6_P_662|         array|
|p_ZZN9gdn_mxfp818gdn_mxfp8_top_implEhthhPA128_K7ap_uintILi8EEPA4_S2_S4_S6_S4_S6_P_662_q0        |   in|    8|   ap_memory|  p_ZZN9gdn_mxfp818gdn_mxfp8_top_implEhthhPA128_K7ap_uintILi8EEPA4_S2_S4_S6_S4_S6_P_662|         array|
|p_ZZN9gdn_mxfp818gdn_mxfp8_top_implEhthhPA128_K7ap_uintILi8EEPA4_S2_S4_S6_S4_S6_P_663_address0  |  out|    5|   ap_memory|  p_ZZN9gdn_mxfp818gdn_mxfp8_top_implEhthhPA128_K7ap_uintILi8EEPA4_S2_S4_S6_S4_S6_P_663|         array|
|p_ZZN9gdn_mxfp818gdn_mxfp8_top_implEhthhPA128_K7ap_uintILi8EEPA4_S2_S4_S6_S4_S6_P_663_ce0       |  out|    1|   ap_memory|  p_ZZN9gdn_mxfp818gdn_mxfp8_top_implEhthhPA128_K7ap_uintILi8EEPA4_S2_S4_S6_S4_S6_P_663|         array|
|p_ZZN9gdn_mxfp818gdn_mxfp8_top_implEhthhPA128_K7ap_uintILi8EEPA4_S2_S4_S6_S4_S6_P_663_q0        |   in|    8|   ap_memory|  p_ZZN9gdn_mxfp818gdn_mxfp8_top_implEhthhPA128_K7ap_uintILi8EEPA4_S2_S4_S6_S4_S6_P_663|         array|
|p_ZZN9gdn_mxfp818gdn_mxfp8_top_implEhthhPA128_K7ap_uintILi8EEPA4_S2_S4_S6_S4_S6_P_664_address0  |  out|    5|   ap_memory|  p_ZZN9gdn_mxfp818gdn_mxfp8_top_implEhthhPA128_K7ap_uintILi8EEPA4_S2_S4_S6_S4_S6_P_664|         array|
|p_ZZN9gdn_mxfp818gdn_mxfp8_top_implEhthhPA128_K7ap_uintILi8EEPA4_S2_S4_S6_S4_S6_P_664_ce0       |  out|    1|   ap_memory|  p_ZZN9gdn_mxfp818gdn_mxfp8_top_implEhthhPA128_K7ap_uintILi8EEPA4_S2_S4_S6_S4_S6_P_664|         array|
|p_ZZN9gdn_mxfp818gdn_mxfp8_top_implEhthhPA128_K7ap_uintILi8EEPA4_S2_S4_S6_S4_S6_P_664_q0        |   in|    8|   ap_memory|  p_ZZN9gdn_mxfp818gdn_mxfp8_top_implEhthhPA128_K7ap_uintILi8EEPA4_S2_S4_S6_S4_S6_P_664|         array|
|p_ZZN9gdn_mxfp818gdn_mxfp8_top_implEhthhPA128_K7ap_uintILi8EEPA4_S2_S4_S6_S4_S6_P_665_address0  |  out|    5|   ap_memory|  p_ZZN9gdn_mxfp818gdn_mxfp8_top_implEhthhPA128_K7ap_uintILi8EEPA4_S2_S4_S6_S4_S6_P_665|         array|
|p_ZZN9gdn_mxfp818gdn_mxfp8_top_implEhthhPA128_K7ap_uintILi8EEPA4_S2_S4_S6_S4_S6_P_665_ce0       |  out|    1|   ap_memory|  p_ZZN9gdn_mxfp818gdn_mxfp8_top_implEhthhPA128_K7ap_uintILi8EEPA4_S2_S4_S6_S4_S6_P_665|         array|
|p_ZZN9gdn_mxfp818gdn_mxfp8_top_implEhthhPA128_K7ap_uintILi8EEPA4_S2_S4_S6_S4_S6_P_665_q0        |   in|    8|   ap_memory|  p_ZZN9gdn_mxfp818gdn_mxfp8_top_implEhthhPA128_K7ap_uintILi8EEPA4_S2_S4_S6_S4_S6_P_665|         array|
|p_ZZN9gdn_mxfp818gdn_mxfp8_top_implEhthhPA128_K7ap_uintILi8EEPA4_S2_S4_S6_S4_S6_P_666_address0  |  out|    5|   ap_memory|  p_ZZN9gdn_mxfp818gdn_mxfp8_top_implEhthhPA128_K7ap_uintILi8EEPA4_S2_S4_S6_S4_S6_P_666|         array|
|p_ZZN9gdn_mxfp818gdn_mxfp8_top_implEhthhPA128_K7ap_uintILi8EEPA4_S2_S4_S6_S4_S6_P_666_ce0       |  out|    1|   ap_memory|  p_ZZN9gdn_mxfp818gdn_mxfp8_top_implEhthhPA128_K7ap_uintILi8EEPA4_S2_S4_S6_S4_S6_P_666|         array|
|p_ZZN9gdn_mxfp818gdn_mxfp8_top_implEhthhPA128_K7ap_uintILi8EEPA4_S2_S4_S6_S4_S6_P_666_q0        |   in|    8|   ap_memory|  p_ZZN9gdn_mxfp818gdn_mxfp8_top_implEhthhPA128_K7ap_uintILi8EEPA4_S2_S4_S6_S4_S6_P_666|         array|
|p_ZZN9gdn_mxfp818gdn_mxfp8_top_implEhthhPA128_K7ap_uintILi8EEPA4_S2_S4_S6_S4_S6_P_667_address0  |  out|    5|   ap_memory|  p_ZZN9gdn_mxfp818gdn_mxfp8_top_implEhthhPA128_K7ap_uintILi8EEPA4_S2_S4_S6_S4_S6_P_667|         array|
|p_ZZN9gdn_mxfp818gdn_mxfp8_top_implEhthhPA128_K7ap_uintILi8EEPA4_S2_S4_S6_S4_S6_P_667_ce0       |  out|    1|   ap_memory|  p_ZZN9gdn_mxfp818gdn_mxfp8_top_implEhthhPA128_K7ap_uintILi8EEPA4_S2_S4_S6_S4_S6_P_667|         array|
|p_ZZN9gdn_mxfp818gdn_mxfp8_top_implEhthhPA128_K7ap_uintILi8EEPA4_S2_S4_S6_S4_S6_P_667_q0        |   in|    8|   ap_memory|  p_ZZN9gdn_mxfp818gdn_mxfp8_top_implEhthhPA128_K7ap_uintILi8EEPA4_S2_S4_S6_S4_S6_P_667|         array|
|p_ZZN9gdn_mxfp818gdn_mxfp8_top_implEhthhPA128_K7ap_uintILi8EEPA4_S2_S4_S6_S4_S6_P_668_address0  |  out|    5|   ap_memory|  p_ZZN9gdn_mxfp818gdn_mxfp8_top_implEhthhPA128_K7ap_uintILi8EEPA4_S2_S4_S6_S4_S6_P_668|         array|
|p_ZZN9gdn_mxfp818gdn_mxfp8_top_implEhthhPA128_K7ap_uintILi8EEPA4_S2_S4_S6_S4_S6_P_668_ce0       |  out|    1|   ap_memory|  p_ZZN9gdn_mxfp818gdn_mxfp8_top_implEhthhPA128_K7ap_uintILi8EEPA4_S2_S4_S6_S4_S6_P_668|         array|
|p_ZZN9gdn_mxfp818gdn_mxfp8_top_implEhthhPA128_K7ap_uintILi8EEPA4_S2_S4_S6_S4_S6_P_668_q0        |   in|    8|   ap_memory|  p_ZZN9gdn_mxfp818gdn_mxfp8_top_implEhthhPA128_K7ap_uintILi8EEPA4_S2_S4_S6_S4_S6_P_668|         array|
|p_ZZN9gdn_mxfp818gdn_mxfp8_top_implEhthhPA128_K7ap_uintILi8EEPA4_S2_S4_S6_S4_S6_P_669_address0  |  out|    5|   ap_memory|  p_ZZN9gdn_mxfp818gdn_mxfp8_top_implEhthhPA128_K7ap_uintILi8EEPA4_S2_S4_S6_S4_S6_P_669|         array|
|p_ZZN9gdn_mxfp818gdn_mxfp8_top_implEhthhPA128_K7ap_uintILi8EEPA4_S2_S4_S6_S4_S6_P_669_ce0       |  out|    1|   ap_memory|  p_ZZN9gdn_mxfp818gdn_mxfp8_top_implEhthhPA128_K7ap_uintILi8EEPA4_S2_S4_S6_S4_S6_P_669|         array|
|p_ZZN9gdn_mxfp818gdn_mxfp8_top_implEhthhPA128_K7ap_uintILi8EEPA4_S2_S4_S6_S4_S6_P_669_q0        |   in|    8|   ap_memory|  p_ZZN9gdn_mxfp818gdn_mxfp8_top_implEhthhPA128_K7ap_uintILi8EEPA4_S2_S4_S6_S4_S6_P_669|         array|
|p_ZZN9gdn_mxfp818gdn_mxfp8_top_implEhthhPA128_K7ap_uintILi8EEPA4_S2_S4_S6_S4_S6_P_670_address0  |  out|    5|   ap_memory|  p_ZZN9gdn_mxfp818gdn_mxfp8_top_implEhthhPA128_K7ap_uintILi8EEPA4_S2_S4_S6_S4_S6_P_670|         array|
|p_ZZN9gdn_mxfp818gdn_mxfp8_top_implEhthhPA128_K7ap_uintILi8EEPA4_S2_S4_S6_S4_S6_P_670_ce0       |  out|    1|   ap_memory|  p_ZZN9gdn_mxfp818gdn_mxfp8_top_implEhthhPA128_K7ap_uintILi8EEPA4_S2_S4_S6_S4_S6_P_670|         array|
|p_ZZN9gdn_mxfp818gdn_mxfp8_top_implEhthhPA128_K7ap_uintILi8EEPA4_S2_S4_S6_S4_S6_P_670_q0        |   in|    8|   ap_memory|  p_ZZN9gdn_mxfp818gdn_mxfp8_top_implEhthhPA128_K7ap_uintILi8EEPA4_S2_S4_S6_S4_S6_P_670|         array|
|p_ZZN9gdn_mxfp818gdn_mxfp8_top_implEhthhPA128_K7ap_uintILi8EEPA4_S2_S4_S6_S4_S6_P_671_address0  |  out|    5|   ap_memory|  p_ZZN9gdn_mxfp818gdn_mxfp8_top_implEhthhPA128_K7ap_uintILi8EEPA4_S2_S4_S6_S4_S6_P_671|         array|
|p_ZZN9gdn_mxfp818gdn_mxfp8_top_implEhthhPA128_K7ap_uintILi8EEPA4_S2_S4_S6_S4_S6_P_671_ce0       |  out|    1|   ap_memory|  p_ZZN9gdn_mxfp818gdn_mxfp8_top_implEhthhPA128_K7ap_uintILi8EEPA4_S2_S4_S6_S4_S6_P_671|         array|
|p_ZZN9gdn_mxfp818gdn_mxfp8_top_implEhthhPA128_K7ap_uintILi8EEPA4_S2_S4_S6_S4_S6_P_671_q0        |   in|    8|   ap_memory|  p_ZZN9gdn_mxfp818gdn_mxfp8_top_implEhthhPA128_K7ap_uintILi8EEPA4_S2_S4_S6_S4_S6_P_671|         array|
|p_ZZN9gdn_mxfp818gdn_mxfp8_top_implEhthhPA128_K7ap_uintILi8EEPA4_S2_S4_S6_S4_S6_P_672_address0  |  out|    5|   ap_memory|  p_ZZN9gdn_mxfp818gdn_mxfp8_top_implEhthhPA128_K7ap_uintILi8EEPA4_S2_S4_S6_S4_S6_P_672|         array|
|p_ZZN9gdn_mxfp818gdn_mxfp8_top_implEhthhPA128_K7ap_uintILi8EEPA4_S2_S4_S6_S4_S6_P_672_ce0       |  out|    1|   ap_memory|  p_ZZN9gdn_mxfp818gdn_mxfp8_top_implEhthhPA128_K7ap_uintILi8EEPA4_S2_S4_S6_S4_S6_P_672|         array|
|p_ZZN9gdn_mxfp818gdn_mxfp8_top_implEhthhPA128_K7ap_uintILi8EEPA4_S2_S4_S6_S4_S6_P_672_q0        |   in|    8|   ap_memory|  p_ZZN9gdn_mxfp818gdn_mxfp8_top_implEhthhPA128_K7ap_uintILi8EEPA4_S2_S4_S6_S4_S6_P_672|         array|
|p_ZZN9gdn_mxfp818gdn_mxfp8_top_implEhthhPA128_K7ap_uintILi8EEPA4_S2_S4_S6_S4_S6_P_673_address0  |  out|    5|   ap_memory|  p_ZZN9gdn_mxfp818gdn_mxfp8_top_implEhthhPA128_K7ap_uintILi8EEPA4_S2_S4_S6_S4_S6_P_673|         array|
|p_ZZN9gdn_mxfp818gdn_mxfp8_top_implEhthhPA128_K7ap_uintILi8EEPA4_S2_S4_S6_S4_S6_P_673_ce0       |  out|    1|   ap_memory|  p_ZZN9gdn_mxfp818gdn_mxfp8_top_implEhthhPA128_K7ap_uintILi8EEPA4_S2_S4_S6_S4_S6_P_673|         array|
|p_ZZN9gdn_mxfp818gdn_mxfp8_top_implEhthhPA128_K7ap_uintILi8EEPA4_S2_S4_S6_S4_S6_P_673_q0        |   in|    8|   ap_memory|  p_ZZN9gdn_mxfp818gdn_mxfp8_top_implEhthhPA128_K7ap_uintILi8EEPA4_S2_S4_S6_S4_S6_P_673|         array|
|p_ZZN9gdn_mxfp818gdn_mxfp8_top_implEhthhPA128_K7ap_uintILi8EEPA4_S2_S4_S6_S4_S6_P_674_address0  |  out|    5|   ap_memory|  p_ZZN9gdn_mxfp818gdn_mxfp8_top_implEhthhPA128_K7ap_uintILi8EEPA4_S2_S4_S6_S4_S6_P_674|         array|
|p_ZZN9gdn_mxfp818gdn_mxfp8_top_implEhthhPA128_K7ap_uintILi8EEPA4_S2_S4_S6_S4_S6_P_674_ce0       |  out|    1|   ap_memory|  p_ZZN9gdn_mxfp818gdn_mxfp8_top_implEhthhPA128_K7ap_uintILi8EEPA4_S2_S4_S6_S4_S6_P_674|         array|
|p_ZZN9gdn_mxfp818gdn_mxfp8_top_implEhthhPA128_K7ap_uintILi8EEPA4_S2_S4_S6_S4_S6_P_674_q0        |   in|    8|   ap_memory|  p_ZZN9gdn_mxfp818gdn_mxfp8_top_implEhthhPA128_K7ap_uintILi8EEPA4_S2_S4_S6_S4_S6_P_674|         array|
|p_ZZN9gdn_mxfp818gdn_mxfp8_top_implEhthhPA128_K7ap_uintILi8EEPA4_S2_S4_S6_S4_S6_P_675_address0  |  out|    5|   ap_memory|  p_ZZN9gdn_mxfp818gdn_mxfp8_top_implEhthhPA128_K7ap_uintILi8EEPA4_S2_S4_S6_S4_S6_P_675|         array|
|p_ZZN9gdn_mxfp818gdn_mxfp8_top_implEhthhPA128_K7ap_uintILi8EEPA4_S2_S4_S6_S4_S6_P_675_ce0       |  out|    1|   ap_memory|  p_ZZN9gdn_mxfp818gdn_mxfp8_top_implEhthhPA128_K7ap_uintILi8EEPA4_S2_S4_S6_S4_S6_P_675|         array|
|p_ZZN9gdn_mxfp818gdn_mxfp8_top_implEhthhPA128_K7ap_uintILi8EEPA4_S2_S4_S6_S4_S6_P_675_q0        |   in|    8|   ap_memory|  p_ZZN9gdn_mxfp818gdn_mxfp8_top_implEhthhPA128_K7ap_uintILi8EEPA4_S2_S4_S6_S4_S6_P_675|         array|
|p_ZZN9gdn_mxfp818gdn_mxfp8_top_implEhthhPA128_K7ap_uintILi8EEPA4_S2_S4_S6_S4_S6_P_676_address0  |  out|    5|   ap_memory|  p_ZZN9gdn_mxfp818gdn_mxfp8_top_implEhthhPA128_K7ap_uintILi8EEPA4_S2_S4_S6_S4_S6_P_676|         array|
|p_ZZN9gdn_mxfp818gdn_mxfp8_top_implEhthhPA128_K7ap_uintILi8EEPA4_S2_S4_S6_S4_S6_P_676_ce0       |  out|    1|   ap_memory|  p_ZZN9gdn_mxfp818gdn_mxfp8_top_implEhthhPA128_K7ap_uintILi8EEPA4_S2_S4_S6_S4_S6_P_676|         array|
|p_ZZN9gdn_mxfp818gdn_mxfp8_top_implEhthhPA128_K7ap_uintILi8EEPA4_S2_S4_S6_S4_S6_P_676_q0        |   in|    8|   ap_memory|  p_ZZN9gdn_mxfp818gdn_mxfp8_top_implEhthhPA128_K7ap_uintILi8EEPA4_S2_S4_S6_S4_S6_P_676|         array|
|p_ZZN9gdn_mxfp818gdn_mxfp8_top_implEhthhPA128_K7ap_uintILi8EEPA4_S2_S4_S6_S4_S6_P_677_address0  |  out|    5|   ap_memory|  p_ZZN9gdn_mxfp818gdn_mxfp8_top_implEhthhPA128_K7ap_uintILi8EEPA4_S2_S4_S6_S4_S6_P_677|         array|
|p_ZZN9gdn_mxfp818gdn_mxfp8_top_implEhthhPA128_K7ap_uintILi8EEPA4_S2_S4_S6_S4_S6_P_677_ce0       |  out|    1|   ap_memory|  p_ZZN9gdn_mxfp818gdn_mxfp8_top_implEhthhPA128_K7ap_uintILi8EEPA4_S2_S4_S6_S4_S6_P_677|         array|
|p_ZZN9gdn_mxfp818gdn_mxfp8_top_implEhthhPA128_K7ap_uintILi8EEPA4_S2_S4_S6_S4_S6_P_677_q0        |   in|    8|   ap_memory|  p_ZZN9gdn_mxfp818gdn_mxfp8_top_implEhthhPA128_K7ap_uintILi8EEPA4_S2_S4_S6_S4_S6_P_677|         array|
|p_ZZN9gdn_mxfp818gdn_mxfp8_top_implEhthhPA128_K7ap_uintILi8EEPA4_S2_S4_S6_S4_S6_P_678_address0  |  out|    5|   ap_memory|  p_ZZN9gdn_mxfp818gdn_mxfp8_top_implEhthhPA128_K7ap_uintILi8EEPA4_S2_S4_S6_S4_S6_P_678|         array|
|p_ZZN9gdn_mxfp818gdn_mxfp8_top_implEhthhPA128_K7ap_uintILi8EEPA4_S2_S4_S6_S4_S6_P_678_ce0       |  out|    1|   ap_memory|  p_ZZN9gdn_mxfp818gdn_mxfp8_top_implEhthhPA128_K7ap_uintILi8EEPA4_S2_S4_S6_S4_S6_P_678|         array|
|p_ZZN9gdn_mxfp818gdn_mxfp8_top_implEhthhPA128_K7ap_uintILi8EEPA4_S2_S4_S6_S4_S6_P_678_q0        |   in|    8|   ap_memory|  p_ZZN9gdn_mxfp818gdn_mxfp8_top_implEhthhPA128_K7ap_uintILi8EEPA4_S2_S4_S6_S4_S6_P_678|         array|
|p_ZZN9gdn_mxfp818gdn_mxfp8_top_implEhthhPA128_K7ap_uintILi8EEPA4_S2_S4_S6_S4_S6_P_679_address0  |  out|    5|   ap_memory|  p_ZZN9gdn_mxfp818gdn_mxfp8_top_implEhthhPA128_K7ap_uintILi8EEPA4_S2_S4_S6_S4_S6_P_679|         array|
|p_ZZN9gdn_mxfp818gdn_mxfp8_top_implEhthhPA128_K7ap_uintILi8EEPA4_S2_S4_S6_S4_S6_P_679_ce0       |  out|    1|   ap_memory|  p_ZZN9gdn_mxfp818gdn_mxfp8_top_implEhthhPA128_K7ap_uintILi8EEPA4_S2_S4_S6_S4_S6_P_679|         array|
|p_ZZN9gdn_mxfp818gdn_mxfp8_top_implEhthhPA128_K7ap_uintILi8EEPA4_S2_S4_S6_S4_S6_P_679_q0        |   in|    8|   ap_memory|  p_ZZN9gdn_mxfp818gdn_mxfp8_top_implEhthhPA128_K7ap_uintILi8EEPA4_S2_S4_S6_S4_S6_P_679|         array|
|p_ZZN9gdn_mxfp818gdn_mxfp8_top_implEhthhPA128_K7ap_uintILi8EEPA4_S2_S4_S6_S4_S6_P_680_address0  |  out|    5|   ap_memory|  p_ZZN9gdn_mxfp818gdn_mxfp8_top_implEhthhPA128_K7ap_uintILi8EEPA4_S2_S4_S6_S4_S6_P_680|         array|
|p_ZZN9gdn_mxfp818gdn_mxfp8_top_implEhthhPA128_K7ap_uintILi8EEPA4_S2_S4_S6_S4_S6_P_680_ce0       |  out|    1|   ap_memory|  p_ZZN9gdn_mxfp818gdn_mxfp8_top_implEhthhPA128_K7ap_uintILi8EEPA4_S2_S4_S6_S4_S6_P_680|         array|
|p_ZZN9gdn_mxfp818gdn_mxfp8_top_implEhthhPA128_K7ap_uintILi8EEPA4_S2_S4_S6_S4_S6_P_680_q0        |   in|    8|   ap_memory|  p_ZZN9gdn_mxfp818gdn_mxfp8_top_implEhthhPA128_K7ap_uintILi8EEPA4_S2_S4_S6_S4_S6_P_680|         array|
|p_ZZN9gdn_mxfp818gdn_mxfp8_top_implEhthhPA128_K7ap_uintILi8EEPA4_S2_S4_S6_S4_S6_P_681_address0  |  out|    5|   ap_memory|  p_ZZN9gdn_mxfp818gdn_mxfp8_top_implEhthhPA128_K7ap_uintILi8EEPA4_S2_S4_S6_S4_S6_P_681|         array|
|p_ZZN9gdn_mxfp818gdn_mxfp8_top_implEhthhPA128_K7ap_uintILi8EEPA4_S2_S4_S6_S4_S6_P_681_ce0       |  out|    1|   ap_memory|  p_ZZN9gdn_mxfp818gdn_mxfp8_top_implEhthhPA128_K7ap_uintILi8EEPA4_S2_S4_S6_S4_S6_P_681|         array|
|p_ZZN9gdn_mxfp818gdn_mxfp8_top_implEhthhPA128_K7ap_uintILi8EEPA4_S2_S4_S6_S4_S6_P_681_q0        |   in|    8|   ap_memory|  p_ZZN9gdn_mxfp818gdn_mxfp8_top_implEhthhPA128_K7ap_uintILi8EEPA4_S2_S4_S6_S4_S6_P_681|         array|
|p_ZZN9gdn_mxfp818gdn_mxfp8_top_implEhthhPA128_K7ap_uintILi8EEPA4_S2_S4_S6_S4_S6_P_682_address0  |  out|    5|   ap_memory|  p_ZZN9gdn_mxfp818gdn_mxfp8_top_implEhthhPA128_K7ap_uintILi8EEPA4_S2_S4_S6_S4_S6_P_682|         array|
|p_ZZN9gdn_mxfp818gdn_mxfp8_top_implEhthhPA128_K7ap_uintILi8EEPA4_S2_S4_S6_S4_S6_P_682_ce0       |  out|    1|   ap_memory|  p_ZZN9gdn_mxfp818gdn_mxfp8_top_implEhthhPA128_K7ap_uintILi8EEPA4_S2_S4_S6_S4_S6_P_682|         array|
|p_ZZN9gdn_mxfp818gdn_mxfp8_top_implEhthhPA128_K7ap_uintILi8EEPA4_S2_S4_S6_S4_S6_P_682_q0        |   in|    8|   ap_memory|  p_ZZN9gdn_mxfp818gdn_mxfp8_top_implEhthhPA128_K7ap_uintILi8EEPA4_S2_S4_S6_S4_S6_P_682|         array|
|p_ZZN9gdn_mxfp818gdn_mxfp8_top_implEhthhPA128_K7ap_uintILi8EEPA4_S2_S4_S6_S4_S6_P_683_address0  |  out|    5|   ap_memory|  p_ZZN9gdn_mxfp818gdn_mxfp8_top_implEhthhPA128_K7ap_uintILi8EEPA4_S2_S4_S6_S4_S6_P_683|         array|
|p_ZZN9gdn_mxfp818gdn_mxfp8_top_implEhthhPA128_K7ap_uintILi8EEPA4_S2_S4_S6_S4_S6_P_683_ce0       |  out|    1|   ap_memory|  p_ZZN9gdn_mxfp818gdn_mxfp8_top_implEhthhPA128_K7ap_uintILi8EEPA4_S2_S4_S6_S4_S6_P_683|         array|
|p_ZZN9gdn_mxfp818gdn_mxfp8_top_implEhthhPA128_K7ap_uintILi8EEPA4_S2_S4_S6_S4_S6_P_683_q0        |   in|    8|   ap_memory|  p_ZZN9gdn_mxfp818gdn_mxfp8_top_implEhthhPA128_K7ap_uintILi8EEPA4_S2_S4_S6_S4_S6_P_683|         array|
|p_ZZN9gdn_mxfp818gdn_mxfp8_top_implEhthhPA128_K7ap_uintILi8EEPA4_S2_S4_S6_S4_S6_P_684_address0  |  out|    5|   ap_memory|  p_ZZN9gdn_mxfp818gdn_mxfp8_top_implEhthhPA128_K7ap_uintILi8EEPA4_S2_S4_S6_S4_S6_P_684|         array|
|p_ZZN9gdn_mxfp818gdn_mxfp8_top_implEhthhPA128_K7ap_uintILi8EEPA4_S2_S4_S6_S4_S6_P_684_ce0       |  out|    1|   ap_memory|  p_ZZN9gdn_mxfp818gdn_mxfp8_top_implEhthhPA128_K7ap_uintILi8EEPA4_S2_S4_S6_S4_S6_P_684|         array|
|p_ZZN9gdn_mxfp818gdn_mxfp8_top_implEhthhPA128_K7ap_uintILi8EEPA4_S2_S4_S6_S4_S6_P_684_q0        |   in|    8|   ap_memory|  p_ZZN9gdn_mxfp818gdn_mxfp8_top_implEhthhPA128_K7ap_uintILi8EEPA4_S2_S4_S6_S4_S6_P_684|         array|
|p_ZZN9gdn_mxfp818gdn_mxfp8_top_implEhthhPA128_K7ap_uintILi8EEPA4_S2_S4_S6_S4_S6_P_685_address0  |  out|    5|   ap_memory|  p_ZZN9gdn_mxfp818gdn_mxfp8_top_implEhthhPA128_K7ap_uintILi8EEPA4_S2_S4_S6_S4_S6_P_685|         array|
|p_ZZN9gdn_mxfp818gdn_mxfp8_top_implEhthhPA128_K7ap_uintILi8EEPA4_S2_S4_S6_S4_S6_P_685_ce0       |  out|    1|   ap_memory|  p_ZZN9gdn_mxfp818gdn_mxfp8_top_implEhthhPA128_K7ap_uintILi8EEPA4_S2_S4_S6_S4_S6_P_685|         array|
|p_ZZN9gdn_mxfp818gdn_mxfp8_top_implEhthhPA128_K7ap_uintILi8EEPA4_S2_S4_S6_S4_S6_P_685_q0        |   in|    8|   ap_memory|  p_ZZN9gdn_mxfp818gdn_mxfp8_top_implEhthhPA128_K7ap_uintILi8EEPA4_S2_S4_S6_S4_S6_P_685|         array|
|p_ZZN9gdn_mxfp818gdn_mxfp8_top_implEhthhPA128_K7ap_uintILi8EEPA4_S2_S4_S6_S4_S6_P_686_address0  |  out|    5|   ap_memory|  p_ZZN9gdn_mxfp818gdn_mxfp8_top_implEhthhPA128_K7ap_uintILi8EEPA4_S2_S4_S6_S4_S6_P_686|         array|
|p_ZZN9gdn_mxfp818gdn_mxfp8_top_implEhthhPA128_K7ap_uintILi8EEPA4_S2_S4_S6_S4_S6_P_686_ce0       |  out|    1|   ap_memory|  p_ZZN9gdn_mxfp818gdn_mxfp8_top_implEhthhPA128_K7ap_uintILi8EEPA4_S2_S4_S6_S4_S6_P_686|         array|
|p_ZZN9gdn_mxfp818gdn_mxfp8_top_implEhthhPA128_K7ap_uintILi8EEPA4_S2_S4_S6_S4_S6_P_686_q0        |   in|    8|   ap_memory|  p_ZZN9gdn_mxfp818gdn_mxfp8_top_implEhthhPA128_K7ap_uintILi8EEPA4_S2_S4_S6_S4_S6_P_686|         array|
|p_ZZN9gdn_mxfp818gdn_mxfp8_top_implEhthhPA128_K7ap_uintILi8EEPA4_S2_S4_S6_S4_S6_P_687_address0  |  out|    5|   ap_memory|  p_ZZN9gdn_mxfp818gdn_mxfp8_top_implEhthhPA128_K7ap_uintILi8EEPA4_S2_S4_S6_S4_S6_P_687|         array|
|p_ZZN9gdn_mxfp818gdn_mxfp8_top_implEhthhPA128_K7ap_uintILi8EEPA4_S2_S4_S6_S4_S6_P_687_ce0       |  out|    1|   ap_memory|  p_ZZN9gdn_mxfp818gdn_mxfp8_top_implEhthhPA128_K7ap_uintILi8EEPA4_S2_S4_S6_S4_S6_P_687|         array|
|p_ZZN9gdn_mxfp818gdn_mxfp8_top_implEhthhPA128_K7ap_uintILi8EEPA4_S2_S4_S6_S4_S6_P_687_q0        |   in|    8|   ap_memory|  p_ZZN9gdn_mxfp818gdn_mxfp8_top_implEhthhPA128_K7ap_uintILi8EEPA4_S2_S4_S6_S4_S6_P_687|         array|
|p_ZZN9gdn_mxfp818gdn_mxfp8_top_implEhthhPA128_K7ap_uintILi8EEPA4_S2_S4_S6_S4_S6_P_688_address0  |  out|    5|   ap_memory|  p_ZZN9gdn_mxfp818gdn_mxfp8_top_implEhthhPA128_K7ap_uintILi8EEPA4_S2_S4_S6_S4_S6_P_688|         array|
|p_ZZN9gdn_mxfp818gdn_mxfp8_top_implEhthhPA128_K7ap_uintILi8EEPA4_S2_S4_S6_S4_S6_P_688_ce0       |  out|    1|   ap_memory|  p_ZZN9gdn_mxfp818gdn_mxfp8_top_implEhthhPA128_K7ap_uintILi8EEPA4_S2_S4_S6_S4_S6_P_688|         array|
|p_ZZN9gdn_mxfp818gdn_mxfp8_top_implEhthhPA128_K7ap_uintILi8EEPA4_S2_S4_S6_S4_S6_P_688_q0        |   in|    8|   ap_memory|  p_ZZN9gdn_mxfp818gdn_mxfp8_top_implEhthhPA128_K7ap_uintILi8EEPA4_S2_S4_S6_S4_S6_P_688|         array|
|p_ZZN9gdn_mxfp818gdn_mxfp8_top_implEhthhPA128_K7ap_uintILi8EEPA4_S2_S4_S6_S4_S6_P_689_address0  |  out|    5|   ap_memory|  p_ZZN9gdn_mxfp818gdn_mxfp8_top_implEhthhPA128_K7ap_uintILi8EEPA4_S2_S4_S6_S4_S6_P_689|         array|
|p_ZZN9gdn_mxfp818gdn_mxfp8_top_implEhthhPA128_K7ap_uintILi8EEPA4_S2_S4_S6_S4_S6_P_689_ce0       |  out|    1|   ap_memory|  p_ZZN9gdn_mxfp818gdn_mxfp8_top_implEhthhPA128_K7ap_uintILi8EEPA4_S2_S4_S6_S4_S6_P_689|         array|
|p_ZZN9gdn_mxfp818gdn_mxfp8_top_implEhthhPA128_K7ap_uintILi8EEPA4_S2_S4_S6_S4_S6_P_689_q0        |   in|    8|   ap_memory|  p_ZZN9gdn_mxfp818gdn_mxfp8_top_implEhthhPA128_K7ap_uintILi8EEPA4_S2_S4_S6_S4_S6_P_689|         array|
|p_ZZN9gdn_mxfp818gdn_mxfp8_top_implEhthhPA128_K7ap_uintILi8EEPA4_S2_S4_S6_S4_S6_P_690_address0  |  out|    5|   ap_memory|  p_ZZN9gdn_mxfp818gdn_mxfp8_top_implEhthhPA128_K7ap_uintILi8EEPA4_S2_S4_S6_S4_S6_P_690|         array|
|p_ZZN9gdn_mxfp818gdn_mxfp8_top_implEhthhPA128_K7ap_uintILi8EEPA4_S2_S4_S6_S4_S6_P_690_ce0       |  out|    1|   ap_memory|  p_ZZN9gdn_mxfp818gdn_mxfp8_top_implEhthhPA128_K7ap_uintILi8EEPA4_S2_S4_S6_S4_S6_P_690|         array|
|p_ZZN9gdn_mxfp818gdn_mxfp8_top_implEhthhPA128_K7ap_uintILi8EEPA4_S2_S4_S6_S4_S6_P_690_q0        |   in|    8|   ap_memory|  p_ZZN9gdn_mxfp818gdn_mxfp8_top_implEhthhPA128_K7ap_uintILi8EEPA4_S2_S4_S6_S4_S6_P_690|         array|
|p_ZZN9gdn_mxfp818gdn_mxfp8_top_implEhthhPA128_K7ap_uintILi8EEPA4_S2_S4_S6_S4_S6_P_691_address0  |  out|    5|   ap_memory|  p_ZZN9gdn_mxfp818gdn_mxfp8_top_implEhthhPA128_K7ap_uintILi8EEPA4_S2_S4_S6_S4_S6_P_691|         array|
|p_ZZN9gdn_mxfp818gdn_mxfp8_top_implEhthhPA128_K7ap_uintILi8EEPA4_S2_S4_S6_S4_S6_P_691_ce0       |  out|    1|   ap_memory|  p_ZZN9gdn_mxfp818gdn_mxfp8_top_implEhthhPA128_K7ap_uintILi8EEPA4_S2_S4_S6_S4_S6_P_691|         array|
|p_ZZN9gdn_mxfp818gdn_mxfp8_top_implEhthhPA128_K7ap_uintILi8EEPA4_S2_S4_S6_S4_S6_P_691_q0        |   in|    8|   ap_memory|  p_ZZN9gdn_mxfp818gdn_mxfp8_top_implEhthhPA128_K7ap_uintILi8EEPA4_S2_S4_S6_S4_S6_P_691|         array|
|p_ZZN9gdn_mxfp818gdn_mxfp8_top_implEhthhPA128_K7ap_uintILi8EEPA4_S2_S4_S6_S4_S6_P_692_address0  |  out|    5|   ap_memory|  p_ZZN9gdn_mxfp818gdn_mxfp8_top_implEhthhPA128_K7ap_uintILi8EEPA4_S2_S4_S6_S4_S6_P_692|         array|
|p_ZZN9gdn_mxfp818gdn_mxfp8_top_implEhthhPA128_K7ap_uintILi8EEPA4_S2_S4_S6_S4_S6_P_692_ce0       |  out|    1|   ap_memory|  p_ZZN9gdn_mxfp818gdn_mxfp8_top_implEhthhPA128_K7ap_uintILi8EEPA4_S2_S4_S6_S4_S6_P_692|         array|
|p_ZZN9gdn_mxfp818gdn_mxfp8_top_implEhthhPA128_K7ap_uintILi8EEPA4_S2_S4_S6_S4_S6_P_692_q0        |   in|    8|   ap_memory|  p_ZZN9gdn_mxfp818gdn_mxfp8_top_implEhthhPA128_K7ap_uintILi8EEPA4_S2_S4_S6_S4_S6_P_692|         array|
|p_ZZN9gdn_mxfp818gdn_mxfp8_top_implEhthhPA128_K7ap_uintILi8EEPA4_S2_S4_S6_S4_S6_P_693_address0  |  out|    5|   ap_memory|  p_ZZN9gdn_mxfp818gdn_mxfp8_top_implEhthhPA128_K7ap_uintILi8EEPA4_S2_S4_S6_S4_S6_P_693|         array|
|p_ZZN9gdn_mxfp818gdn_mxfp8_top_implEhthhPA128_K7ap_uintILi8EEPA4_S2_S4_S6_S4_S6_P_693_ce0       |  out|    1|   ap_memory|  p_ZZN9gdn_mxfp818gdn_mxfp8_top_implEhthhPA128_K7ap_uintILi8EEPA4_S2_S4_S6_S4_S6_P_693|         array|
|p_ZZN9gdn_mxfp818gdn_mxfp8_top_implEhthhPA128_K7ap_uintILi8EEPA4_S2_S4_S6_S4_S6_P_693_q0        |   in|    8|   ap_memory|  p_ZZN9gdn_mxfp818gdn_mxfp8_top_implEhthhPA128_K7ap_uintILi8EEPA4_S2_S4_S6_S4_S6_P_693|         array|
|p_ZZN9gdn_mxfp818gdn_mxfp8_top_implEhthhPA128_K7ap_uintILi8EEPA4_S2_S4_S6_S4_S6_P_694_address0  |  out|    5|   ap_memory|  p_ZZN9gdn_mxfp818gdn_mxfp8_top_implEhthhPA128_K7ap_uintILi8EEPA4_S2_S4_S6_S4_S6_P_694|         array|
|p_ZZN9gdn_mxfp818gdn_mxfp8_top_implEhthhPA128_K7ap_uintILi8EEPA4_S2_S4_S6_S4_S6_P_694_ce0       |  out|    1|   ap_memory|  p_ZZN9gdn_mxfp818gdn_mxfp8_top_implEhthhPA128_K7ap_uintILi8EEPA4_S2_S4_S6_S4_S6_P_694|         array|
|p_ZZN9gdn_mxfp818gdn_mxfp8_top_implEhthhPA128_K7ap_uintILi8EEPA4_S2_S4_S6_S4_S6_P_694_q0        |   in|    8|   ap_memory|  p_ZZN9gdn_mxfp818gdn_mxfp8_top_implEhthhPA128_K7ap_uintILi8EEPA4_S2_S4_S6_S4_S6_P_694|         array|
|p_ZZN9gdn_mxfp818gdn_mxfp8_top_implEhthhPA128_K7ap_uintILi8EEPA4_S2_S4_S6_S4_S6_P_695_address0  |  out|    5|   ap_memory|  p_ZZN9gdn_mxfp818gdn_mxfp8_top_implEhthhPA128_K7ap_uintILi8EEPA4_S2_S4_S6_S4_S6_P_695|         array|
|p_ZZN9gdn_mxfp818gdn_mxfp8_top_implEhthhPA128_K7ap_uintILi8EEPA4_S2_S4_S6_S4_S6_P_695_ce0       |  out|    1|   ap_memory|  p_ZZN9gdn_mxfp818gdn_mxfp8_top_implEhthhPA128_K7ap_uintILi8EEPA4_S2_S4_S6_S4_S6_P_695|         array|
|p_ZZN9gdn_mxfp818gdn_mxfp8_top_implEhthhPA128_K7ap_uintILi8EEPA4_S2_S4_S6_S4_S6_P_695_q0        |   in|    8|   ap_memory|  p_ZZN9gdn_mxfp818gdn_mxfp8_top_implEhthhPA128_K7ap_uintILi8EEPA4_S2_S4_S6_S4_S6_P_695|         array|
|p_ZZN9gdn_mxfp818gdn_mxfp8_top_implEhthhPA128_K7ap_uintILi8EEPA4_S2_S4_S6_S4_S6_P_696_address0  |  out|    5|   ap_memory|  p_ZZN9gdn_mxfp818gdn_mxfp8_top_implEhthhPA128_K7ap_uintILi8EEPA4_S2_S4_S6_S4_S6_P_696|         array|
|p_ZZN9gdn_mxfp818gdn_mxfp8_top_implEhthhPA128_K7ap_uintILi8EEPA4_S2_S4_S6_S4_S6_P_696_ce0       |  out|    1|   ap_memory|  p_ZZN9gdn_mxfp818gdn_mxfp8_top_implEhthhPA128_K7ap_uintILi8EEPA4_S2_S4_S6_S4_S6_P_696|         array|
|p_ZZN9gdn_mxfp818gdn_mxfp8_top_implEhthhPA128_K7ap_uintILi8EEPA4_S2_S4_S6_S4_S6_P_696_q0        |   in|    8|   ap_memory|  p_ZZN9gdn_mxfp818gdn_mxfp8_top_implEhthhPA128_K7ap_uintILi8EEPA4_S2_S4_S6_S4_S6_P_696|         array|
|p_ZZN9gdn_mxfp818gdn_mxfp8_top_implEhthhPA128_K7ap_uintILi8EEPA4_S2_S4_S6_S4_S6_P_697_address0  |  out|    5|   ap_memory|  p_ZZN9gdn_mxfp818gdn_mxfp8_top_implEhthhPA128_K7ap_uintILi8EEPA4_S2_S4_S6_S4_S6_P_697|         array|
|p_ZZN9gdn_mxfp818gdn_mxfp8_top_implEhthhPA128_K7ap_uintILi8EEPA4_S2_S4_S6_S4_S6_P_697_ce0       |  out|    1|   ap_memory|  p_ZZN9gdn_mxfp818gdn_mxfp8_top_implEhthhPA128_K7ap_uintILi8EEPA4_S2_S4_S6_S4_S6_P_697|         array|
|p_ZZN9gdn_mxfp818gdn_mxfp8_top_implEhthhPA128_K7ap_uintILi8EEPA4_S2_S4_S6_S4_S6_P_697_q0        |   in|    8|   ap_memory|  p_ZZN9gdn_mxfp818gdn_mxfp8_top_implEhthhPA128_K7ap_uintILi8EEPA4_S2_S4_S6_S4_S6_P_697|         array|
|p_ZZN9gdn_mxfp818gdn_mxfp8_top_implEhthhPA128_K7ap_uintILi8EEPA4_S2_S4_S6_S4_S6_P_698_address0  |  out|    5|   ap_memory|  p_ZZN9gdn_mxfp818gdn_mxfp8_top_implEhthhPA128_K7ap_uintILi8EEPA4_S2_S4_S6_S4_S6_P_698|         array|
|p_ZZN9gdn_mxfp818gdn_mxfp8_top_implEhthhPA128_K7ap_uintILi8EEPA4_S2_S4_S6_S4_S6_P_698_ce0       |  out|    1|   ap_memory|  p_ZZN9gdn_mxfp818gdn_mxfp8_top_implEhthhPA128_K7ap_uintILi8EEPA4_S2_S4_S6_S4_S6_P_698|         array|
|p_ZZN9gdn_mxfp818gdn_mxfp8_top_implEhthhPA128_K7ap_uintILi8EEPA4_S2_S4_S6_S4_S6_P_698_q0        |   in|    8|   ap_memory|  p_ZZN9gdn_mxfp818gdn_mxfp8_top_implEhthhPA128_K7ap_uintILi8EEPA4_S2_S4_S6_S4_S6_P_698|         array|
|p_ZZN9gdn_mxfp818gdn_mxfp8_top_implEhthhPA128_K7ap_uintILi8EEPA4_S2_S4_S6_S4_S6_P_699_address0  |  out|    5|   ap_memory|  p_ZZN9gdn_mxfp818gdn_mxfp8_top_implEhthhPA128_K7ap_uintILi8EEPA4_S2_S4_S6_S4_S6_P_699|         array|
|p_ZZN9gdn_mxfp818gdn_mxfp8_top_implEhthhPA128_K7ap_uintILi8EEPA4_S2_S4_S6_S4_S6_P_699_ce0       |  out|    1|   ap_memory|  p_ZZN9gdn_mxfp818gdn_mxfp8_top_implEhthhPA128_K7ap_uintILi8EEPA4_S2_S4_S6_S4_S6_P_699|         array|
|p_ZZN9gdn_mxfp818gdn_mxfp8_top_implEhthhPA128_K7ap_uintILi8EEPA4_S2_S4_S6_S4_S6_P_699_q0        |   in|    8|   ap_memory|  p_ZZN9gdn_mxfp818gdn_mxfp8_top_implEhthhPA128_K7ap_uintILi8EEPA4_S2_S4_S6_S4_S6_P_699|         array|
|p_ZZN9gdn_mxfp818gdn_mxfp8_top_implEhthhPA128_K7ap_uintILi8EEPA4_S2_S4_S6_S4_S6_P_700_address0  |  out|    5|   ap_memory|  p_ZZN9gdn_mxfp818gdn_mxfp8_top_implEhthhPA128_K7ap_uintILi8EEPA4_S2_S4_S6_S4_S6_P_700|         array|
|p_ZZN9gdn_mxfp818gdn_mxfp8_top_implEhthhPA128_K7ap_uintILi8EEPA4_S2_S4_S6_S4_S6_P_700_ce0       |  out|    1|   ap_memory|  p_ZZN9gdn_mxfp818gdn_mxfp8_top_implEhthhPA128_K7ap_uintILi8EEPA4_S2_S4_S6_S4_S6_P_700|         array|
|p_ZZN9gdn_mxfp818gdn_mxfp8_top_implEhthhPA128_K7ap_uintILi8EEPA4_S2_S4_S6_S4_S6_P_700_q0        |   in|    8|   ap_memory|  p_ZZN9gdn_mxfp818gdn_mxfp8_top_implEhthhPA128_K7ap_uintILi8EEPA4_S2_S4_S6_S4_S6_P_700|         array|
|p_ZZN9gdn_mxfp818gdn_mxfp8_top_implEhthhPA128_K7ap_uintILi8EEPA4_S2_S4_S6_S4_S6_P_701_address0  |  out|    5|   ap_memory|  p_ZZN9gdn_mxfp818gdn_mxfp8_top_implEhthhPA128_K7ap_uintILi8EEPA4_S2_S4_S6_S4_S6_P_701|         array|
|p_ZZN9gdn_mxfp818gdn_mxfp8_top_implEhthhPA128_K7ap_uintILi8EEPA4_S2_S4_S6_S4_S6_P_701_ce0       |  out|    1|   ap_memory|  p_ZZN9gdn_mxfp818gdn_mxfp8_top_implEhthhPA128_K7ap_uintILi8EEPA4_S2_S4_S6_S4_S6_P_701|         array|
|p_ZZN9gdn_mxfp818gdn_mxfp8_top_implEhthhPA128_K7ap_uintILi8EEPA4_S2_S4_S6_S4_S6_P_701_q0        |   in|    8|   ap_memory|  p_ZZN9gdn_mxfp818gdn_mxfp8_top_implEhthhPA128_K7ap_uintILi8EEPA4_S2_S4_S6_S4_S6_P_701|         array|
|p_ZZN9gdn_mxfp818gdn_mxfp8_top_implEhthhPA128_K7ap_uintILi8EEPA4_S2_S4_S6_S4_S6_P_702_address0  |  out|    5|   ap_memory|  p_ZZN9gdn_mxfp818gdn_mxfp8_top_implEhthhPA128_K7ap_uintILi8EEPA4_S2_S4_S6_S4_S6_P_702|         array|
|p_ZZN9gdn_mxfp818gdn_mxfp8_top_implEhthhPA128_K7ap_uintILi8EEPA4_S2_S4_S6_S4_S6_P_702_ce0       |  out|    1|   ap_memory|  p_ZZN9gdn_mxfp818gdn_mxfp8_top_implEhthhPA128_K7ap_uintILi8EEPA4_S2_S4_S6_S4_S6_P_702|         array|
|p_ZZN9gdn_mxfp818gdn_mxfp8_top_implEhthhPA128_K7ap_uintILi8EEPA4_S2_S4_S6_S4_S6_P_702_q0        |   in|    8|   ap_memory|  p_ZZN9gdn_mxfp818gdn_mxfp8_top_implEhthhPA128_K7ap_uintILi8EEPA4_S2_S4_S6_S4_S6_P_702|         array|
|p_ZZN9gdn_mxfp818gdn_mxfp8_top_implEhthhPA128_K7ap_uintILi8EEPA4_S2_S4_S6_S4_S6_P_703_address0  |  out|    5|   ap_memory|  p_ZZN9gdn_mxfp818gdn_mxfp8_top_implEhthhPA128_K7ap_uintILi8EEPA4_S2_S4_S6_S4_S6_P_703|         array|
|p_ZZN9gdn_mxfp818gdn_mxfp8_top_implEhthhPA128_K7ap_uintILi8EEPA4_S2_S4_S6_S4_S6_P_703_ce0       |  out|    1|   ap_memory|  p_ZZN9gdn_mxfp818gdn_mxfp8_top_implEhthhPA128_K7ap_uintILi8EEPA4_S2_S4_S6_S4_S6_P_703|         array|
|p_ZZN9gdn_mxfp818gdn_mxfp8_top_implEhthhPA128_K7ap_uintILi8EEPA4_S2_S4_S6_S4_S6_P_703_q0        |   in|    8|   ap_memory|  p_ZZN9gdn_mxfp818gdn_mxfp8_top_implEhthhPA128_K7ap_uintILi8EEPA4_S2_S4_S6_S4_S6_P_703|         array|
|p_ZZN9gdn_mxfp818gdn_mxfp8_top_implEhthhPA128_K7ap_uintILi8EEPA4_S2_S4_S6_S4_S6_P_704_address0  |  out|    5|   ap_memory|  p_ZZN9gdn_mxfp818gdn_mxfp8_top_implEhthhPA128_K7ap_uintILi8EEPA4_S2_S4_S6_S4_S6_P_704|         array|
|p_ZZN9gdn_mxfp818gdn_mxfp8_top_implEhthhPA128_K7ap_uintILi8EEPA4_S2_S4_S6_S4_S6_P_704_ce0       |  out|    1|   ap_memory|  p_ZZN9gdn_mxfp818gdn_mxfp8_top_implEhthhPA128_K7ap_uintILi8EEPA4_S2_S4_S6_S4_S6_P_704|         array|
|p_ZZN9gdn_mxfp818gdn_mxfp8_top_implEhthhPA128_K7ap_uintILi8EEPA4_S2_S4_S6_S4_S6_P_704_q0        |   in|    8|   ap_memory|  p_ZZN9gdn_mxfp818gdn_mxfp8_top_implEhthhPA128_K7ap_uintILi8EEPA4_S2_S4_S6_S4_S6_P_704|         array|
|p_ZZN9gdn_mxfp818gdn_mxfp8_top_implEhthhPA128_K7ap_uintILi8EEPA4_S2_S4_S6_S4_S6_P_705_address0  |  out|    5|   ap_memory|  p_ZZN9gdn_mxfp818gdn_mxfp8_top_implEhthhPA128_K7ap_uintILi8EEPA4_S2_S4_S6_S4_S6_P_705|         array|
|p_ZZN9gdn_mxfp818gdn_mxfp8_top_implEhthhPA128_K7ap_uintILi8EEPA4_S2_S4_S6_S4_S6_P_705_ce0       |  out|    1|   ap_memory|  p_ZZN9gdn_mxfp818gdn_mxfp8_top_implEhthhPA128_K7ap_uintILi8EEPA4_S2_S4_S6_S4_S6_P_705|         array|
|p_ZZN9gdn_mxfp818gdn_mxfp8_top_implEhthhPA128_K7ap_uintILi8EEPA4_S2_S4_S6_S4_S6_P_705_q0        |   in|    8|   ap_memory|  p_ZZN9gdn_mxfp818gdn_mxfp8_top_implEhthhPA128_K7ap_uintILi8EEPA4_S2_S4_S6_S4_S6_P_705|         array|
|p_ZZN9gdn_mxfp818gdn_mxfp8_top_implEhthhPA128_K7ap_uintILi8EEPA4_S2_S4_S6_S4_S6_P_706_address0  |  out|    5|   ap_memory|  p_ZZN9gdn_mxfp818gdn_mxfp8_top_implEhthhPA128_K7ap_uintILi8EEPA4_S2_S4_S6_S4_S6_P_706|         array|
|p_ZZN9gdn_mxfp818gdn_mxfp8_top_implEhthhPA128_K7ap_uintILi8EEPA4_S2_S4_S6_S4_S6_P_706_ce0       |  out|    1|   ap_memory|  p_ZZN9gdn_mxfp818gdn_mxfp8_top_implEhthhPA128_K7ap_uintILi8EEPA4_S2_S4_S6_S4_S6_P_706|         array|
|p_ZZN9gdn_mxfp818gdn_mxfp8_top_implEhthhPA128_K7ap_uintILi8EEPA4_S2_S4_S6_S4_S6_P_706_q0        |   in|    8|   ap_memory|  p_ZZN9gdn_mxfp818gdn_mxfp8_top_implEhthhPA128_K7ap_uintILi8EEPA4_S2_S4_S6_S4_S6_P_706|         array|
|p_ZZN9gdn_mxfp818gdn_mxfp8_top_implEhthhPA128_K7ap_uintILi8EEPA4_S2_S4_S6_S4_S6_P_707_address0  |  out|    5|   ap_memory|  p_ZZN9gdn_mxfp818gdn_mxfp8_top_implEhthhPA128_K7ap_uintILi8EEPA4_S2_S4_S6_S4_S6_P_707|         array|
|p_ZZN9gdn_mxfp818gdn_mxfp8_top_implEhthhPA128_K7ap_uintILi8EEPA4_S2_S4_S6_S4_S6_P_707_ce0       |  out|    1|   ap_memory|  p_ZZN9gdn_mxfp818gdn_mxfp8_top_implEhthhPA128_K7ap_uintILi8EEPA4_S2_S4_S6_S4_S6_P_707|         array|
|p_ZZN9gdn_mxfp818gdn_mxfp8_top_implEhthhPA128_K7ap_uintILi8EEPA4_S2_S4_S6_S4_S6_P_707_q0        |   in|    8|   ap_memory|  p_ZZN9gdn_mxfp818gdn_mxfp8_top_implEhthhPA128_K7ap_uintILi8EEPA4_S2_S4_S6_S4_S6_P_707|         array|
|p_ZZN9gdn_mxfp818gdn_mxfp8_top_implEhthhPA128_K7ap_uintILi8EEPA4_S2_S4_S6_S4_S6_P_708_address0  |  out|    5|   ap_memory|  p_ZZN9gdn_mxfp818gdn_mxfp8_top_implEhthhPA128_K7ap_uintILi8EEPA4_S2_S4_S6_S4_S6_P_708|         array|
|p_ZZN9gdn_mxfp818gdn_mxfp8_top_implEhthhPA128_K7ap_uintILi8EEPA4_S2_S4_S6_S4_S6_P_708_ce0       |  out|    1|   ap_memory|  p_ZZN9gdn_mxfp818gdn_mxfp8_top_implEhthhPA128_K7ap_uintILi8EEPA4_S2_S4_S6_S4_S6_P_708|         array|
|p_ZZN9gdn_mxfp818gdn_mxfp8_top_implEhthhPA128_K7ap_uintILi8EEPA4_S2_S4_S6_S4_S6_P_708_q0        |   in|    8|   ap_memory|  p_ZZN9gdn_mxfp818gdn_mxfp8_top_implEhthhPA128_K7ap_uintILi8EEPA4_S2_S4_S6_S4_S6_P_708|         array|
|p_ZZN9gdn_mxfp818gdn_mxfp8_top_implEhthhPA128_K7ap_uintILi8EEPA4_S2_S4_S6_S4_S6_P_709_address0  |  out|    5|   ap_memory|  p_ZZN9gdn_mxfp818gdn_mxfp8_top_implEhthhPA128_K7ap_uintILi8EEPA4_S2_S4_S6_S4_S6_P_709|         array|
|p_ZZN9gdn_mxfp818gdn_mxfp8_top_implEhthhPA128_K7ap_uintILi8EEPA4_S2_S4_S6_S4_S6_P_709_ce0       |  out|    1|   ap_memory|  p_ZZN9gdn_mxfp818gdn_mxfp8_top_implEhthhPA128_K7ap_uintILi8EEPA4_S2_S4_S6_S4_S6_P_709|         array|
|p_ZZN9gdn_mxfp818gdn_mxfp8_top_implEhthhPA128_K7ap_uintILi8EEPA4_S2_S4_S6_S4_S6_P_709_q0        |   in|    8|   ap_memory|  p_ZZN9gdn_mxfp818gdn_mxfp8_top_implEhthhPA128_K7ap_uintILi8EEPA4_S2_S4_S6_S4_S6_P_709|         array|
|p_ZZN9gdn_mxfp818gdn_mxfp8_top_implEhthhPA128_K7ap_uintILi8EEPA4_S2_S4_S6_S4_S6_P_710_address0  |  out|    5|   ap_memory|  p_ZZN9gdn_mxfp818gdn_mxfp8_top_implEhthhPA128_K7ap_uintILi8EEPA4_S2_S4_S6_S4_S6_P_710|         array|
|p_ZZN9gdn_mxfp818gdn_mxfp8_top_implEhthhPA128_K7ap_uintILi8EEPA4_S2_S4_S6_S4_S6_P_710_ce0       |  out|    1|   ap_memory|  p_ZZN9gdn_mxfp818gdn_mxfp8_top_implEhthhPA128_K7ap_uintILi8EEPA4_S2_S4_S6_S4_S6_P_710|         array|
|p_ZZN9gdn_mxfp818gdn_mxfp8_top_implEhthhPA128_K7ap_uintILi8EEPA4_S2_S4_S6_S4_S6_P_710_q0        |   in|    8|   ap_memory|  p_ZZN9gdn_mxfp818gdn_mxfp8_top_implEhthhPA128_K7ap_uintILi8EEPA4_S2_S4_S6_S4_S6_P_710|         array|
|p_ZZN9gdn_mxfp818gdn_mxfp8_top_implEhthhPA128_K7ap_uintILi8EEPA4_S2_S4_S6_S4_S6_P_711_address0  |  out|    5|   ap_memory|  p_ZZN9gdn_mxfp818gdn_mxfp8_top_implEhthhPA128_K7ap_uintILi8EEPA4_S2_S4_S6_S4_S6_P_711|         array|
|p_ZZN9gdn_mxfp818gdn_mxfp8_top_implEhthhPA128_K7ap_uintILi8EEPA4_S2_S4_S6_S4_S6_P_711_ce0       |  out|    1|   ap_memory|  p_ZZN9gdn_mxfp818gdn_mxfp8_top_implEhthhPA128_K7ap_uintILi8EEPA4_S2_S4_S6_S4_S6_P_711|         array|
|p_ZZN9gdn_mxfp818gdn_mxfp8_top_implEhthhPA128_K7ap_uintILi8EEPA4_S2_S4_S6_S4_S6_P_711_q0        |   in|    8|   ap_memory|  p_ZZN9gdn_mxfp818gdn_mxfp8_top_implEhthhPA128_K7ap_uintILi8EEPA4_S2_S4_S6_S4_S6_P_711|         array|
|p_ZZN9gdn_mxfp818gdn_mxfp8_top_implEhthhPA128_K7ap_uintILi8EEPA4_S2_S4_S6_S4_S6_P_712_address0  |  out|    5|   ap_memory|  p_ZZN9gdn_mxfp818gdn_mxfp8_top_implEhthhPA128_K7ap_uintILi8EEPA4_S2_S4_S6_S4_S6_P_712|         array|
|p_ZZN9gdn_mxfp818gdn_mxfp8_top_implEhthhPA128_K7ap_uintILi8EEPA4_S2_S4_S6_S4_S6_P_712_ce0       |  out|    1|   ap_memory|  p_ZZN9gdn_mxfp818gdn_mxfp8_top_implEhthhPA128_K7ap_uintILi8EEPA4_S2_S4_S6_S4_S6_P_712|         array|
|p_ZZN9gdn_mxfp818gdn_mxfp8_top_implEhthhPA128_K7ap_uintILi8EEPA4_S2_S4_S6_S4_S6_P_712_q0        |   in|    8|   ap_memory|  p_ZZN9gdn_mxfp818gdn_mxfp8_top_implEhthhPA128_K7ap_uintILi8EEPA4_S2_S4_S6_S4_S6_P_712|         array|
|p_ZZN9gdn_mxfp818gdn_mxfp8_top_implEhthhPA128_K7ap_uintILi8EEPA4_S2_S4_S6_S4_S6_P_713_address0  |  out|    5|   ap_memory|  p_ZZN9gdn_mxfp818gdn_mxfp8_top_implEhthhPA128_K7ap_uintILi8EEPA4_S2_S4_S6_S4_S6_P_713|         array|
|p_ZZN9gdn_mxfp818gdn_mxfp8_top_implEhthhPA128_K7ap_uintILi8EEPA4_S2_S4_S6_S4_S6_P_713_ce0       |  out|    1|   ap_memory|  p_ZZN9gdn_mxfp818gdn_mxfp8_top_implEhthhPA128_K7ap_uintILi8EEPA4_S2_S4_S6_S4_S6_P_713|         array|
|p_ZZN9gdn_mxfp818gdn_mxfp8_top_implEhthhPA128_K7ap_uintILi8EEPA4_S2_S4_S6_S4_S6_P_713_q0        |   in|    8|   ap_memory|  p_ZZN9gdn_mxfp818gdn_mxfp8_top_implEhthhPA128_K7ap_uintILi8EEPA4_S2_S4_S6_S4_S6_P_713|         array|
|p_ZZN9gdn_mxfp818gdn_mxfp8_top_implEhthhPA128_K7ap_uintILi8EEPA4_S2_S4_S6_S4_S6_P_714_address0  |  out|    5|   ap_memory|  p_ZZN9gdn_mxfp818gdn_mxfp8_top_implEhthhPA128_K7ap_uintILi8EEPA4_S2_S4_S6_S4_S6_P_714|         array|
|p_ZZN9gdn_mxfp818gdn_mxfp8_top_implEhthhPA128_K7ap_uintILi8EEPA4_S2_S4_S6_S4_S6_P_714_ce0       |  out|    1|   ap_memory|  p_ZZN9gdn_mxfp818gdn_mxfp8_top_implEhthhPA128_K7ap_uintILi8EEPA4_S2_S4_S6_S4_S6_P_714|         array|
|p_ZZN9gdn_mxfp818gdn_mxfp8_top_implEhthhPA128_K7ap_uintILi8EEPA4_S2_S4_S6_S4_S6_P_714_q0        |   in|    8|   ap_memory|  p_ZZN9gdn_mxfp818gdn_mxfp8_top_implEhthhPA128_K7ap_uintILi8EEPA4_S2_S4_S6_S4_S6_P_714|         array|
|p_ZZN9gdn_mxfp818gdn_mxfp8_top_implEhthhPA128_K7ap_uintILi8EEPA4_S2_S4_S6_S4_S6_P_715_address0  |  out|    5|   ap_memory|  p_ZZN9gdn_mxfp818gdn_mxfp8_top_implEhthhPA128_K7ap_uintILi8EEPA4_S2_S4_S6_S4_S6_P_715|         array|
|p_ZZN9gdn_mxfp818gdn_mxfp8_top_implEhthhPA128_K7ap_uintILi8EEPA4_S2_S4_S6_S4_S6_P_715_ce0       |  out|    1|   ap_memory|  p_ZZN9gdn_mxfp818gdn_mxfp8_top_implEhthhPA128_K7ap_uintILi8EEPA4_S2_S4_S6_S4_S6_P_715|         array|
|p_ZZN9gdn_mxfp818gdn_mxfp8_top_implEhthhPA128_K7ap_uintILi8EEPA4_S2_S4_S6_S4_S6_P_715_q0        |   in|    8|   ap_memory|  p_ZZN9gdn_mxfp818gdn_mxfp8_top_implEhthhPA128_K7ap_uintILi8EEPA4_S2_S4_S6_S4_S6_P_715|         array|
|p_ZZN9gdn_mxfp818gdn_mxfp8_top_implEhthhPA128_K7ap_uintILi8EEPA4_S2_S4_S6_S4_S6_P_716_address0  |  out|    5|   ap_memory|  p_ZZN9gdn_mxfp818gdn_mxfp8_top_implEhthhPA128_K7ap_uintILi8EEPA4_S2_S4_S6_S4_S6_P_716|         array|
|p_ZZN9gdn_mxfp818gdn_mxfp8_top_implEhthhPA128_K7ap_uintILi8EEPA4_S2_S4_S6_S4_S6_P_716_ce0       |  out|    1|   ap_memory|  p_ZZN9gdn_mxfp818gdn_mxfp8_top_implEhthhPA128_K7ap_uintILi8EEPA4_S2_S4_S6_S4_S6_P_716|         array|
|p_ZZN9gdn_mxfp818gdn_mxfp8_top_implEhthhPA128_K7ap_uintILi8EEPA4_S2_S4_S6_S4_S6_P_716_q0        |   in|    8|   ap_memory|  p_ZZN9gdn_mxfp818gdn_mxfp8_top_implEhthhPA128_K7ap_uintILi8EEPA4_S2_S4_S6_S4_S6_P_716|         array|
|p_ZZN9gdn_mxfp818gdn_mxfp8_top_implEhthhPA128_K7ap_uintILi8EEPA4_S2_S4_S6_S4_S6_P_717_address0  |  out|    5|   ap_memory|  p_ZZN9gdn_mxfp818gdn_mxfp8_top_implEhthhPA128_K7ap_uintILi8EEPA4_S2_S4_S6_S4_S6_P_717|         array|
|p_ZZN9gdn_mxfp818gdn_mxfp8_top_implEhthhPA128_K7ap_uintILi8EEPA4_S2_S4_S6_S4_S6_P_717_ce0       |  out|    1|   ap_memory|  p_ZZN9gdn_mxfp818gdn_mxfp8_top_implEhthhPA128_K7ap_uintILi8EEPA4_S2_S4_S6_S4_S6_P_717|         array|
|p_ZZN9gdn_mxfp818gdn_mxfp8_top_implEhthhPA128_K7ap_uintILi8EEPA4_S2_S4_S6_S4_S6_P_717_q0        |   in|    8|   ap_memory|  p_ZZN9gdn_mxfp818gdn_mxfp8_top_implEhthhPA128_K7ap_uintILi8EEPA4_S2_S4_S6_S4_S6_P_717|         array|
|p_ZZN9gdn_mxfp818gdn_mxfp8_top_implEhthhPA128_K7ap_uintILi8EEPA4_S2_S4_S6_S4_S6_P_718_address0  |  out|    5|   ap_memory|  p_ZZN9gdn_mxfp818gdn_mxfp8_top_implEhthhPA128_K7ap_uintILi8EEPA4_S2_S4_S6_S4_S6_P_718|         array|
|p_ZZN9gdn_mxfp818gdn_mxfp8_top_implEhthhPA128_K7ap_uintILi8EEPA4_S2_S4_S6_S4_S6_P_718_ce0       |  out|    1|   ap_memory|  p_ZZN9gdn_mxfp818gdn_mxfp8_top_implEhthhPA128_K7ap_uintILi8EEPA4_S2_S4_S6_S4_S6_P_718|         array|
|p_ZZN9gdn_mxfp818gdn_mxfp8_top_implEhthhPA128_K7ap_uintILi8EEPA4_S2_S4_S6_S4_S6_P_718_q0        |   in|    8|   ap_memory|  p_ZZN9gdn_mxfp818gdn_mxfp8_top_implEhthhPA128_K7ap_uintILi8EEPA4_S2_S4_S6_S4_S6_P_718|         array|
|p_ZZN9gdn_mxfp818gdn_mxfp8_top_implEhthhPA128_K7ap_uintILi8EEPA4_S2_S4_S6_S4_S6_P_719_address0  |  out|    5|   ap_memory|  p_ZZN9gdn_mxfp818gdn_mxfp8_top_implEhthhPA128_K7ap_uintILi8EEPA4_S2_S4_S6_S4_S6_P_719|         array|
|p_ZZN9gdn_mxfp818gdn_mxfp8_top_implEhthhPA128_K7ap_uintILi8EEPA4_S2_S4_S6_S4_S6_P_719_ce0       |  out|    1|   ap_memory|  p_ZZN9gdn_mxfp818gdn_mxfp8_top_implEhthhPA128_K7ap_uintILi8EEPA4_S2_S4_S6_S4_S6_P_719|         array|
|p_ZZN9gdn_mxfp818gdn_mxfp8_top_implEhthhPA128_K7ap_uintILi8EEPA4_S2_S4_S6_S4_S6_P_719_q0        |   in|    8|   ap_memory|  p_ZZN9gdn_mxfp818gdn_mxfp8_top_implEhthhPA128_K7ap_uintILi8EEPA4_S2_S4_S6_S4_S6_P_719|         array|
|p_ZZN9gdn_mxfp818gdn_mxfp8_top_implEhthhPA128_K7ap_uintILi8EEPA4_S2_S4_S6_S4_S6_P_720_address0  |  out|    5|   ap_memory|  p_ZZN9gdn_mxfp818gdn_mxfp8_top_implEhthhPA128_K7ap_uintILi8EEPA4_S2_S4_S6_S4_S6_P_720|         array|
|p_ZZN9gdn_mxfp818gdn_mxfp8_top_implEhthhPA128_K7ap_uintILi8EEPA4_S2_S4_S6_S4_S6_P_720_ce0       |  out|    1|   ap_memory|  p_ZZN9gdn_mxfp818gdn_mxfp8_top_implEhthhPA128_K7ap_uintILi8EEPA4_S2_S4_S6_S4_S6_P_720|         array|
|p_ZZN9gdn_mxfp818gdn_mxfp8_top_implEhthhPA128_K7ap_uintILi8EEPA4_S2_S4_S6_S4_S6_P_720_q0        |   in|    8|   ap_memory|  p_ZZN9gdn_mxfp818gdn_mxfp8_top_implEhthhPA128_K7ap_uintILi8EEPA4_S2_S4_S6_S4_S6_P_720|         array|
|p_ZZN9gdn_mxfp818gdn_mxfp8_top_implEhthhPA128_K7ap_uintILi8EEPA4_S2_S4_S6_S4_S6_P_721_address0  |  out|    5|   ap_memory|  p_ZZN9gdn_mxfp818gdn_mxfp8_top_implEhthhPA128_K7ap_uintILi8EEPA4_S2_S4_S6_S4_S6_P_721|         array|
|p_ZZN9gdn_mxfp818gdn_mxfp8_top_implEhthhPA128_K7ap_uintILi8EEPA4_S2_S4_S6_S4_S6_P_721_ce0       |  out|    1|   ap_memory|  p_ZZN9gdn_mxfp818gdn_mxfp8_top_implEhthhPA128_K7ap_uintILi8EEPA4_S2_S4_S6_S4_S6_P_721|         array|
|p_ZZN9gdn_mxfp818gdn_mxfp8_top_implEhthhPA128_K7ap_uintILi8EEPA4_S2_S4_S6_S4_S6_P_721_q0        |   in|    8|   ap_memory|  p_ZZN9gdn_mxfp818gdn_mxfp8_top_implEhthhPA128_K7ap_uintILi8EEPA4_S2_S4_S6_S4_S6_P_721|         array|
|p_ZZN9gdn_mxfp818gdn_mxfp8_top_implEhthhPA128_K7ap_uintILi8EEPA4_S2_S4_S6_S4_S6_P_722_address0  |  out|    5|   ap_memory|  p_ZZN9gdn_mxfp818gdn_mxfp8_top_implEhthhPA128_K7ap_uintILi8EEPA4_S2_S4_S6_S4_S6_P_722|         array|
|p_ZZN9gdn_mxfp818gdn_mxfp8_top_implEhthhPA128_K7ap_uintILi8EEPA4_S2_S4_S6_S4_S6_P_722_ce0       |  out|    1|   ap_memory|  p_ZZN9gdn_mxfp818gdn_mxfp8_top_implEhthhPA128_K7ap_uintILi8EEPA4_S2_S4_S6_S4_S6_P_722|         array|
|p_ZZN9gdn_mxfp818gdn_mxfp8_top_implEhthhPA128_K7ap_uintILi8EEPA4_S2_S4_S6_S4_S6_P_722_q0        |   in|    8|   ap_memory|  p_ZZN9gdn_mxfp818gdn_mxfp8_top_implEhthhPA128_K7ap_uintILi8EEPA4_S2_S4_S6_S4_S6_P_722|         array|
|p_ZZN9gdn_mxfp818gdn_mxfp8_top_implEhthhPA128_K7ap_uintILi8EEPA4_S2_S4_S6_S4_S6_P_723_address0  |  out|    5|   ap_memory|  p_ZZN9gdn_mxfp818gdn_mxfp8_top_implEhthhPA128_K7ap_uintILi8EEPA4_S2_S4_S6_S4_S6_P_723|         array|
|p_ZZN9gdn_mxfp818gdn_mxfp8_top_implEhthhPA128_K7ap_uintILi8EEPA4_S2_S4_S6_S4_S6_P_723_ce0       |  out|    1|   ap_memory|  p_ZZN9gdn_mxfp818gdn_mxfp8_top_implEhthhPA128_K7ap_uintILi8EEPA4_S2_S4_S6_S4_S6_P_723|         array|
|p_ZZN9gdn_mxfp818gdn_mxfp8_top_implEhthhPA128_K7ap_uintILi8EEPA4_S2_S4_S6_S4_S6_P_723_q0        |   in|    8|   ap_memory|  p_ZZN9gdn_mxfp818gdn_mxfp8_top_implEhthhPA128_K7ap_uintILi8EEPA4_S2_S4_S6_S4_S6_P_723|         array|
|p_ZZN9gdn_mxfp818gdn_mxfp8_top_implEhthhPA128_K7ap_uintILi8EEPA4_S2_S4_S6_S4_S6_P_724_address0  |  out|    5|   ap_memory|  p_ZZN9gdn_mxfp818gdn_mxfp8_top_implEhthhPA128_K7ap_uintILi8EEPA4_S2_S4_S6_S4_S6_P_724|         array|
|p_ZZN9gdn_mxfp818gdn_mxfp8_top_implEhthhPA128_K7ap_uintILi8EEPA4_S2_S4_S6_S4_S6_P_724_ce0       |  out|    1|   ap_memory|  p_ZZN9gdn_mxfp818gdn_mxfp8_top_implEhthhPA128_K7ap_uintILi8EEPA4_S2_S4_S6_S4_S6_P_724|         array|
|p_ZZN9gdn_mxfp818gdn_mxfp8_top_implEhthhPA128_K7ap_uintILi8EEPA4_S2_S4_S6_S4_S6_P_724_q0        |   in|    8|   ap_memory|  p_ZZN9gdn_mxfp818gdn_mxfp8_top_implEhthhPA128_K7ap_uintILi8EEPA4_S2_S4_S6_S4_S6_P_724|         array|
|p_ZZN9gdn_mxfp818gdn_mxfp8_top_implEhthhPA128_K7ap_uintILi8EEPA4_S2_S4_S6_S4_S6_P_613_address0  |  out|    5|   ap_memory|  p_ZZN9gdn_mxfp818gdn_mxfp8_top_implEhthhPA128_K7ap_uintILi8EEPA4_S2_S4_S6_S4_S6_P_613|         array|
|p_ZZN9gdn_mxfp818gdn_mxfp8_top_implEhthhPA128_K7ap_uintILi8EEPA4_S2_S4_S6_S4_S6_P_613_ce0       |  out|    1|   ap_memory|  p_ZZN9gdn_mxfp818gdn_mxfp8_top_implEhthhPA128_K7ap_uintILi8EEPA4_S2_S4_S6_S4_S6_P_613|         array|
|p_ZZN9gdn_mxfp818gdn_mxfp8_top_implEhthhPA128_K7ap_uintILi8EEPA4_S2_S4_S6_S4_S6_P_613_q0        |   in|    8|   ap_memory|  p_ZZN9gdn_mxfp818gdn_mxfp8_top_implEhthhPA128_K7ap_uintILi8EEPA4_S2_S4_S6_S4_S6_P_613|         array|
|p_ZZN9gdn_mxfp818gdn_mxfp8_top_implEhthhPA128_K7ap_uintILi8EEPA4_S2_S4_S6_S4_S6_P_614_address0  |  out|    5|   ap_memory|  p_ZZN9gdn_mxfp818gdn_mxfp8_top_implEhthhPA128_K7ap_uintILi8EEPA4_S2_S4_S6_S4_S6_P_614|         array|
|p_ZZN9gdn_mxfp818gdn_mxfp8_top_implEhthhPA128_K7ap_uintILi8EEPA4_S2_S4_S6_S4_S6_P_614_ce0       |  out|    1|   ap_memory|  p_ZZN9gdn_mxfp818gdn_mxfp8_top_implEhthhPA128_K7ap_uintILi8EEPA4_S2_S4_S6_S4_S6_P_614|         array|
|p_ZZN9gdn_mxfp818gdn_mxfp8_top_implEhthhPA128_K7ap_uintILi8EEPA4_S2_S4_S6_S4_S6_P_614_q0        |   in|    8|   ap_memory|  p_ZZN9gdn_mxfp818gdn_mxfp8_top_implEhthhPA128_K7ap_uintILi8EEPA4_S2_S4_S6_S4_S6_P_614|         array|
|p_ZZN9gdn_mxfp818gdn_mxfp8_top_implEhthhPA128_K7ap_uintILi8EEPA4_S2_S4_S6_S4_S6_P_615_address0  |  out|    5|   ap_memory|  p_ZZN9gdn_mxfp818gdn_mxfp8_top_implEhthhPA128_K7ap_uintILi8EEPA4_S2_S4_S6_S4_S6_P_615|         array|
|p_ZZN9gdn_mxfp818gdn_mxfp8_top_implEhthhPA128_K7ap_uintILi8EEPA4_S2_S4_S6_S4_S6_P_615_ce0       |  out|    1|   ap_memory|  p_ZZN9gdn_mxfp818gdn_mxfp8_top_implEhthhPA128_K7ap_uintILi8EEPA4_S2_S4_S6_S4_S6_P_615|         array|
|p_ZZN9gdn_mxfp818gdn_mxfp8_top_implEhthhPA128_K7ap_uintILi8EEPA4_S2_S4_S6_S4_S6_P_615_q0        |   in|    8|   ap_memory|  p_ZZN9gdn_mxfp818gdn_mxfp8_top_implEhthhPA128_K7ap_uintILi8EEPA4_S2_S4_S6_S4_S6_P_615|         array|
|p_ZZN9gdn_mxfp818gdn_mxfp8_top_implEhthhPA128_K7ap_uintILi8EEPA4_S2_S4_S6_S4_S6_P_616_address0  |  out|    5|   ap_memory|  p_ZZN9gdn_mxfp818gdn_mxfp8_top_implEhthhPA128_K7ap_uintILi8EEPA4_S2_S4_S6_S4_S6_P_616|         array|
|p_ZZN9gdn_mxfp818gdn_mxfp8_top_implEhthhPA128_K7ap_uintILi8EEPA4_S2_S4_S6_S4_S6_P_616_ce0       |  out|    1|   ap_memory|  p_ZZN9gdn_mxfp818gdn_mxfp8_top_implEhthhPA128_K7ap_uintILi8EEPA4_S2_S4_S6_S4_S6_P_616|         array|
|p_ZZN9gdn_mxfp818gdn_mxfp8_top_implEhthhPA128_K7ap_uintILi8EEPA4_S2_S4_S6_S4_S6_P_616_q0        |   in|    8|   ap_memory|  p_ZZN9gdn_mxfp818gdn_mxfp8_top_implEhthhPA128_K7ap_uintILi8EEPA4_S2_S4_S6_S4_S6_P_616|         array|
|p_ZZN9gdn_mxfp818gdn_mxfp8_top_implEhthhPA128_K7ap_uintILi8EEPA4_S2_S4_S6_S4_S6_P_617_address0  |  out|    5|   ap_memory|  p_ZZN9gdn_mxfp818gdn_mxfp8_top_implEhthhPA128_K7ap_uintILi8EEPA4_S2_S4_S6_S4_S6_P_617|         array|
|p_ZZN9gdn_mxfp818gdn_mxfp8_top_implEhthhPA128_K7ap_uintILi8EEPA4_S2_S4_S6_S4_S6_P_617_ce0       |  out|    1|   ap_memory|  p_ZZN9gdn_mxfp818gdn_mxfp8_top_implEhthhPA128_K7ap_uintILi8EEPA4_S2_S4_S6_S4_S6_P_617|         array|
|p_ZZN9gdn_mxfp818gdn_mxfp8_top_implEhthhPA128_K7ap_uintILi8EEPA4_S2_S4_S6_S4_S6_P_617_q0        |   in|    8|   ap_memory|  p_ZZN9gdn_mxfp818gdn_mxfp8_top_implEhthhPA128_K7ap_uintILi8EEPA4_S2_S4_S6_S4_S6_P_617|         array|
|p_ZZN9gdn_mxfp818gdn_mxfp8_top_implEhthhPA128_K7ap_uintILi8EEPA4_S2_S4_S6_S4_S6_P_618_address0  |  out|    5|   ap_memory|  p_ZZN9gdn_mxfp818gdn_mxfp8_top_implEhthhPA128_K7ap_uintILi8EEPA4_S2_S4_S6_S4_S6_P_618|         array|
|p_ZZN9gdn_mxfp818gdn_mxfp8_top_implEhthhPA128_K7ap_uintILi8EEPA4_S2_S4_S6_S4_S6_P_618_ce0       |  out|    1|   ap_memory|  p_ZZN9gdn_mxfp818gdn_mxfp8_top_implEhthhPA128_K7ap_uintILi8EEPA4_S2_S4_S6_S4_S6_P_618|         array|
|p_ZZN9gdn_mxfp818gdn_mxfp8_top_implEhthhPA128_K7ap_uintILi8EEPA4_S2_S4_S6_S4_S6_P_618_q0        |   in|    8|   ap_memory|  p_ZZN9gdn_mxfp818gdn_mxfp8_top_implEhthhPA128_K7ap_uintILi8EEPA4_S2_S4_S6_S4_S6_P_618|         array|
|p_ZZN9gdn_mxfp818gdn_mxfp8_top_implEhthhPA128_K7ap_uintILi8EEPA4_S2_S4_S6_S4_S6_P_619_address0  |  out|    5|   ap_memory|  p_ZZN9gdn_mxfp818gdn_mxfp8_top_implEhthhPA128_K7ap_uintILi8EEPA4_S2_S4_S6_S4_S6_P_619|         array|
|p_ZZN9gdn_mxfp818gdn_mxfp8_top_implEhthhPA128_K7ap_uintILi8EEPA4_S2_S4_S6_S4_S6_P_619_ce0       |  out|    1|   ap_memory|  p_ZZN9gdn_mxfp818gdn_mxfp8_top_implEhthhPA128_K7ap_uintILi8EEPA4_S2_S4_S6_S4_S6_P_619|         array|
|p_ZZN9gdn_mxfp818gdn_mxfp8_top_implEhthhPA128_K7ap_uintILi8EEPA4_S2_S4_S6_S4_S6_P_619_q0        |   in|    8|   ap_memory|  p_ZZN9gdn_mxfp818gdn_mxfp8_top_implEhthhPA128_K7ap_uintILi8EEPA4_S2_S4_S6_S4_S6_P_619|         array|
|p_ZZN9gdn_mxfp818gdn_mxfp8_top_implEhthhPA128_K7ap_uintILi8EEPA4_S2_S4_S6_S4_S6_P_620_address0  |  out|    5|   ap_memory|  p_ZZN9gdn_mxfp818gdn_mxfp8_top_implEhthhPA128_K7ap_uintILi8EEPA4_S2_S4_S6_S4_S6_P_620|         array|
|p_ZZN9gdn_mxfp818gdn_mxfp8_top_implEhthhPA128_K7ap_uintILi8EEPA4_S2_S4_S6_S4_S6_P_620_ce0       |  out|    1|   ap_memory|  p_ZZN9gdn_mxfp818gdn_mxfp8_top_implEhthhPA128_K7ap_uintILi8EEPA4_S2_S4_S6_S4_S6_P_620|         array|
|p_ZZN9gdn_mxfp818gdn_mxfp8_top_implEhthhPA128_K7ap_uintILi8EEPA4_S2_S4_S6_S4_S6_P_620_q0        |   in|    8|   ap_memory|  p_ZZN9gdn_mxfp818gdn_mxfp8_top_implEhthhPA128_K7ap_uintILi8EEPA4_S2_S4_S6_S4_S6_P_620|         array|
|p_ZZN9gdn_mxfp818gdn_mxfp8_top_implEhthhPA128_K7ap_uintILi8EEPA4_S2_S4_S6_S4_S6_P_621_address0  |  out|    5|   ap_memory|  p_ZZN9gdn_mxfp818gdn_mxfp8_top_implEhthhPA128_K7ap_uintILi8EEPA4_S2_S4_S6_S4_S6_P_621|         array|
|p_ZZN9gdn_mxfp818gdn_mxfp8_top_implEhthhPA128_K7ap_uintILi8EEPA4_S2_S4_S6_S4_S6_P_621_ce0       |  out|    1|   ap_memory|  p_ZZN9gdn_mxfp818gdn_mxfp8_top_implEhthhPA128_K7ap_uintILi8EEPA4_S2_S4_S6_S4_S6_P_621|         array|
|p_ZZN9gdn_mxfp818gdn_mxfp8_top_implEhthhPA128_K7ap_uintILi8EEPA4_S2_S4_S6_S4_S6_P_621_q0        |   in|    8|   ap_memory|  p_ZZN9gdn_mxfp818gdn_mxfp8_top_implEhthhPA128_K7ap_uintILi8EEPA4_S2_S4_S6_S4_S6_P_621|         array|
|p_ZZN9gdn_mxfp818gdn_mxfp8_top_implEhthhPA128_K7ap_uintILi8EEPA4_S2_S4_S6_S4_S6_P_622_address0  |  out|    5|   ap_memory|  p_ZZN9gdn_mxfp818gdn_mxfp8_top_implEhthhPA128_K7ap_uintILi8EEPA4_S2_S4_S6_S4_S6_P_622|         array|
|p_ZZN9gdn_mxfp818gdn_mxfp8_top_implEhthhPA128_K7ap_uintILi8EEPA4_S2_S4_S6_S4_S6_P_622_ce0       |  out|    1|   ap_memory|  p_ZZN9gdn_mxfp818gdn_mxfp8_top_implEhthhPA128_K7ap_uintILi8EEPA4_S2_S4_S6_S4_S6_P_622|         array|
|p_ZZN9gdn_mxfp818gdn_mxfp8_top_implEhthhPA128_K7ap_uintILi8EEPA4_S2_S4_S6_S4_S6_P_622_q0        |   in|    8|   ap_memory|  p_ZZN9gdn_mxfp818gdn_mxfp8_top_implEhthhPA128_K7ap_uintILi8EEPA4_S2_S4_S6_S4_S6_P_622|         array|
|p_ZZN9gdn_mxfp818gdn_mxfp8_top_implEhthhPA128_K7ap_uintILi8EEPA4_S2_S4_S6_S4_S6_P_623_address0  |  out|    5|   ap_memory|  p_ZZN9gdn_mxfp818gdn_mxfp8_top_implEhthhPA128_K7ap_uintILi8EEPA4_S2_S4_S6_S4_S6_P_623|         array|
|p_ZZN9gdn_mxfp818gdn_mxfp8_top_implEhthhPA128_K7ap_uintILi8EEPA4_S2_S4_S6_S4_S6_P_623_ce0       |  out|    1|   ap_memory|  p_ZZN9gdn_mxfp818gdn_mxfp8_top_implEhthhPA128_K7ap_uintILi8EEPA4_S2_S4_S6_S4_S6_P_623|         array|
|p_ZZN9gdn_mxfp818gdn_mxfp8_top_implEhthhPA128_K7ap_uintILi8EEPA4_S2_S4_S6_S4_S6_P_623_q0        |   in|    8|   ap_memory|  p_ZZN9gdn_mxfp818gdn_mxfp8_top_implEhthhPA128_K7ap_uintILi8EEPA4_S2_S4_S6_S4_S6_P_623|         array|
|p_ZZN9gdn_mxfp818gdn_mxfp8_top_implEhthhPA128_K7ap_uintILi8EEPA4_S2_S4_S6_S4_S6_P_624_address0  |  out|    5|   ap_memory|  p_ZZN9gdn_mxfp818gdn_mxfp8_top_implEhthhPA128_K7ap_uintILi8EEPA4_S2_S4_S6_S4_S6_P_624|         array|
|p_ZZN9gdn_mxfp818gdn_mxfp8_top_implEhthhPA128_K7ap_uintILi8EEPA4_S2_S4_S6_S4_S6_P_624_ce0       |  out|    1|   ap_memory|  p_ZZN9gdn_mxfp818gdn_mxfp8_top_implEhthhPA128_K7ap_uintILi8EEPA4_S2_S4_S6_S4_S6_P_624|         array|
|p_ZZN9gdn_mxfp818gdn_mxfp8_top_implEhthhPA128_K7ap_uintILi8EEPA4_S2_S4_S6_S4_S6_P_624_q0        |   in|    8|   ap_memory|  p_ZZN9gdn_mxfp818gdn_mxfp8_top_implEhthhPA128_K7ap_uintILi8EEPA4_S2_S4_S6_S4_S6_P_624|         array|
|p_ZZN9gdn_mxfp818gdn_mxfp8_top_implEhthhPA128_K7ap_uintILi8EEPA4_S2_S4_S6_S4_S6_P_625_address0  |  out|    5|   ap_memory|  p_ZZN9gdn_mxfp818gdn_mxfp8_top_implEhthhPA128_K7ap_uintILi8EEPA4_S2_S4_S6_S4_S6_P_625|         array|
|p_ZZN9gdn_mxfp818gdn_mxfp8_top_implEhthhPA128_K7ap_uintILi8EEPA4_S2_S4_S6_S4_S6_P_625_ce0       |  out|    1|   ap_memory|  p_ZZN9gdn_mxfp818gdn_mxfp8_top_implEhthhPA128_K7ap_uintILi8EEPA4_S2_S4_S6_S4_S6_P_625|         array|
|p_ZZN9gdn_mxfp818gdn_mxfp8_top_implEhthhPA128_K7ap_uintILi8EEPA4_S2_S4_S6_S4_S6_P_625_q0        |   in|    8|   ap_memory|  p_ZZN9gdn_mxfp818gdn_mxfp8_top_implEhthhPA128_K7ap_uintILi8EEPA4_S2_S4_S6_S4_S6_P_625|         array|
|p_ZZN9gdn_mxfp818gdn_mxfp8_top_implEhthhPA128_K7ap_uintILi8EEPA4_S2_S4_S6_S4_S6_P_626_address0  |  out|    5|   ap_memory|  p_ZZN9gdn_mxfp818gdn_mxfp8_top_implEhthhPA128_K7ap_uintILi8EEPA4_S2_S4_S6_S4_S6_P_626|         array|
|p_ZZN9gdn_mxfp818gdn_mxfp8_top_implEhthhPA128_K7ap_uintILi8EEPA4_S2_S4_S6_S4_S6_P_626_ce0       |  out|    1|   ap_memory|  p_ZZN9gdn_mxfp818gdn_mxfp8_top_implEhthhPA128_K7ap_uintILi8EEPA4_S2_S4_S6_S4_S6_P_626|         array|
|p_ZZN9gdn_mxfp818gdn_mxfp8_top_implEhthhPA128_K7ap_uintILi8EEPA4_S2_S4_S6_S4_S6_P_626_q0        |   in|    8|   ap_memory|  p_ZZN9gdn_mxfp818gdn_mxfp8_top_implEhthhPA128_K7ap_uintILi8EEPA4_S2_S4_S6_S4_S6_P_626|         array|
|p_ZZN9gdn_mxfp818gdn_mxfp8_top_implEhthhPA128_K7ap_uintILi8EEPA4_S2_S4_S6_S4_S6_P_627_address0  |  out|    5|   ap_memory|  p_ZZN9gdn_mxfp818gdn_mxfp8_top_implEhthhPA128_K7ap_uintILi8EEPA4_S2_S4_S6_S4_S6_P_627|         array|
|p_ZZN9gdn_mxfp818gdn_mxfp8_top_implEhthhPA128_K7ap_uintILi8EEPA4_S2_S4_S6_S4_S6_P_627_ce0       |  out|    1|   ap_memory|  p_ZZN9gdn_mxfp818gdn_mxfp8_top_implEhthhPA128_K7ap_uintILi8EEPA4_S2_S4_S6_S4_S6_P_627|         array|
|p_ZZN9gdn_mxfp818gdn_mxfp8_top_implEhthhPA128_K7ap_uintILi8EEPA4_S2_S4_S6_S4_S6_P_627_q0        |   in|    8|   ap_memory|  p_ZZN9gdn_mxfp818gdn_mxfp8_top_implEhthhPA128_K7ap_uintILi8EEPA4_S2_S4_S6_S4_S6_P_627|         array|
|p_ZZN9gdn_mxfp818gdn_mxfp8_top_implEhthhPA128_K7ap_uintILi8EEPA4_S2_S4_S6_S4_S6_P_628_address0  |  out|    5|   ap_memory|  p_ZZN9gdn_mxfp818gdn_mxfp8_top_implEhthhPA128_K7ap_uintILi8EEPA4_S2_S4_S6_S4_S6_P_628|         array|
|p_ZZN9gdn_mxfp818gdn_mxfp8_top_implEhthhPA128_K7ap_uintILi8EEPA4_S2_S4_S6_S4_S6_P_628_ce0       |  out|    1|   ap_memory|  p_ZZN9gdn_mxfp818gdn_mxfp8_top_implEhthhPA128_K7ap_uintILi8EEPA4_S2_S4_S6_S4_S6_P_628|         array|
|p_ZZN9gdn_mxfp818gdn_mxfp8_top_implEhthhPA128_K7ap_uintILi8EEPA4_S2_S4_S6_S4_S6_P_628_q0        |   in|    8|   ap_memory|  p_ZZN9gdn_mxfp818gdn_mxfp8_top_implEhthhPA128_K7ap_uintILi8EEPA4_S2_S4_S6_S4_S6_P_628|         array|
|gdn_mxfp8_top_impl_unsigned_char_unsigned_short_unsigned_char_unsigned_char_ap_u_23_address0    |  out|    5|   ap_memory|    gdn_mxfp8_top_impl_unsigned_char_unsigned_short_unsigned_char_unsigned_char_ap_u_23|         array|
|gdn_mxfp8_top_impl_unsigned_char_unsigned_short_unsigned_char_unsigned_char_ap_u_23_ce0         |  out|    1|   ap_memory|    gdn_mxfp8_top_impl_unsigned_char_unsigned_short_unsigned_char_unsigned_char_ap_u_23|         array|
|gdn_mxfp8_top_impl_unsigned_char_unsigned_short_unsigned_char_unsigned_char_ap_u_23_q0          |   in|    8|   ap_memory|    gdn_mxfp8_top_impl_unsigned_char_unsigned_short_unsigned_char_unsigned_char_ap_u_23|         array|
|gdn_mxfp8_top_impl_unsigned_char_unsigned_short_unsigned_char_unsigned_char_ap_u_22_address0    |  out|    5|   ap_memory|    gdn_mxfp8_top_impl_unsigned_char_unsigned_short_unsigned_char_unsigned_char_ap_u_22|         array|
|gdn_mxfp8_top_impl_unsigned_char_unsigned_short_unsigned_char_unsigned_char_ap_u_22_ce0         |  out|    1|   ap_memory|    gdn_mxfp8_top_impl_unsigned_char_unsigned_short_unsigned_char_unsigned_char_ap_u_22|         array|
|gdn_mxfp8_top_impl_unsigned_char_unsigned_short_unsigned_char_unsigned_char_ap_u_22_q0          |   in|    8|   ap_memory|    gdn_mxfp8_top_impl_unsigned_char_unsigned_short_unsigned_char_unsigned_char_ap_u_22|         array|
|gdn_mxfp8_top_impl_unsigned_char_unsigned_short_unsigned_char_unsigned_char_ap_u_21_address0    |  out|    5|   ap_memory|    gdn_mxfp8_top_impl_unsigned_char_unsigned_short_unsigned_char_unsigned_char_ap_u_21|         array|
|gdn_mxfp8_top_impl_unsigned_char_unsigned_short_unsigned_char_unsigned_char_ap_u_21_ce0         |  out|    1|   ap_memory|    gdn_mxfp8_top_impl_unsigned_char_unsigned_short_unsigned_char_unsigned_char_ap_u_21|         array|
|gdn_mxfp8_top_impl_unsigned_char_unsigned_short_unsigned_char_unsigned_char_ap_u_21_q0          |   in|    8|   ap_memory|    gdn_mxfp8_top_impl_unsigned_char_unsigned_short_unsigned_char_unsigned_char_ap_u_21|         array|
|gdn_mxfp8_top_impl_unsigned_char_unsigned_short_unsigned_char_unsigned_char_ap_u_20_address0    |  out|    5|   ap_memory|    gdn_mxfp8_top_impl_unsigned_char_unsigned_short_unsigned_char_unsigned_char_ap_u_20|         array|
|gdn_mxfp8_top_impl_unsigned_char_unsigned_short_unsigned_char_unsigned_char_ap_u_20_ce0         |  out|    1|   ap_memory|    gdn_mxfp8_top_impl_unsigned_char_unsigned_short_unsigned_char_unsigned_char_ap_u_20|         array|
|gdn_mxfp8_top_impl_unsigned_char_unsigned_short_unsigned_char_unsigned_char_ap_u_20_q0          |   in|    8|   ap_memory|    gdn_mxfp8_top_impl_unsigned_char_unsigned_short_unsigned_char_unsigned_char_ap_u_20|         array|
|gdn_mxfp8_top_impl_unsigned_char_unsigned_short_unsigned_char_unsigned_char_ap_u_19_address0    |  out|    5|   ap_memory|    gdn_mxfp8_top_impl_unsigned_char_unsigned_short_unsigned_char_unsigned_char_ap_u_19|         array|
|gdn_mxfp8_top_impl_unsigned_char_unsigned_short_unsigned_char_unsigned_char_ap_u_19_ce0         |  out|    1|   ap_memory|    gdn_mxfp8_top_impl_unsigned_char_unsigned_short_unsigned_char_unsigned_char_ap_u_19|         array|
|gdn_mxfp8_top_impl_unsigned_char_unsigned_short_unsigned_char_unsigned_char_ap_u_19_q0          |   in|    8|   ap_memory|    gdn_mxfp8_top_impl_unsigned_char_unsigned_short_unsigned_char_unsigned_char_ap_u_19|         array|
|gdn_mxfp8_top_impl_unsigned_char_unsigned_short_unsigned_char_unsigned_char_ap_u_18_address0    |  out|    5|   ap_memory|    gdn_mxfp8_top_impl_unsigned_char_unsigned_short_unsigned_char_unsigned_char_ap_u_18|         array|
|gdn_mxfp8_top_impl_unsigned_char_unsigned_short_unsigned_char_unsigned_char_ap_u_18_ce0         |  out|    1|   ap_memory|    gdn_mxfp8_top_impl_unsigned_char_unsigned_short_unsigned_char_unsigned_char_ap_u_18|         array|
|gdn_mxfp8_top_impl_unsigned_char_unsigned_short_unsigned_char_unsigned_char_ap_u_18_q0          |   in|    8|   ap_memory|    gdn_mxfp8_top_impl_unsigned_char_unsigned_short_unsigned_char_unsigned_char_ap_u_18|         array|
|gdn_mxfp8_top_impl_unsigned_char_unsigned_short_unsigned_char_unsigned_char_ap_u_17_address0    |  out|    5|   ap_memory|    gdn_mxfp8_top_impl_unsigned_char_unsigned_short_unsigned_char_unsigned_char_ap_u_17|         array|
|gdn_mxfp8_top_impl_unsigned_char_unsigned_short_unsigned_char_unsigned_char_ap_u_17_ce0         |  out|    1|   ap_memory|    gdn_mxfp8_top_impl_unsigned_char_unsigned_short_unsigned_char_unsigned_char_ap_u_17|         array|
|gdn_mxfp8_top_impl_unsigned_char_unsigned_short_unsigned_char_unsigned_char_ap_u_17_q0          |   in|    8|   ap_memory|    gdn_mxfp8_top_impl_unsigned_char_unsigned_short_unsigned_char_unsigned_char_ap_u_17|         array|
|gdn_mxfp8_top_impl_unsigned_char_unsigned_short_unsigned_char_unsigned_char_ap_u_16_address0    |  out|    5|   ap_memory|    gdn_mxfp8_top_impl_unsigned_char_unsigned_short_unsigned_char_unsigned_char_ap_u_16|         array|
|gdn_mxfp8_top_impl_unsigned_char_unsigned_short_unsigned_char_unsigned_char_ap_u_16_ce0         |  out|    1|   ap_memory|    gdn_mxfp8_top_impl_unsigned_char_unsigned_short_unsigned_char_unsigned_char_ap_u_16|         array|
|gdn_mxfp8_top_impl_unsigned_char_unsigned_short_unsigned_char_unsigned_char_ap_u_16_q0          |   in|    8|   ap_memory|    gdn_mxfp8_top_impl_unsigned_char_unsigned_short_unsigned_char_unsigned_char_ap_u_16|         array|
|p_ZZN9gdn_mxfp818gdn_mxfp8_top_implEhthhPA128_K7ap_uintILi8EEPA4_S2_S4_S6_S4_S6_P_629_address0  |  out|    5|   ap_memory|  p_ZZN9gdn_mxfp818gdn_mxfp8_top_implEhthhPA128_K7ap_uintILi8EEPA4_S2_S4_S6_S4_S6_P_629|         array|
|p_ZZN9gdn_mxfp818gdn_mxfp8_top_implEhthhPA128_K7ap_uintILi8EEPA4_S2_S4_S6_S4_S6_P_629_ce0       |  out|    1|   ap_memory|  p_ZZN9gdn_mxfp818gdn_mxfp8_top_implEhthhPA128_K7ap_uintILi8EEPA4_S2_S4_S6_S4_S6_P_629|         array|
|p_ZZN9gdn_mxfp818gdn_mxfp8_top_implEhthhPA128_K7ap_uintILi8EEPA4_S2_S4_S6_S4_S6_P_629_q0        |   in|    8|   ap_memory|  p_ZZN9gdn_mxfp818gdn_mxfp8_top_implEhthhPA128_K7ap_uintILi8EEPA4_S2_S4_S6_S4_S6_P_629|         array|
|p_ZZN9gdn_mxfp818gdn_mxfp8_top_implEhthhPA128_K7ap_uintILi8EEPA4_S2_S4_S6_S4_S6_P_630_address0  |  out|    5|   ap_memory|  p_ZZN9gdn_mxfp818gdn_mxfp8_top_implEhthhPA128_K7ap_uintILi8EEPA4_S2_S4_S6_S4_S6_P_630|         array|
|p_ZZN9gdn_mxfp818gdn_mxfp8_top_implEhthhPA128_K7ap_uintILi8EEPA4_S2_S4_S6_S4_S6_P_630_ce0       |  out|    1|   ap_memory|  p_ZZN9gdn_mxfp818gdn_mxfp8_top_implEhthhPA128_K7ap_uintILi8EEPA4_S2_S4_S6_S4_S6_P_630|         array|
|p_ZZN9gdn_mxfp818gdn_mxfp8_top_implEhthhPA128_K7ap_uintILi8EEPA4_S2_S4_S6_S4_S6_P_630_q0        |   in|    8|   ap_memory|  p_ZZN9gdn_mxfp818gdn_mxfp8_top_implEhthhPA128_K7ap_uintILi8EEPA4_S2_S4_S6_S4_S6_P_630|         array|
|p_ZZN9gdn_mxfp818gdn_mxfp8_top_implEhthhPA128_K7ap_uintILi8EEPA4_S2_S4_S6_S4_S6_P_631_address0  |  out|    5|   ap_memory|  p_ZZN9gdn_mxfp818gdn_mxfp8_top_implEhthhPA128_K7ap_uintILi8EEPA4_S2_S4_S6_S4_S6_P_631|         array|
|p_ZZN9gdn_mxfp818gdn_mxfp8_top_implEhthhPA128_K7ap_uintILi8EEPA4_S2_S4_S6_S4_S6_P_631_ce0       |  out|    1|   ap_memory|  p_ZZN9gdn_mxfp818gdn_mxfp8_top_implEhthhPA128_K7ap_uintILi8EEPA4_S2_S4_S6_S4_S6_P_631|         array|
|p_ZZN9gdn_mxfp818gdn_mxfp8_top_implEhthhPA128_K7ap_uintILi8EEPA4_S2_S4_S6_S4_S6_P_631_q0        |   in|    8|   ap_memory|  p_ZZN9gdn_mxfp818gdn_mxfp8_top_implEhthhPA128_K7ap_uintILi8EEPA4_S2_S4_S6_S4_S6_P_631|         array|
|p_ZZN9gdn_mxfp818gdn_mxfp8_top_implEhthhPA128_K7ap_uintILi8EEPA4_S2_S4_S6_S4_S6_P_632_address0  |  out|    5|   ap_memory|  p_ZZN9gdn_mxfp818gdn_mxfp8_top_implEhthhPA128_K7ap_uintILi8EEPA4_S2_S4_S6_S4_S6_P_632|         array|
|p_ZZN9gdn_mxfp818gdn_mxfp8_top_implEhthhPA128_K7ap_uintILi8EEPA4_S2_S4_S6_S4_S6_P_632_ce0       |  out|    1|   ap_memory|  p_ZZN9gdn_mxfp818gdn_mxfp8_top_implEhthhPA128_K7ap_uintILi8EEPA4_S2_S4_S6_S4_S6_P_632|         array|
|p_ZZN9gdn_mxfp818gdn_mxfp8_top_implEhthhPA128_K7ap_uintILi8EEPA4_S2_S4_S6_S4_S6_P_632_q0        |   in|    8|   ap_memory|  p_ZZN9gdn_mxfp818gdn_mxfp8_top_implEhthhPA128_K7ap_uintILi8EEPA4_S2_S4_S6_S4_S6_P_632|         array|
|p_ZZN9gdn_mxfp818gdn_mxfp8_top_implEhthhPA128_K7ap_uintILi8EEPA4_S2_S4_S6_S4_S6_P_633_address0  |  out|    5|   ap_memory|  p_ZZN9gdn_mxfp818gdn_mxfp8_top_implEhthhPA128_K7ap_uintILi8EEPA4_S2_S4_S6_S4_S6_P_633|         array|
|p_ZZN9gdn_mxfp818gdn_mxfp8_top_implEhthhPA128_K7ap_uintILi8EEPA4_S2_S4_S6_S4_S6_P_633_ce0       |  out|    1|   ap_memory|  p_ZZN9gdn_mxfp818gdn_mxfp8_top_implEhthhPA128_K7ap_uintILi8EEPA4_S2_S4_S6_S4_S6_P_633|         array|
|p_ZZN9gdn_mxfp818gdn_mxfp8_top_implEhthhPA128_K7ap_uintILi8EEPA4_S2_S4_S6_S4_S6_P_633_q0        |   in|    8|   ap_memory|  p_ZZN9gdn_mxfp818gdn_mxfp8_top_implEhthhPA128_K7ap_uintILi8EEPA4_S2_S4_S6_S4_S6_P_633|         array|
|p_ZZN9gdn_mxfp818gdn_mxfp8_top_implEhthhPA128_K7ap_uintILi8EEPA4_S2_S4_S6_S4_S6_P_634_address0  |  out|    5|   ap_memory|  p_ZZN9gdn_mxfp818gdn_mxfp8_top_implEhthhPA128_K7ap_uintILi8EEPA4_S2_S4_S6_S4_S6_P_634|         array|
|p_ZZN9gdn_mxfp818gdn_mxfp8_top_implEhthhPA128_K7ap_uintILi8EEPA4_S2_S4_S6_S4_S6_P_634_ce0       |  out|    1|   ap_memory|  p_ZZN9gdn_mxfp818gdn_mxfp8_top_implEhthhPA128_K7ap_uintILi8EEPA4_S2_S4_S6_S4_S6_P_634|         array|
|p_ZZN9gdn_mxfp818gdn_mxfp8_top_implEhthhPA128_K7ap_uintILi8EEPA4_S2_S4_S6_S4_S6_P_634_q0        |   in|    8|   ap_memory|  p_ZZN9gdn_mxfp818gdn_mxfp8_top_implEhthhPA128_K7ap_uintILi8EEPA4_S2_S4_S6_S4_S6_P_634|         array|
|p_ZZN9gdn_mxfp818gdn_mxfp8_top_implEhthhPA128_K7ap_uintILi8EEPA4_S2_S4_S6_S4_S6_P_635_address0  |  out|    5|   ap_memory|  p_ZZN9gdn_mxfp818gdn_mxfp8_top_implEhthhPA128_K7ap_uintILi8EEPA4_S2_S4_S6_S4_S6_P_635|         array|
|p_ZZN9gdn_mxfp818gdn_mxfp8_top_implEhthhPA128_K7ap_uintILi8EEPA4_S2_S4_S6_S4_S6_P_635_ce0       |  out|    1|   ap_memory|  p_ZZN9gdn_mxfp818gdn_mxfp8_top_implEhthhPA128_K7ap_uintILi8EEPA4_S2_S4_S6_S4_S6_P_635|         array|
|p_ZZN9gdn_mxfp818gdn_mxfp8_top_implEhthhPA128_K7ap_uintILi8EEPA4_S2_S4_S6_S4_S6_P_635_q0        |   in|    8|   ap_memory|  p_ZZN9gdn_mxfp818gdn_mxfp8_top_implEhthhPA128_K7ap_uintILi8EEPA4_S2_S4_S6_S4_S6_P_635|         array|
|p_ZZN9gdn_mxfp818gdn_mxfp8_top_implEhthhPA128_K7ap_uintILi8EEPA4_S2_S4_S6_S4_S6_P_636_address0  |  out|    5|   ap_memory|  p_ZZN9gdn_mxfp818gdn_mxfp8_top_implEhthhPA128_K7ap_uintILi8EEPA4_S2_S4_S6_S4_S6_P_636|         array|
|p_ZZN9gdn_mxfp818gdn_mxfp8_top_implEhthhPA128_K7ap_uintILi8EEPA4_S2_S4_S6_S4_S6_P_636_ce0       |  out|    1|   ap_memory|  p_ZZN9gdn_mxfp818gdn_mxfp8_top_implEhthhPA128_K7ap_uintILi8EEPA4_S2_S4_S6_S4_S6_P_636|         array|
|p_ZZN9gdn_mxfp818gdn_mxfp8_top_implEhthhPA128_K7ap_uintILi8EEPA4_S2_S4_S6_S4_S6_P_636_q0        |   in|    8|   ap_memory|  p_ZZN9gdn_mxfp818gdn_mxfp8_top_implEhthhPA128_K7ap_uintILi8EEPA4_S2_S4_S6_S4_S6_P_636|         array|
|p_ZZN9gdn_mxfp818gdn_mxfp8_top_implEhthhPA128_K7ap_uintILi8EEPA4_S2_S4_S6_S4_S6_P_637_address0  |  out|    5|   ap_memory|  p_ZZN9gdn_mxfp818gdn_mxfp8_top_implEhthhPA128_K7ap_uintILi8EEPA4_S2_S4_S6_S4_S6_P_637|         array|
|p_ZZN9gdn_mxfp818gdn_mxfp8_top_implEhthhPA128_K7ap_uintILi8EEPA4_S2_S4_S6_S4_S6_P_637_ce0       |  out|    1|   ap_memory|  p_ZZN9gdn_mxfp818gdn_mxfp8_top_implEhthhPA128_K7ap_uintILi8EEPA4_S2_S4_S6_S4_S6_P_637|         array|
|p_ZZN9gdn_mxfp818gdn_mxfp8_top_implEhthhPA128_K7ap_uintILi8EEPA4_S2_S4_S6_S4_S6_P_637_q0        |   in|    8|   ap_memory|  p_ZZN9gdn_mxfp818gdn_mxfp8_top_implEhthhPA128_K7ap_uintILi8EEPA4_S2_S4_S6_S4_S6_P_637|         array|
|p_ZZN9gdn_mxfp818gdn_mxfp8_top_implEhthhPA128_K7ap_uintILi8EEPA4_S2_S4_S6_S4_S6_P_638_address0  |  out|    5|   ap_memory|  p_ZZN9gdn_mxfp818gdn_mxfp8_top_implEhthhPA128_K7ap_uintILi8EEPA4_S2_S4_S6_S4_S6_P_638|         array|
|p_ZZN9gdn_mxfp818gdn_mxfp8_top_implEhthhPA128_K7ap_uintILi8EEPA4_S2_S4_S6_S4_S6_P_638_ce0       |  out|    1|   ap_memory|  p_ZZN9gdn_mxfp818gdn_mxfp8_top_implEhthhPA128_K7ap_uintILi8EEPA4_S2_S4_S6_S4_S6_P_638|         array|
|p_ZZN9gdn_mxfp818gdn_mxfp8_top_implEhthhPA128_K7ap_uintILi8EEPA4_S2_S4_S6_S4_S6_P_638_q0        |   in|    8|   ap_memory|  p_ZZN9gdn_mxfp818gdn_mxfp8_top_implEhthhPA128_K7ap_uintILi8EEPA4_S2_S4_S6_S4_S6_P_638|         array|
|p_ZZN9gdn_mxfp818gdn_mxfp8_top_implEhthhPA128_K7ap_uintILi8EEPA4_S2_S4_S6_S4_S6_P_639_address0  |  out|    5|   ap_memory|  p_ZZN9gdn_mxfp818gdn_mxfp8_top_implEhthhPA128_K7ap_uintILi8EEPA4_S2_S4_S6_S4_S6_P_639|         array|
|p_ZZN9gdn_mxfp818gdn_mxfp8_top_implEhthhPA128_K7ap_uintILi8EEPA4_S2_S4_S6_S4_S6_P_639_ce0       |  out|    1|   ap_memory|  p_ZZN9gdn_mxfp818gdn_mxfp8_top_implEhthhPA128_K7ap_uintILi8EEPA4_S2_S4_S6_S4_S6_P_639|         array|
|p_ZZN9gdn_mxfp818gdn_mxfp8_top_implEhthhPA128_K7ap_uintILi8EEPA4_S2_S4_S6_S4_S6_P_639_q0        |   in|    8|   ap_memory|  p_ZZN9gdn_mxfp818gdn_mxfp8_top_implEhthhPA128_K7ap_uintILi8EEPA4_S2_S4_S6_S4_S6_P_639|         array|
|p_ZZN9gdn_mxfp818gdn_mxfp8_top_implEhthhPA128_K7ap_uintILi8EEPA4_S2_S4_S6_S4_S6_P_640_address0  |  out|    5|   ap_memory|  p_ZZN9gdn_mxfp818gdn_mxfp8_top_implEhthhPA128_K7ap_uintILi8EEPA4_S2_S4_S6_S4_S6_P_640|         array|
|p_ZZN9gdn_mxfp818gdn_mxfp8_top_implEhthhPA128_K7ap_uintILi8EEPA4_S2_S4_S6_S4_S6_P_640_ce0       |  out|    1|   ap_memory|  p_ZZN9gdn_mxfp818gdn_mxfp8_top_implEhthhPA128_K7ap_uintILi8EEPA4_S2_S4_S6_S4_S6_P_640|         array|
|p_ZZN9gdn_mxfp818gdn_mxfp8_top_implEhthhPA128_K7ap_uintILi8EEPA4_S2_S4_S6_S4_S6_P_640_q0        |   in|    8|   ap_memory|  p_ZZN9gdn_mxfp818gdn_mxfp8_top_implEhthhPA128_K7ap_uintILi8EEPA4_S2_S4_S6_S4_S6_P_640|         array|
|p_ZZN9gdn_mxfp818gdn_mxfp8_top_implEhthhPA128_K7ap_uintILi8EEPA4_S2_S4_S6_S4_S6_P_641_address0  |  out|    5|   ap_memory|  p_ZZN9gdn_mxfp818gdn_mxfp8_top_implEhthhPA128_K7ap_uintILi8EEPA4_S2_S4_S6_S4_S6_P_641|         array|
|p_ZZN9gdn_mxfp818gdn_mxfp8_top_implEhthhPA128_K7ap_uintILi8EEPA4_S2_S4_S6_S4_S6_P_641_ce0       |  out|    1|   ap_memory|  p_ZZN9gdn_mxfp818gdn_mxfp8_top_implEhthhPA128_K7ap_uintILi8EEPA4_S2_S4_S6_S4_S6_P_641|         array|
|p_ZZN9gdn_mxfp818gdn_mxfp8_top_implEhthhPA128_K7ap_uintILi8EEPA4_S2_S4_S6_S4_S6_P_641_q0        |   in|    8|   ap_memory|  p_ZZN9gdn_mxfp818gdn_mxfp8_top_implEhthhPA128_K7ap_uintILi8EEPA4_S2_S4_S6_S4_S6_P_641|         array|
|p_ZZN9gdn_mxfp818gdn_mxfp8_top_implEhthhPA128_K7ap_uintILi8EEPA4_S2_S4_S6_S4_S6_P_642_address0  |  out|    5|   ap_memory|  p_ZZN9gdn_mxfp818gdn_mxfp8_top_implEhthhPA128_K7ap_uintILi8EEPA4_S2_S4_S6_S4_S6_P_642|         array|
|p_ZZN9gdn_mxfp818gdn_mxfp8_top_implEhthhPA128_K7ap_uintILi8EEPA4_S2_S4_S6_S4_S6_P_642_ce0       |  out|    1|   ap_memory|  p_ZZN9gdn_mxfp818gdn_mxfp8_top_implEhthhPA128_K7ap_uintILi8EEPA4_S2_S4_S6_S4_S6_P_642|         array|
|p_ZZN9gdn_mxfp818gdn_mxfp8_top_implEhthhPA128_K7ap_uintILi8EEPA4_S2_S4_S6_S4_S6_P_642_q0        |   in|    8|   ap_memory|  p_ZZN9gdn_mxfp818gdn_mxfp8_top_implEhthhPA128_K7ap_uintILi8EEPA4_S2_S4_S6_S4_S6_P_642|         array|
|p_ZZN9gdn_mxfp818gdn_mxfp8_top_implEhthhPA128_K7ap_uintILi8EEPA4_S2_S4_S6_S4_S6_P_643_address0  |  out|    5|   ap_memory|  p_ZZN9gdn_mxfp818gdn_mxfp8_top_implEhthhPA128_K7ap_uintILi8EEPA4_S2_S4_S6_S4_S6_P_643|         array|
|p_ZZN9gdn_mxfp818gdn_mxfp8_top_implEhthhPA128_K7ap_uintILi8EEPA4_S2_S4_S6_S4_S6_P_643_ce0       |  out|    1|   ap_memory|  p_ZZN9gdn_mxfp818gdn_mxfp8_top_implEhthhPA128_K7ap_uintILi8EEPA4_S2_S4_S6_S4_S6_P_643|         array|
|p_ZZN9gdn_mxfp818gdn_mxfp8_top_implEhthhPA128_K7ap_uintILi8EEPA4_S2_S4_S6_S4_S6_P_643_q0        |   in|    8|   ap_memory|  p_ZZN9gdn_mxfp818gdn_mxfp8_top_implEhthhPA128_K7ap_uintILi8EEPA4_S2_S4_S6_S4_S6_P_643|         array|
|p_ZZN9gdn_mxfp818gdn_mxfp8_top_implEhthhPA128_K7ap_uintILi8EEPA4_S2_S4_S6_S4_S6_P_644_address0  |  out|    5|   ap_memory|  p_ZZN9gdn_mxfp818gdn_mxfp8_top_implEhthhPA128_K7ap_uintILi8EEPA4_S2_S4_S6_S4_S6_P_644|         array|
|p_ZZN9gdn_mxfp818gdn_mxfp8_top_implEhthhPA128_K7ap_uintILi8EEPA4_S2_S4_S6_S4_S6_P_644_ce0       |  out|    1|   ap_memory|  p_ZZN9gdn_mxfp818gdn_mxfp8_top_implEhthhPA128_K7ap_uintILi8EEPA4_S2_S4_S6_S4_S6_P_644|         array|
|p_ZZN9gdn_mxfp818gdn_mxfp8_top_implEhthhPA128_K7ap_uintILi8EEPA4_S2_S4_S6_S4_S6_P_644_q0        |   in|    8|   ap_memory|  p_ZZN9gdn_mxfp818gdn_mxfp8_top_implEhthhPA128_K7ap_uintILi8EEPA4_S2_S4_S6_S4_S6_P_644|         array|
|p_ZZN9gdn_mxfp818gdn_mxfp8_top_implEhthhPA128_K7ap_uintILi8EEPA4_S2_S4_S6_S4_S6_P_645_address0  |  out|    5|   ap_memory|  p_ZZN9gdn_mxfp818gdn_mxfp8_top_implEhthhPA128_K7ap_uintILi8EEPA4_S2_S4_S6_S4_S6_P_645|         array|
|p_ZZN9gdn_mxfp818gdn_mxfp8_top_implEhthhPA128_K7ap_uintILi8EEPA4_S2_S4_S6_S4_S6_P_645_ce0       |  out|    1|   ap_memory|  p_ZZN9gdn_mxfp818gdn_mxfp8_top_implEhthhPA128_K7ap_uintILi8EEPA4_S2_S4_S6_S4_S6_P_645|         array|
|p_ZZN9gdn_mxfp818gdn_mxfp8_top_implEhthhPA128_K7ap_uintILi8EEPA4_S2_S4_S6_S4_S6_P_645_q0        |   in|    8|   ap_memory|  p_ZZN9gdn_mxfp818gdn_mxfp8_top_implEhthhPA128_K7ap_uintILi8EEPA4_S2_S4_S6_S4_S6_P_645|         array|
|p_ZZN9gdn_mxfp818gdn_mxfp8_top_implEhthhPA128_K7ap_uintILi8EEPA4_S2_S4_S6_S4_S6_P_646_address0  |  out|    5|   ap_memory|  p_ZZN9gdn_mxfp818gdn_mxfp8_top_implEhthhPA128_K7ap_uintILi8EEPA4_S2_S4_S6_S4_S6_P_646|         array|
|p_ZZN9gdn_mxfp818gdn_mxfp8_top_implEhthhPA128_K7ap_uintILi8EEPA4_S2_S4_S6_S4_S6_P_646_ce0       |  out|    1|   ap_memory|  p_ZZN9gdn_mxfp818gdn_mxfp8_top_implEhthhPA128_K7ap_uintILi8EEPA4_S2_S4_S6_S4_S6_P_646|         array|
|p_ZZN9gdn_mxfp818gdn_mxfp8_top_implEhthhPA128_K7ap_uintILi8EEPA4_S2_S4_S6_S4_S6_P_646_q0        |   in|    8|   ap_memory|  p_ZZN9gdn_mxfp818gdn_mxfp8_top_implEhthhPA128_K7ap_uintILi8EEPA4_S2_S4_S6_S4_S6_P_646|         array|
|p_ZZN9gdn_mxfp818gdn_mxfp8_top_implEhthhPA128_K7ap_uintILi8EEPA4_S2_S4_S6_S4_S6_P_647_address0  |  out|    5|   ap_memory|  p_ZZN9gdn_mxfp818gdn_mxfp8_top_implEhthhPA128_K7ap_uintILi8EEPA4_S2_S4_S6_S4_S6_P_647|         array|
|p_ZZN9gdn_mxfp818gdn_mxfp8_top_implEhthhPA128_K7ap_uintILi8EEPA4_S2_S4_S6_S4_S6_P_647_ce0       |  out|    1|   ap_memory|  p_ZZN9gdn_mxfp818gdn_mxfp8_top_implEhthhPA128_K7ap_uintILi8EEPA4_S2_S4_S6_S4_S6_P_647|         array|
|p_ZZN9gdn_mxfp818gdn_mxfp8_top_implEhthhPA128_K7ap_uintILi8EEPA4_S2_S4_S6_S4_S6_P_647_q0        |   in|    8|   ap_memory|  p_ZZN9gdn_mxfp818gdn_mxfp8_top_implEhthhPA128_K7ap_uintILi8EEPA4_S2_S4_S6_S4_S6_P_647|         array|
|p_ZZN9gdn_mxfp818gdn_mxfp8_top_implEhthhPA128_K7ap_uintILi8EEPA4_S2_S4_S6_S4_S6_P_648_address0  |  out|    5|   ap_memory|  p_ZZN9gdn_mxfp818gdn_mxfp8_top_implEhthhPA128_K7ap_uintILi8EEPA4_S2_S4_S6_S4_S6_P_648|         array|
|p_ZZN9gdn_mxfp818gdn_mxfp8_top_implEhthhPA128_K7ap_uintILi8EEPA4_S2_S4_S6_S4_S6_P_648_ce0       |  out|    1|   ap_memory|  p_ZZN9gdn_mxfp818gdn_mxfp8_top_implEhthhPA128_K7ap_uintILi8EEPA4_S2_S4_S6_S4_S6_P_648|         array|
|p_ZZN9gdn_mxfp818gdn_mxfp8_top_implEhthhPA128_K7ap_uintILi8EEPA4_S2_S4_S6_S4_S6_P_648_q0        |   in|    8|   ap_memory|  p_ZZN9gdn_mxfp818gdn_mxfp8_top_implEhthhPA128_K7ap_uintILi8EEPA4_S2_S4_S6_S4_S6_P_648|         array|
|p_ZZN9gdn_mxfp818gdn_mxfp8_top_implEhthhPA128_K7ap_uintILi8EEPA4_S2_S4_S6_S4_S6_P_649_address0  |  out|    5|   ap_memory|  p_ZZN9gdn_mxfp818gdn_mxfp8_top_implEhthhPA128_K7ap_uintILi8EEPA4_S2_S4_S6_S4_S6_P_649|         array|
|p_ZZN9gdn_mxfp818gdn_mxfp8_top_implEhthhPA128_K7ap_uintILi8EEPA4_S2_S4_S6_S4_S6_P_649_ce0       |  out|    1|   ap_memory|  p_ZZN9gdn_mxfp818gdn_mxfp8_top_implEhthhPA128_K7ap_uintILi8EEPA4_S2_S4_S6_S4_S6_P_649|         array|
|p_ZZN9gdn_mxfp818gdn_mxfp8_top_implEhthhPA128_K7ap_uintILi8EEPA4_S2_S4_S6_S4_S6_P_649_q0        |   in|    8|   ap_memory|  p_ZZN9gdn_mxfp818gdn_mxfp8_top_implEhthhPA128_K7ap_uintILi8EEPA4_S2_S4_S6_S4_S6_P_649|         array|
|p_ZZN9gdn_mxfp818gdn_mxfp8_top_implEhthhPA128_K7ap_uintILi8EEPA4_S2_S4_S6_S4_S6_P_650_address0  |  out|    5|   ap_memory|  p_ZZN9gdn_mxfp818gdn_mxfp8_top_implEhthhPA128_K7ap_uintILi8EEPA4_S2_S4_S6_S4_S6_P_650|         array|
|p_ZZN9gdn_mxfp818gdn_mxfp8_top_implEhthhPA128_K7ap_uintILi8EEPA4_S2_S4_S6_S4_S6_P_650_ce0       |  out|    1|   ap_memory|  p_ZZN9gdn_mxfp818gdn_mxfp8_top_implEhthhPA128_K7ap_uintILi8EEPA4_S2_S4_S6_S4_S6_P_650|         array|
|p_ZZN9gdn_mxfp818gdn_mxfp8_top_implEhthhPA128_K7ap_uintILi8EEPA4_S2_S4_S6_S4_S6_P_650_q0        |   in|    8|   ap_memory|  p_ZZN9gdn_mxfp818gdn_mxfp8_top_implEhthhPA128_K7ap_uintILi8EEPA4_S2_S4_S6_S4_S6_P_650|         array|
|p_ZZN9gdn_mxfp818gdn_mxfp8_top_implEhthhPA128_K7ap_uintILi8EEPA4_S2_S4_S6_S4_S6_P_651_address0  |  out|    5|   ap_memory|  p_ZZN9gdn_mxfp818gdn_mxfp8_top_implEhthhPA128_K7ap_uintILi8EEPA4_S2_S4_S6_S4_S6_P_651|         array|
|p_ZZN9gdn_mxfp818gdn_mxfp8_top_implEhthhPA128_K7ap_uintILi8EEPA4_S2_S4_S6_S4_S6_P_651_ce0       |  out|    1|   ap_memory|  p_ZZN9gdn_mxfp818gdn_mxfp8_top_implEhthhPA128_K7ap_uintILi8EEPA4_S2_S4_S6_S4_S6_P_651|         array|
|p_ZZN9gdn_mxfp818gdn_mxfp8_top_implEhthhPA128_K7ap_uintILi8EEPA4_S2_S4_S6_S4_S6_P_651_q0        |   in|    8|   ap_memory|  p_ZZN9gdn_mxfp818gdn_mxfp8_top_implEhthhPA128_K7ap_uintILi8EEPA4_S2_S4_S6_S4_S6_P_651|         array|
|p_ZZN9gdn_mxfp818gdn_mxfp8_top_implEhthhPA128_K7ap_uintILi8EEPA4_S2_S4_S6_S4_S6_P_652_address0  |  out|    5|   ap_memory|  p_ZZN9gdn_mxfp818gdn_mxfp8_top_implEhthhPA128_K7ap_uintILi8EEPA4_S2_S4_S6_S4_S6_P_652|         array|
|p_ZZN9gdn_mxfp818gdn_mxfp8_top_implEhthhPA128_K7ap_uintILi8EEPA4_S2_S4_S6_S4_S6_P_652_ce0       |  out|    1|   ap_memory|  p_ZZN9gdn_mxfp818gdn_mxfp8_top_implEhthhPA128_K7ap_uintILi8EEPA4_S2_S4_S6_S4_S6_P_652|         array|
|p_ZZN9gdn_mxfp818gdn_mxfp8_top_implEhthhPA128_K7ap_uintILi8EEPA4_S2_S4_S6_S4_S6_P_652_q0        |   in|    8|   ap_memory|  p_ZZN9gdn_mxfp818gdn_mxfp8_top_implEhthhPA128_K7ap_uintILi8EEPA4_S2_S4_S6_S4_S6_P_652|         array|
|p_ZZN9gdn_mxfp818gdn_mxfp8_top_implEhthhPA128_K7ap_uintILi8EEPA4_S2_S4_S6_S4_S6_P_852_address0  |  out|    5|   ap_memory|  p_ZZN9gdn_mxfp818gdn_mxfp8_top_implEhthhPA128_K7ap_uintILi8EEPA4_S2_S4_S6_S4_S6_P_852|         array|
|p_ZZN9gdn_mxfp818gdn_mxfp8_top_implEhthhPA128_K7ap_uintILi8EEPA4_S2_S4_S6_S4_S6_P_852_ce0       |  out|    1|   ap_memory|  p_ZZN9gdn_mxfp818gdn_mxfp8_top_implEhthhPA128_K7ap_uintILi8EEPA4_S2_S4_S6_S4_S6_P_852|         array|
|p_ZZN9gdn_mxfp818gdn_mxfp8_top_implEhthhPA128_K7ap_uintILi8EEPA4_S2_S4_S6_S4_S6_P_852_we0       |  out|    1|   ap_memory|  p_ZZN9gdn_mxfp818gdn_mxfp8_top_implEhthhPA128_K7ap_uintILi8EEPA4_S2_S4_S6_S4_S6_P_852|         array|
|p_ZZN9gdn_mxfp818gdn_mxfp8_top_implEhthhPA128_K7ap_uintILi8EEPA4_S2_S4_S6_S4_S6_P_852_d0        |  out|    6|   ap_memory|  p_ZZN9gdn_mxfp818gdn_mxfp8_top_implEhthhPA128_K7ap_uintILi8EEPA4_S2_S4_S6_S4_S6_P_852|         array|
|p_ZZN9gdn_mxfp818gdn_mxfp8_top_implEhthhPA128_K7ap_uintILi8EEPA4_S2_S4_S6_S4_S6_P_732_address0  |  out|    5|   ap_memory|  p_ZZN9gdn_mxfp818gdn_mxfp8_top_implEhthhPA128_K7ap_uintILi8EEPA4_S2_S4_S6_S4_S6_P_732|         array|
|p_ZZN9gdn_mxfp818gdn_mxfp8_top_implEhthhPA128_K7ap_uintILi8EEPA4_S2_S4_S6_S4_S6_P_732_ce0       |  out|    1|   ap_memory|  p_ZZN9gdn_mxfp818gdn_mxfp8_top_implEhthhPA128_K7ap_uintILi8EEPA4_S2_S4_S6_S4_S6_P_732|         array|
|p_ZZN9gdn_mxfp818gdn_mxfp8_top_implEhthhPA128_K7ap_uintILi8EEPA4_S2_S4_S6_S4_S6_P_732_we0       |  out|    1|   ap_memory|  p_ZZN9gdn_mxfp818gdn_mxfp8_top_implEhthhPA128_K7ap_uintILi8EEPA4_S2_S4_S6_S4_S6_P_732|         array|
|p_ZZN9gdn_mxfp818gdn_mxfp8_top_implEhthhPA128_K7ap_uintILi8EEPA4_S2_S4_S6_S4_S6_P_732_d0        |  out|    9|   ap_memory|  p_ZZN9gdn_mxfp818gdn_mxfp8_top_implEhthhPA128_K7ap_uintILi8EEPA4_S2_S4_S6_S4_S6_P_732|         array|
|p_ZZN9gdn_mxfp818gdn_mxfp8_top_implEhthhPA128_K7ap_uintILi8EEPA4_S2_S4_S6_S4_S6_P_853_address0  |  out|    5|   ap_memory|  p_ZZN9gdn_mxfp818gdn_mxfp8_top_implEhthhPA128_K7ap_uintILi8EEPA4_S2_S4_S6_S4_S6_P_853|         array|
|p_ZZN9gdn_mxfp818gdn_mxfp8_top_implEhthhPA128_K7ap_uintILi8EEPA4_S2_S4_S6_S4_S6_P_853_ce0       |  out|    1|   ap_memory|  p_ZZN9gdn_mxfp818gdn_mxfp8_top_implEhthhPA128_K7ap_uintILi8EEPA4_S2_S4_S6_S4_S6_P_853|         array|
|p_ZZN9gdn_mxfp818gdn_mxfp8_top_implEhthhPA128_K7ap_uintILi8EEPA4_S2_S4_S6_S4_S6_P_853_we0       |  out|    1|   ap_memory|  p_ZZN9gdn_mxfp818gdn_mxfp8_top_implEhthhPA128_K7ap_uintILi8EEPA4_S2_S4_S6_S4_S6_P_853|         array|
|p_ZZN9gdn_mxfp818gdn_mxfp8_top_implEhthhPA128_K7ap_uintILi8EEPA4_S2_S4_S6_S4_S6_P_853_d0        |  out|    6|   ap_memory|  p_ZZN9gdn_mxfp818gdn_mxfp8_top_implEhthhPA128_K7ap_uintILi8EEPA4_S2_S4_S6_S4_S6_P_853|         array|
|p_ZZN9gdn_mxfp818gdn_mxfp8_top_implEhthhPA128_K7ap_uintILi8EEPA4_S2_S4_S6_S4_S6_P_733_address0  |  out|    5|   ap_memory|  p_ZZN9gdn_mxfp818gdn_mxfp8_top_implEhthhPA128_K7ap_uintILi8EEPA4_S2_S4_S6_S4_S6_P_733|         array|
|p_ZZN9gdn_mxfp818gdn_mxfp8_top_implEhthhPA128_K7ap_uintILi8EEPA4_S2_S4_S6_S4_S6_P_733_ce0       |  out|    1|   ap_memory|  p_ZZN9gdn_mxfp818gdn_mxfp8_top_implEhthhPA128_K7ap_uintILi8EEPA4_S2_S4_S6_S4_S6_P_733|         array|
|p_ZZN9gdn_mxfp818gdn_mxfp8_top_implEhthhPA128_K7ap_uintILi8EEPA4_S2_S4_S6_S4_S6_P_733_we0       |  out|    1|   ap_memory|  p_ZZN9gdn_mxfp818gdn_mxfp8_top_implEhthhPA128_K7ap_uintILi8EEPA4_S2_S4_S6_S4_S6_P_733|         array|
|p_ZZN9gdn_mxfp818gdn_mxfp8_top_implEhthhPA128_K7ap_uintILi8EEPA4_S2_S4_S6_S4_S6_P_733_d0        |  out|    9|   ap_memory|  p_ZZN9gdn_mxfp818gdn_mxfp8_top_implEhthhPA128_K7ap_uintILi8EEPA4_S2_S4_S6_S4_S6_P_733|         array|
|p_ZZN9gdn_mxfp818gdn_mxfp8_top_implEhthhPA128_K7ap_uintILi8EEPA4_S2_S4_S6_S4_S6_P_854_address0  |  out|    5|   ap_memory|  p_ZZN9gdn_mxfp818gdn_mxfp8_top_implEhthhPA128_K7ap_uintILi8EEPA4_S2_S4_S6_S4_S6_P_854|         array|
|p_ZZN9gdn_mxfp818gdn_mxfp8_top_implEhthhPA128_K7ap_uintILi8EEPA4_S2_S4_S6_S4_S6_P_854_ce0       |  out|    1|   ap_memory|  p_ZZN9gdn_mxfp818gdn_mxfp8_top_implEhthhPA128_K7ap_uintILi8EEPA4_S2_S4_S6_S4_S6_P_854|         array|
|p_ZZN9gdn_mxfp818gdn_mxfp8_top_implEhthhPA128_K7ap_uintILi8EEPA4_S2_S4_S6_S4_S6_P_854_we0       |  out|    1|   ap_memory|  p_ZZN9gdn_mxfp818gdn_mxfp8_top_implEhthhPA128_K7ap_uintILi8EEPA4_S2_S4_S6_S4_S6_P_854|         array|
|p_ZZN9gdn_mxfp818gdn_mxfp8_top_implEhthhPA128_K7ap_uintILi8EEPA4_S2_S4_S6_S4_S6_P_854_d0        |  out|    6|   ap_memory|  p_ZZN9gdn_mxfp818gdn_mxfp8_top_implEhthhPA128_K7ap_uintILi8EEPA4_S2_S4_S6_S4_S6_P_854|         array|
|p_ZZN9gdn_mxfp818gdn_mxfp8_top_implEhthhPA128_K7ap_uintILi8EEPA4_S2_S4_S6_S4_S6_P_734_address0  |  out|    5|   ap_memory|  p_ZZN9gdn_mxfp818gdn_mxfp8_top_implEhthhPA128_K7ap_uintILi8EEPA4_S2_S4_S6_S4_S6_P_734|         array|
|p_ZZN9gdn_mxfp818gdn_mxfp8_top_implEhthhPA128_K7ap_uintILi8EEPA4_S2_S4_S6_S4_S6_P_734_ce0       |  out|    1|   ap_memory|  p_ZZN9gdn_mxfp818gdn_mxfp8_top_implEhthhPA128_K7ap_uintILi8EEPA4_S2_S4_S6_S4_S6_P_734|         array|
|p_ZZN9gdn_mxfp818gdn_mxfp8_top_implEhthhPA128_K7ap_uintILi8EEPA4_S2_S4_S6_S4_S6_P_734_we0       |  out|    1|   ap_memory|  p_ZZN9gdn_mxfp818gdn_mxfp8_top_implEhthhPA128_K7ap_uintILi8EEPA4_S2_S4_S6_S4_S6_P_734|         array|
|p_ZZN9gdn_mxfp818gdn_mxfp8_top_implEhthhPA128_K7ap_uintILi8EEPA4_S2_S4_S6_S4_S6_P_734_d0        |  out|    9|   ap_memory|  p_ZZN9gdn_mxfp818gdn_mxfp8_top_implEhthhPA128_K7ap_uintILi8EEPA4_S2_S4_S6_S4_S6_P_734|         array|
|p_ZZN9gdn_mxfp818gdn_mxfp8_top_implEhthhPA128_K7ap_uintILi8EEPA4_S2_S4_S6_S4_S6_P_855_address0  |  out|    5|   ap_memory|  p_ZZN9gdn_mxfp818gdn_mxfp8_top_implEhthhPA128_K7ap_uintILi8EEPA4_S2_S4_S6_S4_S6_P_855|         array|
|p_ZZN9gdn_mxfp818gdn_mxfp8_top_implEhthhPA128_K7ap_uintILi8EEPA4_S2_S4_S6_S4_S6_P_855_ce0       |  out|    1|   ap_memory|  p_ZZN9gdn_mxfp818gdn_mxfp8_top_implEhthhPA128_K7ap_uintILi8EEPA4_S2_S4_S6_S4_S6_P_855|         array|
|p_ZZN9gdn_mxfp818gdn_mxfp8_top_implEhthhPA128_K7ap_uintILi8EEPA4_S2_S4_S6_S4_S6_P_855_we0       |  out|    1|   ap_memory|  p_ZZN9gdn_mxfp818gdn_mxfp8_top_implEhthhPA128_K7ap_uintILi8EEPA4_S2_S4_S6_S4_S6_P_855|         array|
|p_ZZN9gdn_mxfp818gdn_mxfp8_top_implEhthhPA128_K7ap_uintILi8EEPA4_S2_S4_S6_S4_S6_P_855_d0        |  out|    6|   ap_memory|  p_ZZN9gdn_mxfp818gdn_mxfp8_top_implEhthhPA128_K7ap_uintILi8EEPA4_S2_S4_S6_S4_S6_P_855|         array|
|p_ZZN9gdn_mxfp818gdn_mxfp8_top_implEhthhPA128_K7ap_uintILi8EEPA4_S2_S4_S6_S4_S6_P_735_address0  |  out|    5|   ap_memory|  p_ZZN9gdn_mxfp818gdn_mxfp8_top_implEhthhPA128_K7ap_uintILi8EEPA4_S2_S4_S6_S4_S6_P_735|         array|
|p_ZZN9gdn_mxfp818gdn_mxfp8_top_implEhthhPA128_K7ap_uintILi8EEPA4_S2_S4_S6_S4_S6_P_735_ce0       |  out|    1|   ap_memory|  p_ZZN9gdn_mxfp818gdn_mxfp8_top_implEhthhPA128_K7ap_uintILi8EEPA4_S2_S4_S6_S4_S6_P_735|         array|
|p_ZZN9gdn_mxfp818gdn_mxfp8_top_implEhthhPA128_K7ap_uintILi8EEPA4_S2_S4_S6_S4_S6_P_735_we0       |  out|    1|   ap_memory|  p_ZZN9gdn_mxfp818gdn_mxfp8_top_implEhthhPA128_K7ap_uintILi8EEPA4_S2_S4_S6_S4_S6_P_735|         array|
|p_ZZN9gdn_mxfp818gdn_mxfp8_top_implEhthhPA128_K7ap_uintILi8EEPA4_S2_S4_S6_S4_S6_P_735_d0        |  out|    9|   ap_memory|  p_ZZN9gdn_mxfp818gdn_mxfp8_top_implEhthhPA128_K7ap_uintILi8EEPA4_S2_S4_S6_S4_S6_P_735|         array|
|p_ZZN9gdn_mxfp818gdn_mxfp8_top_implEhthhPA128_K7ap_uintILi8EEPA4_S2_S4_S6_S4_S6_P_856_address0  |  out|    5|   ap_memory|  p_ZZN9gdn_mxfp818gdn_mxfp8_top_implEhthhPA128_K7ap_uintILi8EEPA4_S2_S4_S6_S4_S6_P_856|         array|
|p_ZZN9gdn_mxfp818gdn_mxfp8_top_implEhthhPA128_K7ap_uintILi8EEPA4_S2_S4_S6_S4_S6_P_856_ce0       |  out|    1|   ap_memory|  p_ZZN9gdn_mxfp818gdn_mxfp8_top_implEhthhPA128_K7ap_uintILi8EEPA4_S2_S4_S6_S4_S6_P_856|         array|
|p_ZZN9gdn_mxfp818gdn_mxfp8_top_implEhthhPA128_K7ap_uintILi8EEPA4_S2_S4_S6_S4_S6_P_856_we0       |  out|    1|   ap_memory|  p_ZZN9gdn_mxfp818gdn_mxfp8_top_implEhthhPA128_K7ap_uintILi8EEPA4_S2_S4_S6_S4_S6_P_856|         array|
|p_ZZN9gdn_mxfp818gdn_mxfp8_top_implEhthhPA128_K7ap_uintILi8EEPA4_S2_S4_S6_S4_S6_P_856_d0        |  out|    6|   ap_memory|  p_ZZN9gdn_mxfp818gdn_mxfp8_top_implEhthhPA128_K7ap_uintILi8EEPA4_S2_S4_S6_S4_S6_P_856|         array|
|p_ZZN9gdn_mxfp818gdn_mxfp8_top_implEhthhPA128_K7ap_uintILi8EEPA4_S2_S4_S6_S4_S6_P_736_address0  |  out|    5|   ap_memory|  p_ZZN9gdn_mxfp818gdn_mxfp8_top_implEhthhPA128_K7ap_uintILi8EEPA4_S2_S4_S6_S4_S6_P_736|         array|
|p_ZZN9gdn_mxfp818gdn_mxfp8_top_implEhthhPA128_K7ap_uintILi8EEPA4_S2_S4_S6_S4_S6_P_736_ce0       |  out|    1|   ap_memory|  p_ZZN9gdn_mxfp818gdn_mxfp8_top_implEhthhPA128_K7ap_uintILi8EEPA4_S2_S4_S6_S4_S6_P_736|         array|
|p_ZZN9gdn_mxfp818gdn_mxfp8_top_implEhthhPA128_K7ap_uintILi8EEPA4_S2_S4_S6_S4_S6_P_736_we0       |  out|    1|   ap_memory|  p_ZZN9gdn_mxfp818gdn_mxfp8_top_implEhthhPA128_K7ap_uintILi8EEPA4_S2_S4_S6_S4_S6_P_736|         array|
|p_ZZN9gdn_mxfp818gdn_mxfp8_top_implEhthhPA128_K7ap_uintILi8EEPA4_S2_S4_S6_S4_S6_P_736_d0        |  out|    9|   ap_memory|  p_ZZN9gdn_mxfp818gdn_mxfp8_top_implEhthhPA128_K7ap_uintILi8EEPA4_S2_S4_S6_S4_S6_P_736|         array|
|p_ZZN9gdn_mxfp818gdn_mxfp8_top_implEhthhPA128_K7ap_uintILi8EEPA4_S2_S4_S6_S4_S6_P_857_address0  |  out|    5|   ap_memory|  p_ZZN9gdn_mxfp818gdn_mxfp8_top_implEhthhPA128_K7ap_uintILi8EEPA4_S2_S4_S6_S4_S6_P_857|         array|
|p_ZZN9gdn_mxfp818gdn_mxfp8_top_implEhthhPA128_K7ap_uintILi8EEPA4_S2_S4_S6_S4_S6_P_857_ce0       |  out|    1|   ap_memory|  p_ZZN9gdn_mxfp818gdn_mxfp8_top_implEhthhPA128_K7ap_uintILi8EEPA4_S2_S4_S6_S4_S6_P_857|         array|
|p_ZZN9gdn_mxfp818gdn_mxfp8_top_implEhthhPA128_K7ap_uintILi8EEPA4_S2_S4_S6_S4_S6_P_857_we0       |  out|    1|   ap_memory|  p_ZZN9gdn_mxfp818gdn_mxfp8_top_implEhthhPA128_K7ap_uintILi8EEPA4_S2_S4_S6_S4_S6_P_857|         array|
|p_ZZN9gdn_mxfp818gdn_mxfp8_top_implEhthhPA128_K7ap_uintILi8EEPA4_S2_S4_S6_S4_S6_P_857_d0        |  out|    6|   ap_memory|  p_ZZN9gdn_mxfp818gdn_mxfp8_top_implEhthhPA128_K7ap_uintILi8EEPA4_S2_S4_S6_S4_S6_P_857|         array|
|p_ZZN9gdn_mxfp818gdn_mxfp8_top_implEhthhPA128_K7ap_uintILi8EEPA4_S2_S4_S6_S4_S6_P_737_address0  |  out|    5|   ap_memory|  p_ZZN9gdn_mxfp818gdn_mxfp8_top_implEhthhPA128_K7ap_uintILi8EEPA4_S2_S4_S6_S4_S6_P_737|         array|
|p_ZZN9gdn_mxfp818gdn_mxfp8_top_implEhthhPA128_K7ap_uintILi8EEPA4_S2_S4_S6_S4_S6_P_737_ce0       |  out|    1|   ap_memory|  p_ZZN9gdn_mxfp818gdn_mxfp8_top_implEhthhPA128_K7ap_uintILi8EEPA4_S2_S4_S6_S4_S6_P_737|         array|
|p_ZZN9gdn_mxfp818gdn_mxfp8_top_implEhthhPA128_K7ap_uintILi8EEPA4_S2_S4_S6_S4_S6_P_737_we0       |  out|    1|   ap_memory|  p_ZZN9gdn_mxfp818gdn_mxfp8_top_implEhthhPA128_K7ap_uintILi8EEPA4_S2_S4_S6_S4_S6_P_737|         array|
|p_ZZN9gdn_mxfp818gdn_mxfp8_top_implEhthhPA128_K7ap_uintILi8EEPA4_S2_S4_S6_S4_S6_P_737_d0        |  out|    9|   ap_memory|  p_ZZN9gdn_mxfp818gdn_mxfp8_top_implEhthhPA128_K7ap_uintILi8EEPA4_S2_S4_S6_S4_S6_P_737|         array|
|p_ZZN9gdn_mxfp818gdn_mxfp8_top_implEhthhPA128_K7ap_uintILi8EEPA4_S2_S4_S6_S4_S6_P_858_address0  |  out|    5|   ap_memory|  p_ZZN9gdn_mxfp818gdn_mxfp8_top_implEhthhPA128_K7ap_uintILi8EEPA4_S2_S4_S6_S4_S6_P_858|         array|
|p_ZZN9gdn_mxfp818gdn_mxfp8_top_implEhthhPA128_K7ap_uintILi8EEPA4_S2_S4_S6_S4_S6_P_858_ce0       |  out|    1|   ap_memory|  p_ZZN9gdn_mxfp818gdn_mxfp8_top_implEhthhPA128_K7ap_uintILi8EEPA4_S2_S4_S6_S4_S6_P_858|         array|
|p_ZZN9gdn_mxfp818gdn_mxfp8_top_implEhthhPA128_K7ap_uintILi8EEPA4_S2_S4_S6_S4_S6_P_858_we0       |  out|    1|   ap_memory|  p_ZZN9gdn_mxfp818gdn_mxfp8_top_implEhthhPA128_K7ap_uintILi8EEPA4_S2_S4_S6_S4_S6_P_858|         array|
|p_ZZN9gdn_mxfp818gdn_mxfp8_top_implEhthhPA128_K7ap_uintILi8EEPA4_S2_S4_S6_S4_S6_P_858_d0        |  out|    6|   ap_memory|  p_ZZN9gdn_mxfp818gdn_mxfp8_top_implEhthhPA128_K7ap_uintILi8EEPA4_S2_S4_S6_S4_S6_P_858|         array|
|p_ZZN9gdn_mxfp818gdn_mxfp8_top_implEhthhPA128_K7ap_uintILi8EEPA4_S2_S4_S6_S4_S6_P_738_address0  |  out|    5|   ap_memory|  p_ZZN9gdn_mxfp818gdn_mxfp8_top_implEhthhPA128_K7ap_uintILi8EEPA4_S2_S4_S6_S4_S6_P_738|         array|
|p_ZZN9gdn_mxfp818gdn_mxfp8_top_implEhthhPA128_K7ap_uintILi8EEPA4_S2_S4_S6_S4_S6_P_738_ce0       |  out|    1|   ap_memory|  p_ZZN9gdn_mxfp818gdn_mxfp8_top_implEhthhPA128_K7ap_uintILi8EEPA4_S2_S4_S6_S4_S6_P_738|         array|
|p_ZZN9gdn_mxfp818gdn_mxfp8_top_implEhthhPA128_K7ap_uintILi8EEPA4_S2_S4_S6_S4_S6_P_738_we0       |  out|    1|   ap_memory|  p_ZZN9gdn_mxfp818gdn_mxfp8_top_implEhthhPA128_K7ap_uintILi8EEPA4_S2_S4_S6_S4_S6_P_738|         array|
|p_ZZN9gdn_mxfp818gdn_mxfp8_top_implEhthhPA128_K7ap_uintILi8EEPA4_S2_S4_S6_S4_S6_P_738_d0        |  out|    9|   ap_memory|  p_ZZN9gdn_mxfp818gdn_mxfp8_top_implEhthhPA128_K7ap_uintILi8EEPA4_S2_S4_S6_S4_S6_P_738|         array|
|p_ZZN9gdn_mxfp818gdn_mxfp8_top_implEhthhPA128_K7ap_uintILi8EEPA4_S2_S4_S6_S4_S6_P_899_address0  |  out|    5|   ap_memory|  p_ZZN9gdn_mxfp818gdn_mxfp8_top_implEhthhPA128_K7ap_uintILi8EEPA4_S2_S4_S6_S4_S6_P_899|         array|
|p_ZZN9gdn_mxfp818gdn_mxfp8_top_implEhthhPA128_K7ap_uintILi8EEPA4_S2_S4_S6_S4_S6_P_899_ce0       |  out|    1|   ap_memory|  p_ZZN9gdn_mxfp818gdn_mxfp8_top_implEhthhPA128_K7ap_uintILi8EEPA4_S2_S4_S6_S4_S6_P_899|         array|
|p_ZZN9gdn_mxfp818gdn_mxfp8_top_implEhthhPA128_K7ap_uintILi8EEPA4_S2_S4_S6_S4_S6_P_899_we0       |  out|    1|   ap_memory|  p_ZZN9gdn_mxfp818gdn_mxfp8_top_implEhthhPA128_K7ap_uintILi8EEPA4_S2_S4_S6_S4_S6_P_899|         array|
|p_ZZN9gdn_mxfp818gdn_mxfp8_top_implEhthhPA128_K7ap_uintILi8EEPA4_S2_S4_S6_S4_S6_P_899_d0        |  out|    6|   ap_memory|  p_ZZN9gdn_mxfp818gdn_mxfp8_top_implEhthhPA128_K7ap_uintILi8EEPA4_S2_S4_S6_S4_S6_P_899|         array|
|p_ZZN9gdn_mxfp818gdn_mxfp8_top_implEhthhPA128_K7ap_uintILi8EEPA4_S2_S4_S6_S4_S6_P_779_address0  |  out|    5|   ap_memory|  p_ZZN9gdn_mxfp818gdn_mxfp8_top_implEhthhPA128_K7ap_uintILi8EEPA4_S2_S4_S6_S4_S6_P_779|         array|
|p_ZZN9gdn_mxfp818gdn_mxfp8_top_implEhthhPA128_K7ap_uintILi8EEPA4_S2_S4_S6_S4_S6_P_779_ce0       |  out|    1|   ap_memory|  p_ZZN9gdn_mxfp818gdn_mxfp8_top_implEhthhPA128_K7ap_uintILi8EEPA4_S2_S4_S6_S4_S6_P_779|         array|
|p_ZZN9gdn_mxfp818gdn_mxfp8_top_implEhthhPA128_K7ap_uintILi8EEPA4_S2_S4_S6_S4_S6_P_779_we0       |  out|    1|   ap_memory|  p_ZZN9gdn_mxfp818gdn_mxfp8_top_implEhthhPA128_K7ap_uintILi8EEPA4_S2_S4_S6_S4_S6_P_779|         array|
|p_ZZN9gdn_mxfp818gdn_mxfp8_top_implEhthhPA128_K7ap_uintILi8EEPA4_S2_S4_S6_S4_S6_P_779_d0        |  out|    9|   ap_memory|  p_ZZN9gdn_mxfp818gdn_mxfp8_top_implEhthhPA128_K7ap_uintILi8EEPA4_S2_S4_S6_S4_S6_P_779|         array|
|p_ZZN9gdn_mxfp818gdn_mxfp8_top_implEhthhPA128_K7ap_uintILi8EEPA4_S2_S4_S6_S4_S6_P_900_address0  |  out|    5|   ap_memory|  p_ZZN9gdn_mxfp818gdn_mxfp8_top_implEhthhPA128_K7ap_uintILi8EEPA4_S2_S4_S6_S4_S6_P_900|         array|
|p_ZZN9gdn_mxfp818gdn_mxfp8_top_implEhthhPA128_K7ap_uintILi8EEPA4_S2_S4_S6_S4_S6_P_900_ce0       |  out|    1|   ap_memory|  p_ZZN9gdn_mxfp818gdn_mxfp8_top_implEhthhPA128_K7ap_uintILi8EEPA4_S2_S4_S6_S4_S6_P_900|         array|
|p_ZZN9gdn_mxfp818gdn_mxfp8_top_implEhthhPA128_K7ap_uintILi8EEPA4_S2_S4_S6_S4_S6_P_900_we0       |  out|    1|   ap_memory|  p_ZZN9gdn_mxfp818gdn_mxfp8_top_implEhthhPA128_K7ap_uintILi8EEPA4_S2_S4_S6_S4_S6_P_900|         array|
|p_ZZN9gdn_mxfp818gdn_mxfp8_top_implEhthhPA128_K7ap_uintILi8EEPA4_S2_S4_S6_S4_S6_P_900_d0        |  out|    6|   ap_memory|  p_ZZN9gdn_mxfp818gdn_mxfp8_top_implEhthhPA128_K7ap_uintILi8EEPA4_S2_S4_S6_S4_S6_P_900|         array|
|p_ZZN9gdn_mxfp818gdn_mxfp8_top_implEhthhPA128_K7ap_uintILi8EEPA4_S2_S4_S6_S4_S6_P_780_address0  |  out|    5|   ap_memory|  p_ZZN9gdn_mxfp818gdn_mxfp8_top_implEhthhPA128_K7ap_uintILi8EEPA4_S2_S4_S6_S4_S6_P_780|         array|
|p_ZZN9gdn_mxfp818gdn_mxfp8_top_implEhthhPA128_K7ap_uintILi8EEPA4_S2_S4_S6_S4_S6_P_780_ce0       |  out|    1|   ap_memory|  p_ZZN9gdn_mxfp818gdn_mxfp8_top_implEhthhPA128_K7ap_uintILi8EEPA4_S2_S4_S6_S4_S6_P_780|         array|
|p_ZZN9gdn_mxfp818gdn_mxfp8_top_implEhthhPA128_K7ap_uintILi8EEPA4_S2_S4_S6_S4_S6_P_780_we0       |  out|    1|   ap_memory|  p_ZZN9gdn_mxfp818gdn_mxfp8_top_implEhthhPA128_K7ap_uintILi8EEPA4_S2_S4_S6_S4_S6_P_780|         array|
|p_ZZN9gdn_mxfp818gdn_mxfp8_top_implEhthhPA128_K7ap_uintILi8EEPA4_S2_S4_S6_S4_S6_P_780_d0        |  out|    9|   ap_memory|  p_ZZN9gdn_mxfp818gdn_mxfp8_top_implEhthhPA128_K7ap_uintILi8EEPA4_S2_S4_S6_S4_S6_P_780|         array|
|p_ZZN9gdn_mxfp818gdn_mxfp8_top_implEhthhPA128_K7ap_uintILi8EEPA4_S2_S4_S6_S4_S6_P_901_address0  |  out|    5|   ap_memory|  p_ZZN9gdn_mxfp818gdn_mxfp8_top_implEhthhPA128_K7ap_uintILi8EEPA4_S2_S4_S6_S4_S6_P_901|         array|
|p_ZZN9gdn_mxfp818gdn_mxfp8_top_implEhthhPA128_K7ap_uintILi8EEPA4_S2_S4_S6_S4_S6_P_901_ce0       |  out|    1|   ap_memory|  p_ZZN9gdn_mxfp818gdn_mxfp8_top_implEhthhPA128_K7ap_uintILi8EEPA4_S2_S4_S6_S4_S6_P_901|         array|
|p_ZZN9gdn_mxfp818gdn_mxfp8_top_implEhthhPA128_K7ap_uintILi8EEPA4_S2_S4_S6_S4_S6_P_901_we0       |  out|    1|   ap_memory|  p_ZZN9gdn_mxfp818gdn_mxfp8_top_implEhthhPA128_K7ap_uintILi8EEPA4_S2_S4_S6_S4_S6_P_901|         array|
|p_ZZN9gdn_mxfp818gdn_mxfp8_top_implEhthhPA128_K7ap_uintILi8EEPA4_S2_S4_S6_S4_S6_P_901_d0        |  out|    6|   ap_memory|  p_ZZN9gdn_mxfp818gdn_mxfp8_top_implEhthhPA128_K7ap_uintILi8EEPA4_S2_S4_S6_S4_S6_P_901|         array|
|p_ZZN9gdn_mxfp818gdn_mxfp8_top_implEhthhPA128_K7ap_uintILi8EEPA4_S2_S4_S6_S4_S6_P_781_address0  |  out|    5|   ap_memory|  p_ZZN9gdn_mxfp818gdn_mxfp8_top_implEhthhPA128_K7ap_uintILi8EEPA4_S2_S4_S6_S4_S6_P_781|         array|
|p_ZZN9gdn_mxfp818gdn_mxfp8_top_implEhthhPA128_K7ap_uintILi8EEPA4_S2_S4_S6_S4_S6_P_781_ce0       |  out|    1|   ap_memory|  p_ZZN9gdn_mxfp818gdn_mxfp8_top_implEhthhPA128_K7ap_uintILi8EEPA4_S2_S4_S6_S4_S6_P_781|         array|
|p_ZZN9gdn_mxfp818gdn_mxfp8_top_implEhthhPA128_K7ap_uintILi8EEPA4_S2_S4_S6_S4_S6_P_781_we0       |  out|    1|   ap_memory|  p_ZZN9gdn_mxfp818gdn_mxfp8_top_implEhthhPA128_K7ap_uintILi8EEPA4_S2_S4_S6_S4_S6_P_781|         array|
|p_ZZN9gdn_mxfp818gdn_mxfp8_top_implEhthhPA128_K7ap_uintILi8EEPA4_S2_S4_S6_S4_S6_P_781_d0        |  out|    9|   ap_memory|  p_ZZN9gdn_mxfp818gdn_mxfp8_top_implEhthhPA128_K7ap_uintILi8EEPA4_S2_S4_S6_S4_S6_P_781|         array|
|p_ZZN9gdn_mxfp818gdn_mxfp8_top_implEhthhPA128_K7ap_uintILi8EEPA4_S2_S4_S6_S4_S6_P_902_address0  |  out|    5|   ap_memory|  p_ZZN9gdn_mxfp818gdn_mxfp8_top_implEhthhPA128_K7ap_uintILi8EEPA4_S2_S4_S6_S4_S6_P_902|         array|
|p_ZZN9gdn_mxfp818gdn_mxfp8_top_implEhthhPA128_K7ap_uintILi8EEPA4_S2_S4_S6_S4_S6_P_902_ce0       |  out|    1|   ap_memory|  p_ZZN9gdn_mxfp818gdn_mxfp8_top_implEhthhPA128_K7ap_uintILi8EEPA4_S2_S4_S6_S4_S6_P_902|         array|
|p_ZZN9gdn_mxfp818gdn_mxfp8_top_implEhthhPA128_K7ap_uintILi8EEPA4_S2_S4_S6_S4_S6_P_902_we0       |  out|    1|   ap_memory|  p_ZZN9gdn_mxfp818gdn_mxfp8_top_implEhthhPA128_K7ap_uintILi8EEPA4_S2_S4_S6_S4_S6_P_902|         array|
|p_ZZN9gdn_mxfp818gdn_mxfp8_top_implEhthhPA128_K7ap_uintILi8EEPA4_S2_S4_S6_S4_S6_P_902_d0        |  out|    6|   ap_memory|  p_ZZN9gdn_mxfp818gdn_mxfp8_top_implEhthhPA128_K7ap_uintILi8EEPA4_S2_S4_S6_S4_S6_P_902|         array|
|p_ZZN9gdn_mxfp818gdn_mxfp8_top_implEhthhPA128_K7ap_uintILi8EEPA4_S2_S4_S6_S4_S6_P_782_address0  |  out|    5|   ap_memory|  p_ZZN9gdn_mxfp818gdn_mxfp8_top_implEhthhPA128_K7ap_uintILi8EEPA4_S2_S4_S6_S4_S6_P_782|         array|
|p_ZZN9gdn_mxfp818gdn_mxfp8_top_implEhthhPA128_K7ap_uintILi8EEPA4_S2_S4_S6_S4_S6_P_782_ce0       |  out|    1|   ap_memory|  p_ZZN9gdn_mxfp818gdn_mxfp8_top_implEhthhPA128_K7ap_uintILi8EEPA4_S2_S4_S6_S4_S6_P_782|         array|
|p_ZZN9gdn_mxfp818gdn_mxfp8_top_implEhthhPA128_K7ap_uintILi8EEPA4_S2_S4_S6_S4_S6_P_782_we0       |  out|    1|   ap_memory|  p_ZZN9gdn_mxfp818gdn_mxfp8_top_implEhthhPA128_K7ap_uintILi8EEPA4_S2_S4_S6_S4_S6_P_782|         array|
|p_ZZN9gdn_mxfp818gdn_mxfp8_top_implEhthhPA128_K7ap_uintILi8EEPA4_S2_S4_S6_S4_S6_P_782_d0        |  out|    9|   ap_memory|  p_ZZN9gdn_mxfp818gdn_mxfp8_top_implEhthhPA128_K7ap_uintILi8EEPA4_S2_S4_S6_S4_S6_P_782|         array|
|p_ZZN9gdn_mxfp818gdn_mxfp8_top_implEhthhPA128_K7ap_uintILi8EEPA4_S2_S4_S6_S4_S6_P_903_address0  |  out|    5|   ap_memory|  p_ZZN9gdn_mxfp818gdn_mxfp8_top_implEhthhPA128_K7ap_uintILi8EEPA4_S2_S4_S6_S4_S6_P_903|         array|
|p_ZZN9gdn_mxfp818gdn_mxfp8_top_implEhthhPA128_K7ap_uintILi8EEPA4_S2_S4_S6_S4_S6_P_903_ce0       |  out|    1|   ap_memory|  p_ZZN9gdn_mxfp818gdn_mxfp8_top_implEhthhPA128_K7ap_uintILi8EEPA4_S2_S4_S6_S4_S6_P_903|         array|
|p_ZZN9gdn_mxfp818gdn_mxfp8_top_implEhthhPA128_K7ap_uintILi8EEPA4_S2_S4_S6_S4_S6_P_903_we0       |  out|    1|   ap_memory|  p_ZZN9gdn_mxfp818gdn_mxfp8_top_implEhthhPA128_K7ap_uintILi8EEPA4_S2_S4_S6_S4_S6_P_903|         array|
|p_ZZN9gdn_mxfp818gdn_mxfp8_top_implEhthhPA128_K7ap_uintILi8EEPA4_S2_S4_S6_S4_S6_P_903_d0        |  out|    6|   ap_memory|  p_ZZN9gdn_mxfp818gdn_mxfp8_top_implEhthhPA128_K7ap_uintILi8EEPA4_S2_S4_S6_S4_S6_P_903|         array|
|p_ZZN9gdn_mxfp818gdn_mxfp8_top_implEhthhPA128_K7ap_uintILi8EEPA4_S2_S4_S6_S4_S6_P_783_address0  |  out|    5|   ap_memory|  p_ZZN9gdn_mxfp818gdn_mxfp8_top_implEhthhPA128_K7ap_uintILi8EEPA4_S2_S4_S6_S4_S6_P_783|         array|
|p_ZZN9gdn_mxfp818gdn_mxfp8_top_implEhthhPA128_K7ap_uintILi8EEPA4_S2_S4_S6_S4_S6_P_783_ce0       |  out|    1|   ap_memory|  p_ZZN9gdn_mxfp818gdn_mxfp8_top_implEhthhPA128_K7ap_uintILi8EEPA4_S2_S4_S6_S4_S6_P_783|         array|
|p_ZZN9gdn_mxfp818gdn_mxfp8_top_implEhthhPA128_K7ap_uintILi8EEPA4_S2_S4_S6_S4_S6_P_783_we0       |  out|    1|   ap_memory|  p_ZZN9gdn_mxfp818gdn_mxfp8_top_implEhthhPA128_K7ap_uintILi8EEPA4_S2_S4_S6_S4_S6_P_783|         array|
|p_ZZN9gdn_mxfp818gdn_mxfp8_top_implEhthhPA128_K7ap_uintILi8EEPA4_S2_S4_S6_S4_S6_P_783_d0        |  out|    9|   ap_memory|  p_ZZN9gdn_mxfp818gdn_mxfp8_top_implEhthhPA128_K7ap_uintILi8EEPA4_S2_S4_S6_S4_S6_P_783|         array|
|p_ZZN9gdn_mxfp818gdn_mxfp8_top_implEhthhPA128_K7ap_uintILi8EEPA4_S2_S4_S6_S4_S6_P_904_address0  |  out|    5|   ap_memory|  p_ZZN9gdn_mxfp818gdn_mxfp8_top_implEhthhPA128_K7ap_uintILi8EEPA4_S2_S4_S6_S4_S6_P_904|         array|
|p_ZZN9gdn_mxfp818gdn_mxfp8_top_implEhthhPA128_K7ap_uintILi8EEPA4_S2_S4_S6_S4_S6_P_904_ce0       |  out|    1|   ap_memory|  p_ZZN9gdn_mxfp818gdn_mxfp8_top_implEhthhPA128_K7ap_uintILi8EEPA4_S2_S4_S6_S4_S6_P_904|         array|
|p_ZZN9gdn_mxfp818gdn_mxfp8_top_implEhthhPA128_K7ap_uintILi8EEPA4_S2_S4_S6_S4_S6_P_904_we0       |  out|    1|   ap_memory|  p_ZZN9gdn_mxfp818gdn_mxfp8_top_implEhthhPA128_K7ap_uintILi8EEPA4_S2_S4_S6_S4_S6_P_904|         array|
|p_ZZN9gdn_mxfp818gdn_mxfp8_top_implEhthhPA128_K7ap_uintILi8EEPA4_S2_S4_S6_S4_S6_P_904_d0        |  out|    6|   ap_memory|  p_ZZN9gdn_mxfp818gdn_mxfp8_top_implEhthhPA128_K7ap_uintILi8EEPA4_S2_S4_S6_S4_S6_P_904|         array|
|p_ZZN9gdn_mxfp818gdn_mxfp8_top_implEhthhPA128_K7ap_uintILi8EEPA4_S2_S4_S6_S4_S6_P_784_address0  |  out|    5|   ap_memory|  p_ZZN9gdn_mxfp818gdn_mxfp8_top_implEhthhPA128_K7ap_uintILi8EEPA4_S2_S4_S6_S4_S6_P_784|         array|
|p_ZZN9gdn_mxfp818gdn_mxfp8_top_implEhthhPA128_K7ap_uintILi8EEPA4_S2_S4_S6_S4_S6_P_784_ce0       |  out|    1|   ap_memory|  p_ZZN9gdn_mxfp818gdn_mxfp8_top_implEhthhPA128_K7ap_uintILi8EEPA4_S2_S4_S6_S4_S6_P_784|         array|
|p_ZZN9gdn_mxfp818gdn_mxfp8_top_implEhthhPA128_K7ap_uintILi8EEPA4_S2_S4_S6_S4_S6_P_784_we0       |  out|    1|   ap_memory|  p_ZZN9gdn_mxfp818gdn_mxfp8_top_implEhthhPA128_K7ap_uintILi8EEPA4_S2_S4_S6_S4_S6_P_784|         array|
|p_ZZN9gdn_mxfp818gdn_mxfp8_top_implEhthhPA128_K7ap_uintILi8EEPA4_S2_S4_S6_S4_S6_P_784_d0        |  out|    9|   ap_memory|  p_ZZN9gdn_mxfp818gdn_mxfp8_top_implEhthhPA128_K7ap_uintILi8EEPA4_S2_S4_S6_S4_S6_P_784|         array|
|p_ZZN9gdn_mxfp818gdn_mxfp8_top_implEhthhPA128_K7ap_uintILi8EEPA4_S2_S4_S6_S4_S6_P_905_address0  |  out|    5|   ap_memory|  p_ZZN9gdn_mxfp818gdn_mxfp8_top_implEhthhPA128_K7ap_uintILi8EEPA4_S2_S4_S6_S4_S6_P_905|         array|
|p_ZZN9gdn_mxfp818gdn_mxfp8_top_implEhthhPA128_K7ap_uintILi8EEPA4_S2_S4_S6_S4_S6_P_905_ce0       |  out|    1|   ap_memory|  p_ZZN9gdn_mxfp818gdn_mxfp8_top_implEhthhPA128_K7ap_uintILi8EEPA4_S2_S4_S6_S4_S6_P_905|         array|
|p_ZZN9gdn_mxfp818gdn_mxfp8_top_implEhthhPA128_K7ap_uintILi8EEPA4_S2_S4_S6_S4_S6_P_905_we0       |  out|    1|   ap_memory|  p_ZZN9gdn_mxfp818gdn_mxfp8_top_implEhthhPA128_K7ap_uintILi8EEPA4_S2_S4_S6_S4_S6_P_905|         array|
|p_ZZN9gdn_mxfp818gdn_mxfp8_top_implEhthhPA128_K7ap_uintILi8EEPA4_S2_S4_S6_S4_S6_P_905_d0        |  out|    6|   ap_memory|  p_ZZN9gdn_mxfp818gdn_mxfp8_top_implEhthhPA128_K7ap_uintILi8EEPA4_S2_S4_S6_S4_S6_P_905|         array|
|p_ZZN9gdn_mxfp818gdn_mxfp8_top_implEhthhPA128_K7ap_uintILi8EEPA4_S2_S4_S6_S4_S6_P_785_address0  |  out|    5|   ap_memory|  p_ZZN9gdn_mxfp818gdn_mxfp8_top_implEhthhPA128_K7ap_uintILi8EEPA4_S2_S4_S6_S4_S6_P_785|         array|
|p_ZZN9gdn_mxfp818gdn_mxfp8_top_implEhthhPA128_K7ap_uintILi8EEPA4_S2_S4_S6_S4_S6_P_785_ce0       |  out|    1|   ap_memory|  p_ZZN9gdn_mxfp818gdn_mxfp8_top_implEhthhPA128_K7ap_uintILi8EEPA4_S2_S4_S6_S4_S6_P_785|         array|
|p_ZZN9gdn_mxfp818gdn_mxfp8_top_implEhthhPA128_K7ap_uintILi8EEPA4_S2_S4_S6_S4_S6_P_785_we0       |  out|    1|   ap_memory|  p_ZZN9gdn_mxfp818gdn_mxfp8_top_implEhthhPA128_K7ap_uintILi8EEPA4_S2_S4_S6_S4_S6_P_785|         array|
|p_ZZN9gdn_mxfp818gdn_mxfp8_top_implEhthhPA128_K7ap_uintILi8EEPA4_S2_S4_S6_S4_S6_P_785_d0        |  out|    9|   ap_memory|  p_ZZN9gdn_mxfp818gdn_mxfp8_top_implEhthhPA128_K7ap_uintILi8EEPA4_S2_S4_S6_S4_S6_P_785|         array|
|p_ZZN9gdn_mxfp818gdn_mxfp8_top_implEhthhPA128_K7ap_uintILi8EEPA4_S2_S4_S6_S4_S6_P_906_address0  |  out|    5|   ap_memory|  p_ZZN9gdn_mxfp818gdn_mxfp8_top_implEhthhPA128_K7ap_uintILi8EEPA4_S2_S4_S6_S4_S6_P_906|         array|
|p_ZZN9gdn_mxfp818gdn_mxfp8_top_implEhthhPA128_K7ap_uintILi8EEPA4_S2_S4_S6_S4_S6_P_906_ce0       |  out|    1|   ap_memory|  p_ZZN9gdn_mxfp818gdn_mxfp8_top_implEhthhPA128_K7ap_uintILi8EEPA4_S2_S4_S6_S4_S6_P_906|         array|
|p_ZZN9gdn_mxfp818gdn_mxfp8_top_implEhthhPA128_K7ap_uintILi8EEPA4_S2_S4_S6_S4_S6_P_906_we0       |  out|    1|   ap_memory|  p_ZZN9gdn_mxfp818gdn_mxfp8_top_implEhthhPA128_K7ap_uintILi8EEPA4_S2_S4_S6_S4_S6_P_906|         array|
|p_ZZN9gdn_mxfp818gdn_mxfp8_top_implEhthhPA128_K7ap_uintILi8EEPA4_S2_S4_S6_S4_S6_P_906_d0        |  out|    6|   ap_memory|  p_ZZN9gdn_mxfp818gdn_mxfp8_top_implEhthhPA128_K7ap_uintILi8EEPA4_S2_S4_S6_S4_S6_P_906|         array|
|p_ZZN9gdn_mxfp818gdn_mxfp8_top_implEhthhPA128_K7ap_uintILi8EEPA4_S2_S4_S6_S4_S6_P_786_address0  |  out|    5|   ap_memory|  p_ZZN9gdn_mxfp818gdn_mxfp8_top_implEhthhPA128_K7ap_uintILi8EEPA4_S2_S4_S6_S4_S6_P_786|         array|
|p_ZZN9gdn_mxfp818gdn_mxfp8_top_implEhthhPA128_K7ap_uintILi8EEPA4_S2_S4_S6_S4_S6_P_786_ce0       |  out|    1|   ap_memory|  p_ZZN9gdn_mxfp818gdn_mxfp8_top_implEhthhPA128_K7ap_uintILi8EEPA4_S2_S4_S6_S4_S6_P_786|         array|
|p_ZZN9gdn_mxfp818gdn_mxfp8_top_implEhthhPA128_K7ap_uintILi8EEPA4_S2_S4_S6_S4_S6_P_786_we0       |  out|    1|   ap_memory|  p_ZZN9gdn_mxfp818gdn_mxfp8_top_implEhthhPA128_K7ap_uintILi8EEPA4_S2_S4_S6_S4_S6_P_786|         array|
|p_ZZN9gdn_mxfp818gdn_mxfp8_top_implEhthhPA128_K7ap_uintILi8EEPA4_S2_S4_S6_S4_S6_P_786_d0        |  out|    9|   ap_memory|  p_ZZN9gdn_mxfp818gdn_mxfp8_top_implEhthhPA128_K7ap_uintILi8EEPA4_S2_S4_S6_S4_S6_P_786|         array|
|p_ZZN9gdn_mxfp818gdn_mxfp8_top_implEhthhPA128_K7ap_uintILi8EEPA4_S2_S4_S6_S4_S6_P_907_address0  |  out|    5|   ap_memory|  p_ZZN9gdn_mxfp818gdn_mxfp8_top_implEhthhPA128_K7ap_uintILi8EEPA4_S2_S4_S6_S4_S6_P_907|         array|
|p_ZZN9gdn_mxfp818gdn_mxfp8_top_implEhthhPA128_K7ap_uintILi8EEPA4_S2_S4_S6_S4_S6_P_907_ce0       |  out|    1|   ap_memory|  p_ZZN9gdn_mxfp818gdn_mxfp8_top_implEhthhPA128_K7ap_uintILi8EEPA4_S2_S4_S6_S4_S6_P_907|         array|
|p_ZZN9gdn_mxfp818gdn_mxfp8_top_implEhthhPA128_K7ap_uintILi8EEPA4_S2_S4_S6_S4_S6_P_907_we0       |  out|    1|   ap_memory|  p_ZZN9gdn_mxfp818gdn_mxfp8_top_implEhthhPA128_K7ap_uintILi8EEPA4_S2_S4_S6_S4_S6_P_907|         array|
|p_ZZN9gdn_mxfp818gdn_mxfp8_top_implEhthhPA128_K7ap_uintILi8EEPA4_S2_S4_S6_S4_S6_P_907_d0        |  out|    6|   ap_memory|  p_ZZN9gdn_mxfp818gdn_mxfp8_top_implEhthhPA128_K7ap_uintILi8EEPA4_S2_S4_S6_S4_S6_P_907|         array|
|p_ZZN9gdn_mxfp818gdn_mxfp8_top_implEhthhPA128_K7ap_uintILi8EEPA4_S2_S4_S6_S4_S6_P_787_address0  |  out|    5|   ap_memory|  p_ZZN9gdn_mxfp818gdn_mxfp8_top_implEhthhPA128_K7ap_uintILi8EEPA4_S2_S4_S6_S4_S6_P_787|         array|
|p_ZZN9gdn_mxfp818gdn_mxfp8_top_implEhthhPA128_K7ap_uintILi8EEPA4_S2_S4_S6_S4_S6_P_787_ce0       |  out|    1|   ap_memory|  p_ZZN9gdn_mxfp818gdn_mxfp8_top_implEhthhPA128_K7ap_uintILi8EEPA4_S2_S4_S6_S4_S6_P_787|         array|
|p_ZZN9gdn_mxfp818gdn_mxfp8_top_implEhthhPA128_K7ap_uintILi8EEPA4_S2_S4_S6_S4_S6_P_787_we0       |  out|    1|   ap_memory|  p_ZZN9gdn_mxfp818gdn_mxfp8_top_implEhthhPA128_K7ap_uintILi8EEPA4_S2_S4_S6_S4_S6_P_787|         array|
|p_ZZN9gdn_mxfp818gdn_mxfp8_top_implEhthhPA128_K7ap_uintILi8EEPA4_S2_S4_S6_S4_S6_P_787_d0        |  out|    9|   ap_memory|  p_ZZN9gdn_mxfp818gdn_mxfp8_top_implEhthhPA128_K7ap_uintILi8EEPA4_S2_S4_S6_S4_S6_P_787|         array|
|p_ZZN9gdn_mxfp818gdn_mxfp8_top_implEhthhPA128_K7ap_uintILi8EEPA4_S2_S4_S6_S4_S6_P_908_address0  |  out|    5|   ap_memory|  p_ZZN9gdn_mxfp818gdn_mxfp8_top_implEhthhPA128_K7ap_uintILi8EEPA4_S2_S4_S6_S4_S6_P_908|         array|
|p_ZZN9gdn_mxfp818gdn_mxfp8_top_implEhthhPA128_K7ap_uintILi8EEPA4_S2_S4_S6_S4_S6_P_908_ce0       |  out|    1|   ap_memory|  p_ZZN9gdn_mxfp818gdn_mxfp8_top_implEhthhPA128_K7ap_uintILi8EEPA4_S2_S4_S6_S4_S6_P_908|         array|
|p_ZZN9gdn_mxfp818gdn_mxfp8_top_implEhthhPA128_K7ap_uintILi8EEPA4_S2_S4_S6_S4_S6_P_908_we0       |  out|    1|   ap_memory|  p_ZZN9gdn_mxfp818gdn_mxfp8_top_implEhthhPA128_K7ap_uintILi8EEPA4_S2_S4_S6_S4_S6_P_908|         array|
|p_ZZN9gdn_mxfp818gdn_mxfp8_top_implEhthhPA128_K7ap_uintILi8EEPA4_S2_S4_S6_S4_S6_P_908_d0        |  out|    6|   ap_memory|  p_ZZN9gdn_mxfp818gdn_mxfp8_top_implEhthhPA128_K7ap_uintILi8EEPA4_S2_S4_S6_S4_S6_P_908|         array|
|p_ZZN9gdn_mxfp818gdn_mxfp8_top_implEhthhPA128_K7ap_uintILi8EEPA4_S2_S4_S6_S4_S6_P_788_address0  |  out|    5|   ap_memory|  p_ZZN9gdn_mxfp818gdn_mxfp8_top_implEhthhPA128_K7ap_uintILi8EEPA4_S2_S4_S6_S4_S6_P_788|         array|
|p_ZZN9gdn_mxfp818gdn_mxfp8_top_implEhthhPA128_K7ap_uintILi8EEPA4_S2_S4_S6_S4_S6_P_788_ce0       |  out|    1|   ap_memory|  p_ZZN9gdn_mxfp818gdn_mxfp8_top_implEhthhPA128_K7ap_uintILi8EEPA4_S2_S4_S6_S4_S6_P_788|         array|
|p_ZZN9gdn_mxfp818gdn_mxfp8_top_implEhthhPA128_K7ap_uintILi8EEPA4_S2_S4_S6_S4_S6_P_788_we0       |  out|    1|   ap_memory|  p_ZZN9gdn_mxfp818gdn_mxfp8_top_implEhthhPA128_K7ap_uintILi8EEPA4_S2_S4_S6_S4_S6_P_788|         array|
|p_ZZN9gdn_mxfp818gdn_mxfp8_top_implEhthhPA128_K7ap_uintILi8EEPA4_S2_S4_S6_S4_S6_P_788_d0        |  out|    9|   ap_memory|  p_ZZN9gdn_mxfp818gdn_mxfp8_top_implEhthhPA128_K7ap_uintILi8EEPA4_S2_S4_S6_S4_S6_P_788|         array|
|p_ZZN9gdn_mxfp818gdn_mxfp8_top_implEhthhPA128_K7ap_uintILi8EEPA4_S2_S4_S6_S4_S6_P_909_address0  |  out|    5|   ap_memory|  p_ZZN9gdn_mxfp818gdn_mxfp8_top_implEhthhPA128_K7ap_uintILi8EEPA4_S2_S4_S6_S4_S6_P_909|         array|
|p_ZZN9gdn_mxfp818gdn_mxfp8_top_implEhthhPA128_K7ap_uintILi8EEPA4_S2_S4_S6_S4_S6_P_909_ce0       |  out|    1|   ap_memory|  p_ZZN9gdn_mxfp818gdn_mxfp8_top_implEhthhPA128_K7ap_uintILi8EEPA4_S2_S4_S6_S4_S6_P_909|         array|
|p_ZZN9gdn_mxfp818gdn_mxfp8_top_implEhthhPA128_K7ap_uintILi8EEPA4_S2_S4_S6_S4_S6_P_909_we0       |  out|    1|   ap_memory|  p_ZZN9gdn_mxfp818gdn_mxfp8_top_implEhthhPA128_K7ap_uintILi8EEPA4_S2_S4_S6_S4_S6_P_909|         array|
|p_ZZN9gdn_mxfp818gdn_mxfp8_top_implEhthhPA128_K7ap_uintILi8EEPA4_S2_S4_S6_S4_S6_P_909_d0        |  out|    6|   ap_memory|  p_ZZN9gdn_mxfp818gdn_mxfp8_top_implEhthhPA128_K7ap_uintILi8EEPA4_S2_S4_S6_S4_S6_P_909|         array|
|p_ZZN9gdn_mxfp818gdn_mxfp8_top_implEhthhPA128_K7ap_uintILi8EEPA4_S2_S4_S6_S4_S6_P_789_address0  |  out|    5|   ap_memory|  p_ZZN9gdn_mxfp818gdn_mxfp8_top_implEhthhPA128_K7ap_uintILi8EEPA4_S2_S4_S6_S4_S6_P_789|         array|
|p_ZZN9gdn_mxfp818gdn_mxfp8_top_implEhthhPA128_K7ap_uintILi8EEPA4_S2_S4_S6_S4_S6_P_789_ce0       |  out|    1|   ap_memory|  p_ZZN9gdn_mxfp818gdn_mxfp8_top_implEhthhPA128_K7ap_uintILi8EEPA4_S2_S4_S6_S4_S6_P_789|         array|
|p_ZZN9gdn_mxfp818gdn_mxfp8_top_implEhthhPA128_K7ap_uintILi8EEPA4_S2_S4_S6_S4_S6_P_789_we0       |  out|    1|   ap_memory|  p_ZZN9gdn_mxfp818gdn_mxfp8_top_implEhthhPA128_K7ap_uintILi8EEPA4_S2_S4_S6_S4_S6_P_789|         array|
|p_ZZN9gdn_mxfp818gdn_mxfp8_top_implEhthhPA128_K7ap_uintILi8EEPA4_S2_S4_S6_S4_S6_P_789_d0        |  out|    9|   ap_memory|  p_ZZN9gdn_mxfp818gdn_mxfp8_top_implEhthhPA128_K7ap_uintILi8EEPA4_S2_S4_S6_S4_S6_P_789|         array|
|p_ZZN9gdn_mxfp818gdn_mxfp8_top_implEhthhPA128_K7ap_uintILi8EEPA4_S2_S4_S6_S4_S6_P_910_address0  |  out|    5|   ap_memory|  p_ZZN9gdn_mxfp818gdn_mxfp8_top_implEhthhPA128_K7ap_uintILi8EEPA4_S2_S4_S6_S4_S6_P_910|         array|
|p_ZZN9gdn_mxfp818gdn_mxfp8_top_implEhthhPA128_K7ap_uintILi8EEPA4_S2_S4_S6_S4_S6_P_910_ce0       |  out|    1|   ap_memory|  p_ZZN9gdn_mxfp818gdn_mxfp8_top_implEhthhPA128_K7ap_uintILi8EEPA4_S2_S4_S6_S4_S6_P_910|         array|
|p_ZZN9gdn_mxfp818gdn_mxfp8_top_implEhthhPA128_K7ap_uintILi8EEPA4_S2_S4_S6_S4_S6_P_910_we0       |  out|    1|   ap_memory|  p_ZZN9gdn_mxfp818gdn_mxfp8_top_implEhthhPA128_K7ap_uintILi8EEPA4_S2_S4_S6_S4_S6_P_910|         array|
|p_ZZN9gdn_mxfp818gdn_mxfp8_top_implEhthhPA128_K7ap_uintILi8EEPA4_S2_S4_S6_S4_S6_P_910_d0        |  out|    6|   ap_memory|  p_ZZN9gdn_mxfp818gdn_mxfp8_top_implEhthhPA128_K7ap_uintILi8EEPA4_S2_S4_S6_S4_S6_P_910|         array|
|p_ZZN9gdn_mxfp818gdn_mxfp8_top_implEhthhPA128_K7ap_uintILi8EEPA4_S2_S4_S6_S4_S6_P_790_address0  |  out|    5|   ap_memory|  p_ZZN9gdn_mxfp818gdn_mxfp8_top_implEhthhPA128_K7ap_uintILi8EEPA4_S2_S4_S6_S4_S6_P_790|         array|
|p_ZZN9gdn_mxfp818gdn_mxfp8_top_implEhthhPA128_K7ap_uintILi8EEPA4_S2_S4_S6_S4_S6_P_790_ce0       |  out|    1|   ap_memory|  p_ZZN9gdn_mxfp818gdn_mxfp8_top_implEhthhPA128_K7ap_uintILi8EEPA4_S2_S4_S6_S4_S6_P_790|         array|
|p_ZZN9gdn_mxfp818gdn_mxfp8_top_implEhthhPA128_K7ap_uintILi8EEPA4_S2_S4_S6_S4_S6_P_790_we0       |  out|    1|   ap_memory|  p_ZZN9gdn_mxfp818gdn_mxfp8_top_implEhthhPA128_K7ap_uintILi8EEPA4_S2_S4_S6_S4_S6_P_790|         array|
|p_ZZN9gdn_mxfp818gdn_mxfp8_top_implEhthhPA128_K7ap_uintILi8EEPA4_S2_S4_S6_S4_S6_P_790_d0        |  out|    9|   ap_memory|  p_ZZN9gdn_mxfp818gdn_mxfp8_top_implEhthhPA128_K7ap_uintILi8EEPA4_S2_S4_S6_S4_S6_P_790|         array|
|p_ZZN9gdn_mxfp818gdn_mxfp8_top_implEhthhPA128_K7ap_uintILi8EEPA4_S2_S4_S6_S4_S6_P_911_address0  |  out|    5|   ap_memory|  p_ZZN9gdn_mxfp818gdn_mxfp8_top_implEhthhPA128_K7ap_uintILi8EEPA4_S2_S4_S6_S4_S6_P_911|         array|
|p_ZZN9gdn_mxfp818gdn_mxfp8_top_implEhthhPA128_K7ap_uintILi8EEPA4_S2_S4_S6_S4_S6_P_911_ce0       |  out|    1|   ap_memory|  p_ZZN9gdn_mxfp818gdn_mxfp8_top_implEhthhPA128_K7ap_uintILi8EEPA4_S2_S4_S6_S4_S6_P_911|         array|
|p_ZZN9gdn_mxfp818gdn_mxfp8_top_implEhthhPA128_K7ap_uintILi8EEPA4_S2_S4_S6_S4_S6_P_911_we0       |  out|    1|   ap_memory|  p_ZZN9gdn_mxfp818gdn_mxfp8_top_implEhthhPA128_K7ap_uintILi8EEPA4_S2_S4_S6_S4_S6_P_911|         array|
|p_ZZN9gdn_mxfp818gdn_mxfp8_top_implEhthhPA128_K7ap_uintILi8EEPA4_S2_S4_S6_S4_S6_P_911_d0        |  out|    6|   ap_memory|  p_ZZN9gdn_mxfp818gdn_mxfp8_top_implEhthhPA128_K7ap_uintILi8EEPA4_S2_S4_S6_S4_S6_P_911|         array|
|p_ZZN9gdn_mxfp818gdn_mxfp8_top_implEhthhPA128_K7ap_uintILi8EEPA4_S2_S4_S6_S4_S6_P_791_address0  |  out|    5|   ap_memory|  p_ZZN9gdn_mxfp818gdn_mxfp8_top_implEhthhPA128_K7ap_uintILi8EEPA4_S2_S4_S6_S4_S6_P_791|         array|
|p_ZZN9gdn_mxfp818gdn_mxfp8_top_implEhthhPA128_K7ap_uintILi8EEPA4_S2_S4_S6_S4_S6_P_791_ce0       |  out|    1|   ap_memory|  p_ZZN9gdn_mxfp818gdn_mxfp8_top_implEhthhPA128_K7ap_uintILi8EEPA4_S2_S4_S6_S4_S6_P_791|         array|
|p_ZZN9gdn_mxfp818gdn_mxfp8_top_implEhthhPA128_K7ap_uintILi8EEPA4_S2_S4_S6_S4_S6_P_791_we0       |  out|    1|   ap_memory|  p_ZZN9gdn_mxfp818gdn_mxfp8_top_implEhthhPA128_K7ap_uintILi8EEPA4_S2_S4_S6_S4_S6_P_791|         array|
|p_ZZN9gdn_mxfp818gdn_mxfp8_top_implEhthhPA128_K7ap_uintILi8EEPA4_S2_S4_S6_S4_S6_P_791_d0        |  out|    9|   ap_memory|  p_ZZN9gdn_mxfp818gdn_mxfp8_top_implEhthhPA128_K7ap_uintILi8EEPA4_S2_S4_S6_S4_S6_P_791|         array|
|p_ZZN9gdn_mxfp818gdn_mxfp8_top_implEhthhPA128_K7ap_uintILi8EEPA4_S2_S4_S6_S4_S6_P_912_address0  |  out|    5|   ap_memory|  p_ZZN9gdn_mxfp818gdn_mxfp8_top_implEhthhPA128_K7ap_uintILi8EEPA4_S2_S4_S6_S4_S6_P_912|         array|
|p_ZZN9gdn_mxfp818gdn_mxfp8_top_implEhthhPA128_K7ap_uintILi8EEPA4_S2_S4_S6_S4_S6_P_912_ce0       |  out|    1|   ap_memory|  p_ZZN9gdn_mxfp818gdn_mxfp8_top_implEhthhPA128_K7ap_uintILi8EEPA4_S2_S4_S6_S4_S6_P_912|         array|
|p_ZZN9gdn_mxfp818gdn_mxfp8_top_implEhthhPA128_K7ap_uintILi8EEPA4_S2_S4_S6_S4_S6_P_912_we0       |  out|    1|   ap_memory|  p_ZZN9gdn_mxfp818gdn_mxfp8_top_implEhthhPA128_K7ap_uintILi8EEPA4_S2_S4_S6_S4_S6_P_912|         array|
|p_ZZN9gdn_mxfp818gdn_mxfp8_top_implEhthhPA128_K7ap_uintILi8EEPA4_S2_S4_S6_S4_S6_P_912_d0        |  out|    6|   ap_memory|  p_ZZN9gdn_mxfp818gdn_mxfp8_top_implEhthhPA128_K7ap_uintILi8EEPA4_S2_S4_S6_S4_S6_P_912|         array|
|p_ZZN9gdn_mxfp818gdn_mxfp8_top_implEhthhPA128_K7ap_uintILi8EEPA4_S2_S4_S6_S4_S6_P_792_address0  |  out|    5|   ap_memory|  p_ZZN9gdn_mxfp818gdn_mxfp8_top_implEhthhPA128_K7ap_uintILi8EEPA4_S2_S4_S6_S4_S6_P_792|         array|
|p_ZZN9gdn_mxfp818gdn_mxfp8_top_implEhthhPA128_K7ap_uintILi8EEPA4_S2_S4_S6_S4_S6_P_792_ce0       |  out|    1|   ap_memory|  p_ZZN9gdn_mxfp818gdn_mxfp8_top_implEhthhPA128_K7ap_uintILi8EEPA4_S2_S4_S6_S4_S6_P_792|         array|
|p_ZZN9gdn_mxfp818gdn_mxfp8_top_implEhthhPA128_K7ap_uintILi8EEPA4_S2_S4_S6_S4_S6_P_792_we0       |  out|    1|   ap_memory|  p_ZZN9gdn_mxfp818gdn_mxfp8_top_implEhthhPA128_K7ap_uintILi8EEPA4_S2_S4_S6_S4_S6_P_792|         array|
|p_ZZN9gdn_mxfp818gdn_mxfp8_top_implEhthhPA128_K7ap_uintILi8EEPA4_S2_S4_S6_S4_S6_P_792_d0        |  out|    9|   ap_memory|  p_ZZN9gdn_mxfp818gdn_mxfp8_top_implEhthhPA128_K7ap_uintILi8EEPA4_S2_S4_S6_S4_S6_P_792|         array|
|p_ZZN9gdn_mxfp818gdn_mxfp8_top_implEhthhPA128_K7ap_uintILi8EEPA4_S2_S4_S6_S4_S6_P_913_address0  |  out|    5|   ap_memory|  p_ZZN9gdn_mxfp818gdn_mxfp8_top_implEhthhPA128_K7ap_uintILi8EEPA4_S2_S4_S6_S4_S6_P_913|         array|
|p_ZZN9gdn_mxfp818gdn_mxfp8_top_implEhthhPA128_K7ap_uintILi8EEPA4_S2_S4_S6_S4_S6_P_913_ce0       |  out|    1|   ap_memory|  p_ZZN9gdn_mxfp818gdn_mxfp8_top_implEhthhPA128_K7ap_uintILi8EEPA4_S2_S4_S6_S4_S6_P_913|         array|
|p_ZZN9gdn_mxfp818gdn_mxfp8_top_implEhthhPA128_K7ap_uintILi8EEPA4_S2_S4_S6_S4_S6_P_913_we0       |  out|    1|   ap_memory|  p_ZZN9gdn_mxfp818gdn_mxfp8_top_implEhthhPA128_K7ap_uintILi8EEPA4_S2_S4_S6_S4_S6_P_913|         array|
|p_ZZN9gdn_mxfp818gdn_mxfp8_top_implEhthhPA128_K7ap_uintILi8EEPA4_S2_S4_S6_S4_S6_P_913_d0        |  out|    6|   ap_memory|  p_ZZN9gdn_mxfp818gdn_mxfp8_top_implEhthhPA128_K7ap_uintILi8EEPA4_S2_S4_S6_S4_S6_P_913|         array|
|p_ZZN9gdn_mxfp818gdn_mxfp8_top_implEhthhPA128_K7ap_uintILi8EEPA4_S2_S4_S6_S4_S6_P_793_address0  |  out|    5|   ap_memory|  p_ZZN9gdn_mxfp818gdn_mxfp8_top_implEhthhPA128_K7ap_uintILi8EEPA4_S2_S4_S6_S4_S6_P_793|         array|
|p_ZZN9gdn_mxfp818gdn_mxfp8_top_implEhthhPA128_K7ap_uintILi8EEPA4_S2_S4_S6_S4_S6_P_793_ce0       |  out|    1|   ap_memory|  p_ZZN9gdn_mxfp818gdn_mxfp8_top_implEhthhPA128_K7ap_uintILi8EEPA4_S2_S4_S6_S4_S6_P_793|         array|
|p_ZZN9gdn_mxfp818gdn_mxfp8_top_implEhthhPA128_K7ap_uintILi8EEPA4_S2_S4_S6_S4_S6_P_793_we0       |  out|    1|   ap_memory|  p_ZZN9gdn_mxfp818gdn_mxfp8_top_implEhthhPA128_K7ap_uintILi8EEPA4_S2_S4_S6_S4_S6_P_793|         array|
|p_ZZN9gdn_mxfp818gdn_mxfp8_top_implEhthhPA128_K7ap_uintILi8EEPA4_S2_S4_S6_S4_S6_P_793_d0        |  out|    9|   ap_memory|  p_ZZN9gdn_mxfp818gdn_mxfp8_top_implEhthhPA128_K7ap_uintILi8EEPA4_S2_S4_S6_S4_S6_P_793|         array|
|p_ZZN9gdn_mxfp818gdn_mxfp8_top_implEhthhPA128_K7ap_uintILi8EEPA4_S2_S4_S6_S4_S6_P_914_address0  |  out|    5|   ap_memory|  p_ZZN9gdn_mxfp818gdn_mxfp8_top_implEhthhPA128_K7ap_uintILi8EEPA4_S2_S4_S6_S4_S6_P_914|         array|
|p_ZZN9gdn_mxfp818gdn_mxfp8_top_implEhthhPA128_K7ap_uintILi8EEPA4_S2_S4_S6_S4_S6_P_914_ce0       |  out|    1|   ap_memory|  p_ZZN9gdn_mxfp818gdn_mxfp8_top_implEhthhPA128_K7ap_uintILi8EEPA4_S2_S4_S6_S4_S6_P_914|         array|
|p_ZZN9gdn_mxfp818gdn_mxfp8_top_implEhthhPA128_K7ap_uintILi8EEPA4_S2_S4_S6_S4_S6_P_914_we0       |  out|    1|   ap_memory|  p_ZZN9gdn_mxfp818gdn_mxfp8_top_implEhthhPA128_K7ap_uintILi8EEPA4_S2_S4_S6_S4_S6_P_914|         array|
|p_ZZN9gdn_mxfp818gdn_mxfp8_top_implEhthhPA128_K7ap_uintILi8EEPA4_S2_S4_S6_S4_S6_P_914_d0        |  out|    6|   ap_memory|  p_ZZN9gdn_mxfp818gdn_mxfp8_top_implEhthhPA128_K7ap_uintILi8EEPA4_S2_S4_S6_S4_S6_P_914|         array|
|p_ZZN9gdn_mxfp818gdn_mxfp8_top_implEhthhPA128_K7ap_uintILi8EEPA4_S2_S4_S6_S4_S6_P_794_address0  |  out|    5|   ap_memory|  p_ZZN9gdn_mxfp818gdn_mxfp8_top_implEhthhPA128_K7ap_uintILi8EEPA4_S2_S4_S6_S4_S6_P_794|         array|
|p_ZZN9gdn_mxfp818gdn_mxfp8_top_implEhthhPA128_K7ap_uintILi8EEPA4_S2_S4_S6_S4_S6_P_794_ce0       |  out|    1|   ap_memory|  p_ZZN9gdn_mxfp818gdn_mxfp8_top_implEhthhPA128_K7ap_uintILi8EEPA4_S2_S4_S6_S4_S6_P_794|         array|
|p_ZZN9gdn_mxfp818gdn_mxfp8_top_implEhthhPA128_K7ap_uintILi8EEPA4_S2_S4_S6_S4_S6_P_794_we0       |  out|    1|   ap_memory|  p_ZZN9gdn_mxfp818gdn_mxfp8_top_implEhthhPA128_K7ap_uintILi8EEPA4_S2_S4_S6_S4_S6_P_794|         array|
|p_ZZN9gdn_mxfp818gdn_mxfp8_top_implEhthhPA128_K7ap_uintILi8EEPA4_S2_S4_S6_S4_S6_P_794_d0        |  out|    9|   ap_memory|  p_ZZN9gdn_mxfp818gdn_mxfp8_top_implEhthhPA128_K7ap_uintILi8EEPA4_S2_S4_S6_S4_S6_P_794|         array|
|p_ZZN9gdn_mxfp818gdn_mxfp8_top_implEhthhPA128_K7ap_uintILi8EEPA4_S2_S4_S6_S4_S6_P_915_address0  |  out|    5|   ap_memory|  p_ZZN9gdn_mxfp818gdn_mxfp8_top_implEhthhPA128_K7ap_uintILi8EEPA4_S2_S4_S6_S4_S6_P_915|         array|
|p_ZZN9gdn_mxfp818gdn_mxfp8_top_implEhthhPA128_K7ap_uintILi8EEPA4_S2_S4_S6_S4_S6_P_915_ce0       |  out|    1|   ap_memory|  p_ZZN9gdn_mxfp818gdn_mxfp8_top_implEhthhPA128_K7ap_uintILi8EEPA4_S2_S4_S6_S4_S6_P_915|         array|
|p_ZZN9gdn_mxfp818gdn_mxfp8_top_implEhthhPA128_K7ap_uintILi8EEPA4_S2_S4_S6_S4_S6_P_915_we0       |  out|    1|   ap_memory|  p_ZZN9gdn_mxfp818gdn_mxfp8_top_implEhthhPA128_K7ap_uintILi8EEPA4_S2_S4_S6_S4_S6_P_915|         array|
|p_ZZN9gdn_mxfp818gdn_mxfp8_top_implEhthhPA128_K7ap_uintILi8EEPA4_S2_S4_S6_S4_S6_P_915_d0        |  out|    6|   ap_memory|  p_ZZN9gdn_mxfp818gdn_mxfp8_top_implEhthhPA128_K7ap_uintILi8EEPA4_S2_S4_S6_S4_S6_P_915|         array|
|p_ZZN9gdn_mxfp818gdn_mxfp8_top_implEhthhPA128_K7ap_uintILi8EEPA4_S2_S4_S6_S4_S6_P_795_address0  |  out|    5|   ap_memory|  p_ZZN9gdn_mxfp818gdn_mxfp8_top_implEhthhPA128_K7ap_uintILi8EEPA4_S2_S4_S6_S4_S6_P_795|         array|
|p_ZZN9gdn_mxfp818gdn_mxfp8_top_implEhthhPA128_K7ap_uintILi8EEPA4_S2_S4_S6_S4_S6_P_795_ce0       |  out|    1|   ap_memory|  p_ZZN9gdn_mxfp818gdn_mxfp8_top_implEhthhPA128_K7ap_uintILi8EEPA4_S2_S4_S6_S4_S6_P_795|         array|
|p_ZZN9gdn_mxfp818gdn_mxfp8_top_implEhthhPA128_K7ap_uintILi8EEPA4_S2_S4_S6_S4_S6_P_795_we0       |  out|    1|   ap_memory|  p_ZZN9gdn_mxfp818gdn_mxfp8_top_implEhthhPA128_K7ap_uintILi8EEPA4_S2_S4_S6_S4_S6_P_795|         array|
|p_ZZN9gdn_mxfp818gdn_mxfp8_top_implEhthhPA128_K7ap_uintILi8EEPA4_S2_S4_S6_S4_S6_P_795_d0        |  out|    9|   ap_memory|  p_ZZN9gdn_mxfp818gdn_mxfp8_top_implEhthhPA128_K7ap_uintILi8EEPA4_S2_S4_S6_S4_S6_P_795|         array|
|p_ZZN9gdn_mxfp818gdn_mxfp8_top_implEhthhPA128_K7ap_uintILi8EEPA4_S2_S4_S6_S4_S6_P_916_address0  |  out|    5|   ap_memory|  p_ZZN9gdn_mxfp818gdn_mxfp8_top_implEhthhPA128_K7ap_uintILi8EEPA4_S2_S4_S6_S4_S6_P_916|         array|
|p_ZZN9gdn_mxfp818gdn_mxfp8_top_implEhthhPA128_K7ap_uintILi8EEPA4_S2_S4_S6_S4_S6_P_916_ce0       |  out|    1|   ap_memory|  p_ZZN9gdn_mxfp818gdn_mxfp8_top_implEhthhPA128_K7ap_uintILi8EEPA4_S2_S4_S6_S4_S6_P_916|         array|
|p_ZZN9gdn_mxfp818gdn_mxfp8_top_implEhthhPA128_K7ap_uintILi8EEPA4_S2_S4_S6_S4_S6_P_916_we0       |  out|    1|   ap_memory|  p_ZZN9gdn_mxfp818gdn_mxfp8_top_implEhthhPA128_K7ap_uintILi8EEPA4_S2_S4_S6_S4_S6_P_916|         array|
|p_ZZN9gdn_mxfp818gdn_mxfp8_top_implEhthhPA128_K7ap_uintILi8EEPA4_S2_S4_S6_S4_S6_P_916_d0        |  out|    6|   ap_memory|  p_ZZN9gdn_mxfp818gdn_mxfp8_top_implEhthhPA128_K7ap_uintILi8EEPA4_S2_S4_S6_S4_S6_P_916|         array|
|p_ZZN9gdn_mxfp818gdn_mxfp8_top_implEhthhPA128_K7ap_uintILi8EEPA4_S2_S4_S6_S4_S6_P_796_address0  |  out|    5|   ap_memory|  p_ZZN9gdn_mxfp818gdn_mxfp8_top_implEhthhPA128_K7ap_uintILi8EEPA4_S2_S4_S6_S4_S6_P_796|         array|
|p_ZZN9gdn_mxfp818gdn_mxfp8_top_implEhthhPA128_K7ap_uintILi8EEPA4_S2_S4_S6_S4_S6_P_796_ce0       |  out|    1|   ap_memory|  p_ZZN9gdn_mxfp818gdn_mxfp8_top_implEhthhPA128_K7ap_uintILi8EEPA4_S2_S4_S6_S4_S6_P_796|         array|
|p_ZZN9gdn_mxfp818gdn_mxfp8_top_implEhthhPA128_K7ap_uintILi8EEPA4_S2_S4_S6_S4_S6_P_796_we0       |  out|    1|   ap_memory|  p_ZZN9gdn_mxfp818gdn_mxfp8_top_implEhthhPA128_K7ap_uintILi8EEPA4_S2_S4_S6_S4_S6_P_796|         array|
|p_ZZN9gdn_mxfp818gdn_mxfp8_top_implEhthhPA128_K7ap_uintILi8EEPA4_S2_S4_S6_S4_S6_P_796_d0        |  out|    9|   ap_memory|  p_ZZN9gdn_mxfp818gdn_mxfp8_top_implEhthhPA128_K7ap_uintILi8EEPA4_S2_S4_S6_S4_S6_P_796|         array|
|p_ZZN9gdn_mxfp818gdn_mxfp8_top_implEhthhPA128_K7ap_uintILi8EEPA4_S2_S4_S6_S4_S6_P_917_address0  |  out|    5|   ap_memory|  p_ZZN9gdn_mxfp818gdn_mxfp8_top_implEhthhPA128_K7ap_uintILi8EEPA4_S2_S4_S6_S4_S6_P_917|         array|
|p_ZZN9gdn_mxfp818gdn_mxfp8_top_implEhthhPA128_K7ap_uintILi8EEPA4_S2_S4_S6_S4_S6_P_917_ce0       |  out|    1|   ap_memory|  p_ZZN9gdn_mxfp818gdn_mxfp8_top_implEhthhPA128_K7ap_uintILi8EEPA4_S2_S4_S6_S4_S6_P_917|         array|
|p_ZZN9gdn_mxfp818gdn_mxfp8_top_implEhthhPA128_K7ap_uintILi8EEPA4_S2_S4_S6_S4_S6_P_917_we0       |  out|    1|   ap_memory|  p_ZZN9gdn_mxfp818gdn_mxfp8_top_implEhthhPA128_K7ap_uintILi8EEPA4_S2_S4_S6_S4_S6_P_917|         array|
|p_ZZN9gdn_mxfp818gdn_mxfp8_top_implEhthhPA128_K7ap_uintILi8EEPA4_S2_S4_S6_S4_S6_P_917_d0        |  out|    6|   ap_memory|  p_ZZN9gdn_mxfp818gdn_mxfp8_top_implEhthhPA128_K7ap_uintILi8EEPA4_S2_S4_S6_S4_S6_P_917|         array|
|p_ZZN9gdn_mxfp818gdn_mxfp8_top_implEhthhPA128_K7ap_uintILi8EEPA4_S2_S4_S6_S4_S6_P_797_address0  |  out|    5|   ap_memory|  p_ZZN9gdn_mxfp818gdn_mxfp8_top_implEhthhPA128_K7ap_uintILi8EEPA4_S2_S4_S6_S4_S6_P_797|         array|
|p_ZZN9gdn_mxfp818gdn_mxfp8_top_implEhthhPA128_K7ap_uintILi8EEPA4_S2_S4_S6_S4_S6_P_797_ce0       |  out|    1|   ap_memory|  p_ZZN9gdn_mxfp818gdn_mxfp8_top_implEhthhPA128_K7ap_uintILi8EEPA4_S2_S4_S6_S4_S6_P_797|         array|
|p_ZZN9gdn_mxfp818gdn_mxfp8_top_implEhthhPA128_K7ap_uintILi8EEPA4_S2_S4_S6_S4_S6_P_797_we0       |  out|    1|   ap_memory|  p_ZZN9gdn_mxfp818gdn_mxfp8_top_implEhthhPA128_K7ap_uintILi8EEPA4_S2_S4_S6_S4_S6_P_797|         array|
|p_ZZN9gdn_mxfp818gdn_mxfp8_top_implEhthhPA128_K7ap_uintILi8EEPA4_S2_S4_S6_S4_S6_P_797_d0        |  out|    9|   ap_memory|  p_ZZN9gdn_mxfp818gdn_mxfp8_top_implEhthhPA128_K7ap_uintILi8EEPA4_S2_S4_S6_S4_S6_P_797|         array|
|p_ZZN9gdn_mxfp818gdn_mxfp8_top_implEhthhPA128_K7ap_uintILi8EEPA4_S2_S4_S6_S4_S6_P_918_address0  |  out|    5|   ap_memory|  p_ZZN9gdn_mxfp818gdn_mxfp8_top_implEhthhPA128_K7ap_uintILi8EEPA4_S2_S4_S6_S4_S6_P_918|         array|
|p_ZZN9gdn_mxfp818gdn_mxfp8_top_implEhthhPA128_K7ap_uintILi8EEPA4_S2_S4_S6_S4_S6_P_918_ce0       |  out|    1|   ap_memory|  p_ZZN9gdn_mxfp818gdn_mxfp8_top_implEhthhPA128_K7ap_uintILi8EEPA4_S2_S4_S6_S4_S6_P_918|         array|
|p_ZZN9gdn_mxfp818gdn_mxfp8_top_implEhthhPA128_K7ap_uintILi8EEPA4_S2_S4_S6_S4_S6_P_918_we0       |  out|    1|   ap_memory|  p_ZZN9gdn_mxfp818gdn_mxfp8_top_implEhthhPA128_K7ap_uintILi8EEPA4_S2_S4_S6_S4_S6_P_918|         array|
|p_ZZN9gdn_mxfp818gdn_mxfp8_top_implEhthhPA128_K7ap_uintILi8EEPA4_S2_S4_S6_S4_S6_P_918_d0        |  out|    6|   ap_memory|  p_ZZN9gdn_mxfp818gdn_mxfp8_top_implEhthhPA128_K7ap_uintILi8EEPA4_S2_S4_S6_S4_S6_P_918|         array|
|p_ZZN9gdn_mxfp818gdn_mxfp8_top_implEhthhPA128_K7ap_uintILi8EEPA4_S2_S4_S6_S4_S6_P_798_address0  |  out|    5|   ap_memory|  p_ZZN9gdn_mxfp818gdn_mxfp8_top_implEhthhPA128_K7ap_uintILi8EEPA4_S2_S4_S6_S4_S6_P_798|         array|
|p_ZZN9gdn_mxfp818gdn_mxfp8_top_implEhthhPA128_K7ap_uintILi8EEPA4_S2_S4_S6_S4_S6_P_798_ce0       |  out|    1|   ap_memory|  p_ZZN9gdn_mxfp818gdn_mxfp8_top_implEhthhPA128_K7ap_uintILi8EEPA4_S2_S4_S6_S4_S6_P_798|         array|
|p_ZZN9gdn_mxfp818gdn_mxfp8_top_implEhthhPA128_K7ap_uintILi8EEPA4_S2_S4_S6_S4_S6_P_798_we0       |  out|    1|   ap_memory|  p_ZZN9gdn_mxfp818gdn_mxfp8_top_implEhthhPA128_K7ap_uintILi8EEPA4_S2_S4_S6_S4_S6_P_798|         array|
|p_ZZN9gdn_mxfp818gdn_mxfp8_top_implEhthhPA128_K7ap_uintILi8EEPA4_S2_S4_S6_S4_S6_P_798_d0        |  out|    9|   ap_memory|  p_ZZN9gdn_mxfp818gdn_mxfp8_top_implEhthhPA128_K7ap_uintILi8EEPA4_S2_S4_S6_S4_S6_P_798|         array|
|p_ZZN9gdn_mxfp818gdn_mxfp8_top_implEhthhPA128_K7ap_uintILi8EEPA4_S2_S4_S6_S4_S6_P_919_address0  |  out|    5|   ap_memory|  p_ZZN9gdn_mxfp818gdn_mxfp8_top_implEhthhPA128_K7ap_uintILi8EEPA4_S2_S4_S6_S4_S6_P_919|         array|
|p_ZZN9gdn_mxfp818gdn_mxfp8_top_implEhthhPA128_K7ap_uintILi8EEPA4_S2_S4_S6_S4_S6_P_919_ce0       |  out|    1|   ap_memory|  p_ZZN9gdn_mxfp818gdn_mxfp8_top_implEhthhPA128_K7ap_uintILi8EEPA4_S2_S4_S6_S4_S6_P_919|         array|
|p_ZZN9gdn_mxfp818gdn_mxfp8_top_implEhthhPA128_K7ap_uintILi8EEPA4_S2_S4_S6_S4_S6_P_919_we0       |  out|    1|   ap_memory|  p_ZZN9gdn_mxfp818gdn_mxfp8_top_implEhthhPA128_K7ap_uintILi8EEPA4_S2_S4_S6_S4_S6_P_919|         array|
|p_ZZN9gdn_mxfp818gdn_mxfp8_top_implEhthhPA128_K7ap_uintILi8EEPA4_S2_S4_S6_S4_S6_P_919_d0        |  out|    6|   ap_memory|  p_ZZN9gdn_mxfp818gdn_mxfp8_top_implEhthhPA128_K7ap_uintILi8EEPA4_S2_S4_S6_S4_S6_P_919|         array|
|p_ZZN9gdn_mxfp818gdn_mxfp8_top_implEhthhPA128_K7ap_uintILi8EEPA4_S2_S4_S6_S4_S6_P_799_address0  |  out|    5|   ap_memory|  p_ZZN9gdn_mxfp818gdn_mxfp8_top_implEhthhPA128_K7ap_uintILi8EEPA4_S2_S4_S6_S4_S6_P_799|         array|
|p_ZZN9gdn_mxfp818gdn_mxfp8_top_implEhthhPA128_K7ap_uintILi8EEPA4_S2_S4_S6_S4_S6_P_799_ce0       |  out|    1|   ap_memory|  p_ZZN9gdn_mxfp818gdn_mxfp8_top_implEhthhPA128_K7ap_uintILi8EEPA4_S2_S4_S6_S4_S6_P_799|         array|
|p_ZZN9gdn_mxfp818gdn_mxfp8_top_implEhthhPA128_K7ap_uintILi8EEPA4_S2_S4_S6_S4_S6_P_799_we0       |  out|    1|   ap_memory|  p_ZZN9gdn_mxfp818gdn_mxfp8_top_implEhthhPA128_K7ap_uintILi8EEPA4_S2_S4_S6_S4_S6_P_799|         array|
|p_ZZN9gdn_mxfp818gdn_mxfp8_top_implEhthhPA128_K7ap_uintILi8EEPA4_S2_S4_S6_S4_S6_P_799_d0        |  out|    9|   ap_memory|  p_ZZN9gdn_mxfp818gdn_mxfp8_top_implEhthhPA128_K7ap_uintILi8EEPA4_S2_S4_S6_S4_S6_P_799|         array|
|p_ZZN9gdn_mxfp818gdn_mxfp8_top_implEhthhPA128_K7ap_uintILi8EEPA4_S2_S4_S6_S4_S6_P_920_address0  |  out|    5|   ap_memory|  p_ZZN9gdn_mxfp818gdn_mxfp8_top_implEhthhPA128_K7ap_uintILi8EEPA4_S2_S4_S6_S4_S6_P_920|         array|
|p_ZZN9gdn_mxfp818gdn_mxfp8_top_implEhthhPA128_K7ap_uintILi8EEPA4_S2_S4_S6_S4_S6_P_920_ce0       |  out|    1|   ap_memory|  p_ZZN9gdn_mxfp818gdn_mxfp8_top_implEhthhPA128_K7ap_uintILi8EEPA4_S2_S4_S6_S4_S6_P_920|         array|
|p_ZZN9gdn_mxfp818gdn_mxfp8_top_implEhthhPA128_K7ap_uintILi8EEPA4_S2_S4_S6_S4_S6_P_920_we0       |  out|    1|   ap_memory|  p_ZZN9gdn_mxfp818gdn_mxfp8_top_implEhthhPA128_K7ap_uintILi8EEPA4_S2_S4_S6_S4_S6_P_920|         array|
|p_ZZN9gdn_mxfp818gdn_mxfp8_top_implEhthhPA128_K7ap_uintILi8EEPA4_S2_S4_S6_S4_S6_P_920_d0        |  out|    6|   ap_memory|  p_ZZN9gdn_mxfp818gdn_mxfp8_top_implEhthhPA128_K7ap_uintILi8EEPA4_S2_S4_S6_S4_S6_P_920|         array|
|p_ZZN9gdn_mxfp818gdn_mxfp8_top_implEhthhPA128_K7ap_uintILi8EEPA4_S2_S4_S6_S4_S6_P_800_address0  |  out|    5|   ap_memory|  p_ZZN9gdn_mxfp818gdn_mxfp8_top_implEhthhPA128_K7ap_uintILi8EEPA4_S2_S4_S6_S4_S6_P_800|         array|
|p_ZZN9gdn_mxfp818gdn_mxfp8_top_implEhthhPA128_K7ap_uintILi8EEPA4_S2_S4_S6_S4_S6_P_800_ce0       |  out|    1|   ap_memory|  p_ZZN9gdn_mxfp818gdn_mxfp8_top_implEhthhPA128_K7ap_uintILi8EEPA4_S2_S4_S6_S4_S6_P_800|         array|
|p_ZZN9gdn_mxfp818gdn_mxfp8_top_implEhthhPA128_K7ap_uintILi8EEPA4_S2_S4_S6_S4_S6_P_800_we0       |  out|    1|   ap_memory|  p_ZZN9gdn_mxfp818gdn_mxfp8_top_implEhthhPA128_K7ap_uintILi8EEPA4_S2_S4_S6_S4_S6_P_800|         array|
|p_ZZN9gdn_mxfp818gdn_mxfp8_top_implEhthhPA128_K7ap_uintILi8EEPA4_S2_S4_S6_S4_S6_P_800_d0        |  out|    9|   ap_memory|  p_ZZN9gdn_mxfp818gdn_mxfp8_top_implEhthhPA128_K7ap_uintILi8EEPA4_S2_S4_S6_S4_S6_P_800|         array|
|p_ZZN9gdn_mxfp818gdn_mxfp8_top_implEhthhPA128_K7ap_uintILi8EEPA4_S2_S4_S6_S4_S6_P_921_address0  |  out|    5|   ap_memory|  p_ZZN9gdn_mxfp818gdn_mxfp8_top_implEhthhPA128_K7ap_uintILi8EEPA4_S2_S4_S6_S4_S6_P_921|         array|
|p_ZZN9gdn_mxfp818gdn_mxfp8_top_implEhthhPA128_K7ap_uintILi8EEPA4_S2_S4_S6_S4_S6_P_921_ce0       |  out|    1|   ap_memory|  p_ZZN9gdn_mxfp818gdn_mxfp8_top_implEhthhPA128_K7ap_uintILi8EEPA4_S2_S4_S6_S4_S6_P_921|         array|
|p_ZZN9gdn_mxfp818gdn_mxfp8_top_implEhthhPA128_K7ap_uintILi8EEPA4_S2_S4_S6_S4_S6_P_921_we0       |  out|    1|   ap_memory|  p_ZZN9gdn_mxfp818gdn_mxfp8_top_implEhthhPA128_K7ap_uintILi8EEPA4_S2_S4_S6_S4_S6_P_921|         array|
|p_ZZN9gdn_mxfp818gdn_mxfp8_top_implEhthhPA128_K7ap_uintILi8EEPA4_S2_S4_S6_S4_S6_P_921_d0        |  out|    6|   ap_memory|  p_ZZN9gdn_mxfp818gdn_mxfp8_top_implEhthhPA128_K7ap_uintILi8EEPA4_S2_S4_S6_S4_S6_P_921|         array|
|p_ZZN9gdn_mxfp818gdn_mxfp8_top_implEhthhPA128_K7ap_uintILi8EEPA4_S2_S4_S6_S4_S6_P_801_address0  |  out|    5|   ap_memory|  p_ZZN9gdn_mxfp818gdn_mxfp8_top_implEhthhPA128_K7ap_uintILi8EEPA4_S2_S4_S6_S4_S6_P_801|         array|
|p_ZZN9gdn_mxfp818gdn_mxfp8_top_implEhthhPA128_K7ap_uintILi8EEPA4_S2_S4_S6_S4_S6_P_801_ce0       |  out|    1|   ap_memory|  p_ZZN9gdn_mxfp818gdn_mxfp8_top_implEhthhPA128_K7ap_uintILi8EEPA4_S2_S4_S6_S4_S6_P_801|         array|
|p_ZZN9gdn_mxfp818gdn_mxfp8_top_implEhthhPA128_K7ap_uintILi8EEPA4_S2_S4_S6_S4_S6_P_801_we0       |  out|    1|   ap_memory|  p_ZZN9gdn_mxfp818gdn_mxfp8_top_implEhthhPA128_K7ap_uintILi8EEPA4_S2_S4_S6_S4_S6_P_801|         array|
|p_ZZN9gdn_mxfp818gdn_mxfp8_top_implEhthhPA128_K7ap_uintILi8EEPA4_S2_S4_S6_S4_S6_P_801_d0        |  out|    9|   ap_memory|  p_ZZN9gdn_mxfp818gdn_mxfp8_top_implEhthhPA128_K7ap_uintILi8EEPA4_S2_S4_S6_S4_S6_P_801|         array|
|p_ZZN9gdn_mxfp818gdn_mxfp8_top_implEhthhPA128_K7ap_uintILi8EEPA4_S2_S4_S6_S4_S6_P_922_address0  |  out|    5|   ap_memory|  p_ZZN9gdn_mxfp818gdn_mxfp8_top_implEhthhPA128_K7ap_uintILi8EEPA4_S2_S4_S6_S4_S6_P_922|         array|
|p_ZZN9gdn_mxfp818gdn_mxfp8_top_implEhthhPA128_K7ap_uintILi8EEPA4_S2_S4_S6_S4_S6_P_922_ce0       |  out|    1|   ap_memory|  p_ZZN9gdn_mxfp818gdn_mxfp8_top_implEhthhPA128_K7ap_uintILi8EEPA4_S2_S4_S6_S4_S6_P_922|         array|
|p_ZZN9gdn_mxfp818gdn_mxfp8_top_implEhthhPA128_K7ap_uintILi8EEPA4_S2_S4_S6_S4_S6_P_922_we0       |  out|    1|   ap_memory|  p_ZZN9gdn_mxfp818gdn_mxfp8_top_implEhthhPA128_K7ap_uintILi8EEPA4_S2_S4_S6_S4_S6_P_922|         array|
|p_ZZN9gdn_mxfp818gdn_mxfp8_top_implEhthhPA128_K7ap_uintILi8EEPA4_S2_S4_S6_S4_S6_P_922_d0        |  out|    6|   ap_memory|  p_ZZN9gdn_mxfp818gdn_mxfp8_top_implEhthhPA128_K7ap_uintILi8EEPA4_S2_S4_S6_S4_S6_P_922|         array|
|p_ZZN9gdn_mxfp818gdn_mxfp8_top_implEhthhPA128_K7ap_uintILi8EEPA4_S2_S4_S6_S4_S6_P_802_address0  |  out|    5|   ap_memory|  p_ZZN9gdn_mxfp818gdn_mxfp8_top_implEhthhPA128_K7ap_uintILi8EEPA4_S2_S4_S6_S4_S6_P_802|         array|
|p_ZZN9gdn_mxfp818gdn_mxfp8_top_implEhthhPA128_K7ap_uintILi8EEPA4_S2_S4_S6_S4_S6_P_802_ce0       |  out|    1|   ap_memory|  p_ZZN9gdn_mxfp818gdn_mxfp8_top_implEhthhPA128_K7ap_uintILi8EEPA4_S2_S4_S6_S4_S6_P_802|         array|
|p_ZZN9gdn_mxfp818gdn_mxfp8_top_implEhthhPA128_K7ap_uintILi8EEPA4_S2_S4_S6_S4_S6_P_802_we0       |  out|    1|   ap_memory|  p_ZZN9gdn_mxfp818gdn_mxfp8_top_implEhthhPA128_K7ap_uintILi8EEPA4_S2_S4_S6_S4_S6_P_802|         array|
|p_ZZN9gdn_mxfp818gdn_mxfp8_top_implEhthhPA128_K7ap_uintILi8EEPA4_S2_S4_S6_S4_S6_P_802_d0        |  out|    9|   ap_memory|  p_ZZN9gdn_mxfp818gdn_mxfp8_top_implEhthhPA128_K7ap_uintILi8EEPA4_S2_S4_S6_S4_S6_P_802|         array|
|p_ZZN9gdn_mxfp818gdn_mxfp8_top_implEhthhPA128_K7ap_uintILi8EEPA4_S2_S4_S6_S4_S6_P_923_address0  |  out|    5|   ap_memory|  p_ZZN9gdn_mxfp818gdn_mxfp8_top_implEhthhPA128_K7ap_uintILi8EEPA4_S2_S4_S6_S4_S6_P_923|         array|
|p_ZZN9gdn_mxfp818gdn_mxfp8_top_implEhthhPA128_K7ap_uintILi8EEPA4_S2_S4_S6_S4_S6_P_923_ce0       |  out|    1|   ap_memory|  p_ZZN9gdn_mxfp818gdn_mxfp8_top_implEhthhPA128_K7ap_uintILi8EEPA4_S2_S4_S6_S4_S6_P_923|         array|
|p_ZZN9gdn_mxfp818gdn_mxfp8_top_implEhthhPA128_K7ap_uintILi8EEPA4_S2_S4_S6_S4_S6_P_923_we0       |  out|    1|   ap_memory|  p_ZZN9gdn_mxfp818gdn_mxfp8_top_implEhthhPA128_K7ap_uintILi8EEPA4_S2_S4_S6_S4_S6_P_923|         array|
|p_ZZN9gdn_mxfp818gdn_mxfp8_top_implEhthhPA128_K7ap_uintILi8EEPA4_S2_S4_S6_S4_S6_P_923_d0        |  out|    6|   ap_memory|  p_ZZN9gdn_mxfp818gdn_mxfp8_top_implEhthhPA128_K7ap_uintILi8EEPA4_S2_S4_S6_S4_S6_P_923|         array|
|p_ZZN9gdn_mxfp818gdn_mxfp8_top_implEhthhPA128_K7ap_uintILi8EEPA4_S2_S4_S6_S4_S6_P_803_address0  |  out|    5|   ap_memory|  p_ZZN9gdn_mxfp818gdn_mxfp8_top_implEhthhPA128_K7ap_uintILi8EEPA4_S2_S4_S6_S4_S6_P_803|         array|
|p_ZZN9gdn_mxfp818gdn_mxfp8_top_implEhthhPA128_K7ap_uintILi8EEPA4_S2_S4_S6_S4_S6_P_803_ce0       |  out|    1|   ap_memory|  p_ZZN9gdn_mxfp818gdn_mxfp8_top_implEhthhPA128_K7ap_uintILi8EEPA4_S2_S4_S6_S4_S6_P_803|         array|
|p_ZZN9gdn_mxfp818gdn_mxfp8_top_implEhthhPA128_K7ap_uintILi8EEPA4_S2_S4_S6_S4_S6_P_803_we0       |  out|    1|   ap_memory|  p_ZZN9gdn_mxfp818gdn_mxfp8_top_implEhthhPA128_K7ap_uintILi8EEPA4_S2_S4_S6_S4_S6_P_803|         array|
|p_ZZN9gdn_mxfp818gdn_mxfp8_top_implEhthhPA128_K7ap_uintILi8EEPA4_S2_S4_S6_S4_S6_P_803_d0        |  out|    9|   ap_memory|  p_ZZN9gdn_mxfp818gdn_mxfp8_top_implEhthhPA128_K7ap_uintILi8EEPA4_S2_S4_S6_S4_S6_P_803|         array|
|p_ZZN9gdn_mxfp818gdn_mxfp8_top_implEhthhPA128_K7ap_uintILi8EEPA4_S2_S4_S6_S4_S6_P_924_address0  |  out|    5|   ap_memory|  p_ZZN9gdn_mxfp818gdn_mxfp8_top_implEhthhPA128_K7ap_uintILi8EEPA4_S2_S4_S6_S4_S6_P_924|         array|
|p_ZZN9gdn_mxfp818gdn_mxfp8_top_implEhthhPA128_K7ap_uintILi8EEPA4_S2_S4_S6_S4_S6_P_924_ce0       |  out|    1|   ap_memory|  p_ZZN9gdn_mxfp818gdn_mxfp8_top_implEhthhPA128_K7ap_uintILi8EEPA4_S2_S4_S6_S4_S6_P_924|         array|
|p_ZZN9gdn_mxfp818gdn_mxfp8_top_implEhthhPA128_K7ap_uintILi8EEPA4_S2_S4_S6_S4_S6_P_924_we0       |  out|    1|   ap_memory|  p_ZZN9gdn_mxfp818gdn_mxfp8_top_implEhthhPA128_K7ap_uintILi8EEPA4_S2_S4_S6_S4_S6_P_924|         array|
|p_ZZN9gdn_mxfp818gdn_mxfp8_top_implEhthhPA128_K7ap_uintILi8EEPA4_S2_S4_S6_S4_S6_P_924_d0        |  out|    6|   ap_memory|  p_ZZN9gdn_mxfp818gdn_mxfp8_top_implEhthhPA128_K7ap_uintILi8EEPA4_S2_S4_S6_S4_S6_P_924|         array|
|p_ZZN9gdn_mxfp818gdn_mxfp8_top_implEhthhPA128_K7ap_uintILi8EEPA4_S2_S4_S6_S4_S6_P_804_address0  |  out|    5|   ap_memory|  p_ZZN9gdn_mxfp818gdn_mxfp8_top_implEhthhPA128_K7ap_uintILi8EEPA4_S2_S4_S6_S4_S6_P_804|         array|
|p_ZZN9gdn_mxfp818gdn_mxfp8_top_implEhthhPA128_K7ap_uintILi8EEPA4_S2_S4_S6_S4_S6_P_804_ce0       |  out|    1|   ap_memory|  p_ZZN9gdn_mxfp818gdn_mxfp8_top_implEhthhPA128_K7ap_uintILi8EEPA4_S2_S4_S6_S4_S6_P_804|         array|
|p_ZZN9gdn_mxfp818gdn_mxfp8_top_implEhthhPA128_K7ap_uintILi8EEPA4_S2_S4_S6_S4_S6_P_804_we0       |  out|    1|   ap_memory|  p_ZZN9gdn_mxfp818gdn_mxfp8_top_implEhthhPA128_K7ap_uintILi8EEPA4_S2_S4_S6_S4_S6_P_804|         array|
|p_ZZN9gdn_mxfp818gdn_mxfp8_top_implEhthhPA128_K7ap_uintILi8EEPA4_S2_S4_S6_S4_S6_P_804_d0        |  out|    9|   ap_memory|  p_ZZN9gdn_mxfp818gdn_mxfp8_top_implEhthhPA128_K7ap_uintILi8EEPA4_S2_S4_S6_S4_S6_P_804|         array|
|p_ZZN9gdn_mxfp818gdn_mxfp8_top_implEhthhPA128_K7ap_uintILi8EEPA4_S2_S4_S6_S4_S6_P_925_address0  |  out|    5|   ap_memory|  p_ZZN9gdn_mxfp818gdn_mxfp8_top_implEhthhPA128_K7ap_uintILi8EEPA4_S2_S4_S6_S4_S6_P_925|         array|
|p_ZZN9gdn_mxfp818gdn_mxfp8_top_implEhthhPA128_K7ap_uintILi8EEPA4_S2_S4_S6_S4_S6_P_925_ce0       |  out|    1|   ap_memory|  p_ZZN9gdn_mxfp818gdn_mxfp8_top_implEhthhPA128_K7ap_uintILi8EEPA4_S2_S4_S6_S4_S6_P_925|         array|
|p_ZZN9gdn_mxfp818gdn_mxfp8_top_implEhthhPA128_K7ap_uintILi8EEPA4_S2_S4_S6_S4_S6_P_925_we0       |  out|    1|   ap_memory|  p_ZZN9gdn_mxfp818gdn_mxfp8_top_implEhthhPA128_K7ap_uintILi8EEPA4_S2_S4_S6_S4_S6_P_925|         array|
|p_ZZN9gdn_mxfp818gdn_mxfp8_top_implEhthhPA128_K7ap_uintILi8EEPA4_S2_S4_S6_S4_S6_P_925_d0        |  out|    6|   ap_memory|  p_ZZN9gdn_mxfp818gdn_mxfp8_top_implEhthhPA128_K7ap_uintILi8EEPA4_S2_S4_S6_S4_S6_P_925|         array|
|p_ZZN9gdn_mxfp818gdn_mxfp8_top_implEhthhPA128_K7ap_uintILi8EEPA4_S2_S4_S6_S4_S6_P_805_address0  |  out|    5|   ap_memory|  p_ZZN9gdn_mxfp818gdn_mxfp8_top_implEhthhPA128_K7ap_uintILi8EEPA4_S2_S4_S6_S4_S6_P_805|         array|
|p_ZZN9gdn_mxfp818gdn_mxfp8_top_implEhthhPA128_K7ap_uintILi8EEPA4_S2_S4_S6_S4_S6_P_805_ce0       |  out|    1|   ap_memory|  p_ZZN9gdn_mxfp818gdn_mxfp8_top_implEhthhPA128_K7ap_uintILi8EEPA4_S2_S4_S6_S4_S6_P_805|         array|
|p_ZZN9gdn_mxfp818gdn_mxfp8_top_implEhthhPA128_K7ap_uintILi8EEPA4_S2_S4_S6_S4_S6_P_805_we0       |  out|    1|   ap_memory|  p_ZZN9gdn_mxfp818gdn_mxfp8_top_implEhthhPA128_K7ap_uintILi8EEPA4_S2_S4_S6_S4_S6_P_805|         array|
|p_ZZN9gdn_mxfp818gdn_mxfp8_top_implEhthhPA128_K7ap_uintILi8EEPA4_S2_S4_S6_S4_S6_P_805_d0        |  out|    9|   ap_memory|  p_ZZN9gdn_mxfp818gdn_mxfp8_top_implEhthhPA128_K7ap_uintILi8EEPA4_S2_S4_S6_S4_S6_P_805|         array|
|p_ZZN9gdn_mxfp818gdn_mxfp8_top_implEhthhPA128_K7ap_uintILi8EEPA4_S2_S4_S6_S4_S6_P_926_address0  |  out|    5|   ap_memory|  p_ZZN9gdn_mxfp818gdn_mxfp8_top_implEhthhPA128_K7ap_uintILi8EEPA4_S2_S4_S6_S4_S6_P_926|         array|
|p_ZZN9gdn_mxfp818gdn_mxfp8_top_implEhthhPA128_K7ap_uintILi8EEPA4_S2_S4_S6_S4_S6_P_926_ce0       |  out|    1|   ap_memory|  p_ZZN9gdn_mxfp818gdn_mxfp8_top_implEhthhPA128_K7ap_uintILi8EEPA4_S2_S4_S6_S4_S6_P_926|         array|
|p_ZZN9gdn_mxfp818gdn_mxfp8_top_implEhthhPA128_K7ap_uintILi8EEPA4_S2_S4_S6_S4_S6_P_926_we0       |  out|    1|   ap_memory|  p_ZZN9gdn_mxfp818gdn_mxfp8_top_implEhthhPA128_K7ap_uintILi8EEPA4_S2_S4_S6_S4_S6_P_926|         array|
|p_ZZN9gdn_mxfp818gdn_mxfp8_top_implEhthhPA128_K7ap_uintILi8EEPA4_S2_S4_S6_S4_S6_P_926_d0        |  out|    6|   ap_memory|  p_ZZN9gdn_mxfp818gdn_mxfp8_top_implEhthhPA128_K7ap_uintILi8EEPA4_S2_S4_S6_S4_S6_P_926|         array|
|p_ZZN9gdn_mxfp818gdn_mxfp8_top_implEhthhPA128_K7ap_uintILi8EEPA4_S2_S4_S6_S4_S6_P_806_address0  |  out|    5|   ap_memory|  p_ZZN9gdn_mxfp818gdn_mxfp8_top_implEhthhPA128_K7ap_uintILi8EEPA4_S2_S4_S6_S4_S6_P_806|         array|
|p_ZZN9gdn_mxfp818gdn_mxfp8_top_implEhthhPA128_K7ap_uintILi8EEPA4_S2_S4_S6_S4_S6_P_806_ce0       |  out|    1|   ap_memory|  p_ZZN9gdn_mxfp818gdn_mxfp8_top_implEhthhPA128_K7ap_uintILi8EEPA4_S2_S4_S6_S4_S6_P_806|         array|
|p_ZZN9gdn_mxfp818gdn_mxfp8_top_implEhthhPA128_K7ap_uintILi8EEPA4_S2_S4_S6_S4_S6_P_806_we0       |  out|    1|   ap_memory|  p_ZZN9gdn_mxfp818gdn_mxfp8_top_implEhthhPA128_K7ap_uintILi8EEPA4_S2_S4_S6_S4_S6_P_806|         array|
|p_ZZN9gdn_mxfp818gdn_mxfp8_top_implEhthhPA128_K7ap_uintILi8EEPA4_S2_S4_S6_S4_S6_P_806_d0        |  out|    9|   ap_memory|  p_ZZN9gdn_mxfp818gdn_mxfp8_top_implEhthhPA128_K7ap_uintILi8EEPA4_S2_S4_S6_S4_S6_P_806|         array|
|p_ZZN9gdn_mxfp818gdn_mxfp8_top_implEhthhPA128_K7ap_uintILi8EEPA4_S2_S4_S6_S4_S6_P_927_address0  |  out|    5|   ap_memory|  p_ZZN9gdn_mxfp818gdn_mxfp8_top_implEhthhPA128_K7ap_uintILi8EEPA4_S2_S4_S6_S4_S6_P_927|         array|
|p_ZZN9gdn_mxfp818gdn_mxfp8_top_implEhthhPA128_K7ap_uintILi8EEPA4_S2_S4_S6_S4_S6_P_927_ce0       |  out|    1|   ap_memory|  p_ZZN9gdn_mxfp818gdn_mxfp8_top_implEhthhPA128_K7ap_uintILi8EEPA4_S2_S4_S6_S4_S6_P_927|         array|
|p_ZZN9gdn_mxfp818gdn_mxfp8_top_implEhthhPA128_K7ap_uintILi8EEPA4_S2_S4_S6_S4_S6_P_927_we0       |  out|    1|   ap_memory|  p_ZZN9gdn_mxfp818gdn_mxfp8_top_implEhthhPA128_K7ap_uintILi8EEPA4_S2_S4_S6_S4_S6_P_927|         array|
|p_ZZN9gdn_mxfp818gdn_mxfp8_top_implEhthhPA128_K7ap_uintILi8EEPA4_S2_S4_S6_S4_S6_P_927_d0        |  out|    6|   ap_memory|  p_ZZN9gdn_mxfp818gdn_mxfp8_top_implEhthhPA128_K7ap_uintILi8EEPA4_S2_S4_S6_S4_S6_P_927|         array|
|p_ZZN9gdn_mxfp818gdn_mxfp8_top_implEhthhPA128_K7ap_uintILi8EEPA4_S2_S4_S6_S4_S6_P_807_address0  |  out|    5|   ap_memory|  p_ZZN9gdn_mxfp818gdn_mxfp8_top_implEhthhPA128_K7ap_uintILi8EEPA4_S2_S4_S6_S4_S6_P_807|         array|
|p_ZZN9gdn_mxfp818gdn_mxfp8_top_implEhthhPA128_K7ap_uintILi8EEPA4_S2_S4_S6_S4_S6_P_807_ce0       |  out|    1|   ap_memory|  p_ZZN9gdn_mxfp818gdn_mxfp8_top_implEhthhPA128_K7ap_uintILi8EEPA4_S2_S4_S6_S4_S6_P_807|         array|
|p_ZZN9gdn_mxfp818gdn_mxfp8_top_implEhthhPA128_K7ap_uintILi8EEPA4_S2_S4_S6_S4_S6_P_807_we0       |  out|    1|   ap_memory|  p_ZZN9gdn_mxfp818gdn_mxfp8_top_implEhthhPA128_K7ap_uintILi8EEPA4_S2_S4_S6_S4_S6_P_807|         array|
|p_ZZN9gdn_mxfp818gdn_mxfp8_top_implEhthhPA128_K7ap_uintILi8EEPA4_S2_S4_S6_S4_S6_P_807_d0        |  out|    9|   ap_memory|  p_ZZN9gdn_mxfp818gdn_mxfp8_top_implEhthhPA128_K7ap_uintILi8EEPA4_S2_S4_S6_S4_S6_P_807|         array|
|p_ZZN9gdn_mxfp818gdn_mxfp8_top_implEhthhPA128_K7ap_uintILi8EEPA4_S2_S4_S6_S4_S6_P_928_address0  |  out|    5|   ap_memory|  p_ZZN9gdn_mxfp818gdn_mxfp8_top_implEhthhPA128_K7ap_uintILi8EEPA4_S2_S4_S6_S4_S6_P_928|         array|
|p_ZZN9gdn_mxfp818gdn_mxfp8_top_implEhthhPA128_K7ap_uintILi8EEPA4_S2_S4_S6_S4_S6_P_928_ce0       |  out|    1|   ap_memory|  p_ZZN9gdn_mxfp818gdn_mxfp8_top_implEhthhPA128_K7ap_uintILi8EEPA4_S2_S4_S6_S4_S6_P_928|         array|
|p_ZZN9gdn_mxfp818gdn_mxfp8_top_implEhthhPA128_K7ap_uintILi8EEPA4_S2_S4_S6_S4_S6_P_928_we0       |  out|    1|   ap_memory|  p_ZZN9gdn_mxfp818gdn_mxfp8_top_implEhthhPA128_K7ap_uintILi8EEPA4_S2_S4_S6_S4_S6_P_928|         array|
|p_ZZN9gdn_mxfp818gdn_mxfp8_top_implEhthhPA128_K7ap_uintILi8EEPA4_S2_S4_S6_S4_S6_P_928_d0        |  out|    6|   ap_memory|  p_ZZN9gdn_mxfp818gdn_mxfp8_top_implEhthhPA128_K7ap_uintILi8EEPA4_S2_S4_S6_S4_S6_P_928|         array|
|p_ZZN9gdn_mxfp818gdn_mxfp8_top_implEhthhPA128_K7ap_uintILi8EEPA4_S2_S4_S6_S4_S6_P_808_address0  |  out|    5|   ap_memory|  p_ZZN9gdn_mxfp818gdn_mxfp8_top_implEhthhPA128_K7ap_uintILi8EEPA4_S2_S4_S6_S4_S6_P_808|         array|
|p_ZZN9gdn_mxfp818gdn_mxfp8_top_implEhthhPA128_K7ap_uintILi8EEPA4_S2_S4_S6_S4_S6_P_808_ce0       |  out|    1|   ap_memory|  p_ZZN9gdn_mxfp818gdn_mxfp8_top_implEhthhPA128_K7ap_uintILi8EEPA4_S2_S4_S6_S4_S6_P_808|         array|
|p_ZZN9gdn_mxfp818gdn_mxfp8_top_implEhthhPA128_K7ap_uintILi8EEPA4_S2_S4_S6_S4_S6_P_808_we0       |  out|    1|   ap_memory|  p_ZZN9gdn_mxfp818gdn_mxfp8_top_implEhthhPA128_K7ap_uintILi8EEPA4_S2_S4_S6_S4_S6_P_808|         array|
|p_ZZN9gdn_mxfp818gdn_mxfp8_top_implEhthhPA128_K7ap_uintILi8EEPA4_S2_S4_S6_S4_S6_P_808_d0        |  out|    9|   ap_memory|  p_ZZN9gdn_mxfp818gdn_mxfp8_top_implEhthhPA128_K7ap_uintILi8EEPA4_S2_S4_S6_S4_S6_P_808|         array|
|p_ZZN9gdn_mxfp818gdn_mxfp8_top_implEhthhPA128_K7ap_uintILi8EEPA4_S2_S4_S6_S4_S6_P_929_address0  |  out|    5|   ap_memory|  p_ZZN9gdn_mxfp818gdn_mxfp8_top_implEhthhPA128_K7ap_uintILi8EEPA4_S2_S4_S6_S4_S6_P_929|         array|
|p_ZZN9gdn_mxfp818gdn_mxfp8_top_implEhthhPA128_K7ap_uintILi8EEPA4_S2_S4_S6_S4_S6_P_929_ce0       |  out|    1|   ap_memory|  p_ZZN9gdn_mxfp818gdn_mxfp8_top_implEhthhPA128_K7ap_uintILi8EEPA4_S2_S4_S6_S4_S6_P_929|         array|
|p_ZZN9gdn_mxfp818gdn_mxfp8_top_implEhthhPA128_K7ap_uintILi8EEPA4_S2_S4_S6_S4_S6_P_929_we0       |  out|    1|   ap_memory|  p_ZZN9gdn_mxfp818gdn_mxfp8_top_implEhthhPA128_K7ap_uintILi8EEPA4_S2_S4_S6_S4_S6_P_929|         array|
|p_ZZN9gdn_mxfp818gdn_mxfp8_top_implEhthhPA128_K7ap_uintILi8EEPA4_S2_S4_S6_S4_S6_P_929_d0        |  out|    6|   ap_memory|  p_ZZN9gdn_mxfp818gdn_mxfp8_top_implEhthhPA128_K7ap_uintILi8EEPA4_S2_S4_S6_S4_S6_P_929|         array|
|p_ZZN9gdn_mxfp818gdn_mxfp8_top_implEhthhPA128_K7ap_uintILi8EEPA4_S2_S4_S6_S4_S6_P_809_address0  |  out|    5|   ap_memory|  p_ZZN9gdn_mxfp818gdn_mxfp8_top_implEhthhPA128_K7ap_uintILi8EEPA4_S2_S4_S6_S4_S6_P_809|         array|
|p_ZZN9gdn_mxfp818gdn_mxfp8_top_implEhthhPA128_K7ap_uintILi8EEPA4_S2_S4_S6_S4_S6_P_809_ce0       |  out|    1|   ap_memory|  p_ZZN9gdn_mxfp818gdn_mxfp8_top_implEhthhPA128_K7ap_uintILi8EEPA4_S2_S4_S6_S4_S6_P_809|         array|
|p_ZZN9gdn_mxfp818gdn_mxfp8_top_implEhthhPA128_K7ap_uintILi8EEPA4_S2_S4_S6_S4_S6_P_809_we0       |  out|    1|   ap_memory|  p_ZZN9gdn_mxfp818gdn_mxfp8_top_implEhthhPA128_K7ap_uintILi8EEPA4_S2_S4_S6_S4_S6_P_809|         array|
|p_ZZN9gdn_mxfp818gdn_mxfp8_top_implEhthhPA128_K7ap_uintILi8EEPA4_S2_S4_S6_S4_S6_P_809_d0        |  out|    9|   ap_memory|  p_ZZN9gdn_mxfp818gdn_mxfp8_top_implEhthhPA128_K7ap_uintILi8EEPA4_S2_S4_S6_S4_S6_P_809|         array|
|p_ZZN9gdn_mxfp818gdn_mxfp8_top_implEhthhPA128_K7ap_uintILi8EEPA4_S2_S4_S6_S4_S6_P_930_address0  |  out|    5|   ap_memory|  p_ZZN9gdn_mxfp818gdn_mxfp8_top_implEhthhPA128_K7ap_uintILi8EEPA4_S2_S4_S6_S4_S6_P_930|         array|
|p_ZZN9gdn_mxfp818gdn_mxfp8_top_implEhthhPA128_K7ap_uintILi8EEPA4_S2_S4_S6_S4_S6_P_930_ce0       |  out|    1|   ap_memory|  p_ZZN9gdn_mxfp818gdn_mxfp8_top_implEhthhPA128_K7ap_uintILi8EEPA4_S2_S4_S6_S4_S6_P_930|         array|
|p_ZZN9gdn_mxfp818gdn_mxfp8_top_implEhthhPA128_K7ap_uintILi8EEPA4_S2_S4_S6_S4_S6_P_930_we0       |  out|    1|   ap_memory|  p_ZZN9gdn_mxfp818gdn_mxfp8_top_implEhthhPA128_K7ap_uintILi8EEPA4_S2_S4_S6_S4_S6_P_930|         array|
|p_ZZN9gdn_mxfp818gdn_mxfp8_top_implEhthhPA128_K7ap_uintILi8EEPA4_S2_S4_S6_S4_S6_P_930_d0        |  out|    6|   ap_memory|  p_ZZN9gdn_mxfp818gdn_mxfp8_top_implEhthhPA128_K7ap_uintILi8EEPA4_S2_S4_S6_S4_S6_P_930|         array|
|p_ZZN9gdn_mxfp818gdn_mxfp8_top_implEhthhPA128_K7ap_uintILi8EEPA4_S2_S4_S6_S4_S6_P_810_address0  |  out|    5|   ap_memory|  p_ZZN9gdn_mxfp818gdn_mxfp8_top_implEhthhPA128_K7ap_uintILi8EEPA4_S2_S4_S6_S4_S6_P_810|         array|
|p_ZZN9gdn_mxfp818gdn_mxfp8_top_implEhthhPA128_K7ap_uintILi8EEPA4_S2_S4_S6_S4_S6_P_810_ce0       |  out|    1|   ap_memory|  p_ZZN9gdn_mxfp818gdn_mxfp8_top_implEhthhPA128_K7ap_uintILi8EEPA4_S2_S4_S6_S4_S6_P_810|         array|
|p_ZZN9gdn_mxfp818gdn_mxfp8_top_implEhthhPA128_K7ap_uintILi8EEPA4_S2_S4_S6_S4_S6_P_810_we0       |  out|    1|   ap_memory|  p_ZZN9gdn_mxfp818gdn_mxfp8_top_implEhthhPA128_K7ap_uintILi8EEPA4_S2_S4_S6_S4_S6_P_810|         array|
|p_ZZN9gdn_mxfp818gdn_mxfp8_top_implEhthhPA128_K7ap_uintILi8EEPA4_S2_S4_S6_S4_S6_P_810_d0        |  out|    9|   ap_memory|  p_ZZN9gdn_mxfp818gdn_mxfp8_top_implEhthhPA128_K7ap_uintILi8EEPA4_S2_S4_S6_S4_S6_P_810|         array|
|p_ZZN9gdn_mxfp818gdn_mxfp8_top_implEhthhPA128_K7ap_uintILi8EEPA4_S2_S4_S6_S4_S6_P_931_address0  |  out|    5|   ap_memory|  p_ZZN9gdn_mxfp818gdn_mxfp8_top_implEhthhPA128_K7ap_uintILi8EEPA4_S2_S4_S6_S4_S6_P_931|         array|
|p_ZZN9gdn_mxfp818gdn_mxfp8_top_implEhthhPA128_K7ap_uintILi8EEPA4_S2_S4_S6_S4_S6_P_931_ce0       |  out|    1|   ap_memory|  p_ZZN9gdn_mxfp818gdn_mxfp8_top_implEhthhPA128_K7ap_uintILi8EEPA4_S2_S4_S6_S4_S6_P_931|         array|
|p_ZZN9gdn_mxfp818gdn_mxfp8_top_implEhthhPA128_K7ap_uintILi8EEPA4_S2_S4_S6_S4_S6_P_931_we0       |  out|    1|   ap_memory|  p_ZZN9gdn_mxfp818gdn_mxfp8_top_implEhthhPA128_K7ap_uintILi8EEPA4_S2_S4_S6_S4_S6_P_931|         array|
|p_ZZN9gdn_mxfp818gdn_mxfp8_top_implEhthhPA128_K7ap_uintILi8EEPA4_S2_S4_S6_S4_S6_P_931_d0        |  out|    6|   ap_memory|  p_ZZN9gdn_mxfp818gdn_mxfp8_top_implEhthhPA128_K7ap_uintILi8EEPA4_S2_S4_S6_S4_S6_P_931|         array|
|p_ZZN9gdn_mxfp818gdn_mxfp8_top_implEhthhPA128_K7ap_uintILi8EEPA4_S2_S4_S6_S4_S6_P_811_address0  |  out|    5|   ap_memory|  p_ZZN9gdn_mxfp818gdn_mxfp8_top_implEhthhPA128_K7ap_uintILi8EEPA4_S2_S4_S6_S4_S6_P_811|         array|
|p_ZZN9gdn_mxfp818gdn_mxfp8_top_implEhthhPA128_K7ap_uintILi8EEPA4_S2_S4_S6_S4_S6_P_811_ce0       |  out|    1|   ap_memory|  p_ZZN9gdn_mxfp818gdn_mxfp8_top_implEhthhPA128_K7ap_uintILi8EEPA4_S2_S4_S6_S4_S6_P_811|         array|
|p_ZZN9gdn_mxfp818gdn_mxfp8_top_implEhthhPA128_K7ap_uintILi8EEPA4_S2_S4_S6_S4_S6_P_811_we0       |  out|    1|   ap_memory|  p_ZZN9gdn_mxfp818gdn_mxfp8_top_implEhthhPA128_K7ap_uintILi8EEPA4_S2_S4_S6_S4_S6_P_811|         array|
|p_ZZN9gdn_mxfp818gdn_mxfp8_top_implEhthhPA128_K7ap_uintILi8EEPA4_S2_S4_S6_S4_S6_P_811_d0        |  out|    9|   ap_memory|  p_ZZN9gdn_mxfp818gdn_mxfp8_top_implEhthhPA128_K7ap_uintILi8EEPA4_S2_S4_S6_S4_S6_P_811|         array|
|p_ZZN9gdn_mxfp818gdn_mxfp8_top_implEhthhPA128_K7ap_uintILi8EEPA4_S2_S4_S6_S4_S6_P_932_address0  |  out|    5|   ap_memory|  p_ZZN9gdn_mxfp818gdn_mxfp8_top_implEhthhPA128_K7ap_uintILi8EEPA4_S2_S4_S6_S4_S6_P_932|         array|
|p_ZZN9gdn_mxfp818gdn_mxfp8_top_implEhthhPA128_K7ap_uintILi8EEPA4_S2_S4_S6_S4_S6_P_932_ce0       |  out|    1|   ap_memory|  p_ZZN9gdn_mxfp818gdn_mxfp8_top_implEhthhPA128_K7ap_uintILi8EEPA4_S2_S4_S6_S4_S6_P_932|         array|
|p_ZZN9gdn_mxfp818gdn_mxfp8_top_implEhthhPA128_K7ap_uintILi8EEPA4_S2_S4_S6_S4_S6_P_932_we0       |  out|    1|   ap_memory|  p_ZZN9gdn_mxfp818gdn_mxfp8_top_implEhthhPA128_K7ap_uintILi8EEPA4_S2_S4_S6_S4_S6_P_932|         array|
|p_ZZN9gdn_mxfp818gdn_mxfp8_top_implEhthhPA128_K7ap_uintILi8EEPA4_S2_S4_S6_S4_S6_P_932_d0        |  out|    6|   ap_memory|  p_ZZN9gdn_mxfp818gdn_mxfp8_top_implEhthhPA128_K7ap_uintILi8EEPA4_S2_S4_S6_S4_S6_P_932|         array|
|p_ZZN9gdn_mxfp818gdn_mxfp8_top_implEhthhPA128_K7ap_uintILi8EEPA4_S2_S4_S6_S4_S6_P_812_address0  |  out|    5|   ap_memory|  p_ZZN9gdn_mxfp818gdn_mxfp8_top_implEhthhPA128_K7ap_uintILi8EEPA4_S2_S4_S6_S4_S6_P_812|         array|
|p_ZZN9gdn_mxfp818gdn_mxfp8_top_implEhthhPA128_K7ap_uintILi8EEPA4_S2_S4_S6_S4_S6_P_812_ce0       |  out|    1|   ap_memory|  p_ZZN9gdn_mxfp818gdn_mxfp8_top_implEhthhPA128_K7ap_uintILi8EEPA4_S2_S4_S6_S4_S6_P_812|         array|
|p_ZZN9gdn_mxfp818gdn_mxfp8_top_implEhthhPA128_K7ap_uintILi8EEPA4_S2_S4_S6_S4_S6_P_812_we0       |  out|    1|   ap_memory|  p_ZZN9gdn_mxfp818gdn_mxfp8_top_implEhthhPA128_K7ap_uintILi8EEPA4_S2_S4_S6_S4_S6_P_812|         array|
|p_ZZN9gdn_mxfp818gdn_mxfp8_top_implEhthhPA128_K7ap_uintILi8EEPA4_S2_S4_S6_S4_S6_P_812_d0        |  out|    9|   ap_memory|  p_ZZN9gdn_mxfp818gdn_mxfp8_top_implEhthhPA128_K7ap_uintILi8EEPA4_S2_S4_S6_S4_S6_P_812|         array|
|p_ZZN9gdn_mxfp818gdn_mxfp8_top_implEhthhPA128_K7ap_uintILi8EEPA4_S2_S4_S6_S4_S6_P_933_address0  |  out|    5|   ap_memory|  p_ZZN9gdn_mxfp818gdn_mxfp8_top_implEhthhPA128_K7ap_uintILi8EEPA4_S2_S4_S6_S4_S6_P_933|         array|
|p_ZZN9gdn_mxfp818gdn_mxfp8_top_implEhthhPA128_K7ap_uintILi8EEPA4_S2_S4_S6_S4_S6_P_933_ce0       |  out|    1|   ap_memory|  p_ZZN9gdn_mxfp818gdn_mxfp8_top_implEhthhPA128_K7ap_uintILi8EEPA4_S2_S4_S6_S4_S6_P_933|         array|
|p_ZZN9gdn_mxfp818gdn_mxfp8_top_implEhthhPA128_K7ap_uintILi8EEPA4_S2_S4_S6_S4_S6_P_933_we0       |  out|    1|   ap_memory|  p_ZZN9gdn_mxfp818gdn_mxfp8_top_implEhthhPA128_K7ap_uintILi8EEPA4_S2_S4_S6_S4_S6_P_933|         array|
|p_ZZN9gdn_mxfp818gdn_mxfp8_top_implEhthhPA128_K7ap_uintILi8EEPA4_S2_S4_S6_S4_S6_P_933_d0        |  out|    6|   ap_memory|  p_ZZN9gdn_mxfp818gdn_mxfp8_top_implEhthhPA128_K7ap_uintILi8EEPA4_S2_S4_S6_S4_S6_P_933|         array|
|p_ZZN9gdn_mxfp818gdn_mxfp8_top_implEhthhPA128_K7ap_uintILi8EEPA4_S2_S4_S6_S4_S6_P_813_address0  |  out|    5|   ap_memory|  p_ZZN9gdn_mxfp818gdn_mxfp8_top_implEhthhPA128_K7ap_uintILi8EEPA4_S2_S4_S6_S4_S6_P_813|         array|
|p_ZZN9gdn_mxfp818gdn_mxfp8_top_implEhthhPA128_K7ap_uintILi8EEPA4_S2_S4_S6_S4_S6_P_813_ce0       |  out|    1|   ap_memory|  p_ZZN9gdn_mxfp818gdn_mxfp8_top_implEhthhPA128_K7ap_uintILi8EEPA4_S2_S4_S6_S4_S6_P_813|         array|
|p_ZZN9gdn_mxfp818gdn_mxfp8_top_implEhthhPA128_K7ap_uintILi8EEPA4_S2_S4_S6_S4_S6_P_813_we0       |  out|    1|   ap_memory|  p_ZZN9gdn_mxfp818gdn_mxfp8_top_implEhthhPA128_K7ap_uintILi8EEPA4_S2_S4_S6_S4_S6_P_813|         array|
|p_ZZN9gdn_mxfp818gdn_mxfp8_top_implEhthhPA128_K7ap_uintILi8EEPA4_S2_S4_S6_S4_S6_P_813_d0        |  out|    9|   ap_memory|  p_ZZN9gdn_mxfp818gdn_mxfp8_top_implEhthhPA128_K7ap_uintILi8EEPA4_S2_S4_S6_S4_S6_P_813|         array|
|p_ZZN9gdn_mxfp818gdn_mxfp8_top_implEhthhPA128_K7ap_uintILi8EEPA4_S2_S4_S6_S4_S6_P_934_address0  |  out|    5|   ap_memory|  p_ZZN9gdn_mxfp818gdn_mxfp8_top_implEhthhPA128_K7ap_uintILi8EEPA4_S2_S4_S6_S4_S6_P_934|         array|
|p_ZZN9gdn_mxfp818gdn_mxfp8_top_implEhthhPA128_K7ap_uintILi8EEPA4_S2_S4_S6_S4_S6_P_934_ce0       |  out|    1|   ap_memory|  p_ZZN9gdn_mxfp818gdn_mxfp8_top_implEhthhPA128_K7ap_uintILi8EEPA4_S2_S4_S6_S4_S6_P_934|         array|
|p_ZZN9gdn_mxfp818gdn_mxfp8_top_implEhthhPA128_K7ap_uintILi8EEPA4_S2_S4_S6_S4_S6_P_934_we0       |  out|    1|   ap_memory|  p_ZZN9gdn_mxfp818gdn_mxfp8_top_implEhthhPA128_K7ap_uintILi8EEPA4_S2_S4_S6_S4_S6_P_934|         array|
|p_ZZN9gdn_mxfp818gdn_mxfp8_top_implEhthhPA128_K7ap_uintILi8EEPA4_S2_S4_S6_S4_S6_P_934_d0        |  out|    6|   ap_memory|  p_ZZN9gdn_mxfp818gdn_mxfp8_top_implEhthhPA128_K7ap_uintILi8EEPA4_S2_S4_S6_S4_S6_P_934|         array|
|p_ZZN9gdn_mxfp818gdn_mxfp8_top_implEhthhPA128_K7ap_uintILi8EEPA4_S2_S4_S6_S4_S6_P_814_address0  |  out|    5|   ap_memory|  p_ZZN9gdn_mxfp818gdn_mxfp8_top_implEhthhPA128_K7ap_uintILi8EEPA4_S2_S4_S6_S4_S6_P_814|         array|
|p_ZZN9gdn_mxfp818gdn_mxfp8_top_implEhthhPA128_K7ap_uintILi8EEPA4_S2_S4_S6_S4_S6_P_814_ce0       |  out|    1|   ap_memory|  p_ZZN9gdn_mxfp818gdn_mxfp8_top_implEhthhPA128_K7ap_uintILi8EEPA4_S2_S4_S6_S4_S6_P_814|         array|
|p_ZZN9gdn_mxfp818gdn_mxfp8_top_implEhthhPA128_K7ap_uintILi8EEPA4_S2_S4_S6_S4_S6_P_814_we0       |  out|    1|   ap_memory|  p_ZZN9gdn_mxfp818gdn_mxfp8_top_implEhthhPA128_K7ap_uintILi8EEPA4_S2_S4_S6_S4_S6_P_814|         array|
|p_ZZN9gdn_mxfp818gdn_mxfp8_top_implEhthhPA128_K7ap_uintILi8EEPA4_S2_S4_S6_S4_S6_P_814_d0        |  out|    9|   ap_memory|  p_ZZN9gdn_mxfp818gdn_mxfp8_top_implEhthhPA128_K7ap_uintILi8EEPA4_S2_S4_S6_S4_S6_P_814|         array|
|p_ZZN9gdn_mxfp818gdn_mxfp8_top_implEhthhPA128_K7ap_uintILi8EEPA4_S2_S4_S6_S4_S6_P_935_address0  |  out|    5|   ap_memory|  p_ZZN9gdn_mxfp818gdn_mxfp8_top_implEhthhPA128_K7ap_uintILi8EEPA4_S2_S4_S6_S4_S6_P_935|         array|
|p_ZZN9gdn_mxfp818gdn_mxfp8_top_implEhthhPA128_K7ap_uintILi8EEPA4_S2_S4_S6_S4_S6_P_935_ce0       |  out|    1|   ap_memory|  p_ZZN9gdn_mxfp818gdn_mxfp8_top_implEhthhPA128_K7ap_uintILi8EEPA4_S2_S4_S6_S4_S6_P_935|         array|
|p_ZZN9gdn_mxfp818gdn_mxfp8_top_implEhthhPA128_K7ap_uintILi8EEPA4_S2_S4_S6_S4_S6_P_935_we0       |  out|    1|   ap_memory|  p_ZZN9gdn_mxfp818gdn_mxfp8_top_implEhthhPA128_K7ap_uintILi8EEPA4_S2_S4_S6_S4_S6_P_935|         array|
|p_ZZN9gdn_mxfp818gdn_mxfp8_top_implEhthhPA128_K7ap_uintILi8EEPA4_S2_S4_S6_S4_S6_P_935_d0        |  out|    6|   ap_memory|  p_ZZN9gdn_mxfp818gdn_mxfp8_top_implEhthhPA128_K7ap_uintILi8EEPA4_S2_S4_S6_S4_S6_P_935|         array|
|p_ZZN9gdn_mxfp818gdn_mxfp8_top_implEhthhPA128_K7ap_uintILi8EEPA4_S2_S4_S6_S4_S6_P_815_address0  |  out|    5|   ap_memory|  p_ZZN9gdn_mxfp818gdn_mxfp8_top_implEhthhPA128_K7ap_uintILi8EEPA4_S2_S4_S6_S4_S6_P_815|         array|
|p_ZZN9gdn_mxfp818gdn_mxfp8_top_implEhthhPA128_K7ap_uintILi8EEPA4_S2_S4_S6_S4_S6_P_815_ce0       |  out|    1|   ap_memory|  p_ZZN9gdn_mxfp818gdn_mxfp8_top_implEhthhPA128_K7ap_uintILi8EEPA4_S2_S4_S6_S4_S6_P_815|         array|
|p_ZZN9gdn_mxfp818gdn_mxfp8_top_implEhthhPA128_K7ap_uintILi8EEPA4_S2_S4_S6_S4_S6_P_815_we0       |  out|    1|   ap_memory|  p_ZZN9gdn_mxfp818gdn_mxfp8_top_implEhthhPA128_K7ap_uintILi8EEPA4_S2_S4_S6_S4_S6_P_815|         array|
|p_ZZN9gdn_mxfp818gdn_mxfp8_top_implEhthhPA128_K7ap_uintILi8EEPA4_S2_S4_S6_S4_S6_P_815_d0        |  out|    9|   ap_memory|  p_ZZN9gdn_mxfp818gdn_mxfp8_top_implEhthhPA128_K7ap_uintILi8EEPA4_S2_S4_S6_S4_S6_P_815|         array|
|p_ZZN9gdn_mxfp818gdn_mxfp8_top_implEhthhPA128_K7ap_uintILi8EEPA4_S2_S4_S6_S4_S6_P_936_address0  |  out|    5|   ap_memory|  p_ZZN9gdn_mxfp818gdn_mxfp8_top_implEhthhPA128_K7ap_uintILi8EEPA4_S2_S4_S6_S4_S6_P_936|         array|
|p_ZZN9gdn_mxfp818gdn_mxfp8_top_implEhthhPA128_K7ap_uintILi8EEPA4_S2_S4_S6_S4_S6_P_936_ce0       |  out|    1|   ap_memory|  p_ZZN9gdn_mxfp818gdn_mxfp8_top_implEhthhPA128_K7ap_uintILi8EEPA4_S2_S4_S6_S4_S6_P_936|         array|
|p_ZZN9gdn_mxfp818gdn_mxfp8_top_implEhthhPA128_K7ap_uintILi8EEPA4_S2_S4_S6_S4_S6_P_936_we0       |  out|    1|   ap_memory|  p_ZZN9gdn_mxfp818gdn_mxfp8_top_implEhthhPA128_K7ap_uintILi8EEPA4_S2_S4_S6_S4_S6_P_936|         array|
|p_ZZN9gdn_mxfp818gdn_mxfp8_top_implEhthhPA128_K7ap_uintILi8EEPA4_S2_S4_S6_S4_S6_P_936_d0        |  out|    6|   ap_memory|  p_ZZN9gdn_mxfp818gdn_mxfp8_top_implEhthhPA128_K7ap_uintILi8EEPA4_S2_S4_S6_S4_S6_P_936|         array|
|p_ZZN9gdn_mxfp818gdn_mxfp8_top_implEhthhPA128_K7ap_uintILi8EEPA4_S2_S4_S6_S4_S6_P_816_address0  |  out|    5|   ap_memory|  p_ZZN9gdn_mxfp818gdn_mxfp8_top_implEhthhPA128_K7ap_uintILi8EEPA4_S2_S4_S6_S4_S6_P_816|         array|
|p_ZZN9gdn_mxfp818gdn_mxfp8_top_implEhthhPA128_K7ap_uintILi8EEPA4_S2_S4_S6_S4_S6_P_816_ce0       |  out|    1|   ap_memory|  p_ZZN9gdn_mxfp818gdn_mxfp8_top_implEhthhPA128_K7ap_uintILi8EEPA4_S2_S4_S6_S4_S6_P_816|         array|
|p_ZZN9gdn_mxfp818gdn_mxfp8_top_implEhthhPA128_K7ap_uintILi8EEPA4_S2_S4_S6_S4_S6_P_816_we0       |  out|    1|   ap_memory|  p_ZZN9gdn_mxfp818gdn_mxfp8_top_implEhthhPA128_K7ap_uintILi8EEPA4_S2_S4_S6_S4_S6_P_816|         array|
|p_ZZN9gdn_mxfp818gdn_mxfp8_top_implEhthhPA128_K7ap_uintILi8EEPA4_S2_S4_S6_S4_S6_P_816_d0        |  out|    9|   ap_memory|  p_ZZN9gdn_mxfp818gdn_mxfp8_top_implEhthhPA128_K7ap_uintILi8EEPA4_S2_S4_S6_S4_S6_P_816|         array|
|p_ZZN9gdn_mxfp818gdn_mxfp8_top_implEhthhPA128_K7ap_uintILi8EEPA4_S2_S4_S6_S4_S6_P_937_address0  |  out|    5|   ap_memory|  p_ZZN9gdn_mxfp818gdn_mxfp8_top_implEhthhPA128_K7ap_uintILi8EEPA4_S2_S4_S6_S4_S6_P_937|         array|
|p_ZZN9gdn_mxfp818gdn_mxfp8_top_implEhthhPA128_K7ap_uintILi8EEPA4_S2_S4_S6_S4_S6_P_937_ce0       |  out|    1|   ap_memory|  p_ZZN9gdn_mxfp818gdn_mxfp8_top_implEhthhPA128_K7ap_uintILi8EEPA4_S2_S4_S6_S4_S6_P_937|         array|
|p_ZZN9gdn_mxfp818gdn_mxfp8_top_implEhthhPA128_K7ap_uintILi8EEPA4_S2_S4_S6_S4_S6_P_937_we0       |  out|    1|   ap_memory|  p_ZZN9gdn_mxfp818gdn_mxfp8_top_implEhthhPA128_K7ap_uintILi8EEPA4_S2_S4_S6_S4_S6_P_937|         array|
|p_ZZN9gdn_mxfp818gdn_mxfp8_top_implEhthhPA128_K7ap_uintILi8EEPA4_S2_S4_S6_S4_S6_P_937_d0        |  out|    6|   ap_memory|  p_ZZN9gdn_mxfp818gdn_mxfp8_top_implEhthhPA128_K7ap_uintILi8EEPA4_S2_S4_S6_S4_S6_P_937|         array|
|p_ZZN9gdn_mxfp818gdn_mxfp8_top_implEhthhPA128_K7ap_uintILi8EEPA4_S2_S4_S6_S4_S6_P_817_address0  |  out|    5|   ap_memory|  p_ZZN9gdn_mxfp818gdn_mxfp8_top_implEhthhPA128_K7ap_uintILi8EEPA4_S2_S4_S6_S4_S6_P_817|         array|
|p_ZZN9gdn_mxfp818gdn_mxfp8_top_implEhthhPA128_K7ap_uintILi8EEPA4_S2_S4_S6_S4_S6_P_817_ce0       |  out|    1|   ap_memory|  p_ZZN9gdn_mxfp818gdn_mxfp8_top_implEhthhPA128_K7ap_uintILi8EEPA4_S2_S4_S6_S4_S6_P_817|         array|
|p_ZZN9gdn_mxfp818gdn_mxfp8_top_implEhthhPA128_K7ap_uintILi8EEPA4_S2_S4_S6_S4_S6_P_817_we0       |  out|    1|   ap_memory|  p_ZZN9gdn_mxfp818gdn_mxfp8_top_implEhthhPA128_K7ap_uintILi8EEPA4_S2_S4_S6_S4_S6_P_817|         array|
|p_ZZN9gdn_mxfp818gdn_mxfp8_top_implEhthhPA128_K7ap_uintILi8EEPA4_S2_S4_S6_S4_S6_P_817_d0        |  out|    9|   ap_memory|  p_ZZN9gdn_mxfp818gdn_mxfp8_top_implEhthhPA128_K7ap_uintILi8EEPA4_S2_S4_S6_S4_S6_P_817|         array|
|p_ZZN9gdn_mxfp818gdn_mxfp8_top_implEhthhPA128_K7ap_uintILi8EEPA4_S2_S4_S6_S4_S6_P_938_address0  |  out|    5|   ap_memory|  p_ZZN9gdn_mxfp818gdn_mxfp8_top_implEhthhPA128_K7ap_uintILi8EEPA4_S2_S4_S6_S4_S6_P_938|         array|
|p_ZZN9gdn_mxfp818gdn_mxfp8_top_implEhthhPA128_K7ap_uintILi8EEPA4_S2_S4_S6_S4_S6_P_938_ce0       |  out|    1|   ap_memory|  p_ZZN9gdn_mxfp818gdn_mxfp8_top_implEhthhPA128_K7ap_uintILi8EEPA4_S2_S4_S6_S4_S6_P_938|         array|
|p_ZZN9gdn_mxfp818gdn_mxfp8_top_implEhthhPA128_K7ap_uintILi8EEPA4_S2_S4_S6_S4_S6_P_938_we0       |  out|    1|   ap_memory|  p_ZZN9gdn_mxfp818gdn_mxfp8_top_implEhthhPA128_K7ap_uintILi8EEPA4_S2_S4_S6_S4_S6_P_938|         array|
|p_ZZN9gdn_mxfp818gdn_mxfp8_top_implEhthhPA128_K7ap_uintILi8EEPA4_S2_S4_S6_S4_S6_P_938_d0        |  out|    6|   ap_memory|  p_ZZN9gdn_mxfp818gdn_mxfp8_top_implEhthhPA128_K7ap_uintILi8EEPA4_S2_S4_S6_S4_S6_P_938|         array|
|p_ZZN9gdn_mxfp818gdn_mxfp8_top_implEhthhPA128_K7ap_uintILi8EEPA4_S2_S4_S6_S4_S6_P_818_address0  |  out|    5|   ap_memory|  p_ZZN9gdn_mxfp818gdn_mxfp8_top_implEhthhPA128_K7ap_uintILi8EEPA4_S2_S4_S6_S4_S6_P_818|         array|
|p_ZZN9gdn_mxfp818gdn_mxfp8_top_implEhthhPA128_K7ap_uintILi8EEPA4_S2_S4_S6_S4_S6_P_818_ce0       |  out|    1|   ap_memory|  p_ZZN9gdn_mxfp818gdn_mxfp8_top_implEhthhPA128_K7ap_uintILi8EEPA4_S2_S4_S6_S4_S6_P_818|         array|
|p_ZZN9gdn_mxfp818gdn_mxfp8_top_implEhthhPA128_K7ap_uintILi8EEPA4_S2_S4_S6_S4_S6_P_818_we0       |  out|    1|   ap_memory|  p_ZZN9gdn_mxfp818gdn_mxfp8_top_implEhthhPA128_K7ap_uintILi8EEPA4_S2_S4_S6_S4_S6_P_818|         array|
|p_ZZN9gdn_mxfp818gdn_mxfp8_top_implEhthhPA128_K7ap_uintILi8EEPA4_S2_S4_S6_S4_S6_P_818_d0        |  out|    9|   ap_memory|  p_ZZN9gdn_mxfp818gdn_mxfp8_top_implEhthhPA128_K7ap_uintILi8EEPA4_S2_S4_S6_S4_S6_P_818|         array|
|p_ZZN9gdn_mxfp818gdn_mxfp8_top_implEhthhPA128_K7ap_uintILi8EEPA4_S2_S4_S6_S4_S6_P_939_address0  |  out|    5|   ap_memory|  p_ZZN9gdn_mxfp818gdn_mxfp8_top_implEhthhPA128_K7ap_uintILi8EEPA4_S2_S4_S6_S4_S6_P_939|         array|
|p_ZZN9gdn_mxfp818gdn_mxfp8_top_implEhthhPA128_K7ap_uintILi8EEPA4_S2_S4_S6_S4_S6_P_939_ce0       |  out|    1|   ap_memory|  p_ZZN9gdn_mxfp818gdn_mxfp8_top_implEhthhPA128_K7ap_uintILi8EEPA4_S2_S4_S6_S4_S6_P_939|         array|
|p_ZZN9gdn_mxfp818gdn_mxfp8_top_implEhthhPA128_K7ap_uintILi8EEPA4_S2_S4_S6_S4_S6_P_939_we0       |  out|    1|   ap_memory|  p_ZZN9gdn_mxfp818gdn_mxfp8_top_implEhthhPA128_K7ap_uintILi8EEPA4_S2_S4_S6_S4_S6_P_939|         array|
|p_ZZN9gdn_mxfp818gdn_mxfp8_top_implEhthhPA128_K7ap_uintILi8EEPA4_S2_S4_S6_S4_S6_P_939_d0        |  out|    6|   ap_memory|  p_ZZN9gdn_mxfp818gdn_mxfp8_top_implEhthhPA128_K7ap_uintILi8EEPA4_S2_S4_S6_S4_S6_P_939|         array|
|p_ZZN9gdn_mxfp818gdn_mxfp8_top_implEhthhPA128_K7ap_uintILi8EEPA4_S2_S4_S6_S4_S6_P_819_address0  |  out|    5|   ap_memory|  p_ZZN9gdn_mxfp818gdn_mxfp8_top_implEhthhPA128_K7ap_uintILi8EEPA4_S2_S4_S6_S4_S6_P_819|         array|
|p_ZZN9gdn_mxfp818gdn_mxfp8_top_implEhthhPA128_K7ap_uintILi8EEPA4_S2_S4_S6_S4_S6_P_819_ce0       |  out|    1|   ap_memory|  p_ZZN9gdn_mxfp818gdn_mxfp8_top_implEhthhPA128_K7ap_uintILi8EEPA4_S2_S4_S6_S4_S6_P_819|         array|
|p_ZZN9gdn_mxfp818gdn_mxfp8_top_implEhthhPA128_K7ap_uintILi8EEPA4_S2_S4_S6_S4_S6_P_819_we0       |  out|    1|   ap_memory|  p_ZZN9gdn_mxfp818gdn_mxfp8_top_implEhthhPA128_K7ap_uintILi8EEPA4_S2_S4_S6_S4_S6_P_819|         array|
|p_ZZN9gdn_mxfp818gdn_mxfp8_top_implEhthhPA128_K7ap_uintILi8EEPA4_S2_S4_S6_S4_S6_P_819_d0        |  out|    9|   ap_memory|  p_ZZN9gdn_mxfp818gdn_mxfp8_top_implEhthhPA128_K7ap_uintILi8EEPA4_S2_S4_S6_S4_S6_P_819|         array|
|p_ZZN9gdn_mxfp818gdn_mxfp8_top_implEhthhPA128_K7ap_uintILi8EEPA4_S2_S4_S6_S4_S6_P_940_address0  |  out|    5|   ap_memory|  p_ZZN9gdn_mxfp818gdn_mxfp8_top_implEhthhPA128_K7ap_uintILi8EEPA4_S2_S4_S6_S4_S6_P_940|         array|
|p_ZZN9gdn_mxfp818gdn_mxfp8_top_implEhthhPA128_K7ap_uintILi8EEPA4_S2_S4_S6_S4_S6_P_940_ce0       |  out|    1|   ap_memory|  p_ZZN9gdn_mxfp818gdn_mxfp8_top_implEhthhPA128_K7ap_uintILi8EEPA4_S2_S4_S6_S4_S6_P_940|         array|
|p_ZZN9gdn_mxfp818gdn_mxfp8_top_implEhthhPA128_K7ap_uintILi8EEPA4_S2_S4_S6_S4_S6_P_940_we0       |  out|    1|   ap_memory|  p_ZZN9gdn_mxfp818gdn_mxfp8_top_implEhthhPA128_K7ap_uintILi8EEPA4_S2_S4_S6_S4_S6_P_940|         array|
|p_ZZN9gdn_mxfp818gdn_mxfp8_top_implEhthhPA128_K7ap_uintILi8EEPA4_S2_S4_S6_S4_S6_P_940_d0        |  out|    6|   ap_memory|  p_ZZN9gdn_mxfp818gdn_mxfp8_top_implEhthhPA128_K7ap_uintILi8EEPA4_S2_S4_S6_S4_S6_P_940|         array|
|p_ZZN9gdn_mxfp818gdn_mxfp8_top_implEhthhPA128_K7ap_uintILi8EEPA4_S2_S4_S6_S4_S6_P_820_address0  |  out|    5|   ap_memory|  p_ZZN9gdn_mxfp818gdn_mxfp8_top_implEhthhPA128_K7ap_uintILi8EEPA4_S2_S4_S6_S4_S6_P_820|         array|
|p_ZZN9gdn_mxfp818gdn_mxfp8_top_implEhthhPA128_K7ap_uintILi8EEPA4_S2_S4_S6_S4_S6_P_820_ce0       |  out|    1|   ap_memory|  p_ZZN9gdn_mxfp818gdn_mxfp8_top_implEhthhPA128_K7ap_uintILi8EEPA4_S2_S4_S6_S4_S6_P_820|         array|
|p_ZZN9gdn_mxfp818gdn_mxfp8_top_implEhthhPA128_K7ap_uintILi8EEPA4_S2_S4_S6_S4_S6_P_820_we0       |  out|    1|   ap_memory|  p_ZZN9gdn_mxfp818gdn_mxfp8_top_implEhthhPA128_K7ap_uintILi8EEPA4_S2_S4_S6_S4_S6_P_820|         array|
|p_ZZN9gdn_mxfp818gdn_mxfp8_top_implEhthhPA128_K7ap_uintILi8EEPA4_S2_S4_S6_S4_S6_P_820_d0        |  out|    9|   ap_memory|  p_ZZN9gdn_mxfp818gdn_mxfp8_top_implEhthhPA128_K7ap_uintILi8EEPA4_S2_S4_S6_S4_S6_P_820|         array|
|p_ZZN9gdn_mxfp818gdn_mxfp8_top_implEhthhPA128_K7ap_uintILi8EEPA4_S2_S4_S6_S4_S6_P_941_address0  |  out|    5|   ap_memory|  p_ZZN9gdn_mxfp818gdn_mxfp8_top_implEhthhPA128_K7ap_uintILi8EEPA4_S2_S4_S6_S4_S6_P_941|         array|
|p_ZZN9gdn_mxfp818gdn_mxfp8_top_implEhthhPA128_K7ap_uintILi8EEPA4_S2_S4_S6_S4_S6_P_941_ce0       |  out|    1|   ap_memory|  p_ZZN9gdn_mxfp818gdn_mxfp8_top_implEhthhPA128_K7ap_uintILi8EEPA4_S2_S4_S6_S4_S6_P_941|         array|
|p_ZZN9gdn_mxfp818gdn_mxfp8_top_implEhthhPA128_K7ap_uintILi8EEPA4_S2_S4_S6_S4_S6_P_941_we0       |  out|    1|   ap_memory|  p_ZZN9gdn_mxfp818gdn_mxfp8_top_implEhthhPA128_K7ap_uintILi8EEPA4_S2_S4_S6_S4_S6_P_941|         array|
|p_ZZN9gdn_mxfp818gdn_mxfp8_top_implEhthhPA128_K7ap_uintILi8EEPA4_S2_S4_S6_S4_S6_P_941_d0        |  out|    6|   ap_memory|  p_ZZN9gdn_mxfp818gdn_mxfp8_top_implEhthhPA128_K7ap_uintILi8EEPA4_S2_S4_S6_S4_S6_P_941|         array|
|p_ZZN9gdn_mxfp818gdn_mxfp8_top_implEhthhPA128_K7ap_uintILi8EEPA4_S2_S4_S6_S4_S6_P_821_address0  |  out|    5|   ap_memory|  p_ZZN9gdn_mxfp818gdn_mxfp8_top_implEhthhPA128_K7ap_uintILi8EEPA4_S2_S4_S6_S4_S6_P_821|         array|
|p_ZZN9gdn_mxfp818gdn_mxfp8_top_implEhthhPA128_K7ap_uintILi8EEPA4_S2_S4_S6_S4_S6_P_821_ce0       |  out|    1|   ap_memory|  p_ZZN9gdn_mxfp818gdn_mxfp8_top_implEhthhPA128_K7ap_uintILi8EEPA4_S2_S4_S6_S4_S6_P_821|         array|
|p_ZZN9gdn_mxfp818gdn_mxfp8_top_implEhthhPA128_K7ap_uintILi8EEPA4_S2_S4_S6_S4_S6_P_821_we0       |  out|    1|   ap_memory|  p_ZZN9gdn_mxfp818gdn_mxfp8_top_implEhthhPA128_K7ap_uintILi8EEPA4_S2_S4_S6_S4_S6_P_821|         array|
|p_ZZN9gdn_mxfp818gdn_mxfp8_top_implEhthhPA128_K7ap_uintILi8EEPA4_S2_S4_S6_S4_S6_P_821_d0        |  out|    9|   ap_memory|  p_ZZN9gdn_mxfp818gdn_mxfp8_top_implEhthhPA128_K7ap_uintILi8EEPA4_S2_S4_S6_S4_S6_P_821|         array|
|p_ZZN9gdn_mxfp818gdn_mxfp8_top_implEhthhPA128_K7ap_uintILi8EEPA4_S2_S4_S6_S4_S6_P_942_address0  |  out|    5|   ap_memory|  p_ZZN9gdn_mxfp818gdn_mxfp8_top_implEhthhPA128_K7ap_uintILi8EEPA4_S2_S4_S6_S4_S6_P_942|         array|
|p_ZZN9gdn_mxfp818gdn_mxfp8_top_implEhthhPA128_K7ap_uintILi8EEPA4_S2_S4_S6_S4_S6_P_942_ce0       |  out|    1|   ap_memory|  p_ZZN9gdn_mxfp818gdn_mxfp8_top_implEhthhPA128_K7ap_uintILi8EEPA4_S2_S4_S6_S4_S6_P_942|         array|
|p_ZZN9gdn_mxfp818gdn_mxfp8_top_implEhthhPA128_K7ap_uintILi8EEPA4_S2_S4_S6_S4_S6_P_942_we0       |  out|    1|   ap_memory|  p_ZZN9gdn_mxfp818gdn_mxfp8_top_implEhthhPA128_K7ap_uintILi8EEPA4_S2_S4_S6_S4_S6_P_942|         array|
|p_ZZN9gdn_mxfp818gdn_mxfp8_top_implEhthhPA128_K7ap_uintILi8EEPA4_S2_S4_S6_S4_S6_P_942_d0        |  out|    6|   ap_memory|  p_ZZN9gdn_mxfp818gdn_mxfp8_top_implEhthhPA128_K7ap_uintILi8EEPA4_S2_S4_S6_S4_S6_P_942|         array|
|p_ZZN9gdn_mxfp818gdn_mxfp8_top_implEhthhPA128_K7ap_uintILi8EEPA4_S2_S4_S6_S4_S6_P_822_address0  |  out|    5|   ap_memory|  p_ZZN9gdn_mxfp818gdn_mxfp8_top_implEhthhPA128_K7ap_uintILi8EEPA4_S2_S4_S6_S4_S6_P_822|         array|
|p_ZZN9gdn_mxfp818gdn_mxfp8_top_implEhthhPA128_K7ap_uintILi8EEPA4_S2_S4_S6_S4_S6_P_822_ce0       |  out|    1|   ap_memory|  p_ZZN9gdn_mxfp818gdn_mxfp8_top_implEhthhPA128_K7ap_uintILi8EEPA4_S2_S4_S6_S4_S6_P_822|         array|
|p_ZZN9gdn_mxfp818gdn_mxfp8_top_implEhthhPA128_K7ap_uintILi8EEPA4_S2_S4_S6_S4_S6_P_822_we0       |  out|    1|   ap_memory|  p_ZZN9gdn_mxfp818gdn_mxfp8_top_implEhthhPA128_K7ap_uintILi8EEPA4_S2_S4_S6_S4_S6_P_822|         array|
|p_ZZN9gdn_mxfp818gdn_mxfp8_top_implEhthhPA128_K7ap_uintILi8EEPA4_S2_S4_S6_S4_S6_P_822_d0        |  out|    9|   ap_memory|  p_ZZN9gdn_mxfp818gdn_mxfp8_top_implEhthhPA128_K7ap_uintILi8EEPA4_S2_S4_S6_S4_S6_P_822|         array|
|p_ZZN9gdn_mxfp818gdn_mxfp8_top_implEhthhPA128_K7ap_uintILi8EEPA4_S2_S4_S6_S4_S6_P_943_address0  |  out|    5|   ap_memory|  p_ZZN9gdn_mxfp818gdn_mxfp8_top_implEhthhPA128_K7ap_uintILi8EEPA4_S2_S4_S6_S4_S6_P_943|         array|
|p_ZZN9gdn_mxfp818gdn_mxfp8_top_implEhthhPA128_K7ap_uintILi8EEPA4_S2_S4_S6_S4_S6_P_943_ce0       |  out|    1|   ap_memory|  p_ZZN9gdn_mxfp818gdn_mxfp8_top_implEhthhPA128_K7ap_uintILi8EEPA4_S2_S4_S6_S4_S6_P_943|         array|
|p_ZZN9gdn_mxfp818gdn_mxfp8_top_implEhthhPA128_K7ap_uintILi8EEPA4_S2_S4_S6_S4_S6_P_943_we0       |  out|    1|   ap_memory|  p_ZZN9gdn_mxfp818gdn_mxfp8_top_implEhthhPA128_K7ap_uintILi8EEPA4_S2_S4_S6_S4_S6_P_943|         array|
|p_ZZN9gdn_mxfp818gdn_mxfp8_top_implEhthhPA128_K7ap_uintILi8EEPA4_S2_S4_S6_S4_S6_P_943_d0        |  out|    6|   ap_memory|  p_ZZN9gdn_mxfp818gdn_mxfp8_top_implEhthhPA128_K7ap_uintILi8EEPA4_S2_S4_S6_S4_S6_P_943|         array|
|p_ZZN9gdn_mxfp818gdn_mxfp8_top_implEhthhPA128_K7ap_uintILi8EEPA4_S2_S4_S6_S4_S6_P_823_address0  |  out|    5|   ap_memory|  p_ZZN9gdn_mxfp818gdn_mxfp8_top_implEhthhPA128_K7ap_uintILi8EEPA4_S2_S4_S6_S4_S6_P_823|         array|
|p_ZZN9gdn_mxfp818gdn_mxfp8_top_implEhthhPA128_K7ap_uintILi8EEPA4_S2_S4_S6_S4_S6_P_823_ce0       |  out|    1|   ap_memory|  p_ZZN9gdn_mxfp818gdn_mxfp8_top_implEhthhPA128_K7ap_uintILi8EEPA4_S2_S4_S6_S4_S6_P_823|         array|
|p_ZZN9gdn_mxfp818gdn_mxfp8_top_implEhthhPA128_K7ap_uintILi8EEPA4_S2_S4_S6_S4_S6_P_823_we0       |  out|    1|   ap_memory|  p_ZZN9gdn_mxfp818gdn_mxfp8_top_implEhthhPA128_K7ap_uintILi8EEPA4_S2_S4_S6_S4_S6_P_823|         array|
|p_ZZN9gdn_mxfp818gdn_mxfp8_top_implEhthhPA128_K7ap_uintILi8EEPA4_S2_S4_S6_S4_S6_P_823_d0        |  out|    9|   ap_memory|  p_ZZN9gdn_mxfp818gdn_mxfp8_top_implEhthhPA128_K7ap_uintILi8EEPA4_S2_S4_S6_S4_S6_P_823|         array|
|p_ZZN9gdn_mxfp818gdn_mxfp8_top_implEhthhPA128_K7ap_uintILi8EEPA4_S2_S4_S6_S4_S6_P_944_address0  |  out|    5|   ap_memory|  p_ZZN9gdn_mxfp818gdn_mxfp8_top_implEhthhPA128_K7ap_uintILi8EEPA4_S2_S4_S6_S4_S6_P_944|         array|
|p_ZZN9gdn_mxfp818gdn_mxfp8_top_implEhthhPA128_K7ap_uintILi8EEPA4_S2_S4_S6_S4_S6_P_944_ce0       |  out|    1|   ap_memory|  p_ZZN9gdn_mxfp818gdn_mxfp8_top_implEhthhPA128_K7ap_uintILi8EEPA4_S2_S4_S6_S4_S6_P_944|         array|
|p_ZZN9gdn_mxfp818gdn_mxfp8_top_implEhthhPA128_K7ap_uintILi8EEPA4_S2_S4_S6_S4_S6_P_944_we0       |  out|    1|   ap_memory|  p_ZZN9gdn_mxfp818gdn_mxfp8_top_implEhthhPA128_K7ap_uintILi8EEPA4_S2_S4_S6_S4_S6_P_944|         array|
|p_ZZN9gdn_mxfp818gdn_mxfp8_top_implEhthhPA128_K7ap_uintILi8EEPA4_S2_S4_S6_S4_S6_P_944_d0        |  out|    6|   ap_memory|  p_ZZN9gdn_mxfp818gdn_mxfp8_top_implEhthhPA128_K7ap_uintILi8EEPA4_S2_S4_S6_S4_S6_P_944|         array|
|p_ZZN9gdn_mxfp818gdn_mxfp8_top_implEhthhPA128_K7ap_uintILi8EEPA4_S2_S4_S6_S4_S6_P_824_address0  |  out|    5|   ap_memory|  p_ZZN9gdn_mxfp818gdn_mxfp8_top_implEhthhPA128_K7ap_uintILi8EEPA4_S2_S4_S6_S4_S6_P_824|         array|
|p_ZZN9gdn_mxfp818gdn_mxfp8_top_implEhthhPA128_K7ap_uintILi8EEPA4_S2_S4_S6_S4_S6_P_824_ce0       |  out|    1|   ap_memory|  p_ZZN9gdn_mxfp818gdn_mxfp8_top_implEhthhPA128_K7ap_uintILi8EEPA4_S2_S4_S6_S4_S6_P_824|         array|
|p_ZZN9gdn_mxfp818gdn_mxfp8_top_implEhthhPA128_K7ap_uintILi8EEPA4_S2_S4_S6_S4_S6_P_824_we0       |  out|    1|   ap_memory|  p_ZZN9gdn_mxfp818gdn_mxfp8_top_implEhthhPA128_K7ap_uintILi8EEPA4_S2_S4_S6_S4_S6_P_824|         array|
|p_ZZN9gdn_mxfp818gdn_mxfp8_top_implEhthhPA128_K7ap_uintILi8EEPA4_S2_S4_S6_S4_S6_P_824_d0        |  out|    9|   ap_memory|  p_ZZN9gdn_mxfp818gdn_mxfp8_top_implEhthhPA128_K7ap_uintILi8EEPA4_S2_S4_S6_S4_S6_P_824|         array|
|p_ZZN9gdn_mxfp818gdn_mxfp8_top_implEhthhPA128_K7ap_uintILi8EEPA4_S2_S4_S6_S4_S6_P_945_address0  |  out|    5|   ap_memory|  p_ZZN9gdn_mxfp818gdn_mxfp8_top_implEhthhPA128_K7ap_uintILi8EEPA4_S2_S4_S6_S4_S6_P_945|         array|
|p_ZZN9gdn_mxfp818gdn_mxfp8_top_implEhthhPA128_K7ap_uintILi8EEPA4_S2_S4_S6_S4_S6_P_945_ce0       |  out|    1|   ap_memory|  p_ZZN9gdn_mxfp818gdn_mxfp8_top_implEhthhPA128_K7ap_uintILi8EEPA4_S2_S4_S6_S4_S6_P_945|         array|
|p_ZZN9gdn_mxfp818gdn_mxfp8_top_implEhthhPA128_K7ap_uintILi8EEPA4_S2_S4_S6_S4_S6_P_945_we0       |  out|    1|   ap_memory|  p_ZZN9gdn_mxfp818gdn_mxfp8_top_implEhthhPA128_K7ap_uintILi8EEPA4_S2_S4_S6_S4_S6_P_945|         array|
|p_ZZN9gdn_mxfp818gdn_mxfp8_top_implEhthhPA128_K7ap_uintILi8EEPA4_S2_S4_S6_S4_S6_P_945_d0        |  out|    6|   ap_memory|  p_ZZN9gdn_mxfp818gdn_mxfp8_top_implEhthhPA128_K7ap_uintILi8EEPA4_S2_S4_S6_S4_S6_P_945|         array|
|p_ZZN9gdn_mxfp818gdn_mxfp8_top_implEhthhPA128_K7ap_uintILi8EEPA4_S2_S4_S6_S4_S6_P_825_address0  |  out|    5|   ap_memory|  p_ZZN9gdn_mxfp818gdn_mxfp8_top_implEhthhPA128_K7ap_uintILi8EEPA4_S2_S4_S6_S4_S6_P_825|         array|
|p_ZZN9gdn_mxfp818gdn_mxfp8_top_implEhthhPA128_K7ap_uintILi8EEPA4_S2_S4_S6_S4_S6_P_825_ce0       |  out|    1|   ap_memory|  p_ZZN9gdn_mxfp818gdn_mxfp8_top_implEhthhPA128_K7ap_uintILi8EEPA4_S2_S4_S6_S4_S6_P_825|         array|
|p_ZZN9gdn_mxfp818gdn_mxfp8_top_implEhthhPA128_K7ap_uintILi8EEPA4_S2_S4_S6_S4_S6_P_825_we0       |  out|    1|   ap_memory|  p_ZZN9gdn_mxfp818gdn_mxfp8_top_implEhthhPA128_K7ap_uintILi8EEPA4_S2_S4_S6_S4_S6_P_825|         array|
|p_ZZN9gdn_mxfp818gdn_mxfp8_top_implEhthhPA128_K7ap_uintILi8EEPA4_S2_S4_S6_S4_S6_P_825_d0        |  out|    9|   ap_memory|  p_ZZN9gdn_mxfp818gdn_mxfp8_top_implEhthhPA128_K7ap_uintILi8EEPA4_S2_S4_S6_S4_S6_P_825|         array|
|p_ZZN9gdn_mxfp818gdn_mxfp8_top_implEhthhPA128_K7ap_uintILi8EEPA4_S2_S4_S6_S4_S6_P_946_address0  |  out|    5|   ap_memory|  p_ZZN9gdn_mxfp818gdn_mxfp8_top_implEhthhPA128_K7ap_uintILi8EEPA4_S2_S4_S6_S4_S6_P_946|         array|
|p_ZZN9gdn_mxfp818gdn_mxfp8_top_implEhthhPA128_K7ap_uintILi8EEPA4_S2_S4_S6_S4_S6_P_946_ce0       |  out|    1|   ap_memory|  p_ZZN9gdn_mxfp818gdn_mxfp8_top_implEhthhPA128_K7ap_uintILi8EEPA4_S2_S4_S6_S4_S6_P_946|         array|
|p_ZZN9gdn_mxfp818gdn_mxfp8_top_implEhthhPA128_K7ap_uintILi8EEPA4_S2_S4_S6_S4_S6_P_946_we0       |  out|    1|   ap_memory|  p_ZZN9gdn_mxfp818gdn_mxfp8_top_implEhthhPA128_K7ap_uintILi8EEPA4_S2_S4_S6_S4_S6_P_946|         array|
|p_ZZN9gdn_mxfp818gdn_mxfp8_top_implEhthhPA128_K7ap_uintILi8EEPA4_S2_S4_S6_S4_S6_P_946_d0        |  out|    6|   ap_memory|  p_ZZN9gdn_mxfp818gdn_mxfp8_top_implEhthhPA128_K7ap_uintILi8EEPA4_S2_S4_S6_S4_S6_P_946|         array|
|p_ZZN9gdn_mxfp818gdn_mxfp8_top_implEhthhPA128_K7ap_uintILi8EEPA4_S2_S4_S6_S4_S6_P_826_address0  |  out|    5|   ap_memory|  p_ZZN9gdn_mxfp818gdn_mxfp8_top_implEhthhPA128_K7ap_uintILi8EEPA4_S2_S4_S6_S4_S6_P_826|         array|
|p_ZZN9gdn_mxfp818gdn_mxfp8_top_implEhthhPA128_K7ap_uintILi8EEPA4_S2_S4_S6_S4_S6_P_826_ce0       |  out|    1|   ap_memory|  p_ZZN9gdn_mxfp818gdn_mxfp8_top_implEhthhPA128_K7ap_uintILi8EEPA4_S2_S4_S6_S4_S6_P_826|         array|
|p_ZZN9gdn_mxfp818gdn_mxfp8_top_implEhthhPA128_K7ap_uintILi8EEPA4_S2_S4_S6_S4_S6_P_826_we0       |  out|    1|   ap_memory|  p_ZZN9gdn_mxfp818gdn_mxfp8_top_implEhthhPA128_K7ap_uintILi8EEPA4_S2_S4_S6_S4_S6_P_826|         array|
|p_ZZN9gdn_mxfp818gdn_mxfp8_top_implEhthhPA128_K7ap_uintILi8EEPA4_S2_S4_S6_S4_S6_P_826_d0        |  out|    9|   ap_memory|  p_ZZN9gdn_mxfp818gdn_mxfp8_top_implEhthhPA128_K7ap_uintILi8EEPA4_S2_S4_S6_S4_S6_P_826|         array|
|p_ZZN9gdn_mxfp818gdn_mxfp8_top_implEhthhPA128_K7ap_uintILi8EEPA4_S2_S4_S6_S4_S6_P_947_address0  |  out|    5|   ap_memory|  p_ZZN9gdn_mxfp818gdn_mxfp8_top_implEhthhPA128_K7ap_uintILi8EEPA4_S2_S4_S6_S4_S6_P_947|         array|
|p_ZZN9gdn_mxfp818gdn_mxfp8_top_implEhthhPA128_K7ap_uintILi8EEPA4_S2_S4_S6_S4_S6_P_947_ce0       |  out|    1|   ap_memory|  p_ZZN9gdn_mxfp818gdn_mxfp8_top_implEhthhPA128_K7ap_uintILi8EEPA4_S2_S4_S6_S4_S6_P_947|         array|
|p_ZZN9gdn_mxfp818gdn_mxfp8_top_implEhthhPA128_K7ap_uintILi8EEPA4_S2_S4_S6_S4_S6_P_947_we0       |  out|    1|   ap_memory|  p_ZZN9gdn_mxfp818gdn_mxfp8_top_implEhthhPA128_K7ap_uintILi8EEPA4_S2_S4_S6_S4_S6_P_947|         array|
|p_ZZN9gdn_mxfp818gdn_mxfp8_top_implEhthhPA128_K7ap_uintILi8EEPA4_S2_S4_S6_S4_S6_P_947_d0        |  out|    6|   ap_memory|  p_ZZN9gdn_mxfp818gdn_mxfp8_top_implEhthhPA128_K7ap_uintILi8EEPA4_S2_S4_S6_S4_S6_P_947|         array|
|p_ZZN9gdn_mxfp818gdn_mxfp8_top_implEhthhPA128_K7ap_uintILi8EEPA4_S2_S4_S6_S4_S6_P_827_address0  |  out|    5|   ap_memory|  p_ZZN9gdn_mxfp818gdn_mxfp8_top_implEhthhPA128_K7ap_uintILi8EEPA4_S2_S4_S6_S4_S6_P_827|         array|
|p_ZZN9gdn_mxfp818gdn_mxfp8_top_implEhthhPA128_K7ap_uintILi8EEPA4_S2_S4_S6_S4_S6_P_827_ce0       |  out|    1|   ap_memory|  p_ZZN9gdn_mxfp818gdn_mxfp8_top_implEhthhPA128_K7ap_uintILi8EEPA4_S2_S4_S6_S4_S6_P_827|         array|
|p_ZZN9gdn_mxfp818gdn_mxfp8_top_implEhthhPA128_K7ap_uintILi8EEPA4_S2_S4_S6_S4_S6_P_827_we0       |  out|    1|   ap_memory|  p_ZZN9gdn_mxfp818gdn_mxfp8_top_implEhthhPA128_K7ap_uintILi8EEPA4_S2_S4_S6_S4_S6_P_827|         array|
|p_ZZN9gdn_mxfp818gdn_mxfp8_top_implEhthhPA128_K7ap_uintILi8EEPA4_S2_S4_S6_S4_S6_P_827_d0        |  out|    9|   ap_memory|  p_ZZN9gdn_mxfp818gdn_mxfp8_top_implEhthhPA128_K7ap_uintILi8EEPA4_S2_S4_S6_S4_S6_P_827|         array|
|p_ZZN9gdn_mxfp818gdn_mxfp8_top_implEhthhPA128_K7ap_uintILi8EEPA4_S2_S4_S6_S4_S6_P_948_address0  |  out|    5|   ap_memory|  p_ZZN9gdn_mxfp818gdn_mxfp8_top_implEhthhPA128_K7ap_uintILi8EEPA4_S2_S4_S6_S4_S6_P_948|         array|
|p_ZZN9gdn_mxfp818gdn_mxfp8_top_implEhthhPA128_K7ap_uintILi8EEPA4_S2_S4_S6_S4_S6_P_948_ce0       |  out|    1|   ap_memory|  p_ZZN9gdn_mxfp818gdn_mxfp8_top_implEhthhPA128_K7ap_uintILi8EEPA4_S2_S4_S6_S4_S6_P_948|         array|
|p_ZZN9gdn_mxfp818gdn_mxfp8_top_implEhthhPA128_K7ap_uintILi8EEPA4_S2_S4_S6_S4_S6_P_948_we0       |  out|    1|   ap_memory|  p_ZZN9gdn_mxfp818gdn_mxfp8_top_implEhthhPA128_K7ap_uintILi8EEPA4_S2_S4_S6_S4_S6_P_948|         array|
|p_ZZN9gdn_mxfp818gdn_mxfp8_top_implEhthhPA128_K7ap_uintILi8EEPA4_S2_S4_S6_S4_S6_P_948_d0        |  out|    6|   ap_memory|  p_ZZN9gdn_mxfp818gdn_mxfp8_top_implEhthhPA128_K7ap_uintILi8EEPA4_S2_S4_S6_S4_S6_P_948|         array|
|p_ZZN9gdn_mxfp818gdn_mxfp8_top_implEhthhPA128_K7ap_uintILi8EEPA4_S2_S4_S6_S4_S6_P_828_address0  |  out|    5|   ap_memory|  p_ZZN9gdn_mxfp818gdn_mxfp8_top_implEhthhPA128_K7ap_uintILi8EEPA4_S2_S4_S6_S4_S6_P_828|         array|
|p_ZZN9gdn_mxfp818gdn_mxfp8_top_implEhthhPA128_K7ap_uintILi8EEPA4_S2_S4_S6_S4_S6_P_828_ce0       |  out|    1|   ap_memory|  p_ZZN9gdn_mxfp818gdn_mxfp8_top_implEhthhPA128_K7ap_uintILi8EEPA4_S2_S4_S6_S4_S6_P_828|         array|
|p_ZZN9gdn_mxfp818gdn_mxfp8_top_implEhthhPA128_K7ap_uintILi8EEPA4_S2_S4_S6_S4_S6_P_828_we0       |  out|    1|   ap_memory|  p_ZZN9gdn_mxfp818gdn_mxfp8_top_implEhthhPA128_K7ap_uintILi8EEPA4_S2_S4_S6_S4_S6_P_828|         array|
|p_ZZN9gdn_mxfp818gdn_mxfp8_top_implEhthhPA128_K7ap_uintILi8EEPA4_S2_S4_S6_S4_S6_P_828_d0        |  out|    9|   ap_memory|  p_ZZN9gdn_mxfp818gdn_mxfp8_top_implEhthhPA128_K7ap_uintILi8EEPA4_S2_S4_S6_S4_S6_P_828|         array|
|p_ZZN9gdn_mxfp818gdn_mxfp8_top_implEhthhPA128_K7ap_uintILi8EEPA4_S2_S4_S6_S4_S6_P_949_address0  |  out|    5|   ap_memory|  p_ZZN9gdn_mxfp818gdn_mxfp8_top_implEhthhPA128_K7ap_uintILi8EEPA4_S2_S4_S6_S4_S6_P_949|         array|
|p_ZZN9gdn_mxfp818gdn_mxfp8_top_implEhthhPA128_K7ap_uintILi8EEPA4_S2_S4_S6_S4_S6_P_949_ce0       |  out|    1|   ap_memory|  p_ZZN9gdn_mxfp818gdn_mxfp8_top_implEhthhPA128_K7ap_uintILi8EEPA4_S2_S4_S6_S4_S6_P_949|         array|
|p_ZZN9gdn_mxfp818gdn_mxfp8_top_implEhthhPA128_K7ap_uintILi8EEPA4_S2_S4_S6_S4_S6_P_949_we0       |  out|    1|   ap_memory|  p_ZZN9gdn_mxfp818gdn_mxfp8_top_implEhthhPA128_K7ap_uintILi8EEPA4_S2_S4_S6_S4_S6_P_949|         array|
|p_ZZN9gdn_mxfp818gdn_mxfp8_top_implEhthhPA128_K7ap_uintILi8EEPA4_S2_S4_S6_S4_S6_P_949_d0        |  out|    6|   ap_memory|  p_ZZN9gdn_mxfp818gdn_mxfp8_top_implEhthhPA128_K7ap_uintILi8EEPA4_S2_S4_S6_S4_S6_P_949|         array|
|p_ZZN9gdn_mxfp818gdn_mxfp8_top_implEhthhPA128_K7ap_uintILi8EEPA4_S2_S4_S6_S4_S6_P_829_address0  |  out|    5|   ap_memory|  p_ZZN9gdn_mxfp818gdn_mxfp8_top_implEhthhPA128_K7ap_uintILi8EEPA4_S2_S4_S6_S4_S6_P_829|         array|
|p_ZZN9gdn_mxfp818gdn_mxfp8_top_implEhthhPA128_K7ap_uintILi8EEPA4_S2_S4_S6_S4_S6_P_829_ce0       |  out|    1|   ap_memory|  p_ZZN9gdn_mxfp818gdn_mxfp8_top_implEhthhPA128_K7ap_uintILi8EEPA4_S2_S4_S6_S4_S6_P_829|         array|
|p_ZZN9gdn_mxfp818gdn_mxfp8_top_implEhthhPA128_K7ap_uintILi8EEPA4_S2_S4_S6_S4_S6_P_829_we0       |  out|    1|   ap_memory|  p_ZZN9gdn_mxfp818gdn_mxfp8_top_implEhthhPA128_K7ap_uintILi8EEPA4_S2_S4_S6_S4_S6_P_829|         array|
|p_ZZN9gdn_mxfp818gdn_mxfp8_top_implEhthhPA128_K7ap_uintILi8EEPA4_S2_S4_S6_S4_S6_P_829_d0        |  out|    9|   ap_memory|  p_ZZN9gdn_mxfp818gdn_mxfp8_top_implEhthhPA128_K7ap_uintILi8EEPA4_S2_S4_S6_S4_S6_P_829|         array|
|p_ZZN9gdn_mxfp818gdn_mxfp8_top_implEhthhPA128_K7ap_uintILi8EEPA4_S2_S4_S6_S4_S6_P_950_address0  |  out|    5|   ap_memory|  p_ZZN9gdn_mxfp818gdn_mxfp8_top_implEhthhPA128_K7ap_uintILi8EEPA4_S2_S4_S6_S4_S6_P_950|         array|
|p_ZZN9gdn_mxfp818gdn_mxfp8_top_implEhthhPA128_K7ap_uintILi8EEPA4_S2_S4_S6_S4_S6_P_950_ce0       |  out|    1|   ap_memory|  p_ZZN9gdn_mxfp818gdn_mxfp8_top_implEhthhPA128_K7ap_uintILi8EEPA4_S2_S4_S6_S4_S6_P_950|         array|
|p_ZZN9gdn_mxfp818gdn_mxfp8_top_implEhthhPA128_K7ap_uintILi8EEPA4_S2_S4_S6_S4_S6_P_950_we0       |  out|    1|   ap_memory|  p_ZZN9gdn_mxfp818gdn_mxfp8_top_implEhthhPA128_K7ap_uintILi8EEPA4_S2_S4_S6_S4_S6_P_950|         array|
|p_ZZN9gdn_mxfp818gdn_mxfp8_top_implEhthhPA128_K7ap_uintILi8EEPA4_S2_S4_S6_S4_S6_P_950_d0        |  out|    6|   ap_memory|  p_ZZN9gdn_mxfp818gdn_mxfp8_top_implEhthhPA128_K7ap_uintILi8EEPA4_S2_S4_S6_S4_S6_P_950|         array|
|p_ZZN9gdn_mxfp818gdn_mxfp8_top_implEhthhPA128_K7ap_uintILi8EEPA4_S2_S4_S6_S4_S6_P_830_address0  |  out|    5|   ap_memory|  p_ZZN9gdn_mxfp818gdn_mxfp8_top_implEhthhPA128_K7ap_uintILi8EEPA4_S2_S4_S6_S4_S6_P_830|         array|
|p_ZZN9gdn_mxfp818gdn_mxfp8_top_implEhthhPA128_K7ap_uintILi8EEPA4_S2_S4_S6_S4_S6_P_830_ce0       |  out|    1|   ap_memory|  p_ZZN9gdn_mxfp818gdn_mxfp8_top_implEhthhPA128_K7ap_uintILi8EEPA4_S2_S4_S6_S4_S6_P_830|         array|
|p_ZZN9gdn_mxfp818gdn_mxfp8_top_implEhthhPA128_K7ap_uintILi8EEPA4_S2_S4_S6_S4_S6_P_830_we0       |  out|    1|   ap_memory|  p_ZZN9gdn_mxfp818gdn_mxfp8_top_implEhthhPA128_K7ap_uintILi8EEPA4_S2_S4_S6_S4_S6_P_830|         array|
|p_ZZN9gdn_mxfp818gdn_mxfp8_top_implEhthhPA128_K7ap_uintILi8EEPA4_S2_S4_S6_S4_S6_P_830_d0        |  out|    9|   ap_memory|  p_ZZN9gdn_mxfp818gdn_mxfp8_top_implEhthhPA128_K7ap_uintILi8EEPA4_S2_S4_S6_S4_S6_P_830|         array|
|p_ZZN9gdn_mxfp818gdn_mxfp8_top_implEhthhPA128_K7ap_uintILi8EEPA4_S2_S4_S6_S4_S6_P_951_address0  |  out|    5|   ap_memory|  p_ZZN9gdn_mxfp818gdn_mxfp8_top_implEhthhPA128_K7ap_uintILi8EEPA4_S2_S4_S6_S4_S6_P_951|         array|
|p_ZZN9gdn_mxfp818gdn_mxfp8_top_implEhthhPA128_K7ap_uintILi8EEPA4_S2_S4_S6_S4_S6_P_951_ce0       |  out|    1|   ap_memory|  p_ZZN9gdn_mxfp818gdn_mxfp8_top_implEhthhPA128_K7ap_uintILi8EEPA4_S2_S4_S6_S4_S6_P_951|         array|
|p_ZZN9gdn_mxfp818gdn_mxfp8_top_implEhthhPA128_K7ap_uintILi8EEPA4_S2_S4_S6_S4_S6_P_951_we0       |  out|    1|   ap_memory|  p_ZZN9gdn_mxfp818gdn_mxfp8_top_implEhthhPA128_K7ap_uintILi8EEPA4_S2_S4_S6_S4_S6_P_951|         array|
|p_ZZN9gdn_mxfp818gdn_mxfp8_top_implEhthhPA128_K7ap_uintILi8EEPA4_S2_S4_S6_S4_S6_P_951_d0        |  out|    6|   ap_memory|  p_ZZN9gdn_mxfp818gdn_mxfp8_top_implEhthhPA128_K7ap_uintILi8EEPA4_S2_S4_S6_S4_S6_P_951|         array|
|p_ZZN9gdn_mxfp818gdn_mxfp8_top_implEhthhPA128_K7ap_uintILi8EEPA4_S2_S4_S6_S4_S6_P_831_address0  |  out|    5|   ap_memory|  p_ZZN9gdn_mxfp818gdn_mxfp8_top_implEhthhPA128_K7ap_uintILi8EEPA4_S2_S4_S6_S4_S6_P_831|         array|
|p_ZZN9gdn_mxfp818gdn_mxfp8_top_implEhthhPA128_K7ap_uintILi8EEPA4_S2_S4_S6_S4_S6_P_831_ce0       |  out|    1|   ap_memory|  p_ZZN9gdn_mxfp818gdn_mxfp8_top_implEhthhPA128_K7ap_uintILi8EEPA4_S2_S4_S6_S4_S6_P_831|         array|
|p_ZZN9gdn_mxfp818gdn_mxfp8_top_implEhthhPA128_K7ap_uintILi8EEPA4_S2_S4_S6_S4_S6_P_831_we0       |  out|    1|   ap_memory|  p_ZZN9gdn_mxfp818gdn_mxfp8_top_implEhthhPA128_K7ap_uintILi8EEPA4_S2_S4_S6_S4_S6_P_831|         array|
|p_ZZN9gdn_mxfp818gdn_mxfp8_top_implEhthhPA128_K7ap_uintILi8EEPA4_S2_S4_S6_S4_S6_P_831_d0        |  out|    9|   ap_memory|  p_ZZN9gdn_mxfp818gdn_mxfp8_top_implEhthhPA128_K7ap_uintILi8EEPA4_S2_S4_S6_S4_S6_P_831|         array|
|p_ZZN9gdn_mxfp818gdn_mxfp8_top_implEhthhPA128_K7ap_uintILi8EEPA4_S2_S4_S6_S4_S6_P_952_address0  |  out|    5|   ap_memory|  p_ZZN9gdn_mxfp818gdn_mxfp8_top_implEhthhPA128_K7ap_uintILi8EEPA4_S2_S4_S6_S4_S6_P_952|         array|
|p_ZZN9gdn_mxfp818gdn_mxfp8_top_implEhthhPA128_K7ap_uintILi8EEPA4_S2_S4_S6_S4_S6_P_952_ce0       |  out|    1|   ap_memory|  p_ZZN9gdn_mxfp818gdn_mxfp8_top_implEhthhPA128_K7ap_uintILi8EEPA4_S2_S4_S6_S4_S6_P_952|         array|
|p_ZZN9gdn_mxfp818gdn_mxfp8_top_implEhthhPA128_K7ap_uintILi8EEPA4_S2_S4_S6_S4_S6_P_952_we0       |  out|    1|   ap_memory|  p_ZZN9gdn_mxfp818gdn_mxfp8_top_implEhthhPA128_K7ap_uintILi8EEPA4_S2_S4_S6_S4_S6_P_952|         array|
|p_ZZN9gdn_mxfp818gdn_mxfp8_top_implEhthhPA128_K7ap_uintILi8EEPA4_S2_S4_S6_S4_S6_P_952_d0        |  out|    6|   ap_memory|  p_ZZN9gdn_mxfp818gdn_mxfp8_top_implEhthhPA128_K7ap_uintILi8EEPA4_S2_S4_S6_S4_S6_P_952|         array|
|p_ZZN9gdn_mxfp818gdn_mxfp8_top_implEhthhPA128_K7ap_uintILi8EEPA4_S2_S4_S6_S4_S6_P_832_address0  |  out|    5|   ap_memory|  p_ZZN9gdn_mxfp818gdn_mxfp8_top_implEhthhPA128_K7ap_uintILi8EEPA4_S2_S4_S6_S4_S6_P_832|         array|
|p_ZZN9gdn_mxfp818gdn_mxfp8_top_implEhthhPA128_K7ap_uintILi8EEPA4_S2_S4_S6_S4_S6_P_832_ce0       |  out|    1|   ap_memory|  p_ZZN9gdn_mxfp818gdn_mxfp8_top_implEhthhPA128_K7ap_uintILi8EEPA4_S2_S4_S6_S4_S6_P_832|         array|
|p_ZZN9gdn_mxfp818gdn_mxfp8_top_implEhthhPA128_K7ap_uintILi8EEPA4_S2_S4_S6_S4_S6_P_832_we0       |  out|    1|   ap_memory|  p_ZZN9gdn_mxfp818gdn_mxfp8_top_implEhthhPA128_K7ap_uintILi8EEPA4_S2_S4_S6_S4_S6_P_832|         array|
|p_ZZN9gdn_mxfp818gdn_mxfp8_top_implEhthhPA128_K7ap_uintILi8EEPA4_S2_S4_S6_S4_S6_P_832_d0        |  out|    9|   ap_memory|  p_ZZN9gdn_mxfp818gdn_mxfp8_top_implEhthhPA128_K7ap_uintILi8EEPA4_S2_S4_S6_S4_S6_P_832|         array|
|p_ZZN9gdn_mxfp818gdn_mxfp8_top_implEhthhPA128_K7ap_uintILi8EEPA4_S2_S4_S6_S4_S6_P_953_address0  |  out|    5|   ap_memory|  p_ZZN9gdn_mxfp818gdn_mxfp8_top_implEhthhPA128_K7ap_uintILi8EEPA4_S2_S4_S6_S4_S6_P_953|         array|
|p_ZZN9gdn_mxfp818gdn_mxfp8_top_implEhthhPA128_K7ap_uintILi8EEPA4_S2_S4_S6_S4_S6_P_953_ce0       |  out|    1|   ap_memory|  p_ZZN9gdn_mxfp818gdn_mxfp8_top_implEhthhPA128_K7ap_uintILi8EEPA4_S2_S4_S6_S4_S6_P_953|         array|
|p_ZZN9gdn_mxfp818gdn_mxfp8_top_implEhthhPA128_K7ap_uintILi8EEPA4_S2_S4_S6_S4_S6_P_953_we0       |  out|    1|   ap_memory|  p_ZZN9gdn_mxfp818gdn_mxfp8_top_implEhthhPA128_K7ap_uintILi8EEPA4_S2_S4_S6_S4_S6_P_953|         array|
|p_ZZN9gdn_mxfp818gdn_mxfp8_top_implEhthhPA128_K7ap_uintILi8EEPA4_S2_S4_S6_S4_S6_P_953_d0        |  out|    6|   ap_memory|  p_ZZN9gdn_mxfp818gdn_mxfp8_top_implEhthhPA128_K7ap_uintILi8EEPA4_S2_S4_S6_S4_S6_P_953|         array|
|p_ZZN9gdn_mxfp818gdn_mxfp8_top_implEhthhPA128_K7ap_uintILi8EEPA4_S2_S4_S6_S4_S6_P_833_address0  |  out|    5|   ap_memory|  p_ZZN9gdn_mxfp818gdn_mxfp8_top_implEhthhPA128_K7ap_uintILi8EEPA4_S2_S4_S6_S4_S6_P_833|         array|
|p_ZZN9gdn_mxfp818gdn_mxfp8_top_implEhthhPA128_K7ap_uintILi8EEPA4_S2_S4_S6_S4_S6_P_833_ce0       |  out|    1|   ap_memory|  p_ZZN9gdn_mxfp818gdn_mxfp8_top_implEhthhPA128_K7ap_uintILi8EEPA4_S2_S4_S6_S4_S6_P_833|         array|
|p_ZZN9gdn_mxfp818gdn_mxfp8_top_implEhthhPA128_K7ap_uintILi8EEPA4_S2_S4_S6_S4_S6_P_833_we0       |  out|    1|   ap_memory|  p_ZZN9gdn_mxfp818gdn_mxfp8_top_implEhthhPA128_K7ap_uintILi8EEPA4_S2_S4_S6_S4_S6_P_833|         array|
|p_ZZN9gdn_mxfp818gdn_mxfp8_top_implEhthhPA128_K7ap_uintILi8EEPA4_S2_S4_S6_S4_S6_P_833_d0        |  out|    9|   ap_memory|  p_ZZN9gdn_mxfp818gdn_mxfp8_top_implEhthhPA128_K7ap_uintILi8EEPA4_S2_S4_S6_S4_S6_P_833|         array|
|p_ZZN9gdn_mxfp818gdn_mxfp8_top_implEhthhPA128_K7ap_uintILi8EEPA4_S2_S4_S6_S4_S6_P_954_address0  |  out|    5|   ap_memory|  p_ZZN9gdn_mxfp818gdn_mxfp8_top_implEhthhPA128_K7ap_uintILi8EEPA4_S2_S4_S6_S4_S6_P_954|         array|
|p_ZZN9gdn_mxfp818gdn_mxfp8_top_implEhthhPA128_K7ap_uintILi8EEPA4_S2_S4_S6_S4_S6_P_954_ce0       |  out|    1|   ap_memory|  p_ZZN9gdn_mxfp818gdn_mxfp8_top_implEhthhPA128_K7ap_uintILi8EEPA4_S2_S4_S6_S4_S6_P_954|         array|
|p_ZZN9gdn_mxfp818gdn_mxfp8_top_implEhthhPA128_K7ap_uintILi8EEPA4_S2_S4_S6_S4_S6_P_954_we0       |  out|    1|   ap_memory|  p_ZZN9gdn_mxfp818gdn_mxfp8_top_implEhthhPA128_K7ap_uintILi8EEPA4_S2_S4_S6_S4_S6_P_954|         array|
|p_ZZN9gdn_mxfp818gdn_mxfp8_top_implEhthhPA128_K7ap_uintILi8EEPA4_S2_S4_S6_S4_S6_P_954_d0        |  out|    6|   ap_memory|  p_ZZN9gdn_mxfp818gdn_mxfp8_top_implEhthhPA128_K7ap_uintILi8EEPA4_S2_S4_S6_S4_S6_P_954|         array|
|p_ZZN9gdn_mxfp818gdn_mxfp8_top_implEhthhPA128_K7ap_uintILi8EEPA4_S2_S4_S6_S4_S6_P_834_address0  |  out|    5|   ap_memory|  p_ZZN9gdn_mxfp818gdn_mxfp8_top_implEhthhPA128_K7ap_uintILi8EEPA4_S2_S4_S6_S4_S6_P_834|         array|
|p_ZZN9gdn_mxfp818gdn_mxfp8_top_implEhthhPA128_K7ap_uintILi8EEPA4_S2_S4_S6_S4_S6_P_834_ce0       |  out|    1|   ap_memory|  p_ZZN9gdn_mxfp818gdn_mxfp8_top_implEhthhPA128_K7ap_uintILi8EEPA4_S2_S4_S6_S4_S6_P_834|         array|
|p_ZZN9gdn_mxfp818gdn_mxfp8_top_implEhthhPA128_K7ap_uintILi8EEPA4_S2_S4_S6_S4_S6_P_834_we0       |  out|    1|   ap_memory|  p_ZZN9gdn_mxfp818gdn_mxfp8_top_implEhthhPA128_K7ap_uintILi8EEPA4_S2_S4_S6_S4_S6_P_834|         array|
|p_ZZN9gdn_mxfp818gdn_mxfp8_top_implEhthhPA128_K7ap_uintILi8EEPA4_S2_S4_S6_S4_S6_P_834_d0        |  out|    9|   ap_memory|  p_ZZN9gdn_mxfp818gdn_mxfp8_top_implEhthhPA128_K7ap_uintILi8EEPA4_S2_S4_S6_S4_S6_P_834|         array|
|p_ZZN9gdn_mxfp818gdn_mxfp8_top_implEhthhPA128_K7ap_uintILi8EEPA4_S2_S4_S6_S4_S6_P_955_address0  |  out|    5|   ap_memory|  p_ZZN9gdn_mxfp818gdn_mxfp8_top_implEhthhPA128_K7ap_uintILi8EEPA4_S2_S4_S6_S4_S6_P_955|         array|
|p_ZZN9gdn_mxfp818gdn_mxfp8_top_implEhthhPA128_K7ap_uintILi8EEPA4_S2_S4_S6_S4_S6_P_955_ce0       |  out|    1|   ap_memory|  p_ZZN9gdn_mxfp818gdn_mxfp8_top_implEhthhPA128_K7ap_uintILi8EEPA4_S2_S4_S6_S4_S6_P_955|         array|
|p_ZZN9gdn_mxfp818gdn_mxfp8_top_implEhthhPA128_K7ap_uintILi8EEPA4_S2_S4_S6_S4_S6_P_955_we0       |  out|    1|   ap_memory|  p_ZZN9gdn_mxfp818gdn_mxfp8_top_implEhthhPA128_K7ap_uintILi8EEPA4_S2_S4_S6_S4_S6_P_955|         array|
|p_ZZN9gdn_mxfp818gdn_mxfp8_top_implEhthhPA128_K7ap_uintILi8EEPA4_S2_S4_S6_S4_S6_P_955_d0        |  out|    6|   ap_memory|  p_ZZN9gdn_mxfp818gdn_mxfp8_top_implEhthhPA128_K7ap_uintILi8EEPA4_S2_S4_S6_S4_S6_P_955|         array|
|p_ZZN9gdn_mxfp818gdn_mxfp8_top_implEhthhPA128_K7ap_uintILi8EEPA4_S2_S4_S6_S4_S6_P_835_address0  |  out|    5|   ap_memory|  p_ZZN9gdn_mxfp818gdn_mxfp8_top_implEhthhPA128_K7ap_uintILi8EEPA4_S2_S4_S6_S4_S6_P_835|         array|
|p_ZZN9gdn_mxfp818gdn_mxfp8_top_implEhthhPA128_K7ap_uintILi8EEPA4_S2_S4_S6_S4_S6_P_835_ce0       |  out|    1|   ap_memory|  p_ZZN9gdn_mxfp818gdn_mxfp8_top_implEhthhPA128_K7ap_uintILi8EEPA4_S2_S4_S6_S4_S6_P_835|         array|
|p_ZZN9gdn_mxfp818gdn_mxfp8_top_implEhthhPA128_K7ap_uintILi8EEPA4_S2_S4_S6_S4_S6_P_835_we0       |  out|    1|   ap_memory|  p_ZZN9gdn_mxfp818gdn_mxfp8_top_implEhthhPA128_K7ap_uintILi8EEPA4_S2_S4_S6_S4_S6_P_835|         array|
|p_ZZN9gdn_mxfp818gdn_mxfp8_top_implEhthhPA128_K7ap_uintILi8EEPA4_S2_S4_S6_S4_S6_P_835_d0        |  out|    9|   ap_memory|  p_ZZN9gdn_mxfp818gdn_mxfp8_top_implEhthhPA128_K7ap_uintILi8EEPA4_S2_S4_S6_S4_S6_P_835|         array|
|p_ZZN9gdn_mxfp818gdn_mxfp8_top_implEhthhPA128_K7ap_uintILi8EEPA4_S2_S4_S6_S4_S6_P_956_address0  |  out|    5|   ap_memory|  p_ZZN9gdn_mxfp818gdn_mxfp8_top_implEhthhPA128_K7ap_uintILi8EEPA4_S2_S4_S6_S4_S6_P_956|         array|
|p_ZZN9gdn_mxfp818gdn_mxfp8_top_implEhthhPA128_K7ap_uintILi8EEPA4_S2_S4_S6_S4_S6_P_956_ce0       |  out|    1|   ap_memory|  p_ZZN9gdn_mxfp818gdn_mxfp8_top_implEhthhPA128_K7ap_uintILi8EEPA4_S2_S4_S6_S4_S6_P_956|         array|
|p_ZZN9gdn_mxfp818gdn_mxfp8_top_implEhthhPA128_K7ap_uintILi8EEPA4_S2_S4_S6_S4_S6_P_956_we0       |  out|    1|   ap_memory|  p_ZZN9gdn_mxfp818gdn_mxfp8_top_implEhthhPA128_K7ap_uintILi8EEPA4_S2_S4_S6_S4_S6_P_956|         array|
|p_ZZN9gdn_mxfp818gdn_mxfp8_top_implEhthhPA128_K7ap_uintILi8EEPA4_S2_S4_S6_S4_S6_P_956_d0        |  out|    6|   ap_memory|  p_ZZN9gdn_mxfp818gdn_mxfp8_top_implEhthhPA128_K7ap_uintILi8EEPA4_S2_S4_S6_S4_S6_P_956|         array|
|p_ZZN9gdn_mxfp818gdn_mxfp8_top_implEhthhPA128_K7ap_uintILi8EEPA4_S2_S4_S6_S4_S6_P_836_address0  |  out|    5|   ap_memory|  p_ZZN9gdn_mxfp818gdn_mxfp8_top_implEhthhPA128_K7ap_uintILi8EEPA4_S2_S4_S6_S4_S6_P_836|         array|
|p_ZZN9gdn_mxfp818gdn_mxfp8_top_implEhthhPA128_K7ap_uintILi8EEPA4_S2_S4_S6_S4_S6_P_836_ce0       |  out|    1|   ap_memory|  p_ZZN9gdn_mxfp818gdn_mxfp8_top_implEhthhPA128_K7ap_uintILi8EEPA4_S2_S4_S6_S4_S6_P_836|         array|
|p_ZZN9gdn_mxfp818gdn_mxfp8_top_implEhthhPA128_K7ap_uintILi8EEPA4_S2_S4_S6_S4_S6_P_836_we0       |  out|    1|   ap_memory|  p_ZZN9gdn_mxfp818gdn_mxfp8_top_implEhthhPA128_K7ap_uintILi8EEPA4_S2_S4_S6_S4_S6_P_836|         array|
|p_ZZN9gdn_mxfp818gdn_mxfp8_top_implEhthhPA128_K7ap_uintILi8EEPA4_S2_S4_S6_S4_S6_P_836_d0        |  out|    9|   ap_memory|  p_ZZN9gdn_mxfp818gdn_mxfp8_top_implEhthhPA128_K7ap_uintILi8EEPA4_S2_S4_S6_S4_S6_P_836|         array|
|p_ZZN9gdn_mxfp818gdn_mxfp8_top_implEhthhPA128_K7ap_uintILi8EEPA4_S2_S4_S6_S4_S6_P_957_address0  |  out|    5|   ap_memory|  p_ZZN9gdn_mxfp818gdn_mxfp8_top_implEhthhPA128_K7ap_uintILi8EEPA4_S2_S4_S6_S4_S6_P_957|         array|
|p_ZZN9gdn_mxfp818gdn_mxfp8_top_implEhthhPA128_K7ap_uintILi8EEPA4_S2_S4_S6_S4_S6_P_957_ce0       |  out|    1|   ap_memory|  p_ZZN9gdn_mxfp818gdn_mxfp8_top_implEhthhPA128_K7ap_uintILi8EEPA4_S2_S4_S6_S4_S6_P_957|         array|
|p_ZZN9gdn_mxfp818gdn_mxfp8_top_implEhthhPA128_K7ap_uintILi8EEPA4_S2_S4_S6_S4_S6_P_957_we0       |  out|    1|   ap_memory|  p_ZZN9gdn_mxfp818gdn_mxfp8_top_implEhthhPA128_K7ap_uintILi8EEPA4_S2_S4_S6_S4_S6_P_957|         array|
|p_ZZN9gdn_mxfp818gdn_mxfp8_top_implEhthhPA128_K7ap_uintILi8EEPA4_S2_S4_S6_S4_S6_P_957_d0        |  out|    6|   ap_memory|  p_ZZN9gdn_mxfp818gdn_mxfp8_top_implEhthhPA128_K7ap_uintILi8EEPA4_S2_S4_S6_S4_S6_P_957|         array|
|p_ZZN9gdn_mxfp818gdn_mxfp8_top_implEhthhPA128_K7ap_uintILi8EEPA4_S2_S4_S6_S4_S6_P_837_address0  |  out|    5|   ap_memory|  p_ZZN9gdn_mxfp818gdn_mxfp8_top_implEhthhPA128_K7ap_uintILi8EEPA4_S2_S4_S6_S4_S6_P_837|         array|
|p_ZZN9gdn_mxfp818gdn_mxfp8_top_implEhthhPA128_K7ap_uintILi8EEPA4_S2_S4_S6_S4_S6_P_837_ce0       |  out|    1|   ap_memory|  p_ZZN9gdn_mxfp818gdn_mxfp8_top_implEhthhPA128_K7ap_uintILi8EEPA4_S2_S4_S6_S4_S6_P_837|         array|
|p_ZZN9gdn_mxfp818gdn_mxfp8_top_implEhthhPA128_K7ap_uintILi8EEPA4_S2_S4_S6_S4_S6_P_837_we0       |  out|    1|   ap_memory|  p_ZZN9gdn_mxfp818gdn_mxfp8_top_implEhthhPA128_K7ap_uintILi8EEPA4_S2_S4_S6_S4_S6_P_837|         array|
|p_ZZN9gdn_mxfp818gdn_mxfp8_top_implEhthhPA128_K7ap_uintILi8EEPA4_S2_S4_S6_S4_S6_P_837_d0        |  out|    9|   ap_memory|  p_ZZN9gdn_mxfp818gdn_mxfp8_top_implEhthhPA128_K7ap_uintILi8EEPA4_S2_S4_S6_S4_S6_P_837|         array|
|p_ZZN9gdn_mxfp818gdn_mxfp8_top_implEhthhPA128_K7ap_uintILi8EEPA4_S2_S4_S6_S4_S6_P_958_address0  |  out|    5|   ap_memory|  p_ZZN9gdn_mxfp818gdn_mxfp8_top_implEhthhPA128_K7ap_uintILi8EEPA4_S2_S4_S6_S4_S6_P_958|         array|
|p_ZZN9gdn_mxfp818gdn_mxfp8_top_implEhthhPA128_K7ap_uintILi8EEPA4_S2_S4_S6_S4_S6_P_958_ce0       |  out|    1|   ap_memory|  p_ZZN9gdn_mxfp818gdn_mxfp8_top_implEhthhPA128_K7ap_uintILi8EEPA4_S2_S4_S6_S4_S6_P_958|         array|
|p_ZZN9gdn_mxfp818gdn_mxfp8_top_implEhthhPA128_K7ap_uintILi8EEPA4_S2_S4_S6_S4_S6_P_958_we0       |  out|    1|   ap_memory|  p_ZZN9gdn_mxfp818gdn_mxfp8_top_implEhthhPA128_K7ap_uintILi8EEPA4_S2_S4_S6_S4_S6_P_958|         array|
|p_ZZN9gdn_mxfp818gdn_mxfp8_top_implEhthhPA128_K7ap_uintILi8EEPA4_S2_S4_S6_S4_S6_P_958_d0        |  out|    6|   ap_memory|  p_ZZN9gdn_mxfp818gdn_mxfp8_top_implEhthhPA128_K7ap_uintILi8EEPA4_S2_S4_S6_S4_S6_P_958|         array|
|p_ZZN9gdn_mxfp818gdn_mxfp8_top_implEhthhPA128_K7ap_uintILi8EEPA4_S2_S4_S6_S4_S6_P_838_address0  |  out|    5|   ap_memory|  p_ZZN9gdn_mxfp818gdn_mxfp8_top_implEhthhPA128_K7ap_uintILi8EEPA4_S2_S4_S6_S4_S6_P_838|         array|
|p_ZZN9gdn_mxfp818gdn_mxfp8_top_implEhthhPA128_K7ap_uintILi8EEPA4_S2_S4_S6_S4_S6_P_838_ce0       |  out|    1|   ap_memory|  p_ZZN9gdn_mxfp818gdn_mxfp8_top_implEhthhPA128_K7ap_uintILi8EEPA4_S2_S4_S6_S4_S6_P_838|         array|
|p_ZZN9gdn_mxfp818gdn_mxfp8_top_implEhthhPA128_K7ap_uintILi8EEPA4_S2_S4_S6_S4_S6_P_838_we0       |  out|    1|   ap_memory|  p_ZZN9gdn_mxfp818gdn_mxfp8_top_implEhthhPA128_K7ap_uintILi8EEPA4_S2_S4_S6_S4_S6_P_838|         array|
|p_ZZN9gdn_mxfp818gdn_mxfp8_top_implEhthhPA128_K7ap_uintILi8EEPA4_S2_S4_S6_S4_S6_P_838_d0        |  out|    9|   ap_memory|  p_ZZN9gdn_mxfp818gdn_mxfp8_top_implEhthhPA128_K7ap_uintILi8EEPA4_S2_S4_S6_S4_S6_P_838|         array|
|p_ZZN9gdn_mxfp818gdn_mxfp8_top_implEhthhPA128_K7ap_uintILi8EEPA4_S2_S4_S6_S4_S6_P_959_address0  |  out|    5|   ap_memory|  p_ZZN9gdn_mxfp818gdn_mxfp8_top_implEhthhPA128_K7ap_uintILi8EEPA4_S2_S4_S6_S4_S6_P_959|         array|
|p_ZZN9gdn_mxfp818gdn_mxfp8_top_implEhthhPA128_K7ap_uintILi8EEPA4_S2_S4_S6_S4_S6_P_959_ce0       |  out|    1|   ap_memory|  p_ZZN9gdn_mxfp818gdn_mxfp8_top_implEhthhPA128_K7ap_uintILi8EEPA4_S2_S4_S6_S4_S6_P_959|         array|
|p_ZZN9gdn_mxfp818gdn_mxfp8_top_implEhthhPA128_K7ap_uintILi8EEPA4_S2_S4_S6_S4_S6_P_959_we0       |  out|    1|   ap_memory|  p_ZZN9gdn_mxfp818gdn_mxfp8_top_implEhthhPA128_K7ap_uintILi8EEPA4_S2_S4_S6_S4_S6_P_959|         array|
|p_ZZN9gdn_mxfp818gdn_mxfp8_top_implEhthhPA128_K7ap_uintILi8EEPA4_S2_S4_S6_S4_S6_P_959_d0        |  out|    6|   ap_memory|  p_ZZN9gdn_mxfp818gdn_mxfp8_top_implEhthhPA128_K7ap_uintILi8EEPA4_S2_S4_S6_S4_S6_P_959|         array|
|p_ZZN9gdn_mxfp818gdn_mxfp8_top_implEhthhPA128_K7ap_uintILi8EEPA4_S2_S4_S6_S4_S6_P_839_address0  |  out|    5|   ap_memory|  p_ZZN9gdn_mxfp818gdn_mxfp8_top_implEhthhPA128_K7ap_uintILi8EEPA4_S2_S4_S6_S4_S6_P_839|         array|
|p_ZZN9gdn_mxfp818gdn_mxfp8_top_implEhthhPA128_K7ap_uintILi8EEPA4_S2_S4_S6_S4_S6_P_839_ce0       |  out|    1|   ap_memory|  p_ZZN9gdn_mxfp818gdn_mxfp8_top_implEhthhPA128_K7ap_uintILi8EEPA4_S2_S4_S6_S4_S6_P_839|         array|
|p_ZZN9gdn_mxfp818gdn_mxfp8_top_implEhthhPA128_K7ap_uintILi8EEPA4_S2_S4_S6_S4_S6_P_839_we0       |  out|    1|   ap_memory|  p_ZZN9gdn_mxfp818gdn_mxfp8_top_implEhthhPA128_K7ap_uintILi8EEPA4_S2_S4_S6_S4_S6_P_839|         array|
|p_ZZN9gdn_mxfp818gdn_mxfp8_top_implEhthhPA128_K7ap_uintILi8EEPA4_S2_S4_S6_S4_S6_P_839_d0        |  out|    9|   ap_memory|  p_ZZN9gdn_mxfp818gdn_mxfp8_top_implEhthhPA128_K7ap_uintILi8EEPA4_S2_S4_S6_S4_S6_P_839|         array|
|p_ZZN9gdn_mxfp818gdn_mxfp8_top_implEhthhPA128_K7ap_uintILi8EEPA4_S2_S4_S6_S4_S6_P_960_address0  |  out|    5|   ap_memory|  p_ZZN9gdn_mxfp818gdn_mxfp8_top_implEhthhPA128_K7ap_uintILi8EEPA4_S2_S4_S6_S4_S6_P_960|         array|
|p_ZZN9gdn_mxfp818gdn_mxfp8_top_implEhthhPA128_K7ap_uintILi8EEPA4_S2_S4_S6_S4_S6_P_960_ce0       |  out|    1|   ap_memory|  p_ZZN9gdn_mxfp818gdn_mxfp8_top_implEhthhPA128_K7ap_uintILi8EEPA4_S2_S4_S6_S4_S6_P_960|         array|
|p_ZZN9gdn_mxfp818gdn_mxfp8_top_implEhthhPA128_K7ap_uintILi8EEPA4_S2_S4_S6_S4_S6_P_960_we0       |  out|    1|   ap_memory|  p_ZZN9gdn_mxfp818gdn_mxfp8_top_implEhthhPA128_K7ap_uintILi8EEPA4_S2_S4_S6_S4_S6_P_960|         array|
|p_ZZN9gdn_mxfp818gdn_mxfp8_top_implEhthhPA128_K7ap_uintILi8EEPA4_S2_S4_S6_S4_S6_P_960_d0        |  out|    6|   ap_memory|  p_ZZN9gdn_mxfp818gdn_mxfp8_top_implEhthhPA128_K7ap_uintILi8EEPA4_S2_S4_S6_S4_S6_P_960|         array|
|p_ZZN9gdn_mxfp818gdn_mxfp8_top_implEhthhPA128_K7ap_uintILi8EEPA4_S2_S4_S6_S4_S6_P_840_address0  |  out|    5|   ap_memory|  p_ZZN9gdn_mxfp818gdn_mxfp8_top_implEhthhPA128_K7ap_uintILi8EEPA4_S2_S4_S6_S4_S6_P_840|         array|
|p_ZZN9gdn_mxfp818gdn_mxfp8_top_implEhthhPA128_K7ap_uintILi8EEPA4_S2_S4_S6_S4_S6_P_840_ce0       |  out|    1|   ap_memory|  p_ZZN9gdn_mxfp818gdn_mxfp8_top_implEhthhPA128_K7ap_uintILi8EEPA4_S2_S4_S6_S4_S6_P_840|         array|
|p_ZZN9gdn_mxfp818gdn_mxfp8_top_implEhthhPA128_K7ap_uintILi8EEPA4_S2_S4_S6_S4_S6_P_840_we0       |  out|    1|   ap_memory|  p_ZZN9gdn_mxfp818gdn_mxfp8_top_implEhthhPA128_K7ap_uintILi8EEPA4_S2_S4_S6_S4_S6_P_840|         array|
|p_ZZN9gdn_mxfp818gdn_mxfp8_top_implEhthhPA128_K7ap_uintILi8EEPA4_S2_S4_S6_S4_S6_P_840_d0        |  out|    9|   ap_memory|  p_ZZN9gdn_mxfp818gdn_mxfp8_top_implEhthhPA128_K7ap_uintILi8EEPA4_S2_S4_S6_S4_S6_P_840|         array|
|p_ZZN9gdn_mxfp818gdn_mxfp8_top_implEhthhPA128_K7ap_uintILi8EEPA4_S2_S4_S6_S4_S6_P_961_address0  |  out|    5|   ap_memory|  p_ZZN9gdn_mxfp818gdn_mxfp8_top_implEhthhPA128_K7ap_uintILi8EEPA4_S2_S4_S6_S4_S6_P_961|         array|
|p_ZZN9gdn_mxfp818gdn_mxfp8_top_implEhthhPA128_K7ap_uintILi8EEPA4_S2_S4_S6_S4_S6_P_961_ce0       |  out|    1|   ap_memory|  p_ZZN9gdn_mxfp818gdn_mxfp8_top_implEhthhPA128_K7ap_uintILi8EEPA4_S2_S4_S6_S4_S6_P_961|         array|
|p_ZZN9gdn_mxfp818gdn_mxfp8_top_implEhthhPA128_K7ap_uintILi8EEPA4_S2_S4_S6_S4_S6_P_961_we0       |  out|    1|   ap_memory|  p_ZZN9gdn_mxfp818gdn_mxfp8_top_implEhthhPA128_K7ap_uintILi8EEPA4_S2_S4_S6_S4_S6_P_961|         array|
|p_ZZN9gdn_mxfp818gdn_mxfp8_top_implEhthhPA128_K7ap_uintILi8EEPA4_S2_S4_S6_S4_S6_P_961_d0        |  out|    6|   ap_memory|  p_ZZN9gdn_mxfp818gdn_mxfp8_top_implEhthhPA128_K7ap_uintILi8EEPA4_S2_S4_S6_S4_S6_P_961|         array|
|p_ZZN9gdn_mxfp818gdn_mxfp8_top_implEhthhPA128_K7ap_uintILi8EEPA4_S2_S4_S6_S4_S6_P_841_address0  |  out|    5|   ap_memory|  p_ZZN9gdn_mxfp818gdn_mxfp8_top_implEhthhPA128_K7ap_uintILi8EEPA4_S2_S4_S6_S4_S6_P_841|         array|
|p_ZZN9gdn_mxfp818gdn_mxfp8_top_implEhthhPA128_K7ap_uintILi8EEPA4_S2_S4_S6_S4_S6_P_841_ce0       |  out|    1|   ap_memory|  p_ZZN9gdn_mxfp818gdn_mxfp8_top_implEhthhPA128_K7ap_uintILi8EEPA4_S2_S4_S6_S4_S6_P_841|         array|
|p_ZZN9gdn_mxfp818gdn_mxfp8_top_implEhthhPA128_K7ap_uintILi8EEPA4_S2_S4_S6_S4_S6_P_841_we0       |  out|    1|   ap_memory|  p_ZZN9gdn_mxfp818gdn_mxfp8_top_implEhthhPA128_K7ap_uintILi8EEPA4_S2_S4_S6_S4_S6_P_841|         array|
|p_ZZN9gdn_mxfp818gdn_mxfp8_top_implEhthhPA128_K7ap_uintILi8EEPA4_S2_S4_S6_S4_S6_P_841_d0        |  out|    9|   ap_memory|  p_ZZN9gdn_mxfp818gdn_mxfp8_top_implEhthhPA128_K7ap_uintILi8EEPA4_S2_S4_S6_S4_S6_P_841|         array|
|p_ZZN9gdn_mxfp818gdn_mxfp8_top_implEhthhPA128_K7ap_uintILi8EEPA4_S2_S4_S6_S4_S6_P_962_address0  |  out|    5|   ap_memory|  p_ZZN9gdn_mxfp818gdn_mxfp8_top_implEhthhPA128_K7ap_uintILi8EEPA4_S2_S4_S6_S4_S6_P_962|         array|
|p_ZZN9gdn_mxfp818gdn_mxfp8_top_implEhthhPA128_K7ap_uintILi8EEPA4_S2_S4_S6_S4_S6_P_962_ce0       |  out|    1|   ap_memory|  p_ZZN9gdn_mxfp818gdn_mxfp8_top_implEhthhPA128_K7ap_uintILi8EEPA4_S2_S4_S6_S4_S6_P_962|         array|
|p_ZZN9gdn_mxfp818gdn_mxfp8_top_implEhthhPA128_K7ap_uintILi8EEPA4_S2_S4_S6_S4_S6_P_962_we0       |  out|    1|   ap_memory|  p_ZZN9gdn_mxfp818gdn_mxfp8_top_implEhthhPA128_K7ap_uintILi8EEPA4_S2_S4_S6_S4_S6_P_962|         array|
|p_ZZN9gdn_mxfp818gdn_mxfp8_top_implEhthhPA128_K7ap_uintILi8EEPA4_S2_S4_S6_S4_S6_P_962_d0        |  out|    6|   ap_memory|  p_ZZN9gdn_mxfp818gdn_mxfp8_top_implEhthhPA128_K7ap_uintILi8EEPA4_S2_S4_S6_S4_S6_P_962|         array|
|p_ZZN9gdn_mxfp818gdn_mxfp8_top_implEhthhPA128_K7ap_uintILi8EEPA4_S2_S4_S6_S4_S6_P_842_address0  |  out|    5|   ap_memory|  p_ZZN9gdn_mxfp818gdn_mxfp8_top_implEhthhPA128_K7ap_uintILi8EEPA4_S2_S4_S6_S4_S6_P_842|         array|
|p_ZZN9gdn_mxfp818gdn_mxfp8_top_implEhthhPA128_K7ap_uintILi8EEPA4_S2_S4_S6_S4_S6_P_842_ce0       |  out|    1|   ap_memory|  p_ZZN9gdn_mxfp818gdn_mxfp8_top_implEhthhPA128_K7ap_uintILi8EEPA4_S2_S4_S6_S4_S6_P_842|         array|
|p_ZZN9gdn_mxfp818gdn_mxfp8_top_implEhthhPA128_K7ap_uintILi8EEPA4_S2_S4_S6_S4_S6_P_842_we0       |  out|    1|   ap_memory|  p_ZZN9gdn_mxfp818gdn_mxfp8_top_implEhthhPA128_K7ap_uintILi8EEPA4_S2_S4_S6_S4_S6_P_842|         array|
|p_ZZN9gdn_mxfp818gdn_mxfp8_top_implEhthhPA128_K7ap_uintILi8EEPA4_S2_S4_S6_S4_S6_P_842_d0        |  out|    9|   ap_memory|  p_ZZN9gdn_mxfp818gdn_mxfp8_top_implEhthhPA128_K7ap_uintILi8EEPA4_S2_S4_S6_S4_S6_P_842|         array|
|p_ZZN9gdn_mxfp818gdn_mxfp8_top_implEhthhPA128_K7ap_uintILi8EEPA4_S2_S4_S6_S4_S6_P_963_address0  |  out|    5|   ap_memory|  p_ZZN9gdn_mxfp818gdn_mxfp8_top_implEhthhPA128_K7ap_uintILi8EEPA4_S2_S4_S6_S4_S6_P_963|         array|
|p_ZZN9gdn_mxfp818gdn_mxfp8_top_implEhthhPA128_K7ap_uintILi8EEPA4_S2_S4_S6_S4_S6_P_963_ce0       |  out|    1|   ap_memory|  p_ZZN9gdn_mxfp818gdn_mxfp8_top_implEhthhPA128_K7ap_uintILi8EEPA4_S2_S4_S6_S4_S6_P_963|         array|
|p_ZZN9gdn_mxfp818gdn_mxfp8_top_implEhthhPA128_K7ap_uintILi8EEPA4_S2_S4_S6_S4_S6_P_963_we0       |  out|    1|   ap_memory|  p_ZZN9gdn_mxfp818gdn_mxfp8_top_implEhthhPA128_K7ap_uintILi8EEPA4_S2_S4_S6_S4_S6_P_963|         array|
|p_ZZN9gdn_mxfp818gdn_mxfp8_top_implEhthhPA128_K7ap_uintILi8EEPA4_S2_S4_S6_S4_S6_P_963_d0        |  out|    6|   ap_memory|  p_ZZN9gdn_mxfp818gdn_mxfp8_top_implEhthhPA128_K7ap_uintILi8EEPA4_S2_S4_S6_S4_S6_P_963|         array|
|p_ZZN9gdn_mxfp818gdn_mxfp8_top_implEhthhPA128_K7ap_uintILi8EEPA4_S2_S4_S6_S4_S6_P_843_address0  |  out|    5|   ap_memory|  p_ZZN9gdn_mxfp818gdn_mxfp8_top_implEhthhPA128_K7ap_uintILi8EEPA4_S2_S4_S6_S4_S6_P_843|         array|
|p_ZZN9gdn_mxfp818gdn_mxfp8_top_implEhthhPA128_K7ap_uintILi8EEPA4_S2_S4_S6_S4_S6_P_843_ce0       |  out|    1|   ap_memory|  p_ZZN9gdn_mxfp818gdn_mxfp8_top_implEhthhPA128_K7ap_uintILi8EEPA4_S2_S4_S6_S4_S6_P_843|         array|
|p_ZZN9gdn_mxfp818gdn_mxfp8_top_implEhthhPA128_K7ap_uintILi8EEPA4_S2_S4_S6_S4_S6_P_843_we0       |  out|    1|   ap_memory|  p_ZZN9gdn_mxfp818gdn_mxfp8_top_implEhthhPA128_K7ap_uintILi8EEPA4_S2_S4_S6_S4_S6_P_843|         array|
|p_ZZN9gdn_mxfp818gdn_mxfp8_top_implEhthhPA128_K7ap_uintILi8EEPA4_S2_S4_S6_S4_S6_P_843_d0        |  out|    9|   ap_memory|  p_ZZN9gdn_mxfp818gdn_mxfp8_top_implEhthhPA128_K7ap_uintILi8EEPA4_S2_S4_S6_S4_S6_P_843|         array|
|p_ZZN9gdn_mxfp818gdn_mxfp8_top_implEhthhPA128_K7ap_uintILi8EEPA4_S2_S4_S6_S4_S6_P_964_address0  |  out|    5|   ap_memory|  p_ZZN9gdn_mxfp818gdn_mxfp8_top_implEhthhPA128_K7ap_uintILi8EEPA4_S2_S4_S6_S4_S6_P_964|         array|
|p_ZZN9gdn_mxfp818gdn_mxfp8_top_implEhthhPA128_K7ap_uintILi8EEPA4_S2_S4_S6_S4_S6_P_964_ce0       |  out|    1|   ap_memory|  p_ZZN9gdn_mxfp818gdn_mxfp8_top_implEhthhPA128_K7ap_uintILi8EEPA4_S2_S4_S6_S4_S6_P_964|         array|
|p_ZZN9gdn_mxfp818gdn_mxfp8_top_implEhthhPA128_K7ap_uintILi8EEPA4_S2_S4_S6_S4_S6_P_964_we0       |  out|    1|   ap_memory|  p_ZZN9gdn_mxfp818gdn_mxfp8_top_implEhthhPA128_K7ap_uintILi8EEPA4_S2_S4_S6_S4_S6_P_964|         array|
|p_ZZN9gdn_mxfp818gdn_mxfp8_top_implEhthhPA128_K7ap_uintILi8EEPA4_S2_S4_S6_S4_S6_P_964_d0        |  out|    6|   ap_memory|  p_ZZN9gdn_mxfp818gdn_mxfp8_top_implEhthhPA128_K7ap_uintILi8EEPA4_S2_S4_S6_S4_S6_P_964|         array|
|p_ZZN9gdn_mxfp818gdn_mxfp8_top_implEhthhPA128_K7ap_uintILi8EEPA4_S2_S4_S6_S4_S6_P_844_address0  |  out|    5|   ap_memory|  p_ZZN9gdn_mxfp818gdn_mxfp8_top_implEhthhPA128_K7ap_uintILi8EEPA4_S2_S4_S6_S4_S6_P_844|         array|
|p_ZZN9gdn_mxfp818gdn_mxfp8_top_implEhthhPA128_K7ap_uintILi8EEPA4_S2_S4_S6_S4_S6_P_844_ce0       |  out|    1|   ap_memory|  p_ZZN9gdn_mxfp818gdn_mxfp8_top_implEhthhPA128_K7ap_uintILi8EEPA4_S2_S4_S6_S4_S6_P_844|         array|
|p_ZZN9gdn_mxfp818gdn_mxfp8_top_implEhthhPA128_K7ap_uintILi8EEPA4_S2_S4_S6_S4_S6_P_844_we0       |  out|    1|   ap_memory|  p_ZZN9gdn_mxfp818gdn_mxfp8_top_implEhthhPA128_K7ap_uintILi8EEPA4_S2_S4_S6_S4_S6_P_844|         array|
|p_ZZN9gdn_mxfp818gdn_mxfp8_top_implEhthhPA128_K7ap_uintILi8EEPA4_S2_S4_S6_S4_S6_P_844_d0        |  out|    9|   ap_memory|  p_ZZN9gdn_mxfp818gdn_mxfp8_top_implEhthhPA128_K7ap_uintILi8EEPA4_S2_S4_S6_S4_S6_P_844|         array|
|p_ZZN9gdn_mxfp818gdn_mxfp8_top_implEhthhPA128_K7ap_uintILi8EEPA4_S2_S4_S6_S4_S6_P_965_address0  |  out|    5|   ap_memory|  p_ZZN9gdn_mxfp818gdn_mxfp8_top_implEhthhPA128_K7ap_uintILi8EEPA4_S2_S4_S6_S4_S6_P_965|         array|
|p_ZZN9gdn_mxfp818gdn_mxfp8_top_implEhthhPA128_K7ap_uintILi8EEPA4_S2_S4_S6_S4_S6_P_965_ce0       |  out|    1|   ap_memory|  p_ZZN9gdn_mxfp818gdn_mxfp8_top_implEhthhPA128_K7ap_uintILi8EEPA4_S2_S4_S6_S4_S6_P_965|         array|
|p_ZZN9gdn_mxfp818gdn_mxfp8_top_implEhthhPA128_K7ap_uintILi8EEPA4_S2_S4_S6_S4_S6_P_965_we0       |  out|    1|   ap_memory|  p_ZZN9gdn_mxfp818gdn_mxfp8_top_implEhthhPA128_K7ap_uintILi8EEPA4_S2_S4_S6_S4_S6_P_965|         array|
|p_ZZN9gdn_mxfp818gdn_mxfp8_top_implEhthhPA128_K7ap_uintILi8EEPA4_S2_S4_S6_S4_S6_P_965_d0        |  out|    6|   ap_memory|  p_ZZN9gdn_mxfp818gdn_mxfp8_top_implEhthhPA128_K7ap_uintILi8EEPA4_S2_S4_S6_S4_S6_P_965|         array|
|p_ZZN9gdn_mxfp818gdn_mxfp8_top_implEhthhPA128_K7ap_uintILi8EEPA4_S2_S4_S6_S4_S6_P_845_address0  |  out|    5|   ap_memory|  p_ZZN9gdn_mxfp818gdn_mxfp8_top_implEhthhPA128_K7ap_uintILi8EEPA4_S2_S4_S6_S4_S6_P_845|         array|
|p_ZZN9gdn_mxfp818gdn_mxfp8_top_implEhthhPA128_K7ap_uintILi8EEPA4_S2_S4_S6_S4_S6_P_845_ce0       |  out|    1|   ap_memory|  p_ZZN9gdn_mxfp818gdn_mxfp8_top_implEhthhPA128_K7ap_uintILi8EEPA4_S2_S4_S6_S4_S6_P_845|         array|
|p_ZZN9gdn_mxfp818gdn_mxfp8_top_implEhthhPA128_K7ap_uintILi8EEPA4_S2_S4_S6_S4_S6_P_845_we0       |  out|    1|   ap_memory|  p_ZZN9gdn_mxfp818gdn_mxfp8_top_implEhthhPA128_K7ap_uintILi8EEPA4_S2_S4_S6_S4_S6_P_845|         array|
|p_ZZN9gdn_mxfp818gdn_mxfp8_top_implEhthhPA128_K7ap_uintILi8EEPA4_S2_S4_S6_S4_S6_P_845_d0        |  out|    9|   ap_memory|  p_ZZN9gdn_mxfp818gdn_mxfp8_top_implEhthhPA128_K7ap_uintILi8EEPA4_S2_S4_S6_S4_S6_P_845|         array|
|p_ZZN9gdn_mxfp818gdn_mxfp8_top_implEhthhPA128_K7ap_uintILi8EEPA4_S2_S4_S6_S4_S6_P_966_address0  |  out|    5|   ap_memory|  p_ZZN9gdn_mxfp818gdn_mxfp8_top_implEhthhPA128_K7ap_uintILi8EEPA4_S2_S4_S6_S4_S6_P_966|         array|
|p_ZZN9gdn_mxfp818gdn_mxfp8_top_implEhthhPA128_K7ap_uintILi8EEPA4_S2_S4_S6_S4_S6_P_966_ce0       |  out|    1|   ap_memory|  p_ZZN9gdn_mxfp818gdn_mxfp8_top_implEhthhPA128_K7ap_uintILi8EEPA4_S2_S4_S6_S4_S6_P_966|         array|
|p_ZZN9gdn_mxfp818gdn_mxfp8_top_implEhthhPA128_K7ap_uintILi8EEPA4_S2_S4_S6_S4_S6_P_966_we0       |  out|    1|   ap_memory|  p_ZZN9gdn_mxfp818gdn_mxfp8_top_implEhthhPA128_K7ap_uintILi8EEPA4_S2_S4_S6_S4_S6_P_966|         array|
|p_ZZN9gdn_mxfp818gdn_mxfp8_top_implEhthhPA128_K7ap_uintILi8EEPA4_S2_S4_S6_S4_S6_P_966_d0        |  out|    6|   ap_memory|  p_ZZN9gdn_mxfp818gdn_mxfp8_top_implEhthhPA128_K7ap_uintILi8EEPA4_S2_S4_S6_S4_S6_P_966|         array|
|p_ZZN9gdn_mxfp818gdn_mxfp8_top_implEhthhPA128_K7ap_uintILi8EEPA4_S2_S4_S6_S4_S6_P_846_address0  |  out|    5|   ap_memory|  p_ZZN9gdn_mxfp818gdn_mxfp8_top_implEhthhPA128_K7ap_uintILi8EEPA4_S2_S4_S6_S4_S6_P_846|         array|
|p_ZZN9gdn_mxfp818gdn_mxfp8_top_implEhthhPA128_K7ap_uintILi8EEPA4_S2_S4_S6_S4_S6_P_846_ce0       |  out|    1|   ap_memory|  p_ZZN9gdn_mxfp818gdn_mxfp8_top_implEhthhPA128_K7ap_uintILi8EEPA4_S2_S4_S6_S4_S6_P_846|         array|
|p_ZZN9gdn_mxfp818gdn_mxfp8_top_implEhthhPA128_K7ap_uintILi8EEPA4_S2_S4_S6_S4_S6_P_846_we0       |  out|    1|   ap_memory|  p_ZZN9gdn_mxfp818gdn_mxfp8_top_implEhthhPA128_K7ap_uintILi8EEPA4_S2_S4_S6_S4_S6_P_846|         array|
|p_ZZN9gdn_mxfp818gdn_mxfp8_top_implEhthhPA128_K7ap_uintILi8EEPA4_S2_S4_S6_S4_S6_P_846_d0        |  out|    9|   ap_memory|  p_ZZN9gdn_mxfp818gdn_mxfp8_top_implEhthhPA128_K7ap_uintILi8EEPA4_S2_S4_S6_S4_S6_P_846|         array|
|p_ZZN9gdn_mxfp818gdn_mxfp8_top_implEhthhPA128_K7ap_uintILi8EEPA4_S2_S4_S6_S4_S6_P_967_address0  |  out|    5|   ap_memory|  p_ZZN9gdn_mxfp818gdn_mxfp8_top_implEhthhPA128_K7ap_uintILi8EEPA4_S2_S4_S6_S4_S6_P_967|         array|
|p_ZZN9gdn_mxfp818gdn_mxfp8_top_implEhthhPA128_K7ap_uintILi8EEPA4_S2_S4_S6_S4_S6_P_967_ce0       |  out|    1|   ap_memory|  p_ZZN9gdn_mxfp818gdn_mxfp8_top_implEhthhPA128_K7ap_uintILi8EEPA4_S2_S4_S6_S4_S6_P_967|         array|
|p_ZZN9gdn_mxfp818gdn_mxfp8_top_implEhthhPA128_K7ap_uintILi8EEPA4_S2_S4_S6_S4_S6_P_967_we0       |  out|    1|   ap_memory|  p_ZZN9gdn_mxfp818gdn_mxfp8_top_implEhthhPA128_K7ap_uintILi8EEPA4_S2_S4_S6_S4_S6_P_967|         array|
|p_ZZN9gdn_mxfp818gdn_mxfp8_top_implEhthhPA128_K7ap_uintILi8EEPA4_S2_S4_S6_S4_S6_P_967_d0        |  out|    6|   ap_memory|  p_ZZN9gdn_mxfp818gdn_mxfp8_top_implEhthhPA128_K7ap_uintILi8EEPA4_S2_S4_S6_S4_S6_P_967|         array|
|p_ZZN9gdn_mxfp818gdn_mxfp8_top_implEhthhPA128_K7ap_uintILi8EEPA4_S2_S4_S6_S4_S6_P_847_address0  |  out|    5|   ap_memory|  p_ZZN9gdn_mxfp818gdn_mxfp8_top_implEhthhPA128_K7ap_uintILi8EEPA4_S2_S4_S6_S4_S6_P_847|         array|
|p_ZZN9gdn_mxfp818gdn_mxfp8_top_implEhthhPA128_K7ap_uintILi8EEPA4_S2_S4_S6_S4_S6_P_847_ce0       |  out|    1|   ap_memory|  p_ZZN9gdn_mxfp818gdn_mxfp8_top_implEhthhPA128_K7ap_uintILi8EEPA4_S2_S4_S6_S4_S6_P_847|         array|
|p_ZZN9gdn_mxfp818gdn_mxfp8_top_implEhthhPA128_K7ap_uintILi8EEPA4_S2_S4_S6_S4_S6_P_847_we0       |  out|    1|   ap_memory|  p_ZZN9gdn_mxfp818gdn_mxfp8_top_implEhthhPA128_K7ap_uintILi8EEPA4_S2_S4_S6_S4_S6_P_847|         array|
|p_ZZN9gdn_mxfp818gdn_mxfp8_top_implEhthhPA128_K7ap_uintILi8EEPA4_S2_S4_S6_S4_S6_P_847_d0        |  out|    9|   ap_memory|  p_ZZN9gdn_mxfp818gdn_mxfp8_top_implEhthhPA128_K7ap_uintILi8EEPA4_S2_S4_S6_S4_S6_P_847|         array|
|p_ZZN9gdn_mxfp818gdn_mxfp8_top_implEhthhPA128_K7ap_uintILi8EEPA4_S2_S4_S6_S4_S6_P_968_address0  |  out|    5|   ap_memory|  p_ZZN9gdn_mxfp818gdn_mxfp8_top_implEhthhPA128_K7ap_uintILi8EEPA4_S2_S4_S6_S4_S6_P_968|         array|
|p_ZZN9gdn_mxfp818gdn_mxfp8_top_implEhthhPA128_K7ap_uintILi8EEPA4_S2_S4_S6_S4_S6_P_968_ce0       |  out|    1|   ap_memory|  p_ZZN9gdn_mxfp818gdn_mxfp8_top_implEhthhPA128_K7ap_uintILi8EEPA4_S2_S4_S6_S4_S6_P_968|         array|
|p_ZZN9gdn_mxfp818gdn_mxfp8_top_implEhthhPA128_K7ap_uintILi8EEPA4_S2_S4_S6_S4_S6_P_968_we0       |  out|    1|   ap_memory|  p_ZZN9gdn_mxfp818gdn_mxfp8_top_implEhthhPA128_K7ap_uintILi8EEPA4_S2_S4_S6_S4_S6_P_968|         array|
|p_ZZN9gdn_mxfp818gdn_mxfp8_top_implEhthhPA128_K7ap_uintILi8EEPA4_S2_S4_S6_S4_S6_P_968_d0        |  out|    6|   ap_memory|  p_ZZN9gdn_mxfp818gdn_mxfp8_top_implEhthhPA128_K7ap_uintILi8EEPA4_S2_S4_S6_S4_S6_P_968|         array|
|p_ZZN9gdn_mxfp818gdn_mxfp8_top_implEhthhPA128_K7ap_uintILi8EEPA4_S2_S4_S6_S4_S6_P_848_address0  |  out|    5|   ap_memory|  p_ZZN9gdn_mxfp818gdn_mxfp8_top_implEhthhPA128_K7ap_uintILi8EEPA4_S2_S4_S6_S4_S6_P_848|         array|
|p_ZZN9gdn_mxfp818gdn_mxfp8_top_implEhthhPA128_K7ap_uintILi8EEPA4_S2_S4_S6_S4_S6_P_848_ce0       |  out|    1|   ap_memory|  p_ZZN9gdn_mxfp818gdn_mxfp8_top_implEhthhPA128_K7ap_uintILi8EEPA4_S2_S4_S6_S4_S6_P_848|         array|
|p_ZZN9gdn_mxfp818gdn_mxfp8_top_implEhthhPA128_K7ap_uintILi8EEPA4_S2_S4_S6_S4_S6_P_848_we0       |  out|    1|   ap_memory|  p_ZZN9gdn_mxfp818gdn_mxfp8_top_implEhthhPA128_K7ap_uintILi8EEPA4_S2_S4_S6_S4_S6_P_848|         array|
|p_ZZN9gdn_mxfp818gdn_mxfp8_top_implEhthhPA128_K7ap_uintILi8EEPA4_S2_S4_S6_S4_S6_P_848_d0        |  out|    9|   ap_memory|  p_ZZN9gdn_mxfp818gdn_mxfp8_top_implEhthhPA128_K7ap_uintILi8EEPA4_S2_S4_S6_S4_S6_P_848|         array|
|p_ZZN9gdn_mxfp818gdn_mxfp8_top_implEhthhPA128_K7ap_uintILi8EEPA4_S2_S4_S6_S4_S6_P_969_address0  |  out|    5|   ap_memory|  p_ZZN9gdn_mxfp818gdn_mxfp8_top_implEhthhPA128_K7ap_uintILi8EEPA4_S2_S4_S6_S4_S6_P_969|         array|
|p_ZZN9gdn_mxfp818gdn_mxfp8_top_implEhthhPA128_K7ap_uintILi8EEPA4_S2_S4_S6_S4_S6_P_969_ce0       |  out|    1|   ap_memory|  p_ZZN9gdn_mxfp818gdn_mxfp8_top_implEhthhPA128_K7ap_uintILi8EEPA4_S2_S4_S6_S4_S6_P_969|         array|
|p_ZZN9gdn_mxfp818gdn_mxfp8_top_implEhthhPA128_K7ap_uintILi8EEPA4_S2_S4_S6_S4_S6_P_969_we0       |  out|    1|   ap_memory|  p_ZZN9gdn_mxfp818gdn_mxfp8_top_implEhthhPA128_K7ap_uintILi8EEPA4_S2_S4_S6_S4_S6_P_969|         array|
|p_ZZN9gdn_mxfp818gdn_mxfp8_top_implEhthhPA128_K7ap_uintILi8EEPA4_S2_S4_S6_S4_S6_P_969_d0        |  out|    6|   ap_memory|  p_ZZN9gdn_mxfp818gdn_mxfp8_top_implEhthhPA128_K7ap_uintILi8EEPA4_S2_S4_S6_S4_S6_P_969|         array|
|p_ZZN9gdn_mxfp818gdn_mxfp8_top_implEhthhPA128_K7ap_uintILi8EEPA4_S2_S4_S6_S4_S6_P_849_address0  |  out|    5|   ap_memory|  p_ZZN9gdn_mxfp818gdn_mxfp8_top_implEhthhPA128_K7ap_uintILi8EEPA4_S2_S4_S6_S4_S6_P_849|         array|
|p_ZZN9gdn_mxfp818gdn_mxfp8_top_implEhthhPA128_K7ap_uintILi8EEPA4_S2_S4_S6_S4_S6_P_849_ce0       |  out|    1|   ap_memory|  p_ZZN9gdn_mxfp818gdn_mxfp8_top_implEhthhPA128_K7ap_uintILi8EEPA4_S2_S4_S6_S4_S6_P_849|         array|
|p_ZZN9gdn_mxfp818gdn_mxfp8_top_implEhthhPA128_K7ap_uintILi8EEPA4_S2_S4_S6_S4_S6_P_849_we0       |  out|    1|   ap_memory|  p_ZZN9gdn_mxfp818gdn_mxfp8_top_implEhthhPA128_K7ap_uintILi8EEPA4_S2_S4_S6_S4_S6_P_849|         array|
|p_ZZN9gdn_mxfp818gdn_mxfp8_top_implEhthhPA128_K7ap_uintILi8EEPA4_S2_S4_S6_S4_S6_P_849_d0        |  out|    9|   ap_memory|  p_ZZN9gdn_mxfp818gdn_mxfp8_top_implEhthhPA128_K7ap_uintILi8EEPA4_S2_S4_S6_S4_S6_P_849|         array|
|p_ZZN9gdn_mxfp818gdn_mxfp8_top_implEhthhPA128_K7ap_uintILi8EEPA4_S2_S4_S6_S4_S6_P_970_address0  |  out|    5|   ap_memory|  p_ZZN9gdn_mxfp818gdn_mxfp8_top_implEhthhPA128_K7ap_uintILi8EEPA4_S2_S4_S6_S4_S6_P_970|         array|
|p_ZZN9gdn_mxfp818gdn_mxfp8_top_implEhthhPA128_K7ap_uintILi8EEPA4_S2_S4_S6_S4_S6_P_970_ce0       |  out|    1|   ap_memory|  p_ZZN9gdn_mxfp818gdn_mxfp8_top_implEhthhPA128_K7ap_uintILi8EEPA4_S2_S4_S6_S4_S6_P_970|         array|
|p_ZZN9gdn_mxfp818gdn_mxfp8_top_implEhthhPA128_K7ap_uintILi8EEPA4_S2_S4_S6_S4_S6_P_970_we0       |  out|    1|   ap_memory|  p_ZZN9gdn_mxfp818gdn_mxfp8_top_implEhthhPA128_K7ap_uintILi8EEPA4_S2_S4_S6_S4_S6_P_970|         array|
|p_ZZN9gdn_mxfp818gdn_mxfp8_top_implEhthhPA128_K7ap_uintILi8EEPA4_S2_S4_S6_S4_S6_P_970_d0        |  out|    6|   ap_memory|  p_ZZN9gdn_mxfp818gdn_mxfp8_top_implEhthhPA128_K7ap_uintILi8EEPA4_S2_S4_S6_S4_S6_P_970|         array|
|p_ZZN9gdn_mxfp818gdn_mxfp8_top_implEhthhPA128_K7ap_uintILi8EEPA4_S2_S4_S6_S4_S6_P_850_address0  |  out|    5|   ap_memory|  p_ZZN9gdn_mxfp818gdn_mxfp8_top_implEhthhPA128_K7ap_uintILi8EEPA4_S2_S4_S6_S4_S6_P_850|         array|
|p_ZZN9gdn_mxfp818gdn_mxfp8_top_implEhthhPA128_K7ap_uintILi8EEPA4_S2_S4_S6_S4_S6_P_850_ce0       |  out|    1|   ap_memory|  p_ZZN9gdn_mxfp818gdn_mxfp8_top_implEhthhPA128_K7ap_uintILi8EEPA4_S2_S4_S6_S4_S6_P_850|         array|
|p_ZZN9gdn_mxfp818gdn_mxfp8_top_implEhthhPA128_K7ap_uintILi8EEPA4_S2_S4_S6_S4_S6_P_850_we0       |  out|    1|   ap_memory|  p_ZZN9gdn_mxfp818gdn_mxfp8_top_implEhthhPA128_K7ap_uintILi8EEPA4_S2_S4_S6_S4_S6_P_850|         array|
|p_ZZN9gdn_mxfp818gdn_mxfp8_top_implEhthhPA128_K7ap_uintILi8EEPA4_S2_S4_S6_S4_S6_P_850_d0        |  out|    9|   ap_memory|  p_ZZN9gdn_mxfp818gdn_mxfp8_top_implEhthhPA128_K7ap_uintILi8EEPA4_S2_S4_S6_S4_S6_P_850|         array|
|p_ZZN9gdn_mxfp818gdn_mxfp8_top_implEhthhPA128_K7ap_uintILi8EEPA4_S2_S4_S6_S4_S6_P_859_address0  |  out|    5|   ap_memory|  p_ZZN9gdn_mxfp818gdn_mxfp8_top_implEhthhPA128_K7ap_uintILi8EEPA4_S2_S4_S6_S4_S6_P_859|         array|
|p_ZZN9gdn_mxfp818gdn_mxfp8_top_implEhthhPA128_K7ap_uintILi8EEPA4_S2_S4_S6_S4_S6_P_859_ce0       |  out|    1|   ap_memory|  p_ZZN9gdn_mxfp818gdn_mxfp8_top_implEhthhPA128_K7ap_uintILi8EEPA4_S2_S4_S6_S4_S6_P_859|         array|
|p_ZZN9gdn_mxfp818gdn_mxfp8_top_implEhthhPA128_K7ap_uintILi8EEPA4_S2_S4_S6_S4_S6_P_859_we0       |  out|    1|   ap_memory|  p_ZZN9gdn_mxfp818gdn_mxfp8_top_implEhthhPA128_K7ap_uintILi8EEPA4_S2_S4_S6_S4_S6_P_859|         array|
|p_ZZN9gdn_mxfp818gdn_mxfp8_top_implEhthhPA128_K7ap_uintILi8EEPA4_S2_S4_S6_S4_S6_P_859_d0        |  out|    6|   ap_memory|  p_ZZN9gdn_mxfp818gdn_mxfp8_top_implEhthhPA128_K7ap_uintILi8EEPA4_S2_S4_S6_S4_S6_P_859|         array|
|p_ZZN9gdn_mxfp818gdn_mxfp8_top_implEhthhPA128_K7ap_uintILi8EEPA4_S2_S4_S6_S4_S6_P_739_address0  |  out|    5|   ap_memory|  p_ZZN9gdn_mxfp818gdn_mxfp8_top_implEhthhPA128_K7ap_uintILi8EEPA4_S2_S4_S6_S4_S6_P_739|         array|
|p_ZZN9gdn_mxfp818gdn_mxfp8_top_implEhthhPA128_K7ap_uintILi8EEPA4_S2_S4_S6_S4_S6_P_739_ce0       |  out|    1|   ap_memory|  p_ZZN9gdn_mxfp818gdn_mxfp8_top_implEhthhPA128_K7ap_uintILi8EEPA4_S2_S4_S6_S4_S6_P_739|         array|
|p_ZZN9gdn_mxfp818gdn_mxfp8_top_implEhthhPA128_K7ap_uintILi8EEPA4_S2_S4_S6_S4_S6_P_739_we0       |  out|    1|   ap_memory|  p_ZZN9gdn_mxfp818gdn_mxfp8_top_implEhthhPA128_K7ap_uintILi8EEPA4_S2_S4_S6_S4_S6_P_739|         array|
|p_ZZN9gdn_mxfp818gdn_mxfp8_top_implEhthhPA128_K7ap_uintILi8EEPA4_S2_S4_S6_S4_S6_P_739_d0        |  out|    9|   ap_memory|  p_ZZN9gdn_mxfp818gdn_mxfp8_top_implEhthhPA128_K7ap_uintILi8EEPA4_S2_S4_S6_S4_S6_P_739|         array|
|p_ZZN9gdn_mxfp818gdn_mxfp8_top_implEhthhPA128_K7ap_uintILi8EEPA4_S2_S4_S6_S4_S6_P_860_address0  |  out|    5|   ap_memory|  p_ZZN9gdn_mxfp818gdn_mxfp8_top_implEhthhPA128_K7ap_uintILi8EEPA4_S2_S4_S6_S4_S6_P_860|         array|
|p_ZZN9gdn_mxfp818gdn_mxfp8_top_implEhthhPA128_K7ap_uintILi8EEPA4_S2_S4_S6_S4_S6_P_860_ce0       |  out|    1|   ap_memory|  p_ZZN9gdn_mxfp818gdn_mxfp8_top_implEhthhPA128_K7ap_uintILi8EEPA4_S2_S4_S6_S4_S6_P_860|         array|
|p_ZZN9gdn_mxfp818gdn_mxfp8_top_implEhthhPA128_K7ap_uintILi8EEPA4_S2_S4_S6_S4_S6_P_860_we0       |  out|    1|   ap_memory|  p_ZZN9gdn_mxfp818gdn_mxfp8_top_implEhthhPA128_K7ap_uintILi8EEPA4_S2_S4_S6_S4_S6_P_860|         array|
|p_ZZN9gdn_mxfp818gdn_mxfp8_top_implEhthhPA128_K7ap_uintILi8EEPA4_S2_S4_S6_S4_S6_P_860_d0        |  out|    6|   ap_memory|  p_ZZN9gdn_mxfp818gdn_mxfp8_top_implEhthhPA128_K7ap_uintILi8EEPA4_S2_S4_S6_S4_S6_P_860|         array|
|p_ZZN9gdn_mxfp818gdn_mxfp8_top_implEhthhPA128_K7ap_uintILi8EEPA4_S2_S4_S6_S4_S6_P_740_address0  |  out|    5|   ap_memory|  p_ZZN9gdn_mxfp818gdn_mxfp8_top_implEhthhPA128_K7ap_uintILi8EEPA4_S2_S4_S6_S4_S6_P_740|         array|
|p_ZZN9gdn_mxfp818gdn_mxfp8_top_implEhthhPA128_K7ap_uintILi8EEPA4_S2_S4_S6_S4_S6_P_740_ce0       |  out|    1|   ap_memory|  p_ZZN9gdn_mxfp818gdn_mxfp8_top_implEhthhPA128_K7ap_uintILi8EEPA4_S2_S4_S6_S4_S6_P_740|         array|
|p_ZZN9gdn_mxfp818gdn_mxfp8_top_implEhthhPA128_K7ap_uintILi8EEPA4_S2_S4_S6_S4_S6_P_740_we0       |  out|    1|   ap_memory|  p_ZZN9gdn_mxfp818gdn_mxfp8_top_implEhthhPA128_K7ap_uintILi8EEPA4_S2_S4_S6_S4_S6_P_740|         array|
|p_ZZN9gdn_mxfp818gdn_mxfp8_top_implEhthhPA128_K7ap_uintILi8EEPA4_S2_S4_S6_S4_S6_P_740_d0        |  out|    9|   ap_memory|  p_ZZN9gdn_mxfp818gdn_mxfp8_top_implEhthhPA128_K7ap_uintILi8EEPA4_S2_S4_S6_S4_S6_P_740|         array|
|p_ZZN9gdn_mxfp818gdn_mxfp8_top_implEhthhPA128_K7ap_uintILi8EEPA4_S2_S4_S6_S4_S6_P_861_address0  |  out|    5|   ap_memory|  p_ZZN9gdn_mxfp818gdn_mxfp8_top_implEhthhPA128_K7ap_uintILi8EEPA4_S2_S4_S6_S4_S6_P_861|         array|
|p_ZZN9gdn_mxfp818gdn_mxfp8_top_implEhthhPA128_K7ap_uintILi8EEPA4_S2_S4_S6_S4_S6_P_861_ce0       |  out|    1|   ap_memory|  p_ZZN9gdn_mxfp818gdn_mxfp8_top_implEhthhPA128_K7ap_uintILi8EEPA4_S2_S4_S6_S4_S6_P_861|         array|
|p_ZZN9gdn_mxfp818gdn_mxfp8_top_implEhthhPA128_K7ap_uintILi8EEPA4_S2_S4_S6_S4_S6_P_861_we0       |  out|    1|   ap_memory|  p_ZZN9gdn_mxfp818gdn_mxfp8_top_implEhthhPA128_K7ap_uintILi8EEPA4_S2_S4_S6_S4_S6_P_861|         array|
|p_ZZN9gdn_mxfp818gdn_mxfp8_top_implEhthhPA128_K7ap_uintILi8EEPA4_S2_S4_S6_S4_S6_P_861_d0        |  out|    6|   ap_memory|  p_ZZN9gdn_mxfp818gdn_mxfp8_top_implEhthhPA128_K7ap_uintILi8EEPA4_S2_S4_S6_S4_S6_P_861|         array|
|p_ZZN9gdn_mxfp818gdn_mxfp8_top_implEhthhPA128_K7ap_uintILi8EEPA4_S2_S4_S6_S4_S6_P_741_address0  |  out|    5|   ap_memory|  p_ZZN9gdn_mxfp818gdn_mxfp8_top_implEhthhPA128_K7ap_uintILi8EEPA4_S2_S4_S6_S4_S6_P_741|         array|
|p_ZZN9gdn_mxfp818gdn_mxfp8_top_implEhthhPA128_K7ap_uintILi8EEPA4_S2_S4_S6_S4_S6_P_741_ce0       |  out|    1|   ap_memory|  p_ZZN9gdn_mxfp818gdn_mxfp8_top_implEhthhPA128_K7ap_uintILi8EEPA4_S2_S4_S6_S4_S6_P_741|         array|
|p_ZZN9gdn_mxfp818gdn_mxfp8_top_implEhthhPA128_K7ap_uintILi8EEPA4_S2_S4_S6_S4_S6_P_741_we0       |  out|    1|   ap_memory|  p_ZZN9gdn_mxfp818gdn_mxfp8_top_implEhthhPA128_K7ap_uintILi8EEPA4_S2_S4_S6_S4_S6_P_741|         array|
|p_ZZN9gdn_mxfp818gdn_mxfp8_top_implEhthhPA128_K7ap_uintILi8EEPA4_S2_S4_S6_S4_S6_P_741_d0        |  out|    9|   ap_memory|  p_ZZN9gdn_mxfp818gdn_mxfp8_top_implEhthhPA128_K7ap_uintILi8EEPA4_S2_S4_S6_S4_S6_P_741|         array|
|p_ZZN9gdn_mxfp818gdn_mxfp8_top_implEhthhPA128_K7ap_uintILi8EEPA4_S2_S4_S6_S4_S6_P_862_address0  |  out|    5|   ap_memory|  p_ZZN9gdn_mxfp818gdn_mxfp8_top_implEhthhPA128_K7ap_uintILi8EEPA4_S2_S4_S6_S4_S6_P_862|         array|
|p_ZZN9gdn_mxfp818gdn_mxfp8_top_implEhthhPA128_K7ap_uintILi8EEPA4_S2_S4_S6_S4_S6_P_862_ce0       |  out|    1|   ap_memory|  p_ZZN9gdn_mxfp818gdn_mxfp8_top_implEhthhPA128_K7ap_uintILi8EEPA4_S2_S4_S6_S4_S6_P_862|         array|
|p_ZZN9gdn_mxfp818gdn_mxfp8_top_implEhthhPA128_K7ap_uintILi8EEPA4_S2_S4_S6_S4_S6_P_862_we0       |  out|    1|   ap_memory|  p_ZZN9gdn_mxfp818gdn_mxfp8_top_implEhthhPA128_K7ap_uintILi8EEPA4_S2_S4_S6_S4_S6_P_862|         array|
|p_ZZN9gdn_mxfp818gdn_mxfp8_top_implEhthhPA128_K7ap_uintILi8EEPA4_S2_S4_S6_S4_S6_P_862_d0        |  out|    6|   ap_memory|  p_ZZN9gdn_mxfp818gdn_mxfp8_top_implEhthhPA128_K7ap_uintILi8EEPA4_S2_S4_S6_S4_S6_P_862|         array|
|p_ZZN9gdn_mxfp818gdn_mxfp8_top_implEhthhPA128_K7ap_uintILi8EEPA4_S2_S4_S6_S4_S6_P_742_address0  |  out|    5|   ap_memory|  p_ZZN9gdn_mxfp818gdn_mxfp8_top_implEhthhPA128_K7ap_uintILi8EEPA4_S2_S4_S6_S4_S6_P_742|         array|
|p_ZZN9gdn_mxfp818gdn_mxfp8_top_implEhthhPA128_K7ap_uintILi8EEPA4_S2_S4_S6_S4_S6_P_742_ce0       |  out|    1|   ap_memory|  p_ZZN9gdn_mxfp818gdn_mxfp8_top_implEhthhPA128_K7ap_uintILi8EEPA4_S2_S4_S6_S4_S6_P_742|         array|
|p_ZZN9gdn_mxfp818gdn_mxfp8_top_implEhthhPA128_K7ap_uintILi8EEPA4_S2_S4_S6_S4_S6_P_742_we0       |  out|    1|   ap_memory|  p_ZZN9gdn_mxfp818gdn_mxfp8_top_implEhthhPA128_K7ap_uintILi8EEPA4_S2_S4_S6_S4_S6_P_742|         array|
|p_ZZN9gdn_mxfp818gdn_mxfp8_top_implEhthhPA128_K7ap_uintILi8EEPA4_S2_S4_S6_S4_S6_P_742_d0        |  out|    9|   ap_memory|  p_ZZN9gdn_mxfp818gdn_mxfp8_top_implEhthhPA128_K7ap_uintILi8EEPA4_S2_S4_S6_S4_S6_P_742|         array|
|p_ZZN9gdn_mxfp818gdn_mxfp8_top_implEhthhPA128_K7ap_uintILi8EEPA4_S2_S4_S6_S4_S6_P_863_address0  |  out|    5|   ap_memory|  p_ZZN9gdn_mxfp818gdn_mxfp8_top_implEhthhPA128_K7ap_uintILi8EEPA4_S2_S4_S6_S4_S6_P_863|         array|
|p_ZZN9gdn_mxfp818gdn_mxfp8_top_implEhthhPA128_K7ap_uintILi8EEPA4_S2_S4_S6_S4_S6_P_863_ce0       |  out|    1|   ap_memory|  p_ZZN9gdn_mxfp818gdn_mxfp8_top_implEhthhPA128_K7ap_uintILi8EEPA4_S2_S4_S6_S4_S6_P_863|         array|
|p_ZZN9gdn_mxfp818gdn_mxfp8_top_implEhthhPA128_K7ap_uintILi8EEPA4_S2_S4_S6_S4_S6_P_863_we0       |  out|    1|   ap_memory|  p_ZZN9gdn_mxfp818gdn_mxfp8_top_implEhthhPA128_K7ap_uintILi8EEPA4_S2_S4_S6_S4_S6_P_863|         array|
|p_ZZN9gdn_mxfp818gdn_mxfp8_top_implEhthhPA128_K7ap_uintILi8EEPA4_S2_S4_S6_S4_S6_P_863_d0        |  out|    6|   ap_memory|  p_ZZN9gdn_mxfp818gdn_mxfp8_top_implEhthhPA128_K7ap_uintILi8EEPA4_S2_S4_S6_S4_S6_P_863|         array|
|p_ZZN9gdn_mxfp818gdn_mxfp8_top_implEhthhPA128_K7ap_uintILi8EEPA4_S2_S4_S6_S4_S6_P_743_address0  |  out|    5|   ap_memory|  p_ZZN9gdn_mxfp818gdn_mxfp8_top_implEhthhPA128_K7ap_uintILi8EEPA4_S2_S4_S6_S4_S6_P_743|         array|
|p_ZZN9gdn_mxfp818gdn_mxfp8_top_implEhthhPA128_K7ap_uintILi8EEPA4_S2_S4_S6_S4_S6_P_743_ce0       |  out|    1|   ap_memory|  p_ZZN9gdn_mxfp818gdn_mxfp8_top_implEhthhPA128_K7ap_uintILi8EEPA4_S2_S4_S6_S4_S6_P_743|         array|
|p_ZZN9gdn_mxfp818gdn_mxfp8_top_implEhthhPA128_K7ap_uintILi8EEPA4_S2_S4_S6_S4_S6_P_743_we0       |  out|    1|   ap_memory|  p_ZZN9gdn_mxfp818gdn_mxfp8_top_implEhthhPA128_K7ap_uintILi8EEPA4_S2_S4_S6_S4_S6_P_743|         array|
|p_ZZN9gdn_mxfp818gdn_mxfp8_top_implEhthhPA128_K7ap_uintILi8EEPA4_S2_S4_S6_S4_S6_P_743_d0        |  out|    9|   ap_memory|  p_ZZN9gdn_mxfp818gdn_mxfp8_top_implEhthhPA128_K7ap_uintILi8EEPA4_S2_S4_S6_S4_S6_P_743|         array|
|p_ZZN9gdn_mxfp818gdn_mxfp8_top_implEhthhPA128_K7ap_uintILi8EEPA4_S2_S4_S6_S4_S6_P_864_address0  |  out|    5|   ap_memory|  p_ZZN9gdn_mxfp818gdn_mxfp8_top_implEhthhPA128_K7ap_uintILi8EEPA4_S2_S4_S6_S4_S6_P_864|         array|
|p_ZZN9gdn_mxfp818gdn_mxfp8_top_implEhthhPA128_K7ap_uintILi8EEPA4_S2_S4_S6_S4_S6_P_864_ce0       |  out|    1|   ap_memory|  p_ZZN9gdn_mxfp818gdn_mxfp8_top_implEhthhPA128_K7ap_uintILi8EEPA4_S2_S4_S6_S4_S6_P_864|         array|
|p_ZZN9gdn_mxfp818gdn_mxfp8_top_implEhthhPA128_K7ap_uintILi8EEPA4_S2_S4_S6_S4_S6_P_864_we0       |  out|    1|   ap_memory|  p_ZZN9gdn_mxfp818gdn_mxfp8_top_implEhthhPA128_K7ap_uintILi8EEPA4_S2_S4_S6_S4_S6_P_864|         array|
|p_ZZN9gdn_mxfp818gdn_mxfp8_top_implEhthhPA128_K7ap_uintILi8EEPA4_S2_S4_S6_S4_S6_P_864_d0        |  out|    6|   ap_memory|  p_ZZN9gdn_mxfp818gdn_mxfp8_top_implEhthhPA128_K7ap_uintILi8EEPA4_S2_S4_S6_S4_S6_P_864|         array|
|p_ZZN9gdn_mxfp818gdn_mxfp8_top_implEhthhPA128_K7ap_uintILi8EEPA4_S2_S4_S6_S4_S6_P_744_address0  |  out|    5|   ap_memory|  p_ZZN9gdn_mxfp818gdn_mxfp8_top_implEhthhPA128_K7ap_uintILi8EEPA4_S2_S4_S6_S4_S6_P_744|         array|
|p_ZZN9gdn_mxfp818gdn_mxfp8_top_implEhthhPA128_K7ap_uintILi8EEPA4_S2_S4_S6_S4_S6_P_744_ce0       |  out|    1|   ap_memory|  p_ZZN9gdn_mxfp818gdn_mxfp8_top_implEhthhPA128_K7ap_uintILi8EEPA4_S2_S4_S6_S4_S6_P_744|         array|
|p_ZZN9gdn_mxfp818gdn_mxfp8_top_implEhthhPA128_K7ap_uintILi8EEPA4_S2_S4_S6_S4_S6_P_744_we0       |  out|    1|   ap_memory|  p_ZZN9gdn_mxfp818gdn_mxfp8_top_implEhthhPA128_K7ap_uintILi8EEPA4_S2_S4_S6_S4_S6_P_744|         array|
|p_ZZN9gdn_mxfp818gdn_mxfp8_top_implEhthhPA128_K7ap_uintILi8EEPA4_S2_S4_S6_S4_S6_P_744_d0        |  out|    9|   ap_memory|  p_ZZN9gdn_mxfp818gdn_mxfp8_top_implEhthhPA128_K7ap_uintILi8EEPA4_S2_S4_S6_S4_S6_P_744|         array|
|p_ZZN9gdn_mxfp818gdn_mxfp8_top_implEhthhPA128_K7ap_uintILi8EEPA4_S2_S4_S6_S4_S6_P_865_address0  |  out|    5|   ap_memory|  p_ZZN9gdn_mxfp818gdn_mxfp8_top_implEhthhPA128_K7ap_uintILi8EEPA4_S2_S4_S6_S4_S6_P_865|         array|
|p_ZZN9gdn_mxfp818gdn_mxfp8_top_implEhthhPA128_K7ap_uintILi8EEPA4_S2_S4_S6_S4_S6_P_865_ce0       |  out|    1|   ap_memory|  p_ZZN9gdn_mxfp818gdn_mxfp8_top_implEhthhPA128_K7ap_uintILi8EEPA4_S2_S4_S6_S4_S6_P_865|         array|
|p_ZZN9gdn_mxfp818gdn_mxfp8_top_implEhthhPA128_K7ap_uintILi8EEPA4_S2_S4_S6_S4_S6_P_865_we0       |  out|    1|   ap_memory|  p_ZZN9gdn_mxfp818gdn_mxfp8_top_implEhthhPA128_K7ap_uintILi8EEPA4_S2_S4_S6_S4_S6_P_865|         array|
|p_ZZN9gdn_mxfp818gdn_mxfp8_top_implEhthhPA128_K7ap_uintILi8EEPA4_S2_S4_S6_S4_S6_P_865_d0        |  out|    6|   ap_memory|  p_ZZN9gdn_mxfp818gdn_mxfp8_top_implEhthhPA128_K7ap_uintILi8EEPA4_S2_S4_S6_S4_S6_P_865|         array|
|p_ZZN9gdn_mxfp818gdn_mxfp8_top_implEhthhPA128_K7ap_uintILi8EEPA4_S2_S4_S6_S4_S6_P_745_address0  |  out|    5|   ap_memory|  p_ZZN9gdn_mxfp818gdn_mxfp8_top_implEhthhPA128_K7ap_uintILi8EEPA4_S2_S4_S6_S4_S6_P_745|         array|
|p_ZZN9gdn_mxfp818gdn_mxfp8_top_implEhthhPA128_K7ap_uintILi8EEPA4_S2_S4_S6_S4_S6_P_745_ce0       |  out|    1|   ap_memory|  p_ZZN9gdn_mxfp818gdn_mxfp8_top_implEhthhPA128_K7ap_uintILi8EEPA4_S2_S4_S6_S4_S6_P_745|         array|
|p_ZZN9gdn_mxfp818gdn_mxfp8_top_implEhthhPA128_K7ap_uintILi8EEPA4_S2_S4_S6_S4_S6_P_745_we0       |  out|    1|   ap_memory|  p_ZZN9gdn_mxfp818gdn_mxfp8_top_implEhthhPA128_K7ap_uintILi8EEPA4_S2_S4_S6_S4_S6_P_745|         array|
|p_ZZN9gdn_mxfp818gdn_mxfp8_top_implEhthhPA128_K7ap_uintILi8EEPA4_S2_S4_S6_S4_S6_P_745_d0        |  out|    9|   ap_memory|  p_ZZN9gdn_mxfp818gdn_mxfp8_top_implEhthhPA128_K7ap_uintILi8EEPA4_S2_S4_S6_S4_S6_P_745|         array|
|p_ZZN9gdn_mxfp818gdn_mxfp8_top_implEhthhPA128_K7ap_uintILi8EEPA4_S2_S4_S6_S4_S6_P_866_address0  |  out|    5|   ap_memory|  p_ZZN9gdn_mxfp818gdn_mxfp8_top_implEhthhPA128_K7ap_uintILi8EEPA4_S2_S4_S6_S4_S6_P_866|         array|
|p_ZZN9gdn_mxfp818gdn_mxfp8_top_implEhthhPA128_K7ap_uintILi8EEPA4_S2_S4_S6_S4_S6_P_866_ce0       |  out|    1|   ap_memory|  p_ZZN9gdn_mxfp818gdn_mxfp8_top_implEhthhPA128_K7ap_uintILi8EEPA4_S2_S4_S6_S4_S6_P_866|         array|
|p_ZZN9gdn_mxfp818gdn_mxfp8_top_implEhthhPA128_K7ap_uintILi8EEPA4_S2_S4_S6_S4_S6_P_866_we0       |  out|    1|   ap_memory|  p_ZZN9gdn_mxfp818gdn_mxfp8_top_implEhthhPA128_K7ap_uintILi8EEPA4_S2_S4_S6_S4_S6_P_866|         array|
|p_ZZN9gdn_mxfp818gdn_mxfp8_top_implEhthhPA128_K7ap_uintILi8EEPA4_S2_S4_S6_S4_S6_P_866_d0        |  out|    6|   ap_memory|  p_ZZN9gdn_mxfp818gdn_mxfp8_top_implEhthhPA128_K7ap_uintILi8EEPA4_S2_S4_S6_S4_S6_P_866|         array|
|p_ZZN9gdn_mxfp818gdn_mxfp8_top_implEhthhPA128_K7ap_uintILi8EEPA4_S2_S4_S6_S4_S6_P_746_address0  |  out|    5|   ap_memory|  p_ZZN9gdn_mxfp818gdn_mxfp8_top_implEhthhPA128_K7ap_uintILi8EEPA4_S2_S4_S6_S4_S6_P_746|         array|
|p_ZZN9gdn_mxfp818gdn_mxfp8_top_implEhthhPA128_K7ap_uintILi8EEPA4_S2_S4_S6_S4_S6_P_746_ce0       |  out|    1|   ap_memory|  p_ZZN9gdn_mxfp818gdn_mxfp8_top_implEhthhPA128_K7ap_uintILi8EEPA4_S2_S4_S6_S4_S6_P_746|         array|
|p_ZZN9gdn_mxfp818gdn_mxfp8_top_implEhthhPA128_K7ap_uintILi8EEPA4_S2_S4_S6_S4_S6_P_746_we0       |  out|    1|   ap_memory|  p_ZZN9gdn_mxfp818gdn_mxfp8_top_implEhthhPA128_K7ap_uintILi8EEPA4_S2_S4_S6_S4_S6_P_746|         array|
|p_ZZN9gdn_mxfp818gdn_mxfp8_top_implEhthhPA128_K7ap_uintILi8EEPA4_S2_S4_S6_S4_S6_P_746_d0        |  out|    9|   ap_memory|  p_ZZN9gdn_mxfp818gdn_mxfp8_top_implEhthhPA128_K7ap_uintILi8EEPA4_S2_S4_S6_S4_S6_P_746|         array|
|p_ZZN9gdn_mxfp818gdn_mxfp8_top_implEhthhPA128_K7ap_uintILi8EEPA4_S2_S4_S6_S4_S6_P_867_address0  |  out|    5|   ap_memory|  p_ZZN9gdn_mxfp818gdn_mxfp8_top_implEhthhPA128_K7ap_uintILi8EEPA4_S2_S4_S6_S4_S6_P_867|         array|
|p_ZZN9gdn_mxfp818gdn_mxfp8_top_implEhthhPA128_K7ap_uintILi8EEPA4_S2_S4_S6_S4_S6_P_867_ce0       |  out|    1|   ap_memory|  p_ZZN9gdn_mxfp818gdn_mxfp8_top_implEhthhPA128_K7ap_uintILi8EEPA4_S2_S4_S6_S4_S6_P_867|         array|
|p_ZZN9gdn_mxfp818gdn_mxfp8_top_implEhthhPA128_K7ap_uintILi8EEPA4_S2_S4_S6_S4_S6_P_867_we0       |  out|    1|   ap_memory|  p_ZZN9gdn_mxfp818gdn_mxfp8_top_implEhthhPA128_K7ap_uintILi8EEPA4_S2_S4_S6_S4_S6_P_867|         array|
|p_ZZN9gdn_mxfp818gdn_mxfp8_top_implEhthhPA128_K7ap_uintILi8EEPA4_S2_S4_S6_S4_S6_P_867_d0        |  out|    6|   ap_memory|  p_ZZN9gdn_mxfp818gdn_mxfp8_top_implEhthhPA128_K7ap_uintILi8EEPA4_S2_S4_S6_S4_S6_P_867|         array|
|p_ZZN9gdn_mxfp818gdn_mxfp8_top_implEhthhPA128_K7ap_uintILi8EEPA4_S2_S4_S6_S4_S6_P_747_address0  |  out|    5|   ap_memory|  p_ZZN9gdn_mxfp818gdn_mxfp8_top_implEhthhPA128_K7ap_uintILi8EEPA4_S2_S4_S6_S4_S6_P_747|         array|
|p_ZZN9gdn_mxfp818gdn_mxfp8_top_implEhthhPA128_K7ap_uintILi8EEPA4_S2_S4_S6_S4_S6_P_747_ce0       |  out|    1|   ap_memory|  p_ZZN9gdn_mxfp818gdn_mxfp8_top_implEhthhPA128_K7ap_uintILi8EEPA4_S2_S4_S6_S4_S6_P_747|         array|
|p_ZZN9gdn_mxfp818gdn_mxfp8_top_implEhthhPA128_K7ap_uintILi8EEPA4_S2_S4_S6_S4_S6_P_747_we0       |  out|    1|   ap_memory|  p_ZZN9gdn_mxfp818gdn_mxfp8_top_implEhthhPA128_K7ap_uintILi8EEPA4_S2_S4_S6_S4_S6_P_747|         array|
|p_ZZN9gdn_mxfp818gdn_mxfp8_top_implEhthhPA128_K7ap_uintILi8EEPA4_S2_S4_S6_S4_S6_P_747_d0        |  out|    9|   ap_memory|  p_ZZN9gdn_mxfp818gdn_mxfp8_top_implEhthhPA128_K7ap_uintILi8EEPA4_S2_S4_S6_S4_S6_P_747|         array|
|p_ZZN9gdn_mxfp818gdn_mxfp8_top_implEhthhPA128_K7ap_uintILi8EEPA4_S2_S4_S6_S4_S6_P_868_address0  |  out|    5|   ap_memory|  p_ZZN9gdn_mxfp818gdn_mxfp8_top_implEhthhPA128_K7ap_uintILi8EEPA4_S2_S4_S6_S4_S6_P_868|         array|
|p_ZZN9gdn_mxfp818gdn_mxfp8_top_implEhthhPA128_K7ap_uintILi8EEPA4_S2_S4_S6_S4_S6_P_868_ce0       |  out|    1|   ap_memory|  p_ZZN9gdn_mxfp818gdn_mxfp8_top_implEhthhPA128_K7ap_uintILi8EEPA4_S2_S4_S6_S4_S6_P_868|         array|
|p_ZZN9gdn_mxfp818gdn_mxfp8_top_implEhthhPA128_K7ap_uintILi8EEPA4_S2_S4_S6_S4_S6_P_868_we0       |  out|    1|   ap_memory|  p_ZZN9gdn_mxfp818gdn_mxfp8_top_implEhthhPA128_K7ap_uintILi8EEPA4_S2_S4_S6_S4_S6_P_868|         array|
|p_ZZN9gdn_mxfp818gdn_mxfp8_top_implEhthhPA128_K7ap_uintILi8EEPA4_S2_S4_S6_S4_S6_P_868_d0        |  out|    6|   ap_memory|  p_ZZN9gdn_mxfp818gdn_mxfp8_top_implEhthhPA128_K7ap_uintILi8EEPA4_S2_S4_S6_S4_S6_P_868|         array|
|p_ZZN9gdn_mxfp818gdn_mxfp8_top_implEhthhPA128_K7ap_uintILi8EEPA4_S2_S4_S6_S4_S6_P_748_address0  |  out|    5|   ap_memory|  p_ZZN9gdn_mxfp818gdn_mxfp8_top_implEhthhPA128_K7ap_uintILi8EEPA4_S2_S4_S6_S4_S6_P_748|         array|
|p_ZZN9gdn_mxfp818gdn_mxfp8_top_implEhthhPA128_K7ap_uintILi8EEPA4_S2_S4_S6_S4_S6_P_748_ce0       |  out|    1|   ap_memory|  p_ZZN9gdn_mxfp818gdn_mxfp8_top_implEhthhPA128_K7ap_uintILi8EEPA4_S2_S4_S6_S4_S6_P_748|         array|
|p_ZZN9gdn_mxfp818gdn_mxfp8_top_implEhthhPA128_K7ap_uintILi8EEPA4_S2_S4_S6_S4_S6_P_748_we0       |  out|    1|   ap_memory|  p_ZZN9gdn_mxfp818gdn_mxfp8_top_implEhthhPA128_K7ap_uintILi8EEPA4_S2_S4_S6_S4_S6_P_748|         array|
|p_ZZN9gdn_mxfp818gdn_mxfp8_top_implEhthhPA128_K7ap_uintILi8EEPA4_S2_S4_S6_S4_S6_P_748_d0        |  out|    9|   ap_memory|  p_ZZN9gdn_mxfp818gdn_mxfp8_top_implEhthhPA128_K7ap_uintILi8EEPA4_S2_S4_S6_S4_S6_P_748|         array|
|p_ZZN9gdn_mxfp818gdn_mxfp8_top_implEhthhPA128_K7ap_uintILi8EEPA4_S2_S4_S6_S4_S6_P_869_address0  |  out|    5|   ap_memory|  p_ZZN9gdn_mxfp818gdn_mxfp8_top_implEhthhPA128_K7ap_uintILi8EEPA4_S2_S4_S6_S4_S6_P_869|         array|
|p_ZZN9gdn_mxfp818gdn_mxfp8_top_implEhthhPA128_K7ap_uintILi8EEPA4_S2_S4_S6_S4_S6_P_869_ce0       |  out|    1|   ap_memory|  p_ZZN9gdn_mxfp818gdn_mxfp8_top_implEhthhPA128_K7ap_uintILi8EEPA4_S2_S4_S6_S4_S6_P_869|         array|
|p_ZZN9gdn_mxfp818gdn_mxfp8_top_implEhthhPA128_K7ap_uintILi8EEPA4_S2_S4_S6_S4_S6_P_869_we0       |  out|    1|   ap_memory|  p_ZZN9gdn_mxfp818gdn_mxfp8_top_implEhthhPA128_K7ap_uintILi8EEPA4_S2_S4_S6_S4_S6_P_869|         array|
|p_ZZN9gdn_mxfp818gdn_mxfp8_top_implEhthhPA128_K7ap_uintILi8EEPA4_S2_S4_S6_S4_S6_P_869_d0        |  out|    6|   ap_memory|  p_ZZN9gdn_mxfp818gdn_mxfp8_top_implEhthhPA128_K7ap_uintILi8EEPA4_S2_S4_S6_S4_S6_P_869|         array|
|p_ZZN9gdn_mxfp818gdn_mxfp8_top_implEhthhPA128_K7ap_uintILi8EEPA4_S2_S4_S6_S4_S6_P_749_address0  |  out|    5|   ap_memory|  p_ZZN9gdn_mxfp818gdn_mxfp8_top_implEhthhPA128_K7ap_uintILi8EEPA4_S2_S4_S6_S4_S6_P_749|         array|
|p_ZZN9gdn_mxfp818gdn_mxfp8_top_implEhthhPA128_K7ap_uintILi8EEPA4_S2_S4_S6_S4_S6_P_749_ce0       |  out|    1|   ap_memory|  p_ZZN9gdn_mxfp818gdn_mxfp8_top_implEhthhPA128_K7ap_uintILi8EEPA4_S2_S4_S6_S4_S6_P_749|         array|
|p_ZZN9gdn_mxfp818gdn_mxfp8_top_implEhthhPA128_K7ap_uintILi8EEPA4_S2_S4_S6_S4_S6_P_749_we0       |  out|    1|   ap_memory|  p_ZZN9gdn_mxfp818gdn_mxfp8_top_implEhthhPA128_K7ap_uintILi8EEPA4_S2_S4_S6_S4_S6_P_749|         array|
|p_ZZN9gdn_mxfp818gdn_mxfp8_top_implEhthhPA128_K7ap_uintILi8EEPA4_S2_S4_S6_S4_S6_P_749_d0        |  out|    9|   ap_memory|  p_ZZN9gdn_mxfp818gdn_mxfp8_top_implEhthhPA128_K7ap_uintILi8EEPA4_S2_S4_S6_S4_S6_P_749|         array|
|p_ZZN9gdn_mxfp818gdn_mxfp8_top_implEhthhPA128_K7ap_uintILi8EEPA4_S2_S4_S6_S4_S6_P_870_address0  |  out|    5|   ap_memory|  p_ZZN9gdn_mxfp818gdn_mxfp8_top_implEhthhPA128_K7ap_uintILi8EEPA4_S2_S4_S6_S4_S6_P_870|         array|
|p_ZZN9gdn_mxfp818gdn_mxfp8_top_implEhthhPA128_K7ap_uintILi8EEPA4_S2_S4_S6_S4_S6_P_870_ce0       |  out|    1|   ap_memory|  p_ZZN9gdn_mxfp818gdn_mxfp8_top_implEhthhPA128_K7ap_uintILi8EEPA4_S2_S4_S6_S4_S6_P_870|         array|
|p_ZZN9gdn_mxfp818gdn_mxfp8_top_implEhthhPA128_K7ap_uintILi8EEPA4_S2_S4_S6_S4_S6_P_870_we0       |  out|    1|   ap_memory|  p_ZZN9gdn_mxfp818gdn_mxfp8_top_implEhthhPA128_K7ap_uintILi8EEPA4_S2_S4_S6_S4_S6_P_870|         array|
|p_ZZN9gdn_mxfp818gdn_mxfp8_top_implEhthhPA128_K7ap_uintILi8EEPA4_S2_S4_S6_S4_S6_P_870_d0        |  out|    6|   ap_memory|  p_ZZN9gdn_mxfp818gdn_mxfp8_top_implEhthhPA128_K7ap_uintILi8EEPA4_S2_S4_S6_S4_S6_P_870|         array|
|p_ZZN9gdn_mxfp818gdn_mxfp8_top_implEhthhPA128_K7ap_uintILi8EEPA4_S2_S4_S6_S4_S6_P_750_address0  |  out|    5|   ap_memory|  p_ZZN9gdn_mxfp818gdn_mxfp8_top_implEhthhPA128_K7ap_uintILi8EEPA4_S2_S4_S6_S4_S6_P_750|         array|
|p_ZZN9gdn_mxfp818gdn_mxfp8_top_implEhthhPA128_K7ap_uintILi8EEPA4_S2_S4_S6_S4_S6_P_750_ce0       |  out|    1|   ap_memory|  p_ZZN9gdn_mxfp818gdn_mxfp8_top_implEhthhPA128_K7ap_uintILi8EEPA4_S2_S4_S6_S4_S6_P_750|         array|
|p_ZZN9gdn_mxfp818gdn_mxfp8_top_implEhthhPA128_K7ap_uintILi8EEPA4_S2_S4_S6_S4_S6_P_750_we0       |  out|    1|   ap_memory|  p_ZZN9gdn_mxfp818gdn_mxfp8_top_implEhthhPA128_K7ap_uintILi8EEPA4_S2_S4_S6_S4_S6_P_750|         array|
|p_ZZN9gdn_mxfp818gdn_mxfp8_top_implEhthhPA128_K7ap_uintILi8EEPA4_S2_S4_S6_S4_S6_P_750_d0        |  out|    9|   ap_memory|  p_ZZN9gdn_mxfp818gdn_mxfp8_top_implEhthhPA128_K7ap_uintILi8EEPA4_S2_S4_S6_S4_S6_P_750|         array|
|p_ZZN9gdn_mxfp818gdn_mxfp8_top_implEhthhPA128_K7ap_uintILi8EEPA4_S2_S4_S6_S4_S6_P_871_address0  |  out|    5|   ap_memory|  p_ZZN9gdn_mxfp818gdn_mxfp8_top_implEhthhPA128_K7ap_uintILi8EEPA4_S2_S4_S6_S4_S6_P_871|         array|
|p_ZZN9gdn_mxfp818gdn_mxfp8_top_implEhthhPA128_K7ap_uintILi8EEPA4_S2_S4_S6_S4_S6_P_871_ce0       |  out|    1|   ap_memory|  p_ZZN9gdn_mxfp818gdn_mxfp8_top_implEhthhPA128_K7ap_uintILi8EEPA4_S2_S4_S6_S4_S6_P_871|         array|
|p_ZZN9gdn_mxfp818gdn_mxfp8_top_implEhthhPA128_K7ap_uintILi8EEPA4_S2_S4_S6_S4_S6_P_871_we0       |  out|    1|   ap_memory|  p_ZZN9gdn_mxfp818gdn_mxfp8_top_implEhthhPA128_K7ap_uintILi8EEPA4_S2_S4_S6_S4_S6_P_871|         array|
|p_ZZN9gdn_mxfp818gdn_mxfp8_top_implEhthhPA128_K7ap_uintILi8EEPA4_S2_S4_S6_S4_S6_P_871_d0        |  out|    6|   ap_memory|  p_ZZN9gdn_mxfp818gdn_mxfp8_top_implEhthhPA128_K7ap_uintILi8EEPA4_S2_S4_S6_S4_S6_P_871|         array|
|p_ZZN9gdn_mxfp818gdn_mxfp8_top_implEhthhPA128_K7ap_uintILi8EEPA4_S2_S4_S6_S4_S6_P_751_address0  |  out|    5|   ap_memory|  p_ZZN9gdn_mxfp818gdn_mxfp8_top_implEhthhPA128_K7ap_uintILi8EEPA4_S2_S4_S6_S4_S6_P_751|         array|
|p_ZZN9gdn_mxfp818gdn_mxfp8_top_implEhthhPA128_K7ap_uintILi8EEPA4_S2_S4_S6_S4_S6_P_751_ce0       |  out|    1|   ap_memory|  p_ZZN9gdn_mxfp818gdn_mxfp8_top_implEhthhPA128_K7ap_uintILi8EEPA4_S2_S4_S6_S4_S6_P_751|         array|
|p_ZZN9gdn_mxfp818gdn_mxfp8_top_implEhthhPA128_K7ap_uintILi8EEPA4_S2_S4_S6_S4_S6_P_751_we0       |  out|    1|   ap_memory|  p_ZZN9gdn_mxfp818gdn_mxfp8_top_implEhthhPA128_K7ap_uintILi8EEPA4_S2_S4_S6_S4_S6_P_751|         array|
|p_ZZN9gdn_mxfp818gdn_mxfp8_top_implEhthhPA128_K7ap_uintILi8EEPA4_S2_S4_S6_S4_S6_P_751_d0        |  out|    9|   ap_memory|  p_ZZN9gdn_mxfp818gdn_mxfp8_top_implEhthhPA128_K7ap_uintILi8EEPA4_S2_S4_S6_S4_S6_P_751|         array|
|p_ZZN9gdn_mxfp818gdn_mxfp8_top_implEhthhPA128_K7ap_uintILi8EEPA4_S2_S4_S6_S4_S6_P_872_address0  |  out|    5|   ap_memory|  p_ZZN9gdn_mxfp818gdn_mxfp8_top_implEhthhPA128_K7ap_uintILi8EEPA4_S2_S4_S6_S4_S6_P_872|         array|
|p_ZZN9gdn_mxfp818gdn_mxfp8_top_implEhthhPA128_K7ap_uintILi8EEPA4_S2_S4_S6_S4_S6_P_872_ce0       |  out|    1|   ap_memory|  p_ZZN9gdn_mxfp818gdn_mxfp8_top_implEhthhPA128_K7ap_uintILi8EEPA4_S2_S4_S6_S4_S6_P_872|         array|
|p_ZZN9gdn_mxfp818gdn_mxfp8_top_implEhthhPA128_K7ap_uintILi8EEPA4_S2_S4_S6_S4_S6_P_872_we0       |  out|    1|   ap_memory|  p_ZZN9gdn_mxfp818gdn_mxfp8_top_implEhthhPA128_K7ap_uintILi8EEPA4_S2_S4_S6_S4_S6_P_872|         array|
|p_ZZN9gdn_mxfp818gdn_mxfp8_top_implEhthhPA128_K7ap_uintILi8EEPA4_S2_S4_S6_S4_S6_P_872_d0        |  out|    6|   ap_memory|  p_ZZN9gdn_mxfp818gdn_mxfp8_top_implEhthhPA128_K7ap_uintILi8EEPA4_S2_S4_S6_S4_S6_P_872|         array|
|p_ZZN9gdn_mxfp818gdn_mxfp8_top_implEhthhPA128_K7ap_uintILi8EEPA4_S2_S4_S6_S4_S6_P_752_address0  |  out|    5|   ap_memory|  p_ZZN9gdn_mxfp818gdn_mxfp8_top_implEhthhPA128_K7ap_uintILi8EEPA4_S2_S4_S6_S4_S6_P_752|         array|
|p_ZZN9gdn_mxfp818gdn_mxfp8_top_implEhthhPA128_K7ap_uintILi8EEPA4_S2_S4_S6_S4_S6_P_752_ce0       |  out|    1|   ap_memory|  p_ZZN9gdn_mxfp818gdn_mxfp8_top_implEhthhPA128_K7ap_uintILi8EEPA4_S2_S4_S6_S4_S6_P_752|         array|
|p_ZZN9gdn_mxfp818gdn_mxfp8_top_implEhthhPA128_K7ap_uintILi8EEPA4_S2_S4_S6_S4_S6_P_752_we0       |  out|    1|   ap_memory|  p_ZZN9gdn_mxfp818gdn_mxfp8_top_implEhthhPA128_K7ap_uintILi8EEPA4_S2_S4_S6_S4_S6_P_752|         array|
|p_ZZN9gdn_mxfp818gdn_mxfp8_top_implEhthhPA128_K7ap_uintILi8EEPA4_S2_S4_S6_S4_S6_P_752_d0        |  out|    9|   ap_memory|  p_ZZN9gdn_mxfp818gdn_mxfp8_top_implEhthhPA128_K7ap_uintILi8EEPA4_S2_S4_S6_S4_S6_P_752|         array|
|p_ZZN9gdn_mxfp818gdn_mxfp8_top_implEhthhPA128_K7ap_uintILi8EEPA4_S2_S4_S6_S4_S6_P_873_address0  |  out|    5|   ap_memory|  p_ZZN9gdn_mxfp818gdn_mxfp8_top_implEhthhPA128_K7ap_uintILi8EEPA4_S2_S4_S6_S4_S6_P_873|         array|
|p_ZZN9gdn_mxfp818gdn_mxfp8_top_implEhthhPA128_K7ap_uintILi8EEPA4_S2_S4_S6_S4_S6_P_873_ce0       |  out|    1|   ap_memory|  p_ZZN9gdn_mxfp818gdn_mxfp8_top_implEhthhPA128_K7ap_uintILi8EEPA4_S2_S4_S6_S4_S6_P_873|         array|
|p_ZZN9gdn_mxfp818gdn_mxfp8_top_implEhthhPA128_K7ap_uintILi8EEPA4_S2_S4_S6_S4_S6_P_873_we0       |  out|    1|   ap_memory|  p_ZZN9gdn_mxfp818gdn_mxfp8_top_implEhthhPA128_K7ap_uintILi8EEPA4_S2_S4_S6_S4_S6_P_873|         array|
|p_ZZN9gdn_mxfp818gdn_mxfp8_top_implEhthhPA128_K7ap_uintILi8EEPA4_S2_S4_S6_S4_S6_P_873_d0        |  out|    6|   ap_memory|  p_ZZN9gdn_mxfp818gdn_mxfp8_top_implEhthhPA128_K7ap_uintILi8EEPA4_S2_S4_S6_S4_S6_P_873|         array|
|p_ZZN9gdn_mxfp818gdn_mxfp8_top_implEhthhPA128_K7ap_uintILi8EEPA4_S2_S4_S6_S4_S6_P_753_address0  |  out|    5|   ap_memory|  p_ZZN9gdn_mxfp818gdn_mxfp8_top_implEhthhPA128_K7ap_uintILi8EEPA4_S2_S4_S6_S4_S6_P_753|         array|
|p_ZZN9gdn_mxfp818gdn_mxfp8_top_implEhthhPA128_K7ap_uintILi8EEPA4_S2_S4_S6_S4_S6_P_753_ce0       |  out|    1|   ap_memory|  p_ZZN9gdn_mxfp818gdn_mxfp8_top_implEhthhPA128_K7ap_uintILi8EEPA4_S2_S4_S6_S4_S6_P_753|         array|
|p_ZZN9gdn_mxfp818gdn_mxfp8_top_implEhthhPA128_K7ap_uintILi8EEPA4_S2_S4_S6_S4_S6_P_753_we0       |  out|    1|   ap_memory|  p_ZZN9gdn_mxfp818gdn_mxfp8_top_implEhthhPA128_K7ap_uintILi8EEPA4_S2_S4_S6_S4_S6_P_753|         array|
|p_ZZN9gdn_mxfp818gdn_mxfp8_top_implEhthhPA128_K7ap_uintILi8EEPA4_S2_S4_S6_S4_S6_P_753_d0        |  out|    9|   ap_memory|  p_ZZN9gdn_mxfp818gdn_mxfp8_top_implEhthhPA128_K7ap_uintILi8EEPA4_S2_S4_S6_S4_S6_P_753|         array|
|p_ZZN9gdn_mxfp818gdn_mxfp8_top_implEhthhPA128_K7ap_uintILi8EEPA4_S2_S4_S6_S4_S6_P_874_address0  |  out|    5|   ap_memory|  p_ZZN9gdn_mxfp818gdn_mxfp8_top_implEhthhPA128_K7ap_uintILi8EEPA4_S2_S4_S6_S4_S6_P_874|         array|
|p_ZZN9gdn_mxfp818gdn_mxfp8_top_implEhthhPA128_K7ap_uintILi8EEPA4_S2_S4_S6_S4_S6_P_874_ce0       |  out|    1|   ap_memory|  p_ZZN9gdn_mxfp818gdn_mxfp8_top_implEhthhPA128_K7ap_uintILi8EEPA4_S2_S4_S6_S4_S6_P_874|         array|
|p_ZZN9gdn_mxfp818gdn_mxfp8_top_implEhthhPA128_K7ap_uintILi8EEPA4_S2_S4_S6_S4_S6_P_874_we0       |  out|    1|   ap_memory|  p_ZZN9gdn_mxfp818gdn_mxfp8_top_implEhthhPA128_K7ap_uintILi8EEPA4_S2_S4_S6_S4_S6_P_874|         array|
|p_ZZN9gdn_mxfp818gdn_mxfp8_top_implEhthhPA128_K7ap_uintILi8EEPA4_S2_S4_S6_S4_S6_P_874_d0        |  out|    6|   ap_memory|  p_ZZN9gdn_mxfp818gdn_mxfp8_top_implEhthhPA128_K7ap_uintILi8EEPA4_S2_S4_S6_S4_S6_P_874|         array|
|p_ZZN9gdn_mxfp818gdn_mxfp8_top_implEhthhPA128_K7ap_uintILi8EEPA4_S2_S4_S6_S4_S6_P_754_address0  |  out|    5|   ap_memory|  p_ZZN9gdn_mxfp818gdn_mxfp8_top_implEhthhPA128_K7ap_uintILi8EEPA4_S2_S4_S6_S4_S6_P_754|         array|
|p_ZZN9gdn_mxfp818gdn_mxfp8_top_implEhthhPA128_K7ap_uintILi8EEPA4_S2_S4_S6_S4_S6_P_754_ce0       |  out|    1|   ap_memory|  p_ZZN9gdn_mxfp818gdn_mxfp8_top_implEhthhPA128_K7ap_uintILi8EEPA4_S2_S4_S6_S4_S6_P_754|         array|
|p_ZZN9gdn_mxfp818gdn_mxfp8_top_implEhthhPA128_K7ap_uintILi8EEPA4_S2_S4_S6_S4_S6_P_754_we0       |  out|    1|   ap_memory|  p_ZZN9gdn_mxfp818gdn_mxfp8_top_implEhthhPA128_K7ap_uintILi8EEPA4_S2_S4_S6_S4_S6_P_754|         array|
|p_ZZN9gdn_mxfp818gdn_mxfp8_top_implEhthhPA128_K7ap_uintILi8EEPA4_S2_S4_S6_S4_S6_P_754_d0        |  out|    9|   ap_memory|  p_ZZN9gdn_mxfp818gdn_mxfp8_top_implEhthhPA128_K7ap_uintILi8EEPA4_S2_S4_S6_S4_S6_P_754|         array|
|gdn_mxfp8_top_impl_unsigned_char_unsigned_short_unsigned_char_unsigned_char_ap_u_43_address0    |  out|    5|   ap_memory|    gdn_mxfp8_top_impl_unsigned_char_unsigned_short_unsigned_char_unsigned_char_ap_u_43|         array|
|gdn_mxfp8_top_impl_unsigned_char_unsigned_short_unsigned_char_unsigned_char_ap_u_43_ce0         |  out|    1|   ap_memory|    gdn_mxfp8_top_impl_unsigned_char_unsigned_short_unsigned_char_unsigned_char_ap_u_43|         array|
|gdn_mxfp8_top_impl_unsigned_char_unsigned_short_unsigned_char_unsigned_char_ap_u_43_we0         |  out|    1|   ap_memory|    gdn_mxfp8_top_impl_unsigned_char_unsigned_short_unsigned_char_unsigned_char_ap_u_43|         array|
|gdn_mxfp8_top_impl_unsigned_char_unsigned_short_unsigned_char_unsigned_char_ap_u_43_d0          |  out|    6|   ap_memory|    gdn_mxfp8_top_impl_unsigned_char_unsigned_short_unsigned_char_unsigned_char_ap_u_43|         array|
|gdn_mxfp8_top_impl_unsigned_char_unsigned_short_unsigned_char_unsigned_char_ap_u_51_address0    |  out|    5|   ap_memory|    gdn_mxfp8_top_impl_unsigned_char_unsigned_short_unsigned_char_unsigned_char_ap_u_51|         array|
|gdn_mxfp8_top_impl_unsigned_char_unsigned_short_unsigned_char_unsigned_char_ap_u_51_ce0         |  out|    1|   ap_memory|    gdn_mxfp8_top_impl_unsigned_char_unsigned_short_unsigned_char_unsigned_char_ap_u_51|         array|
|gdn_mxfp8_top_impl_unsigned_char_unsigned_short_unsigned_char_unsigned_char_ap_u_51_we0         |  out|    1|   ap_memory|    gdn_mxfp8_top_impl_unsigned_char_unsigned_short_unsigned_char_unsigned_char_ap_u_51|         array|
|gdn_mxfp8_top_impl_unsigned_char_unsigned_short_unsigned_char_unsigned_char_ap_u_51_d0          |  out|    9|   ap_memory|    gdn_mxfp8_top_impl_unsigned_char_unsigned_short_unsigned_char_unsigned_char_ap_u_51|         array|
|gdn_mxfp8_top_impl_unsigned_char_unsigned_short_unsigned_char_unsigned_char_ap_u_42_address0    |  out|    5|   ap_memory|    gdn_mxfp8_top_impl_unsigned_char_unsigned_short_unsigned_char_unsigned_char_ap_u_42|         array|
|gdn_mxfp8_top_impl_unsigned_char_unsigned_short_unsigned_char_unsigned_char_ap_u_42_ce0         |  out|    1|   ap_memory|    gdn_mxfp8_top_impl_unsigned_char_unsigned_short_unsigned_char_unsigned_char_ap_u_42|         array|
|gdn_mxfp8_top_impl_unsigned_char_unsigned_short_unsigned_char_unsigned_char_ap_u_42_we0         |  out|    1|   ap_memory|    gdn_mxfp8_top_impl_unsigned_char_unsigned_short_unsigned_char_unsigned_char_ap_u_42|         array|
|gdn_mxfp8_top_impl_unsigned_char_unsigned_short_unsigned_char_unsigned_char_ap_u_42_d0          |  out|    6|   ap_memory|    gdn_mxfp8_top_impl_unsigned_char_unsigned_short_unsigned_char_unsigned_char_ap_u_42|         array|
|gdn_mxfp8_top_impl_unsigned_char_unsigned_short_unsigned_char_unsigned_char_ap_u_45_address0    |  out|    5|   ap_memory|    gdn_mxfp8_top_impl_unsigned_char_unsigned_short_unsigned_char_unsigned_char_ap_u_45|         array|
|gdn_mxfp8_top_impl_unsigned_char_unsigned_short_unsigned_char_unsigned_char_ap_u_45_ce0         |  out|    1|   ap_memory|    gdn_mxfp8_top_impl_unsigned_char_unsigned_short_unsigned_char_unsigned_char_ap_u_45|         array|
|gdn_mxfp8_top_impl_unsigned_char_unsigned_short_unsigned_char_unsigned_char_ap_u_45_we0         |  out|    1|   ap_memory|    gdn_mxfp8_top_impl_unsigned_char_unsigned_short_unsigned_char_unsigned_char_ap_u_45|         array|
|gdn_mxfp8_top_impl_unsigned_char_unsigned_short_unsigned_char_unsigned_char_ap_u_45_d0          |  out|    9|   ap_memory|    gdn_mxfp8_top_impl_unsigned_char_unsigned_short_unsigned_char_unsigned_char_ap_u_45|         array|
|gdn_mxfp8_top_impl_unsigned_char_unsigned_short_unsigned_char_unsigned_char_ap_u_41_address0    |  out|    5|   ap_memory|    gdn_mxfp8_top_impl_unsigned_char_unsigned_short_unsigned_char_unsigned_char_ap_u_41|         array|
|gdn_mxfp8_top_impl_unsigned_char_unsigned_short_unsigned_char_unsigned_char_ap_u_41_ce0         |  out|    1|   ap_memory|    gdn_mxfp8_top_impl_unsigned_char_unsigned_short_unsigned_char_unsigned_char_ap_u_41|         array|
|gdn_mxfp8_top_impl_unsigned_char_unsigned_short_unsigned_char_unsigned_char_ap_u_41_we0         |  out|    1|   ap_memory|    gdn_mxfp8_top_impl_unsigned_char_unsigned_short_unsigned_char_unsigned_char_ap_u_41|         array|
|gdn_mxfp8_top_impl_unsigned_char_unsigned_short_unsigned_char_unsigned_char_ap_u_41_d0          |  out|    6|   ap_memory|    gdn_mxfp8_top_impl_unsigned_char_unsigned_short_unsigned_char_unsigned_char_ap_u_41|         array|
|gdn_mxfp8_top_impl_unsigned_char_unsigned_short_unsigned_char_unsigned_char_ap_u_44_address0    |  out|    5|   ap_memory|    gdn_mxfp8_top_impl_unsigned_char_unsigned_short_unsigned_char_unsigned_char_ap_u_44|         array|
|gdn_mxfp8_top_impl_unsigned_char_unsigned_short_unsigned_char_unsigned_char_ap_u_44_ce0         |  out|    1|   ap_memory|    gdn_mxfp8_top_impl_unsigned_char_unsigned_short_unsigned_char_unsigned_char_ap_u_44|         array|
|gdn_mxfp8_top_impl_unsigned_char_unsigned_short_unsigned_char_unsigned_char_ap_u_44_we0         |  out|    1|   ap_memory|    gdn_mxfp8_top_impl_unsigned_char_unsigned_short_unsigned_char_unsigned_char_ap_u_44|         array|
|gdn_mxfp8_top_impl_unsigned_char_unsigned_short_unsigned_char_unsigned_char_ap_u_44_d0          |  out|    9|   ap_memory|    gdn_mxfp8_top_impl_unsigned_char_unsigned_short_unsigned_char_unsigned_char_ap_u_44|         array|
|gdn_mxfp8_top_impl_unsigned_char_unsigned_short_unsigned_char_unsigned_char_ap_u_40_address0    |  out|    5|   ap_memory|    gdn_mxfp8_top_impl_unsigned_char_unsigned_short_unsigned_char_unsigned_char_ap_u_40|         array|
|gdn_mxfp8_top_impl_unsigned_char_unsigned_short_unsigned_char_unsigned_char_ap_u_40_ce0         |  out|    1|   ap_memory|    gdn_mxfp8_top_impl_unsigned_char_unsigned_short_unsigned_char_unsigned_char_ap_u_40|         array|
|gdn_mxfp8_top_impl_unsigned_char_unsigned_short_unsigned_char_unsigned_char_ap_u_40_we0         |  out|    1|   ap_memory|    gdn_mxfp8_top_impl_unsigned_char_unsigned_short_unsigned_char_unsigned_char_ap_u_40|         array|
|gdn_mxfp8_top_impl_unsigned_char_unsigned_short_unsigned_char_unsigned_char_ap_u_40_d0          |  out|    6|   ap_memory|    gdn_mxfp8_top_impl_unsigned_char_unsigned_short_unsigned_char_unsigned_char_ap_u_40|         array|
|gdn_mxfp8_top_impl_unsigned_char_unsigned_short_unsigned_char_unsigned_char_ap_u_50_address0    |  out|    5|   ap_memory|    gdn_mxfp8_top_impl_unsigned_char_unsigned_short_unsigned_char_unsigned_char_ap_u_50|         array|
|gdn_mxfp8_top_impl_unsigned_char_unsigned_short_unsigned_char_unsigned_char_ap_u_50_ce0         |  out|    1|   ap_memory|    gdn_mxfp8_top_impl_unsigned_char_unsigned_short_unsigned_char_unsigned_char_ap_u_50|         array|
|gdn_mxfp8_top_impl_unsigned_char_unsigned_short_unsigned_char_unsigned_char_ap_u_50_we0         |  out|    1|   ap_memory|    gdn_mxfp8_top_impl_unsigned_char_unsigned_short_unsigned_char_unsigned_char_ap_u_50|         array|
|gdn_mxfp8_top_impl_unsigned_char_unsigned_short_unsigned_char_unsigned_char_ap_u_50_d0          |  out|    9|   ap_memory|    gdn_mxfp8_top_impl_unsigned_char_unsigned_short_unsigned_char_unsigned_char_ap_u_50|         array|
|gdn_mxfp8_top_impl_unsigned_char_unsigned_short_unsigned_char_unsigned_char_ap_u_39_address0    |  out|    5|   ap_memory|    gdn_mxfp8_top_impl_unsigned_char_unsigned_short_unsigned_char_unsigned_char_ap_u_39|         array|
|gdn_mxfp8_top_impl_unsigned_char_unsigned_short_unsigned_char_unsigned_char_ap_u_39_ce0         |  out|    1|   ap_memory|    gdn_mxfp8_top_impl_unsigned_char_unsigned_short_unsigned_char_unsigned_char_ap_u_39|         array|
|gdn_mxfp8_top_impl_unsigned_char_unsigned_short_unsigned_char_unsigned_char_ap_u_39_we0         |  out|    1|   ap_memory|    gdn_mxfp8_top_impl_unsigned_char_unsigned_short_unsigned_char_unsigned_char_ap_u_39|         array|
|gdn_mxfp8_top_impl_unsigned_char_unsigned_short_unsigned_char_unsigned_char_ap_u_39_d0          |  out|    6|   ap_memory|    gdn_mxfp8_top_impl_unsigned_char_unsigned_short_unsigned_char_unsigned_char_ap_u_39|         array|
|gdn_mxfp8_top_impl_unsigned_char_unsigned_short_unsigned_char_unsigned_char_ap_u_49_address0    |  out|    5|   ap_memory|    gdn_mxfp8_top_impl_unsigned_char_unsigned_short_unsigned_char_unsigned_char_ap_u_49|         array|
|gdn_mxfp8_top_impl_unsigned_char_unsigned_short_unsigned_char_unsigned_char_ap_u_49_ce0         |  out|    1|   ap_memory|    gdn_mxfp8_top_impl_unsigned_char_unsigned_short_unsigned_char_unsigned_char_ap_u_49|         array|
|gdn_mxfp8_top_impl_unsigned_char_unsigned_short_unsigned_char_unsigned_char_ap_u_49_we0         |  out|    1|   ap_memory|    gdn_mxfp8_top_impl_unsigned_char_unsigned_short_unsigned_char_unsigned_char_ap_u_49|         array|
|gdn_mxfp8_top_impl_unsigned_char_unsigned_short_unsigned_char_unsigned_char_ap_u_49_d0          |  out|    9|   ap_memory|    gdn_mxfp8_top_impl_unsigned_char_unsigned_short_unsigned_char_unsigned_char_ap_u_49|         array|
|gdn_mxfp8_top_impl_unsigned_char_unsigned_short_unsigned_char_unsigned_char_ap_u_38_address0    |  out|    5|   ap_memory|    gdn_mxfp8_top_impl_unsigned_char_unsigned_short_unsigned_char_unsigned_char_ap_u_38|         array|
|gdn_mxfp8_top_impl_unsigned_char_unsigned_short_unsigned_char_unsigned_char_ap_u_38_ce0         |  out|    1|   ap_memory|    gdn_mxfp8_top_impl_unsigned_char_unsigned_short_unsigned_char_unsigned_char_ap_u_38|         array|
|gdn_mxfp8_top_impl_unsigned_char_unsigned_short_unsigned_char_unsigned_char_ap_u_38_we0         |  out|    1|   ap_memory|    gdn_mxfp8_top_impl_unsigned_char_unsigned_short_unsigned_char_unsigned_char_ap_u_38|         array|
|gdn_mxfp8_top_impl_unsigned_char_unsigned_short_unsigned_char_unsigned_char_ap_u_38_d0          |  out|    6|   ap_memory|    gdn_mxfp8_top_impl_unsigned_char_unsigned_short_unsigned_char_unsigned_char_ap_u_38|         array|
|gdn_mxfp8_top_impl_unsigned_char_unsigned_short_unsigned_char_unsigned_char_ap_u_48_address0    |  out|    5|   ap_memory|    gdn_mxfp8_top_impl_unsigned_char_unsigned_short_unsigned_char_unsigned_char_ap_u_48|         array|
|gdn_mxfp8_top_impl_unsigned_char_unsigned_short_unsigned_char_unsigned_char_ap_u_48_ce0         |  out|    1|   ap_memory|    gdn_mxfp8_top_impl_unsigned_char_unsigned_short_unsigned_char_unsigned_char_ap_u_48|         array|
|gdn_mxfp8_top_impl_unsigned_char_unsigned_short_unsigned_char_unsigned_char_ap_u_48_we0         |  out|    1|   ap_memory|    gdn_mxfp8_top_impl_unsigned_char_unsigned_short_unsigned_char_unsigned_char_ap_u_48|         array|
|gdn_mxfp8_top_impl_unsigned_char_unsigned_short_unsigned_char_unsigned_char_ap_u_48_d0          |  out|    9|   ap_memory|    gdn_mxfp8_top_impl_unsigned_char_unsigned_short_unsigned_char_unsigned_char_ap_u_48|         array|
|gdn_mxfp8_top_impl_unsigned_char_unsigned_short_unsigned_char_unsigned_char_ap_u_37_address0    |  out|    5|   ap_memory|    gdn_mxfp8_top_impl_unsigned_char_unsigned_short_unsigned_char_unsigned_char_ap_u_37|         array|
|gdn_mxfp8_top_impl_unsigned_char_unsigned_short_unsigned_char_unsigned_char_ap_u_37_ce0         |  out|    1|   ap_memory|    gdn_mxfp8_top_impl_unsigned_char_unsigned_short_unsigned_char_unsigned_char_ap_u_37|         array|
|gdn_mxfp8_top_impl_unsigned_char_unsigned_short_unsigned_char_unsigned_char_ap_u_37_we0         |  out|    1|   ap_memory|    gdn_mxfp8_top_impl_unsigned_char_unsigned_short_unsigned_char_unsigned_char_ap_u_37|         array|
|gdn_mxfp8_top_impl_unsigned_char_unsigned_short_unsigned_char_unsigned_char_ap_u_37_d0          |  out|    6|   ap_memory|    gdn_mxfp8_top_impl_unsigned_char_unsigned_short_unsigned_char_unsigned_char_ap_u_37|         array|
|gdn_mxfp8_top_impl_unsigned_char_unsigned_short_unsigned_char_unsigned_char_ap_u_47_address0    |  out|    5|   ap_memory|    gdn_mxfp8_top_impl_unsigned_char_unsigned_short_unsigned_char_unsigned_char_ap_u_47|         array|
|gdn_mxfp8_top_impl_unsigned_char_unsigned_short_unsigned_char_unsigned_char_ap_u_47_ce0         |  out|    1|   ap_memory|    gdn_mxfp8_top_impl_unsigned_char_unsigned_short_unsigned_char_unsigned_char_ap_u_47|         array|
|gdn_mxfp8_top_impl_unsigned_char_unsigned_short_unsigned_char_unsigned_char_ap_u_47_we0         |  out|    1|   ap_memory|    gdn_mxfp8_top_impl_unsigned_char_unsigned_short_unsigned_char_unsigned_char_ap_u_47|         array|
|gdn_mxfp8_top_impl_unsigned_char_unsigned_short_unsigned_char_unsigned_char_ap_u_47_d0          |  out|    9|   ap_memory|    gdn_mxfp8_top_impl_unsigned_char_unsigned_short_unsigned_char_unsigned_char_ap_u_47|         array|
|gdn_mxfp8_top_impl_unsigned_char_unsigned_short_unsigned_char_unsigned_char_ap_u_36_address0    |  out|    5|   ap_memory|    gdn_mxfp8_top_impl_unsigned_char_unsigned_short_unsigned_char_unsigned_char_ap_u_36|         array|
|gdn_mxfp8_top_impl_unsigned_char_unsigned_short_unsigned_char_unsigned_char_ap_u_36_ce0         |  out|    1|   ap_memory|    gdn_mxfp8_top_impl_unsigned_char_unsigned_short_unsigned_char_unsigned_char_ap_u_36|         array|
|gdn_mxfp8_top_impl_unsigned_char_unsigned_short_unsigned_char_unsigned_char_ap_u_36_we0         |  out|    1|   ap_memory|    gdn_mxfp8_top_impl_unsigned_char_unsigned_short_unsigned_char_unsigned_char_ap_u_36|         array|
|gdn_mxfp8_top_impl_unsigned_char_unsigned_short_unsigned_char_unsigned_char_ap_u_36_d0          |  out|    6|   ap_memory|    gdn_mxfp8_top_impl_unsigned_char_unsigned_short_unsigned_char_unsigned_char_ap_u_36|         array|
|gdn_mxfp8_top_impl_unsigned_char_unsigned_short_unsigned_char_unsigned_char_ap_u_46_address0    |  out|    5|   ap_memory|    gdn_mxfp8_top_impl_unsigned_char_unsigned_short_unsigned_char_unsigned_char_ap_u_46|         array|
|gdn_mxfp8_top_impl_unsigned_char_unsigned_short_unsigned_char_unsigned_char_ap_u_46_ce0         |  out|    1|   ap_memory|    gdn_mxfp8_top_impl_unsigned_char_unsigned_short_unsigned_char_unsigned_char_ap_u_46|         array|
|gdn_mxfp8_top_impl_unsigned_char_unsigned_short_unsigned_char_unsigned_char_ap_u_46_we0         |  out|    1|   ap_memory|    gdn_mxfp8_top_impl_unsigned_char_unsigned_short_unsigned_char_unsigned_char_ap_u_46|         array|
|gdn_mxfp8_top_impl_unsigned_char_unsigned_short_unsigned_char_unsigned_char_ap_u_46_d0          |  out|    9|   ap_memory|    gdn_mxfp8_top_impl_unsigned_char_unsigned_short_unsigned_char_unsigned_char_ap_u_46|         array|
|p_ZZN9gdn_mxfp818gdn_mxfp8_top_implEhthhPA128_K7ap_uintILi8EEPA4_S2_S4_S6_S4_S6_P_875_address0  |  out|    5|   ap_memory|  p_ZZN9gdn_mxfp818gdn_mxfp8_top_implEhthhPA128_K7ap_uintILi8EEPA4_S2_S4_S6_S4_S6_P_875|         array|
|p_ZZN9gdn_mxfp818gdn_mxfp8_top_implEhthhPA128_K7ap_uintILi8EEPA4_S2_S4_S6_S4_S6_P_875_ce0       |  out|    1|   ap_memory|  p_ZZN9gdn_mxfp818gdn_mxfp8_top_implEhthhPA128_K7ap_uintILi8EEPA4_S2_S4_S6_S4_S6_P_875|         array|
|p_ZZN9gdn_mxfp818gdn_mxfp8_top_implEhthhPA128_K7ap_uintILi8EEPA4_S2_S4_S6_S4_S6_P_875_we0       |  out|    1|   ap_memory|  p_ZZN9gdn_mxfp818gdn_mxfp8_top_implEhthhPA128_K7ap_uintILi8EEPA4_S2_S4_S6_S4_S6_P_875|         array|
|p_ZZN9gdn_mxfp818gdn_mxfp8_top_implEhthhPA128_K7ap_uintILi8EEPA4_S2_S4_S6_S4_S6_P_875_d0        |  out|    6|   ap_memory|  p_ZZN9gdn_mxfp818gdn_mxfp8_top_implEhthhPA128_K7ap_uintILi8EEPA4_S2_S4_S6_S4_S6_P_875|         array|
|p_ZZN9gdn_mxfp818gdn_mxfp8_top_implEhthhPA128_K7ap_uintILi8EEPA4_S2_S4_S6_S4_S6_P_755_address0  |  out|    5|   ap_memory|  p_ZZN9gdn_mxfp818gdn_mxfp8_top_implEhthhPA128_K7ap_uintILi8EEPA4_S2_S4_S6_S4_S6_P_755|         array|
|p_ZZN9gdn_mxfp818gdn_mxfp8_top_implEhthhPA128_K7ap_uintILi8EEPA4_S2_S4_S6_S4_S6_P_755_ce0       |  out|    1|   ap_memory|  p_ZZN9gdn_mxfp818gdn_mxfp8_top_implEhthhPA128_K7ap_uintILi8EEPA4_S2_S4_S6_S4_S6_P_755|         array|
|p_ZZN9gdn_mxfp818gdn_mxfp8_top_implEhthhPA128_K7ap_uintILi8EEPA4_S2_S4_S6_S4_S6_P_755_we0       |  out|    1|   ap_memory|  p_ZZN9gdn_mxfp818gdn_mxfp8_top_implEhthhPA128_K7ap_uintILi8EEPA4_S2_S4_S6_S4_S6_P_755|         array|
|p_ZZN9gdn_mxfp818gdn_mxfp8_top_implEhthhPA128_K7ap_uintILi8EEPA4_S2_S4_S6_S4_S6_P_755_d0        |  out|    9|   ap_memory|  p_ZZN9gdn_mxfp818gdn_mxfp8_top_implEhthhPA128_K7ap_uintILi8EEPA4_S2_S4_S6_S4_S6_P_755|         array|
|p_ZZN9gdn_mxfp818gdn_mxfp8_top_implEhthhPA128_K7ap_uintILi8EEPA4_S2_S4_S6_S4_S6_P_876_address0  |  out|    5|   ap_memory|  p_ZZN9gdn_mxfp818gdn_mxfp8_top_implEhthhPA128_K7ap_uintILi8EEPA4_S2_S4_S6_S4_S6_P_876|         array|
|p_ZZN9gdn_mxfp818gdn_mxfp8_top_implEhthhPA128_K7ap_uintILi8EEPA4_S2_S4_S6_S4_S6_P_876_ce0       |  out|    1|   ap_memory|  p_ZZN9gdn_mxfp818gdn_mxfp8_top_implEhthhPA128_K7ap_uintILi8EEPA4_S2_S4_S6_S4_S6_P_876|         array|
|p_ZZN9gdn_mxfp818gdn_mxfp8_top_implEhthhPA128_K7ap_uintILi8EEPA4_S2_S4_S6_S4_S6_P_876_we0       |  out|    1|   ap_memory|  p_ZZN9gdn_mxfp818gdn_mxfp8_top_implEhthhPA128_K7ap_uintILi8EEPA4_S2_S4_S6_S4_S6_P_876|         array|
|p_ZZN9gdn_mxfp818gdn_mxfp8_top_implEhthhPA128_K7ap_uintILi8EEPA4_S2_S4_S6_S4_S6_P_876_d0        |  out|    6|   ap_memory|  p_ZZN9gdn_mxfp818gdn_mxfp8_top_implEhthhPA128_K7ap_uintILi8EEPA4_S2_S4_S6_S4_S6_P_876|         array|
|p_ZZN9gdn_mxfp818gdn_mxfp8_top_implEhthhPA128_K7ap_uintILi8EEPA4_S2_S4_S6_S4_S6_P_756_address0  |  out|    5|   ap_memory|  p_ZZN9gdn_mxfp818gdn_mxfp8_top_implEhthhPA128_K7ap_uintILi8EEPA4_S2_S4_S6_S4_S6_P_756|         array|
|p_ZZN9gdn_mxfp818gdn_mxfp8_top_implEhthhPA128_K7ap_uintILi8EEPA4_S2_S4_S6_S4_S6_P_756_ce0       |  out|    1|   ap_memory|  p_ZZN9gdn_mxfp818gdn_mxfp8_top_implEhthhPA128_K7ap_uintILi8EEPA4_S2_S4_S6_S4_S6_P_756|         array|
|p_ZZN9gdn_mxfp818gdn_mxfp8_top_implEhthhPA128_K7ap_uintILi8EEPA4_S2_S4_S6_S4_S6_P_756_we0       |  out|    1|   ap_memory|  p_ZZN9gdn_mxfp818gdn_mxfp8_top_implEhthhPA128_K7ap_uintILi8EEPA4_S2_S4_S6_S4_S6_P_756|         array|
|p_ZZN9gdn_mxfp818gdn_mxfp8_top_implEhthhPA128_K7ap_uintILi8EEPA4_S2_S4_S6_S4_S6_P_756_d0        |  out|    9|   ap_memory|  p_ZZN9gdn_mxfp818gdn_mxfp8_top_implEhthhPA128_K7ap_uintILi8EEPA4_S2_S4_S6_S4_S6_P_756|         array|
|p_ZZN9gdn_mxfp818gdn_mxfp8_top_implEhthhPA128_K7ap_uintILi8EEPA4_S2_S4_S6_S4_S6_P_877_address0  |  out|    5|   ap_memory|  p_ZZN9gdn_mxfp818gdn_mxfp8_top_implEhthhPA128_K7ap_uintILi8EEPA4_S2_S4_S6_S4_S6_P_877|         array|
|p_ZZN9gdn_mxfp818gdn_mxfp8_top_implEhthhPA128_K7ap_uintILi8EEPA4_S2_S4_S6_S4_S6_P_877_ce0       |  out|    1|   ap_memory|  p_ZZN9gdn_mxfp818gdn_mxfp8_top_implEhthhPA128_K7ap_uintILi8EEPA4_S2_S4_S6_S4_S6_P_877|         array|
|p_ZZN9gdn_mxfp818gdn_mxfp8_top_implEhthhPA128_K7ap_uintILi8EEPA4_S2_S4_S6_S4_S6_P_877_we0       |  out|    1|   ap_memory|  p_ZZN9gdn_mxfp818gdn_mxfp8_top_implEhthhPA128_K7ap_uintILi8EEPA4_S2_S4_S6_S4_S6_P_877|         array|
|p_ZZN9gdn_mxfp818gdn_mxfp8_top_implEhthhPA128_K7ap_uintILi8EEPA4_S2_S4_S6_S4_S6_P_877_d0        |  out|    6|   ap_memory|  p_ZZN9gdn_mxfp818gdn_mxfp8_top_implEhthhPA128_K7ap_uintILi8EEPA4_S2_S4_S6_S4_S6_P_877|         array|
|p_ZZN9gdn_mxfp818gdn_mxfp8_top_implEhthhPA128_K7ap_uintILi8EEPA4_S2_S4_S6_S4_S6_P_757_address0  |  out|    5|   ap_memory|  p_ZZN9gdn_mxfp818gdn_mxfp8_top_implEhthhPA128_K7ap_uintILi8EEPA4_S2_S4_S6_S4_S6_P_757|         array|
|p_ZZN9gdn_mxfp818gdn_mxfp8_top_implEhthhPA128_K7ap_uintILi8EEPA4_S2_S4_S6_S4_S6_P_757_ce0       |  out|    1|   ap_memory|  p_ZZN9gdn_mxfp818gdn_mxfp8_top_implEhthhPA128_K7ap_uintILi8EEPA4_S2_S4_S6_S4_S6_P_757|         array|
|p_ZZN9gdn_mxfp818gdn_mxfp8_top_implEhthhPA128_K7ap_uintILi8EEPA4_S2_S4_S6_S4_S6_P_757_we0       |  out|    1|   ap_memory|  p_ZZN9gdn_mxfp818gdn_mxfp8_top_implEhthhPA128_K7ap_uintILi8EEPA4_S2_S4_S6_S4_S6_P_757|         array|
|p_ZZN9gdn_mxfp818gdn_mxfp8_top_implEhthhPA128_K7ap_uintILi8EEPA4_S2_S4_S6_S4_S6_P_757_d0        |  out|    9|   ap_memory|  p_ZZN9gdn_mxfp818gdn_mxfp8_top_implEhthhPA128_K7ap_uintILi8EEPA4_S2_S4_S6_S4_S6_P_757|         array|
|p_ZZN9gdn_mxfp818gdn_mxfp8_top_implEhthhPA128_K7ap_uintILi8EEPA4_S2_S4_S6_S4_S6_P_878_address0  |  out|    5|   ap_memory|  p_ZZN9gdn_mxfp818gdn_mxfp8_top_implEhthhPA128_K7ap_uintILi8EEPA4_S2_S4_S6_S4_S6_P_878|         array|
|p_ZZN9gdn_mxfp818gdn_mxfp8_top_implEhthhPA128_K7ap_uintILi8EEPA4_S2_S4_S6_S4_S6_P_878_ce0       |  out|    1|   ap_memory|  p_ZZN9gdn_mxfp818gdn_mxfp8_top_implEhthhPA128_K7ap_uintILi8EEPA4_S2_S4_S6_S4_S6_P_878|         array|
|p_ZZN9gdn_mxfp818gdn_mxfp8_top_implEhthhPA128_K7ap_uintILi8EEPA4_S2_S4_S6_S4_S6_P_878_we0       |  out|    1|   ap_memory|  p_ZZN9gdn_mxfp818gdn_mxfp8_top_implEhthhPA128_K7ap_uintILi8EEPA4_S2_S4_S6_S4_S6_P_878|         array|
|p_ZZN9gdn_mxfp818gdn_mxfp8_top_implEhthhPA128_K7ap_uintILi8EEPA4_S2_S4_S6_S4_S6_P_878_d0        |  out|    6|   ap_memory|  p_ZZN9gdn_mxfp818gdn_mxfp8_top_implEhthhPA128_K7ap_uintILi8EEPA4_S2_S4_S6_S4_S6_P_878|         array|
|p_ZZN9gdn_mxfp818gdn_mxfp8_top_implEhthhPA128_K7ap_uintILi8EEPA4_S2_S4_S6_S4_S6_P_758_address0  |  out|    5|   ap_memory|  p_ZZN9gdn_mxfp818gdn_mxfp8_top_implEhthhPA128_K7ap_uintILi8EEPA4_S2_S4_S6_S4_S6_P_758|         array|
|p_ZZN9gdn_mxfp818gdn_mxfp8_top_implEhthhPA128_K7ap_uintILi8EEPA4_S2_S4_S6_S4_S6_P_758_ce0       |  out|    1|   ap_memory|  p_ZZN9gdn_mxfp818gdn_mxfp8_top_implEhthhPA128_K7ap_uintILi8EEPA4_S2_S4_S6_S4_S6_P_758|         array|
|p_ZZN9gdn_mxfp818gdn_mxfp8_top_implEhthhPA128_K7ap_uintILi8EEPA4_S2_S4_S6_S4_S6_P_758_we0       |  out|    1|   ap_memory|  p_ZZN9gdn_mxfp818gdn_mxfp8_top_implEhthhPA128_K7ap_uintILi8EEPA4_S2_S4_S6_S4_S6_P_758|         array|
|p_ZZN9gdn_mxfp818gdn_mxfp8_top_implEhthhPA128_K7ap_uintILi8EEPA4_S2_S4_S6_S4_S6_P_758_d0        |  out|    9|   ap_memory|  p_ZZN9gdn_mxfp818gdn_mxfp8_top_implEhthhPA128_K7ap_uintILi8EEPA4_S2_S4_S6_S4_S6_P_758|         array|
|p_ZZN9gdn_mxfp818gdn_mxfp8_top_implEhthhPA128_K7ap_uintILi8EEPA4_S2_S4_S6_S4_S6_P_879_address0  |  out|    5|   ap_memory|  p_ZZN9gdn_mxfp818gdn_mxfp8_top_implEhthhPA128_K7ap_uintILi8EEPA4_S2_S4_S6_S4_S6_P_879|         array|
|p_ZZN9gdn_mxfp818gdn_mxfp8_top_implEhthhPA128_K7ap_uintILi8EEPA4_S2_S4_S6_S4_S6_P_879_ce0       |  out|    1|   ap_memory|  p_ZZN9gdn_mxfp818gdn_mxfp8_top_implEhthhPA128_K7ap_uintILi8EEPA4_S2_S4_S6_S4_S6_P_879|         array|
|p_ZZN9gdn_mxfp818gdn_mxfp8_top_implEhthhPA128_K7ap_uintILi8EEPA4_S2_S4_S6_S4_S6_P_879_we0       |  out|    1|   ap_memory|  p_ZZN9gdn_mxfp818gdn_mxfp8_top_implEhthhPA128_K7ap_uintILi8EEPA4_S2_S4_S6_S4_S6_P_879|         array|
|p_ZZN9gdn_mxfp818gdn_mxfp8_top_implEhthhPA128_K7ap_uintILi8EEPA4_S2_S4_S6_S4_S6_P_879_d0        |  out|    6|   ap_memory|  p_ZZN9gdn_mxfp818gdn_mxfp8_top_implEhthhPA128_K7ap_uintILi8EEPA4_S2_S4_S6_S4_S6_P_879|         array|
|p_ZZN9gdn_mxfp818gdn_mxfp8_top_implEhthhPA128_K7ap_uintILi8EEPA4_S2_S4_S6_S4_S6_P_759_address0  |  out|    5|   ap_memory|  p_ZZN9gdn_mxfp818gdn_mxfp8_top_implEhthhPA128_K7ap_uintILi8EEPA4_S2_S4_S6_S4_S6_P_759|         array|
|p_ZZN9gdn_mxfp818gdn_mxfp8_top_implEhthhPA128_K7ap_uintILi8EEPA4_S2_S4_S6_S4_S6_P_759_ce0       |  out|    1|   ap_memory|  p_ZZN9gdn_mxfp818gdn_mxfp8_top_implEhthhPA128_K7ap_uintILi8EEPA4_S2_S4_S6_S4_S6_P_759|         array|
|p_ZZN9gdn_mxfp818gdn_mxfp8_top_implEhthhPA128_K7ap_uintILi8EEPA4_S2_S4_S6_S4_S6_P_759_we0       |  out|    1|   ap_memory|  p_ZZN9gdn_mxfp818gdn_mxfp8_top_implEhthhPA128_K7ap_uintILi8EEPA4_S2_S4_S6_S4_S6_P_759|         array|
|p_ZZN9gdn_mxfp818gdn_mxfp8_top_implEhthhPA128_K7ap_uintILi8EEPA4_S2_S4_S6_S4_S6_P_759_d0        |  out|    9|   ap_memory|  p_ZZN9gdn_mxfp818gdn_mxfp8_top_implEhthhPA128_K7ap_uintILi8EEPA4_S2_S4_S6_S4_S6_P_759|         array|
|p_ZZN9gdn_mxfp818gdn_mxfp8_top_implEhthhPA128_K7ap_uintILi8EEPA4_S2_S4_S6_S4_S6_P_880_address0  |  out|    5|   ap_memory|  p_ZZN9gdn_mxfp818gdn_mxfp8_top_implEhthhPA128_K7ap_uintILi8EEPA4_S2_S4_S6_S4_S6_P_880|         array|
|p_ZZN9gdn_mxfp818gdn_mxfp8_top_implEhthhPA128_K7ap_uintILi8EEPA4_S2_S4_S6_S4_S6_P_880_ce0       |  out|    1|   ap_memory|  p_ZZN9gdn_mxfp818gdn_mxfp8_top_implEhthhPA128_K7ap_uintILi8EEPA4_S2_S4_S6_S4_S6_P_880|         array|
|p_ZZN9gdn_mxfp818gdn_mxfp8_top_implEhthhPA128_K7ap_uintILi8EEPA4_S2_S4_S6_S4_S6_P_880_we0       |  out|    1|   ap_memory|  p_ZZN9gdn_mxfp818gdn_mxfp8_top_implEhthhPA128_K7ap_uintILi8EEPA4_S2_S4_S6_S4_S6_P_880|         array|
|p_ZZN9gdn_mxfp818gdn_mxfp8_top_implEhthhPA128_K7ap_uintILi8EEPA4_S2_S4_S6_S4_S6_P_880_d0        |  out|    6|   ap_memory|  p_ZZN9gdn_mxfp818gdn_mxfp8_top_implEhthhPA128_K7ap_uintILi8EEPA4_S2_S4_S6_S4_S6_P_880|         array|
|p_ZZN9gdn_mxfp818gdn_mxfp8_top_implEhthhPA128_K7ap_uintILi8EEPA4_S2_S4_S6_S4_S6_P_760_address0  |  out|    5|   ap_memory|  p_ZZN9gdn_mxfp818gdn_mxfp8_top_implEhthhPA128_K7ap_uintILi8EEPA4_S2_S4_S6_S4_S6_P_760|         array|
|p_ZZN9gdn_mxfp818gdn_mxfp8_top_implEhthhPA128_K7ap_uintILi8EEPA4_S2_S4_S6_S4_S6_P_760_ce0       |  out|    1|   ap_memory|  p_ZZN9gdn_mxfp818gdn_mxfp8_top_implEhthhPA128_K7ap_uintILi8EEPA4_S2_S4_S6_S4_S6_P_760|         array|
|p_ZZN9gdn_mxfp818gdn_mxfp8_top_implEhthhPA128_K7ap_uintILi8EEPA4_S2_S4_S6_S4_S6_P_760_we0       |  out|    1|   ap_memory|  p_ZZN9gdn_mxfp818gdn_mxfp8_top_implEhthhPA128_K7ap_uintILi8EEPA4_S2_S4_S6_S4_S6_P_760|         array|
|p_ZZN9gdn_mxfp818gdn_mxfp8_top_implEhthhPA128_K7ap_uintILi8EEPA4_S2_S4_S6_S4_S6_P_760_d0        |  out|    9|   ap_memory|  p_ZZN9gdn_mxfp818gdn_mxfp8_top_implEhthhPA128_K7ap_uintILi8EEPA4_S2_S4_S6_S4_S6_P_760|         array|
|p_ZZN9gdn_mxfp818gdn_mxfp8_top_implEhthhPA128_K7ap_uintILi8EEPA4_S2_S4_S6_S4_S6_P_881_address0  |  out|    5|   ap_memory|  p_ZZN9gdn_mxfp818gdn_mxfp8_top_implEhthhPA128_K7ap_uintILi8EEPA4_S2_S4_S6_S4_S6_P_881|         array|
|p_ZZN9gdn_mxfp818gdn_mxfp8_top_implEhthhPA128_K7ap_uintILi8EEPA4_S2_S4_S6_S4_S6_P_881_ce0       |  out|    1|   ap_memory|  p_ZZN9gdn_mxfp818gdn_mxfp8_top_implEhthhPA128_K7ap_uintILi8EEPA4_S2_S4_S6_S4_S6_P_881|         array|
|p_ZZN9gdn_mxfp818gdn_mxfp8_top_implEhthhPA128_K7ap_uintILi8EEPA4_S2_S4_S6_S4_S6_P_881_we0       |  out|    1|   ap_memory|  p_ZZN9gdn_mxfp818gdn_mxfp8_top_implEhthhPA128_K7ap_uintILi8EEPA4_S2_S4_S6_S4_S6_P_881|         array|
|p_ZZN9gdn_mxfp818gdn_mxfp8_top_implEhthhPA128_K7ap_uintILi8EEPA4_S2_S4_S6_S4_S6_P_881_d0        |  out|    6|   ap_memory|  p_ZZN9gdn_mxfp818gdn_mxfp8_top_implEhthhPA128_K7ap_uintILi8EEPA4_S2_S4_S6_S4_S6_P_881|         array|
|p_ZZN9gdn_mxfp818gdn_mxfp8_top_implEhthhPA128_K7ap_uintILi8EEPA4_S2_S4_S6_S4_S6_P_761_address0  |  out|    5|   ap_memory|  p_ZZN9gdn_mxfp818gdn_mxfp8_top_implEhthhPA128_K7ap_uintILi8EEPA4_S2_S4_S6_S4_S6_P_761|         array|
|p_ZZN9gdn_mxfp818gdn_mxfp8_top_implEhthhPA128_K7ap_uintILi8EEPA4_S2_S4_S6_S4_S6_P_761_ce0       |  out|    1|   ap_memory|  p_ZZN9gdn_mxfp818gdn_mxfp8_top_implEhthhPA128_K7ap_uintILi8EEPA4_S2_S4_S6_S4_S6_P_761|         array|
|p_ZZN9gdn_mxfp818gdn_mxfp8_top_implEhthhPA128_K7ap_uintILi8EEPA4_S2_S4_S6_S4_S6_P_761_we0       |  out|    1|   ap_memory|  p_ZZN9gdn_mxfp818gdn_mxfp8_top_implEhthhPA128_K7ap_uintILi8EEPA4_S2_S4_S6_S4_S6_P_761|         array|
|p_ZZN9gdn_mxfp818gdn_mxfp8_top_implEhthhPA128_K7ap_uintILi8EEPA4_S2_S4_S6_S4_S6_P_761_d0        |  out|    9|   ap_memory|  p_ZZN9gdn_mxfp818gdn_mxfp8_top_implEhthhPA128_K7ap_uintILi8EEPA4_S2_S4_S6_S4_S6_P_761|         array|
|p_ZZN9gdn_mxfp818gdn_mxfp8_top_implEhthhPA128_K7ap_uintILi8EEPA4_S2_S4_S6_S4_S6_P_882_address0  |  out|    5|   ap_memory|  p_ZZN9gdn_mxfp818gdn_mxfp8_top_implEhthhPA128_K7ap_uintILi8EEPA4_S2_S4_S6_S4_S6_P_882|         array|
|p_ZZN9gdn_mxfp818gdn_mxfp8_top_implEhthhPA128_K7ap_uintILi8EEPA4_S2_S4_S6_S4_S6_P_882_ce0       |  out|    1|   ap_memory|  p_ZZN9gdn_mxfp818gdn_mxfp8_top_implEhthhPA128_K7ap_uintILi8EEPA4_S2_S4_S6_S4_S6_P_882|         array|
|p_ZZN9gdn_mxfp818gdn_mxfp8_top_implEhthhPA128_K7ap_uintILi8EEPA4_S2_S4_S6_S4_S6_P_882_we0       |  out|    1|   ap_memory|  p_ZZN9gdn_mxfp818gdn_mxfp8_top_implEhthhPA128_K7ap_uintILi8EEPA4_S2_S4_S6_S4_S6_P_882|         array|
|p_ZZN9gdn_mxfp818gdn_mxfp8_top_implEhthhPA128_K7ap_uintILi8EEPA4_S2_S4_S6_S4_S6_P_882_d0        |  out|    6|   ap_memory|  p_ZZN9gdn_mxfp818gdn_mxfp8_top_implEhthhPA128_K7ap_uintILi8EEPA4_S2_S4_S6_S4_S6_P_882|         array|
|p_ZZN9gdn_mxfp818gdn_mxfp8_top_implEhthhPA128_K7ap_uintILi8EEPA4_S2_S4_S6_S4_S6_P_762_address0  |  out|    5|   ap_memory|  p_ZZN9gdn_mxfp818gdn_mxfp8_top_implEhthhPA128_K7ap_uintILi8EEPA4_S2_S4_S6_S4_S6_P_762|         array|
|p_ZZN9gdn_mxfp818gdn_mxfp8_top_implEhthhPA128_K7ap_uintILi8EEPA4_S2_S4_S6_S4_S6_P_762_ce0       |  out|    1|   ap_memory|  p_ZZN9gdn_mxfp818gdn_mxfp8_top_implEhthhPA128_K7ap_uintILi8EEPA4_S2_S4_S6_S4_S6_P_762|         array|
|p_ZZN9gdn_mxfp818gdn_mxfp8_top_implEhthhPA128_K7ap_uintILi8EEPA4_S2_S4_S6_S4_S6_P_762_we0       |  out|    1|   ap_memory|  p_ZZN9gdn_mxfp818gdn_mxfp8_top_implEhthhPA128_K7ap_uintILi8EEPA4_S2_S4_S6_S4_S6_P_762|         array|
|p_ZZN9gdn_mxfp818gdn_mxfp8_top_implEhthhPA128_K7ap_uintILi8EEPA4_S2_S4_S6_S4_S6_P_762_d0        |  out|    9|   ap_memory|  p_ZZN9gdn_mxfp818gdn_mxfp8_top_implEhthhPA128_K7ap_uintILi8EEPA4_S2_S4_S6_S4_S6_P_762|         array|
|p_ZZN9gdn_mxfp818gdn_mxfp8_top_implEhthhPA128_K7ap_uintILi8EEPA4_S2_S4_S6_S4_S6_P_883_address0  |  out|    5|   ap_memory|  p_ZZN9gdn_mxfp818gdn_mxfp8_top_implEhthhPA128_K7ap_uintILi8EEPA4_S2_S4_S6_S4_S6_P_883|         array|
|p_ZZN9gdn_mxfp818gdn_mxfp8_top_implEhthhPA128_K7ap_uintILi8EEPA4_S2_S4_S6_S4_S6_P_883_ce0       |  out|    1|   ap_memory|  p_ZZN9gdn_mxfp818gdn_mxfp8_top_implEhthhPA128_K7ap_uintILi8EEPA4_S2_S4_S6_S4_S6_P_883|         array|
|p_ZZN9gdn_mxfp818gdn_mxfp8_top_implEhthhPA128_K7ap_uintILi8EEPA4_S2_S4_S6_S4_S6_P_883_we0       |  out|    1|   ap_memory|  p_ZZN9gdn_mxfp818gdn_mxfp8_top_implEhthhPA128_K7ap_uintILi8EEPA4_S2_S4_S6_S4_S6_P_883|         array|
|p_ZZN9gdn_mxfp818gdn_mxfp8_top_implEhthhPA128_K7ap_uintILi8EEPA4_S2_S4_S6_S4_S6_P_883_d0        |  out|    6|   ap_memory|  p_ZZN9gdn_mxfp818gdn_mxfp8_top_implEhthhPA128_K7ap_uintILi8EEPA4_S2_S4_S6_S4_S6_P_883|         array|
|p_ZZN9gdn_mxfp818gdn_mxfp8_top_implEhthhPA128_K7ap_uintILi8EEPA4_S2_S4_S6_S4_S6_P_763_address0  |  out|    5|   ap_memory|  p_ZZN9gdn_mxfp818gdn_mxfp8_top_implEhthhPA128_K7ap_uintILi8EEPA4_S2_S4_S6_S4_S6_P_763|         array|
|p_ZZN9gdn_mxfp818gdn_mxfp8_top_implEhthhPA128_K7ap_uintILi8EEPA4_S2_S4_S6_S4_S6_P_763_ce0       |  out|    1|   ap_memory|  p_ZZN9gdn_mxfp818gdn_mxfp8_top_implEhthhPA128_K7ap_uintILi8EEPA4_S2_S4_S6_S4_S6_P_763|         array|
|p_ZZN9gdn_mxfp818gdn_mxfp8_top_implEhthhPA128_K7ap_uintILi8EEPA4_S2_S4_S6_S4_S6_P_763_we0       |  out|    1|   ap_memory|  p_ZZN9gdn_mxfp818gdn_mxfp8_top_implEhthhPA128_K7ap_uintILi8EEPA4_S2_S4_S6_S4_S6_P_763|         array|
|p_ZZN9gdn_mxfp818gdn_mxfp8_top_implEhthhPA128_K7ap_uintILi8EEPA4_S2_S4_S6_S4_S6_P_763_d0        |  out|    9|   ap_memory|  p_ZZN9gdn_mxfp818gdn_mxfp8_top_implEhthhPA128_K7ap_uintILi8EEPA4_S2_S4_S6_S4_S6_P_763|         array|
|p_ZZN9gdn_mxfp818gdn_mxfp8_top_implEhthhPA128_K7ap_uintILi8EEPA4_S2_S4_S6_S4_S6_P_884_address0  |  out|    5|   ap_memory|  p_ZZN9gdn_mxfp818gdn_mxfp8_top_implEhthhPA128_K7ap_uintILi8EEPA4_S2_S4_S6_S4_S6_P_884|         array|
|p_ZZN9gdn_mxfp818gdn_mxfp8_top_implEhthhPA128_K7ap_uintILi8EEPA4_S2_S4_S6_S4_S6_P_884_ce0       |  out|    1|   ap_memory|  p_ZZN9gdn_mxfp818gdn_mxfp8_top_implEhthhPA128_K7ap_uintILi8EEPA4_S2_S4_S6_S4_S6_P_884|         array|
|p_ZZN9gdn_mxfp818gdn_mxfp8_top_implEhthhPA128_K7ap_uintILi8EEPA4_S2_S4_S6_S4_S6_P_884_we0       |  out|    1|   ap_memory|  p_ZZN9gdn_mxfp818gdn_mxfp8_top_implEhthhPA128_K7ap_uintILi8EEPA4_S2_S4_S6_S4_S6_P_884|         array|
|p_ZZN9gdn_mxfp818gdn_mxfp8_top_implEhthhPA128_K7ap_uintILi8EEPA4_S2_S4_S6_S4_S6_P_884_d0        |  out|    6|   ap_memory|  p_ZZN9gdn_mxfp818gdn_mxfp8_top_implEhthhPA128_K7ap_uintILi8EEPA4_S2_S4_S6_S4_S6_P_884|         array|
|p_ZZN9gdn_mxfp818gdn_mxfp8_top_implEhthhPA128_K7ap_uintILi8EEPA4_S2_S4_S6_S4_S6_P_764_address0  |  out|    5|   ap_memory|  p_ZZN9gdn_mxfp818gdn_mxfp8_top_implEhthhPA128_K7ap_uintILi8EEPA4_S2_S4_S6_S4_S6_P_764|         array|
|p_ZZN9gdn_mxfp818gdn_mxfp8_top_implEhthhPA128_K7ap_uintILi8EEPA4_S2_S4_S6_S4_S6_P_764_ce0       |  out|    1|   ap_memory|  p_ZZN9gdn_mxfp818gdn_mxfp8_top_implEhthhPA128_K7ap_uintILi8EEPA4_S2_S4_S6_S4_S6_P_764|         array|
|p_ZZN9gdn_mxfp818gdn_mxfp8_top_implEhthhPA128_K7ap_uintILi8EEPA4_S2_S4_S6_S4_S6_P_764_we0       |  out|    1|   ap_memory|  p_ZZN9gdn_mxfp818gdn_mxfp8_top_implEhthhPA128_K7ap_uintILi8EEPA4_S2_S4_S6_S4_S6_P_764|         array|
|p_ZZN9gdn_mxfp818gdn_mxfp8_top_implEhthhPA128_K7ap_uintILi8EEPA4_S2_S4_S6_S4_S6_P_764_d0        |  out|    9|   ap_memory|  p_ZZN9gdn_mxfp818gdn_mxfp8_top_implEhthhPA128_K7ap_uintILi8EEPA4_S2_S4_S6_S4_S6_P_764|         array|
|p_ZZN9gdn_mxfp818gdn_mxfp8_top_implEhthhPA128_K7ap_uintILi8EEPA4_S2_S4_S6_S4_S6_P_885_address0  |  out|    5|   ap_memory|  p_ZZN9gdn_mxfp818gdn_mxfp8_top_implEhthhPA128_K7ap_uintILi8EEPA4_S2_S4_S6_S4_S6_P_885|         array|
|p_ZZN9gdn_mxfp818gdn_mxfp8_top_implEhthhPA128_K7ap_uintILi8EEPA4_S2_S4_S6_S4_S6_P_885_ce0       |  out|    1|   ap_memory|  p_ZZN9gdn_mxfp818gdn_mxfp8_top_implEhthhPA128_K7ap_uintILi8EEPA4_S2_S4_S6_S4_S6_P_885|         array|
|p_ZZN9gdn_mxfp818gdn_mxfp8_top_implEhthhPA128_K7ap_uintILi8EEPA4_S2_S4_S6_S4_S6_P_885_we0       |  out|    1|   ap_memory|  p_ZZN9gdn_mxfp818gdn_mxfp8_top_implEhthhPA128_K7ap_uintILi8EEPA4_S2_S4_S6_S4_S6_P_885|         array|
|p_ZZN9gdn_mxfp818gdn_mxfp8_top_implEhthhPA128_K7ap_uintILi8EEPA4_S2_S4_S6_S4_S6_P_885_d0        |  out|    6|   ap_memory|  p_ZZN9gdn_mxfp818gdn_mxfp8_top_implEhthhPA128_K7ap_uintILi8EEPA4_S2_S4_S6_S4_S6_P_885|         array|
|p_ZZN9gdn_mxfp818gdn_mxfp8_top_implEhthhPA128_K7ap_uintILi8EEPA4_S2_S4_S6_S4_S6_P_765_address0  |  out|    5|   ap_memory|  p_ZZN9gdn_mxfp818gdn_mxfp8_top_implEhthhPA128_K7ap_uintILi8EEPA4_S2_S4_S6_S4_S6_P_765|         array|
|p_ZZN9gdn_mxfp818gdn_mxfp8_top_implEhthhPA128_K7ap_uintILi8EEPA4_S2_S4_S6_S4_S6_P_765_ce0       |  out|    1|   ap_memory|  p_ZZN9gdn_mxfp818gdn_mxfp8_top_implEhthhPA128_K7ap_uintILi8EEPA4_S2_S4_S6_S4_S6_P_765|         array|
|p_ZZN9gdn_mxfp818gdn_mxfp8_top_implEhthhPA128_K7ap_uintILi8EEPA4_S2_S4_S6_S4_S6_P_765_we0       |  out|    1|   ap_memory|  p_ZZN9gdn_mxfp818gdn_mxfp8_top_implEhthhPA128_K7ap_uintILi8EEPA4_S2_S4_S6_S4_S6_P_765|         array|
|p_ZZN9gdn_mxfp818gdn_mxfp8_top_implEhthhPA128_K7ap_uintILi8EEPA4_S2_S4_S6_S4_S6_P_765_d0        |  out|    9|   ap_memory|  p_ZZN9gdn_mxfp818gdn_mxfp8_top_implEhthhPA128_K7ap_uintILi8EEPA4_S2_S4_S6_S4_S6_P_765|         array|
|p_ZZN9gdn_mxfp818gdn_mxfp8_top_implEhthhPA128_K7ap_uintILi8EEPA4_S2_S4_S6_S4_S6_P_886_address0  |  out|    5|   ap_memory|  p_ZZN9gdn_mxfp818gdn_mxfp8_top_implEhthhPA128_K7ap_uintILi8EEPA4_S2_S4_S6_S4_S6_P_886|         array|
|p_ZZN9gdn_mxfp818gdn_mxfp8_top_implEhthhPA128_K7ap_uintILi8EEPA4_S2_S4_S6_S4_S6_P_886_ce0       |  out|    1|   ap_memory|  p_ZZN9gdn_mxfp818gdn_mxfp8_top_implEhthhPA128_K7ap_uintILi8EEPA4_S2_S4_S6_S4_S6_P_886|         array|
|p_ZZN9gdn_mxfp818gdn_mxfp8_top_implEhthhPA128_K7ap_uintILi8EEPA4_S2_S4_S6_S4_S6_P_886_we0       |  out|    1|   ap_memory|  p_ZZN9gdn_mxfp818gdn_mxfp8_top_implEhthhPA128_K7ap_uintILi8EEPA4_S2_S4_S6_S4_S6_P_886|         array|
|p_ZZN9gdn_mxfp818gdn_mxfp8_top_implEhthhPA128_K7ap_uintILi8EEPA4_S2_S4_S6_S4_S6_P_886_d0        |  out|    6|   ap_memory|  p_ZZN9gdn_mxfp818gdn_mxfp8_top_implEhthhPA128_K7ap_uintILi8EEPA4_S2_S4_S6_S4_S6_P_886|         array|
|p_ZZN9gdn_mxfp818gdn_mxfp8_top_implEhthhPA128_K7ap_uintILi8EEPA4_S2_S4_S6_S4_S6_P_766_address0  |  out|    5|   ap_memory|  p_ZZN9gdn_mxfp818gdn_mxfp8_top_implEhthhPA128_K7ap_uintILi8EEPA4_S2_S4_S6_S4_S6_P_766|         array|
|p_ZZN9gdn_mxfp818gdn_mxfp8_top_implEhthhPA128_K7ap_uintILi8EEPA4_S2_S4_S6_S4_S6_P_766_ce0       |  out|    1|   ap_memory|  p_ZZN9gdn_mxfp818gdn_mxfp8_top_implEhthhPA128_K7ap_uintILi8EEPA4_S2_S4_S6_S4_S6_P_766|         array|
|p_ZZN9gdn_mxfp818gdn_mxfp8_top_implEhthhPA128_K7ap_uintILi8EEPA4_S2_S4_S6_S4_S6_P_766_we0       |  out|    1|   ap_memory|  p_ZZN9gdn_mxfp818gdn_mxfp8_top_implEhthhPA128_K7ap_uintILi8EEPA4_S2_S4_S6_S4_S6_P_766|         array|
|p_ZZN9gdn_mxfp818gdn_mxfp8_top_implEhthhPA128_K7ap_uintILi8EEPA4_S2_S4_S6_S4_S6_P_766_d0        |  out|    9|   ap_memory|  p_ZZN9gdn_mxfp818gdn_mxfp8_top_implEhthhPA128_K7ap_uintILi8EEPA4_S2_S4_S6_S4_S6_P_766|         array|
|p_ZZN9gdn_mxfp818gdn_mxfp8_top_implEhthhPA128_K7ap_uintILi8EEPA4_S2_S4_S6_S4_S6_P_887_address0  |  out|    5|   ap_memory|  p_ZZN9gdn_mxfp818gdn_mxfp8_top_implEhthhPA128_K7ap_uintILi8EEPA4_S2_S4_S6_S4_S6_P_887|         array|
|p_ZZN9gdn_mxfp818gdn_mxfp8_top_implEhthhPA128_K7ap_uintILi8EEPA4_S2_S4_S6_S4_S6_P_887_ce0       |  out|    1|   ap_memory|  p_ZZN9gdn_mxfp818gdn_mxfp8_top_implEhthhPA128_K7ap_uintILi8EEPA4_S2_S4_S6_S4_S6_P_887|         array|
|p_ZZN9gdn_mxfp818gdn_mxfp8_top_implEhthhPA128_K7ap_uintILi8EEPA4_S2_S4_S6_S4_S6_P_887_we0       |  out|    1|   ap_memory|  p_ZZN9gdn_mxfp818gdn_mxfp8_top_implEhthhPA128_K7ap_uintILi8EEPA4_S2_S4_S6_S4_S6_P_887|         array|
|p_ZZN9gdn_mxfp818gdn_mxfp8_top_implEhthhPA128_K7ap_uintILi8EEPA4_S2_S4_S6_S4_S6_P_887_d0        |  out|    6|   ap_memory|  p_ZZN9gdn_mxfp818gdn_mxfp8_top_implEhthhPA128_K7ap_uintILi8EEPA4_S2_S4_S6_S4_S6_P_887|         array|
|p_ZZN9gdn_mxfp818gdn_mxfp8_top_implEhthhPA128_K7ap_uintILi8EEPA4_S2_S4_S6_S4_S6_P_767_address0  |  out|    5|   ap_memory|  p_ZZN9gdn_mxfp818gdn_mxfp8_top_implEhthhPA128_K7ap_uintILi8EEPA4_S2_S4_S6_S4_S6_P_767|         array|
|p_ZZN9gdn_mxfp818gdn_mxfp8_top_implEhthhPA128_K7ap_uintILi8EEPA4_S2_S4_S6_S4_S6_P_767_ce0       |  out|    1|   ap_memory|  p_ZZN9gdn_mxfp818gdn_mxfp8_top_implEhthhPA128_K7ap_uintILi8EEPA4_S2_S4_S6_S4_S6_P_767|         array|
|p_ZZN9gdn_mxfp818gdn_mxfp8_top_implEhthhPA128_K7ap_uintILi8EEPA4_S2_S4_S6_S4_S6_P_767_we0       |  out|    1|   ap_memory|  p_ZZN9gdn_mxfp818gdn_mxfp8_top_implEhthhPA128_K7ap_uintILi8EEPA4_S2_S4_S6_S4_S6_P_767|         array|
|p_ZZN9gdn_mxfp818gdn_mxfp8_top_implEhthhPA128_K7ap_uintILi8EEPA4_S2_S4_S6_S4_S6_P_767_d0        |  out|    9|   ap_memory|  p_ZZN9gdn_mxfp818gdn_mxfp8_top_implEhthhPA128_K7ap_uintILi8EEPA4_S2_S4_S6_S4_S6_P_767|         array|
|p_ZZN9gdn_mxfp818gdn_mxfp8_top_implEhthhPA128_K7ap_uintILi8EEPA4_S2_S4_S6_S4_S6_P_888_address0  |  out|    5|   ap_memory|  p_ZZN9gdn_mxfp818gdn_mxfp8_top_implEhthhPA128_K7ap_uintILi8EEPA4_S2_S4_S6_S4_S6_P_888|         array|
|p_ZZN9gdn_mxfp818gdn_mxfp8_top_implEhthhPA128_K7ap_uintILi8EEPA4_S2_S4_S6_S4_S6_P_888_ce0       |  out|    1|   ap_memory|  p_ZZN9gdn_mxfp818gdn_mxfp8_top_implEhthhPA128_K7ap_uintILi8EEPA4_S2_S4_S6_S4_S6_P_888|         array|
|p_ZZN9gdn_mxfp818gdn_mxfp8_top_implEhthhPA128_K7ap_uintILi8EEPA4_S2_S4_S6_S4_S6_P_888_we0       |  out|    1|   ap_memory|  p_ZZN9gdn_mxfp818gdn_mxfp8_top_implEhthhPA128_K7ap_uintILi8EEPA4_S2_S4_S6_S4_S6_P_888|         array|
|p_ZZN9gdn_mxfp818gdn_mxfp8_top_implEhthhPA128_K7ap_uintILi8EEPA4_S2_S4_S6_S4_S6_P_888_d0        |  out|    6|   ap_memory|  p_ZZN9gdn_mxfp818gdn_mxfp8_top_implEhthhPA128_K7ap_uintILi8EEPA4_S2_S4_S6_S4_S6_P_888|         array|
|p_ZZN9gdn_mxfp818gdn_mxfp8_top_implEhthhPA128_K7ap_uintILi8EEPA4_S2_S4_S6_S4_S6_P_768_address0  |  out|    5|   ap_memory|  p_ZZN9gdn_mxfp818gdn_mxfp8_top_implEhthhPA128_K7ap_uintILi8EEPA4_S2_S4_S6_S4_S6_P_768|         array|
|p_ZZN9gdn_mxfp818gdn_mxfp8_top_implEhthhPA128_K7ap_uintILi8EEPA4_S2_S4_S6_S4_S6_P_768_ce0       |  out|    1|   ap_memory|  p_ZZN9gdn_mxfp818gdn_mxfp8_top_implEhthhPA128_K7ap_uintILi8EEPA4_S2_S4_S6_S4_S6_P_768|         array|
|p_ZZN9gdn_mxfp818gdn_mxfp8_top_implEhthhPA128_K7ap_uintILi8EEPA4_S2_S4_S6_S4_S6_P_768_we0       |  out|    1|   ap_memory|  p_ZZN9gdn_mxfp818gdn_mxfp8_top_implEhthhPA128_K7ap_uintILi8EEPA4_S2_S4_S6_S4_S6_P_768|         array|
|p_ZZN9gdn_mxfp818gdn_mxfp8_top_implEhthhPA128_K7ap_uintILi8EEPA4_S2_S4_S6_S4_S6_P_768_d0        |  out|    9|   ap_memory|  p_ZZN9gdn_mxfp818gdn_mxfp8_top_implEhthhPA128_K7ap_uintILi8EEPA4_S2_S4_S6_S4_S6_P_768|         array|
|p_ZZN9gdn_mxfp818gdn_mxfp8_top_implEhthhPA128_K7ap_uintILi8EEPA4_S2_S4_S6_S4_S6_P_889_address0  |  out|    5|   ap_memory|  p_ZZN9gdn_mxfp818gdn_mxfp8_top_implEhthhPA128_K7ap_uintILi8EEPA4_S2_S4_S6_S4_S6_P_889|         array|
|p_ZZN9gdn_mxfp818gdn_mxfp8_top_implEhthhPA128_K7ap_uintILi8EEPA4_S2_S4_S6_S4_S6_P_889_ce0       |  out|    1|   ap_memory|  p_ZZN9gdn_mxfp818gdn_mxfp8_top_implEhthhPA128_K7ap_uintILi8EEPA4_S2_S4_S6_S4_S6_P_889|         array|
|p_ZZN9gdn_mxfp818gdn_mxfp8_top_implEhthhPA128_K7ap_uintILi8EEPA4_S2_S4_S6_S4_S6_P_889_we0       |  out|    1|   ap_memory|  p_ZZN9gdn_mxfp818gdn_mxfp8_top_implEhthhPA128_K7ap_uintILi8EEPA4_S2_S4_S6_S4_S6_P_889|         array|
|p_ZZN9gdn_mxfp818gdn_mxfp8_top_implEhthhPA128_K7ap_uintILi8EEPA4_S2_S4_S6_S4_S6_P_889_d0        |  out|    6|   ap_memory|  p_ZZN9gdn_mxfp818gdn_mxfp8_top_implEhthhPA128_K7ap_uintILi8EEPA4_S2_S4_S6_S4_S6_P_889|         array|
|p_ZZN9gdn_mxfp818gdn_mxfp8_top_implEhthhPA128_K7ap_uintILi8EEPA4_S2_S4_S6_S4_S6_P_769_address0  |  out|    5|   ap_memory|  p_ZZN9gdn_mxfp818gdn_mxfp8_top_implEhthhPA128_K7ap_uintILi8EEPA4_S2_S4_S6_S4_S6_P_769|         array|
|p_ZZN9gdn_mxfp818gdn_mxfp8_top_implEhthhPA128_K7ap_uintILi8EEPA4_S2_S4_S6_S4_S6_P_769_ce0       |  out|    1|   ap_memory|  p_ZZN9gdn_mxfp818gdn_mxfp8_top_implEhthhPA128_K7ap_uintILi8EEPA4_S2_S4_S6_S4_S6_P_769|         array|
|p_ZZN9gdn_mxfp818gdn_mxfp8_top_implEhthhPA128_K7ap_uintILi8EEPA4_S2_S4_S6_S4_S6_P_769_we0       |  out|    1|   ap_memory|  p_ZZN9gdn_mxfp818gdn_mxfp8_top_implEhthhPA128_K7ap_uintILi8EEPA4_S2_S4_S6_S4_S6_P_769|         array|
|p_ZZN9gdn_mxfp818gdn_mxfp8_top_implEhthhPA128_K7ap_uintILi8EEPA4_S2_S4_S6_S4_S6_P_769_d0        |  out|    9|   ap_memory|  p_ZZN9gdn_mxfp818gdn_mxfp8_top_implEhthhPA128_K7ap_uintILi8EEPA4_S2_S4_S6_S4_S6_P_769|         array|
|p_ZZN9gdn_mxfp818gdn_mxfp8_top_implEhthhPA128_K7ap_uintILi8EEPA4_S2_S4_S6_S4_S6_P_890_address0  |  out|    5|   ap_memory|  p_ZZN9gdn_mxfp818gdn_mxfp8_top_implEhthhPA128_K7ap_uintILi8EEPA4_S2_S4_S6_S4_S6_P_890|         array|
|p_ZZN9gdn_mxfp818gdn_mxfp8_top_implEhthhPA128_K7ap_uintILi8EEPA4_S2_S4_S6_S4_S6_P_890_ce0       |  out|    1|   ap_memory|  p_ZZN9gdn_mxfp818gdn_mxfp8_top_implEhthhPA128_K7ap_uintILi8EEPA4_S2_S4_S6_S4_S6_P_890|         array|
|p_ZZN9gdn_mxfp818gdn_mxfp8_top_implEhthhPA128_K7ap_uintILi8EEPA4_S2_S4_S6_S4_S6_P_890_we0       |  out|    1|   ap_memory|  p_ZZN9gdn_mxfp818gdn_mxfp8_top_implEhthhPA128_K7ap_uintILi8EEPA4_S2_S4_S6_S4_S6_P_890|         array|
|p_ZZN9gdn_mxfp818gdn_mxfp8_top_implEhthhPA128_K7ap_uintILi8EEPA4_S2_S4_S6_S4_S6_P_890_d0        |  out|    6|   ap_memory|  p_ZZN9gdn_mxfp818gdn_mxfp8_top_implEhthhPA128_K7ap_uintILi8EEPA4_S2_S4_S6_S4_S6_P_890|         array|
|p_ZZN9gdn_mxfp818gdn_mxfp8_top_implEhthhPA128_K7ap_uintILi8EEPA4_S2_S4_S6_S4_S6_P_770_address0  |  out|    5|   ap_memory|  p_ZZN9gdn_mxfp818gdn_mxfp8_top_implEhthhPA128_K7ap_uintILi8EEPA4_S2_S4_S6_S4_S6_P_770|         array|
|p_ZZN9gdn_mxfp818gdn_mxfp8_top_implEhthhPA128_K7ap_uintILi8EEPA4_S2_S4_S6_S4_S6_P_770_ce0       |  out|    1|   ap_memory|  p_ZZN9gdn_mxfp818gdn_mxfp8_top_implEhthhPA128_K7ap_uintILi8EEPA4_S2_S4_S6_S4_S6_P_770|         array|
|p_ZZN9gdn_mxfp818gdn_mxfp8_top_implEhthhPA128_K7ap_uintILi8EEPA4_S2_S4_S6_S4_S6_P_770_we0       |  out|    1|   ap_memory|  p_ZZN9gdn_mxfp818gdn_mxfp8_top_implEhthhPA128_K7ap_uintILi8EEPA4_S2_S4_S6_S4_S6_P_770|         array|
|p_ZZN9gdn_mxfp818gdn_mxfp8_top_implEhthhPA128_K7ap_uintILi8EEPA4_S2_S4_S6_S4_S6_P_770_d0        |  out|    9|   ap_memory|  p_ZZN9gdn_mxfp818gdn_mxfp8_top_implEhthhPA128_K7ap_uintILi8EEPA4_S2_S4_S6_S4_S6_P_770|         array|
|p_ZZN9gdn_mxfp818gdn_mxfp8_top_implEhthhPA128_K7ap_uintILi8EEPA4_S2_S4_S6_S4_S6_P_891_address0  |  out|    5|   ap_memory|  p_ZZN9gdn_mxfp818gdn_mxfp8_top_implEhthhPA128_K7ap_uintILi8EEPA4_S2_S4_S6_S4_S6_P_891|         array|
|p_ZZN9gdn_mxfp818gdn_mxfp8_top_implEhthhPA128_K7ap_uintILi8EEPA4_S2_S4_S6_S4_S6_P_891_ce0       |  out|    1|   ap_memory|  p_ZZN9gdn_mxfp818gdn_mxfp8_top_implEhthhPA128_K7ap_uintILi8EEPA4_S2_S4_S6_S4_S6_P_891|         array|
|p_ZZN9gdn_mxfp818gdn_mxfp8_top_implEhthhPA128_K7ap_uintILi8EEPA4_S2_S4_S6_S4_S6_P_891_we0       |  out|    1|   ap_memory|  p_ZZN9gdn_mxfp818gdn_mxfp8_top_implEhthhPA128_K7ap_uintILi8EEPA4_S2_S4_S6_S4_S6_P_891|         array|
|p_ZZN9gdn_mxfp818gdn_mxfp8_top_implEhthhPA128_K7ap_uintILi8EEPA4_S2_S4_S6_S4_S6_P_891_d0        |  out|    6|   ap_memory|  p_ZZN9gdn_mxfp818gdn_mxfp8_top_implEhthhPA128_K7ap_uintILi8EEPA4_S2_S4_S6_S4_S6_P_891|         array|
|p_ZZN9gdn_mxfp818gdn_mxfp8_top_implEhthhPA128_K7ap_uintILi8EEPA4_S2_S4_S6_S4_S6_P_771_address0  |  out|    5|   ap_memory|  p_ZZN9gdn_mxfp818gdn_mxfp8_top_implEhthhPA128_K7ap_uintILi8EEPA4_S2_S4_S6_S4_S6_P_771|         array|
|p_ZZN9gdn_mxfp818gdn_mxfp8_top_implEhthhPA128_K7ap_uintILi8EEPA4_S2_S4_S6_S4_S6_P_771_ce0       |  out|    1|   ap_memory|  p_ZZN9gdn_mxfp818gdn_mxfp8_top_implEhthhPA128_K7ap_uintILi8EEPA4_S2_S4_S6_S4_S6_P_771|         array|
|p_ZZN9gdn_mxfp818gdn_mxfp8_top_implEhthhPA128_K7ap_uintILi8EEPA4_S2_S4_S6_S4_S6_P_771_we0       |  out|    1|   ap_memory|  p_ZZN9gdn_mxfp818gdn_mxfp8_top_implEhthhPA128_K7ap_uintILi8EEPA4_S2_S4_S6_S4_S6_P_771|         array|
|p_ZZN9gdn_mxfp818gdn_mxfp8_top_implEhthhPA128_K7ap_uintILi8EEPA4_S2_S4_S6_S4_S6_P_771_d0        |  out|    9|   ap_memory|  p_ZZN9gdn_mxfp818gdn_mxfp8_top_implEhthhPA128_K7ap_uintILi8EEPA4_S2_S4_S6_S4_S6_P_771|         array|
|p_ZZN9gdn_mxfp818gdn_mxfp8_top_implEhthhPA128_K7ap_uintILi8EEPA4_S2_S4_S6_S4_S6_P_892_address0  |  out|    5|   ap_memory|  p_ZZN9gdn_mxfp818gdn_mxfp8_top_implEhthhPA128_K7ap_uintILi8EEPA4_S2_S4_S6_S4_S6_P_892|         array|
|p_ZZN9gdn_mxfp818gdn_mxfp8_top_implEhthhPA128_K7ap_uintILi8EEPA4_S2_S4_S6_S4_S6_P_892_ce0       |  out|    1|   ap_memory|  p_ZZN9gdn_mxfp818gdn_mxfp8_top_implEhthhPA128_K7ap_uintILi8EEPA4_S2_S4_S6_S4_S6_P_892|         array|
|p_ZZN9gdn_mxfp818gdn_mxfp8_top_implEhthhPA128_K7ap_uintILi8EEPA4_S2_S4_S6_S4_S6_P_892_we0       |  out|    1|   ap_memory|  p_ZZN9gdn_mxfp818gdn_mxfp8_top_implEhthhPA128_K7ap_uintILi8EEPA4_S2_S4_S6_S4_S6_P_892|         array|
|p_ZZN9gdn_mxfp818gdn_mxfp8_top_implEhthhPA128_K7ap_uintILi8EEPA4_S2_S4_S6_S4_S6_P_892_d0        |  out|    6|   ap_memory|  p_ZZN9gdn_mxfp818gdn_mxfp8_top_implEhthhPA128_K7ap_uintILi8EEPA4_S2_S4_S6_S4_S6_P_892|         array|
|p_ZZN9gdn_mxfp818gdn_mxfp8_top_implEhthhPA128_K7ap_uintILi8EEPA4_S2_S4_S6_S4_S6_P_772_address0  |  out|    5|   ap_memory|  p_ZZN9gdn_mxfp818gdn_mxfp8_top_implEhthhPA128_K7ap_uintILi8EEPA4_S2_S4_S6_S4_S6_P_772|         array|
|p_ZZN9gdn_mxfp818gdn_mxfp8_top_implEhthhPA128_K7ap_uintILi8EEPA4_S2_S4_S6_S4_S6_P_772_ce0       |  out|    1|   ap_memory|  p_ZZN9gdn_mxfp818gdn_mxfp8_top_implEhthhPA128_K7ap_uintILi8EEPA4_S2_S4_S6_S4_S6_P_772|         array|
|p_ZZN9gdn_mxfp818gdn_mxfp8_top_implEhthhPA128_K7ap_uintILi8EEPA4_S2_S4_S6_S4_S6_P_772_we0       |  out|    1|   ap_memory|  p_ZZN9gdn_mxfp818gdn_mxfp8_top_implEhthhPA128_K7ap_uintILi8EEPA4_S2_S4_S6_S4_S6_P_772|         array|
|p_ZZN9gdn_mxfp818gdn_mxfp8_top_implEhthhPA128_K7ap_uintILi8EEPA4_S2_S4_S6_S4_S6_P_772_d0        |  out|    9|   ap_memory|  p_ZZN9gdn_mxfp818gdn_mxfp8_top_implEhthhPA128_K7ap_uintILi8EEPA4_S2_S4_S6_S4_S6_P_772|         array|
|p_ZZN9gdn_mxfp818gdn_mxfp8_top_implEhthhPA128_K7ap_uintILi8EEPA4_S2_S4_S6_S4_S6_P_893_address0  |  out|    5|   ap_memory|  p_ZZN9gdn_mxfp818gdn_mxfp8_top_implEhthhPA128_K7ap_uintILi8EEPA4_S2_S4_S6_S4_S6_P_893|         array|
|p_ZZN9gdn_mxfp818gdn_mxfp8_top_implEhthhPA128_K7ap_uintILi8EEPA4_S2_S4_S6_S4_S6_P_893_ce0       |  out|    1|   ap_memory|  p_ZZN9gdn_mxfp818gdn_mxfp8_top_implEhthhPA128_K7ap_uintILi8EEPA4_S2_S4_S6_S4_S6_P_893|         array|
|p_ZZN9gdn_mxfp818gdn_mxfp8_top_implEhthhPA128_K7ap_uintILi8EEPA4_S2_S4_S6_S4_S6_P_893_we0       |  out|    1|   ap_memory|  p_ZZN9gdn_mxfp818gdn_mxfp8_top_implEhthhPA128_K7ap_uintILi8EEPA4_S2_S4_S6_S4_S6_P_893|         array|
|p_ZZN9gdn_mxfp818gdn_mxfp8_top_implEhthhPA128_K7ap_uintILi8EEPA4_S2_S4_S6_S4_S6_P_893_d0        |  out|    6|   ap_memory|  p_ZZN9gdn_mxfp818gdn_mxfp8_top_implEhthhPA128_K7ap_uintILi8EEPA4_S2_S4_S6_S4_S6_P_893|         array|
|p_ZZN9gdn_mxfp818gdn_mxfp8_top_implEhthhPA128_K7ap_uintILi8EEPA4_S2_S4_S6_S4_S6_P_773_address0  |  out|    5|   ap_memory|  p_ZZN9gdn_mxfp818gdn_mxfp8_top_implEhthhPA128_K7ap_uintILi8EEPA4_S2_S4_S6_S4_S6_P_773|         array|
|p_ZZN9gdn_mxfp818gdn_mxfp8_top_implEhthhPA128_K7ap_uintILi8EEPA4_S2_S4_S6_S4_S6_P_773_ce0       |  out|    1|   ap_memory|  p_ZZN9gdn_mxfp818gdn_mxfp8_top_implEhthhPA128_K7ap_uintILi8EEPA4_S2_S4_S6_S4_S6_P_773|         array|
|p_ZZN9gdn_mxfp818gdn_mxfp8_top_implEhthhPA128_K7ap_uintILi8EEPA4_S2_S4_S6_S4_S6_P_773_we0       |  out|    1|   ap_memory|  p_ZZN9gdn_mxfp818gdn_mxfp8_top_implEhthhPA128_K7ap_uintILi8EEPA4_S2_S4_S6_S4_S6_P_773|         array|
|p_ZZN9gdn_mxfp818gdn_mxfp8_top_implEhthhPA128_K7ap_uintILi8EEPA4_S2_S4_S6_S4_S6_P_773_d0        |  out|    9|   ap_memory|  p_ZZN9gdn_mxfp818gdn_mxfp8_top_implEhthhPA128_K7ap_uintILi8EEPA4_S2_S4_S6_S4_S6_P_773|         array|
|p_ZZN9gdn_mxfp818gdn_mxfp8_top_implEhthhPA128_K7ap_uintILi8EEPA4_S2_S4_S6_S4_S6_P_894_address0  |  out|    5|   ap_memory|  p_ZZN9gdn_mxfp818gdn_mxfp8_top_implEhthhPA128_K7ap_uintILi8EEPA4_S2_S4_S6_S4_S6_P_894|         array|
|p_ZZN9gdn_mxfp818gdn_mxfp8_top_implEhthhPA128_K7ap_uintILi8EEPA4_S2_S4_S6_S4_S6_P_894_ce0       |  out|    1|   ap_memory|  p_ZZN9gdn_mxfp818gdn_mxfp8_top_implEhthhPA128_K7ap_uintILi8EEPA4_S2_S4_S6_S4_S6_P_894|         array|
|p_ZZN9gdn_mxfp818gdn_mxfp8_top_implEhthhPA128_K7ap_uintILi8EEPA4_S2_S4_S6_S4_S6_P_894_we0       |  out|    1|   ap_memory|  p_ZZN9gdn_mxfp818gdn_mxfp8_top_implEhthhPA128_K7ap_uintILi8EEPA4_S2_S4_S6_S4_S6_P_894|         array|
|p_ZZN9gdn_mxfp818gdn_mxfp8_top_implEhthhPA128_K7ap_uintILi8EEPA4_S2_S4_S6_S4_S6_P_894_d0        |  out|    6|   ap_memory|  p_ZZN9gdn_mxfp818gdn_mxfp8_top_implEhthhPA128_K7ap_uintILi8EEPA4_S2_S4_S6_S4_S6_P_894|         array|
|p_ZZN9gdn_mxfp818gdn_mxfp8_top_implEhthhPA128_K7ap_uintILi8EEPA4_S2_S4_S6_S4_S6_P_774_address0  |  out|    5|   ap_memory|  p_ZZN9gdn_mxfp818gdn_mxfp8_top_implEhthhPA128_K7ap_uintILi8EEPA4_S2_S4_S6_S4_S6_P_774|         array|
|p_ZZN9gdn_mxfp818gdn_mxfp8_top_implEhthhPA128_K7ap_uintILi8EEPA4_S2_S4_S6_S4_S6_P_774_ce0       |  out|    1|   ap_memory|  p_ZZN9gdn_mxfp818gdn_mxfp8_top_implEhthhPA128_K7ap_uintILi8EEPA4_S2_S4_S6_S4_S6_P_774|         array|
|p_ZZN9gdn_mxfp818gdn_mxfp8_top_implEhthhPA128_K7ap_uintILi8EEPA4_S2_S4_S6_S4_S6_P_774_we0       |  out|    1|   ap_memory|  p_ZZN9gdn_mxfp818gdn_mxfp8_top_implEhthhPA128_K7ap_uintILi8EEPA4_S2_S4_S6_S4_S6_P_774|         array|
|p_ZZN9gdn_mxfp818gdn_mxfp8_top_implEhthhPA128_K7ap_uintILi8EEPA4_S2_S4_S6_S4_S6_P_774_d0        |  out|    9|   ap_memory|  p_ZZN9gdn_mxfp818gdn_mxfp8_top_implEhthhPA128_K7ap_uintILi8EEPA4_S2_S4_S6_S4_S6_P_774|         array|
|p_ZZN9gdn_mxfp818gdn_mxfp8_top_implEhthhPA128_K7ap_uintILi8EEPA4_S2_S4_S6_S4_S6_P_895_address0  |  out|    5|   ap_memory|  p_ZZN9gdn_mxfp818gdn_mxfp8_top_implEhthhPA128_K7ap_uintILi8EEPA4_S2_S4_S6_S4_S6_P_895|         array|
|p_ZZN9gdn_mxfp818gdn_mxfp8_top_implEhthhPA128_K7ap_uintILi8EEPA4_S2_S4_S6_S4_S6_P_895_ce0       |  out|    1|   ap_memory|  p_ZZN9gdn_mxfp818gdn_mxfp8_top_implEhthhPA128_K7ap_uintILi8EEPA4_S2_S4_S6_S4_S6_P_895|         array|
|p_ZZN9gdn_mxfp818gdn_mxfp8_top_implEhthhPA128_K7ap_uintILi8EEPA4_S2_S4_S6_S4_S6_P_895_we0       |  out|    1|   ap_memory|  p_ZZN9gdn_mxfp818gdn_mxfp8_top_implEhthhPA128_K7ap_uintILi8EEPA4_S2_S4_S6_S4_S6_P_895|         array|
|p_ZZN9gdn_mxfp818gdn_mxfp8_top_implEhthhPA128_K7ap_uintILi8EEPA4_S2_S4_S6_S4_S6_P_895_d0        |  out|    6|   ap_memory|  p_ZZN9gdn_mxfp818gdn_mxfp8_top_implEhthhPA128_K7ap_uintILi8EEPA4_S2_S4_S6_S4_S6_P_895|         array|
|p_ZZN9gdn_mxfp818gdn_mxfp8_top_implEhthhPA128_K7ap_uintILi8EEPA4_S2_S4_S6_S4_S6_P_775_address0  |  out|    5|   ap_memory|  p_ZZN9gdn_mxfp818gdn_mxfp8_top_implEhthhPA128_K7ap_uintILi8EEPA4_S2_S4_S6_S4_S6_P_775|         array|
|p_ZZN9gdn_mxfp818gdn_mxfp8_top_implEhthhPA128_K7ap_uintILi8EEPA4_S2_S4_S6_S4_S6_P_775_ce0       |  out|    1|   ap_memory|  p_ZZN9gdn_mxfp818gdn_mxfp8_top_implEhthhPA128_K7ap_uintILi8EEPA4_S2_S4_S6_S4_S6_P_775|         array|
|p_ZZN9gdn_mxfp818gdn_mxfp8_top_implEhthhPA128_K7ap_uintILi8EEPA4_S2_S4_S6_S4_S6_P_775_we0       |  out|    1|   ap_memory|  p_ZZN9gdn_mxfp818gdn_mxfp8_top_implEhthhPA128_K7ap_uintILi8EEPA4_S2_S4_S6_S4_S6_P_775|         array|
|p_ZZN9gdn_mxfp818gdn_mxfp8_top_implEhthhPA128_K7ap_uintILi8EEPA4_S2_S4_S6_S4_S6_P_775_d0        |  out|    9|   ap_memory|  p_ZZN9gdn_mxfp818gdn_mxfp8_top_implEhthhPA128_K7ap_uintILi8EEPA4_S2_S4_S6_S4_S6_P_775|         array|
|p_ZZN9gdn_mxfp818gdn_mxfp8_top_implEhthhPA128_K7ap_uintILi8EEPA4_S2_S4_S6_S4_S6_P_896_address0  |  out|    5|   ap_memory|  p_ZZN9gdn_mxfp818gdn_mxfp8_top_implEhthhPA128_K7ap_uintILi8EEPA4_S2_S4_S6_S4_S6_P_896|         array|
|p_ZZN9gdn_mxfp818gdn_mxfp8_top_implEhthhPA128_K7ap_uintILi8EEPA4_S2_S4_S6_S4_S6_P_896_ce0       |  out|    1|   ap_memory|  p_ZZN9gdn_mxfp818gdn_mxfp8_top_implEhthhPA128_K7ap_uintILi8EEPA4_S2_S4_S6_S4_S6_P_896|         array|
|p_ZZN9gdn_mxfp818gdn_mxfp8_top_implEhthhPA128_K7ap_uintILi8EEPA4_S2_S4_S6_S4_S6_P_896_we0       |  out|    1|   ap_memory|  p_ZZN9gdn_mxfp818gdn_mxfp8_top_implEhthhPA128_K7ap_uintILi8EEPA4_S2_S4_S6_S4_S6_P_896|         array|
|p_ZZN9gdn_mxfp818gdn_mxfp8_top_implEhthhPA128_K7ap_uintILi8EEPA4_S2_S4_S6_S4_S6_P_896_d0        |  out|    6|   ap_memory|  p_ZZN9gdn_mxfp818gdn_mxfp8_top_implEhthhPA128_K7ap_uintILi8EEPA4_S2_S4_S6_S4_S6_P_896|         array|
|p_ZZN9gdn_mxfp818gdn_mxfp8_top_implEhthhPA128_K7ap_uintILi8EEPA4_S2_S4_S6_S4_S6_P_776_address0  |  out|    5|   ap_memory|  p_ZZN9gdn_mxfp818gdn_mxfp8_top_implEhthhPA128_K7ap_uintILi8EEPA4_S2_S4_S6_S4_S6_P_776|         array|
|p_ZZN9gdn_mxfp818gdn_mxfp8_top_implEhthhPA128_K7ap_uintILi8EEPA4_S2_S4_S6_S4_S6_P_776_ce0       |  out|    1|   ap_memory|  p_ZZN9gdn_mxfp818gdn_mxfp8_top_implEhthhPA128_K7ap_uintILi8EEPA4_S2_S4_S6_S4_S6_P_776|         array|
|p_ZZN9gdn_mxfp818gdn_mxfp8_top_implEhthhPA128_K7ap_uintILi8EEPA4_S2_S4_S6_S4_S6_P_776_we0       |  out|    1|   ap_memory|  p_ZZN9gdn_mxfp818gdn_mxfp8_top_implEhthhPA128_K7ap_uintILi8EEPA4_S2_S4_S6_S4_S6_P_776|         array|
|p_ZZN9gdn_mxfp818gdn_mxfp8_top_implEhthhPA128_K7ap_uintILi8EEPA4_S2_S4_S6_S4_S6_P_776_d0        |  out|    9|   ap_memory|  p_ZZN9gdn_mxfp818gdn_mxfp8_top_implEhthhPA128_K7ap_uintILi8EEPA4_S2_S4_S6_S4_S6_P_776|         array|
|p_ZZN9gdn_mxfp818gdn_mxfp8_top_implEhthhPA128_K7ap_uintILi8EEPA4_S2_S4_S6_S4_S6_P_897_address0  |  out|    5|   ap_memory|  p_ZZN9gdn_mxfp818gdn_mxfp8_top_implEhthhPA128_K7ap_uintILi8EEPA4_S2_S4_S6_S4_S6_P_897|         array|
|p_ZZN9gdn_mxfp818gdn_mxfp8_top_implEhthhPA128_K7ap_uintILi8EEPA4_S2_S4_S6_S4_S6_P_897_ce0       |  out|    1|   ap_memory|  p_ZZN9gdn_mxfp818gdn_mxfp8_top_implEhthhPA128_K7ap_uintILi8EEPA4_S2_S4_S6_S4_S6_P_897|         array|
|p_ZZN9gdn_mxfp818gdn_mxfp8_top_implEhthhPA128_K7ap_uintILi8EEPA4_S2_S4_S6_S4_S6_P_897_we0       |  out|    1|   ap_memory|  p_ZZN9gdn_mxfp818gdn_mxfp8_top_implEhthhPA128_K7ap_uintILi8EEPA4_S2_S4_S6_S4_S6_P_897|         array|
|p_ZZN9gdn_mxfp818gdn_mxfp8_top_implEhthhPA128_K7ap_uintILi8EEPA4_S2_S4_S6_S4_S6_P_897_d0        |  out|    6|   ap_memory|  p_ZZN9gdn_mxfp818gdn_mxfp8_top_implEhthhPA128_K7ap_uintILi8EEPA4_S2_S4_S6_S4_S6_P_897|         array|
|p_ZZN9gdn_mxfp818gdn_mxfp8_top_implEhthhPA128_K7ap_uintILi8EEPA4_S2_S4_S6_S4_S6_P_777_address0  |  out|    5|   ap_memory|  p_ZZN9gdn_mxfp818gdn_mxfp8_top_implEhthhPA128_K7ap_uintILi8EEPA4_S2_S4_S6_S4_S6_P_777|         array|
|p_ZZN9gdn_mxfp818gdn_mxfp8_top_implEhthhPA128_K7ap_uintILi8EEPA4_S2_S4_S6_S4_S6_P_777_ce0       |  out|    1|   ap_memory|  p_ZZN9gdn_mxfp818gdn_mxfp8_top_implEhthhPA128_K7ap_uintILi8EEPA4_S2_S4_S6_S4_S6_P_777|         array|
|p_ZZN9gdn_mxfp818gdn_mxfp8_top_implEhthhPA128_K7ap_uintILi8EEPA4_S2_S4_S6_S4_S6_P_777_we0       |  out|    1|   ap_memory|  p_ZZN9gdn_mxfp818gdn_mxfp8_top_implEhthhPA128_K7ap_uintILi8EEPA4_S2_S4_S6_S4_S6_P_777|         array|
|p_ZZN9gdn_mxfp818gdn_mxfp8_top_implEhthhPA128_K7ap_uintILi8EEPA4_S2_S4_S6_S4_S6_P_777_d0        |  out|    9|   ap_memory|  p_ZZN9gdn_mxfp818gdn_mxfp8_top_implEhthhPA128_K7ap_uintILi8EEPA4_S2_S4_S6_S4_S6_P_777|         array|
|p_ZZN9gdn_mxfp818gdn_mxfp8_top_implEhthhPA128_K7ap_uintILi8EEPA4_S2_S4_S6_S4_S6_P_898_address0  |  out|    5|   ap_memory|  p_ZZN9gdn_mxfp818gdn_mxfp8_top_implEhthhPA128_K7ap_uintILi8EEPA4_S2_S4_S6_S4_S6_P_898|         array|
|p_ZZN9gdn_mxfp818gdn_mxfp8_top_implEhthhPA128_K7ap_uintILi8EEPA4_S2_S4_S6_S4_S6_P_898_ce0       |  out|    1|   ap_memory|  p_ZZN9gdn_mxfp818gdn_mxfp8_top_implEhthhPA128_K7ap_uintILi8EEPA4_S2_S4_S6_S4_S6_P_898|         array|
|p_ZZN9gdn_mxfp818gdn_mxfp8_top_implEhthhPA128_K7ap_uintILi8EEPA4_S2_S4_S6_S4_S6_P_898_we0       |  out|    1|   ap_memory|  p_ZZN9gdn_mxfp818gdn_mxfp8_top_implEhthhPA128_K7ap_uintILi8EEPA4_S2_S4_S6_S4_S6_P_898|         array|
|p_ZZN9gdn_mxfp818gdn_mxfp8_top_implEhthhPA128_K7ap_uintILi8EEPA4_S2_S4_S6_S4_S6_P_898_d0        |  out|    6|   ap_memory|  p_ZZN9gdn_mxfp818gdn_mxfp8_top_implEhthhPA128_K7ap_uintILi8EEPA4_S2_S4_S6_S4_S6_P_898|         array|
|p_ZZN9gdn_mxfp818gdn_mxfp8_top_implEhthhPA128_K7ap_uintILi8EEPA4_S2_S4_S6_S4_S6_P_778_address0  |  out|    5|   ap_memory|  p_ZZN9gdn_mxfp818gdn_mxfp8_top_implEhthhPA128_K7ap_uintILi8EEPA4_S2_S4_S6_S4_S6_P_778|         array|
|p_ZZN9gdn_mxfp818gdn_mxfp8_top_implEhthhPA128_K7ap_uintILi8EEPA4_S2_S4_S6_S4_S6_P_778_ce0       |  out|    1|   ap_memory|  p_ZZN9gdn_mxfp818gdn_mxfp8_top_implEhthhPA128_K7ap_uintILi8EEPA4_S2_S4_S6_S4_S6_P_778|         array|
|p_ZZN9gdn_mxfp818gdn_mxfp8_top_implEhthhPA128_K7ap_uintILi8EEPA4_S2_S4_S6_S4_S6_P_778_we0       |  out|    1|   ap_memory|  p_ZZN9gdn_mxfp818gdn_mxfp8_top_implEhthhPA128_K7ap_uintILi8EEPA4_S2_S4_S6_S4_S6_P_778|         array|
|p_ZZN9gdn_mxfp818gdn_mxfp8_top_implEhthhPA128_K7ap_uintILi8EEPA4_S2_S4_S6_S4_S6_P_778_d0        |  out|    9|   ap_memory|  p_ZZN9gdn_mxfp818gdn_mxfp8_top_implEhthhPA128_K7ap_uintILi8EEPA4_S2_S4_S6_S4_S6_P_778|         array|
+------------------------------------------------------------------------------------------------+-----+-----+------------+---------------------------------------------------------------------------------------+--------------+

