

================================================================
== Vitis HLS Report for 'phase2_decay_predict_tile_Pipeline_build_mxfp8_prediction_terms'
================================================================
* Date:           Tue Aug  4 23:13:51 2026

* Version:        2025.2 (Build 6295257 on Nov 14 2025)
* Project:        gdn_mxfp8_hls
* Solution:       u55c_250mhz (Vivado IP Flow Target)
* Product family: virtexuplusHBM
* Target device:  xcu55c-fsvh2892-2L-e


================================================================
== Performance Estimates
================================================================
+ Timing: 
    * Summary: 
    +--------+---------+----------+------------+
    |  Clock |  Target | Estimated| Uncertainty|
    +--------+---------+----------+------------+
    |ap_clk  |  4.00 ns|  2.760 ns|     1.08 ns|
    +--------+---------+----------+------------+

+ Latency: 
    * Summary: 
    +---------+---------+----------+----------+-----+-----+-------------------+
    |  Latency (cycles) |  Latency (absolute) |  Interval |      Pipeline     |
    |   min   |   max   |    min   |    max   | min | max |        Type       |
    +---------+---------+----------+----------+-----+-----+-------------------+
    |      133|      133|  0.532 us|  0.532 us|    0|    0|  loop pipeline stp|
    +---------+---------+----------+----------+-----+-----+-------------------+

    + Detail: 
        * Instance: 
        N/A

        * Loop: 
        +--------------------------------+---------+---------+----------+-----------+-----------+------+----------+
        |                                |  Latency (cycles) | Iteration|  Initiation Interval  | Trip |          |
        |            Loop Name           |   min   |   max   |  Latency |  achieved |   target  | Count| Pipelined|
        +--------------------------------+---------+---------+----------+-----------+-----------+------+----------+
        |- build_mxfp8_prediction_terms  |      131|      131|         5|          1|          1|   128|       yes|
        +--------------------------------+---------+---------+----------+-----------+-----------+------+----------+



================================================================
== Utilization Estimates
================================================================
* Summary: 
+---------------------+---------+------+---------+---------+-----+
|         Name        | BRAM_18K|  DSP |    FF   |   LUT   | URAM|
+---------------------+---------+------+---------+---------+-----+
|DSP                  |        -|     -|        -|        -|    -|
|Expression           |        -|     -|        0|      283|    -|
|FIFO                 |        -|     -|        -|        -|    -|
|Instance             |        -|     -|        0|     1506|    -|
|Memory               |        -|     -|        -|        -|    -|
|Multiplexer          |        -|     -|        0|       36|    -|
|Register             |        -|     -|      247|       32|    -|
+---------------------+---------+------+---------+---------+-----+
|Total                |        0|     0|      247|     1857|    0|
+---------------------+---------+------+---------+---------+-----+
|Available SLR        |     1344|  3008|   869120|   434560|  320|
+---------------------+---------+------+---------+---------+-----+
|Utilization SLR (%)  |        0|     0|       ~0|       ~0|    0|
+---------------------+---------+------+---------+---------+-----+
|Available            |     4032|  9024|  2607360|  1303680|  960|
+---------------------+---------+------+---------+---------+-----+
|Utilization (%)      |        0|     0|       ~0|       ~0|    0|
+---------------------+---------+------+---------+---------+-----+

+ Detail: 
    * Instance: 
    +---------------------------+----------------------+---------+----+---+----+-----+
    |          Instance         |        Module        | BRAM_18K| DSP| FF| LUT| URAM|
    +---------------------------+----------------------+---------+----+---+----+-----+
    |sparsemux_17_3_6_1_1_U601  |sparsemux_17_3_6_1_1  |        0|   0|  0|  43|    0|
    |sparsemux_17_3_6_1_1_U602  |sparsemux_17_3_6_1_1  |        0|   0|  0|  43|    0|
    |sparsemux_17_3_6_1_1_U603  |sparsemux_17_3_6_1_1  |        0|   0|  0|  43|    0|
    |sparsemux_17_3_6_1_1_U604  |sparsemux_17_3_6_1_1  |        0|   0|  0|  43|    0|
    |sparsemux_17_3_6_1_1_U605  |sparsemux_17_3_6_1_1  |        0|   0|  0|  43|    0|
    |sparsemux_17_3_6_1_1_U606  |sparsemux_17_3_6_1_1  |        0|   0|  0|  43|    0|
    |sparsemux_17_3_6_1_1_U607  |sparsemux_17_3_6_1_1  |        0|   0|  0|  43|    0|
    |sparsemux_17_3_6_1_1_U608  |sparsemux_17_3_6_1_1  |        0|   0|  0|  43|    0|
    |sparsemux_17_3_6_1_1_U609  |sparsemux_17_3_6_1_1  |        0|   0|  0|  43|    0|
    |sparsemux_17_3_6_1_1_U610  |sparsemux_17_3_6_1_1  |        0|   0|  0|  43|    0|
    |sparsemux_17_3_6_1_1_U611  |sparsemux_17_3_6_1_1  |        0|   0|  0|  43|    0|
    |sparsemux_17_3_6_1_1_U612  |sparsemux_17_3_6_1_1  |        0|   0|  0|  43|    0|
    |sparsemux_17_3_6_1_1_U613  |sparsemux_17_3_6_1_1  |        0|   0|  0|  43|    0|
    |sparsemux_17_3_6_1_1_U614  |sparsemux_17_3_6_1_1  |        0|   0|  0|  43|    0|
    |sparsemux_17_3_6_1_1_U615  |sparsemux_17_3_6_1_1  |        0|   0|  0|  43|    0|
    |sparsemux_17_3_6_1_1_U616  |sparsemux_17_3_6_1_1  |        0|   0|  0|  43|    0|
    |sparsemux_17_3_9_1_1_U584  |sparsemux_17_3_9_1_1  |        0|   0|  0|  43|    0|
    |sparsemux_17_3_9_1_1_U585  |sparsemux_17_3_9_1_1  |        0|   0|  0|  43|    0|
    |sparsemux_17_3_9_1_1_U586  |sparsemux_17_3_9_1_1  |        0|   0|  0|  43|    0|
    |sparsemux_17_3_9_1_1_U587  |sparsemux_17_3_9_1_1  |        0|   0|  0|  43|    0|
    |sparsemux_17_3_9_1_1_U588  |sparsemux_17_3_9_1_1  |        0|   0|  0|  43|    0|
    |sparsemux_17_3_9_1_1_U589  |sparsemux_17_3_9_1_1  |        0|   0|  0|  43|    0|
    |sparsemux_17_3_9_1_1_U590  |sparsemux_17_3_9_1_1  |        0|   0|  0|  43|    0|
    |sparsemux_17_3_9_1_1_U591  |sparsemux_17_3_9_1_1  |        0|   0|  0|  43|    0|
    |sparsemux_17_3_9_1_1_U592  |sparsemux_17_3_9_1_1  |        0|   0|  0|  43|    0|
    |sparsemux_17_3_9_1_1_U593  |sparsemux_17_3_9_1_1  |        0|   0|  0|  43|    0|
    |sparsemux_17_3_9_1_1_U594  |sparsemux_17_3_9_1_1  |        0|   0|  0|  43|    0|
    |sparsemux_17_3_9_1_1_U595  |sparsemux_17_3_9_1_1  |        0|   0|  0|  43|    0|
    |sparsemux_17_3_9_1_1_U596  |sparsemux_17_3_9_1_1  |        0|   0|  0|  43|    0|
    |sparsemux_17_3_9_1_1_U597  |sparsemux_17_3_9_1_1  |        0|   0|  0|  43|    0|
    |sparsemux_17_3_9_1_1_U598  |sparsemux_17_3_9_1_1  |        0|   0|  0|  43|    0|
    |sparsemux_17_3_9_1_1_U599  |sparsemux_17_3_9_1_1  |        0|   0|  0|  43|    0|
    |sparsemux_33_4_6_1_1_U617  |sparsemux_33_4_6_1_1  |        0|   0|  0|  65|    0|
    |sparsemux_33_4_9_1_1_U600  |sparsemux_33_4_9_1_1  |        0|   0|  0|  65|    0|
    +---------------------------+----------------------+---------+----+---+----+-----+
    |Total                      |                      |        0|   0|  0|1506|    0|
    +---------------------------+----------------------+---------+----+---+----+-----+

    * DSP: 
    N/A

    * Memory: 
    N/A

    * FIFO: 
    N/A

    * Expression: 
    +-------------------------+----------+----+---+----+------------+------------+
    |      Variable Name      | Operation| DSP| FF| LUT| Bitwidth P0| Bitwidth P1|
    +-------------------------+----------+----+---+----+------------+------------+
    |add_ln32_fu_4530_p2      |         +|   0|  0|  15|           8|           1|
    |add_ln34_fu_4540_p2      |         +|   0|  0|  18|          11|          11|
    |add_ln37_2_fu_6345_p2    |         +|   0|  0|  18|          10|          10|
    |add_ln37_3_fu_6351_p2    |         +|   0|  0|  18|          10|          10|
    |add_ln37_fu_6328_p2      |         +|   0|  0|  16|           9|           9|
    |product_11_fu_6453_p2    |         +|   0|  0|  17|          10|          10|
    |product_7_fu_6398_p2     |         +|   0|  0|  15|           8|           8|
    |product_9_fu_6426_p2     |         +|   0|  0|  16|           9|           9|
    |sub_ln109_fu_6276_p2     |         -|   0|  0|  12|           1|           4|
    |sub_ln116_fu_6466_p2     |         -|   0|  0|  17|           1|          10|
    |sub_ln94_fu_6250_p2      |         -|   0|  0|  12|           1|           5|
    |and_ln94_fu_6244_p2      |       and|   0|  0|   2|           1|           1|
    |icmp_ln32_fu_4524_p2     |      icmp|   0|  0|  16|           8|           9|
    |icmp_ln91_fu_4768_p2     |      icmp|   0|  0|  12|           4|           1|
    |icmp_ln94_fu_6238_p2     |      icmp|   0|  0|  12|           4|           1|
    |decoded_fu_6256_p3       |    select|   0|  0|   5|           1|           5|
    |magnitude_6_fu_6282_p3   |    select|   0|  0|   4|           1|           4|
    |magnitude_fu_6220_p3     |    select|   0|  0|   4|           1|           4|
    |product_10_fu_6432_p3    |    select|   0|  0|   9|           1|           9|
    |product_12_fu_6459_p3    |    select|   0|  0|  10|           1|          10|
    |product_8_fu_6404_p3     |    select|   0|  0|   8|           1|           8|
    |product_fu_6377_p3       |    select|   0|  0|   6|           1|           6|
    |select_ln116_fu_6472_p3  |    select|   0|  0|  10|           1|          10|
    |select_ln37_fu_6334_p3   |    select|   0|  0|   9|           1|           9|
    |ap_enable_pp0            |       xor|   0|  0|   2|           1|           2|
    +-------------------------+----------+----+---+----+------------+------------+
    |Total                    |          |   0|  0| 283|         105|         166|
    +-------------------------+----------+----+---+----+------------+------------+

    * Multiplexer: 
    +-------------------------+----+-----------+-----+-----------+
    |           Name          | LUT| Input Size| Bits| Total Bits|
    +-------------------------+----+-----------+-----+-----------+
    |ap_done_int              |   9|          2|    1|          2|
    |ap_enable_reg_pp0_iter1  |   9|          2|    1|          2|
    |ap_sig_allocacmp_row     |   9|          2|    8|         16|
    |row_1_fu_734             |   9|          2|    8|         16|
    +-------------------------+----+-----------+-----+-----------+
    |Total                    |  36|          8|   18|         36|
    +-------------------------+----+-----------+-----+-----------+

    * Register: 
    +--------------------------------------+----+----+-----+-----------+
    |                 Name                 | FF | LUT| Bits| Const Bits|
    +--------------------------------------+----+----+-----+-----------+
    |ap_CS_fsm                             |   1|   0|    1|          0|
    |ap_done_reg                           |   1|   0|    1|          0|
    |ap_enable_reg_pp0_iter1               |   1|   0|    1|          0|
    |ap_enable_reg_pp0_iter2               |   1|   0|    1|          0|
    |ap_enable_reg_pp0_iter3               |   1|   0|    1|          0|
    |ap_enable_reg_pp0_iter4               |   1|   0|    1|          0|
    |ap_loop_exit_ready_pp0_iter1_reg      |   1|   0|    1|          0|
    |ap_loop_exit_ready_pp0_iter2_reg      |   1|   0|    1|          0|
    |ap_loop_exit_ready_pp0_iter3_reg      |   1|   0|    1|          0|
    |fraction_reg_7989                     |   3|   0|    3|          0|
    |icmp_ln91_reg_8000                    |   1|   0|    1|          0|
    |lshr_ln5_reg_6562                     |   3|   0|    3|          0|
    |lshr_ln5_reg_6562_pp0_iter1_reg       |   3|   0|    3|          0|
    |negative_reg_8024                     |   1|   0|    1|          0|
    |negative_reg_8024_pp0_iter3_reg       |   1|   0|    1|          0|
    |product_10_reg_8129                   |   9|   0|    9|          0|
    |row_1_fu_734                          |   8|   0|    8|          0|
    |terms_10_addr_reg_8099                |   3|   0|    3|          0|
    |terms_10_addr_reg_8099_pp0_iter3_reg  |   3|   0|    3|          0|
    |terms_11_addr_reg_8104                |   3|   0|    3|          0|
    |terms_11_addr_reg_8104_pp0_iter3_reg  |   3|   0|    3|          0|
    |terms_12_addr_reg_8109                |   3|   0|    3|          0|
    |terms_12_addr_reg_8109_pp0_iter3_reg  |   3|   0|    3|          0|
    |terms_13_addr_reg_8114                |   3|   0|    3|          0|
    |terms_13_addr_reg_8114_pp0_iter3_reg  |   3|   0|    3|          0|
    |terms_14_addr_reg_8119                |   3|   0|    3|          0|
    |terms_14_addr_reg_8119_pp0_iter3_reg  |   3|   0|    3|          0|
    |terms_15_addr_reg_8124                |   3|   0|    3|          0|
    |terms_15_addr_reg_8124_pp0_iter3_reg  |   3|   0|    3|          0|
    |terms_1_addr_reg_8054                 |   3|   0|    3|          0|
    |terms_1_addr_reg_8054_pp0_iter3_reg   |   3|   0|    3|          0|
    |terms_2_addr_reg_8059                 |   3|   0|    3|          0|
    |terms_2_addr_reg_8059_pp0_iter3_reg   |   3|   0|    3|          0|
    |terms_3_addr_reg_8064                 |   3|   0|    3|          0|
    |terms_3_addr_reg_8064_pp0_iter3_reg   |   3|   0|    3|          0|
    |terms_4_addr_reg_8069                 |   3|   0|    3|          0|
    |terms_4_addr_reg_8069_pp0_iter3_reg   |   3|   0|    3|          0|
    |terms_5_addr_reg_8074                 |   3|   0|    3|          0|
    |terms_5_addr_reg_8074_pp0_iter3_reg   |   3|   0|    3|          0|
    |terms_6_addr_reg_8079                 |   3|   0|    3|          0|
    |terms_6_addr_reg_8079_pp0_iter3_reg   |   3|   0|    3|          0|
    |terms_7_addr_reg_8084                 |   3|   0|    3|          0|
    |terms_7_addr_reg_8084_pp0_iter3_reg   |   3|   0|    3|          0|
    |terms_8_addr_reg_8089                 |   3|   0|    3|          0|
    |terms_8_addr_reg_8089_pp0_iter3_reg   |   3|   0|    3|          0|
    |terms_9_addr_reg_8094                 |   3|   0|    3|          0|
    |terms_9_addr_reg_8094_pp0_iter3_reg   |   3|   0|    3|          0|
    |terms_addr_reg_8049                   |   3|   0|    3|          0|
    |terms_addr_reg_8049_pp0_iter3_reg     |   3|   0|    3|          0|
    |tmp_140_reg_7339                      |   2|   0|    2|          0|
    |tmp_420_reg_7995                      |   4|   0|    4|          0|
    |tmp_423_reg_8034                      |   1|   0|    1|          0|
    |tmp_424_reg_8039                      |   1|   0|    1|          0|
    |tmp_425_reg_8044                      |   1|   0|    1|          0|
    |tmp_425_reg_8044_pp0_iter3_reg        |   1|   0|    1|          0|
    |tmp_79_reg_8011                       |   9|   0|    9|          0|
    |trunc_ln109_reg_8029                  |   1|   0|    1|          0|
    |trunc_ln32_reg_6556                   |   4|   0|    4|          0|
    |value_reg_7984                        |   8|   0|    8|          0|
    |x_reg_8016                            |   6|   0|    6|          0|
    |x_reg_8016_pp0_iter3_reg              |   6|   0|    6|          0|
    |zext_ln37_reg_6567                    |   5|   0|   64|         59|
    |trunc_ln32_reg_6556                   |  64|  32|    4|          0|
    +--------------------------------------+----+----+-----+-----------+
    |Total                                 | 247|  32|  246|         59|
    +--------------------------------------+----+----+-----+-----------+



================================================================
== Interface
================================================================
* Summary: 
+------------------------------------------------------------------------------------------------+-----+-----+------------+---------------------------------------------------------------------------------------+--------------+
|                                            RTL Ports                                           | Dir | Bits|  Protocol  |                                     Source Object                                     |    C Type    |
+------------------------------------------------------------------------------------------------+-----+-----+------------+---------------------------------------------------------------------------------------+--------------+
|ap_clk                                                                                          |   in|    1|  ap_ctrl_hs|                        phase2_decay_predict_tile_Pipeline_build_mxfp8_prediction_terms|  return value|
|ap_rst                                                                                          |   in|    1|  ap_ctrl_hs|                        phase2_decay_predict_tile_Pipeline_build_mxfp8_prediction_terms|  return value|
|ap_start                                                                                        |   in|    1|  ap_ctrl_hs|                        phase2_decay_predict_tile_Pipeline_build_mxfp8_prediction_terms|  return value|
|ap_done                                                                                         |  out|    1|  ap_ctrl_hs|                        phase2_decay_predict_tile_Pipeline_build_mxfp8_prediction_terms|  return value|
|ap_idle                                                                                         |  out|    1|  ap_ctrl_hs|                        phase2_decay_predict_tile_Pipeline_build_mxfp8_prediction_terms|  return value|
|ap_ready                                                                                        |  out|    1|  ap_ctrl_hs|                        phase2_decay_predict_tile_Pipeline_build_mxfp8_prediction_terms|  return value|
|zext_ln34                                                                                       |   in|   11|     ap_none|                                                                              zext_ln34|        scalar|
|k_address0                                                                                      |  out|   11|   ap_memory|                                                                                      k|         array|
|k_ce0                                                                                           |  out|    1|   ap_memory|                                                                                      k|         array|
|k_q0                                                                                            |   in|    8|   ap_memory|                                                                                      k|         array|
|lshr_ln4                                                                                        |   in|    2|     ap_none|                                                                               lshr_ln4|        scalar|
|exponents_15_address0                                                                           |  out|    3|   ap_memory|                                                                           exponents_15|         array|
|exponents_15_ce0                                                                                |  out|    1|   ap_memory|                                                                           exponents_15|         array|
|exponents_15_we0                                                                                |  out|    1|   ap_memory|                                                                           exponents_15|         array|
|exponents_15_d0                                                                                 |  out|   16|   ap_memory|                                                                           exponents_15|         array|
|exponents_14_address0                                                                           |  out|    3|   ap_memory|                                                                           exponents_14|         array|
|exponents_14_ce0                                                                                |  out|    1|   ap_memory|                                                                           exponents_14|         array|
|exponents_14_we0                                                                                |  out|    1|   ap_memory|                                                                           exponents_14|         array|
|exponents_14_d0                                                                                 |  out|   16|   ap_memory|                                                                           exponents_14|         array|
|exponents_13_address0                                                                           |  out|    3|   ap_memory|                                                                           exponents_13|         array|
|exponents_13_ce0                                                                                |  out|    1|   ap_memory|                                                                           exponents_13|         array|
|exponents_13_we0                                                                                |  out|    1|   ap_memory|                                                                           exponents_13|         array|
|exponents_13_d0                                                                                 |  out|   16|   ap_memory|                                                                           exponents_13|         array|
|exponents_12_address0                                                                           |  out|    3|   ap_memory|                                                                           exponents_12|         array|
|exponents_12_ce0                                                                                |  out|    1|   ap_memory|                                                                           exponents_12|         array|
|exponents_12_we0                                                                                |  out|    1|   ap_memory|                                                                           exponents_12|         array|
|exponents_12_d0                                                                                 |  out|   16|   ap_memory|                                                                           exponents_12|         array|
|exponents_11_address0                                                                           |  out|    3|   ap_memory|                                                                           exponents_11|         array|
|exponents_11_ce0                                                                                |  out|    1|   ap_memory|                                                                           exponents_11|         array|
|exponents_11_we0                                                                                |  out|    1|   ap_memory|                                                                           exponents_11|         array|
|exponents_11_d0                                                                                 |  out|   16|   ap_memory|                                                                           exponents_11|         array|
|exponents_10_address0                                                                           |  out|    3|   ap_memory|                                                                           exponents_10|         array|
|exponents_10_ce0                                                                                |  out|    1|   ap_memory|                                                                           exponents_10|         array|
|exponents_10_we0                                                                                |  out|    1|   ap_memory|                                                                           exponents_10|         array|
|exponents_10_d0                                                                                 |  out|   16|   ap_memory|                                                                           exponents_10|         array|
|exponents_9_address0                                                                            |  out|    3|   ap_memory|                                                                            exponents_9|         array|
|exponents_9_ce0                                                                                 |  out|    1|   ap_memory|                                                                            exponents_9|         array|
|exponents_9_we0                                                                                 |  out|    1|   ap_memory|                                                                            exponents_9|         array|
|exponents_9_d0                                                                                  |  out|   16|   ap_memory|                                                                            exponents_9|         array|
|exponents_8_address0                                                                            |  out|    3|   ap_memory|                                                                            exponents_8|         array|
|exponents_8_ce0                                                                                 |  out|    1|   ap_memory|                                                                            exponents_8|         array|
|exponents_8_we0                                                                                 |  out|    1|   ap_memory|                                                                            exponents_8|         array|
|exponents_8_d0                                                                                  |  out|   16|   ap_memory|                                                                            exponents_8|         array|
|exponents_7_address0                                                                            |  out|    3|   ap_memory|                                                                            exponents_7|         array|
|exponents_7_ce0                                                                                 |  out|    1|   ap_memory|                                                                            exponents_7|         array|
|exponents_7_we0                                                                                 |  out|    1|   ap_memory|                                                                            exponents_7|         array|
|exponents_7_d0                                                                                  |  out|   16|   ap_memory|                                                                            exponents_7|         array|
|exponents_6_address0                                                                            |  out|    3|   ap_memory|                                                                            exponents_6|         array|
|exponents_6_ce0                                                                                 |  out|    1|   ap_memory|                                                                            exponents_6|         array|
|exponents_6_we0                                                                                 |  out|    1|   ap_memory|                                                                            exponents_6|         array|
|exponents_6_d0                                                                                  |  out|   16|   ap_memory|                                                                            exponents_6|         array|
|exponents_5_address0                                                                            |  out|    3|   ap_memory|                                                                            exponents_5|         array|
|exponents_5_ce0                                                                                 |  out|    1|   ap_memory|                                                                            exponents_5|         array|
|exponents_5_we0                                                                                 |  out|    1|   ap_memory|                                                                            exponents_5|         array|
|exponents_5_d0                                                                                  |  out|   16|   ap_memory|                                                                            exponents_5|         array|
|exponents_4_address0                                                                            |  out|    3|   ap_memory|                                                                            exponents_4|         array|
|exponents_4_ce0                                                                                 |  out|    1|   ap_memory|                                                                            exponents_4|         array|
|exponents_4_we0                                                                                 |  out|    1|   ap_memory|                                                                            exponents_4|         array|
|exponents_4_d0                                                                                  |  out|   16|   ap_memory|                                                                            exponents_4|         array|
|exponents_3_address0                                                                            |  out|    3|   ap_memory|                                                                            exponents_3|         array|
|exponents_3_ce0                                                                                 |  out|    1|   ap_memory|                                                                            exponents_3|         array|
|exponents_3_we0                                                                                 |  out|    1|   ap_memory|                                                                            exponents_3|         array|
|exponents_3_d0                                                                                  |  out|   16|   ap_memory|                                                                            exponents_3|         array|
|exponents_2_address0                                                                            |  out|    3|   ap_memory|                                                                            exponents_2|         array|
|exponents_2_ce0                                                                                 |  out|    1|   ap_memory|                                                                            exponents_2|         array|
|exponents_2_we0                                                                                 |  out|    1|   ap_memory|                                                                            exponents_2|         array|
|exponents_2_d0                                                                                  |  out|   16|   ap_memory|                                                                            exponents_2|         array|
|exponents_1_address0                                                                            |  out|    3|   ap_memory|                                                                            exponents_1|         array|
|exponents_1_ce0                                                                                 |  out|    1|   ap_memory|                                                                            exponents_1|         array|
|exponents_1_we0                                                                                 |  out|    1|   ap_memory|                                                                            exponents_1|         array|
|exponents_1_d0                                                                                  |  out|   16|   ap_memory|                                                                            exponents_1|         array|
|exponents_address0                                                                              |  out|    3|   ap_memory|                                                                              exponents|         array|
|exponents_ce0                                                                                   |  out|    1|   ap_memory|                                                                              exponents|         array|
|exponents_we0                                                                                   |  out|    1|   ap_memory|                                                                              exponents|         array|
|exponents_d0                                                                                    |  out|   16|   ap_memory|                                                                              exponents|         array|
|terms_15_address0                                                                               |  out|    3|   ap_memory|                                                                               terms_15|         array|
|terms_15_ce0                                                                                    |  out|    1|   ap_memory|                                                                               terms_15|         array|
|terms_15_we0                                                                                    |  out|    1|   ap_memory|                                                                               terms_15|         array|
|terms_15_d0                                                                                     |  out|   36|   ap_memory|                                                                               terms_15|         array|
|terms_14_address0                                                                               |  out|    3|   ap_memory|                                                                               terms_14|         array|
|terms_14_ce0                                                                                    |  out|    1|   ap_memory|                                                                               terms_14|         array|
|terms_14_we0                                                                                    |  out|    1|   ap_memory|                                                                               terms_14|         array|
|terms_14_d0                                                                                     |  out|   36|   ap_memory|                                                                               terms_14|         array|
|terms_13_address0                                                                               |  out|    3|   ap_memory|                                                                               terms_13|         array|
|terms_13_ce0                                                                                    |  out|    1|   ap_memory|                                                                               terms_13|         array|
|terms_13_we0                                                                                    |  out|    1|   ap_memory|                                                                               terms_13|         array|
|terms_13_d0                                                                                     |  out|   36|   ap_memory|                                                                               terms_13|         array|
|terms_12_address0                                                                               |  out|    3|   ap_memory|                                                                               terms_12|         array|
|terms_12_ce0                                                                                    |  out|    1|   ap_memory|                                                                               terms_12|         array|
|terms_12_we0                                                                                    |  out|    1|   ap_memory|                                                                               terms_12|         array|
|terms_12_d0                                                                                     |  out|   36|   ap_memory|                                                                               terms_12|         array|
|terms_11_address0                                                                               |  out|    3|   ap_memory|                                                                               terms_11|         array|
|terms_11_ce0                                                                                    |  out|    1|   ap_memory|                                                                               terms_11|         array|
|terms_11_we0                                                                                    |  out|    1|   ap_memory|                                                                               terms_11|         array|
|terms_11_d0                                                                                     |  out|   36|   ap_memory|                                                                               terms_11|         array|
|terms_10_address0                                                                               |  out|    3|   ap_memory|                                                                               terms_10|         array|
|terms_10_ce0                                                                                    |  out|    1|   ap_memory|                                                                               terms_10|         array|
|terms_10_we0                                                                                    |  out|    1|   ap_memory|                                                                               terms_10|         array|
|terms_10_d0                                                                                     |  out|   36|   ap_memory|                                                                               terms_10|         array|
|terms_9_address0                                                                                |  out|    3|   ap_memory|                                                                                terms_9|         array|
|terms_9_ce0                                                                                     |  out|    1|   ap_memory|                                                                                terms_9|         array|
|terms_9_we0                                                                                     |  out|    1|   ap_memory|                                                                                terms_9|         array|
|terms_9_d0                                                                                      |  out|   36|   ap_memory|                                                                                terms_9|         array|
|terms_8_address0                                                                                |  out|    3|   ap_memory|                                                                                terms_8|         array|
|terms_8_ce0                                                                                     |  out|    1|   ap_memory|                                                                                terms_8|         array|
|terms_8_we0                                                                                     |  out|    1|   ap_memory|                                                                                terms_8|         array|
|terms_8_d0                                                                                      |  out|   36|   ap_memory|                                                                                terms_8|         array|
|terms_7_address0                                                                                |  out|    3|   ap_memory|                                                                                terms_7|         array|
|terms_7_ce0                                                                                     |  out|    1|   ap_memory|                                                                                terms_7|         array|
|terms_7_we0                                                                                     |  out|    1|   ap_memory|                                                                                terms_7|         array|
|terms_7_d0                                                                                      |  out|   36|   ap_memory|                                                                                terms_7|         array|
|terms_6_address0                                                                                |  out|    3|   ap_memory|                                                                                terms_6|         array|
|terms_6_ce0                                                                                     |  out|    1|   ap_memory|                                                                                terms_6|         array|
|terms_6_we0                                                                                     |  out|    1|   ap_memory|                                                                                terms_6|         array|
|terms_6_d0                                                                                      |  out|   36|   ap_memory|                                                                                terms_6|         array|
|terms_5_address0                                                                                |  out|    3|   ap_memory|                                                                                terms_5|         array|
|terms_5_ce0                                                                                     |  out|    1|   ap_memory|                                                                                terms_5|         array|
|terms_5_we0                                                                                     |  out|    1|   ap_memory|                                                                                terms_5|         array|
|terms_5_d0                                                                                      |  out|   36|   ap_memory|                                                                                terms_5|         array|
|terms_4_address0                                                                                |  out|    3|   ap_memory|                                                                                terms_4|         array|
|terms_4_ce0                                                                                     |  out|    1|   ap_memory|                                                                                terms_4|         array|
|terms_4_we0                                                                                     |  out|    1|   ap_memory|                                                                                terms_4|         array|
|terms_4_d0                                                                                      |  out|   36|   ap_memory|                                                                                terms_4|         array|
|terms_3_address0                                                                                |  out|    3|   ap_memory|                                                                                terms_3|         array|
|terms_3_ce0                                                                                     |  out|    1|   ap_memory|                                                                                terms_3|         array|
|terms_3_we0                                                                                     |  out|    1|   ap_memory|                                                                                terms_3|         array|
|terms_3_d0                                                                                      |  out|   36|   ap_memory|                                                                                terms_3|         array|
|terms_2_address0                                                                                |  out|    3|   ap_memory|                                                                                terms_2|         array|
|terms_2_ce0                                                                                     |  out|    1|   ap_memory|                                                                                terms_2|         array|
|terms_2_we0                                                                                     |  out|    1|   ap_memory|                                                                                terms_2|         array|
|terms_2_d0                                                                                      |  out|   36|   ap_memory|                                                                                terms_2|         array|
|terms_1_address0                                                                                |  out|    3|   ap_memory|                                                                                terms_1|         array|
|terms_1_ce0                                                                                     |  out|    1|   ap_memory|                                                                                terms_1|         array|
|terms_1_we0                                                                                     |  out|    1|   ap_memory|                                                                                terms_1|         array|
|terms_1_d0                                                                                      |  out|   36|   ap_memory|                                                                                terms_1|         array|
|terms_address0                                                                                  |  out|    3|   ap_memory|                                                                                  terms|         array|
|terms_ce0                                                                                       |  out|    1|   ap_memory|                                                                                  terms|         array|
|terms_we0                                                                                       |  out|    1|   ap_memory|                                                                                  terms|         array|
|terms_d0                                                                                        |  out|   36|   ap_memory|                                                                                  terms|         array|
|empty                                                                                           |   in|    3|     ap_none|                                                                                  empty|        scalar|
|k_offset                                                                                        |   in|    4|     ap_none|                                                                               k_offset|        scalar|
|k_scales_address0                                                                               |  out|    6|   ap_memory|                                                                               k_scales|         array|
|k_scales_ce0                                                                                    |  out|    1|   ap_memory|                                                                               k_scales|         array|
|k_scales_q0                                                                                     |   in|    8|   ap_memory|                                                                               k_scales|         array|
|p_ZZN9gdn_mxfp818gdn_mxfp8_top_implEhthhPA128_K7ap_uintILi8EEPA4_S2_S4_S6_S4_S6_P_851_address0  |  out|    5|   ap_memory|  p_ZZN9gdn_mxfp818gdn_mxfp8_top_implEhthhPA128_K7ap_uintILi8EEPA4_S2_S4_S6_S4_S6_P_851|         array|
|p_ZZN9gdn_mxfp818gdn_mxfp8_top_implEhthhPA128_K7ap_uintILi8EEPA4_S2_S4_S6_S4_S6_P_851_ce0       |  out|    1|   ap_memory|  p_ZZN9gdn_mxfp818gdn_mxfp8_top_implEhthhPA128_K7ap_uintILi8EEPA4_S2_S4_S6_S4_S6_P_851|         array|
|p_ZZN9gdn_mxfp818gdn_mxfp8_top_implEhthhPA128_K7ap_uintILi8EEPA4_S2_S4_S6_S4_S6_P_851_q0        |   in|    6|   ap_memory|  p_ZZN9gdn_mxfp818gdn_mxfp8_top_implEhthhPA128_K7ap_uintILi8EEPA4_S2_S4_S6_S4_S6_P_851|         array|
|p_ZZN9gdn_mxfp818gdn_mxfp8_top_implEhthhPA128_K7ap_uintILi8EEPA4_S2_S4_S6_S4_S6_P_852_address0  |  out|    5|   ap_memory|  p_ZZN9gdn_mxfp818gdn_mxfp8_top_implEhthhPA128_K7ap_uintILi8EEPA4_S2_S4_S6_S4_S6_P_852|         array|
|p_ZZN9gdn_mxfp818gdn_mxfp8_top_implEhthhPA128_K7ap_uintILi8EEPA4_S2_S4_S6_S4_S6_P_852_ce0       |  out|    1|   ap_memory|  p_ZZN9gdn_mxfp818gdn_mxfp8_top_implEhthhPA128_K7ap_uintILi8EEPA4_S2_S4_S6_S4_S6_P_852|         array|
|p_ZZN9gdn_mxfp818gdn_mxfp8_top_implEhthhPA128_K7ap_uintILi8EEPA4_S2_S4_S6_S4_S6_P_852_q0        |   in|    6|   ap_memory|  p_ZZN9gdn_mxfp818gdn_mxfp8_top_implEhthhPA128_K7ap_uintILi8EEPA4_S2_S4_S6_S4_S6_P_852|         array|
|p_ZZN9gdn_mxfp818gdn_mxfp8_top_implEhthhPA128_K7ap_uintILi8EEPA4_S2_S4_S6_S4_S6_P_853_address0  |  out|    5|   ap_memory|  p_ZZN9gdn_mxfp818gdn_mxfp8_top_implEhthhPA128_K7ap_uintILi8EEPA4_S2_S4_S6_S4_S6_P_853|         array|
|p_ZZN9gdn_mxfp818gdn_mxfp8_top_implEhthhPA128_K7ap_uintILi8EEPA4_S2_S4_S6_S4_S6_P_853_ce0       |  out|    1|   ap_memory|  p_ZZN9gdn_mxfp818gdn_mxfp8_top_implEhthhPA128_K7ap_uintILi8EEPA4_S2_S4_S6_S4_S6_P_853|         array|
|p_ZZN9gdn_mxfp818gdn_mxfp8_top_implEhthhPA128_K7ap_uintILi8EEPA4_S2_S4_S6_S4_S6_P_853_q0        |   in|    6|   ap_memory|  p_ZZN9gdn_mxfp818gdn_mxfp8_top_implEhthhPA128_K7ap_uintILi8EEPA4_S2_S4_S6_S4_S6_P_853|         array|
|p_ZZN9gdn_mxfp818gdn_mxfp8_top_implEhthhPA128_K7ap_uintILi8EEPA4_S2_S4_S6_S4_S6_P_854_address0  |  out|    5|   ap_memory|  p_ZZN9gdn_mxfp818gdn_mxfp8_top_implEhthhPA128_K7ap_uintILi8EEPA4_S2_S4_S6_S4_S6_P_854|         array|
|p_ZZN9gdn_mxfp818gdn_mxfp8_top_implEhthhPA128_K7ap_uintILi8EEPA4_S2_S4_S6_S4_S6_P_854_ce0       |  out|    1|   ap_memory|  p_ZZN9gdn_mxfp818gdn_mxfp8_top_implEhthhPA128_K7ap_uintILi8EEPA4_S2_S4_S6_S4_S6_P_854|         array|
|p_ZZN9gdn_mxfp818gdn_mxfp8_top_implEhthhPA128_K7ap_uintILi8EEPA4_S2_S4_S6_S4_S6_P_854_q0        |   in|    6|   ap_memory|  p_ZZN9gdn_mxfp818gdn_mxfp8_top_implEhthhPA128_K7ap_uintILi8EEPA4_S2_S4_S6_S4_S6_P_854|         array|
|p_ZZN9gdn_mxfp818gdn_mxfp8_top_implEhthhPA128_K7ap_uintILi8EEPA4_S2_S4_S6_S4_S6_P_855_address0  |  out|    5|   ap_memory|  p_ZZN9gdn_mxfp818gdn_mxfp8_top_implEhthhPA128_K7ap_uintILi8EEPA4_S2_S4_S6_S4_S6_P_855|         array|
|p_ZZN9gdn_mxfp818gdn_mxfp8_top_implEhthhPA128_K7ap_uintILi8EEPA4_S2_S4_S6_S4_S6_P_855_ce0       |  out|    1|   ap_memory|  p_ZZN9gdn_mxfp818gdn_mxfp8_top_implEhthhPA128_K7ap_uintILi8EEPA4_S2_S4_S6_S4_S6_P_855|         array|
|p_ZZN9gdn_mxfp818gdn_mxfp8_top_implEhthhPA128_K7ap_uintILi8EEPA4_S2_S4_S6_S4_S6_P_855_q0        |   in|    6|   ap_memory|  p_ZZN9gdn_mxfp818gdn_mxfp8_top_implEhthhPA128_K7ap_uintILi8EEPA4_S2_S4_S6_S4_S6_P_855|         array|
|p_ZZN9gdn_mxfp818gdn_mxfp8_top_implEhthhPA128_K7ap_uintILi8EEPA4_S2_S4_S6_S4_S6_P_856_address0  |  out|    5|   ap_memory|  p_ZZN9gdn_mxfp818gdn_mxfp8_top_implEhthhPA128_K7ap_uintILi8EEPA4_S2_S4_S6_S4_S6_P_856|         array|
|p_ZZN9gdn_mxfp818gdn_mxfp8_top_implEhthhPA128_K7ap_uintILi8EEPA4_S2_S4_S6_S4_S6_P_856_ce0       |  out|    1|   ap_memory|  p_ZZN9gdn_mxfp818gdn_mxfp8_top_implEhthhPA128_K7ap_uintILi8EEPA4_S2_S4_S6_S4_S6_P_856|         array|
|p_ZZN9gdn_mxfp818gdn_mxfp8_top_implEhthhPA128_K7ap_uintILi8EEPA4_S2_S4_S6_S4_S6_P_856_q0        |   in|    6|   ap_memory|  p_ZZN9gdn_mxfp818gdn_mxfp8_top_implEhthhPA128_K7ap_uintILi8EEPA4_S2_S4_S6_S4_S6_P_856|         array|
|p_ZZN9gdn_mxfp818gdn_mxfp8_top_implEhthhPA128_K7ap_uintILi8EEPA4_S2_S4_S6_S4_S6_P_857_address0  |  out|    5|   ap_memory|  p_ZZN9gdn_mxfp818gdn_mxfp8_top_implEhthhPA128_K7ap_uintILi8EEPA4_S2_S4_S6_S4_S6_P_857|         array|
|p_ZZN9gdn_mxfp818gdn_mxfp8_top_implEhthhPA128_K7ap_uintILi8EEPA4_S2_S4_S6_S4_S6_P_857_ce0       |  out|    1|   ap_memory|  p_ZZN9gdn_mxfp818gdn_mxfp8_top_implEhthhPA128_K7ap_uintILi8EEPA4_S2_S4_S6_S4_S6_P_857|         array|
|p_ZZN9gdn_mxfp818gdn_mxfp8_top_implEhthhPA128_K7ap_uintILi8EEPA4_S2_S4_S6_S4_S6_P_857_q0        |   in|    6|   ap_memory|  p_ZZN9gdn_mxfp818gdn_mxfp8_top_implEhthhPA128_K7ap_uintILi8EEPA4_S2_S4_S6_S4_S6_P_857|         array|
|p_ZZN9gdn_mxfp818gdn_mxfp8_top_implEhthhPA128_K7ap_uintILi8EEPA4_S2_S4_S6_S4_S6_P_858_address0  |  out|    5|   ap_memory|  p_ZZN9gdn_mxfp818gdn_mxfp8_top_implEhthhPA128_K7ap_uintILi8EEPA4_S2_S4_S6_S4_S6_P_858|         array|
|p_ZZN9gdn_mxfp818gdn_mxfp8_top_implEhthhPA128_K7ap_uintILi8EEPA4_S2_S4_S6_S4_S6_P_858_ce0       |  out|    1|   ap_memory|  p_ZZN9gdn_mxfp818gdn_mxfp8_top_implEhthhPA128_K7ap_uintILi8EEPA4_S2_S4_S6_S4_S6_P_858|         array|
|p_ZZN9gdn_mxfp818gdn_mxfp8_top_implEhthhPA128_K7ap_uintILi8EEPA4_S2_S4_S6_S4_S6_P_858_q0        |   in|    6|   ap_memory|  p_ZZN9gdn_mxfp818gdn_mxfp8_top_implEhthhPA128_K7ap_uintILi8EEPA4_S2_S4_S6_S4_S6_P_858|         array|
|p_ZZN9gdn_mxfp818gdn_mxfp8_top_implEhthhPA128_K7ap_uintILi8EEPA4_S2_S4_S6_S4_S6_P_899_address0  |  out|    5|   ap_memory|  p_ZZN9gdn_mxfp818gdn_mxfp8_top_implEhthhPA128_K7ap_uintILi8EEPA4_S2_S4_S6_S4_S6_P_899|         array|
|p_ZZN9gdn_mxfp818gdn_mxfp8_top_implEhthhPA128_K7ap_uintILi8EEPA4_S2_S4_S6_S4_S6_P_899_ce0       |  out|    1|   ap_memory|  p_ZZN9gdn_mxfp818gdn_mxfp8_top_implEhthhPA128_K7ap_uintILi8EEPA4_S2_S4_S6_S4_S6_P_899|         array|
|p_ZZN9gdn_mxfp818gdn_mxfp8_top_implEhthhPA128_K7ap_uintILi8EEPA4_S2_S4_S6_S4_S6_P_899_q0        |   in|    6|   ap_memory|  p_ZZN9gdn_mxfp818gdn_mxfp8_top_implEhthhPA128_K7ap_uintILi8EEPA4_S2_S4_S6_S4_S6_P_899|         array|
|p_ZZN9gdn_mxfp818gdn_mxfp8_top_implEhthhPA128_K7ap_uintILi8EEPA4_S2_S4_S6_S4_S6_P_900_address0  |  out|    5|   ap_memory|  p_ZZN9gdn_mxfp818gdn_mxfp8_top_implEhthhPA128_K7ap_uintILi8EEPA4_S2_S4_S6_S4_S6_P_900|         array|
|p_ZZN9gdn_mxfp818gdn_mxfp8_top_implEhthhPA128_K7ap_uintILi8EEPA4_S2_S4_S6_S4_S6_P_900_ce0       |  out|    1|   ap_memory|  p_ZZN9gdn_mxfp818gdn_mxfp8_top_implEhthhPA128_K7ap_uintILi8EEPA4_S2_S4_S6_S4_S6_P_900|         array|
|p_ZZN9gdn_mxfp818gdn_mxfp8_top_implEhthhPA128_K7ap_uintILi8EEPA4_S2_S4_S6_S4_S6_P_900_q0        |   in|    6|   ap_memory|  p_ZZN9gdn_mxfp818gdn_mxfp8_top_implEhthhPA128_K7ap_uintILi8EEPA4_S2_S4_S6_S4_S6_P_900|         array|
|p_ZZN9gdn_mxfp818gdn_mxfp8_top_implEhthhPA128_K7ap_uintILi8EEPA4_S2_S4_S6_S4_S6_P_901_address0  |  out|    5|   ap_memory|  p_ZZN9gdn_mxfp818gdn_mxfp8_top_implEhthhPA128_K7ap_uintILi8EEPA4_S2_S4_S6_S4_S6_P_901|         array|
|p_ZZN9gdn_mxfp818gdn_mxfp8_top_implEhthhPA128_K7ap_uintILi8EEPA4_S2_S4_S6_S4_S6_P_901_ce0       |  out|    1|   ap_memory|  p_ZZN9gdn_mxfp818gdn_mxfp8_top_implEhthhPA128_K7ap_uintILi8EEPA4_S2_S4_S6_S4_S6_P_901|         array|
|p_ZZN9gdn_mxfp818gdn_mxfp8_top_implEhthhPA128_K7ap_uintILi8EEPA4_S2_S4_S6_S4_S6_P_901_q0        |   in|    6|   ap_memory|  p_ZZN9gdn_mxfp818gdn_mxfp8_top_implEhthhPA128_K7ap_uintILi8EEPA4_S2_S4_S6_S4_S6_P_901|         array|
|p_ZZN9gdn_mxfp818gdn_mxfp8_top_implEhthhPA128_K7ap_uintILi8EEPA4_S2_S4_S6_S4_S6_P_902_address0  |  out|    5|   ap_memory|  p_ZZN9gdn_mxfp818gdn_mxfp8_top_implEhthhPA128_K7ap_uintILi8EEPA4_S2_S4_S6_S4_S6_P_902|         array|
|p_ZZN9gdn_mxfp818gdn_mxfp8_top_implEhthhPA128_K7ap_uintILi8EEPA4_S2_S4_S6_S4_S6_P_902_ce0       |  out|    1|   ap_memory|  p_ZZN9gdn_mxfp818gdn_mxfp8_top_implEhthhPA128_K7ap_uintILi8EEPA4_S2_S4_S6_S4_S6_P_902|         array|
|p_ZZN9gdn_mxfp818gdn_mxfp8_top_implEhthhPA128_K7ap_uintILi8EEPA4_S2_S4_S6_S4_S6_P_902_q0        |   in|    6|   ap_memory|  p_ZZN9gdn_mxfp818gdn_mxfp8_top_implEhthhPA128_K7ap_uintILi8EEPA4_S2_S4_S6_S4_S6_P_902|         array|
|p_ZZN9gdn_mxfp818gdn_mxfp8_top_implEhthhPA128_K7ap_uintILi8EEPA4_S2_S4_S6_S4_S6_P_903_address0  |  out|    5|   ap_memory|  p_ZZN9gdn_mxfp818gdn_mxfp8_top_implEhthhPA128_K7ap_uintILi8EEPA4_S2_S4_S6_S4_S6_P_903|         array|
|p_ZZN9gdn_mxfp818gdn_mxfp8_top_implEhthhPA128_K7ap_uintILi8EEPA4_S2_S4_S6_S4_S6_P_903_ce0       |  out|    1|   ap_memory|  p_ZZN9gdn_mxfp818gdn_mxfp8_top_implEhthhPA128_K7ap_uintILi8EEPA4_S2_S4_S6_S4_S6_P_903|         array|
|p_ZZN9gdn_mxfp818gdn_mxfp8_top_implEhthhPA128_K7ap_uintILi8EEPA4_S2_S4_S6_S4_S6_P_903_q0        |   in|    6|   ap_memory|  p_ZZN9gdn_mxfp818gdn_mxfp8_top_implEhthhPA128_K7ap_uintILi8EEPA4_S2_S4_S6_S4_S6_P_903|         array|
|p_ZZN9gdn_mxfp818gdn_mxfp8_top_implEhthhPA128_K7ap_uintILi8EEPA4_S2_S4_S6_S4_S6_P_904_address0  |  out|    5|   ap_memory|  p_ZZN9gdn_mxfp818gdn_mxfp8_top_implEhthhPA128_K7ap_uintILi8EEPA4_S2_S4_S6_S4_S6_P_904|         array|
|p_ZZN9gdn_mxfp818gdn_mxfp8_top_implEhthhPA128_K7ap_uintILi8EEPA4_S2_S4_S6_S4_S6_P_904_ce0       |  out|    1|   ap_memory|  p_ZZN9gdn_mxfp818gdn_mxfp8_top_implEhthhPA128_K7ap_uintILi8EEPA4_S2_S4_S6_S4_S6_P_904|         array|
|p_ZZN9gdn_mxfp818gdn_mxfp8_top_implEhthhPA128_K7ap_uintILi8EEPA4_S2_S4_S6_S4_S6_P_904_q0        |   in|    6|   ap_memory|  p_ZZN9gdn_mxfp818gdn_mxfp8_top_implEhthhPA128_K7ap_uintILi8EEPA4_S2_S4_S6_S4_S6_P_904|         array|
|p_ZZN9gdn_mxfp818gdn_mxfp8_top_implEhthhPA128_K7ap_uintILi8EEPA4_S2_S4_S6_S4_S6_P_905_address0  |  out|    5|   ap_memory|  p_ZZN9gdn_mxfp818gdn_mxfp8_top_implEhthhPA128_K7ap_uintILi8EEPA4_S2_S4_S6_S4_S6_P_905|         array|
|p_ZZN9gdn_mxfp818gdn_mxfp8_top_implEhthhPA128_K7ap_uintILi8EEPA4_S2_S4_S6_S4_S6_P_905_ce0       |  out|    1|   ap_memory|  p_ZZN9gdn_mxfp818gdn_mxfp8_top_implEhthhPA128_K7ap_uintILi8EEPA4_S2_S4_S6_S4_S6_P_905|         array|
|p_ZZN9gdn_mxfp818gdn_mxfp8_top_implEhthhPA128_K7ap_uintILi8EEPA4_S2_S4_S6_S4_S6_P_905_q0        |   in|    6|   ap_memory|  p_ZZN9gdn_mxfp818gdn_mxfp8_top_implEhthhPA128_K7ap_uintILi8EEPA4_S2_S4_S6_S4_S6_P_905|         array|
|p_ZZN9gdn_mxfp818gdn_mxfp8_top_implEhthhPA128_K7ap_uintILi8EEPA4_S2_S4_S6_S4_S6_P_906_address0  |  out|    5|   ap_memory|  p_ZZN9gdn_mxfp818gdn_mxfp8_top_implEhthhPA128_K7ap_uintILi8EEPA4_S2_S4_S6_S4_S6_P_906|         array|
|p_ZZN9gdn_mxfp818gdn_mxfp8_top_implEhthhPA128_K7ap_uintILi8EEPA4_S2_S4_S6_S4_S6_P_906_ce0       |  out|    1|   ap_memory|  p_ZZN9gdn_mxfp818gdn_mxfp8_top_implEhthhPA128_K7ap_uintILi8EEPA4_S2_S4_S6_S4_S6_P_906|         array|
|p_ZZN9gdn_mxfp818gdn_mxfp8_top_implEhthhPA128_K7ap_uintILi8EEPA4_S2_S4_S6_S4_S6_P_906_q0        |   in|    6|   ap_memory|  p_ZZN9gdn_mxfp818gdn_mxfp8_top_implEhthhPA128_K7ap_uintILi8EEPA4_S2_S4_S6_S4_S6_P_906|         array|
|p_ZZN9gdn_mxfp818gdn_mxfp8_top_implEhthhPA128_K7ap_uintILi8EEPA4_S2_S4_S6_S4_S6_P_907_address0  |  out|    5|   ap_memory|  p_ZZN9gdn_mxfp818gdn_mxfp8_top_implEhthhPA128_K7ap_uintILi8EEPA4_S2_S4_S6_S4_S6_P_907|         array|
|p_ZZN9gdn_mxfp818gdn_mxfp8_top_implEhthhPA128_K7ap_uintILi8EEPA4_S2_S4_S6_S4_S6_P_907_ce0       |  out|    1|   ap_memory|  p_ZZN9gdn_mxfp818gdn_mxfp8_top_implEhthhPA128_K7ap_uintILi8EEPA4_S2_S4_S6_S4_S6_P_907|         array|
|p_ZZN9gdn_mxfp818gdn_mxfp8_top_implEhthhPA128_K7ap_uintILi8EEPA4_S2_S4_S6_S4_S6_P_907_q0        |   in|    6|   ap_memory|  p_ZZN9gdn_mxfp818gdn_mxfp8_top_implEhthhPA128_K7ap_uintILi8EEPA4_S2_S4_S6_S4_S6_P_907|         array|
|p_ZZN9gdn_mxfp818gdn_mxfp8_top_implEhthhPA128_K7ap_uintILi8EEPA4_S2_S4_S6_S4_S6_P_908_address0  |  out|    5|   ap_memory|  p_ZZN9gdn_mxfp818gdn_mxfp8_top_implEhthhPA128_K7ap_uintILi8EEPA4_S2_S4_S6_S4_S6_P_908|         array|
|p_ZZN9gdn_mxfp818gdn_mxfp8_top_implEhthhPA128_K7ap_uintILi8EEPA4_S2_S4_S6_S4_S6_P_908_ce0       |  out|    1|   ap_memory|  p_ZZN9gdn_mxfp818gdn_mxfp8_top_implEhthhPA128_K7ap_uintILi8EEPA4_S2_S4_S6_S4_S6_P_908|         array|
|p_ZZN9gdn_mxfp818gdn_mxfp8_top_implEhthhPA128_K7ap_uintILi8EEPA4_S2_S4_S6_S4_S6_P_908_q0        |   in|    6|   ap_memory|  p_ZZN9gdn_mxfp818gdn_mxfp8_top_implEhthhPA128_K7ap_uintILi8EEPA4_S2_S4_S6_S4_S6_P_908|         array|
|p_ZZN9gdn_mxfp818gdn_mxfp8_top_implEhthhPA128_K7ap_uintILi8EEPA4_S2_S4_S6_S4_S6_P_909_address0  |  out|    5|   ap_memory|  p_ZZN9gdn_mxfp818gdn_mxfp8_top_implEhthhPA128_K7ap_uintILi8EEPA4_S2_S4_S6_S4_S6_P_909|         array|
|p_ZZN9gdn_mxfp818gdn_mxfp8_top_implEhthhPA128_K7ap_uintILi8EEPA4_S2_S4_S6_S4_S6_P_909_ce0       |  out|    1|   ap_memory|  p_ZZN9gdn_mxfp818gdn_mxfp8_top_implEhthhPA128_K7ap_uintILi8EEPA4_S2_S4_S6_S4_S6_P_909|         array|
|p_ZZN9gdn_mxfp818gdn_mxfp8_top_implEhthhPA128_K7ap_uintILi8EEPA4_S2_S4_S6_S4_S6_P_909_q0        |   in|    6|   ap_memory|  p_ZZN9gdn_mxfp818gdn_mxfp8_top_implEhthhPA128_K7ap_uintILi8EEPA4_S2_S4_S6_S4_S6_P_909|         array|
|p_ZZN9gdn_mxfp818gdn_mxfp8_top_implEhthhPA128_K7ap_uintILi8EEPA4_S2_S4_S6_S4_S6_P_910_address0  |  out|    5|   ap_memory|  p_ZZN9gdn_mxfp818gdn_mxfp8_top_implEhthhPA128_K7ap_uintILi8EEPA4_S2_S4_S6_S4_S6_P_910|         array|
|p_ZZN9gdn_mxfp818gdn_mxfp8_top_implEhthhPA128_K7ap_uintILi8EEPA4_S2_S4_S6_S4_S6_P_910_ce0       |  out|    1|   ap_memory|  p_ZZN9gdn_mxfp818gdn_mxfp8_top_implEhthhPA128_K7ap_uintILi8EEPA4_S2_S4_S6_S4_S6_P_910|         array|
|p_ZZN9gdn_mxfp818gdn_mxfp8_top_implEhthhPA128_K7ap_uintILi8EEPA4_S2_S4_S6_S4_S6_P_910_q0        |   in|    6|   ap_memory|  p_ZZN9gdn_mxfp818gdn_mxfp8_top_implEhthhPA128_K7ap_uintILi8EEPA4_S2_S4_S6_S4_S6_P_910|         array|
|p_ZZN9gdn_mxfp818gdn_mxfp8_top_implEhthhPA128_K7ap_uintILi8EEPA4_S2_S4_S6_S4_S6_P_911_address0  |  out|    5|   ap_memory|  p_ZZN9gdn_mxfp818gdn_mxfp8_top_implEhthhPA128_K7ap_uintILi8EEPA4_S2_S4_S6_S4_S6_P_911|         array|
|p_ZZN9gdn_mxfp818gdn_mxfp8_top_implEhthhPA128_K7ap_uintILi8EEPA4_S2_S4_S6_S4_S6_P_911_ce0       |  out|    1|   ap_memory|  p_ZZN9gdn_mxfp818gdn_mxfp8_top_implEhthhPA128_K7ap_uintILi8EEPA4_S2_S4_S6_S4_S6_P_911|         array|
|p_ZZN9gdn_mxfp818gdn_mxfp8_top_implEhthhPA128_K7ap_uintILi8EEPA4_S2_S4_S6_S4_S6_P_911_q0        |   in|    6|   ap_memory|  p_ZZN9gdn_mxfp818gdn_mxfp8_top_implEhthhPA128_K7ap_uintILi8EEPA4_S2_S4_S6_S4_S6_P_911|         array|
|p_ZZN9gdn_mxfp818gdn_mxfp8_top_implEhthhPA128_K7ap_uintILi8EEPA4_S2_S4_S6_S4_S6_P_912_address0  |  out|    5|   ap_memory|  p_ZZN9gdn_mxfp818gdn_mxfp8_top_implEhthhPA128_K7ap_uintILi8EEPA4_S2_S4_S6_S4_S6_P_912|         array|
|p_ZZN9gdn_mxfp818gdn_mxfp8_top_implEhthhPA128_K7ap_uintILi8EEPA4_S2_S4_S6_S4_S6_P_912_ce0       |  out|    1|   ap_memory|  p_ZZN9gdn_mxfp818gdn_mxfp8_top_implEhthhPA128_K7ap_uintILi8EEPA4_S2_S4_S6_S4_S6_P_912|         array|
|p_ZZN9gdn_mxfp818gdn_mxfp8_top_implEhthhPA128_K7ap_uintILi8EEPA4_S2_S4_S6_S4_S6_P_912_q0        |   in|    6|   ap_memory|  p_ZZN9gdn_mxfp818gdn_mxfp8_top_implEhthhPA128_K7ap_uintILi8EEPA4_S2_S4_S6_S4_S6_P_912|         array|
|p_ZZN9gdn_mxfp818gdn_mxfp8_top_implEhthhPA128_K7ap_uintILi8EEPA4_S2_S4_S6_S4_S6_P_913_address0  |  out|    5|   ap_memory|  p_ZZN9gdn_mxfp818gdn_mxfp8_top_implEhthhPA128_K7ap_uintILi8EEPA4_S2_S4_S6_S4_S6_P_913|         array|
|p_ZZN9gdn_mxfp818gdn_mxfp8_top_implEhthhPA128_K7ap_uintILi8EEPA4_S2_S4_S6_S4_S6_P_913_ce0       |  out|    1|   ap_memory|  p_ZZN9gdn_mxfp818gdn_mxfp8_top_implEhthhPA128_K7ap_uintILi8EEPA4_S2_S4_S6_S4_S6_P_913|         array|
|p_ZZN9gdn_mxfp818gdn_mxfp8_top_implEhthhPA128_K7ap_uintILi8EEPA4_S2_S4_S6_S4_S6_P_913_q0        |   in|    6|   ap_memory|  p_ZZN9gdn_mxfp818gdn_mxfp8_top_implEhthhPA128_K7ap_uintILi8EEPA4_S2_S4_S6_S4_S6_P_913|         array|
|p_ZZN9gdn_mxfp818gdn_mxfp8_top_implEhthhPA128_K7ap_uintILi8EEPA4_S2_S4_S6_S4_S6_P_914_address0  |  out|    5|   ap_memory|  p_ZZN9gdn_mxfp818gdn_mxfp8_top_implEhthhPA128_K7ap_uintILi8EEPA4_S2_S4_S6_S4_S6_P_914|         array|
|p_ZZN9gdn_mxfp818gdn_mxfp8_top_implEhthhPA128_K7ap_uintILi8EEPA4_S2_S4_S6_S4_S6_P_914_ce0       |  out|    1|   ap_memory|  p_ZZN9gdn_mxfp818gdn_mxfp8_top_implEhthhPA128_K7ap_uintILi8EEPA4_S2_S4_S6_S4_S6_P_914|         array|
|p_ZZN9gdn_mxfp818gdn_mxfp8_top_implEhthhPA128_K7ap_uintILi8EEPA4_S2_S4_S6_S4_S6_P_914_q0        |   in|    6|   ap_memory|  p_ZZN9gdn_mxfp818gdn_mxfp8_top_implEhthhPA128_K7ap_uintILi8EEPA4_S2_S4_S6_S4_S6_P_914|         array|
|p_ZZN9gdn_mxfp818gdn_mxfp8_top_implEhthhPA128_K7ap_uintILi8EEPA4_S2_S4_S6_S4_S6_P_915_address0  |  out|    5|   ap_memory|  p_ZZN9gdn_mxfp818gdn_mxfp8_top_implEhthhPA128_K7ap_uintILi8EEPA4_S2_S4_S6_S4_S6_P_915|         array|
|p_ZZN9gdn_mxfp818gdn_mxfp8_top_implEhthhPA128_K7ap_uintILi8EEPA4_S2_S4_S6_S4_S6_P_915_ce0       |  out|    1|   ap_memory|  p_ZZN9gdn_mxfp818gdn_mxfp8_top_implEhthhPA128_K7ap_uintILi8EEPA4_S2_S4_S6_S4_S6_P_915|         array|
|p_ZZN9gdn_mxfp818gdn_mxfp8_top_implEhthhPA128_K7ap_uintILi8EEPA4_S2_S4_S6_S4_S6_P_915_q0        |   in|    6|   ap_memory|  p_ZZN9gdn_mxfp818gdn_mxfp8_top_implEhthhPA128_K7ap_uintILi8EEPA4_S2_S4_S6_S4_S6_P_915|         array|
|p_ZZN9gdn_mxfp818gdn_mxfp8_top_implEhthhPA128_K7ap_uintILi8EEPA4_S2_S4_S6_S4_S6_P_916_address0  |  out|    5|   ap_memory|  p_ZZN9gdn_mxfp818gdn_mxfp8_top_implEhthhPA128_K7ap_uintILi8EEPA4_S2_S4_S6_S4_S6_P_916|         array|
|p_ZZN9gdn_mxfp818gdn_mxfp8_top_implEhthhPA128_K7ap_uintILi8EEPA4_S2_S4_S6_S4_S6_P_916_ce0       |  out|    1|   ap_memory|  p_ZZN9gdn_mxfp818gdn_mxfp8_top_implEhthhPA128_K7ap_uintILi8EEPA4_S2_S4_S6_S4_S6_P_916|         array|
|p_ZZN9gdn_mxfp818gdn_mxfp8_top_implEhthhPA128_K7ap_uintILi8EEPA4_S2_S4_S6_S4_S6_P_916_q0        |   in|    6|   ap_memory|  p_ZZN9gdn_mxfp818gdn_mxfp8_top_implEhthhPA128_K7ap_uintILi8EEPA4_S2_S4_S6_S4_S6_P_916|         array|
|p_ZZN9gdn_mxfp818gdn_mxfp8_top_implEhthhPA128_K7ap_uintILi8EEPA4_S2_S4_S6_S4_S6_P_917_address0  |  out|    5|   ap_memory|  p_ZZN9gdn_mxfp818gdn_mxfp8_top_implEhthhPA128_K7ap_uintILi8EEPA4_S2_S4_S6_S4_S6_P_917|         array|
|p_ZZN9gdn_mxfp818gdn_mxfp8_top_implEhthhPA128_K7ap_uintILi8EEPA4_S2_S4_S6_S4_S6_P_917_ce0       |  out|    1|   ap_memory|  p_ZZN9gdn_mxfp818gdn_mxfp8_top_implEhthhPA128_K7ap_uintILi8EEPA4_S2_S4_S6_S4_S6_P_917|         array|
|p_ZZN9gdn_mxfp818gdn_mxfp8_top_implEhthhPA128_K7ap_uintILi8EEPA4_S2_S4_S6_S4_S6_P_917_q0        |   in|    6|   ap_memory|  p_ZZN9gdn_mxfp818gdn_mxfp8_top_implEhthhPA128_K7ap_uintILi8EEPA4_S2_S4_S6_S4_S6_P_917|         array|
|p_ZZN9gdn_mxfp818gdn_mxfp8_top_implEhthhPA128_K7ap_uintILi8EEPA4_S2_S4_S6_S4_S6_P_918_address0  |  out|    5|   ap_memory|  p_ZZN9gdn_mxfp818gdn_mxfp8_top_implEhthhPA128_K7ap_uintILi8EEPA4_S2_S4_S6_S4_S6_P_918|         array|
|p_ZZN9gdn_mxfp818gdn_mxfp8_top_implEhthhPA128_K7ap_uintILi8EEPA4_S2_S4_S6_S4_S6_P_918_ce0       |  out|    1|   ap_memory|  p_ZZN9gdn_mxfp818gdn_mxfp8_top_implEhthhPA128_K7ap_uintILi8EEPA4_S2_S4_S6_S4_S6_P_918|         array|
|p_ZZN9gdn_mxfp818gdn_mxfp8_top_implEhthhPA128_K7ap_uintILi8EEPA4_S2_S4_S6_S4_S6_P_918_q0        |   in|    6|   ap_memory|  p_ZZN9gdn_mxfp818gdn_mxfp8_top_implEhthhPA128_K7ap_uintILi8EEPA4_S2_S4_S6_S4_S6_P_918|         array|
|p_ZZN9gdn_mxfp818gdn_mxfp8_top_implEhthhPA128_K7ap_uintILi8EEPA4_S2_S4_S6_S4_S6_P_919_address0  |  out|    5|   ap_memory|  p_ZZN9gdn_mxfp818gdn_mxfp8_top_implEhthhPA128_K7ap_uintILi8EEPA4_S2_S4_S6_S4_S6_P_919|         array|
|p_ZZN9gdn_mxfp818gdn_mxfp8_top_implEhthhPA128_K7ap_uintILi8EEPA4_S2_S4_S6_S4_S6_P_919_ce0       |  out|    1|   ap_memory|  p_ZZN9gdn_mxfp818gdn_mxfp8_top_implEhthhPA128_K7ap_uintILi8EEPA4_S2_S4_S6_S4_S6_P_919|         array|
|p_ZZN9gdn_mxfp818gdn_mxfp8_top_implEhthhPA128_K7ap_uintILi8EEPA4_S2_S4_S6_S4_S6_P_919_q0        |   in|    6|   ap_memory|  p_ZZN9gdn_mxfp818gdn_mxfp8_top_implEhthhPA128_K7ap_uintILi8EEPA4_S2_S4_S6_S4_S6_P_919|         array|
|p_ZZN9gdn_mxfp818gdn_mxfp8_top_implEhthhPA128_K7ap_uintILi8EEPA4_S2_S4_S6_S4_S6_P_920_address0  |  out|    5|   ap_memory|  p_ZZN9gdn_mxfp818gdn_mxfp8_top_implEhthhPA128_K7ap_uintILi8EEPA4_S2_S4_S6_S4_S6_P_920|         array|
|p_ZZN9gdn_mxfp818gdn_mxfp8_top_implEhthhPA128_K7ap_uintILi8EEPA4_S2_S4_S6_S4_S6_P_920_ce0       |  out|    1|   ap_memory|  p_ZZN9gdn_mxfp818gdn_mxfp8_top_implEhthhPA128_K7ap_uintILi8EEPA4_S2_S4_S6_S4_S6_P_920|         array|
|p_ZZN9gdn_mxfp818gdn_mxfp8_top_implEhthhPA128_K7ap_uintILi8EEPA4_S2_S4_S6_S4_S6_P_920_q0        |   in|    6|   ap_memory|  p_ZZN9gdn_mxfp818gdn_mxfp8_top_implEhthhPA128_K7ap_uintILi8EEPA4_S2_S4_S6_S4_S6_P_920|         array|
|p_ZZN9gdn_mxfp818gdn_mxfp8_top_implEhthhPA128_K7ap_uintILi8EEPA4_S2_S4_S6_S4_S6_P_921_address0  |  out|    5|   ap_memory|  p_ZZN9gdn_mxfp818gdn_mxfp8_top_implEhthhPA128_K7ap_uintILi8EEPA4_S2_S4_S6_S4_S6_P_921|         array|
|p_ZZN9gdn_mxfp818gdn_mxfp8_top_implEhthhPA128_K7ap_uintILi8EEPA4_S2_S4_S6_S4_S6_P_921_ce0       |  out|    1|   ap_memory|  p_ZZN9gdn_mxfp818gdn_mxfp8_top_implEhthhPA128_K7ap_uintILi8EEPA4_S2_S4_S6_S4_S6_P_921|         array|
|p_ZZN9gdn_mxfp818gdn_mxfp8_top_implEhthhPA128_K7ap_uintILi8EEPA4_S2_S4_S6_S4_S6_P_921_q0        |   in|    6|   ap_memory|  p_ZZN9gdn_mxfp818gdn_mxfp8_top_implEhthhPA128_K7ap_uintILi8EEPA4_S2_S4_S6_S4_S6_P_921|         array|
|p_ZZN9gdn_mxfp818gdn_mxfp8_top_implEhthhPA128_K7ap_uintILi8EEPA4_S2_S4_S6_S4_S6_P_922_address0  |  out|    5|   ap_memory|  p_ZZN9gdn_mxfp818gdn_mxfp8_top_implEhthhPA128_K7ap_uintILi8EEPA4_S2_S4_S6_S4_S6_P_922|         array|
|p_ZZN9gdn_mxfp818gdn_mxfp8_top_implEhthhPA128_K7ap_uintILi8EEPA4_S2_S4_S6_S4_S6_P_922_ce0       |  out|    1|   ap_memory|  p_ZZN9gdn_mxfp818gdn_mxfp8_top_implEhthhPA128_K7ap_uintILi8EEPA4_S2_S4_S6_S4_S6_P_922|         array|
|p_ZZN9gdn_mxfp818gdn_mxfp8_top_implEhthhPA128_K7ap_uintILi8EEPA4_S2_S4_S6_S4_S6_P_922_q0        |   in|    6|   ap_memory|  p_ZZN9gdn_mxfp818gdn_mxfp8_top_implEhthhPA128_K7ap_uintILi8EEPA4_S2_S4_S6_S4_S6_P_922|         array|
|p_ZZN9gdn_mxfp818gdn_mxfp8_top_implEhthhPA128_K7ap_uintILi8EEPA4_S2_S4_S6_S4_S6_P_923_address0  |  out|    5|   ap_memory|  p_ZZN9gdn_mxfp818gdn_mxfp8_top_implEhthhPA128_K7ap_uintILi8EEPA4_S2_S4_S6_S4_S6_P_923|         array|
|p_ZZN9gdn_mxfp818gdn_mxfp8_top_implEhthhPA128_K7ap_uintILi8EEPA4_S2_S4_S6_S4_S6_P_923_ce0       |  out|    1|   ap_memory|  p_ZZN9gdn_mxfp818gdn_mxfp8_top_implEhthhPA128_K7ap_uintILi8EEPA4_S2_S4_S6_S4_S6_P_923|         array|
|p_ZZN9gdn_mxfp818gdn_mxfp8_top_implEhthhPA128_K7ap_uintILi8EEPA4_S2_S4_S6_S4_S6_P_923_q0        |   in|    6|   ap_memory|  p_ZZN9gdn_mxfp818gdn_mxfp8_top_implEhthhPA128_K7ap_uintILi8EEPA4_S2_S4_S6_S4_S6_P_923|         array|
|p_ZZN9gdn_mxfp818gdn_mxfp8_top_implEhthhPA128_K7ap_uintILi8EEPA4_S2_S4_S6_S4_S6_P_924_address0  |  out|    5|   ap_memory|  p_ZZN9gdn_mxfp818gdn_mxfp8_top_implEhthhPA128_K7ap_uintILi8EEPA4_S2_S4_S6_S4_S6_P_924|         array|
|p_ZZN9gdn_mxfp818gdn_mxfp8_top_implEhthhPA128_K7ap_uintILi8EEPA4_S2_S4_S6_S4_S6_P_924_ce0       |  out|    1|   ap_memory|  p_ZZN9gdn_mxfp818gdn_mxfp8_top_implEhthhPA128_K7ap_uintILi8EEPA4_S2_S4_S6_S4_S6_P_924|         array|
|p_ZZN9gdn_mxfp818gdn_mxfp8_top_implEhthhPA128_K7ap_uintILi8EEPA4_S2_S4_S6_S4_S6_P_924_q0        |   in|    6|   ap_memory|  p_ZZN9gdn_mxfp818gdn_mxfp8_top_implEhthhPA128_K7ap_uintILi8EEPA4_S2_S4_S6_S4_S6_P_924|         array|
|p_ZZN9gdn_mxfp818gdn_mxfp8_top_implEhthhPA128_K7ap_uintILi8EEPA4_S2_S4_S6_S4_S6_P_925_address0  |  out|    5|   ap_memory|  p_ZZN9gdn_mxfp818gdn_mxfp8_top_implEhthhPA128_K7ap_uintILi8EEPA4_S2_S4_S6_S4_S6_P_925|         array|
|p_ZZN9gdn_mxfp818gdn_mxfp8_top_implEhthhPA128_K7ap_uintILi8EEPA4_S2_S4_S6_S4_S6_P_925_ce0       |  out|    1|   ap_memory|  p_ZZN9gdn_mxfp818gdn_mxfp8_top_implEhthhPA128_K7ap_uintILi8EEPA4_S2_S4_S6_S4_S6_P_925|         array|
|p_ZZN9gdn_mxfp818gdn_mxfp8_top_implEhthhPA128_K7ap_uintILi8EEPA4_S2_S4_S6_S4_S6_P_925_q0        |   in|    6|   ap_memory|  p_ZZN9gdn_mxfp818gdn_mxfp8_top_implEhthhPA128_K7ap_uintILi8EEPA4_S2_S4_S6_S4_S6_P_925|         array|
|p_ZZN9gdn_mxfp818gdn_mxfp8_top_implEhthhPA128_K7ap_uintILi8EEPA4_S2_S4_S6_S4_S6_P_926_address0  |  out|    5|   ap_memory|  p_ZZN9gdn_mxfp818gdn_mxfp8_top_implEhthhPA128_K7ap_uintILi8EEPA4_S2_S4_S6_S4_S6_P_926|         array|
|p_ZZN9gdn_mxfp818gdn_mxfp8_top_implEhthhPA128_K7ap_uintILi8EEPA4_S2_S4_S6_S4_S6_P_926_ce0       |  out|    1|   ap_memory|  p_ZZN9gdn_mxfp818gdn_mxfp8_top_implEhthhPA128_K7ap_uintILi8EEPA4_S2_S4_S6_S4_S6_P_926|         array|
|p_ZZN9gdn_mxfp818gdn_mxfp8_top_implEhthhPA128_K7ap_uintILi8EEPA4_S2_S4_S6_S4_S6_P_926_q0        |   in|    6|   ap_memory|  p_ZZN9gdn_mxfp818gdn_mxfp8_top_implEhthhPA128_K7ap_uintILi8EEPA4_S2_S4_S6_S4_S6_P_926|         array|
|p_ZZN9gdn_mxfp818gdn_mxfp8_top_implEhthhPA128_K7ap_uintILi8EEPA4_S2_S4_S6_S4_S6_P_927_address0  |  out|    5|   ap_memory|  p_ZZN9gdn_mxfp818gdn_mxfp8_top_implEhthhPA128_K7ap_uintILi8EEPA4_S2_S4_S6_S4_S6_P_927|         array|
|p_ZZN9gdn_mxfp818gdn_mxfp8_top_implEhthhPA128_K7ap_uintILi8EEPA4_S2_S4_S6_S4_S6_P_927_ce0       |  out|    1|   ap_memory|  p_ZZN9gdn_mxfp818gdn_mxfp8_top_implEhthhPA128_K7ap_uintILi8EEPA4_S2_S4_S6_S4_S6_P_927|         array|
|p_ZZN9gdn_mxfp818gdn_mxfp8_top_implEhthhPA128_K7ap_uintILi8EEPA4_S2_S4_S6_S4_S6_P_927_q0        |   in|    6|   ap_memory|  p_ZZN9gdn_mxfp818gdn_mxfp8_top_implEhthhPA128_K7ap_uintILi8EEPA4_S2_S4_S6_S4_S6_P_927|         array|
|p_ZZN9gdn_mxfp818gdn_mxfp8_top_implEhthhPA128_K7ap_uintILi8EEPA4_S2_S4_S6_S4_S6_P_928_address0  |  out|    5|   ap_memory|  p_ZZN9gdn_mxfp818gdn_mxfp8_top_implEhthhPA128_K7ap_uintILi8EEPA4_S2_S4_S6_S4_S6_P_928|         array|
|p_ZZN9gdn_mxfp818gdn_mxfp8_top_implEhthhPA128_K7ap_uintILi8EEPA4_S2_S4_S6_S4_S6_P_928_ce0       |  out|    1|   ap_memory|  p_ZZN9gdn_mxfp818gdn_mxfp8_top_implEhthhPA128_K7ap_uintILi8EEPA4_S2_S4_S6_S4_S6_P_928|         array|
|p_ZZN9gdn_mxfp818gdn_mxfp8_top_implEhthhPA128_K7ap_uintILi8EEPA4_S2_S4_S6_S4_S6_P_928_q0        |   in|    6|   ap_memory|  p_ZZN9gdn_mxfp818gdn_mxfp8_top_implEhthhPA128_K7ap_uintILi8EEPA4_S2_S4_S6_S4_S6_P_928|         array|
|p_ZZN9gdn_mxfp818gdn_mxfp8_top_implEhthhPA128_K7ap_uintILi8EEPA4_S2_S4_S6_S4_S6_P_929_address0  |  out|    5|   ap_memory|  p_ZZN9gdn_mxfp818gdn_mxfp8_top_implEhthhPA128_K7ap_uintILi8EEPA4_S2_S4_S6_S4_S6_P_929|         array|
|p_ZZN9gdn_mxfp818gdn_mxfp8_top_implEhthhPA128_K7ap_uintILi8EEPA4_S2_S4_S6_S4_S6_P_929_ce0       |  out|    1|   ap_memory|  p_ZZN9gdn_mxfp818gdn_mxfp8_top_implEhthhPA128_K7ap_uintILi8EEPA4_S2_S4_S6_S4_S6_P_929|         array|
|p_ZZN9gdn_mxfp818gdn_mxfp8_top_implEhthhPA128_K7ap_uintILi8EEPA4_S2_S4_S6_S4_S6_P_929_q0        |   in|    6|   ap_memory|  p_ZZN9gdn_mxfp818gdn_mxfp8_top_implEhthhPA128_K7ap_uintILi8EEPA4_S2_S4_S6_S4_S6_P_929|         array|
|p_ZZN9gdn_mxfp818gdn_mxfp8_top_implEhthhPA128_K7ap_uintILi8EEPA4_S2_S4_S6_S4_S6_P_930_address0  |  out|    5|   ap_memory|  p_ZZN9gdn_mxfp818gdn_mxfp8_top_implEhthhPA128_K7ap_uintILi8EEPA4_S2_S4_S6_S4_S6_P_930|         array|
|p_ZZN9gdn_mxfp818gdn_mxfp8_top_implEhthhPA128_K7ap_uintILi8EEPA4_S2_S4_S6_S4_S6_P_930_ce0       |  out|    1|   ap_memory|  p_ZZN9gdn_mxfp818gdn_mxfp8_top_implEhthhPA128_K7ap_uintILi8EEPA4_S2_S4_S6_S4_S6_P_930|         array|
|p_ZZN9gdn_mxfp818gdn_mxfp8_top_implEhthhPA128_K7ap_uintILi8EEPA4_S2_S4_S6_S4_S6_P_930_q0        |   in|    6|   ap_memory|  p_ZZN9gdn_mxfp818gdn_mxfp8_top_implEhthhPA128_K7ap_uintILi8EEPA4_S2_S4_S6_S4_S6_P_930|         array|
|p_ZZN9gdn_mxfp818gdn_mxfp8_top_implEhthhPA128_K7ap_uintILi8EEPA4_S2_S4_S6_S4_S6_P_931_address0  |  out|    5|   ap_memory|  p_ZZN9gdn_mxfp818gdn_mxfp8_top_implEhthhPA128_K7ap_uintILi8EEPA4_S2_S4_S6_S4_S6_P_931|         array|
|p_ZZN9gdn_mxfp818gdn_mxfp8_top_implEhthhPA128_K7ap_uintILi8EEPA4_S2_S4_S6_S4_S6_P_931_ce0       |  out|    1|   ap_memory|  p_ZZN9gdn_mxfp818gdn_mxfp8_top_implEhthhPA128_K7ap_uintILi8EEPA4_S2_S4_S6_S4_S6_P_931|         array|
|p_ZZN9gdn_mxfp818gdn_mxfp8_top_implEhthhPA128_K7ap_uintILi8EEPA4_S2_S4_S6_S4_S6_P_931_q0        |   in|    6|   ap_memory|  p_ZZN9gdn_mxfp818gdn_mxfp8_top_implEhthhPA128_K7ap_uintILi8EEPA4_S2_S4_S6_S4_S6_P_931|         array|
|p_ZZN9gdn_mxfp818gdn_mxfp8_top_implEhthhPA128_K7ap_uintILi8EEPA4_S2_S4_S6_S4_S6_P_932_address0  |  out|    5|   ap_memory|  p_ZZN9gdn_mxfp818gdn_mxfp8_top_implEhthhPA128_K7ap_uintILi8EEPA4_S2_S4_S6_S4_S6_P_932|         array|
|p_ZZN9gdn_mxfp818gdn_mxfp8_top_implEhthhPA128_K7ap_uintILi8EEPA4_S2_S4_S6_S4_S6_P_932_ce0       |  out|    1|   ap_memory|  p_ZZN9gdn_mxfp818gdn_mxfp8_top_implEhthhPA128_K7ap_uintILi8EEPA4_S2_S4_S6_S4_S6_P_932|         array|
|p_ZZN9gdn_mxfp818gdn_mxfp8_top_implEhthhPA128_K7ap_uintILi8EEPA4_S2_S4_S6_S4_S6_P_932_q0        |   in|    6|   ap_memory|  p_ZZN9gdn_mxfp818gdn_mxfp8_top_implEhthhPA128_K7ap_uintILi8EEPA4_S2_S4_S6_S4_S6_P_932|         array|
|p_ZZN9gdn_mxfp818gdn_mxfp8_top_implEhthhPA128_K7ap_uintILi8EEPA4_S2_S4_S6_S4_S6_P_933_address0  |  out|    5|   ap_memory|  p_ZZN9gdn_mxfp818gdn_mxfp8_top_implEhthhPA128_K7ap_uintILi8EEPA4_S2_S4_S6_S4_S6_P_933|         array|
|p_ZZN9gdn_mxfp818gdn_mxfp8_top_implEhthhPA128_K7ap_uintILi8EEPA4_S2_S4_S6_S4_S6_P_933_ce0       |  out|    1|   ap_memory|  p_ZZN9gdn_mxfp818gdn_mxfp8_top_implEhthhPA128_K7ap_uintILi8EEPA4_S2_S4_S6_S4_S6_P_933|         array|
|p_ZZN9gdn_mxfp818gdn_mxfp8_top_implEhthhPA128_K7ap_uintILi8EEPA4_S2_S4_S6_S4_S6_P_933_q0        |   in|    6|   ap_memory|  p_ZZN9gdn_mxfp818gdn_mxfp8_top_implEhthhPA128_K7ap_uintILi8EEPA4_S2_S4_S6_S4_S6_P_933|         array|
|p_ZZN9gdn_mxfp818gdn_mxfp8_top_implEhthhPA128_K7ap_uintILi8EEPA4_S2_S4_S6_S4_S6_P_934_address0  |  out|    5|   ap_memory|  p_ZZN9gdn_mxfp818gdn_mxfp8_top_implEhthhPA128_K7ap_uintILi8EEPA4_S2_S4_S6_S4_S6_P_934|         array|
|p_ZZN9gdn_mxfp818gdn_mxfp8_top_implEhthhPA128_K7ap_uintILi8EEPA4_S2_S4_S6_S4_S6_P_934_ce0       |  out|    1|   ap_memory|  p_ZZN9gdn_mxfp818gdn_mxfp8_top_implEhthhPA128_K7ap_uintILi8EEPA4_S2_S4_S6_S4_S6_P_934|         array|
|p_ZZN9gdn_mxfp818gdn_mxfp8_top_implEhthhPA128_K7ap_uintILi8EEPA4_S2_S4_S6_S4_S6_P_934_q0        |   in|    6|   ap_memory|  p_ZZN9gdn_mxfp818gdn_mxfp8_top_implEhthhPA128_K7ap_uintILi8EEPA4_S2_S4_S6_S4_S6_P_934|         array|
|p_ZZN9gdn_mxfp818gdn_mxfp8_top_implEhthhPA128_K7ap_uintILi8EEPA4_S2_S4_S6_S4_S6_P_935_address0  |  out|    5|   ap_memory|  p_ZZN9gdn_mxfp818gdn_mxfp8_top_implEhthhPA128_K7ap_uintILi8EEPA4_S2_S4_S6_S4_S6_P_935|         array|
|p_ZZN9gdn_mxfp818gdn_mxfp8_top_implEhthhPA128_K7ap_uintILi8EEPA4_S2_S4_S6_S4_S6_P_935_ce0       |  out|    1|   ap_memory|  p_ZZN9gdn_mxfp818gdn_mxfp8_top_implEhthhPA128_K7ap_uintILi8EEPA4_S2_S4_S6_S4_S6_P_935|         array|
|p_ZZN9gdn_mxfp818gdn_mxfp8_top_implEhthhPA128_K7ap_uintILi8EEPA4_S2_S4_S6_S4_S6_P_935_q0        |   in|    6|   ap_memory|  p_ZZN9gdn_mxfp818gdn_mxfp8_top_implEhthhPA128_K7ap_uintILi8EEPA4_S2_S4_S6_S4_S6_P_935|         array|
|p_ZZN9gdn_mxfp818gdn_mxfp8_top_implEhthhPA128_K7ap_uintILi8EEPA4_S2_S4_S6_S4_S6_P_936_address0  |  out|    5|   ap_memory|  p_ZZN9gdn_mxfp818gdn_mxfp8_top_implEhthhPA128_K7ap_uintILi8EEPA4_S2_S4_S6_S4_S6_P_936|         array|
|p_ZZN9gdn_mxfp818gdn_mxfp8_top_implEhthhPA128_K7ap_uintILi8EEPA4_S2_S4_S6_S4_S6_P_936_ce0       |  out|    1|   ap_memory|  p_ZZN9gdn_mxfp818gdn_mxfp8_top_implEhthhPA128_K7ap_uintILi8EEPA4_S2_S4_S6_S4_S6_P_936|         array|
|p_ZZN9gdn_mxfp818gdn_mxfp8_top_implEhthhPA128_K7ap_uintILi8EEPA4_S2_S4_S6_S4_S6_P_936_q0        |   in|    6|   ap_memory|  p_ZZN9gdn_mxfp818gdn_mxfp8_top_implEhthhPA128_K7ap_uintILi8EEPA4_S2_S4_S6_S4_S6_P_936|         array|
|p_ZZN9gdn_mxfp818gdn_mxfp8_top_implEhthhPA128_K7ap_uintILi8EEPA4_S2_S4_S6_S4_S6_P_937_address0  |  out|    5|   ap_memory|  p_ZZN9gdn_mxfp818gdn_mxfp8_top_implEhthhPA128_K7ap_uintILi8EEPA4_S2_S4_S6_S4_S6_P_937|         array|
|p_ZZN9gdn_mxfp818gdn_mxfp8_top_implEhthhPA128_K7ap_uintILi8EEPA4_S2_S4_S6_S4_S6_P_937_ce0       |  out|    1|   ap_memory|  p_ZZN9gdn_mxfp818gdn_mxfp8_top_implEhthhPA128_K7ap_uintILi8EEPA4_S2_S4_S6_S4_S6_P_937|         array|
|p_ZZN9gdn_mxfp818gdn_mxfp8_top_implEhthhPA128_K7ap_uintILi8EEPA4_S2_S4_S6_S4_S6_P_937_q0        |   in|    6|   ap_memory|  p_ZZN9gdn_mxfp818gdn_mxfp8_top_implEhthhPA128_K7ap_uintILi8EEPA4_S2_S4_S6_S4_S6_P_937|         array|
|p_ZZN9gdn_mxfp818gdn_mxfp8_top_implEhthhPA128_K7ap_uintILi8EEPA4_S2_S4_S6_S4_S6_P_938_address0  |  out|    5|   ap_memory|  p_ZZN9gdn_mxfp818gdn_mxfp8_top_implEhthhPA128_K7ap_uintILi8EEPA4_S2_S4_S6_S4_S6_P_938|         array|
|p_ZZN9gdn_mxfp818gdn_mxfp8_top_implEhthhPA128_K7ap_uintILi8EEPA4_S2_S4_S6_S4_S6_P_938_ce0       |  out|    1|   ap_memory|  p_ZZN9gdn_mxfp818gdn_mxfp8_top_implEhthhPA128_K7ap_uintILi8EEPA4_S2_S4_S6_S4_S6_P_938|         array|
|p_ZZN9gdn_mxfp818gdn_mxfp8_top_implEhthhPA128_K7ap_uintILi8EEPA4_S2_S4_S6_S4_S6_P_938_q0        |   in|    6|   ap_memory|  p_ZZN9gdn_mxfp818gdn_mxfp8_top_implEhthhPA128_K7ap_uintILi8EEPA4_S2_S4_S6_S4_S6_P_938|         array|
|p_ZZN9gdn_mxfp818gdn_mxfp8_top_implEhthhPA128_K7ap_uintILi8EEPA4_S2_S4_S6_S4_S6_P_939_address0  |  out|    5|   ap_memory|  p_ZZN9gdn_mxfp818gdn_mxfp8_top_implEhthhPA128_K7ap_uintILi8EEPA4_S2_S4_S6_S4_S6_P_939|         array|
|p_ZZN9gdn_mxfp818gdn_mxfp8_top_implEhthhPA128_K7ap_uintILi8EEPA4_S2_S4_S6_S4_S6_P_939_ce0       |  out|    1|   ap_memory|  p_ZZN9gdn_mxfp818gdn_mxfp8_top_implEhthhPA128_K7ap_uintILi8EEPA4_S2_S4_S6_S4_S6_P_939|         array|
|p_ZZN9gdn_mxfp818gdn_mxfp8_top_implEhthhPA128_K7ap_uintILi8EEPA4_S2_S4_S6_S4_S6_P_939_q0        |   in|    6|   ap_memory|  p_ZZN9gdn_mxfp818gdn_mxfp8_top_implEhthhPA128_K7ap_uintILi8EEPA4_S2_S4_S6_S4_S6_P_939|         array|
|p_ZZN9gdn_mxfp818gdn_mxfp8_top_implEhthhPA128_K7ap_uintILi8EEPA4_S2_S4_S6_S4_S6_P_940_address0  |  out|    5|   ap_memory|  p_ZZN9gdn_mxfp818gdn_mxfp8_top_implEhthhPA128_K7ap_uintILi8EEPA4_S2_S4_S6_S4_S6_P_940|         array|
|p_ZZN9gdn_mxfp818gdn_mxfp8_top_implEhthhPA128_K7ap_uintILi8EEPA4_S2_S4_S6_S4_S6_P_940_ce0       |  out|    1|   ap_memory|  p_ZZN9gdn_mxfp818gdn_mxfp8_top_implEhthhPA128_K7ap_uintILi8EEPA4_S2_S4_S6_S4_S6_P_940|         array|
|p_ZZN9gdn_mxfp818gdn_mxfp8_top_implEhthhPA128_K7ap_uintILi8EEPA4_S2_S4_S6_S4_S6_P_940_q0        |   in|    6|   ap_memory|  p_ZZN9gdn_mxfp818gdn_mxfp8_top_implEhthhPA128_K7ap_uintILi8EEPA4_S2_S4_S6_S4_S6_P_940|         array|
|p_ZZN9gdn_mxfp818gdn_mxfp8_top_implEhthhPA128_K7ap_uintILi8EEPA4_S2_S4_S6_S4_S6_P_941_address0  |  out|    5|   ap_memory|  p_ZZN9gdn_mxfp818gdn_mxfp8_top_implEhthhPA128_K7ap_uintILi8EEPA4_S2_S4_S6_S4_S6_P_941|         array|
|p_ZZN9gdn_mxfp818gdn_mxfp8_top_implEhthhPA128_K7ap_uintILi8EEPA4_S2_S4_S6_S4_S6_P_941_ce0       |  out|    1|   ap_memory|  p_ZZN9gdn_mxfp818gdn_mxfp8_top_implEhthhPA128_K7ap_uintILi8EEPA4_S2_S4_S6_S4_S6_P_941|         array|
|p_ZZN9gdn_mxfp818gdn_mxfp8_top_implEhthhPA128_K7ap_uintILi8EEPA4_S2_S4_S6_S4_S6_P_941_q0        |   in|    6|   ap_memory|  p_ZZN9gdn_mxfp818gdn_mxfp8_top_implEhthhPA128_K7ap_uintILi8EEPA4_S2_S4_S6_S4_S6_P_941|         array|
|p_ZZN9gdn_mxfp818gdn_mxfp8_top_implEhthhPA128_K7ap_uintILi8EEPA4_S2_S4_S6_S4_S6_P_942_address0  |  out|    5|   ap_memory|  p_ZZN9gdn_mxfp818gdn_mxfp8_top_implEhthhPA128_K7ap_uintILi8EEPA4_S2_S4_S6_S4_S6_P_942|         array|
|p_ZZN9gdn_mxfp818gdn_mxfp8_top_implEhthhPA128_K7ap_uintILi8EEPA4_S2_S4_S6_S4_S6_P_942_ce0       |  out|    1|   ap_memory|  p_ZZN9gdn_mxfp818gdn_mxfp8_top_implEhthhPA128_K7ap_uintILi8EEPA4_S2_S4_S6_S4_S6_P_942|         array|
|p_ZZN9gdn_mxfp818gdn_mxfp8_top_implEhthhPA128_K7ap_uintILi8EEPA4_S2_S4_S6_S4_S6_P_942_q0        |   in|    6|   ap_memory|  p_ZZN9gdn_mxfp818gdn_mxfp8_top_implEhthhPA128_K7ap_uintILi8EEPA4_S2_S4_S6_S4_S6_P_942|         array|
|p_ZZN9gdn_mxfp818gdn_mxfp8_top_implEhthhPA128_K7ap_uintILi8EEPA4_S2_S4_S6_S4_S6_P_943_address0  |  out|    5|   ap_memory|  p_ZZN9gdn_mxfp818gdn_mxfp8_top_implEhthhPA128_K7ap_uintILi8EEPA4_S2_S4_S6_S4_S6_P_943|         array|
|p_ZZN9gdn_mxfp818gdn_mxfp8_top_implEhthhPA128_K7ap_uintILi8EEPA4_S2_S4_S6_S4_S6_P_943_ce0       |  out|    1|   ap_memory|  p_ZZN9gdn_mxfp818gdn_mxfp8_top_implEhthhPA128_K7ap_uintILi8EEPA4_S2_S4_S6_S4_S6_P_943|         array|
|p_ZZN9gdn_mxfp818gdn_mxfp8_top_implEhthhPA128_K7ap_uintILi8EEPA4_S2_S4_S6_S4_S6_P_943_q0        |   in|    6|   ap_memory|  p_ZZN9gdn_mxfp818gdn_mxfp8_top_implEhthhPA128_K7ap_uintILi8EEPA4_S2_S4_S6_S4_S6_P_943|         array|
|p_ZZN9gdn_mxfp818gdn_mxfp8_top_implEhthhPA128_K7ap_uintILi8EEPA4_S2_S4_S6_S4_S6_P_944_address0  |  out|    5|   ap_memory|  p_ZZN9gdn_mxfp818gdn_mxfp8_top_implEhthhPA128_K7ap_uintILi8EEPA4_S2_S4_S6_S4_S6_P_944|         array|
|p_ZZN9gdn_mxfp818gdn_mxfp8_top_implEhthhPA128_K7ap_uintILi8EEPA4_S2_S4_S6_S4_S6_P_944_ce0       |  out|    1|   ap_memory|  p_ZZN9gdn_mxfp818gdn_mxfp8_top_implEhthhPA128_K7ap_uintILi8EEPA4_S2_S4_S6_S4_S6_P_944|         array|
|p_ZZN9gdn_mxfp818gdn_mxfp8_top_implEhthhPA128_K7ap_uintILi8EEPA4_S2_S4_S6_S4_S6_P_944_q0        |   in|    6|   ap_memory|  p_ZZN9gdn_mxfp818gdn_mxfp8_top_implEhthhPA128_K7ap_uintILi8EEPA4_S2_S4_S6_S4_S6_P_944|         array|
|p_ZZN9gdn_mxfp818gdn_mxfp8_top_implEhthhPA128_K7ap_uintILi8EEPA4_S2_S4_S6_S4_S6_P_945_address0  |  out|    5|   ap_memory|  p_ZZN9gdn_mxfp818gdn_mxfp8_top_implEhthhPA128_K7ap_uintILi8EEPA4_S2_S4_S6_S4_S6_P_945|         array|
|p_ZZN9gdn_mxfp818gdn_mxfp8_top_implEhthhPA128_K7ap_uintILi8EEPA4_S2_S4_S6_S4_S6_P_945_ce0       |  out|    1|   ap_memory|  p_ZZN9gdn_mxfp818gdn_mxfp8_top_implEhthhPA128_K7ap_uintILi8EEPA4_S2_S4_S6_S4_S6_P_945|         array|
|p_ZZN9gdn_mxfp818gdn_mxfp8_top_implEhthhPA128_K7ap_uintILi8EEPA4_S2_S4_S6_S4_S6_P_945_q0        |   in|    6|   ap_memory|  p_ZZN9gdn_mxfp818gdn_mxfp8_top_implEhthhPA128_K7ap_uintILi8EEPA4_S2_S4_S6_S4_S6_P_945|         array|
|p_ZZN9gdn_mxfp818gdn_mxfp8_top_implEhthhPA128_K7ap_uintILi8EEPA4_S2_S4_S6_S4_S6_P_946_address0  |  out|    5|   ap_memory|  p_ZZN9gdn_mxfp818gdn_mxfp8_top_implEhthhPA128_K7ap_uintILi8EEPA4_S2_S4_S6_S4_S6_P_946|         array|
|p_ZZN9gdn_mxfp818gdn_mxfp8_top_implEhthhPA128_K7ap_uintILi8EEPA4_S2_S4_S6_S4_S6_P_946_ce0       |  out|    1|   ap_memory|  p_ZZN9gdn_mxfp818gdn_mxfp8_top_implEhthhPA128_K7ap_uintILi8EEPA4_S2_S4_S6_S4_S6_P_946|         array|
|p_ZZN9gdn_mxfp818gdn_mxfp8_top_implEhthhPA128_K7ap_uintILi8EEPA4_S2_S4_S6_S4_S6_P_946_q0        |   in|    6|   ap_memory|  p_ZZN9gdn_mxfp818gdn_mxfp8_top_implEhthhPA128_K7ap_uintILi8EEPA4_S2_S4_S6_S4_S6_P_946|         array|
|p_ZZN9gdn_mxfp818gdn_mxfp8_top_implEhthhPA128_K7ap_uintILi8EEPA4_S2_S4_S6_S4_S6_P_947_address0  |  out|    5|   ap_memory|  p_ZZN9gdn_mxfp818gdn_mxfp8_top_implEhthhPA128_K7ap_uintILi8EEPA4_S2_S4_S6_S4_S6_P_947|         array|
|p_ZZN9gdn_mxfp818gdn_mxfp8_top_implEhthhPA128_K7ap_uintILi8EEPA4_S2_S4_S6_S4_S6_P_947_ce0       |  out|    1|   ap_memory|  p_ZZN9gdn_mxfp818gdn_mxfp8_top_implEhthhPA128_K7ap_uintILi8EEPA4_S2_S4_S6_S4_S6_P_947|         array|
|p_ZZN9gdn_mxfp818gdn_mxfp8_top_implEhthhPA128_K7ap_uintILi8EEPA4_S2_S4_S6_S4_S6_P_947_q0        |   in|    6|   ap_memory|  p_ZZN9gdn_mxfp818gdn_mxfp8_top_implEhthhPA128_K7ap_uintILi8EEPA4_S2_S4_S6_S4_S6_P_947|         array|
|p_ZZN9gdn_mxfp818gdn_mxfp8_top_implEhthhPA128_K7ap_uintILi8EEPA4_S2_S4_S6_S4_S6_P_948_address0  |  out|    5|   ap_memory|  p_ZZN9gdn_mxfp818gdn_mxfp8_top_implEhthhPA128_K7ap_uintILi8EEPA4_S2_S4_S6_S4_S6_P_948|         array|
|p_ZZN9gdn_mxfp818gdn_mxfp8_top_implEhthhPA128_K7ap_uintILi8EEPA4_S2_S4_S6_S4_S6_P_948_ce0       |  out|    1|   ap_memory|  p_ZZN9gdn_mxfp818gdn_mxfp8_top_implEhthhPA128_K7ap_uintILi8EEPA4_S2_S4_S6_S4_S6_P_948|         array|
|p_ZZN9gdn_mxfp818gdn_mxfp8_top_implEhthhPA128_K7ap_uintILi8EEPA4_S2_S4_S6_S4_S6_P_948_q0        |   in|    6|   ap_memory|  p_ZZN9gdn_mxfp818gdn_mxfp8_top_implEhthhPA128_K7ap_uintILi8EEPA4_S2_S4_S6_S4_S6_P_948|         array|
|p_ZZN9gdn_mxfp818gdn_mxfp8_top_implEhthhPA128_K7ap_uintILi8EEPA4_S2_S4_S6_S4_S6_P_949_address0  |  out|    5|   ap_memory|  p_ZZN9gdn_mxfp818gdn_mxfp8_top_implEhthhPA128_K7ap_uintILi8EEPA4_S2_S4_S6_S4_S6_P_949|         array|
|p_ZZN9gdn_mxfp818gdn_mxfp8_top_implEhthhPA128_K7ap_uintILi8EEPA4_S2_S4_S6_S4_S6_P_949_ce0       |  out|    1|   ap_memory|  p_ZZN9gdn_mxfp818gdn_mxfp8_top_implEhthhPA128_K7ap_uintILi8EEPA4_S2_S4_S6_S4_S6_P_949|         array|
|p_ZZN9gdn_mxfp818gdn_mxfp8_top_implEhthhPA128_K7ap_uintILi8EEPA4_S2_S4_S6_S4_S6_P_949_q0        |   in|    6|   ap_memory|  p_ZZN9gdn_mxfp818gdn_mxfp8_top_implEhthhPA128_K7ap_uintILi8EEPA4_S2_S4_S6_S4_S6_P_949|         array|
|p_ZZN9gdn_mxfp818gdn_mxfp8_top_implEhthhPA128_K7ap_uintILi8EEPA4_S2_S4_S6_S4_S6_P_950_address0  |  out|    5|   ap_memory|  p_ZZN9gdn_mxfp818gdn_mxfp8_top_implEhthhPA128_K7ap_uintILi8EEPA4_S2_S4_S6_S4_S6_P_950|         array|
|p_ZZN9gdn_mxfp818gdn_mxfp8_top_implEhthhPA128_K7ap_uintILi8EEPA4_S2_S4_S6_S4_S6_P_950_ce0       |  out|    1|   ap_memory|  p_ZZN9gdn_mxfp818gdn_mxfp8_top_implEhthhPA128_K7ap_uintILi8EEPA4_S2_S4_S6_S4_S6_P_950|         array|
|p_ZZN9gdn_mxfp818gdn_mxfp8_top_implEhthhPA128_K7ap_uintILi8EEPA4_S2_S4_S6_S4_S6_P_950_q0        |   in|    6|   ap_memory|  p_ZZN9gdn_mxfp818gdn_mxfp8_top_implEhthhPA128_K7ap_uintILi8EEPA4_S2_S4_S6_S4_S6_P_950|         array|
|p_ZZN9gdn_mxfp818gdn_mxfp8_top_implEhthhPA128_K7ap_uintILi8EEPA4_S2_S4_S6_S4_S6_P_951_address0  |  out|    5|   ap_memory|  p_ZZN9gdn_mxfp818gdn_mxfp8_top_implEhthhPA128_K7ap_uintILi8EEPA4_S2_S4_S6_S4_S6_P_951|         array|
|p_ZZN9gdn_mxfp818gdn_mxfp8_top_implEhthhPA128_K7ap_uintILi8EEPA4_S2_S4_S6_S4_S6_P_951_ce0       |  out|    1|   ap_memory|  p_ZZN9gdn_mxfp818gdn_mxfp8_top_implEhthhPA128_K7ap_uintILi8EEPA4_S2_S4_S6_S4_S6_P_951|         array|
|p_ZZN9gdn_mxfp818gdn_mxfp8_top_implEhthhPA128_K7ap_uintILi8EEPA4_S2_S4_S6_S4_S6_P_951_q0        |   in|    6|   ap_memory|  p_ZZN9gdn_mxfp818gdn_mxfp8_top_implEhthhPA128_K7ap_uintILi8EEPA4_S2_S4_S6_S4_S6_P_951|         array|
|p_ZZN9gdn_mxfp818gdn_mxfp8_top_implEhthhPA128_K7ap_uintILi8EEPA4_S2_S4_S6_S4_S6_P_952_address0  |  out|    5|   ap_memory|  p_ZZN9gdn_mxfp818gdn_mxfp8_top_implEhthhPA128_K7ap_uintILi8EEPA4_S2_S4_S6_S4_S6_P_952|         array|
|p_ZZN9gdn_mxfp818gdn_mxfp8_top_implEhthhPA128_K7ap_uintILi8EEPA4_S2_S4_S6_S4_S6_P_952_ce0       |  out|    1|   ap_memory|  p_ZZN9gdn_mxfp818gdn_mxfp8_top_implEhthhPA128_K7ap_uintILi8EEPA4_S2_S4_S6_S4_S6_P_952|         array|
|p_ZZN9gdn_mxfp818gdn_mxfp8_top_implEhthhPA128_K7ap_uintILi8EEPA4_S2_S4_S6_S4_S6_P_952_q0        |   in|    6|   ap_memory|  p_ZZN9gdn_mxfp818gdn_mxfp8_top_implEhthhPA128_K7ap_uintILi8EEPA4_S2_S4_S6_S4_S6_P_952|         array|
|p_ZZN9gdn_mxfp818gdn_mxfp8_top_implEhthhPA128_K7ap_uintILi8EEPA4_S2_S4_S6_S4_S6_P_953_address0  |  out|    5|   ap_memory|  p_ZZN9gdn_mxfp818gdn_mxfp8_top_implEhthhPA128_K7ap_uintILi8EEPA4_S2_S4_S6_S4_S6_P_953|         array|
|p_ZZN9gdn_mxfp818gdn_mxfp8_top_implEhthhPA128_K7ap_uintILi8EEPA4_S2_S4_S6_S4_S6_P_953_ce0       |  out|    1|   ap_memory|  p_ZZN9gdn_mxfp818gdn_mxfp8_top_implEhthhPA128_K7ap_uintILi8EEPA4_S2_S4_S6_S4_S6_P_953|         array|
|p_ZZN9gdn_mxfp818gdn_mxfp8_top_implEhthhPA128_K7ap_uintILi8EEPA4_S2_S4_S6_S4_S6_P_953_q0        |   in|    6|   ap_memory|  p_ZZN9gdn_mxfp818gdn_mxfp8_top_implEhthhPA128_K7ap_uintILi8EEPA4_S2_S4_S6_S4_S6_P_953|         array|
|p_ZZN9gdn_mxfp818gdn_mxfp8_top_implEhthhPA128_K7ap_uintILi8EEPA4_S2_S4_S6_S4_S6_P_954_address0  |  out|    5|   ap_memory|  p_ZZN9gdn_mxfp818gdn_mxfp8_top_implEhthhPA128_K7ap_uintILi8EEPA4_S2_S4_S6_S4_S6_P_954|         array|
|p_ZZN9gdn_mxfp818gdn_mxfp8_top_implEhthhPA128_K7ap_uintILi8EEPA4_S2_S4_S6_S4_S6_P_954_ce0       |  out|    1|   ap_memory|  p_ZZN9gdn_mxfp818gdn_mxfp8_top_implEhthhPA128_K7ap_uintILi8EEPA4_S2_S4_S6_S4_S6_P_954|         array|
|p_ZZN9gdn_mxfp818gdn_mxfp8_top_implEhthhPA128_K7ap_uintILi8EEPA4_S2_S4_S6_S4_S6_P_954_q0        |   in|    6|   ap_memory|  p_ZZN9gdn_mxfp818gdn_mxfp8_top_implEhthhPA128_K7ap_uintILi8EEPA4_S2_S4_S6_S4_S6_P_954|         array|
|p_ZZN9gdn_mxfp818gdn_mxfp8_top_implEhthhPA128_K7ap_uintILi8EEPA4_S2_S4_S6_S4_S6_P_955_address0  |  out|    5|   ap_memory|  p_ZZN9gdn_mxfp818gdn_mxfp8_top_implEhthhPA128_K7ap_uintILi8EEPA4_S2_S4_S6_S4_S6_P_955|         array|
|p_ZZN9gdn_mxfp818gdn_mxfp8_top_implEhthhPA128_K7ap_uintILi8EEPA4_S2_S4_S6_S4_S6_P_955_ce0       |  out|    1|   ap_memory|  p_ZZN9gdn_mxfp818gdn_mxfp8_top_implEhthhPA128_K7ap_uintILi8EEPA4_S2_S4_S6_S4_S6_P_955|         array|
|p_ZZN9gdn_mxfp818gdn_mxfp8_top_implEhthhPA128_K7ap_uintILi8EEPA4_S2_S4_S6_S4_S6_P_955_q0        |   in|    6|   ap_memory|  p_ZZN9gdn_mxfp818gdn_mxfp8_top_implEhthhPA128_K7ap_uintILi8EEPA4_S2_S4_S6_S4_S6_P_955|         array|
|p_ZZN9gdn_mxfp818gdn_mxfp8_top_implEhthhPA128_K7ap_uintILi8EEPA4_S2_S4_S6_S4_S6_P_956_address0  |  out|    5|   ap_memory|  p_ZZN9gdn_mxfp818gdn_mxfp8_top_implEhthhPA128_K7ap_uintILi8EEPA4_S2_S4_S6_S4_S6_P_956|         array|
|p_ZZN9gdn_mxfp818gdn_mxfp8_top_implEhthhPA128_K7ap_uintILi8EEPA4_S2_S4_S6_S4_S6_P_956_ce0       |  out|    1|   ap_memory|  p_ZZN9gdn_mxfp818gdn_mxfp8_top_implEhthhPA128_K7ap_uintILi8EEPA4_S2_S4_S6_S4_S6_P_956|         array|
|p_ZZN9gdn_mxfp818gdn_mxfp8_top_implEhthhPA128_K7ap_uintILi8EEPA4_S2_S4_S6_S4_S6_P_956_q0        |   in|    6|   ap_memory|  p_ZZN9gdn_mxfp818gdn_mxfp8_top_implEhthhPA128_K7ap_uintILi8EEPA4_S2_S4_S6_S4_S6_P_956|         array|
|p_ZZN9gdn_mxfp818gdn_mxfp8_top_implEhthhPA128_K7ap_uintILi8EEPA4_S2_S4_S6_S4_S6_P_957_address0  |  out|    5|   ap_memory|  p_ZZN9gdn_mxfp818gdn_mxfp8_top_implEhthhPA128_K7ap_uintILi8EEPA4_S2_S4_S6_S4_S6_P_957|         array|
|p_ZZN9gdn_mxfp818gdn_mxfp8_top_implEhthhPA128_K7ap_uintILi8EEPA4_S2_S4_S6_S4_S6_P_957_ce0       |  out|    1|   ap_memory|  p_ZZN9gdn_mxfp818gdn_mxfp8_top_implEhthhPA128_K7ap_uintILi8EEPA4_S2_S4_S6_S4_S6_P_957|         array|
|p_ZZN9gdn_mxfp818gdn_mxfp8_top_implEhthhPA128_K7ap_uintILi8EEPA4_S2_S4_S6_S4_S6_P_957_q0        |   in|    6|   ap_memory|  p_ZZN9gdn_mxfp818gdn_mxfp8_top_implEhthhPA128_K7ap_uintILi8EEPA4_S2_S4_S6_S4_S6_P_957|         array|
|p_ZZN9gdn_mxfp818gdn_mxfp8_top_implEhthhPA128_K7ap_uintILi8EEPA4_S2_S4_S6_S4_S6_P_958_address0  |  out|    5|   ap_memory|  p_ZZN9gdn_mxfp818gdn_mxfp8_top_implEhthhPA128_K7ap_uintILi8EEPA4_S2_S4_S6_S4_S6_P_958|         array|
|p_ZZN9gdn_mxfp818gdn_mxfp8_top_implEhthhPA128_K7ap_uintILi8EEPA4_S2_S4_S6_S4_S6_P_958_ce0       |  out|    1|   ap_memory|  p_ZZN9gdn_mxfp818gdn_mxfp8_top_implEhthhPA128_K7ap_uintILi8EEPA4_S2_S4_S6_S4_S6_P_958|         array|
|p_ZZN9gdn_mxfp818gdn_mxfp8_top_implEhthhPA128_K7ap_uintILi8EEPA4_S2_S4_S6_S4_S6_P_958_q0        |   in|    6|   ap_memory|  p_ZZN9gdn_mxfp818gdn_mxfp8_top_implEhthhPA128_K7ap_uintILi8EEPA4_S2_S4_S6_S4_S6_P_958|         array|
|p_ZZN9gdn_mxfp818gdn_mxfp8_top_implEhthhPA128_K7ap_uintILi8EEPA4_S2_S4_S6_S4_S6_P_959_address0  |  out|    5|   ap_memory|  p_ZZN9gdn_mxfp818gdn_mxfp8_top_implEhthhPA128_K7ap_uintILi8EEPA4_S2_S4_S6_S4_S6_P_959|         array|
|p_ZZN9gdn_mxfp818gdn_mxfp8_top_implEhthhPA128_K7ap_uintILi8EEPA4_S2_S4_S6_S4_S6_P_959_ce0       |  out|    1|   ap_memory|  p_ZZN9gdn_mxfp818gdn_mxfp8_top_implEhthhPA128_K7ap_uintILi8EEPA4_S2_S4_S6_S4_S6_P_959|         array|
|p_ZZN9gdn_mxfp818gdn_mxfp8_top_implEhthhPA128_K7ap_uintILi8EEPA4_S2_S4_S6_S4_S6_P_959_q0        |   in|    6|   ap_memory|  p_ZZN9gdn_mxfp818gdn_mxfp8_top_implEhthhPA128_K7ap_uintILi8EEPA4_S2_S4_S6_S4_S6_P_959|         array|
|p_ZZN9gdn_mxfp818gdn_mxfp8_top_implEhthhPA128_K7ap_uintILi8EEPA4_S2_S4_S6_S4_S6_P_960_address0  |  out|    5|   ap_memory|  p_ZZN9gdn_mxfp818gdn_mxfp8_top_implEhthhPA128_K7ap_uintILi8EEPA4_S2_S4_S6_S4_S6_P_960|         array|
|p_ZZN9gdn_mxfp818gdn_mxfp8_top_implEhthhPA128_K7ap_uintILi8EEPA4_S2_S4_S6_S4_S6_P_960_ce0       |  out|    1|   ap_memory|  p_ZZN9gdn_mxfp818gdn_mxfp8_top_implEhthhPA128_K7ap_uintILi8EEPA4_S2_S4_S6_S4_S6_P_960|         array|
|p_ZZN9gdn_mxfp818gdn_mxfp8_top_implEhthhPA128_K7ap_uintILi8EEPA4_S2_S4_S6_S4_S6_P_960_q0        |   in|    6|   ap_memory|  p_ZZN9gdn_mxfp818gdn_mxfp8_top_implEhthhPA128_K7ap_uintILi8EEPA4_S2_S4_S6_S4_S6_P_960|         array|
|p_ZZN9gdn_mxfp818gdn_mxfp8_top_implEhthhPA128_K7ap_uintILi8EEPA4_S2_S4_S6_S4_S6_P_961_address0  |  out|    5|   ap_memory|  p_ZZN9gdn_mxfp818gdn_mxfp8_top_implEhthhPA128_K7ap_uintILi8EEPA4_S2_S4_S6_S4_S6_P_961|         array|
|p_ZZN9gdn_mxfp818gdn_mxfp8_top_implEhthhPA128_K7ap_uintILi8EEPA4_S2_S4_S6_S4_S6_P_961_ce0       |  out|    1|   ap_memory|  p_ZZN9gdn_mxfp818gdn_mxfp8_top_implEhthhPA128_K7ap_uintILi8EEPA4_S2_S4_S6_S4_S6_P_961|         array|
|p_ZZN9gdn_mxfp818gdn_mxfp8_top_implEhthhPA128_K7ap_uintILi8EEPA4_S2_S4_S6_S4_S6_P_961_q0        |   in|    6|   ap_memory|  p_ZZN9gdn_mxfp818gdn_mxfp8_top_implEhthhPA128_K7ap_uintILi8EEPA4_S2_S4_S6_S4_S6_P_961|         array|
|p_ZZN9gdn_mxfp818gdn_mxfp8_top_implEhthhPA128_K7ap_uintILi8EEPA4_S2_S4_S6_S4_S6_P_962_address0  |  out|    5|   ap_memory|  p_ZZN9gdn_mxfp818gdn_mxfp8_top_implEhthhPA128_K7ap_uintILi8EEPA4_S2_S4_S6_S4_S6_P_962|         array|
|p_ZZN9gdn_mxfp818gdn_mxfp8_top_implEhthhPA128_K7ap_uintILi8EEPA4_S2_S4_S6_S4_S6_P_962_ce0       |  out|    1|   ap_memory|  p_ZZN9gdn_mxfp818gdn_mxfp8_top_implEhthhPA128_K7ap_uintILi8EEPA4_S2_S4_S6_S4_S6_P_962|         array|
|p_ZZN9gdn_mxfp818gdn_mxfp8_top_implEhthhPA128_K7ap_uintILi8EEPA4_S2_S4_S6_S4_S6_P_962_q0        |   in|    6|   ap_memory|  p_ZZN9gdn_mxfp818gdn_mxfp8_top_implEhthhPA128_K7ap_uintILi8EEPA4_S2_S4_S6_S4_S6_P_962|         array|
|p_ZZN9gdn_mxfp818gdn_mxfp8_top_implEhthhPA128_K7ap_uintILi8EEPA4_S2_S4_S6_S4_S6_P_963_address0  |  out|    5|   ap_memory|  p_ZZN9gdn_mxfp818gdn_mxfp8_top_implEhthhPA128_K7ap_uintILi8EEPA4_S2_S4_S6_S4_S6_P_963|         array|
|p_ZZN9gdn_mxfp818gdn_mxfp8_top_implEhthhPA128_K7ap_uintILi8EEPA4_S2_S4_S6_S4_S6_P_963_ce0       |  out|    1|   ap_memory|  p_ZZN9gdn_mxfp818gdn_mxfp8_top_implEhthhPA128_K7ap_uintILi8EEPA4_S2_S4_S6_S4_S6_P_963|         array|
|p_ZZN9gdn_mxfp818gdn_mxfp8_top_implEhthhPA128_K7ap_uintILi8EEPA4_S2_S4_S6_S4_S6_P_963_q0        |   in|    6|   ap_memory|  p_ZZN9gdn_mxfp818gdn_mxfp8_top_implEhthhPA128_K7ap_uintILi8EEPA4_S2_S4_S6_S4_S6_P_963|         array|
|p_ZZN9gdn_mxfp818gdn_mxfp8_top_implEhthhPA128_K7ap_uintILi8EEPA4_S2_S4_S6_S4_S6_P_964_address0  |  out|    5|   ap_memory|  p_ZZN9gdn_mxfp818gdn_mxfp8_top_implEhthhPA128_K7ap_uintILi8EEPA4_S2_S4_S6_S4_S6_P_964|         array|
|p_ZZN9gdn_mxfp818gdn_mxfp8_top_implEhthhPA128_K7ap_uintILi8EEPA4_S2_S4_S6_S4_S6_P_964_ce0       |  out|    1|   ap_memory|  p_ZZN9gdn_mxfp818gdn_mxfp8_top_implEhthhPA128_K7ap_uintILi8EEPA4_S2_S4_S6_S4_S6_P_964|         array|
|p_ZZN9gdn_mxfp818gdn_mxfp8_top_implEhthhPA128_K7ap_uintILi8EEPA4_S2_S4_S6_S4_S6_P_964_q0        |   in|    6|   ap_memory|  p_ZZN9gdn_mxfp818gdn_mxfp8_top_implEhthhPA128_K7ap_uintILi8EEPA4_S2_S4_S6_S4_S6_P_964|         array|
|p_ZZN9gdn_mxfp818gdn_mxfp8_top_implEhthhPA128_K7ap_uintILi8EEPA4_S2_S4_S6_S4_S6_P_965_address0  |  out|    5|   ap_memory|  p_ZZN9gdn_mxfp818gdn_mxfp8_top_implEhthhPA128_K7ap_uintILi8EEPA4_S2_S4_S6_S4_S6_P_965|         array|
|p_ZZN9gdn_mxfp818gdn_mxfp8_top_implEhthhPA128_K7ap_uintILi8EEPA4_S2_S4_S6_S4_S6_P_965_ce0       |  out|    1|   ap_memory|  p_ZZN9gdn_mxfp818gdn_mxfp8_top_implEhthhPA128_K7ap_uintILi8EEPA4_S2_S4_S6_S4_S6_P_965|         array|
|p_ZZN9gdn_mxfp818gdn_mxfp8_top_implEhthhPA128_K7ap_uintILi8EEPA4_S2_S4_S6_S4_S6_P_965_q0        |   in|    6|   ap_memory|  p_ZZN9gdn_mxfp818gdn_mxfp8_top_implEhthhPA128_K7ap_uintILi8EEPA4_S2_S4_S6_S4_S6_P_965|         array|
|p_ZZN9gdn_mxfp818gdn_mxfp8_top_implEhthhPA128_K7ap_uintILi8EEPA4_S2_S4_S6_S4_S6_P_966_address0  |  out|    5|   ap_memory|  p_ZZN9gdn_mxfp818gdn_mxfp8_top_implEhthhPA128_K7ap_uintILi8EEPA4_S2_S4_S6_S4_S6_P_966|         array|
|p_ZZN9gdn_mxfp818gdn_mxfp8_top_implEhthhPA128_K7ap_uintILi8EEPA4_S2_S4_S6_S4_S6_P_966_ce0       |  out|    1|   ap_memory|  p_ZZN9gdn_mxfp818gdn_mxfp8_top_implEhthhPA128_K7ap_uintILi8EEPA4_S2_S4_S6_S4_S6_P_966|         array|
|p_ZZN9gdn_mxfp818gdn_mxfp8_top_implEhthhPA128_K7ap_uintILi8EEPA4_S2_S4_S6_S4_S6_P_966_q0        |   in|    6|   ap_memory|  p_ZZN9gdn_mxfp818gdn_mxfp8_top_implEhthhPA128_K7ap_uintILi8EEPA4_S2_S4_S6_S4_S6_P_966|         array|
|p_ZZN9gdn_mxfp818gdn_mxfp8_top_implEhthhPA128_K7ap_uintILi8EEPA4_S2_S4_S6_S4_S6_P_967_address0  |  out|    5|   ap_memory|  p_ZZN9gdn_mxfp818gdn_mxfp8_top_implEhthhPA128_K7ap_uintILi8EEPA4_S2_S4_S6_S4_S6_P_967|         array|
|p_ZZN9gdn_mxfp818gdn_mxfp8_top_implEhthhPA128_K7ap_uintILi8EEPA4_S2_S4_S6_S4_S6_P_967_ce0       |  out|    1|   ap_memory|  p_ZZN9gdn_mxfp818gdn_mxfp8_top_implEhthhPA128_K7ap_uintILi8EEPA4_S2_S4_S6_S4_S6_P_967|         array|
|p_ZZN9gdn_mxfp818gdn_mxfp8_top_implEhthhPA128_K7ap_uintILi8EEPA4_S2_S4_S6_S4_S6_P_967_q0        |   in|    6|   ap_memory|  p_ZZN9gdn_mxfp818gdn_mxfp8_top_implEhthhPA128_K7ap_uintILi8EEPA4_S2_S4_S6_S4_S6_P_967|         array|
|p_ZZN9gdn_mxfp818gdn_mxfp8_top_implEhthhPA128_K7ap_uintILi8EEPA4_S2_S4_S6_S4_S6_P_968_address0  |  out|    5|   ap_memory|  p_ZZN9gdn_mxfp818gdn_mxfp8_top_implEhthhPA128_K7ap_uintILi8EEPA4_S2_S4_S6_S4_S6_P_968|         array|
|p_ZZN9gdn_mxfp818gdn_mxfp8_top_implEhthhPA128_K7ap_uintILi8EEPA4_S2_S4_S6_S4_S6_P_968_ce0       |  out|    1|   ap_memory|  p_ZZN9gdn_mxfp818gdn_mxfp8_top_implEhthhPA128_K7ap_uintILi8EEPA4_S2_S4_S6_S4_S6_P_968|         array|
|p_ZZN9gdn_mxfp818gdn_mxfp8_top_implEhthhPA128_K7ap_uintILi8EEPA4_S2_S4_S6_S4_S6_P_968_q0        |   in|    6|   ap_memory|  p_ZZN9gdn_mxfp818gdn_mxfp8_top_implEhthhPA128_K7ap_uintILi8EEPA4_S2_S4_S6_S4_S6_P_968|         array|
|p_ZZN9gdn_mxfp818gdn_mxfp8_top_implEhthhPA128_K7ap_uintILi8EEPA4_S2_S4_S6_S4_S6_P_969_address0  |  out|    5|   ap_memory|  p_ZZN9gdn_mxfp818gdn_mxfp8_top_implEhthhPA128_K7ap_uintILi8EEPA4_S2_S4_S6_S4_S6_P_969|         array|
|p_ZZN9gdn_mxfp818gdn_mxfp8_top_implEhthhPA128_K7ap_uintILi8EEPA4_S2_S4_S6_S4_S6_P_969_ce0       |  out|    1|   ap_memory|  p_ZZN9gdn_mxfp818gdn_mxfp8_top_implEhthhPA128_K7ap_uintILi8EEPA4_S2_S4_S6_S4_S6_P_969|         array|
|p_ZZN9gdn_mxfp818gdn_mxfp8_top_implEhthhPA128_K7ap_uintILi8EEPA4_S2_S4_S6_S4_S6_P_969_q0        |   in|    6|   ap_memory|  p_ZZN9gdn_mxfp818gdn_mxfp8_top_implEhthhPA128_K7ap_uintILi8EEPA4_S2_S4_S6_S4_S6_P_969|         array|
|p_ZZN9gdn_mxfp818gdn_mxfp8_top_implEhthhPA128_K7ap_uintILi8EEPA4_S2_S4_S6_S4_S6_P_970_address0  |  out|    5|   ap_memory|  p_ZZN9gdn_mxfp818gdn_mxfp8_top_implEhthhPA128_K7ap_uintILi8EEPA4_S2_S4_S6_S4_S6_P_970|         array|
|p_ZZN9gdn_mxfp818gdn_mxfp8_top_implEhthhPA128_K7ap_uintILi8EEPA4_S2_S4_S6_S4_S6_P_970_ce0       |  out|    1|   ap_memory|  p_ZZN9gdn_mxfp818gdn_mxfp8_top_implEhthhPA128_K7ap_uintILi8EEPA4_S2_S4_S6_S4_S6_P_970|         array|
|p_ZZN9gdn_mxfp818gdn_mxfp8_top_implEhthhPA128_K7ap_uintILi8EEPA4_S2_S4_S6_S4_S6_P_970_q0        |   in|    6|   ap_memory|  p_ZZN9gdn_mxfp818gdn_mxfp8_top_implEhthhPA128_K7ap_uintILi8EEPA4_S2_S4_S6_S4_S6_P_970|         array|
|p_ZZN9gdn_mxfp818gdn_mxfp8_top_implEhthhPA128_K7ap_uintILi8EEPA4_S2_S4_S6_S4_S6_P_859_address0  |  out|    5|   ap_memory|  p_ZZN9gdn_mxfp818gdn_mxfp8_top_implEhthhPA128_K7ap_uintILi8EEPA4_S2_S4_S6_S4_S6_P_859|         array|
|p_ZZN9gdn_mxfp818gdn_mxfp8_top_implEhthhPA128_K7ap_uintILi8EEPA4_S2_S4_S6_S4_S6_P_859_ce0       |  out|    1|   ap_memory|  p_ZZN9gdn_mxfp818gdn_mxfp8_top_implEhthhPA128_K7ap_uintILi8EEPA4_S2_S4_S6_S4_S6_P_859|         array|
|p_ZZN9gdn_mxfp818gdn_mxfp8_top_implEhthhPA128_K7ap_uintILi8EEPA4_S2_S4_S6_S4_S6_P_859_q0        |   in|    6|   ap_memory|  p_ZZN9gdn_mxfp818gdn_mxfp8_top_implEhthhPA128_K7ap_uintILi8EEPA4_S2_S4_S6_S4_S6_P_859|         array|
|p_ZZN9gdn_mxfp818gdn_mxfp8_top_implEhthhPA128_K7ap_uintILi8EEPA4_S2_S4_S6_S4_S6_P_860_address0  |  out|    5|   ap_memory|  p_ZZN9gdn_mxfp818gdn_mxfp8_top_implEhthhPA128_K7ap_uintILi8EEPA4_S2_S4_S6_S4_S6_P_860|         array|
|p_ZZN9gdn_mxfp818gdn_mxfp8_top_implEhthhPA128_K7ap_uintILi8EEPA4_S2_S4_S6_S4_S6_P_860_ce0       |  out|    1|   ap_memory|  p_ZZN9gdn_mxfp818gdn_mxfp8_top_implEhthhPA128_K7ap_uintILi8EEPA4_S2_S4_S6_S4_S6_P_860|         array|
|p_ZZN9gdn_mxfp818gdn_mxfp8_top_implEhthhPA128_K7ap_uintILi8EEPA4_S2_S4_S6_S4_S6_P_860_q0        |   in|    6|   ap_memory|  p_ZZN9gdn_mxfp818gdn_mxfp8_top_implEhthhPA128_K7ap_uintILi8EEPA4_S2_S4_S6_S4_S6_P_860|         array|
|p_ZZN9gdn_mxfp818gdn_mxfp8_top_implEhthhPA128_K7ap_uintILi8EEPA4_S2_S4_S6_S4_S6_P_861_address0  |  out|    5|   ap_memory|  p_ZZN9gdn_mxfp818gdn_mxfp8_top_implEhthhPA128_K7ap_uintILi8EEPA4_S2_S4_S6_S4_S6_P_861|         array|
|p_ZZN9gdn_mxfp818gdn_mxfp8_top_implEhthhPA128_K7ap_uintILi8EEPA4_S2_S4_S6_S4_S6_P_861_ce0       |  out|    1|   ap_memory|  p_ZZN9gdn_mxfp818gdn_mxfp8_top_implEhthhPA128_K7ap_uintILi8EEPA4_S2_S4_S6_S4_S6_P_861|         array|
|p_ZZN9gdn_mxfp818gdn_mxfp8_top_implEhthhPA128_K7ap_uintILi8EEPA4_S2_S4_S6_S4_S6_P_861_q0        |   in|    6|   ap_memory|  p_ZZN9gdn_mxfp818gdn_mxfp8_top_implEhthhPA128_K7ap_uintILi8EEPA4_S2_S4_S6_S4_S6_P_861|         array|
|p_ZZN9gdn_mxfp818gdn_mxfp8_top_implEhthhPA128_K7ap_uintILi8EEPA4_S2_S4_S6_S4_S6_P_862_address0  |  out|    5|   ap_memory|  p_ZZN9gdn_mxfp818gdn_mxfp8_top_implEhthhPA128_K7ap_uintILi8EEPA4_S2_S4_S6_S4_S6_P_862|         array|
|p_ZZN9gdn_mxfp818gdn_mxfp8_top_implEhthhPA128_K7ap_uintILi8EEPA4_S2_S4_S6_S4_S6_P_862_ce0       |  out|    1|   ap_memory|  p_ZZN9gdn_mxfp818gdn_mxfp8_top_implEhthhPA128_K7ap_uintILi8EEPA4_S2_S4_S6_S4_S6_P_862|         array|
|p_ZZN9gdn_mxfp818gdn_mxfp8_top_implEhthhPA128_K7ap_uintILi8EEPA4_S2_S4_S6_S4_S6_P_862_q0        |   in|    6|   ap_memory|  p_ZZN9gdn_mxfp818gdn_mxfp8_top_implEhthhPA128_K7ap_uintILi8EEPA4_S2_S4_S6_S4_S6_P_862|         array|
|p_ZZN9gdn_mxfp818gdn_mxfp8_top_implEhthhPA128_K7ap_uintILi8EEPA4_S2_S4_S6_S4_S6_P_863_address0  |  out|    5|   ap_memory|  p_ZZN9gdn_mxfp818gdn_mxfp8_top_implEhthhPA128_K7ap_uintILi8EEPA4_S2_S4_S6_S4_S6_P_863|         array|
|p_ZZN9gdn_mxfp818gdn_mxfp8_top_implEhthhPA128_K7ap_uintILi8EEPA4_S2_S4_S6_S4_S6_P_863_ce0       |  out|    1|   ap_memory|  p_ZZN9gdn_mxfp818gdn_mxfp8_top_implEhthhPA128_K7ap_uintILi8EEPA4_S2_S4_S6_S4_S6_P_863|         array|
|p_ZZN9gdn_mxfp818gdn_mxfp8_top_implEhthhPA128_K7ap_uintILi8EEPA4_S2_S4_S6_S4_S6_P_863_q0        |   in|    6|   ap_memory|  p_ZZN9gdn_mxfp818gdn_mxfp8_top_implEhthhPA128_K7ap_uintILi8EEPA4_S2_S4_S6_S4_S6_P_863|         array|
|p_ZZN9gdn_mxfp818gdn_mxfp8_top_implEhthhPA128_K7ap_uintILi8EEPA4_S2_S4_S6_S4_S6_P_864_address0  |  out|    5|   ap_memory|  p_ZZN9gdn_mxfp818gdn_mxfp8_top_implEhthhPA128_K7ap_uintILi8EEPA4_S2_S4_S6_S4_S6_P_864|         array|
|p_ZZN9gdn_mxfp818gdn_mxfp8_top_implEhthhPA128_K7ap_uintILi8EEPA4_S2_S4_S6_S4_S6_P_864_ce0       |  out|    1|   ap_memory|  p_ZZN9gdn_mxfp818gdn_mxfp8_top_implEhthhPA128_K7ap_uintILi8EEPA4_S2_S4_S6_S4_S6_P_864|         array|
|p_ZZN9gdn_mxfp818gdn_mxfp8_top_implEhthhPA128_K7ap_uintILi8EEPA4_S2_S4_S6_S4_S6_P_864_q0        |   in|    6|   ap_memory|  p_ZZN9gdn_mxfp818gdn_mxfp8_top_implEhthhPA128_K7ap_uintILi8EEPA4_S2_S4_S6_S4_S6_P_864|         array|
|p_ZZN9gdn_mxfp818gdn_mxfp8_top_implEhthhPA128_K7ap_uintILi8EEPA4_S2_S4_S6_S4_S6_P_865_address0  |  out|    5|   ap_memory|  p_ZZN9gdn_mxfp818gdn_mxfp8_top_implEhthhPA128_K7ap_uintILi8EEPA4_S2_S4_S6_S4_S6_P_865|         array|
|p_ZZN9gdn_mxfp818gdn_mxfp8_top_implEhthhPA128_K7ap_uintILi8EEPA4_S2_S4_S6_S4_S6_P_865_ce0       |  out|    1|   ap_memory|  p_ZZN9gdn_mxfp818gdn_mxfp8_top_implEhthhPA128_K7ap_uintILi8EEPA4_S2_S4_S6_S4_S6_P_865|         array|
|p_ZZN9gdn_mxfp818gdn_mxfp8_top_implEhthhPA128_K7ap_uintILi8EEPA4_S2_S4_S6_S4_S6_P_865_q0        |   in|    6|   ap_memory|  p_ZZN9gdn_mxfp818gdn_mxfp8_top_implEhthhPA128_K7ap_uintILi8EEPA4_S2_S4_S6_S4_S6_P_865|         array|
|p_ZZN9gdn_mxfp818gdn_mxfp8_top_implEhthhPA128_K7ap_uintILi8EEPA4_S2_S4_S6_S4_S6_P_866_address0  |  out|    5|   ap_memory|  p_ZZN9gdn_mxfp818gdn_mxfp8_top_implEhthhPA128_K7ap_uintILi8EEPA4_S2_S4_S6_S4_S6_P_866|         array|
|p_ZZN9gdn_mxfp818gdn_mxfp8_top_implEhthhPA128_K7ap_uintILi8EEPA4_S2_S4_S6_S4_S6_P_866_ce0       |  out|    1|   ap_memory|  p_ZZN9gdn_mxfp818gdn_mxfp8_top_implEhthhPA128_K7ap_uintILi8EEPA4_S2_S4_S6_S4_S6_P_866|         array|
|p_ZZN9gdn_mxfp818gdn_mxfp8_top_implEhthhPA128_K7ap_uintILi8EEPA4_S2_S4_S6_S4_S6_P_866_q0        |   in|    6|   ap_memory|  p_ZZN9gdn_mxfp818gdn_mxfp8_top_implEhthhPA128_K7ap_uintILi8EEPA4_S2_S4_S6_S4_S6_P_866|         array|
|p_ZZN9gdn_mxfp818gdn_mxfp8_top_implEhthhPA128_K7ap_uintILi8EEPA4_S2_S4_S6_S4_S6_P_867_address0  |  out|    5|   ap_memory|  p_ZZN9gdn_mxfp818gdn_mxfp8_top_implEhthhPA128_K7ap_uintILi8EEPA4_S2_S4_S6_S4_S6_P_867|         array|
|p_ZZN9gdn_mxfp818gdn_mxfp8_top_implEhthhPA128_K7ap_uintILi8EEPA4_S2_S4_S6_S4_S6_P_867_ce0       |  out|    1|   ap_memory|  p_ZZN9gdn_mxfp818gdn_mxfp8_top_implEhthhPA128_K7ap_uintILi8EEPA4_S2_S4_S6_S4_S6_P_867|         array|
|p_ZZN9gdn_mxfp818gdn_mxfp8_top_implEhthhPA128_K7ap_uintILi8EEPA4_S2_S4_S6_S4_S6_P_867_q0        |   in|    6|   ap_memory|  p_ZZN9gdn_mxfp818gdn_mxfp8_top_implEhthhPA128_K7ap_uintILi8EEPA4_S2_S4_S6_S4_S6_P_867|         array|
|p_ZZN9gdn_mxfp818gdn_mxfp8_top_implEhthhPA128_K7ap_uintILi8EEPA4_S2_S4_S6_S4_S6_P_868_address0  |  out|    5|   ap_memory|  p_ZZN9gdn_mxfp818gdn_mxfp8_top_implEhthhPA128_K7ap_uintILi8EEPA4_S2_S4_S6_S4_S6_P_868|         array|
|p_ZZN9gdn_mxfp818gdn_mxfp8_top_implEhthhPA128_K7ap_uintILi8EEPA4_S2_S4_S6_S4_S6_P_868_ce0       |  out|    1|   ap_memory|  p_ZZN9gdn_mxfp818gdn_mxfp8_top_implEhthhPA128_K7ap_uintILi8EEPA4_S2_S4_S6_S4_S6_P_868|         array|
|p_ZZN9gdn_mxfp818gdn_mxfp8_top_implEhthhPA128_K7ap_uintILi8EEPA4_S2_S4_S6_S4_S6_P_868_q0        |   in|    6|   ap_memory|  p_ZZN9gdn_mxfp818gdn_mxfp8_top_implEhthhPA128_K7ap_uintILi8EEPA4_S2_S4_S6_S4_S6_P_868|         array|
|p_ZZN9gdn_mxfp818gdn_mxfp8_top_implEhthhPA128_K7ap_uintILi8EEPA4_S2_S4_S6_S4_S6_P_869_address0  |  out|    5|   ap_memory|  p_ZZN9gdn_mxfp818gdn_mxfp8_top_implEhthhPA128_K7ap_uintILi8EEPA4_S2_S4_S6_S4_S6_P_869|         array|
|p_ZZN9gdn_mxfp818gdn_mxfp8_top_implEhthhPA128_K7ap_uintILi8EEPA4_S2_S4_S6_S4_S6_P_869_ce0       |  out|    1|   ap_memory|  p_ZZN9gdn_mxfp818gdn_mxfp8_top_implEhthhPA128_K7ap_uintILi8EEPA4_S2_S4_S6_S4_S6_P_869|         array|
|p_ZZN9gdn_mxfp818gdn_mxfp8_top_implEhthhPA128_K7ap_uintILi8EEPA4_S2_S4_S6_S4_S6_P_869_q0        |   in|    6|   ap_memory|  p_ZZN9gdn_mxfp818gdn_mxfp8_top_implEhthhPA128_K7ap_uintILi8EEPA4_S2_S4_S6_S4_S6_P_869|         array|
|p_ZZN9gdn_mxfp818gdn_mxfp8_top_implEhthhPA128_K7ap_uintILi8EEPA4_S2_S4_S6_S4_S6_P_870_address0  |  out|    5|   ap_memory|  p_ZZN9gdn_mxfp818gdn_mxfp8_top_implEhthhPA128_K7ap_uintILi8EEPA4_S2_S4_S6_S4_S6_P_870|         array|
|p_ZZN9gdn_mxfp818gdn_mxfp8_top_implEhthhPA128_K7ap_uintILi8EEPA4_S2_S4_S6_S4_S6_P_870_ce0       |  out|    1|   ap_memory|  p_ZZN9gdn_mxfp818gdn_mxfp8_top_implEhthhPA128_K7ap_uintILi8EEPA4_S2_S4_S6_S4_S6_P_870|         array|
|p_ZZN9gdn_mxfp818gdn_mxfp8_top_implEhthhPA128_K7ap_uintILi8EEPA4_S2_S4_S6_S4_S6_P_870_q0        |   in|    6|   ap_memory|  p_ZZN9gdn_mxfp818gdn_mxfp8_top_implEhthhPA128_K7ap_uintILi8EEPA4_S2_S4_S6_S4_S6_P_870|         array|
|p_ZZN9gdn_mxfp818gdn_mxfp8_top_implEhthhPA128_K7ap_uintILi8EEPA4_S2_S4_S6_S4_S6_P_871_address0  |  out|    5|   ap_memory|  p_ZZN9gdn_mxfp818gdn_mxfp8_top_implEhthhPA128_K7ap_uintILi8EEPA4_S2_S4_S6_S4_S6_P_871|         array|
|p_ZZN9gdn_mxfp818gdn_mxfp8_top_implEhthhPA128_K7ap_uintILi8EEPA4_S2_S4_S6_S4_S6_P_871_ce0       |  out|    1|   ap_memory|  p_ZZN9gdn_mxfp818gdn_mxfp8_top_implEhthhPA128_K7ap_uintILi8EEPA4_S2_S4_S6_S4_S6_P_871|         array|
|p_ZZN9gdn_mxfp818gdn_mxfp8_top_implEhthhPA128_K7ap_uintILi8EEPA4_S2_S4_S6_S4_S6_P_871_q0        |   in|    6|   ap_memory|  p_ZZN9gdn_mxfp818gdn_mxfp8_top_implEhthhPA128_K7ap_uintILi8EEPA4_S2_S4_S6_S4_S6_P_871|         array|
|p_ZZN9gdn_mxfp818gdn_mxfp8_top_implEhthhPA128_K7ap_uintILi8EEPA4_S2_S4_S6_S4_S6_P_872_address0  |  out|    5|   ap_memory|  p_ZZN9gdn_mxfp818gdn_mxfp8_top_implEhthhPA128_K7ap_uintILi8EEPA4_S2_S4_S6_S4_S6_P_872|         array|
|p_ZZN9gdn_mxfp818gdn_mxfp8_top_implEhthhPA128_K7ap_uintILi8EEPA4_S2_S4_S6_S4_S6_P_872_ce0       |  out|    1|   ap_memory|  p_ZZN9gdn_mxfp818gdn_mxfp8_top_implEhthhPA128_K7ap_uintILi8EEPA4_S2_S4_S6_S4_S6_P_872|         array|
|p_ZZN9gdn_mxfp818gdn_mxfp8_top_implEhthhPA128_K7ap_uintILi8EEPA4_S2_S4_S6_S4_S6_P_872_q0        |   in|    6|   ap_memory|  p_ZZN9gdn_mxfp818gdn_mxfp8_top_implEhthhPA128_K7ap_uintILi8EEPA4_S2_S4_S6_S4_S6_P_872|         array|
|p_ZZN9gdn_mxfp818gdn_mxfp8_top_implEhthhPA128_K7ap_uintILi8EEPA4_S2_S4_S6_S4_S6_P_873_address0  |  out|    5|   ap_memory|  p_ZZN9gdn_mxfp818gdn_mxfp8_top_implEhthhPA128_K7ap_uintILi8EEPA4_S2_S4_S6_S4_S6_P_873|         array|
|p_ZZN9gdn_mxfp818gdn_mxfp8_top_implEhthhPA128_K7ap_uintILi8EEPA4_S2_S4_S6_S4_S6_P_873_ce0       |  out|    1|   ap_memory|  p_ZZN9gdn_mxfp818gdn_mxfp8_top_implEhthhPA128_K7ap_uintILi8EEPA4_S2_S4_S6_S4_S6_P_873|         array|
|p_ZZN9gdn_mxfp818gdn_mxfp8_top_implEhthhPA128_K7ap_uintILi8EEPA4_S2_S4_S6_S4_S6_P_873_q0        |   in|    6|   ap_memory|  p_ZZN9gdn_mxfp818gdn_mxfp8_top_implEhthhPA128_K7ap_uintILi8EEPA4_S2_S4_S6_S4_S6_P_873|         array|
|p_ZZN9gdn_mxfp818gdn_mxfp8_top_implEhthhPA128_K7ap_uintILi8EEPA4_S2_S4_S6_S4_S6_P_874_address0  |  out|    5|   ap_memory|  p_ZZN9gdn_mxfp818gdn_mxfp8_top_implEhthhPA128_K7ap_uintILi8EEPA4_S2_S4_S6_S4_S6_P_874|         array|
|p_ZZN9gdn_mxfp818gdn_mxfp8_top_implEhthhPA128_K7ap_uintILi8EEPA4_S2_S4_S6_S4_S6_P_874_ce0       |  out|    1|   ap_memory|  p_ZZN9gdn_mxfp818gdn_mxfp8_top_implEhthhPA128_K7ap_uintILi8EEPA4_S2_S4_S6_S4_S6_P_874|         array|
|p_ZZN9gdn_mxfp818gdn_mxfp8_top_implEhthhPA128_K7ap_uintILi8EEPA4_S2_S4_S6_S4_S6_P_874_q0        |   in|    6|   ap_memory|  p_ZZN9gdn_mxfp818gdn_mxfp8_top_implEhthhPA128_K7ap_uintILi8EEPA4_S2_S4_S6_S4_S6_P_874|         array|
|gdn_mxfp8_top_impl_unsigned_char_unsigned_short_unsigned_char_unsigned_char_ap_u_43_address0    |  out|    5|   ap_memory|    gdn_mxfp8_top_impl_unsigned_char_unsigned_short_unsigned_char_unsigned_char_ap_u_43|         array|
|gdn_mxfp8_top_impl_unsigned_char_unsigned_short_unsigned_char_unsigned_char_ap_u_43_ce0         |  out|    1|   ap_memory|    gdn_mxfp8_top_impl_unsigned_char_unsigned_short_unsigned_char_unsigned_char_ap_u_43|         array|
|gdn_mxfp8_top_impl_unsigned_char_unsigned_short_unsigned_char_unsigned_char_ap_u_43_q0          |   in|    6|   ap_memory|    gdn_mxfp8_top_impl_unsigned_char_unsigned_short_unsigned_char_unsigned_char_ap_u_43|         array|
|gdn_mxfp8_top_impl_unsigned_char_unsigned_short_unsigned_char_unsigned_char_ap_u_42_address0    |  out|    5|   ap_memory|    gdn_mxfp8_top_impl_unsigned_char_unsigned_short_unsigned_char_unsigned_char_ap_u_42|         array|
|gdn_mxfp8_top_impl_unsigned_char_unsigned_short_unsigned_char_unsigned_char_ap_u_42_ce0         |  out|    1|   ap_memory|    gdn_mxfp8_top_impl_unsigned_char_unsigned_short_unsigned_char_unsigned_char_ap_u_42|         array|
|gdn_mxfp8_top_impl_unsigned_char_unsigned_short_unsigned_char_unsigned_char_ap_u_42_q0          |   in|    6|   ap_memory|    gdn_mxfp8_top_impl_unsigned_char_unsigned_short_unsigned_char_unsigned_char_ap_u_42|         array|
|gdn_mxfp8_top_impl_unsigned_char_unsigned_short_unsigned_char_unsigned_char_ap_u_41_address0    |  out|    5|   ap_memory|    gdn_mxfp8_top_impl_unsigned_char_unsigned_short_unsigned_char_unsigned_char_ap_u_41|         array|
|gdn_mxfp8_top_impl_unsigned_char_unsigned_short_unsigned_char_unsigned_char_ap_u_41_ce0         |  out|    1|   ap_memory|    gdn_mxfp8_top_impl_unsigned_char_unsigned_short_unsigned_char_unsigned_char_ap_u_41|         array|
|gdn_mxfp8_top_impl_unsigned_char_unsigned_short_unsigned_char_unsigned_char_ap_u_41_q0          |   in|    6|   ap_memory|    gdn_mxfp8_top_impl_unsigned_char_unsigned_short_unsigned_char_unsigned_char_ap_u_41|         array|
|gdn_mxfp8_top_impl_unsigned_char_unsigned_short_unsigned_char_unsigned_char_ap_u_40_address0    |  out|    5|   ap_memory|    gdn_mxfp8_top_impl_unsigned_char_unsigned_short_unsigned_char_unsigned_char_ap_u_40|         array|
|gdn_mxfp8_top_impl_unsigned_char_unsigned_short_unsigned_char_unsigned_char_ap_u_40_ce0         |  out|    1|   ap_memory|    gdn_mxfp8_top_impl_unsigned_char_unsigned_short_unsigned_char_unsigned_char_ap_u_40|         array|
|gdn_mxfp8_top_impl_unsigned_char_unsigned_short_unsigned_char_unsigned_char_ap_u_40_q0          |   in|    6|   ap_memory|    gdn_mxfp8_top_impl_unsigned_char_unsigned_short_unsigned_char_unsigned_char_ap_u_40|         array|
|gdn_mxfp8_top_impl_unsigned_char_unsigned_short_unsigned_char_unsigned_char_ap_u_39_address0    |  out|    5|   ap_memory|    gdn_mxfp8_top_impl_unsigned_char_unsigned_short_unsigned_char_unsigned_char_ap_u_39|         array|
|gdn_mxfp8_top_impl_unsigned_char_unsigned_short_unsigned_char_unsigned_char_ap_u_39_ce0         |  out|    1|   ap_memory|    gdn_mxfp8_top_impl_unsigned_char_unsigned_short_unsigned_char_unsigned_char_ap_u_39|         array|
|gdn_mxfp8_top_impl_unsigned_char_unsigned_short_unsigned_char_unsigned_char_ap_u_39_q0          |   in|    6|   ap_memory|    gdn_mxfp8_top_impl_unsigned_char_unsigned_short_unsigned_char_unsigned_char_ap_u_39|         array|
|gdn_mxfp8_top_impl_unsigned_char_unsigned_short_unsigned_char_unsigned_char_ap_u_38_address0    |  out|    5|   ap_memory|    gdn_mxfp8_top_impl_unsigned_char_unsigned_short_unsigned_char_unsigned_char_ap_u_38|         array|
|gdn_mxfp8_top_impl_unsigned_char_unsigned_short_unsigned_char_unsigned_char_ap_u_38_ce0         |  out|    1|   ap_memory|    gdn_mxfp8_top_impl_unsigned_char_unsigned_short_unsigned_char_unsigned_char_ap_u_38|         array|
|gdn_mxfp8_top_impl_unsigned_char_unsigned_short_unsigned_char_unsigned_char_ap_u_38_q0          |   in|    6|   ap_memory|    gdn_mxfp8_top_impl_unsigned_char_unsigned_short_unsigned_char_unsigned_char_ap_u_38|         array|
|gdn_mxfp8_top_impl_unsigned_char_unsigned_short_unsigned_char_unsigned_char_ap_u_37_address0    |  out|    5|   ap_memory|    gdn_mxfp8_top_impl_unsigned_char_unsigned_short_unsigned_char_unsigned_char_ap_u_37|         array|
|gdn_mxfp8_top_impl_unsigned_char_unsigned_short_unsigned_char_unsigned_char_ap_u_37_ce0         |  out|    1|   ap_memory|    gdn_mxfp8_top_impl_unsigned_char_unsigned_short_unsigned_char_unsigned_char_ap_u_37|         array|
|gdn_mxfp8_top_impl_unsigned_char_unsigned_short_unsigned_char_unsigned_char_ap_u_37_q0          |   in|    6|   ap_memory|    gdn_mxfp8_top_impl_unsigned_char_unsigned_short_unsigned_char_unsigned_char_ap_u_37|         array|
|gdn_mxfp8_top_impl_unsigned_char_unsigned_short_unsigned_char_unsigned_char_ap_u_36_address0    |  out|    5|   ap_memory|    gdn_mxfp8_top_impl_unsigned_char_unsigned_short_unsigned_char_unsigned_char_ap_u_36|         array|
|gdn_mxfp8_top_impl_unsigned_char_unsigned_short_unsigned_char_unsigned_char_ap_u_36_ce0         |  out|    1|   ap_memory|    gdn_mxfp8_top_impl_unsigned_char_unsigned_short_unsigned_char_unsigned_char_ap_u_36|         array|
|gdn_mxfp8_top_impl_unsigned_char_unsigned_short_unsigned_char_unsigned_char_ap_u_36_q0          |   in|    6|   ap_memory|    gdn_mxfp8_top_impl_unsigned_char_unsigned_short_unsigned_char_unsigned_char_ap_u_36|         array|
|p_ZZN9gdn_mxfp818gdn_mxfp8_top_implEhthhPA128_K7ap_uintILi8EEPA4_S2_S4_S6_S4_S6_P_875_address0  |  out|    5|   ap_memory|  p_ZZN9gdn_mxfp818gdn_mxfp8_top_implEhthhPA128_K7ap_uintILi8EEPA4_S2_S4_S6_S4_S6_P_875|         array|
|p_ZZN9gdn_mxfp818gdn_mxfp8_top_implEhthhPA128_K7ap_uintILi8EEPA4_S2_S4_S6_S4_S6_P_875_ce0       |  out|    1|   ap_memory|  p_ZZN9gdn_mxfp818gdn_mxfp8_top_implEhthhPA128_K7ap_uintILi8EEPA4_S2_S4_S6_S4_S6_P_875|         array|
|p_ZZN9gdn_mxfp818gdn_mxfp8_top_implEhthhPA128_K7ap_uintILi8EEPA4_S2_S4_S6_S4_S6_P_875_q0        |   in|    6|   ap_memory|  p_ZZN9gdn_mxfp818gdn_mxfp8_top_implEhthhPA128_K7ap_uintILi8EEPA4_S2_S4_S6_S4_S6_P_875|         array|
|p_ZZN9gdn_mxfp818gdn_mxfp8_top_implEhthhPA128_K7ap_uintILi8EEPA4_S2_S4_S6_S4_S6_P_876_address0  |  out|    5|   ap_memory|  p_ZZN9gdn_mxfp818gdn_mxfp8_top_implEhthhPA128_K7ap_uintILi8EEPA4_S2_S4_S6_S4_S6_P_876|         array|
|p_ZZN9gdn_mxfp818gdn_mxfp8_top_implEhthhPA128_K7ap_uintILi8EEPA4_S2_S4_S6_S4_S6_P_876_ce0       |  out|    1|   ap_memory|  p_ZZN9gdn_mxfp818gdn_mxfp8_top_implEhthhPA128_K7ap_uintILi8EEPA4_S2_S4_S6_S4_S6_P_876|         array|
|p_ZZN9gdn_mxfp818gdn_mxfp8_top_implEhthhPA128_K7ap_uintILi8EEPA4_S2_S4_S6_S4_S6_P_876_q0        |   in|    6|   ap_memory|  p_ZZN9gdn_mxfp818gdn_mxfp8_top_implEhthhPA128_K7ap_uintILi8EEPA4_S2_S4_S6_S4_S6_P_876|         array|
|p_ZZN9gdn_mxfp818gdn_mxfp8_top_implEhthhPA128_K7ap_uintILi8EEPA4_S2_S4_S6_S4_S6_P_877_address0  |  out|    5|   ap_memory|  p_ZZN9gdn_mxfp818gdn_mxfp8_top_implEhthhPA128_K7ap_uintILi8EEPA4_S2_S4_S6_S4_S6_P_877|         array|
|p_ZZN9gdn_mxfp818gdn_mxfp8_top_implEhthhPA128_K7ap_uintILi8EEPA4_S2_S4_S6_S4_S6_P_877_ce0       |  out|    1|   ap_memory|  p_ZZN9gdn_mxfp818gdn_mxfp8_top_implEhthhPA128_K7ap_uintILi8EEPA4_S2_S4_S6_S4_S6_P_877|         array|
|p_ZZN9gdn_mxfp818gdn_mxfp8_top_implEhthhPA128_K7ap_uintILi8EEPA4_S2_S4_S6_S4_S6_P_877_q0        |   in|    6|   ap_memory|  p_ZZN9gdn_mxfp818gdn_mxfp8_top_implEhthhPA128_K7ap_uintILi8EEPA4_S2_S4_S6_S4_S6_P_877|         array|
|p_ZZN9gdn_mxfp818gdn_mxfp8_top_implEhthhPA128_K7ap_uintILi8EEPA4_S2_S4_S6_S4_S6_P_878_address0  |  out|    5|   ap_memory|  p_ZZN9gdn_mxfp818gdn_mxfp8_top_implEhthhPA128_K7ap_uintILi8EEPA4_S2_S4_S6_S4_S6_P_878|         array|
|p_ZZN9gdn_mxfp818gdn_mxfp8_top_implEhthhPA128_K7ap_uintILi8EEPA4_S2_S4_S6_S4_S6_P_878_ce0       |  out|    1|   ap_memory|  p_ZZN9gdn_mxfp818gdn_mxfp8_top_implEhthhPA128_K7ap_uintILi8EEPA4_S2_S4_S6_S4_S6_P_878|         array|
|p_ZZN9gdn_mxfp818gdn_mxfp8_top_implEhthhPA128_K7ap_uintILi8EEPA4_S2_S4_S6_S4_S6_P_878_q0        |   in|    6|   ap_memory|  p_ZZN9gdn_mxfp818gdn_mxfp8_top_implEhthhPA128_K7ap_uintILi8EEPA4_S2_S4_S6_S4_S6_P_878|         array|
|p_ZZN9gdn_mxfp818gdn_mxfp8_top_implEhthhPA128_K7ap_uintILi8EEPA4_S2_S4_S6_S4_S6_P_879_address0  |  out|    5|   ap_memory|  p_ZZN9gdn_mxfp818gdn_mxfp8_top_implEhthhPA128_K7ap_uintILi8EEPA4_S2_S4_S6_S4_S6_P_879|         array|
|p_ZZN9gdn_mxfp818gdn_mxfp8_top_implEhthhPA128_K7ap_uintILi8EEPA4_S2_S4_S6_S4_S6_P_879_ce0       |  out|    1|   ap_memory|  p_ZZN9gdn_mxfp818gdn_mxfp8_top_implEhthhPA128_K7ap_uintILi8EEPA4_S2_S4_S6_S4_S6_P_879|         array|
|p_ZZN9gdn_mxfp818gdn_mxfp8_top_implEhthhPA128_K7ap_uintILi8EEPA4_S2_S4_S6_S4_S6_P_879_q0        |   in|    6|   ap_memory|  p_ZZN9gdn_mxfp818gdn_mxfp8_top_implEhthhPA128_K7ap_uintILi8EEPA4_S2_S4_S6_S4_S6_P_879|         array|
|p_ZZN9gdn_mxfp818gdn_mxfp8_top_implEhthhPA128_K7ap_uintILi8EEPA4_S2_S4_S6_S4_S6_P_880_address0  |  out|    5|   ap_memory|  p_ZZN9gdn_mxfp818gdn_mxfp8_top_implEhthhPA128_K7ap_uintILi8EEPA4_S2_S4_S6_S4_S6_P_880|         array|
|p_ZZN9gdn_mxfp818gdn_mxfp8_top_implEhthhPA128_K7ap_uintILi8EEPA4_S2_S4_S6_S4_S6_P_880_ce0       |  out|    1|   ap_memory|  p_ZZN9gdn_mxfp818gdn_mxfp8_top_implEhthhPA128_K7ap_uintILi8EEPA4_S2_S4_S6_S4_S6_P_880|         array|
|p_ZZN9gdn_mxfp818gdn_mxfp8_top_implEhthhPA128_K7ap_uintILi8EEPA4_S2_S4_S6_S4_S6_P_880_q0        |   in|    6|   ap_memory|  p_ZZN9gdn_mxfp818gdn_mxfp8_top_implEhthhPA128_K7ap_uintILi8EEPA4_S2_S4_S6_S4_S6_P_880|         array|
|p_ZZN9gdn_mxfp818gdn_mxfp8_top_implEhthhPA128_K7ap_uintILi8EEPA4_S2_S4_S6_S4_S6_P_881_address0  |  out|    5|   ap_memory|  p_ZZN9gdn_mxfp818gdn_mxfp8_top_implEhthhPA128_K7ap_uintILi8EEPA4_S2_S4_S6_S4_S6_P_881|         array|
|p_ZZN9gdn_mxfp818gdn_mxfp8_top_implEhthhPA128_K7ap_uintILi8EEPA4_S2_S4_S6_S4_S6_P_881_ce0       |  out|    1|   ap_memory|  p_ZZN9gdn_mxfp818gdn_mxfp8_top_implEhthhPA128_K7ap_uintILi8EEPA4_S2_S4_S6_S4_S6_P_881|         array|
|p_ZZN9gdn_mxfp818gdn_mxfp8_top_implEhthhPA128_K7ap_uintILi8EEPA4_S2_S4_S6_S4_S6_P_881_q0        |   in|    6|   ap_memory|  p_ZZN9gdn_mxfp818gdn_mxfp8_top_implEhthhPA128_K7ap_uintILi8EEPA4_S2_S4_S6_S4_S6_P_881|         array|
|p_ZZN9gdn_mxfp818gdn_mxfp8_top_implEhthhPA128_K7ap_uintILi8EEPA4_S2_S4_S6_S4_S6_P_882_address0  |  out|    5|   ap_memory|  p_ZZN9gdn_mxfp818gdn_mxfp8_top_implEhthhPA128_K7ap_uintILi8EEPA4_S2_S4_S6_S4_S6_P_882|         array|
|p_ZZN9gdn_mxfp818gdn_mxfp8_top_implEhthhPA128_K7ap_uintILi8EEPA4_S2_S4_S6_S4_S6_P_882_ce0       |  out|    1|   ap_memory|  p_ZZN9gdn_mxfp818gdn_mxfp8_top_implEhthhPA128_K7ap_uintILi8EEPA4_S2_S4_S6_S4_S6_P_882|         array|
|p_ZZN9gdn_mxfp818gdn_mxfp8_top_implEhthhPA128_K7ap_uintILi8EEPA4_S2_S4_S6_S4_S6_P_882_q0        |   in|    6|   ap_memory|  p_ZZN9gdn_mxfp818gdn_mxfp8_top_implEhthhPA128_K7ap_uintILi8EEPA4_S2_S4_S6_S4_S6_P_882|         array|
|p_ZZN9gdn_mxfp818gdn_mxfp8_top_implEhthhPA128_K7ap_uintILi8EEPA4_S2_S4_S6_S4_S6_P_883_address0  |  out|    5|   ap_memory|  p_ZZN9gdn_mxfp818gdn_mxfp8_top_implEhthhPA128_K7ap_uintILi8EEPA4_S2_S4_S6_S4_S6_P_883|         array|
|p_ZZN9gdn_mxfp818gdn_mxfp8_top_implEhthhPA128_K7ap_uintILi8EEPA4_S2_S4_S6_S4_S6_P_883_ce0       |  out|    1|   ap_memory|  p_ZZN9gdn_mxfp818gdn_mxfp8_top_implEhthhPA128_K7ap_uintILi8EEPA4_S2_S4_S6_S4_S6_P_883|         array|
|p_ZZN9gdn_mxfp818gdn_mxfp8_top_implEhthhPA128_K7ap_uintILi8EEPA4_S2_S4_S6_S4_S6_P_883_q0        |   in|    6|   ap_memory|  p_ZZN9gdn_mxfp818gdn_mxfp8_top_implEhthhPA128_K7ap_uintILi8EEPA4_S2_S4_S6_S4_S6_P_883|         array|
|p_ZZN9gdn_mxfp818gdn_mxfp8_top_implEhthhPA128_K7ap_uintILi8EEPA4_S2_S4_S6_S4_S6_P_884_address0  |  out|    5|   ap_memory|  p_ZZN9gdn_mxfp818gdn_mxfp8_top_implEhthhPA128_K7ap_uintILi8EEPA4_S2_S4_S6_S4_S6_P_884|         array|
|p_ZZN9gdn_mxfp818gdn_mxfp8_top_implEhthhPA128_K7ap_uintILi8EEPA4_S2_S4_S6_S4_S6_P_884_ce0       |  out|    1|   ap_memory|  p_ZZN9gdn_mxfp818gdn_mxfp8_top_implEhthhPA128_K7ap_uintILi8EEPA4_S2_S4_S6_S4_S6_P_884|         array|
|p_ZZN9gdn_mxfp818gdn_mxfp8_top_implEhthhPA128_K7ap_uintILi8EEPA4_S2_S4_S6_S4_S6_P_884_q0        |   in|    6|   ap_memory|  p_ZZN9gdn_mxfp818gdn_mxfp8_top_implEhthhPA128_K7ap_uintILi8EEPA4_S2_S4_S6_S4_S6_P_884|         array|
|p_ZZN9gdn_mxfp818gdn_mxfp8_top_implEhthhPA128_K7ap_uintILi8EEPA4_S2_S4_S6_S4_S6_P_885_address0  |  out|    5|   ap_memory|  p_ZZN9gdn_mxfp818gdn_mxfp8_top_implEhthhPA128_K7ap_uintILi8EEPA4_S2_S4_S6_S4_S6_P_885|         array|
|p_ZZN9gdn_mxfp818gdn_mxfp8_top_implEhthhPA128_K7ap_uintILi8EEPA4_S2_S4_S6_S4_S6_P_885_ce0       |  out|    1|   ap_memory|  p_ZZN9gdn_mxfp818gdn_mxfp8_top_implEhthhPA128_K7ap_uintILi8EEPA4_S2_S4_S6_S4_S6_P_885|         array|
|p_ZZN9gdn_mxfp818gdn_mxfp8_top_implEhthhPA128_K7ap_uintILi8EEPA4_S2_S4_S6_S4_S6_P_885_q0        |   in|    6|   ap_memory|  p_ZZN9gdn_mxfp818gdn_mxfp8_top_implEhthhPA128_K7ap_uintILi8EEPA4_S2_S4_S6_S4_S6_P_885|         array|
|p_ZZN9gdn_mxfp818gdn_mxfp8_top_implEhthhPA128_K7ap_uintILi8EEPA4_S2_S4_S6_S4_S6_P_886_address0  |  out|    5|   ap_memory|  p_ZZN9gdn_mxfp818gdn_mxfp8_top_implEhthhPA128_K7ap_uintILi8EEPA4_S2_S4_S6_S4_S6_P_886|         array|
|p_ZZN9gdn_mxfp818gdn_mxfp8_top_implEhthhPA128_K7ap_uintILi8EEPA4_S2_S4_S6_S4_S6_P_886_ce0       |  out|    1|   ap_memory|  p_ZZN9gdn_mxfp818gdn_mxfp8_top_implEhthhPA128_K7ap_uintILi8EEPA4_S2_S4_S6_S4_S6_P_886|         array|
|p_ZZN9gdn_mxfp818gdn_mxfp8_top_implEhthhPA128_K7ap_uintILi8EEPA4_S2_S4_S6_S4_S6_P_886_q0        |   in|    6|   ap_memory|  p_ZZN9gdn_mxfp818gdn_mxfp8_top_implEhthhPA128_K7ap_uintILi8EEPA4_S2_S4_S6_S4_S6_P_886|         array|
|p_ZZN9gdn_mxfp818gdn_mxfp8_top_implEhthhPA128_K7ap_uintILi8EEPA4_S2_S4_S6_S4_S6_P_887_address0  |  out|    5|   ap_memory|  p_ZZN9gdn_mxfp818gdn_mxfp8_top_implEhthhPA128_K7ap_uintILi8EEPA4_S2_S4_S6_S4_S6_P_887|         array|
|p_ZZN9gdn_mxfp818gdn_mxfp8_top_implEhthhPA128_K7ap_uintILi8EEPA4_S2_S4_S6_S4_S6_P_887_ce0       |  out|    1|   ap_memory|  p_ZZN9gdn_mxfp818gdn_mxfp8_top_implEhthhPA128_K7ap_uintILi8EEPA4_S2_S4_S6_S4_S6_P_887|         array|
|p_ZZN9gdn_mxfp818gdn_mxfp8_top_implEhthhPA128_K7ap_uintILi8EEPA4_S2_S4_S6_S4_S6_P_887_q0        |   in|    6|   ap_memory|  p_ZZN9gdn_mxfp818gdn_mxfp8_top_implEhthhPA128_K7ap_uintILi8EEPA4_S2_S4_S6_S4_S6_P_887|         array|
|p_ZZN9gdn_mxfp818gdn_mxfp8_top_implEhthhPA128_K7ap_uintILi8EEPA4_S2_S4_S6_S4_S6_P_888_address0  |  out|    5|   ap_memory|  p_ZZN9gdn_mxfp818gdn_mxfp8_top_implEhthhPA128_K7ap_uintILi8EEPA4_S2_S4_S6_S4_S6_P_888|         array|
|p_ZZN9gdn_mxfp818gdn_mxfp8_top_implEhthhPA128_K7ap_uintILi8EEPA4_S2_S4_S6_S4_S6_P_888_ce0       |  out|    1|   ap_memory|  p_ZZN9gdn_mxfp818gdn_mxfp8_top_implEhthhPA128_K7ap_uintILi8EEPA4_S2_S4_S6_S4_S6_P_888|         array|
|p_ZZN9gdn_mxfp818gdn_mxfp8_top_implEhthhPA128_K7ap_uintILi8EEPA4_S2_S4_S6_S4_S6_P_888_q0        |   in|    6|   ap_memory|  p_ZZN9gdn_mxfp818gdn_mxfp8_top_implEhthhPA128_K7ap_uintILi8EEPA4_S2_S4_S6_S4_S6_P_888|         array|
|p_ZZN9gdn_mxfp818gdn_mxfp8_top_implEhthhPA128_K7ap_uintILi8EEPA4_S2_S4_S6_S4_S6_P_889_address0  |  out|    5|   ap_memory|  p_ZZN9gdn_mxfp818gdn_mxfp8_top_implEhthhPA128_K7ap_uintILi8EEPA4_S2_S4_S6_S4_S6_P_889|         array|
|p_ZZN9gdn_mxfp818gdn_mxfp8_top_implEhthhPA128_K7ap_uintILi8EEPA4_S2_S4_S6_S4_S6_P_889_ce0       |  out|    1|   ap_memory|  p_ZZN9gdn_mxfp818gdn_mxfp8_top_implEhthhPA128_K7ap_uintILi8EEPA4_S2_S4_S6_S4_S6_P_889|         array|
|p_ZZN9gdn_mxfp818gdn_mxfp8_top_implEhthhPA128_K7ap_uintILi8EEPA4_S2_S4_S6_S4_S6_P_889_q0        |   in|    6|   ap_memory|  p_ZZN9gdn_mxfp818gdn_mxfp8_top_implEhthhPA128_K7ap_uintILi8EEPA4_S2_S4_S6_S4_S6_P_889|         array|
|p_ZZN9gdn_mxfp818gdn_mxfp8_top_implEhthhPA128_K7ap_uintILi8EEPA4_S2_S4_S6_S4_S6_P_890_address0  |  out|    5|   ap_memory|  p_ZZN9gdn_mxfp818gdn_mxfp8_top_implEhthhPA128_K7ap_uintILi8EEPA4_S2_S4_S6_S4_S6_P_890|         array|
|p_ZZN9gdn_mxfp818gdn_mxfp8_top_implEhthhPA128_K7ap_uintILi8EEPA4_S2_S4_S6_S4_S6_P_890_ce0       |  out|    1|   ap_memory|  p_ZZN9gdn_mxfp818gdn_mxfp8_top_implEhthhPA128_K7ap_uintILi8EEPA4_S2_S4_S6_S4_S6_P_890|         array|
|p_ZZN9gdn_mxfp818gdn_mxfp8_top_implEhthhPA128_K7ap_uintILi8EEPA4_S2_S4_S6_S4_S6_P_890_q0        |   in|    6|   ap_memory|  p_ZZN9gdn_mxfp818gdn_mxfp8_top_implEhthhPA128_K7ap_uintILi8EEPA4_S2_S4_S6_S4_S6_P_890|         array|
|p_ZZN9gdn_mxfp818gdn_mxfp8_top_implEhthhPA128_K7ap_uintILi8EEPA4_S2_S4_S6_S4_S6_P_891_address0  |  out|    5|   ap_memory|  p_ZZN9gdn_mxfp818gdn_mxfp8_top_implEhthhPA128_K7ap_uintILi8EEPA4_S2_S4_S6_S4_S6_P_891|         array|
|p_ZZN9gdn_mxfp818gdn_mxfp8_top_implEhthhPA128_K7ap_uintILi8EEPA4_S2_S4_S6_S4_S6_P_891_ce0       |  out|    1|   ap_memory|  p_ZZN9gdn_mxfp818gdn_mxfp8_top_implEhthhPA128_K7ap_uintILi8EEPA4_S2_S4_S6_S4_S6_P_891|         array|
|p_ZZN9gdn_mxfp818gdn_mxfp8_top_implEhthhPA128_K7ap_uintILi8EEPA4_S2_S4_S6_S4_S6_P_891_q0        |   in|    6|   ap_memory|  p_ZZN9gdn_mxfp818gdn_mxfp8_top_implEhthhPA128_K7ap_uintILi8EEPA4_S2_S4_S6_S4_S6_P_891|         array|
|p_ZZN9gdn_mxfp818gdn_mxfp8_top_implEhthhPA128_K7ap_uintILi8EEPA4_S2_S4_S6_S4_S6_P_892_address0  |  out|    5|   ap_memory|  p_ZZN9gdn_mxfp818gdn_mxfp8_top_implEhthhPA128_K7ap_uintILi8EEPA4_S2_S4_S6_S4_S6_P_892|         array|
|p_ZZN9gdn_mxfp818gdn_mxfp8_top_implEhthhPA128_K7ap_uintILi8EEPA4_S2_S4_S6_S4_S6_P_892_ce0       |  out|    1|   ap_memory|  p_ZZN9gdn_mxfp818gdn_mxfp8_top_implEhthhPA128_K7ap_uintILi8EEPA4_S2_S4_S6_S4_S6_P_892|         array|
|p_ZZN9gdn_mxfp818gdn_mxfp8_top_implEhthhPA128_K7ap_uintILi8EEPA4_S2_S4_S6_S4_S6_P_892_q0        |   in|    6|   ap_memory|  p_ZZN9gdn_mxfp818gdn_mxfp8_top_implEhthhPA128_K7ap_uintILi8EEPA4_S2_S4_S6_S4_S6_P_892|         array|
|p_ZZN9gdn_mxfp818gdn_mxfp8_top_implEhthhPA128_K7ap_uintILi8EEPA4_S2_S4_S6_S4_S6_P_893_address0  |  out|    5|   ap_memory|  p_ZZN9gdn_mxfp818gdn_mxfp8_top_implEhthhPA128_K7ap_uintILi8EEPA4_S2_S4_S6_S4_S6_P_893|         array|
|p_ZZN9gdn_mxfp818gdn_mxfp8_top_implEhthhPA128_K7ap_uintILi8EEPA4_S2_S4_S6_S4_S6_P_893_ce0       |  out|    1|   ap_memory|  p_ZZN9gdn_mxfp818gdn_mxfp8_top_implEhthhPA128_K7ap_uintILi8EEPA4_S2_S4_S6_S4_S6_P_893|         array|
|p_ZZN9gdn_mxfp818gdn_mxfp8_top_implEhthhPA128_K7ap_uintILi8EEPA4_S2_S4_S6_S4_S6_P_893_q0        |   in|    6|   ap_memory|  p_ZZN9gdn_mxfp818gdn_mxfp8_top_implEhthhPA128_K7ap_uintILi8EEPA4_S2_S4_S6_S4_S6_P_893|         array|
|p_ZZN9gdn_mxfp818gdn_mxfp8_top_implEhthhPA128_K7ap_uintILi8EEPA4_S2_S4_S6_S4_S6_P_894_address0  |  out|    5|   ap_memory|  p_ZZN9gdn_mxfp818gdn_mxfp8_top_implEhthhPA128_K7ap_uintILi8EEPA4_S2_S4_S6_S4_S6_P_894|         array|
|p_ZZN9gdn_mxfp818gdn_mxfp8_top_implEhthhPA128_K7ap_uintILi8EEPA4_S2_S4_S6_S4_S6_P_894_ce0       |  out|    1|   ap_memory|  p_ZZN9gdn_mxfp818gdn_mxfp8_top_implEhthhPA128_K7ap_uintILi8EEPA4_S2_S4_S6_S4_S6_P_894|         array|
|p_ZZN9gdn_mxfp818gdn_mxfp8_top_implEhthhPA128_K7ap_uintILi8EEPA4_S2_S4_S6_S4_S6_P_894_q0        |   in|    6|   ap_memory|  p_ZZN9gdn_mxfp818gdn_mxfp8_top_implEhthhPA128_K7ap_uintILi8EEPA4_S2_S4_S6_S4_S6_P_894|         array|
|p_ZZN9gdn_mxfp818gdn_mxfp8_top_implEhthhPA128_K7ap_uintILi8EEPA4_S2_S4_S6_S4_S6_P_895_address0  |  out|    5|   ap_memory|  p_ZZN9gdn_mxfp818gdn_mxfp8_top_implEhthhPA128_K7ap_uintILi8EEPA4_S2_S4_S6_S4_S6_P_895|         array|
|p_ZZN9gdn_mxfp818gdn_mxfp8_top_implEhthhPA128_K7ap_uintILi8EEPA4_S2_S4_S6_S4_S6_P_895_ce0       |  out|    1|   ap_memory|  p_ZZN9gdn_mxfp818gdn_mxfp8_top_implEhthhPA128_K7ap_uintILi8EEPA4_S2_S4_S6_S4_S6_P_895|         array|
|p_ZZN9gdn_mxfp818gdn_mxfp8_top_implEhthhPA128_K7ap_uintILi8EEPA4_S2_S4_S6_S4_S6_P_895_q0        |   in|    6|   ap_memory|  p_ZZN9gdn_mxfp818gdn_mxfp8_top_implEhthhPA128_K7ap_uintILi8EEPA4_S2_S4_S6_S4_S6_P_895|         array|
|p_ZZN9gdn_mxfp818gdn_mxfp8_top_implEhthhPA128_K7ap_uintILi8EEPA4_S2_S4_S6_S4_S6_P_896_address0  |  out|    5|   ap_memory|  p_ZZN9gdn_mxfp818gdn_mxfp8_top_implEhthhPA128_K7ap_uintILi8EEPA4_S2_S4_S6_S4_S6_P_896|         array|
|p_ZZN9gdn_mxfp818gdn_mxfp8_top_implEhthhPA128_K7ap_uintILi8EEPA4_S2_S4_S6_S4_S6_P_896_ce0       |  out|    1|   ap_memory|  p_ZZN9gdn_mxfp818gdn_mxfp8_top_implEhthhPA128_K7ap_uintILi8EEPA4_S2_S4_S6_S4_S6_P_896|         array|
|p_ZZN9gdn_mxfp818gdn_mxfp8_top_implEhthhPA128_K7ap_uintILi8EEPA4_S2_S4_S6_S4_S6_P_896_q0        |   in|    6|   ap_memory|  p_ZZN9gdn_mxfp818gdn_mxfp8_top_implEhthhPA128_K7ap_uintILi8EEPA4_S2_S4_S6_S4_S6_P_896|         array|
|p_ZZN9gdn_mxfp818gdn_mxfp8_top_implEhthhPA128_K7ap_uintILi8EEPA4_S2_S4_S6_S4_S6_P_897_address0  |  out|    5|   ap_memory|  p_ZZN9gdn_mxfp818gdn_mxfp8_top_implEhthhPA128_K7ap_uintILi8EEPA4_S2_S4_S6_S4_S6_P_897|         array|
|p_ZZN9gdn_mxfp818gdn_mxfp8_top_implEhthhPA128_K7ap_uintILi8EEPA4_S2_S4_S6_S4_S6_P_897_ce0       |  out|    1|   ap_memory|  p_ZZN9gdn_mxfp818gdn_mxfp8_top_implEhthhPA128_K7ap_uintILi8EEPA4_S2_S4_S6_S4_S6_P_897|         array|
|p_ZZN9gdn_mxfp818gdn_mxfp8_top_implEhthhPA128_K7ap_uintILi8EEPA4_S2_S4_S6_S4_S6_P_897_q0        |   in|    6|   ap_memory|  p_ZZN9gdn_mxfp818gdn_mxfp8_top_implEhthhPA128_K7ap_uintILi8EEPA4_S2_S4_S6_S4_S6_P_897|         array|
|p_ZZN9gdn_mxfp818gdn_mxfp8_top_implEhthhPA128_K7ap_uintILi8EEPA4_S2_S4_S6_S4_S6_P_898_address0  |  out|    5|   ap_memory|  p_ZZN9gdn_mxfp818gdn_mxfp8_top_implEhthhPA128_K7ap_uintILi8EEPA4_S2_S4_S6_S4_S6_P_898|         array|
|p_ZZN9gdn_mxfp818gdn_mxfp8_top_implEhthhPA128_K7ap_uintILi8EEPA4_S2_S4_S6_S4_S6_P_898_ce0       |  out|    1|   ap_memory|  p_ZZN9gdn_mxfp818gdn_mxfp8_top_implEhthhPA128_K7ap_uintILi8EEPA4_S2_S4_S6_S4_S6_P_898|         array|
|p_ZZN9gdn_mxfp818gdn_mxfp8_top_implEhthhPA128_K7ap_uintILi8EEPA4_S2_S4_S6_S4_S6_P_898_q0        |   in|    6|   ap_memory|  p_ZZN9gdn_mxfp818gdn_mxfp8_top_implEhthhPA128_K7ap_uintILi8EEPA4_S2_S4_S6_S4_S6_P_898|         array|
|p_ZZN9gdn_mxfp818gdn_mxfp8_top_implEhthhPA128_K7ap_uintILi8EEPA4_S2_S4_S6_S4_S6_P_731_address0  |  out|    5|   ap_memory|  p_ZZN9gdn_mxfp818gdn_mxfp8_top_implEhthhPA128_K7ap_uintILi8EEPA4_S2_S4_S6_S4_S6_P_731|         array|
|p_ZZN9gdn_mxfp818gdn_mxfp8_top_implEhthhPA128_K7ap_uintILi8EEPA4_S2_S4_S6_S4_S6_P_731_ce0       |  out|    1|   ap_memory|  p_ZZN9gdn_mxfp818gdn_mxfp8_top_implEhthhPA128_K7ap_uintILi8EEPA4_S2_S4_S6_S4_S6_P_731|         array|
|p_ZZN9gdn_mxfp818gdn_mxfp8_top_implEhthhPA128_K7ap_uintILi8EEPA4_S2_S4_S6_S4_S6_P_731_q0        |   in|    9|   ap_memory|  p_ZZN9gdn_mxfp818gdn_mxfp8_top_implEhthhPA128_K7ap_uintILi8EEPA4_S2_S4_S6_S4_S6_P_731|         array|
|p_ZZN9gdn_mxfp818gdn_mxfp8_top_implEhthhPA128_K7ap_uintILi8EEPA4_S2_S4_S6_S4_S6_P_732_address0  |  out|    5|   ap_memory|  p_ZZN9gdn_mxfp818gdn_mxfp8_top_implEhthhPA128_K7ap_uintILi8EEPA4_S2_S4_S6_S4_S6_P_732|         array|
|p_ZZN9gdn_mxfp818gdn_mxfp8_top_implEhthhPA128_K7ap_uintILi8EEPA4_S2_S4_S6_S4_S6_P_732_ce0       |  out|    1|   ap_memory|  p_ZZN9gdn_mxfp818gdn_mxfp8_top_implEhthhPA128_K7ap_uintILi8EEPA4_S2_S4_S6_S4_S6_P_732|         array|
|p_ZZN9gdn_mxfp818gdn_mxfp8_top_implEhthhPA128_K7ap_uintILi8EEPA4_S2_S4_S6_S4_S6_P_732_q0        |   in|    9|   ap_memory|  p_ZZN9gdn_mxfp818gdn_mxfp8_top_implEhthhPA128_K7ap_uintILi8EEPA4_S2_S4_S6_S4_S6_P_732|         array|
|p_ZZN9gdn_mxfp818gdn_mxfp8_top_implEhthhPA128_K7ap_uintILi8EEPA4_S2_S4_S6_S4_S6_P_733_address0  |  out|    5|   ap_memory|  p_ZZN9gdn_mxfp818gdn_mxfp8_top_implEhthhPA128_K7ap_uintILi8EEPA4_S2_S4_S6_S4_S6_P_733|         array|
|p_ZZN9gdn_mxfp818gdn_mxfp8_top_implEhthhPA128_K7ap_uintILi8EEPA4_S2_S4_S6_S4_S6_P_733_ce0       |  out|    1|   ap_memory|  p_ZZN9gdn_mxfp818gdn_mxfp8_top_implEhthhPA128_K7ap_uintILi8EEPA4_S2_S4_S6_S4_S6_P_733|         array|
|p_ZZN9gdn_mxfp818gdn_mxfp8_top_implEhthhPA128_K7ap_uintILi8EEPA4_S2_S4_S6_S4_S6_P_733_q0        |   in|    9|   ap_memory|  p_ZZN9gdn_mxfp818gdn_mxfp8_top_implEhthhPA128_K7ap_uintILi8EEPA4_S2_S4_S6_S4_S6_P_733|         array|
|p_ZZN9gdn_mxfp818gdn_mxfp8_top_implEhthhPA128_K7ap_uintILi8EEPA4_S2_S4_S6_S4_S6_P_734_address0  |  out|    5|   ap_memory|  p_ZZN9gdn_mxfp818gdn_mxfp8_top_implEhthhPA128_K7ap_uintILi8EEPA4_S2_S4_S6_S4_S6_P_734|         array|
|p_ZZN9gdn_mxfp818gdn_mxfp8_top_implEhthhPA128_K7ap_uintILi8EEPA4_S2_S4_S6_S4_S6_P_734_ce0       |  out|    1|   ap_memory|  p_ZZN9gdn_mxfp818gdn_mxfp8_top_implEhthhPA128_K7ap_uintILi8EEPA4_S2_S4_S6_S4_S6_P_734|         array|
|p_ZZN9gdn_mxfp818gdn_mxfp8_top_implEhthhPA128_K7ap_uintILi8EEPA4_S2_S4_S6_S4_S6_P_734_q0        |   in|    9|   ap_memory|  p_ZZN9gdn_mxfp818gdn_mxfp8_top_implEhthhPA128_K7ap_uintILi8EEPA4_S2_S4_S6_S4_S6_P_734|         array|
|p_ZZN9gdn_mxfp818gdn_mxfp8_top_implEhthhPA128_K7ap_uintILi8EEPA4_S2_S4_S6_S4_S6_P_735_address0  |  out|    5|   ap_memory|  p_ZZN9gdn_mxfp818gdn_mxfp8_top_implEhthhPA128_K7ap_uintILi8EEPA4_S2_S4_S6_S4_S6_P_735|         array|
|p_ZZN9gdn_mxfp818gdn_mxfp8_top_implEhthhPA128_K7ap_uintILi8EEPA4_S2_S4_S6_S4_S6_P_735_ce0       |  out|    1|   ap_memory|  p_ZZN9gdn_mxfp818gdn_mxfp8_top_implEhthhPA128_K7ap_uintILi8EEPA4_S2_S4_S6_S4_S6_P_735|         array|
|p_ZZN9gdn_mxfp818gdn_mxfp8_top_implEhthhPA128_K7ap_uintILi8EEPA4_S2_S4_S6_S4_S6_P_735_q0        |   in|    9|   ap_memory|  p_ZZN9gdn_mxfp818gdn_mxfp8_top_implEhthhPA128_K7ap_uintILi8EEPA4_S2_S4_S6_S4_S6_P_735|         array|
|p_ZZN9gdn_mxfp818gdn_mxfp8_top_implEhthhPA128_K7ap_uintILi8EEPA4_S2_S4_S6_S4_S6_P_736_address0  |  out|    5|   ap_memory|  p_ZZN9gdn_mxfp818gdn_mxfp8_top_implEhthhPA128_K7ap_uintILi8EEPA4_S2_S4_S6_S4_S6_P_736|         array|
|p_ZZN9gdn_mxfp818gdn_mxfp8_top_implEhthhPA128_K7ap_uintILi8EEPA4_S2_S4_S6_S4_S6_P_736_ce0       |  out|    1|   ap_memory|  p_ZZN9gdn_mxfp818gdn_mxfp8_top_implEhthhPA128_K7ap_uintILi8EEPA4_S2_S4_S6_S4_S6_P_736|         array|
|p_ZZN9gdn_mxfp818gdn_mxfp8_top_implEhthhPA128_K7ap_uintILi8EEPA4_S2_S4_S6_S4_S6_P_736_q0        |   in|    9|   ap_memory|  p_ZZN9gdn_mxfp818gdn_mxfp8_top_implEhthhPA128_K7ap_uintILi8EEPA4_S2_S4_S6_S4_S6_P_736|         array|
|p_ZZN9gdn_mxfp818gdn_mxfp8_top_implEhthhPA128_K7ap_uintILi8EEPA4_S2_S4_S6_S4_S6_P_737_address0  |  out|    5|   ap_memory|  p_ZZN9gdn_mxfp818gdn_mxfp8_top_implEhthhPA128_K7ap_uintILi8EEPA4_S2_S4_S6_S4_S6_P_737|         array|
|p_ZZN9gdn_mxfp818gdn_mxfp8_top_implEhthhPA128_K7ap_uintILi8EEPA4_S2_S4_S6_S4_S6_P_737_ce0       |  out|    1|   ap_memory|  p_ZZN9gdn_mxfp818gdn_mxfp8_top_implEhthhPA128_K7ap_uintILi8EEPA4_S2_S4_S6_S4_S6_P_737|         array|
|p_ZZN9gdn_mxfp818gdn_mxfp8_top_implEhthhPA128_K7ap_uintILi8EEPA4_S2_S4_S6_S4_S6_P_737_q0        |   in|    9|   ap_memory|  p_ZZN9gdn_mxfp818gdn_mxfp8_top_implEhthhPA128_K7ap_uintILi8EEPA4_S2_S4_S6_S4_S6_P_737|         array|
|p_ZZN9gdn_mxfp818gdn_mxfp8_top_implEhthhPA128_K7ap_uintILi8EEPA4_S2_S4_S6_S4_S6_P_738_address0  |  out|    5|   ap_memory|  p_ZZN9gdn_mxfp818gdn_mxfp8_top_implEhthhPA128_K7ap_uintILi8EEPA4_S2_S4_S6_S4_S6_P_738|         array|
|p_ZZN9gdn_mxfp818gdn_mxfp8_top_implEhthhPA128_K7ap_uintILi8EEPA4_S2_S4_S6_S4_S6_P_738_ce0       |  out|    1|   ap_memory|  p_ZZN9gdn_mxfp818gdn_mxfp8_top_implEhthhPA128_K7ap_uintILi8EEPA4_S2_S4_S6_S4_S6_P_738|         array|
|p_ZZN9gdn_mxfp818gdn_mxfp8_top_implEhthhPA128_K7ap_uintILi8EEPA4_S2_S4_S6_S4_S6_P_738_q0        |   in|    9|   ap_memory|  p_ZZN9gdn_mxfp818gdn_mxfp8_top_implEhthhPA128_K7ap_uintILi8EEPA4_S2_S4_S6_S4_S6_P_738|         array|
|p_ZZN9gdn_mxfp818gdn_mxfp8_top_implEhthhPA128_K7ap_uintILi8EEPA4_S2_S4_S6_S4_S6_P_779_address0  |  out|    5|   ap_memory|  p_ZZN9gdn_mxfp818gdn_mxfp8_top_implEhthhPA128_K7ap_uintILi8EEPA4_S2_S4_S6_S4_S6_P_779|         array|
|p_ZZN9gdn_mxfp818gdn_mxfp8_top_implEhthhPA128_K7ap_uintILi8EEPA4_S2_S4_S6_S4_S6_P_779_ce0       |  out|    1|   ap_memory|  p_ZZN9gdn_mxfp818gdn_mxfp8_top_implEhthhPA128_K7ap_uintILi8EEPA4_S2_S4_S6_S4_S6_P_779|         array|
|p_ZZN9gdn_mxfp818gdn_mxfp8_top_implEhthhPA128_K7ap_uintILi8EEPA4_S2_S4_S6_S4_S6_P_779_q0        |   in|    9|   ap_memory|  p_ZZN9gdn_mxfp818gdn_mxfp8_top_implEhthhPA128_K7ap_uintILi8EEPA4_S2_S4_S6_S4_S6_P_779|         array|
|p_ZZN9gdn_mxfp818gdn_mxfp8_top_implEhthhPA128_K7ap_uintILi8EEPA4_S2_S4_S6_S4_S6_P_780_address0  |  out|    5|   ap_memory|  p_ZZN9gdn_mxfp818gdn_mxfp8_top_implEhthhPA128_K7ap_uintILi8EEPA4_S2_S4_S6_S4_S6_P_780|         array|
|p_ZZN9gdn_mxfp818gdn_mxfp8_top_implEhthhPA128_K7ap_uintILi8EEPA4_S2_S4_S6_S4_S6_P_780_ce0       |  out|    1|   ap_memory|  p_ZZN9gdn_mxfp818gdn_mxfp8_top_implEhthhPA128_K7ap_uintILi8EEPA4_S2_S4_S6_S4_S6_P_780|         array|
|p_ZZN9gdn_mxfp818gdn_mxfp8_top_implEhthhPA128_K7ap_uintILi8EEPA4_S2_S4_S6_S4_S6_P_780_q0        |   in|    9|   ap_memory|  p_ZZN9gdn_mxfp818gdn_mxfp8_top_implEhthhPA128_K7ap_uintILi8EEPA4_S2_S4_S6_S4_S6_P_780|         array|
|p_ZZN9gdn_mxfp818gdn_mxfp8_top_implEhthhPA128_K7ap_uintILi8EEPA4_S2_S4_S6_S4_S6_P_781_address0  |  out|    5|   ap_memory|  p_ZZN9gdn_mxfp818gdn_mxfp8_top_implEhthhPA128_K7ap_uintILi8EEPA4_S2_S4_S6_S4_S6_P_781|         array|
|p_ZZN9gdn_mxfp818gdn_mxfp8_top_implEhthhPA128_K7ap_uintILi8EEPA4_S2_S4_S6_S4_S6_P_781_ce0       |  out|    1|   ap_memory|  p_ZZN9gdn_mxfp818gdn_mxfp8_top_implEhthhPA128_K7ap_uintILi8EEPA4_S2_S4_S6_S4_S6_P_781|         array|
|p_ZZN9gdn_mxfp818gdn_mxfp8_top_implEhthhPA128_K7ap_uintILi8EEPA4_S2_S4_S6_S4_S6_P_781_q0        |   in|    9|   ap_memory|  p_ZZN9gdn_mxfp818gdn_mxfp8_top_implEhthhPA128_K7ap_uintILi8EEPA4_S2_S4_S6_S4_S6_P_781|         array|
|p_ZZN9gdn_mxfp818gdn_mxfp8_top_implEhthhPA128_K7ap_uintILi8EEPA4_S2_S4_S6_S4_S6_P_782_address0  |  out|    5|   ap_memory|  p_ZZN9gdn_mxfp818gdn_mxfp8_top_implEhthhPA128_K7ap_uintILi8EEPA4_S2_S4_S6_S4_S6_P_782|         array|
|p_ZZN9gdn_mxfp818gdn_mxfp8_top_implEhthhPA128_K7ap_uintILi8EEPA4_S2_S4_S6_S4_S6_P_782_ce0       |  out|    1|   ap_memory|  p_ZZN9gdn_mxfp818gdn_mxfp8_top_implEhthhPA128_K7ap_uintILi8EEPA4_S2_S4_S6_S4_S6_P_782|         array|
|p_ZZN9gdn_mxfp818gdn_mxfp8_top_implEhthhPA128_K7ap_uintILi8EEPA4_S2_S4_S6_S4_S6_P_782_q0        |   in|    9|   ap_memory|  p_ZZN9gdn_mxfp818gdn_mxfp8_top_implEhthhPA128_K7ap_uintILi8EEPA4_S2_S4_S6_S4_S6_P_782|         array|
|p_ZZN9gdn_mxfp818gdn_mxfp8_top_implEhthhPA128_K7ap_uintILi8EEPA4_S2_S4_S6_S4_S6_P_783_address0  |  out|    5|   ap_memory|  p_ZZN9gdn_mxfp818gdn_mxfp8_top_implEhthhPA128_K7ap_uintILi8EEPA4_S2_S4_S6_S4_S6_P_783|         array|
|p_ZZN9gdn_mxfp818gdn_mxfp8_top_implEhthhPA128_K7ap_uintILi8EEPA4_S2_S4_S6_S4_S6_P_783_ce0       |  out|    1|   ap_memory|  p_ZZN9gdn_mxfp818gdn_mxfp8_top_implEhthhPA128_K7ap_uintILi8EEPA4_S2_S4_S6_S4_S6_P_783|         array|
|p_ZZN9gdn_mxfp818gdn_mxfp8_top_implEhthhPA128_K7ap_uintILi8EEPA4_S2_S4_S6_S4_S6_P_783_q0        |   in|    9|   ap_memory|  p_ZZN9gdn_mxfp818gdn_mxfp8_top_implEhthhPA128_K7ap_uintILi8EEPA4_S2_S4_S6_S4_S6_P_783|         array|
|p_ZZN9gdn_mxfp818gdn_mxfp8_top_implEhthhPA128_K7ap_uintILi8EEPA4_S2_S4_S6_S4_S6_P_784_address0  |  out|    5|   ap_memory|  p_ZZN9gdn_mxfp818gdn_mxfp8_top_implEhthhPA128_K7ap_uintILi8EEPA4_S2_S4_S6_S4_S6_P_784|         array|
|p_ZZN9gdn_mxfp818gdn_mxfp8_top_implEhthhPA128_K7ap_uintILi8EEPA4_S2_S4_S6_S4_S6_P_784_ce0       |  out|    1|   ap_memory|  p_ZZN9gdn_mxfp818gdn_mxfp8_top_implEhthhPA128_K7ap_uintILi8EEPA4_S2_S4_S6_S4_S6_P_784|         array|
|p_ZZN9gdn_mxfp818gdn_mxfp8_top_implEhthhPA128_K7ap_uintILi8EEPA4_S2_S4_S6_S4_S6_P_784_q0        |   in|    9|   ap_memory|  p_ZZN9gdn_mxfp818gdn_mxfp8_top_implEhthhPA128_K7ap_uintILi8EEPA4_S2_S4_S6_S4_S6_P_784|         array|
|p_ZZN9gdn_mxfp818gdn_mxfp8_top_implEhthhPA128_K7ap_uintILi8EEPA4_S2_S4_S6_S4_S6_P_785_address0  |  out|    5|   ap_memory|  p_ZZN9gdn_mxfp818gdn_mxfp8_top_implEhthhPA128_K7ap_uintILi8EEPA4_S2_S4_S6_S4_S6_P_785|         array|
|p_ZZN9gdn_mxfp818gdn_mxfp8_top_implEhthhPA128_K7ap_uintILi8EEPA4_S2_S4_S6_S4_S6_P_785_ce0       |  out|    1|   ap_memory|  p_ZZN9gdn_mxfp818gdn_mxfp8_top_implEhthhPA128_K7ap_uintILi8EEPA4_S2_S4_S6_S4_S6_P_785|         array|
|p_ZZN9gdn_mxfp818gdn_mxfp8_top_implEhthhPA128_K7ap_uintILi8EEPA4_S2_S4_S6_S4_S6_P_785_q0        |   in|    9|   ap_memory|  p_ZZN9gdn_mxfp818gdn_mxfp8_top_implEhthhPA128_K7ap_uintILi8EEPA4_S2_S4_S6_S4_S6_P_785|         array|
|p_ZZN9gdn_mxfp818gdn_mxfp8_top_implEhthhPA128_K7ap_uintILi8EEPA4_S2_S4_S6_S4_S6_P_786_address0  |  out|    5|   ap_memory|  p_ZZN9gdn_mxfp818gdn_mxfp8_top_implEhthhPA128_K7ap_uintILi8EEPA4_S2_S4_S6_S4_S6_P_786|         array|
|p_ZZN9gdn_mxfp818gdn_mxfp8_top_implEhthhPA128_K7ap_uintILi8EEPA4_S2_S4_S6_S4_S6_P_786_ce0       |  out|    1|   ap_memory|  p_ZZN9gdn_mxfp818gdn_mxfp8_top_implEhthhPA128_K7ap_uintILi8EEPA4_S2_S4_S6_S4_S6_P_786|         array|
|p_ZZN9gdn_mxfp818gdn_mxfp8_top_implEhthhPA128_K7ap_uintILi8EEPA4_S2_S4_S6_S4_S6_P_786_q0        |   in|    9|   ap_memory|  p_ZZN9gdn_mxfp818gdn_mxfp8_top_implEhthhPA128_K7ap_uintILi8EEPA4_S2_S4_S6_S4_S6_P_786|         array|
|p_ZZN9gdn_mxfp818gdn_mxfp8_top_implEhthhPA128_K7ap_uintILi8EEPA4_S2_S4_S6_S4_S6_P_787_address0  |  out|    5|   ap_memory|  p_ZZN9gdn_mxfp818gdn_mxfp8_top_implEhthhPA128_K7ap_uintILi8EEPA4_S2_S4_S6_S4_S6_P_787|         array|
|p_ZZN9gdn_mxfp818gdn_mxfp8_top_implEhthhPA128_K7ap_uintILi8EEPA4_S2_S4_S6_S4_S6_P_787_ce0       |  out|    1|   ap_memory|  p_ZZN9gdn_mxfp818gdn_mxfp8_top_implEhthhPA128_K7ap_uintILi8EEPA4_S2_S4_S6_S4_S6_P_787|         array|
|p_ZZN9gdn_mxfp818gdn_mxfp8_top_implEhthhPA128_K7ap_uintILi8EEPA4_S2_S4_S6_S4_S6_P_787_q0        |   in|    9|   ap_memory|  p_ZZN9gdn_mxfp818gdn_mxfp8_top_implEhthhPA128_K7ap_uintILi8EEPA4_S2_S4_S6_S4_S6_P_787|         array|
|p_ZZN9gdn_mxfp818gdn_mxfp8_top_implEhthhPA128_K7ap_uintILi8EEPA4_S2_S4_S6_S4_S6_P_788_address0  |  out|    5|   ap_memory|  p_ZZN9gdn_mxfp818gdn_mxfp8_top_implEhthhPA128_K7ap_uintILi8EEPA4_S2_S4_S6_S4_S6_P_788|         array|
|p_ZZN9gdn_mxfp818gdn_mxfp8_top_implEhthhPA128_K7ap_uintILi8EEPA4_S2_S4_S6_S4_S6_P_788_ce0       |  out|    1|   ap_memory|  p_ZZN9gdn_mxfp818gdn_mxfp8_top_implEhthhPA128_K7ap_uintILi8EEPA4_S2_S4_S6_S4_S6_P_788|         array|
|p_ZZN9gdn_mxfp818gdn_mxfp8_top_implEhthhPA128_K7ap_uintILi8EEPA4_S2_S4_S6_S4_S6_P_788_q0        |   in|    9|   ap_memory|  p_ZZN9gdn_mxfp818gdn_mxfp8_top_implEhthhPA128_K7ap_uintILi8EEPA4_S2_S4_S6_S4_S6_P_788|         array|
|p_ZZN9gdn_mxfp818gdn_mxfp8_top_implEhthhPA128_K7ap_uintILi8EEPA4_S2_S4_S6_S4_S6_P_789_address0  |  out|    5|   ap_memory|  p_ZZN9gdn_mxfp818gdn_mxfp8_top_implEhthhPA128_K7ap_uintILi8EEPA4_S2_S4_S6_S4_S6_P_789|         array|
|p_ZZN9gdn_mxfp818gdn_mxfp8_top_implEhthhPA128_K7ap_uintILi8EEPA4_S2_S4_S6_S4_S6_P_789_ce0       |  out|    1|   ap_memory|  p_ZZN9gdn_mxfp818gdn_mxfp8_top_implEhthhPA128_K7ap_uintILi8EEPA4_S2_S4_S6_S4_S6_P_789|         array|
|p_ZZN9gdn_mxfp818gdn_mxfp8_top_implEhthhPA128_K7ap_uintILi8EEPA4_S2_S4_S6_S4_S6_P_789_q0        |   in|    9|   ap_memory|  p_ZZN9gdn_mxfp818gdn_mxfp8_top_implEhthhPA128_K7ap_uintILi8EEPA4_S2_S4_S6_S4_S6_P_789|         array|
|p_ZZN9gdn_mxfp818gdn_mxfp8_top_implEhthhPA128_K7ap_uintILi8EEPA4_S2_S4_S6_S4_S6_P_790_address0  |  out|    5|   ap_memory|  p_ZZN9gdn_mxfp818gdn_mxfp8_top_implEhthhPA128_K7ap_uintILi8EEPA4_S2_S4_S6_S4_S6_P_790|         array|
|p_ZZN9gdn_mxfp818gdn_mxfp8_top_implEhthhPA128_K7ap_uintILi8EEPA4_S2_S4_S6_S4_S6_P_790_ce0       |  out|    1|   ap_memory|  p_ZZN9gdn_mxfp818gdn_mxfp8_top_implEhthhPA128_K7ap_uintILi8EEPA4_S2_S4_S6_S4_S6_P_790|         array|
|p_ZZN9gdn_mxfp818gdn_mxfp8_top_implEhthhPA128_K7ap_uintILi8EEPA4_S2_S4_S6_S4_S6_P_790_q0        |   in|    9|   ap_memory|  p_ZZN9gdn_mxfp818gdn_mxfp8_top_implEhthhPA128_K7ap_uintILi8EEPA4_S2_S4_S6_S4_S6_P_790|         array|
|p_ZZN9gdn_mxfp818gdn_mxfp8_top_implEhthhPA128_K7ap_uintILi8EEPA4_S2_S4_S6_S4_S6_P_791_address0  |  out|    5|   ap_memory|  p_ZZN9gdn_mxfp818gdn_mxfp8_top_implEhthhPA128_K7ap_uintILi8EEPA4_S2_S4_S6_S4_S6_P_791|         array|
|p_ZZN9gdn_mxfp818gdn_mxfp8_top_implEhthhPA128_K7ap_uintILi8EEPA4_S2_S4_S6_S4_S6_P_791_ce0       |  out|    1|   ap_memory|  p_ZZN9gdn_mxfp818gdn_mxfp8_top_implEhthhPA128_K7ap_uintILi8EEPA4_S2_S4_S6_S4_S6_P_791|         array|
|p_ZZN9gdn_mxfp818gdn_mxfp8_top_implEhthhPA128_K7ap_uintILi8EEPA4_S2_S4_S6_S4_S6_P_791_q0        |   in|    9|   ap_memory|  p_ZZN9gdn_mxfp818gdn_mxfp8_top_implEhthhPA128_K7ap_uintILi8EEPA4_S2_S4_S6_S4_S6_P_791|         array|
|p_ZZN9gdn_mxfp818gdn_mxfp8_top_implEhthhPA128_K7ap_uintILi8EEPA4_S2_S4_S6_S4_S6_P_792_address0  |  out|    5|   ap_memory|  p_ZZN9gdn_mxfp818gdn_mxfp8_top_implEhthhPA128_K7ap_uintILi8EEPA4_S2_S4_S6_S4_S6_P_792|         array|
|p_ZZN9gdn_mxfp818gdn_mxfp8_top_implEhthhPA128_K7ap_uintILi8EEPA4_S2_S4_S6_S4_S6_P_792_ce0       |  out|    1|   ap_memory|  p_ZZN9gdn_mxfp818gdn_mxfp8_top_implEhthhPA128_K7ap_uintILi8EEPA4_S2_S4_S6_S4_S6_P_792|         array|
|p_ZZN9gdn_mxfp818gdn_mxfp8_top_implEhthhPA128_K7ap_uintILi8EEPA4_S2_S4_S6_S4_S6_P_792_q0        |   in|    9|   ap_memory|  p_ZZN9gdn_mxfp818gdn_mxfp8_top_implEhthhPA128_K7ap_uintILi8EEPA4_S2_S4_S6_S4_S6_P_792|         array|
|p_ZZN9gdn_mxfp818gdn_mxfp8_top_implEhthhPA128_K7ap_uintILi8EEPA4_S2_S4_S6_S4_S6_P_793_address0  |  out|    5|   ap_memory|  p_ZZN9gdn_mxfp818gdn_mxfp8_top_implEhthhPA128_K7ap_uintILi8EEPA4_S2_S4_S6_S4_S6_P_793|         array|
|p_ZZN9gdn_mxfp818gdn_mxfp8_top_implEhthhPA128_K7ap_uintILi8EEPA4_S2_S4_S6_S4_S6_P_793_ce0       |  out|    1|   ap_memory|  p_ZZN9gdn_mxfp818gdn_mxfp8_top_implEhthhPA128_K7ap_uintILi8EEPA4_S2_S4_S6_S4_S6_P_793|         array|
|p_ZZN9gdn_mxfp818gdn_mxfp8_top_implEhthhPA128_K7ap_uintILi8EEPA4_S2_S4_S6_S4_S6_P_793_q0        |   in|    9|   ap_memory|  p_ZZN9gdn_mxfp818gdn_mxfp8_top_implEhthhPA128_K7ap_uintILi8EEPA4_S2_S4_S6_S4_S6_P_793|         array|
|p_ZZN9gdn_mxfp818gdn_mxfp8_top_implEhthhPA128_K7ap_uintILi8EEPA4_S2_S4_S6_S4_S6_P_794_address0  |  out|    5|   ap_memory|  p_ZZN9gdn_mxfp818gdn_mxfp8_top_implEhthhPA128_K7ap_uintILi8EEPA4_S2_S4_S6_S4_S6_P_794|         array|
|p_ZZN9gdn_mxfp818gdn_mxfp8_top_implEhthhPA128_K7ap_uintILi8EEPA4_S2_S4_S6_S4_S6_P_794_ce0       |  out|    1|   ap_memory|  p_ZZN9gdn_mxfp818gdn_mxfp8_top_implEhthhPA128_K7ap_uintILi8EEPA4_S2_S4_S6_S4_S6_P_794|         array|
|p_ZZN9gdn_mxfp818gdn_mxfp8_top_implEhthhPA128_K7ap_uintILi8EEPA4_S2_S4_S6_S4_S6_P_794_q0        |   in|    9|   ap_memory|  p_ZZN9gdn_mxfp818gdn_mxfp8_top_implEhthhPA128_K7ap_uintILi8EEPA4_S2_S4_S6_S4_S6_P_794|         array|
|p_ZZN9gdn_mxfp818gdn_mxfp8_top_implEhthhPA128_K7ap_uintILi8EEPA4_S2_S4_S6_S4_S6_P_795_address0  |  out|    5|   ap_memory|  p_ZZN9gdn_mxfp818gdn_mxfp8_top_implEhthhPA128_K7ap_uintILi8EEPA4_S2_S4_S6_S4_S6_P_795|         array|
|p_ZZN9gdn_mxfp818gdn_mxfp8_top_implEhthhPA128_K7ap_uintILi8EEPA4_S2_S4_S6_S4_S6_P_795_ce0       |  out|    1|   ap_memory|  p_ZZN9gdn_mxfp818gdn_mxfp8_top_implEhthhPA128_K7ap_uintILi8EEPA4_S2_S4_S6_S4_S6_P_795|         array|
|p_ZZN9gdn_mxfp818gdn_mxfp8_top_implEhthhPA128_K7ap_uintILi8EEPA4_S2_S4_S6_S4_S6_P_795_q0        |   in|    9|   ap_memory|  p_ZZN9gdn_mxfp818gdn_mxfp8_top_implEhthhPA128_K7ap_uintILi8EEPA4_S2_S4_S6_S4_S6_P_795|         array|
|p_ZZN9gdn_mxfp818gdn_mxfp8_top_implEhthhPA128_K7ap_uintILi8EEPA4_S2_S4_S6_S4_S6_P_796_address0  |  out|    5|   ap_memory|  p_ZZN9gdn_mxfp818gdn_mxfp8_top_implEhthhPA128_K7ap_uintILi8EEPA4_S2_S4_S6_S4_S6_P_796|         array|
|p_ZZN9gdn_mxfp818gdn_mxfp8_top_implEhthhPA128_K7ap_uintILi8EEPA4_S2_S4_S6_S4_S6_P_796_ce0       |  out|    1|   ap_memory|  p_ZZN9gdn_mxfp818gdn_mxfp8_top_implEhthhPA128_K7ap_uintILi8EEPA4_S2_S4_S6_S4_S6_P_796|         array|
|p_ZZN9gdn_mxfp818gdn_mxfp8_top_implEhthhPA128_K7ap_uintILi8EEPA4_S2_S4_S6_S4_S6_P_796_q0        |   in|    9|   ap_memory|  p_ZZN9gdn_mxfp818gdn_mxfp8_top_implEhthhPA128_K7ap_uintILi8EEPA4_S2_S4_S6_S4_S6_P_796|         array|
|p_ZZN9gdn_mxfp818gdn_mxfp8_top_implEhthhPA128_K7ap_uintILi8EEPA4_S2_S4_S6_S4_S6_P_797_address0  |  out|    5|   ap_memory|  p_ZZN9gdn_mxfp818gdn_mxfp8_top_implEhthhPA128_K7ap_uintILi8EEPA4_S2_S4_S6_S4_S6_P_797|         array|
|p_ZZN9gdn_mxfp818gdn_mxfp8_top_implEhthhPA128_K7ap_uintILi8EEPA4_S2_S4_S6_S4_S6_P_797_ce0       |  out|    1|   ap_memory|  p_ZZN9gdn_mxfp818gdn_mxfp8_top_implEhthhPA128_K7ap_uintILi8EEPA4_S2_S4_S6_S4_S6_P_797|         array|
|p_ZZN9gdn_mxfp818gdn_mxfp8_top_implEhthhPA128_K7ap_uintILi8EEPA4_S2_S4_S6_S4_S6_P_797_q0        |   in|    9|   ap_memory|  p_ZZN9gdn_mxfp818gdn_mxfp8_top_implEhthhPA128_K7ap_uintILi8EEPA4_S2_S4_S6_S4_S6_P_797|         array|
|p_ZZN9gdn_mxfp818gdn_mxfp8_top_implEhthhPA128_K7ap_uintILi8EEPA4_S2_S4_S6_S4_S6_P_798_address0  |  out|    5|   ap_memory|  p_ZZN9gdn_mxfp818gdn_mxfp8_top_implEhthhPA128_K7ap_uintILi8EEPA4_S2_S4_S6_S4_S6_P_798|         array|
|p_ZZN9gdn_mxfp818gdn_mxfp8_top_implEhthhPA128_K7ap_uintILi8EEPA4_S2_S4_S6_S4_S6_P_798_ce0       |  out|    1|   ap_memory|  p_ZZN9gdn_mxfp818gdn_mxfp8_top_implEhthhPA128_K7ap_uintILi8EEPA4_S2_S4_S6_S4_S6_P_798|         array|
|p_ZZN9gdn_mxfp818gdn_mxfp8_top_implEhthhPA128_K7ap_uintILi8EEPA4_S2_S4_S6_S4_S6_P_798_q0        |   in|    9|   ap_memory|  p_ZZN9gdn_mxfp818gdn_mxfp8_top_implEhthhPA128_K7ap_uintILi8EEPA4_S2_S4_S6_S4_S6_P_798|         array|
|p_ZZN9gdn_mxfp818gdn_mxfp8_top_implEhthhPA128_K7ap_uintILi8EEPA4_S2_S4_S6_S4_S6_P_799_address0  |  out|    5|   ap_memory|  p_ZZN9gdn_mxfp818gdn_mxfp8_top_implEhthhPA128_K7ap_uintILi8EEPA4_S2_S4_S6_S4_S6_P_799|         array|
|p_ZZN9gdn_mxfp818gdn_mxfp8_top_implEhthhPA128_K7ap_uintILi8EEPA4_S2_S4_S6_S4_S6_P_799_ce0       |  out|    1|   ap_memory|  p_ZZN9gdn_mxfp818gdn_mxfp8_top_implEhthhPA128_K7ap_uintILi8EEPA4_S2_S4_S6_S4_S6_P_799|         array|
|p_ZZN9gdn_mxfp818gdn_mxfp8_top_implEhthhPA128_K7ap_uintILi8EEPA4_S2_S4_S6_S4_S6_P_799_q0        |   in|    9|   ap_memory|  p_ZZN9gdn_mxfp818gdn_mxfp8_top_implEhthhPA128_K7ap_uintILi8EEPA4_S2_S4_S6_S4_S6_P_799|         array|
|p_ZZN9gdn_mxfp818gdn_mxfp8_top_implEhthhPA128_K7ap_uintILi8EEPA4_S2_S4_S6_S4_S6_P_800_address0  |  out|    5|   ap_memory|  p_ZZN9gdn_mxfp818gdn_mxfp8_top_implEhthhPA128_K7ap_uintILi8EEPA4_S2_S4_S6_S4_S6_P_800|         array|
|p_ZZN9gdn_mxfp818gdn_mxfp8_top_implEhthhPA128_K7ap_uintILi8EEPA4_S2_S4_S6_S4_S6_P_800_ce0       |  out|    1|   ap_memory|  p_ZZN9gdn_mxfp818gdn_mxfp8_top_implEhthhPA128_K7ap_uintILi8EEPA4_S2_S4_S6_S4_S6_P_800|         array|
|p_ZZN9gdn_mxfp818gdn_mxfp8_top_implEhthhPA128_K7ap_uintILi8EEPA4_S2_S4_S6_S4_S6_P_800_q0        |   in|    9|   ap_memory|  p_ZZN9gdn_mxfp818gdn_mxfp8_top_implEhthhPA128_K7ap_uintILi8EEPA4_S2_S4_S6_S4_S6_P_800|         array|
|p_ZZN9gdn_mxfp818gdn_mxfp8_top_implEhthhPA128_K7ap_uintILi8EEPA4_S2_S4_S6_S4_S6_P_801_address0  |  out|    5|   ap_memory|  p_ZZN9gdn_mxfp818gdn_mxfp8_top_implEhthhPA128_K7ap_uintILi8EEPA4_S2_S4_S6_S4_S6_P_801|         array|
|p_ZZN9gdn_mxfp818gdn_mxfp8_top_implEhthhPA128_K7ap_uintILi8EEPA4_S2_S4_S6_S4_S6_P_801_ce0       |  out|    1|   ap_memory|  p_ZZN9gdn_mxfp818gdn_mxfp8_top_implEhthhPA128_K7ap_uintILi8EEPA4_S2_S4_S6_S4_S6_P_801|         array|
|p_ZZN9gdn_mxfp818gdn_mxfp8_top_implEhthhPA128_K7ap_uintILi8EEPA4_S2_S4_S6_S4_S6_P_801_q0        |   in|    9|   ap_memory|  p_ZZN9gdn_mxfp818gdn_mxfp8_top_implEhthhPA128_K7ap_uintILi8EEPA4_S2_S4_S6_S4_S6_P_801|         array|
|p_ZZN9gdn_mxfp818gdn_mxfp8_top_implEhthhPA128_K7ap_uintILi8EEPA4_S2_S4_S6_S4_S6_P_802_address0  |  out|    5|   ap_memory|  p_ZZN9gdn_mxfp818gdn_mxfp8_top_implEhthhPA128_K7ap_uintILi8EEPA4_S2_S4_S6_S4_S6_P_802|         array|
|p_ZZN9gdn_mxfp818gdn_mxfp8_top_implEhthhPA128_K7ap_uintILi8EEPA4_S2_S4_S6_S4_S6_P_802_ce0       |  out|    1|   ap_memory|  p_ZZN9gdn_mxfp818gdn_mxfp8_top_implEhthhPA128_K7ap_uintILi8EEPA4_S2_S4_S6_S4_S6_P_802|         array|
|p_ZZN9gdn_mxfp818gdn_mxfp8_top_implEhthhPA128_K7ap_uintILi8EEPA4_S2_S4_S6_S4_S6_P_802_q0        |   in|    9|   ap_memory|  p_ZZN9gdn_mxfp818gdn_mxfp8_top_implEhthhPA128_K7ap_uintILi8EEPA4_S2_S4_S6_S4_S6_P_802|         array|
|p_ZZN9gdn_mxfp818gdn_mxfp8_top_implEhthhPA128_K7ap_uintILi8EEPA4_S2_S4_S6_S4_S6_P_803_address0  |  out|    5|   ap_memory|  p_ZZN9gdn_mxfp818gdn_mxfp8_top_implEhthhPA128_K7ap_uintILi8EEPA4_S2_S4_S6_S4_S6_P_803|         array|
|p_ZZN9gdn_mxfp818gdn_mxfp8_top_implEhthhPA128_K7ap_uintILi8EEPA4_S2_S4_S6_S4_S6_P_803_ce0       |  out|    1|   ap_memory|  p_ZZN9gdn_mxfp818gdn_mxfp8_top_implEhthhPA128_K7ap_uintILi8EEPA4_S2_S4_S6_S4_S6_P_803|         array|
|p_ZZN9gdn_mxfp818gdn_mxfp8_top_implEhthhPA128_K7ap_uintILi8EEPA4_S2_S4_S6_S4_S6_P_803_q0        |   in|    9|   ap_memory|  p_ZZN9gdn_mxfp818gdn_mxfp8_top_implEhthhPA128_K7ap_uintILi8EEPA4_S2_S4_S6_S4_S6_P_803|         array|
|p_ZZN9gdn_mxfp818gdn_mxfp8_top_implEhthhPA128_K7ap_uintILi8EEPA4_S2_S4_S6_S4_S6_P_804_address0  |  out|    5|   ap_memory|  p_ZZN9gdn_mxfp818gdn_mxfp8_top_implEhthhPA128_K7ap_uintILi8EEPA4_S2_S4_S6_S4_S6_P_804|         array|
|p_ZZN9gdn_mxfp818gdn_mxfp8_top_implEhthhPA128_K7ap_uintILi8EEPA4_S2_S4_S6_S4_S6_P_804_ce0       |  out|    1|   ap_memory|  p_ZZN9gdn_mxfp818gdn_mxfp8_top_implEhthhPA128_K7ap_uintILi8EEPA4_S2_S4_S6_S4_S6_P_804|         array|
|p_ZZN9gdn_mxfp818gdn_mxfp8_top_implEhthhPA128_K7ap_uintILi8EEPA4_S2_S4_S6_S4_S6_P_804_q0        |   in|    9|   ap_memory|  p_ZZN9gdn_mxfp818gdn_mxfp8_top_implEhthhPA128_K7ap_uintILi8EEPA4_S2_S4_S6_S4_S6_P_804|         array|
|p_ZZN9gdn_mxfp818gdn_mxfp8_top_implEhthhPA128_K7ap_uintILi8EEPA4_S2_S4_S6_S4_S6_P_805_address0  |  out|    5|   ap_memory|  p_ZZN9gdn_mxfp818gdn_mxfp8_top_implEhthhPA128_K7ap_uintILi8EEPA4_S2_S4_S6_S4_S6_P_805|         array|
|p_ZZN9gdn_mxfp818gdn_mxfp8_top_implEhthhPA128_K7ap_uintILi8EEPA4_S2_S4_S6_S4_S6_P_805_ce0       |  out|    1|   ap_memory|  p_ZZN9gdn_mxfp818gdn_mxfp8_top_implEhthhPA128_K7ap_uintILi8EEPA4_S2_S4_S6_S4_S6_P_805|         array|
|p_ZZN9gdn_mxfp818gdn_mxfp8_top_implEhthhPA128_K7ap_uintILi8EEPA4_S2_S4_S6_S4_S6_P_805_q0        |   in|    9|   ap_memory|  p_ZZN9gdn_mxfp818gdn_mxfp8_top_implEhthhPA128_K7ap_uintILi8EEPA4_S2_S4_S6_S4_S6_P_805|         array|
|p_ZZN9gdn_mxfp818gdn_mxfp8_top_implEhthhPA128_K7ap_uintILi8EEPA4_S2_S4_S6_S4_S6_P_806_address0  |  out|    5|   ap_memory|  p_ZZN9gdn_mxfp818gdn_mxfp8_top_implEhthhPA128_K7ap_uintILi8EEPA4_S2_S4_S6_S4_S6_P_806|         array|
|p_ZZN9gdn_mxfp818gdn_mxfp8_top_implEhthhPA128_K7ap_uintILi8EEPA4_S2_S4_S6_S4_S6_P_806_ce0       |  out|    1|   ap_memory|  p_ZZN9gdn_mxfp818gdn_mxfp8_top_implEhthhPA128_K7ap_uintILi8EEPA4_S2_S4_S6_S4_S6_P_806|         array|
|p_ZZN9gdn_mxfp818gdn_mxfp8_top_implEhthhPA128_K7ap_uintILi8EEPA4_S2_S4_S6_S4_S6_P_806_q0        |   in|    9|   ap_memory|  p_ZZN9gdn_mxfp818gdn_mxfp8_top_implEhthhPA128_K7ap_uintILi8EEPA4_S2_S4_S6_S4_S6_P_806|         array|
|p_ZZN9gdn_mxfp818gdn_mxfp8_top_implEhthhPA128_K7ap_uintILi8EEPA4_S2_S4_S6_S4_S6_P_807_address0  |  out|    5|   ap_memory|  p_ZZN9gdn_mxfp818gdn_mxfp8_top_implEhthhPA128_K7ap_uintILi8EEPA4_S2_S4_S6_S4_S6_P_807|         array|
|p_ZZN9gdn_mxfp818gdn_mxfp8_top_implEhthhPA128_K7ap_uintILi8EEPA4_S2_S4_S6_S4_S6_P_807_ce0       |  out|    1|   ap_memory|  p_ZZN9gdn_mxfp818gdn_mxfp8_top_implEhthhPA128_K7ap_uintILi8EEPA4_S2_S4_S6_S4_S6_P_807|         array|
|p_ZZN9gdn_mxfp818gdn_mxfp8_top_implEhthhPA128_K7ap_uintILi8EEPA4_S2_S4_S6_S4_S6_P_807_q0        |   in|    9|   ap_memory|  p_ZZN9gdn_mxfp818gdn_mxfp8_top_implEhthhPA128_K7ap_uintILi8EEPA4_S2_S4_S6_S4_S6_P_807|         array|
|p_ZZN9gdn_mxfp818gdn_mxfp8_top_implEhthhPA128_K7ap_uintILi8EEPA4_S2_S4_S6_S4_S6_P_808_address0  |  out|    5|   ap_memory|  p_ZZN9gdn_mxfp818gdn_mxfp8_top_implEhthhPA128_K7ap_uintILi8EEPA4_S2_S4_S6_S4_S6_P_808|         array|
|p_ZZN9gdn_mxfp818gdn_mxfp8_top_implEhthhPA128_K7ap_uintILi8EEPA4_S2_S4_S6_S4_S6_P_808_ce0       |  out|    1|   ap_memory|  p_ZZN9gdn_mxfp818gdn_mxfp8_top_implEhthhPA128_K7ap_uintILi8EEPA4_S2_S4_S6_S4_S6_P_808|         array|
|p_ZZN9gdn_mxfp818gdn_mxfp8_top_implEhthhPA128_K7ap_uintILi8EEPA4_S2_S4_S6_S4_S6_P_808_q0        |   in|    9|   ap_memory|  p_ZZN9gdn_mxfp818gdn_mxfp8_top_implEhthhPA128_K7ap_uintILi8EEPA4_S2_S4_S6_S4_S6_P_808|         array|
|p_ZZN9gdn_mxfp818gdn_mxfp8_top_implEhthhPA128_K7ap_uintILi8EEPA4_S2_S4_S6_S4_S6_P_809_address0  |  out|    5|   ap_memory|  p_ZZN9gdn_mxfp818gdn_mxfp8_top_implEhthhPA128_K7ap_uintILi8EEPA4_S2_S4_S6_S4_S6_P_809|         array|
|p_ZZN9gdn_mxfp818gdn_mxfp8_top_implEhthhPA128_K7ap_uintILi8EEPA4_S2_S4_S6_S4_S6_P_809_ce0       |  out|    1|   ap_memory|  p_ZZN9gdn_mxfp818gdn_mxfp8_top_implEhthhPA128_K7ap_uintILi8EEPA4_S2_S4_S6_S4_S6_P_809|         array|
|p_ZZN9gdn_mxfp818gdn_mxfp8_top_implEhthhPA128_K7ap_uintILi8EEPA4_S2_S4_S6_S4_S6_P_809_q0        |   in|    9|   ap_memory|  p_ZZN9gdn_mxfp818gdn_mxfp8_top_implEhthhPA128_K7ap_uintILi8EEPA4_S2_S4_S6_S4_S6_P_809|         array|
|p_ZZN9gdn_mxfp818gdn_mxfp8_top_implEhthhPA128_K7ap_uintILi8EEPA4_S2_S4_S6_S4_S6_P_810_address0  |  out|    5|   ap_memory|  p_ZZN9gdn_mxfp818gdn_mxfp8_top_implEhthhPA128_K7ap_uintILi8EEPA4_S2_S4_S6_S4_S6_P_810|         array|
|p_ZZN9gdn_mxfp818gdn_mxfp8_top_implEhthhPA128_K7ap_uintILi8EEPA4_S2_S4_S6_S4_S6_P_810_ce0       |  out|    1|   ap_memory|  p_ZZN9gdn_mxfp818gdn_mxfp8_top_implEhthhPA128_K7ap_uintILi8EEPA4_S2_S4_S6_S4_S6_P_810|         array|
|p_ZZN9gdn_mxfp818gdn_mxfp8_top_implEhthhPA128_K7ap_uintILi8EEPA4_S2_S4_S6_S4_S6_P_810_q0        |   in|    9|   ap_memory|  p_ZZN9gdn_mxfp818gdn_mxfp8_top_implEhthhPA128_K7ap_uintILi8EEPA4_S2_S4_S6_S4_S6_P_810|         array|
|p_ZZN9gdn_mxfp818gdn_mxfp8_top_implEhthhPA128_K7ap_uintILi8EEPA4_S2_S4_S6_S4_S6_P_811_address0  |  out|    5|   ap_memory|  p_ZZN9gdn_mxfp818gdn_mxfp8_top_implEhthhPA128_K7ap_uintILi8EEPA4_S2_S4_S6_S4_S6_P_811|         array|
|p_ZZN9gdn_mxfp818gdn_mxfp8_top_implEhthhPA128_K7ap_uintILi8EEPA4_S2_S4_S6_S4_S6_P_811_ce0       |  out|    1|   ap_memory|  p_ZZN9gdn_mxfp818gdn_mxfp8_top_implEhthhPA128_K7ap_uintILi8EEPA4_S2_S4_S6_S4_S6_P_811|         array|
|p_ZZN9gdn_mxfp818gdn_mxfp8_top_implEhthhPA128_K7ap_uintILi8EEPA4_S2_S4_S6_S4_S6_P_811_q0        |   in|    9|   ap_memory|  p_ZZN9gdn_mxfp818gdn_mxfp8_top_implEhthhPA128_K7ap_uintILi8EEPA4_S2_S4_S6_S4_S6_P_811|         array|
|p_ZZN9gdn_mxfp818gdn_mxfp8_top_implEhthhPA128_K7ap_uintILi8EEPA4_S2_S4_S6_S4_S6_P_812_address0  |  out|    5|   ap_memory|  p_ZZN9gdn_mxfp818gdn_mxfp8_top_implEhthhPA128_K7ap_uintILi8EEPA4_S2_S4_S6_S4_S6_P_812|         array|
|p_ZZN9gdn_mxfp818gdn_mxfp8_top_implEhthhPA128_K7ap_uintILi8EEPA4_S2_S4_S6_S4_S6_P_812_ce0       |  out|    1|   ap_memory|  p_ZZN9gdn_mxfp818gdn_mxfp8_top_implEhthhPA128_K7ap_uintILi8EEPA4_S2_S4_S6_S4_S6_P_812|         array|
|p_ZZN9gdn_mxfp818gdn_mxfp8_top_implEhthhPA128_K7ap_uintILi8EEPA4_S2_S4_S6_S4_S6_P_812_q0        |   in|    9|   ap_memory|  p_ZZN9gdn_mxfp818gdn_mxfp8_top_implEhthhPA128_K7ap_uintILi8EEPA4_S2_S4_S6_S4_S6_P_812|         array|
|p_ZZN9gdn_mxfp818gdn_mxfp8_top_implEhthhPA128_K7ap_uintILi8EEPA4_S2_S4_S6_S4_S6_P_813_address0  |  out|    5|   ap_memory|  p_ZZN9gdn_mxfp818gdn_mxfp8_top_implEhthhPA128_K7ap_uintILi8EEPA4_S2_S4_S6_S4_S6_P_813|         array|
|p_ZZN9gdn_mxfp818gdn_mxfp8_top_implEhthhPA128_K7ap_uintILi8EEPA4_S2_S4_S6_S4_S6_P_813_ce0       |  out|    1|   ap_memory|  p_ZZN9gdn_mxfp818gdn_mxfp8_top_implEhthhPA128_K7ap_uintILi8EEPA4_S2_S4_S6_S4_S6_P_813|         array|
|p_ZZN9gdn_mxfp818gdn_mxfp8_top_implEhthhPA128_K7ap_uintILi8EEPA4_S2_S4_S6_S4_S6_P_813_q0        |   in|    9|   ap_memory|  p_ZZN9gdn_mxfp818gdn_mxfp8_top_implEhthhPA128_K7ap_uintILi8EEPA4_S2_S4_S6_S4_S6_P_813|         array|
|p_ZZN9gdn_mxfp818gdn_mxfp8_top_implEhthhPA128_K7ap_uintILi8EEPA4_S2_S4_S6_S4_S6_P_814_address0  |  out|    5|   ap_memory|  p_ZZN9gdn_mxfp818gdn_mxfp8_top_implEhthhPA128_K7ap_uintILi8EEPA4_S2_S4_S6_S4_S6_P_814|         array|
|p_ZZN9gdn_mxfp818gdn_mxfp8_top_implEhthhPA128_K7ap_uintILi8EEPA4_S2_S4_S6_S4_S6_P_814_ce0       |  out|    1|   ap_memory|  p_ZZN9gdn_mxfp818gdn_mxfp8_top_implEhthhPA128_K7ap_uintILi8EEPA4_S2_S4_S6_S4_S6_P_814|         array|
|p_ZZN9gdn_mxfp818gdn_mxfp8_top_implEhthhPA128_K7ap_uintILi8EEPA4_S2_S4_S6_S4_S6_P_814_q0        |   in|    9|   ap_memory|  p_ZZN9gdn_mxfp818gdn_mxfp8_top_implEhthhPA128_K7ap_uintILi8EEPA4_S2_S4_S6_S4_S6_P_814|         array|
|p_ZZN9gdn_mxfp818gdn_mxfp8_top_implEhthhPA128_K7ap_uintILi8EEPA4_S2_S4_S6_S4_S6_P_815_address0  |  out|    5|   ap_memory|  p_ZZN9gdn_mxfp818gdn_mxfp8_top_implEhthhPA128_K7ap_uintILi8EEPA4_S2_S4_S6_S4_S6_P_815|         array|
|p_ZZN9gdn_mxfp818gdn_mxfp8_top_implEhthhPA128_K7ap_uintILi8EEPA4_S2_S4_S6_S4_S6_P_815_ce0       |  out|    1|   ap_memory|  p_ZZN9gdn_mxfp818gdn_mxfp8_top_implEhthhPA128_K7ap_uintILi8EEPA4_S2_S4_S6_S4_S6_P_815|         array|
|p_ZZN9gdn_mxfp818gdn_mxfp8_top_implEhthhPA128_K7ap_uintILi8EEPA4_S2_S4_S6_S4_S6_P_815_q0        |   in|    9|   ap_memory|  p_ZZN9gdn_mxfp818gdn_mxfp8_top_implEhthhPA128_K7ap_uintILi8EEPA4_S2_S4_S6_S4_S6_P_815|         array|
|p_ZZN9gdn_mxfp818gdn_mxfp8_top_implEhthhPA128_K7ap_uintILi8EEPA4_S2_S4_S6_S4_S6_P_816_address0  |  out|    5|   ap_memory|  p_ZZN9gdn_mxfp818gdn_mxfp8_top_implEhthhPA128_K7ap_uintILi8EEPA4_S2_S4_S6_S4_S6_P_816|         array|
|p_ZZN9gdn_mxfp818gdn_mxfp8_top_implEhthhPA128_K7ap_uintILi8EEPA4_S2_S4_S6_S4_S6_P_816_ce0       |  out|    1|   ap_memory|  p_ZZN9gdn_mxfp818gdn_mxfp8_top_implEhthhPA128_K7ap_uintILi8EEPA4_S2_S4_S6_S4_S6_P_816|         array|
|p_ZZN9gdn_mxfp818gdn_mxfp8_top_implEhthhPA128_K7ap_uintILi8EEPA4_S2_S4_S6_S4_S6_P_816_q0        |   in|    9|   ap_memory|  p_ZZN9gdn_mxfp818gdn_mxfp8_top_implEhthhPA128_K7ap_uintILi8EEPA4_S2_S4_S6_S4_S6_P_816|         array|
|p_ZZN9gdn_mxfp818gdn_mxfp8_top_implEhthhPA128_K7ap_uintILi8EEPA4_S2_S4_S6_S4_S6_P_817_address0  |  out|    5|   ap_memory|  p_ZZN9gdn_mxfp818gdn_mxfp8_top_implEhthhPA128_K7ap_uintILi8EEPA4_S2_S4_S6_S4_S6_P_817|         array|
|p_ZZN9gdn_mxfp818gdn_mxfp8_top_implEhthhPA128_K7ap_uintILi8EEPA4_S2_S4_S6_S4_S6_P_817_ce0       |  out|    1|   ap_memory|  p_ZZN9gdn_mxfp818gdn_mxfp8_top_implEhthhPA128_K7ap_uintILi8EEPA4_S2_S4_S6_S4_S6_P_817|         array|
|p_ZZN9gdn_mxfp818gdn_mxfp8_top_implEhthhPA128_K7ap_uintILi8EEPA4_S2_S4_S6_S4_S6_P_817_q0        |   in|    9|   ap_memory|  p_ZZN9gdn_mxfp818gdn_mxfp8_top_implEhthhPA128_K7ap_uintILi8EEPA4_S2_S4_S6_S4_S6_P_817|         array|
|p_ZZN9gdn_mxfp818gdn_mxfp8_top_implEhthhPA128_K7ap_uintILi8EEPA4_S2_S4_S6_S4_S6_P_818_address0  |  out|    5|   ap_memory|  p_ZZN9gdn_mxfp818gdn_mxfp8_top_implEhthhPA128_K7ap_uintILi8EEPA4_S2_S4_S6_S4_S6_P_818|         array|
|p_ZZN9gdn_mxfp818gdn_mxfp8_top_implEhthhPA128_K7ap_uintILi8EEPA4_S2_S4_S6_S4_S6_P_818_ce0       |  out|    1|   ap_memory|  p_ZZN9gdn_mxfp818gdn_mxfp8_top_implEhthhPA128_K7ap_uintILi8EEPA4_S2_S4_S6_S4_S6_P_818|         array|
|p_ZZN9gdn_mxfp818gdn_mxfp8_top_implEhthhPA128_K7ap_uintILi8EEPA4_S2_S4_S6_S4_S6_P_818_q0        |   in|    9|   ap_memory|  p_ZZN9gdn_mxfp818gdn_mxfp8_top_implEhthhPA128_K7ap_uintILi8EEPA4_S2_S4_S6_S4_S6_P_818|         array|
|p_ZZN9gdn_mxfp818gdn_mxfp8_top_implEhthhPA128_K7ap_uintILi8EEPA4_S2_S4_S6_S4_S6_P_819_address0  |  out|    5|   ap_memory|  p_ZZN9gdn_mxfp818gdn_mxfp8_top_implEhthhPA128_K7ap_uintILi8EEPA4_S2_S4_S6_S4_S6_P_819|         array|
|p_ZZN9gdn_mxfp818gdn_mxfp8_top_implEhthhPA128_K7ap_uintILi8EEPA4_S2_S4_S6_S4_S6_P_819_ce0       |  out|    1|   ap_memory|  p_ZZN9gdn_mxfp818gdn_mxfp8_top_implEhthhPA128_K7ap_uintILi8EEPA4_S2_S4_S6_S4_S6_P_819|         array|
|p_ZZN9gdn_mxfp818gdn_mxfp8_top_implEhthhPA128_K7ap_uintILi8EEPA4_S2_S4_S6_S4_S6_P_819_q0        |   in|    9|   ap_memory|  p_ZZN9gdn_mxfp818gdn_mxfp8_top_implEhthhPA128_K7ap_uintILi8EEPA4_S2_S4_S6_S4_S6_P_819|         array|
|p_ZZN9gdn_mxfp818gdn_mxfp8_top_implEhthhPA128_K7ap_uintILi8EEPA4_S2_S4_S6_S4_S6_P_820_address0  |  out|    5|   ap_memory|  p_ZZN9gdn_mxfp818gdn_mxfp8_top_implEhthhPA128_K7ap_uintILi8EEPA4_S2_S4_S6_S4_S6_P_820|         array|
|p_ZZN9gdn_mxfp818gdn_mxfp8_top_implEhthhPA128_K7ap_uintILi8EEPA4_S2_S4_S6_S4_S6_P_820_ce0       |  out|    1|   ap_memory|  p_ZZN9gdn_mxfp818gdn_mxfp8_top_implEhthhPA128_K7ap_uintILi8EEPA4_S2_S4_S6_S4_S6_P_820|         array|
|p_ZZN9gdn_mxfp818gdn_mxfp8_top_implEhthhPA128_K7ap_uintILi8EEPA4_S2_S4_S6_S4_S6_P_820_q0        |   in|    9|   ap_memory|  p_ZZN9gdn_mxfp818gdn_mxfp8_top_implEhthhPA128_K7ap_uintILi8EEPA4_S2_S4_S6_S4_S6_P_820|         array|
|p_ZZN9gdn_mxfp818gdn_mxfp8_top_implEhthhPA128_K7ap_uintILi8EEPA4_S2_S4_S6_S4_S6_P_821_address0  |  out|    5|   ap_memory|  p_ZZN9gdn_mxfp818gdn_mxfp8_top_implEhthhPA128_K7ap_uintILi8EEPA4_S2_S4_S6_S4_S6_P_821|         array|
|p_ZZN9gdn_mxfp818gdn_mxfp8_top_implEhthhPA128_K7ap_uintILi8EEPA4_S2_S4_S6_S4_S6_P_821_ce0       |  out|    1|   ap_memory|  p_ZZN9gdn_mxfp818gdn_mxfp8_top_implEhthhPA128_K7ap_uintILi8EEPA4_S2_S4_S6_S4_S6_P_821|         array|
|p_ZZN9gdn_mxfp818gdn_mxfp8_top_implEhthhPA128_K7ap_uintILi8EEPA4_S2_S4_S6_S4_S6_P_821_q0        |   in|    9|   ap_memory|  p_ZZN9gdn_mxfp818gdn_mxfp8_top_implEhthhPA128_K7ap_uintILi8EEPA4_S2_S4_S6_S4_S6_P_821|         array|
|p_ZZN9gdn_mxfp818gdn_mxfp8_top_implEhthhPA128_K7ap_uintILi8EEPA4_S2_S4_S6_S4_S6_P_822_address0  |  out|    5|   ap_memory|  p_ZZN9gdn_mxfp818gdn_mxfp8_top_implEhthhPA128_K7ap_uintILi8EEPA4_S2_S4_S6_S4_S6_P_822|         array|
|p_ZZN9gdn_mxfp818gdn_mxfp8_top_implEhthhPA128_K7ap_uintILi8EEPA4_S2_S4_S6_S4_S6_P_822_ce0       |  out|    1|   ap_memory|  p_ZZN9gdn_mxfp818gdn_mxfp8_top_implEhthhPA128_K7ap_uintILi8EEPA4_S2_S4_S6_S4_S6_P_822|         array|
|p_ZZN9gdn_mxfp818gdn_mxfp8_top_implEhthhPA128_K7ap_uintILi8EEPA4_S2_S4_S6_S4_S6_P_822_q0        |   in|    9|   ap_memory|  p_ZZN9gdn_mxfp818gdn_mxfp8_top_implEhthhPA128_K7ap_uintILi8EEPA4_S2_S4_S6_S4_S6_P_822|         array|
|p_ZZN9gdn_mxfp818gdn_mxfp8_top_implEhthhPA128_K7ap_uintILi8EEPA4_S2_S4_S6_S4_S6_P_823_address0  |  out|    5|   ap_memory|  p_ZZN9gdn_mxfp818gdn_mxfp8_top_implEhthhPA128_K7ap_uintILi8EEPA4_S2_S4_S6_S4_S6_P_823|         array|
|p_ZZN9gdn_mxfp818gdn_mxfp8_top_implEhthhPA128_K7ap_uintILi8EEPA4_S2_S4_S6_S4_S6_P_823_ce0       |  out|    1|   ap_memory|  p_ZZN9gdn_mxfp818gdn_mxfp8_top_implEhthhPA128_K7ap_uintILi8EEPA4_S2_S4_S6_S4_S6_P_823|         array|
|p_ZZN9gdn_mxfp818gdn_mxfp8_top_implEhthhPA128_K7ap_uintILi8EEPA4_S2_S4_S6_S4_S6_P_823_q0        |   in|    9|   ap_memory|  p_ZZN9gdn_mxfp818gdn_mxfp8_top_implEhthhPA128_K7ap_uintILi8EEPA4_S2_S4_S6_S4_S6_P_823|         array|
|p_ZZN9gdn_mxfp818gdn_mxfp8_top_implEhthhPA128_K7ap_uintILi8EEPA4_S2_S4_S6_S4_S6_P_824_address0  |  out|    5|   ap_memory|  p_ZZN9gdn_mxfp818gdn_mxfp8_top_implEhthhPA128_K7ap_uintILi8EEPA4_S2_S4_S6_S4_S6_P_824|         array|
|p_ZZN9gdn_mxfp818gdn_mxfp8_top_implEhthhPA128_K7ap_uintILi8EEPA4_S2_S4_S6_S4_S6_P_824_ce0       |  out|    1|   ap_memory|  p_ZZN9gdn_mxfp818gdn_mxfp8_top_implEhthhPA128_K7ap_uintILi8EEPA4_S2_S4_S6_S4_S6_P_824|         array|
|p_ZZN9gdn_mxfp818gdn_mxfp8_top_implEhthhPA128_K7ap_uintILi8EEPA4_S2_S4_S6_S4_S6_P_824_q0        |   in|    9|   ap_memory|  p_ZZN9gdn_mxfp818gdn_mxfp8_top_implEhthhPA128_K7ap_uintILi8EEPA4_S2_S4_S6_S4_S6_P_824|         array|
|p_ZZN9gdn_mxfp818gdn_mxfp8_top_implEhthhPA128_K7ap_uintILi8EEPA4_S2_S4_S6_S4_S6_P_825_address0  |  out|    5|   ap_memory|  p_ZZN9gdn_mxfp818gdn_mxfp8_top_implEhthhPA128_K7ap_uintILi8EEPA4_S2_S4_S6_S4_S6_P_825|         array|
|p_ZZN9gdn_mxfp818gdn_mxfp8_top_implEhthhPA128_K7ap_uintILi8EEPA4_S2_S4_S6_S4_S6_P_825_ce0       |  out|    1|   ap_memory|  p_ZZN9gdn_mxfp818gdn_mxfp8_top_implEhthhPA128_K7ap_uintILi8EEPA4_S2_S4_S6_S4_S6_P_825|         array|
|p_ZZN9gdn_mxfp818gdn_mxfp8_top_implEhthhPA128_K7ap_uintILi8EEPA4_S2_S4_S6_S4_S6_P_825_q0        |   in|    9|   ap_memory|  p_ZZN9gdn_mxfp818gdn_mxfp8_top_implEhthhPA128_K7ap_uintILi8EEPA4_S2_S4_S6_S4_S6_P_825|         array|
|p_ZZN9gdn_mxfp818gdn_mxfp8_top_implEhthhPA128_K7ap_uintILi8EEPA4_S2_S4_S6_S4_S6_P_826_address0  |  out|    5|   ap_memory|  p_ZZN9gdn_mxfp818gdn_mxfp8_top_implEhthhPA128_K7ap_uintILi8EEPA4_S2_S4_S6_S4_S6_P_826|         array|
|p_ZZN9gdn_mxfp818gdn_mxfp8_top_implEhthhPA128_K7ap_uintILi8EEPA4_S2_S4_S6_S4_S6_P_826_ce0       |  out|    1|   ap_memory|  p_ZZN9gdn_mxfp818gdn_mxfp8_top_implEhthhPA128_K7ap_uintILi8EEPA4_S2_S4_S6_S4_S6_P_826|         array|
|p_ZZN9gdn_mxfp818gdn_mxfp8_top_implEhthhPA128_K7ap_uintILi8EEPA4_S2_S4_S6_S4_S6_P_826_q0        |   in|    9|   ap_memory|  p_ZZN9gdn_mxfp818gdn_mxfp8_top_implEhthhPA128_K7ap_uintILi8EEPA4_S2_S4_S6_S4_S6_P_826|         array|
|p_ZZN9gdn_mxfp818gdn_mxfp8_top_implEhthhPA128_K7ap_uintILi8EEPA4_S2_S4_S6_S4_S6_P_827_address0  |  out|    5|   ap_memory|  p_ZZN9gdn_mxfp818gdn_mxfp8_top_implEhthhPA128_K7ap_uintILi8EEPA4_S2_S4_S6_S4_S6_P_827|         array|
|p_ZZN9gdn_mxfp818gdn_mxfp8_top_implEhthhPA128_K7ap_uintILi8EEPA4_S2_S4_S6_S4_S6_P_827_ce0       |  out|    1|   ap_memory|  p_ZZN9gdn_mxfp818gdn_mxfp8_top_implEhthhPA128_K7ap_uintILi8EEPA4_S2_S4_S6_S4_S6_P_827|         array|
|p_ZZN9gdn_mxfp818gdn_mxfp8_top_implEhthhPA128_K7ap_uintILi8EEPA4_S2_S4_S6_S4_S6_P_827_q0        |   in|    9|   ap_memory|  p_ZZN9gdn_mxfp818gdn_mxfp8_top_implEhthhPA128_K7ap_uintILi8EEPA4_S2_S4_S6_S4_S6_P_827|         array|
|p_ZZN9gdn_mxfp818gdn_mxfp8_top_implEhthhPA128_K7ap_uintILi8EEPA4_S2_S4_S6_S4_S6_P_828_address0  |  out|    5|   ap_memory|  p_ZZN9gdn_mxfp818gdn_mxfp8_top_implEhthhPA128_K7ap_uintILi8EEPA4_S2_S4_S6_S4_S6_P_828|         array|
|p_ZZN9gdn_mxfp818gdn_mxfp8_top_implEhthhPA128_K7ap_uintILi8EEPA4_S2_S4_S6_S4_S6_P_828_ce0       |  out|    1|   ap_memory|  p_ZZN9gdn_mxfp818gdn_mxfp8_top_implEhthhPA128_K7ap_uintILi8EEPA4_S2_S4_S6_S4_S6_P_828|         array|
|p_ZZN9gdn_mxfp818gdn_mxfp8_top_implEhthhPA128_K7ap_uintILi8EEPA4_S2_S4_S6_S4_S6_P_828_q0        |   in|    9|   ap_memory|  p_ZZN9gdn_mxfp818gdn_mxfp8_top_implEhthhPA128_K7ap_uintILi8EEPA4_S2_S4_S6_S4_S6_P_828|         array|
|p_ZZN9gdn_mxfp818gdn_mxfp8_top_implEhthhPA128_K7ap_uintILi8EEPA4_S2_S4_S6_S4_S6_P_829_address0  |  out|    5|   ap_memory|  p_ZZN9gdn_mxfp818gdn_mxfp8_top_implEhthhPA128_K7ap_uintILi8EEPA4_S2_S4_S6_S4_S6_P_829|         array|
|p_ZZN9gdn_mxfp818gdn_mxfp8_top_implEhthhPA128_K7ap_uintILi8EEPA4_S2_S4_S6_S4_S6_P_829_ce0       |  out|    1|   ap_memory|  p_ZZN9gdn_mxfp818gdn_mxfp8_top_implEhthhPA128_K7ap_uintILi8EEPA4_S2_S4_S6_S4_S6_P_829|         array|
|p_ZZN9gdn_mxfp818gdn_mxfp8_top_implEhthhPA128_K7ap_uintILi8EEPA4_S2_S4_S6_S4_S6_P_829_q0        |   in|    9|   ap_memory|  p_ZZN9gdn_mxfp818gdn_mxfp8_top_implEhthhPA128_K7ap_uintILi8EEPA4_S2_S4_S6_S4_S6_P_829|         array|
|p_ZZN9gdn_mxfp818gdn_mxfp8_top_implEhthhPA128_K7ap_uintILi8EEPA4_S2_S4_S6_S4_S6_P_830_address0  |  out|    5|   ap_memory|  p_ZZN9gdn_mxfp818gdn_mxfp8_top_implEhthhPA128_K7ap_uintILi8EEPA4_S2_S4_S6_S4_S6_P_830|         array|
|p_ZZN9gdn_mxfp818gdn_mxfp8_top_implEhthhPA128_K7ap_uintILi8EEPA4_S2_S4_S6_S4_S6_P_830_ce0       |  out|    1|   ap_memory|  p_ZZN9gdn_mxfp818gdn_mxfp8_top_implEhthhPA128_K7ap_uintILi8EEPA4_S2_S4_S6_S4_S6_P_830|         array|
|p_ZZN9gdn_mxfp818gdn_mxfp8_top_implEhthhPA128_K7ap_uintILi8EEPA4_S2_S4_S6_S4_S6_P_830_q0        |   in|    9|   ap_memory|  p_ZZN9gdn_mxfp818gdn_mxfp8_top_implEhthhPA128_K7ap_uintILi8EEPA4_S2_S4_S6_S4_S6_P_830|         array|
|p_ZZN9gdn_mxfp818gdn_mxfp8_top_implEhthhPA128_K7ap_uintILi8EEPA4_S2_S4_S6_S4_S6_P_831_address0  |  out|    5|   ap_memory|  p_ZZN9gdn_mxfp818gdn_mxfp8_top_implEhthhPA128_K7ap_uintILi8EEPA4_S2_S4_S6_S4_S6_P_831|         array|
|p_ZZN9gdn_mxfp818gdn_mxfp8_top_implEhthhPA128_K7ap_uintILi8EEPA4_S2_S4_S6_S4_S6_P_831_ce0       |  out|    1|   ap_memory|  p_ZZN9gdn_mxfp818gdn_mxfp8_top_implEhthhPA128_K7ap_uintILi8EEPA4_S2_S4_S6_S4_S6_P_831|         array|
|p_ZZN9gdn_mxfp818gdn_mxfp8_top_implEhthhPA128_K7ap_uintILi8EEPA4_S2_S4_S6_S4_S6_P_831_q0        |   in|    9|   ap_memory|  p_ZZN9gdn_mxfp818gdn_mxfp8_top_implEhthhPA128_K7ap_uintILi8EEPA4_S2_S4_S6_S4_S6_P_831|         array|
|p_ZZN9gdn_mxfp818gdn_mxfp8_top_implEhthhPA128_K7ap_uintILi8EEPA4_S2_S4_S6_S4_S6_P_832_address0  |  out|    5|   ap_memory|  p_ZZN9gdn_mxfp818gdn_mxfp8_top_implEhthhPA128_K7ap_uintILi8EEPA4_S2_S4_S6_S4_S6_P_832|         array|
|p_ZZN9gdn_mxfp818gdn_mxfp8_top_implEhthhPA128_K7ap_uintILi8EEPA4_S2_S4_S6_S4_S6_P_832_ce0       |  out|    1|   ap_memory|  p_ZZN9gdn_mxfp818gdn_mxfp8_top_implEhthhPA128_K7ap_uintILi8EEPA4_S2_S4_S6_S4_S6_P_832|         array|
|p_ZZN9gdn_mxfp818gdn_mxfp8_top_implEhthhPA128_K7ap_uintILi8EEPA4_S2_S4_S6_S4_S6_P_832_q0        |   in|    9|   ap_memory|  p_ZZN9gdn_mxfp818gdn_mxfp8_top_implEhthhPA128_K7ap_uintILi8EEPA4_S2_S4_S6_S4_S6_P_832|         array|
|p_ZZN9gdn_mxfp818gdn_mxfp8_top_implEhthhPA128_K7ap_uintILi8EEPA4_S2_S4_S6_S4_S6_P_833_address0  |  out|    5|   ap_memory|  p_ZZN9gdn_mxfp818gdn_mxfp8_top_implEhthhPA128_K7ap_uintILi8EEPA4_S2_S4_S6_S4_S6_P_833|         array|
|p_ZZN9gdn_mxfp818gdn_mxfp8_top_implEhthhPA128_K7ap_uintILi8EEPA4_S2_S4_S6_S4_S6_P_833_ce0       |  out|    1|   ap_memory|  p_ZZN9gdn_mxfp818gdn_mxfp8_top_implEhthhPA128_K7ap_uintILi8EEPA4_S2_S4_S6_S4_S6_P_833|         array|
|p_ZZN9gdn_mxfp818gdn_mxfp8_top_implEhthhPA128_K7ap_uintILi8EEPA4_S2_S4_S6_S4_S6_P_833_q0        |   in|    9|   ap_memory|  p_ZZN9gdn_mxfp818gdn_mxfp8_top_implEhthhPA128_K7ap_uintILi8EEPA4_S2_S4_S6_S4_S6_P_833|         array|
|p_ZZN9gdn_mxfp818gdn_mxfp8_top_implEhthhPA128_K7ap_uintILi8EEPA4_S2_S4_S6_S4_S6_P_834_address0  |  out|    5|   ap_memory|  p_ZZN9gdn_mxfp818gdn_mxfp8_top_implEhthhPA128_K7ap_uintILi8EEPA4_S2_S4_S6_S4_S6_P_834|         array|
|p_ZZN9gdn_mxfp818gdn_mxfp8_top_implEhthhPA128_K7ap_uintILi8EEPA4_S2_S4_S6_S4_S6_P_834_ce0       |  out|    1|   ap_memory|  p_ZZN9gdn_mxfp818gdn_mxfp8_top_implEhthhPA128_K7ap_uintILi8EEPA4_S2_S4_S6_S4_S6_P_834|         array|
|p_ZZN9gdn_mxfp818gdn_mxfp8_top_implEhthhPA128_K7ap_uintILi8EEPA4_S2_S4_S6_S4_S6_P_834_q0        |   in|    9|   ap_memory|  p_ZZN9gdn_mxfp818gdn_mxfp8_top_implEhthhPA128_K7ap_uintILi8EEPA4_S2_S4_S6_S4_S6_P_834|         array|
|p_ZZN9gdn_mxfp818gdn_mxfp8_top_implEhthhPA128_K7ap_uintILi8EEPA4_S2_S4_S6_S4_S6_P_835_address0  |  out|    5|   ap_memory|  p_ZZN9gdn_mxfp818gdn_mxfp8_top_implEhthhPA128_K7ap_uintILi8EEPA4_S2_S4_S6_S4_S6_P_835|         array|
|p_ZZN9gdn_mxfp818gdn_mxfp8_top_implEhthhPA128_K7ap_uintILi8EEPA4_S2_S4_S6_S4_S6_P_835_ce0       |  out|    1|   ap_memory|  p_ZZN9gdn_mxfp818gdn_mxfp8_top_implEhthhPA128_K7ap_uintILi8EEPA4_S2_S4_S6_S4_S6_P_835|         array|
|p_ZZN9gdn_mxfp818gdn_mxfp8_top_implEhthhPA128_K7ap_uintILi8EEPA4_S2_S4_S6_S4_S6_P_835_q0        |   in|    9|   ap_memory|  p_ZZN9gdn_mxfp818gdn_mxfp8_top_implEhthhPA128_K7ap_uintILi8EEPA4_S2_S4_S6_S4_S6_P_835|         array|
|p_ZZN9gdn_mxfp818gdn_mxfp8_top_implEhthhPA128_K7ap_uintILi8EEPA4_S2_S4_S6_S4_S6_P_836_address0  |  out|    5|   ap_memory|  p_ZZN9gdn_mxfp818gdn_mxfp8_top_implEhthhPA128_K7ap_uintILi8EEPA4_S2_S4_S6_S4_S6_P_836|         array|
|p_ZZN9gdn_mxfp818gdn_mxfp8_top_implEhthhPA128_K7ap_uintILi8EEPA4_S2_S4_S6_S4_S6_P_836_ce0       |  out|    1|   ap_memory|  p_ZZN9gdn_mxfp818gdn_mxfp8_top_implEhthhPA128_K7ap_uintILi8EEPA4_S2_S4_S6_S4_S6_P_836|         array|
|p_ZZN9gdn_mxfp818gdn_mxfp8_top_implEhthhPA128_K7ap_uintILi8EEPA4_S2_S4_S6_S4_S6_P_836_q0        |   in|    9|   ap_memory|  p_ZZN9gdn_mxfp818gdn_mxfp8_top_implEhthhPA128_K7ap_uintILi8EEPA4_S2_S4_S6_S4_S6_P_836|         array|
|p_ZZN9gdn_mxfp818gdn_mxfp8_top_implEhthhPA128_K7ap_uintILi8EEPA4_S2_S4_S6_S4_S6_P_837_address0  |  out|    5|   ap_memory|  p_ZZN9gdn_mxfp818gdn_mxfp8_top_implEhthhPA128_K7ap_uintILi8EEPA4_S2_S4_S6_S4_S6_P_837|         array|
|p_ZZN9gdn_mxfp818gdn_mxfp8_top_implEhthhPA128_K7ap_uintILi8EEPA4_S2_S4_S6_S4_S6_P_837_ce0       |  out|    1|   ap_memory|  p_ZZN9gdn_mxfp818gdn_mxfp8_top_implEhthhPA128_K7ap_uintILi8EEPA4_S2_S4_S6_S4_S6_P_837|         array|
|p_ZZN9gdn_mxfp818gdn_mxfp8_top_implEhthhPA128_K7ap_uintILi8EEPA4_S2_S4_S6_S4_S6_P_837_q0        |   in|    9|   ap_memory|  p_ZZN9gdn_mxfp818gdn_mxfp8_top_implEhthhPA128_K7ap_uintILi8EEPA4_S2_S4_S6_S4_S6_P_837|         array|
|p_ZZN9gdn_mxfp818gdn_mxfp8_top_implEhthhPA128_K7ap_uintILi8EEPA4_S2_S4_S6_S4_S6_P_838_address0  |  out|    5|   ap_memory|  p_ZZN9gdn_mxfp818gdn_mxfp8_top_implEhthhPA128_K7ap_uintILi8EEPA4_S2_S4_S6_S4_S6_P_838|         array|
|p_ZZN9gdn_mxfp818gdn_mxfp8_top_implEhthhPA128_K7ap_uintILi8EEPA4_S2_S4_S6_S4_S6_P_838_ce0       |  out|    1|   ap_memory|  p_ZZN9gdn_mxfp818gdn_mxfp8_top_implEhthhPA128_K7ap_uintILi8EEPA4_S2_S4_S6_S4_S6_P_838|         array|
|p_ZZN9gdn_mxfp818gdn_mxfp8_top_implEhthhPA128_K7ap_uintILi8EEPA4_S2_S4_S6_S4_S6_P_838_q0        |   in|    9|   ap_memory|  p_ZZN9gdn_mxfp818gdn_mxfp8_top_implEhthhPA128_K7ap_uintILi8EEPA4_S2_S4_S6_S4_S6_P_838|         array|
|p_ZZN9gdn_mxfp818gdn_mxfp8_top_implEhthhPA128_K7ap_uintILi8EEPA4_S2_S4_S6_S4_S6_P_839_address0  |  out|    5|   ap_memory|  p_ZZN9gdn_mxfp818gdn_mxfp8_top_implEhthhPA128_K7ap_uintILi8EEPA4_S2_S4_S6_S4_S6_P_839|         array|
|p_ZZN9gdn_mxfp818gdn_mxfp8_top_implEhthhPA128_K7ap_uintILi8EEPA4_S2_S4_S6_S4_S6_P_839_ce0       |  out|    1|   ap_memory|  p_ZZN9gdn_mxfp818gdn_mxfp8_top_implEhthhPA128_K7ap_uintILi8EEPA4_S2_S4_S6_S4_S6_P_839|         array|
|p_ZZN9gdn_mxfp818gdn_mxfp8_top_implEhthhPA128_K7ap_uintILi8EEPA4_S2_S4_S6_S4_S6_P_839_q0        |   in|    9|   ap_memory|  p_ZZN9gdn_mxfp818gdn_mxfp8_top_implEhthhPA128_K7ap_uintILi8EEPA4_S2_S4_S6_S4_S6_P_839|         array|
|p_ZZN9gdn_mxfp818gdn_mxfp8_top_implEhthhPA128_K7ap_uintILi8EEPA4_S2_S4_S6_S4_S6_P_840_address0  |  out|    5|   ap_memory|  p_ZZN9gdn_mxfp818gdn_mxfp8_top_implEhthhPA128_K7ap_uintILi8EEPA4_S2_S4_S6_S4_S6_P_840|         array|
|p_ZZN9gdn_mxfp818gdn_mxfp8_top_implEhthhPA128_K7ap_uintILi8EEPA4_S2_S4_S6_S4_S6_P_840_ce0       |  out|    1|   ap_memory|  p_ZZN9gdn_mxfp818gdn_mxfp8_top_implEhthhPA128_K7ap_uintILi8EEPA4_S2_S4_S6_S4_S6_P_840|         array|
|p_ZZN9gdn_mxfp818gdn_mxfp8_top_implEhthhPA128_K7ap_uintILi8EEPA4_S2_S4_S6_S4_S6_P_840_q0        |   in|    9|   ap_memory|  p_ZZN9gdn_mxfp818gdn_mxfp8_top_implEhthhPA128_K7ap_uintILi8EEPA4_S2_S4_S6_S4_S6_P_840|         array|
|p_ZZN9gdn_mxfp818gdn_mxfp8_top_implEhthhPA128_K7ap_uintILi8EEPA4_S2_S4_S6_S4_S6_P_841_address0  |  out|    5|   ap_memory|  p_ZZN9gdn_mxfp818gdn_mxfp8_top_implEhthhPA128_K7ap_uintILi8EEPA4_S2_S4_S6_S4_S6_P_841|         array|
|p_ZZN9gdn_mxfp818gdn_mxfp8_top_implEhthhPA128_K7ap_uintILi8EEPA4_S2_S4_S6_S4_S6_P_841_ce0       |  out|    1|   ap_memory|  p_ZZN9gdn_mxfp818gdn_mxfp8_top_implEhthhPA128_K7ap_uintILi8EEPA4_S2_S4_S6_S4_S6_P_841|         array|
|p_ZZN9gdn_mxfp818gdn_mxfp8_top_implEhthhPA128_K7ap_uintILi8EEPA4_S2_S4_S6_S4_S6_P_841_q0        |   in|    9|   ap_memory|  p_ZZN9gdn_mxfp818gdn_mxfp8_top_implEhthhPA128_K7ap_uintILi8EEPA4_S2_S4_S6_S4_S6_P_841|         array|
|p_ZZN9gdn_mxfp818gdn_mxfp8_top_implEhthhPA128_K7ap_uintILi8EEPA4_S2_S4_S6_S4_S6_P_842_address0  |  out|    5|   ap_memory|  p_ZZN9gdn_mxfp818gdn_mxfp8_top_implEhthhPA128_K7ap_uintILi8EEPA4_S2_S4_S6_S4_S6_P_842|         array|
|p_ZZN9gdn_mxfp818gdn_mxfp8_top_implEhthhPA128_K7ap_uintILi8EEPA4_S2_S4_S6_S4_S6_P_842_ce0       |  out|    1|   ap_memory|  p_ZZN9gdn_mxfp818gdn_mxfp8_top_implEhthhPA128_K7ap_uintILi8EEPA4_S2_S4_S6_S4_S6_P_842|         array|
|p_ZZN9gdn_mxfp818gdn_mxfp8_top_implEhthhPA128_K7ap_uintILi8EEPA4_S2_S4_S6_S4_S6_P_842_q0        |   in|    9|   ap_memory|  p_ZZN9gdn_mxfp818gdn_mxfp8_top_implEhthhPA128_K7ap_uintILi8EEPA4_S2_S4_S6_S4_S6_P_842|         array|
|p_ZZN9gdn_mxfp818gdn_mxfp8_top_implEhthhPA128_K7ap_uintILi8EEPA4_S2_S4_S6_S4_S6_P_843_address0  |  out|    5|   ap_memory|  p_ZZN9gdn_mxfp818gdn_mxfp8_top_implEhthhPA128_K7ap_uintILi8EEPA4_S2_S4_S6_S4_S6_P_843|         array|
|p_ZZN9gdn_mxfp818gdn_mxfp8_top_implEhthhPA128_K7ap_uintILi8EEPA4_S2_S4_S6_S4_S6_P_843_ce0       |  out|    1|   ap_memory|  p_ZZN9gdn_mxfp818gdn_mxfp8_top_implEhthhPA128_K7ap_uintILi8EEPA4_S2_S4_S6_S4_S6_P_843|         array|
|p_ZZN9gdn_mxfp818gdn_mxfp8_top_implEhthhPA128_K7ap_uintILi8EEPA4_S2_S4_S6_S4_S6_P_843_q0        |   in|    9|   ap_memory|  p_ZZN9gdn_mxfp818gdn_mxfp8_top_implEhthhPA128_K7ap_uintILi8EEPA4_S2_S4_S6_S4_S6_P_843|         array|
|p_ZZN9gdn_mxfp818gdn_mxfp8_top_implEhthhPA128_K7ap_uintILi8EEPA4_S2_S4_S6_S4_S6_P_844_address0  |  out|    5|   ap_memory|  p_ZZN9gdn_mxfp818gdn_mxfp8_top_implEhthhPA128_K7ap_uintILi8EEPA4_S2_S4_S6_S4_S6_P_844|         array|
|p_ZZN9gdn_mxfp818gdn_mxfp8_top_implEhthhPA128_K7ap_uintILi8EEPA4_S2_S4_S6_S4_S6_P_844_ce0       |  out|    1|   ap_memory|  p_ZZN9gdn_mxfp818gdn_mxfp8_top_implEhthhPA128_K7ap_uintILi8EEPA4_S2_S4_S6_S4_S6_P_844|         array|
|p_ZZN9gdn_mxfp818gdn_mxfp8_top_implEhthhPA128_K7ap_uintILi8EEPA4_S2_S4_S6_S4_S6_P_844_q0        |   in|    9|   ap_memory|  p_ZZN9gdn_mxfp818gdn_mxfp8_top_implEhthhPA128_K7ap_uintILi8EEPA4_S2_S4_S6_S4_S6_P_844|         array|
|p_ZZN9gdn_mxfp818gdn_mxfp8_top_implEhthhPA128_K7ap_uintILi8EEPA4_S2_S4_S6_S4_S6_P_845_address0  |  out|    5|   ap_memory|  p_ZZN9gdn_mxfp818gdn_mxfp8_top_implEhthhPA128_K7ap_uintILi8EEPA4_S2_S4_S6_S4_S6_P_845|         array|
|p_ZZN9gdn_mxfp818gdn_mxfp8_top_implEhthhPA128_K7ap_uintILi8EEPA4_S2_S4_S6_S4_S6_P_845_ce0       |  out|    1|   ap_memory|  p_ZZN9gdn_mxfp818gdn_mxfp8_top_implEhthhPA128_K7ap_uintILi8EEPA4_S2_S4_S6_S4_S6_P_845|         array|
|p_ZZN9gdn_mxfp818gdn_mxfp8_top_implEhthhPA128_K7ap_uintILi8EEPA4_S2_S4_S6_S4_S6_P_845_q0        |   in|    9|   ap_memory|  p_ZZN9gdn_mxfp818gdn_mxfp8_top_implEhthhPA128_K7ap_uintILi8EEPA4_S2_S4_S6_S4_S6_P_845|         array|
|p_ZZN9gdn_mxfp818gdn_mxfp8_top_implEhthhPA128_K7ap_uintILi8EEPA4_S2_S4_S6_S4_S6_P_846_address0  |  out|    5|   ap_memory|  p_ZZN9gdn_mxfp818gdn_mxfp8_top_implEhthhPA128_K7ap_uintILi8EEPA4_S2_S4_S6_S4_S6_P_846|         array|
|p_ZZN9gdn_mxfp818gdn_mxfp8_top_implEhthhPA128_K7ap_uintILi8EEPA4_S2_S4_S6_S4_S6_P_846_ce0       |  out|    1|   ap_memory|  p_ZZN9gdn_mxfp818gdn_mxfp8_top_implEhthhPA128_K7ap_uintILi8EEPA4_S2_S4_S6_S4_S6_P_846|         array|
|p_ZZN9gdn_mxfp818gdn_mxfp8_top_implEhthhPA128_K7ap_uintILi8EEPA4_S2_S4_S6_S4_S6_P_846_q0        |   in|    9|   ap_memory|  p_ZZN9gdn_mxfp818gdn_mxfp8_top_implEhthhPA128_K7ap_uintILi8EEPA4_S2_S4_S6_S4_S6_P_846|         array|
|p_ZZN9gdn_mxfp818gdn_mxfp8_top_implEhthhPA128_K7ap_uintILi8EEPA4_S2_S4_S6_S4_S6_P_847_address0  |  out|    5|   ap_memory|  p_ZZN9gdn_mxfp818gdn_mxfp8_top_implEhthhPA128_K7ap_uintILi8EEPA4_S2_S4_S6_S4_S6_P_847|         array|
|p_ZZN9gdn_mxfp818gdn_mxfp8_top_implEhthhPA128_K7ap_uintILi8EEPA4_S2_S4_S6_S4_S6_P_847_ce0       |  out|    1|   ap_memory|  p_ZZN9gdn_mxfp818gdn_mxfp8_top_implEhthhPA128_K7ap_uintILi8EEPA4_S2_S4_S6_S4_S6_P_847|         array|
|p_ZZN9gdn_mxfp818gdn_mxfp8_top_implEhthhPA128_K7ap_uintILi8EEPA4_S2_S4_S6_S4_S6_P_847_q0        |   in|    9|   ap_memory|  p_ZZN9gdn_mxfp818gdn_mxfp8_top_implEhthhPA128_K7ap_uintILi8EEPA4_S2_S4_S6_S4_S6_P_847|         array|
|p_ZZN9gdn_mxfp818gdn_mxfp8_top_implEhthhPA128_K7ap_uintILi8EEPA4_S2_S4_S6_S4_S6_P_848_address0  |  out|    5|   ap_memory|  p_ZZN9gdn_mxfp818gdn_mxfp8_top_implEhthhPA128_K7ap_uintILi8EEPA4_S2_S4_S6_S4_S6_P_848|         array|
|p_ZZN9gdn_mxfp818gdn_mxfp8_top_implEhthhPA128_K7ap_uintILi8EEPA4_S2_S4_S6_S4_S6_P_848_ce0       |  out|    1|   ap_memory|  p_ZZN9gdn_mxfp818gdn_mxfp8_top_implEhthhPA128_K7ap_uintILi8EEPA4_S2_S4_S6_S4_S6_P_848|         array|
|p_ZZN9gdn_mxfp818gdn_mxfp8_top_implEhthhPA128_K7ap_uintILi8EEPA4_S2_S4_S6_S4_S6_P_848_q0        |   in|    9|   ap_memory|  p_ZZN9gdn_mxfp818gdn_mxfp8_top_implEhthhPA128_K7ap_uintILi8EEPA4_S2_S4_S6_S4_S6_P_848|         array|
|p_ZZN9gdn_mxfp818gdn_mxfp8_top_implEhthhPA128_K7ap_uintILi8EEPA4_S2_S4_S6_S4_S6_P_849_address0  |  out|    5|   ap_memory|  p_ZZN9gdn_mxfp818gdn_mxfp8_top_implEhthhPA128_K7ap_uintILi8EEPA4_S2_S4_S6_S4_S6_P_849|         array|
|p_ZZN9gdn_mxfp818gdn_mxfp8_top_implEhthhPA128_K7ap_uintILi8EEPA4_S2_S4_S6_S4_S6_P_849_ce0       |  out|    1|   ap_memory|  p_ZZN9gdn_mxfp818gdn_mxfp8_top_implEhthhPA128_K7ap_uintILi8EEPA4_S2_S4_S6_S4_S6_P_849|         array|
|p_ZZN9gdn_mxfp818gdn_mxfp8_top_implEhthhPA128_K7ap_uintILi8EEPA4_S2_S4_S6_S4_S6_P_849_q0        |   in|    9|   ap_memory|  p_ZZN9gdn_mxfp818gdn_mxfp8_top_implEhthhPA128_K7ap_uintILi8EEPA4_S2_S4_S6_S4_S6_P_849|         array|
|p_ZZN9gdn_mxfp818gdn_mxfp8_top_implEhthhPA128_K7ap_uintILi8EEPA4_S2_S4_S6_S4_S6_P_850_address0  |  out|    5|   ap_memory|  p_ZZN9gdn_mxfp818gdn_mxfp8_top_implEhthhPA128_K7ap_uintILi8EEPA4_S2_S4_S6_S4_S6_P_850|         array|
|p_ZZN9gdn_mxfp818gdn_mxfp8_top_implEhthhPA128_K7ap_uintILi8EEPA4_S2_S4_S6_S4_S6_P_850_ce0       |  out|    1|   ap_memory|  p_ZZN9gdn_mxfp818gdn_mxfp8_top_implEhthhPA128_K7ap_uintILi8EEPA4_S2_S4_S6_S4_S6_P_850|         array|
|p_ZZN9gdn_mxfp818gdn_mxfp8_top_implEhthhPA128_K7ap_uintILi8EEPA4_S2_S4_S6_S4_S6_P_850_q0        |   in|    9|   ap_memory|  p_ZZN9gdn_mxfp818gdn_mxfp8_top_implEhthhPA128_K7ap_uintILi8EEPA4_S2_S4_S6_S4_S6_P_850|         array|
|p_ZZN9gdn_mxfp818gdn_mxfp8_top_implEhthhPA128_K7ap_uintILi8EEPA4_S2_S4_S6_S4_S6_P_739_address0  |  out|    5|   ap_memory|  p_ZZN9gdn_mxfp818gdn_mxfp8_top_implEhthhPA128_K7ap_uintILi8EEPA4_S2_S4_S6_S4_S6_P_739|         array|
|p_ZZN9gdn_mxfp818gdn_mxfp8_top_implEhthhPA128_K7ap_uintILi8EEPA4_S2_S4_S6_S4_S6_P_739_ce0       |  out|    1|   ap_memory|  p_ZZN9gdn_mxfp818gdn_mxfp8_top_implEhthhPA128_K7ap_uintILi8EEPA4_S2_S4_S6_S4_S6_P_739|         array|
|p_ZZN9gdn_mxfp818gdn_mxfp8_top_implEhthhPA128_K7ap_uintILi8EEPA4_S2_S4_S6_S4_S6_P_739_q0        |   in|    9|   ap_memory|  p_ZZN9gdn_mxfp818gdn_mxfp8_top_implEhthhPA128_K7ap_uintILi8EEPA4_S2_S4_S6_S4_S6_P_739|         array|
|p_ZZN9gdn_mxfp818gdn_mxfp8_top_implEhthhPA128_K7ap_uintILi8EEPA4_S2_S4_S6_S4_S6_P_740_address0  |  out|    5|   ap_memory|  p_ZZN9gdn_mxfp818gdn_mxfp8_top_implEhthhPA128_K7ap_uintILi8EEPA4_S2_S4_S6_S4_S6_P_740|         array|
|p_ZZN9gdn_mxfp818gdn_mxfp8_top_implEhthhPA128_K7ap_uintILi8EEPA4_S2_S4_S6_S4_S6_P_740_ce0       |  out|    1|   ap_memory|  p_ZZN9gdn_mxfp818gdn_mxfp8_top_implEhthhPA128_K7ap_uintILi8EEPA4_S2_S4_S6_S4_S6_P_740|         array|
|p_ZZN9gdn_mxfp818gdn_mxfp8_top_implEhthhPA128_K7ap_uintILi8EEPA4_S2_S4_S6_S4_S6_P_740_q0        |   in|    9|   ap_memory|  p_ZZN9gdn_mxfp818gdn_mxfp8_top_implEhthhPA128_K7ap_uintILi8EEPA4_S2_S4_S6_S4_S6_P_740|         array|
|p_ZZN9gdn_mxfp818gdn_mxfp8_top_implEhthhPA128_K7ap_uintILi8EEPA4_S2_S4_S6_S4_S6_P_741_address0  |  out|    5|   ap_memory|  p_ZZN9gdn_mxfp818gdn_mxfp8_top_implEhthhPA128_K7ap_uintILi8EEPA4_S2_S4_S6_S4_S6_P_741|         array|
|p_ZZN9gdn_mxfp818gdn_mxfp8_top_implEhthhPA128_K7ap_uintILi8EEPA4_S2_S4_S6_S4_S6_P_741_ce0       |  out|    1|   ap_memory|  p_ZZN9gdn_mxfp818gdn_mxfp8_top_implEhthhPA128_K7ap_uintILi8EEPA4_S2_S4_S6_S4_S6_P_741|         array|
|p_ZZN9gdn_mxfp818gdn_mxfp8_top_implEhthhPA128_K7ap_uintILi8EEPA4_S2_S4_S6_S4_S6_P_741_q0        |   in|    9|   ap_memory|  p_ZZN9gdn_mxfp818gdn_mxfp8_top_implEhthhPA128_K7ap_uintILi8EEPA4_S2_S4_S6_S4_S6_P_741|         array|
|p_ZZN9gdn_mxfp818gdn_mxfp8_top_implEhthhPA128_K7ap_uintILi8EEPA4_S2_S4_S6_S4_S6_P_742_address0  |  out|    5|   ap_memory|  p_ZZN9gdn_mxfp818gdn_mxfp8_top_implEhthhPA128_K7ap_uintILi8EEPA4_S2_S4_S6_S4_S6_P_742|         array|
|p_ZZN9gdn_mxfp818gdn_mxfp8_top_implEhthhPA128_K7ap_uintILi8EEPA4_S2_S4_S6_S4_S6_P_742_ce0       |  out|    1|   ap_memory|  p_ZZN9gdn_mxfp818gdn_mxfp8_top_implEhthhPA128_K7ap_uintILi8EEPA4_S2_S4_S6_S4_S6_P_742|         array|
|p_ZZN9gdn_mxfp818gdn_mxfp8_top_implEhthhPA128_K7ap_uintILi8EEPA4_S2_S4_S6_S4_S6_P_742_q0        |   in|    9|   ap_memory|  p_ZZN9gdn_mxfp818gdn_mxfp8_top_implEhthhPA128_K7ap_uintILi8EEPA4_S2_S4_S6_S4_S6_P_742|         array|
|p_ZZN9gdn_mxfp818gdn_mxfp8_top_implEhthhPA128_K7ap_uintILi8EEPA4_S2_S4_S6_S4_S6_P_743_address0  |  out|    5|   ap_memory|  p_ZZN9gdn_mxfp818gdn_mxfp8_top_implEhthhPA128_K7ap_uintILi8EEPA4_S2_S4_S6_S4_S6_P_743|         array|
|p_ZZN9gdn_mxfp818gdn_mxfp8_top_implEhthhPA128_K7ap_uintILi8EEPA4_S2_S4_S6_S4_S6_P_743_ce0       |  out|    1|   ap_memory|  p_ZZN9gdn_mxfp818gdn_mxfp8_top_implEhthhPA128_K7ap_uintILi8EEPA4_S2_S4_S6_S4_S6_P_743|         array|
|p_ZZN9gdn_mxfp818gdn_mxfp8_top_implEhthhPA128_K7ap_uintILi8EEPA4_S2_S4_S6_S4_S6_P_743_q0        |   in|    9|   ap_memory|  p_ZZN9gdn_mxfp818gdn_mxfp8_top_implEhthhPA128_K7ap_uintILi8EEPA4_S2_S4_S6_S4_S6_P_743|         array|
|p_ZZN9gdn_mxfp818gdn_mxfp8_top_implEhthhPA128_K7ap_uintILi8EEPA4_S2_S4_S6_S4_S6_P_744_address0  |  out|    5|   ap_memory|  p_ZZN9gdn_mxfp818gdn_mxfp8_top_implEhthhPA128_K7ap_uintILi8EEPA4_S2_S4_S6_S4_S6_P_744|         array|
|p_ZZN9gdn_mxfp818gdn_mxfp8_top_implEhthhPA128_K7ap_uintILi8EEPA4_S2_S4_S6_S4_S6_P_744_ce0       |  out|    1|   ap_memory|  p_ZZN9gdn_mxfp818gdn_mxfp8_top_implEhthhPA128_K7ap_uintILi8EEPA4_S2_S4_S6_S4_S6_P_744|         array|
|p_ZZN9gdn_mxfp818gdn_mxfp8_top_implEhthhPA128_K7ap_uintILi8EEPA4_S2_S4_S6_S4_S6_P_744_q0        |   in|    9|   ap_memory|  p_ZZN9gdn_mxfp818gdn_mxfp8_top_implEhthhPA128_K7ap_uintILi8EEPA4_S2_S4_S6_S4_S6_P_744|         array|
|p_ZZN9gdn_mxfp818gdn_mxfp8_top_implEhthhPA128_K7ap_uintILi8EEPA4_S2_S4_S6_S4_S6_P_745_address0  |  out|    5|   ap_memory|  p_ZZN9gdn_mxfp818gdn_mxfp8_top_implEhthhPA128_K7ap_uintILi8EEPA4_S2_S4_S6_S4_S6_P_745|         array|
|p_ZZN9gdn_mxfp818gdn_mxfp8_top_implEhthhPA128_K7ap_uintILi8EEPA4_S2_S4_S6_S4_S6_P_745_ce0       |  out|    1|   ap_memory|  p_ZZN9gdn_mxfp818gdn_mxfp8_top_implEhthhPA128_K7ap_uintILi8EEPA4_S2_S4_S6_S4_S6_P_745|         array|
|p_ZZN9gdn_mxfp818gdn_mxfp8_top_implEhthhPA128_K7ap_uintILi8EEPA4_S2_S4_S6_S4_S6_P_745_q0        |   in|    9|   ap_memory|  p_ZZN9gdn_mxfp818gdn_mxfp8_top_implEhthhPA128_K7ap_uintILi8EEPA4_S2_S4_S6_S4_S6_P_745|         array|
|p_ZZN9gdn_mxfp818gdn_mxfp8_top_implEhthhPA128_K7ap_uintILi8EEPA4_S2_S4_S6_S4_S6_P_746_address0  |  out|    5|   ap_memory|  p_ZZN9gdn_mxfp818gdn_mxfp8_top_implEhthhPA128_K7ap_uintILi8EEPA4_S2_S4_S6_S4_S6_P_746|         array|
|p_ZZN9gdn_mxfp818gdn_mxfp8_top_implEhthhPA128_K7ap_uintILi8EEPA4_S2_S4_S6_S4_S6_P_746_ce0       |  out|    1|   ap_memory|  p_ZZN9gdn_mxfp818gdn_mxfp8_top_implEhthhPA128_K7ap_uintILi8EEPA4_S2_S4_S6_S4_S6_P_746|         array|
|p_ZZN9gdn_mxfp818gdn_mxfp8_top_implEhthhPA128_K7ap_uintILi8EEPA4_S2_S4_S6_S4_S6_P_746_q0        |   in|    9|   ap_memory|  p_ZZN9gdn_mxfp818gdn_mxfp8_top_implEhthhPA128_K7ap_uintILi8EEPA4_S2_S4_S6_S4_S6_P_746|         array|
|p_ZZN9gdn_mxfp818gdn_mxfp8_top_implEhthhPA128_K7ap_uintILi8EEPA4_S2_S4_S6_S4_S6_P_747_address0  |  out|    5|   ap_memory|  p_ZZN9gdn_mxfp818gdn_mxfp8_top_implEhthhPA128_K7ap_uintILi8EEPA4_S2_S4_S6_S4_S6_P_747|         array|
|p_ZZN9gdn_mxfp818gdn_mxfp8_top_implEhthhPA128_K7ap_uintILi8EEPA4_S2_S4_S6_S4_S6_P_747_ce0       |  out|    1|   ap_memory|  p_ZZN9gdn_mxfp818gdn_mxfp8_top_implEhthhPA128_K7ap_uintILi8EEPA4_S2_S4_S6_S4_S6_P_747|         array|
|p_ZZN9gdn_mxfp818gdn_mxfp8_top_implEhthhPA128_K7ap_uintILi8EEPA4_S2_S4_S6_S4_S6_P_747_q0        |   in|    9|   ap_memory|  p_ZZN9gdn_mxfp818gdn_mxfp8_top_implEhthhPA128_K7ap_uintILi8EEPA4_S2_S4_S6_S4_S6_P_747|         array|
|p_ZZN9gdn_mxfp818gdn_mxfp8_top_implEhthhPA128_K7ap_uintILi8EEPA4_S2_S4_S6_S4_S6_P_748_address0  |  out|    5|   ap_memory|  p_ZZN9gdn_mxfp818gdn_mxfp8_top_implEhthhPA128_K7ap_uintILi8EEPA4_S2_S4_S6_S4_S6_P_748|         array|
|p_ZZN9gdn_mxfp818gdn_mxfp8_top_implEhthhPA128_K7ap_uintILi8EEPA4_S2_S4_S6_S4_S6_P_748_ce0       |  out|    1|   ap_memory|  p_ZZN9gdn_mxfp818gdn_mxfp8_top_implEhthhPA128_K7ap_uintILi8EEPA4_S2_S4_S6_S4_S6_P_748|         array|
|p_ZZN9gdn_mxfp818gdn_mxfp8_top_implEhthhPA128_K7ap_uintILi8EEPA4_S2_S4_S6_S4_S6_P_748_q0        |   in|    9|   ap_memory|  p_ZZN9gdn_mxfp818gdn_mxfp8_top_implEhthhPA128_K7ap_uintILi8EEPA4_S2_S4_S6_S4_S6_P_748|         array|
|p_ZZN9gdn_mxfp818gdn_mxfp8_top_implEhthhPA128_K7ap_uintILi8EEPA4_S2_S4_S6_S4_S6_P_749_address0  |  out|    5|   ap_memory|  p_ZZN9gdn_mxfp818gdn_mxfp8_top_implEhthhPA128_K7ap_uintILi8EEPA4_S2_S4_S6_S4_S6_P_749|         array|
|p_ZZN9gdn_mxfp818gdn_mxfp8_top_implEhthhPA128_K7ap_uintILi8EEPA4_S2_S4_S6_S4_S6_P_749_ce0       |  out|    1|   ap_memory|  p_ZZN9gdn_mxfp818gdn_mxfp8_top_implEhthhPA128_K7ap_uintILi8EEPA4_S2_S4_S6_S4_S6_P_749|         array|
|p_ZZN9gdn_mxfp818gdn_mxfp8_top_implEhthhPA128_K7ap_uintILi8EEPA4_S2_S4_S6_S4_S6_P_749_q0        |   in|    9|   ap_memory|  p_ZZN9gdn_mxfp818gdn_mxfp8_top_implEhthhPA128_K7ap_uintILi8EEPA4_S2_S4_S6_S4_S6_P_749|         array|
|p_ZZN9gdn_mxfp818gdn_mxfp8_top_implEhthhPA128_K7ap_uintILi8EEPA4_S2_S4_S6_S4_S6_P_750_address0  |  out|    5|   ap_memory|  p_ZZN9gdn_mxfp818gdn_mxfp8_top_implEhthhPA128_K7ap_uintILi8EEPA4_S2_S4_S6_S4_S6_P_750|         array|
|p_ZZN9gdn_mxfp818gdn_mxfp8_top_implEhthhPA128_K7ap_uintILi8EEPA4_S2_S4_S6_S4_S6_P_750_ce0       |  out|    1|   ap_memory|  p_ZZN9gdn_mxfp818gdn_mxfp8_top_implEhthhPA128_K7ap_uintILi8EEPA4_S2_S4_S6_S4_S6_P_750|         array|
|p_ZZN9gdn_mxfp818gdn_mxfp8_top_implEhthhPA128_K7ap_uintILi8EEPA4_S2_S4_S6_S4_S6_P_750_q0        |   in|    9|   ap_memory|  p_ZZN9gdn_mxfp818gdn_mxfp8_top_implEhthhPA128_K7ap_uintILi8EEPA4_S2_S4_S6_S4_S6_P_750|         array|
|p_ZZN9gdn_mxfp818gdn_mxfp8_top_implEhthhPA128_K7ap_uintILi8EEPA4_S2_S4_S6_S4_S6_P_751_address0  |  out|    5|   ap_memory|  p_ZZN9gdn_mxfp818gdn_mxfp8_top_implEhthhPA128_K7ap_uintILi8EEPA4_S2_S4_S6_S4_S6_P_751|         array|
|p_ZZN9gdn_mxfp818gdn_mxfp8_top_implEhthhPA128_K7ap_uintILi8EEPA4_S2_S4_S6_S4_S6_P_751_ce0       |  out|    1|   ap_memory|  p_ZZN9gdn_mxfp818gdn_mxfp8_top_implEhthhPA128_K7ap_uintILi8EEPA4_S2_S4_S6_S4_S6_P_751|         array|
|p_ZZN9gdn_mxfp818gdn_mxfp8_top_implEhthhPA128_K7ap_uintILi8EEPA4_S2_S4_S6_S4_S6_P_751_q0        |   in|    9|   ap_memory|  p_ZZN9gdn_mxfp818gdn_mxfp8_top_implEhthhPA128_K7ap_uintILi8EEPA4_S2_S4_S6_S4_S6_P_751|         array|
|p_ZZN9gdn_mxfp818gdn_mxfp8_top_implEhthhPA128_K7ap_uintILi8EEPA4_S2_S4_S6_S4_S6_P_752_address0  |  out|    5|   ap_memory|  p_ZZN9gdn_mxfp818gdn_mxfp8_top_implEhthhPA128_K7ap_uintILi8EEPA4_S2_S4_S6_S4_S6_P_752|         array|
|p_ZZN9gdn_mxfp818gdn_mxfp8_top_implEhthhPA128_K7ap_uintILi8EEPA4_S2_S4_S6_S4_S6_P_752_ce0       |  out|    1|   ap_memory|  p_ZZN9gdn_mxfp818gdn_mxfp8_top_implEhthhPA128_K7ap_uintILi8EEPA4_S2_S4_S6_S4_S6_P_752|         array|
|p_ZZN9gdn_mxfp818gdn_mxfp8_top_implEhthhPA128_K7ap_uintILi8EEPA4_S2_S4_S6_S4_S6_P_752_q0        |   in|    9|   ap_memory|  p_ZZN9gdn_mxfp818gdn_mxfp8_top_implEhthhPA128_K7ap_uintILi8EEPA4_S2_S4_S6_S4_S6_P_752|         array|
|p_ZZN9gdn_mxfp818gdn_mxfp8_top_implEhthhPA128_K7ap_uintILi8EEPA4_S2_S4_S6_S4_S6_P_753_address0  |  out|    5|   ap_memory|  p_ZZN9gdn_mxfp818gdn_mxfp8_top_implEhthhPA128_K7ap_uintILi8EEPA4_S2_S4_S6_S4_S6_P_753|         array|
|p_ZZN9gdn_mxfp818gdn_mxfp8_top_implEhthhPA128_K7ap_uintILi8EEPA4_S2_S4_S6_S4_S6_P_753_ce0       |  out|    1|   ap_memory|  p_ZZN9gdn_mxfp818gdn_mxfp8_top_implEhthhPA128_K7ap_uintILi8EEPA4_S2_S4_S6_S4_S6_P_753|         array|
|p_ZZN9gdn_mxfp818gdn_mxfp8_top_implEhthhPA128_K7ap_uintILi8EEPA4_S2_S4_S6_S4_S6_P_753_q0        |   in|    9|   ap_memory|  p_ZZN9gdn_mxfp818gdn_mxfp8_top_implEhthhPA128_K7ap_uintILi8EEPA4_S2_S4_S6_S4_S6_P_753|         array|
|p_ZZN9gdn_mxfp818gdn_mxfp8_top_implEhthhPA128_K7ap_uintILi8EEPA4_S2_S4_S6_S4_S6_P_754_address0  |  out|    5|   ap_memory|  p_ZZN9gdn_mxfp818gdn_mxfp8_top_implEhthhPA128_K7ap_uintILi8EEPA4_S2_S4_S6_S4_S6_P_754|         array|
|p_ZZN9gdn_mxfp818gdn_mxfp8_top_implEhthhPA128_K7ap_uintILi8EEPA4_S2_S4_S6_S4_S6_P_754_ce0       |  out|    1|   ap_memory|  p_ZZN9gdn_mxfp818gdn_mxfp8_top_implEhthhPA128_K7ap_uintILi8EEPA4_S2_S4_S6_S4_S6_P_754|         array|
|p_ZZN9gdn_mxfp818gdn_mxfp8_top_implEhthhPA128_K7ap_uintILi8EEPA4_S2_S4_S6_S4_S6_P_754_q0        |   in|    9|   ap_memory|  p_ZZN9gdn_mxfp818gdn_mxfp8_top_implEhthhPA128_K7ap_uintILi8EEPA4_S2_S4_S6_S4_S6_P_754|         array|
|gdn_mxfp8_top_impl_unsigned_char_unsigned_short_unsigned_char_unsigned_char_ap_u_51_address0    |  out|    5|   ap_memory|    gdn_mxfp8_top_impl_unsigned_char_unsigned_short_unsigned_char_unsigned_char_ap_u_51|         array|
|gdn_mxfp8_top_impl_unsigned_char_unsigned_short_unsigned_char_unsigned_char_ap_u_51_ce0         |  out|    1|   ap_memory|    gdn_mxfp8_top_impl_unsigned_char_unsigned_short_unsigned_char_unsigned_char_ap_u_51|         array|
|gdn_mxfp8_top_impl_unsigned_char_unsigned_short_unsigned_char_unsigned_char_ap_u_51_q0          |   in|    9|   ap_memory|    gdn_mxfp8_top_impl_unsigned_char_unsigned_short_unsigned_char_unsigned_char_ap_u_51|         array|
|gdn_mxfp8_top_impl_unsigned_char_unsigned_short_unsigned_char_unsigned_char_ap_u_45_address0    |  out|    5|   ap_memory|    gdn_mxfp8_top_impl_unsigned_char_unsigned_short_unsigned_char_unsigned_char_ap_u_45|         array|
|gdn_mxfp8_top_impl_unsigned_char_unsigned_short_unsigned_char_unsigned_char_ap_u_45_ce0         |  out|    1|   ap_memory|    gdn_mxfp8_top_impl_unsigned_char_unsigned_short_unsigned_char_unsigned_char_ap_u_45|         array|
|gdn_mxfp8_top_impl_unsigned_char_unsigned_short_unsigned_char_unsigned_char_ap_u_45_q0          |   in|    9|   ap_memory|    gdn_mxfp8_top_impl_unsigned_char_unsigned_short_unsigned_char_unsigned_char_ap_u_45|         array|
|gdn_mxfp8_top_impl_unsigned_char_unsigned_short_unsigned_char_unsigned_char_ap_u_44_address0    |  out|    5|   ap_memory|    gdn_mxfp8_top_impl_unsigned_char_unsigned_short_unsigned_char_unsigned_char_ap_u_44|         array|
|gdn_mxfp8_top_impl_unsigned_char_unsigned_short_unsigned_char_unsigned_char_ap_u_44_ce0         |  out|    1|   ap_memory|    gdn_mxfp8_top_impl_unsigned_char_unsigned_short_unsigned_char_unsigned_char_ap_u_44|         array|
|gdn_mxfp8_top_impl_unsigned_char_unsigned_short_unsigned_char_unsigned_char_ap_u_44_q0          |   in|    9|   ap_memory|    gdn_mxfp8_top_impl_unsigned_char_unsigned_short_unsigned_char_unsigned_char_ap_u_44|         array|
|gdn_mxfp8_top_impl_unsigned_char_unsigned_short_unsigned_char_unsigned_char_ap_u_50_address0    |  out|    5|   ap_memory|    gdn_mxfp8_top_impl_unsigned_char_unsigned_short_unsigned_char_unsigned_char_ap_u_50|         array|
|gdn_mxfp8_top_impl_unsigned_char_unsigned_short_unsigned_char_unsigned_char_ap_u_50_ce0         |  out|    1|   ap_memory|    gdn_mxfp8_top_impl_unsigned_char_unsigned_short_unsigned_char_unsigned_char_ap_u_50|         array|
|gdn_mxfp8_top_impl_unsigned_char_unsigned_short_unsigned_char_unsigned_char_ap_u_50_q0          |   in|    9|   ap_memory|    gdn_mxfp8_top_impl_unsigned_char_unsigned_short_unsigned_char_unsigned_char_ap_u_50|         array|
|gdn_mxfp8_top_impl_unsigned_char_unsigned_short_unsigned_char_unsigned_char_ap_u_49_address0    |  out|    5|   ap_memory|    gdn_mxfp8_top_impl_unsigned_char_unsigned_short_unsigned_char_unsigned_char_ap_u_49|         array|
|gdn_mxfp8_top_impl_unsigned_char_unsigned_short_unsigned_char_unsigned_char_ap_u_49_ce0         |  out|    1|   ap_memory|    gdn_mxfp8_top_impl_unsigned_char_unsigned_short_unsigned_char_unsigned_char_ap_u_49|         array|
|gdn_mxfp8_top_impl_unsigned_char_unsigned_short_unsigned_char_unsigned_char_ap_u_49_q0          |   in|    9|   ap_memory|    gdn_mxfp8_top_impl_unsigned_char_unsigned_short_unsigned_char_unsigned_char_ap_u_49|         array|
|gdn_mxfp8_top_impl_unsigned_char_unsigned_short_unsigned_char_unsigned_char_ap_u_48_address0    |  out|    5|   ap_memory|    gdn_mxfp8_top_impl_unsigned_char_unsigned_short_unsigned_char_unsigned_char_ap_u_48|         array|
|gdn_mxfp8_top_impl_unsigned_char_unsigned_short_unsigned_char_unsigned_char_ap_u_48_ce0         |  out|    1|   ap_memory|    gdn_mxfp8_top_impl_unsigned_char_unsigned_short_unsigned_char_unsigned_char_ap_u_48|         array|
|gdn_mxfp8_top_impl_unsigned_char_unsigned_short_unsigned_char_unsigned_char_ap_u_48_q0          |   in|    9|   ap_memory|    gdn_mxfp8_top_impl_unsigned_char_unsigned_short_unsigned_char_unsigned_char_ap_u_48|         array|
|gdn_mxfp8_top_impl_unsigned_char_unsigned_short_unsigned_char_unsigned_char_ap_u_47_address0    |  out|    5|   ap_memory|    gdn_mxfp8_top_impl_unsigned_char_unsigned_short_unsigned_char_unsigned_char_ap_u_47|         array|
|gdn_mxfp8_top_impl_unsigned_char_unsigned_short_unsigned_char_unsigned_char_ap_u_47_ce0         |  out|    1|   ap_memory|    gdn_mxfp8_top_impl_unsigned_char_unsigned_short_unsigned_char_unsigned_char_ap_u_47|         array|
|gdn_mxfp8_top_impl_unsigned_char_unsigned_short_unsigned_char_unsigned_char_ap_u_47_q0          |   in|    9|   ap_memory|    gdn_mxfp8_top_impl_unsigned_char_unsigned_short_unsigned_char_unsigned_char_ap_u_47|         array|
|gdn_mxfp8_top_impl_unsigned_char_unsigned_short_unsigned_char_unsigned_char_ap_u_46_address0    |  out|    5|   ap_memory|    gdn_mxfp8_top_impl_unsigned_char_unsigned_short_unsigned_char_unsigned_char_ap_u_46|         array|
|gdn_mxfp8_top_impl_unsigned_char_unsigned_short_unsigned_char_unsigned_char_ap_u_46_ce0         |  out|    1|   ap_memory|    gdn_mxfp8_top_impl_unsigned_char_unsigned_short_unsigned_char_unsigned_char_ap_u_46|         array|
|gdn_mxfp8_top_impl_unsigned_char_unsigned_short_unsigned_char_unsigned_char_ap_u_46_q0          |   in|    9|   ap_memory|    gdn_mxfp8_top_impl_unsigned_char_unsigned_short_unsigned_char_unsigned_char_ap_u_46|         array|
|p_ZZN9gdn_mxfp818gdn_mxfp8_top_implEhthhPA128_K7ap_uintILi8EEPA4_S2_S4_S6_S4_S6_P_755_address0  |  out|    5|   ap_memory|  p_ZZN9gdn_mxfp818gdn_mxfp8_top_implEhthhPA128_K7ap_uintILi8EEPA4_S2_S4_S6_S4_S6_P_755|         array|
|p_ZZN9gdn_mxfp818gdn_mxfp8_top_implEhthhPA128_K7ap_uintILi8EEPA4_S2_S4_S6_S4_S6_P_755_ce0       |  out|    1|   ap_memory|  p_ZZN9gdn_mxfp818gdn_mxfp8_top_implEhthhPA128_K7ap_uintILi8EEPA4_S2_S4_S6_S4_S6_P_755|         array|
|p_ZZN9gdn_mxfp818gdn_mxfp8_top_implEhthhPA128_K7ap_uintILi8EEPA4_S2_S4_S6_S4_S6_P_755_q0        |   in|    9|   ap_memory|  p_ZZN9gdn_mxfp818gdn_mxfp8_top_implEhthhPA128_K7ap_uintILi8EEPA4_S2_S4_S6_S4_S6_P_755|         array|
|p_ZZN9gdn_mxfp818gdn_mxfp8_top_implEhthhPA128_K7ap_uintILi8EEPA4_S2_S4_S6_S4_S6_P_756_address0  |  out|    5|   ap_memory|  p_ZZN9gdn_mxfp818gdn_mxfp8_top_implEhthhPA128_K7ap_uintILi8EEPA4_S2_S4_S6_S4_S6_P_756|         array|
|p_ZZN9gdn_mxfp818gdn_mxfp8_top_implEhthhPA128_K7ap_uintILi8EEPA4_S2_S4_S6_S4_S6_P_756_ce0       |  out|    1|   ap_memory|  p_ZZN9gdn_mxfp818gdn_mxfp8_top_implEhthhPA128_K7ap_uintILi8EEPA4_S2_S4_S6_S4_S6_P_756|         array|
|p_ZZN9gdn_mxfp818gdn_mxfp8_top_implEhthhPA128_K7ap_uintILi8EEPA4_S2_S4_S6_S4_S6_P_756_q0        |   in|    9|   ap_memory|  p_ZZN9gdn_mxfp818gdn_mxfp8_top_implEhthhPA128_K7ap_uintILi8EEPA4_S2_S4_S6_S4_S6_P_756|         array|
|p_ZZN9gdn_mxfp818gdn_mxfp8_top_implEhthhPA128_K7ap_uintILi8EEPA4_S2_S4_S6_S4_S6_P_757_address0  |  out|    5|   ap_memory|  p_ZZN9gdn_mxfp818gdn_mxfp8_top_implEhthhPA128_K7ap_uintILi8EEPA4_S2_S4_S6_S4_S6_P_757|         array|
|p_ZZN9gdn_mxfp818gdn_mxfp8_top_implEhthhPA128_K7ap_uintILi8EEPA4_S2_S4_S6_S4_S6_P_757_ce0       |  out|    1|   ap_memory|  p_ZZN9gdn_mxfp818gdn_mxfp8_top_implEhthhPA128_K7ap_uintILi8EEPA4_S2_S4_S6_S4_S6_P_757|         array|
|p_ZZN9gdn_mxfp818gdn_mxfp8_top_implEhthhPA128_K7ap_uintILi8EEPA4_S2_S4_S6_S4_S6_P_757_q0        |   in|    9|   ap_memory|  p_ZZN9gdn_mxfp818gdn_mxfp8_top_implEhthhPA128_K7ap_uintILi8EEPA4_S2_S4_S6_S4_S6_P_757|         array|
|p_ZZN9gdn_mxfp818gdn_mxfp8_top_implEhthhPA128_K7ap_uintILi8EEPA4_S2_S4_S6_S4_S6_P_758_address0  |  out|    5|   ap_memory|  p_ZZN9gdn_mxfp818gdn_mxfp8_top_implEhthhPA128_K7ap_uintILi8EEPA4_S2_S4_S6_S4_S6_P_758|         array|
|p_ZZN9gdn_mxfp818gdn_mxfp8_top_implEhthhPA128_K7ap_uintILi8EEPA4_S2_S4_S6_S4_S6_P_758_ce0       |  out|    1|   ap_memory|  p_ZZN9gdn_mxfp818gdn_mxfp8_top_implEhthhPA128_K7ap_uintILi8EEPA4_S2_S4_S6_S4_S6_P_758|         array|
|p_ZZN9gdn_mxfp818gdn_mxfp8_top_implEhthhPA128_K7ap_uintILi8EEPA4_S2_S4_S6_S4_S6_P_758_q0        |   in|    9|   ap_memory|  p_ZZN9gdn_mxfp818gdn_mxfp8_top_implEhthhPA128_K7ap_uintILi8EEPA4_S2_S4_S6_S4_S6_P_758|         array|
|p_ZZN9gdn_mxfp818gdn_mxfp8_top_implEhthhPA128_K7ap_uintILi8EEPA4_S2_S4_S6_S4_S6_P_759_address0  |  out|    5|   ap_memory|  p_ZZN9gdn_mxfp818gdn_mxfp8_top_implEhthhPA128_K7ap_uintILi8EEPA4_S2_S4_S6_S4_S6_P_759|         array|
|p_ZZN9gdn_mxfp818gdn_mxfp8_top_implEhthhPA128_K7ap_uintILi8EEPA4_S2_S4_S6_S4_S6_P_759_ce0       |  out|    1|   ap_memory|  p_ZZN9gdn_mxfp818gdn_mxfp8_top_implEhthhPA128_K7ap_uintILi8EEPA4_S2_S4_S6_S4_S6_P_759|         array|
|p_ZZN9gdn_mxfp818gdn_mxfp8_top_implEhthhPA128_K7ap_uintILi8EEPA4_S2_S4_S6_S4_S6_P_759_q0        |   in|    9|   ap_memory|  p_ZZN9gdn_mxfp818gdn_mxfp8_top_implEhthhPA128_K7ap_uintILi8EEPA4_S2_S4_S6_S4_S6_P_759|         array|
|p_ZZN9gdn_mxfp818gdn_mxfp8_top_implEhthhPA128_K7ap_uintILi8EEPA4_S2_S4_S6_S4_S6_P_760_address0  |  out|    5|   ap_memory|  p_ZZN9gdn_mxfp818gdn_mxfp8_top_implEhthhPA128_K7ap_uintILi8EEPA4_S2_S4_S6_S4_S6_P_760|         array|
|p_ZZN9gdn_mxfp818gdn_mxfp8_top_implEhthhPA128_K7ap_uintILi8EEPA4_S2_S4_S6_S4_S6_P_760_ce0       |  out|    1|   ap_memory|  p_ZZN9gdn_mxfp818gdn_mxfp8_top_implEhthhPA128_K7ap_uintILi8EEPA4_S2_S4_S6_S4_S6_P_760|         array|
|p_ZZN9gdn_mxfp818gdn_mxfp8_top_implEhthhPA128_K7ap_uintILi8EEPA4_S2_S4_S6_S4_S6_P_760_q0        |   in|    9|   ap_memory|  p_ZZN9gdn_mxfp818gdn_mxfp8_top_implEhthhPA128_K7ap_uintILi8EEPA4_S2_S4_S6_S4_S6_P_760|         array|
|p_ZZN9gdn_mxfp818gdn_mxfp8_top_implEhthhPA128_K7ap_uintILi8EEPA4_S2_S4_S6_S4_S6_P_761_address0  |  out|    5|   ap_memory|  p_ZZN9gdn_mxfp818gdn_mxfp8_top_implEhthhPA128_K7ap_uintILi8EEPA4_S2_S4_S6_S4_S6_P_761|         array|
|p_ZZN9gdn_mxfp818gdn_mxfp8_top_implEhthhPA128_K7ap_uintILi8EEPA4_S2_S4_S6_S4_S6_P_761_ce0       |  out|    1|   ap_memory|  p_ZZN9gdn_mxfp818gdn_mxfp8_top_implEhthhPA128_K7ap_uintILi8EEPA4_S2_S4_S6_S4_S6_P_761|         array|
|p_ZZN9gdn_mxfp818gdn_mxfp8_top_implEhthhPA128_K7ap_uintILi8EEPA4_S2_S4_S6_S4_S6_P_761_q0        |   in|    9|   ap_memory|  p_ZZN9gdn_mxfp818gdn_mxfp8_top_implEhthhPA128_K7ap_uintILi8EEPA4_S2_S4_S6_S4_S6_P_761|         array|
|p_ZZN9gdn_mxfp818gdn_mxfp8_top_implEhthhPA128_K7ap_uintILi8EEPA4_S2_S4_S6_S4_S6_P_762_address0  |  out|    5|   ap_memory|  p_ZZN9gdn_mxfp818gdn_mxfp8_top_implEhthhPA128_K7ap_uintILi8EEPA4_S2_S4_S6_S4_S6_P_762|         array|
|p_ZZN9gdn_mxfp818gdn_mxfp8_top_implEhthhPA128_K7ap_uintILi8EEPA4_S2_S4_S6_S4_S6_P_762_ce0       |  out|    1|   ap_memory|  p_ZZN9gdn_mxfp818gdn_mxfp8_top_implEhthhPA128_K7ap_uintILi8EEPA4_S2_S4_S6_S4_S6_P_762|         array|
|p_ZZN9gdn_mxfp818gdn_mxfp8_top_implEhthhPA128_K7ap_uintILi8EEPA4_S2_S4_S6_S4_S6_P_762_q0        |   in|    9|   ap_memory|  p_ZZN9gdn_mxfp818gdn_mxfp8_top_implEhthhPA128_K7ap_uintILi8EEPA4_S2_S4_S6_S4_S6_P_762|         array|
|p_ZZN9gdn_mxfp818gdn_mxfp8_top_implEhthhPA128_K7ap_uintILi8EEPA4_S2_S4_S6_S4_S6_P_763_address0  |  out|    5|   ap_memory|  p_ZZN9gdn_mxfp818gdn_mxfp8_top_implEhthhPA128_K7ap_uintILi8EEPA4_S2_S4_S6_S4_S6_P_763|         array|
|p_ZZN9gdn_mxfp818gdn_mxfp8_top_implEhthhPA128_K7ap_uintILi8EEPA4_S2_S4_S6_S4_S6_P_763_ce0       |  out|    1|   ap_memory|  p_ZZN9gdn_mxfp818gdn_mxfp8_top_implEhthhPA128_K7ap_uintILi8EEPA4_S2_S4_S6_S4_S6_P_763|         array|
|p_ZZN9gdn_mxfp818gdn_mxfp8_top_implEhthhPA128_K7ap_uintILi8EEPA4_S2_S4_S6_S4_S6_P_763_q0        |   in|    9|   ap_memory|  p_ZZN9gdn_mxfp818gdn_mxfp8_top_implEhthhPA128_K7ap_uintILi8EEPA4_S2_S4_S6_S4_S6_P_763|         array|
|p_ZZN9gdn_mxfp818gdn_mxfp8_top_implEhthhPA128_K7ap_uintILi8EEPA4_S2_S4_S6_S4_S6_P_764_address0  |  out|    5|   ap_memory|  p_ZZN9gdn_mxfp818gdn_mxfp8_top_implEhthhPA128_K7ap_uintILi8EEPA4_S2_S4_S6_S4_S6_P_764|         array|
|p_ZZN9gdn_mxfp818gdn_mxfp8_top_implEhthhPA128_K7ap_uintILi8EEPA4_S2_S4_S6_S4_S6_P_764_ce0       |  out|    1|   ap_memory|  p_ZZN9gdn_mxfp818gdn_mxfp8_top_implEhthhPA128_K7ap_uintILi8EEPA4_S2_S4_S6_S4_S6_P_764|         array|
|p_ZZN9gdn_mxfp818gdn_mxfp8_top_implEhthhPA128_K7ap_uintILi8EEPA4_S2_S4_S6_S4_S6_P_764_q0        |   in|    9|   ap_memory|  p_ZZN9gdn_mxfp818gdn_mxfp8_top_implEhthhPA128_K7ap_uintILi8EEPA4_S2_S4_S6_S4_S6_P_764|         array|
|p_ZZN9gdn_mxfp818gdn_mxfp8_top_implEhthhPA128_K7ap_uintILi8EEPA4_S2_S4_S6_S4_S6_P_765_address0  |  out|    5|   ap_memory|  p_ZZN9gdn_mxfp818gdn_mxfp8_top_implEhthhPA128_K7ap_uintILi8EEPA4_S2_S4_S6_S4_S6_P_765|         array|
|p_ZZN9gdn_mxfp818gdn_mxfp8_top_implEhthhPA128_K7ap_uintILi8EEPA4_S2_S4_S6_S4_S6_P_765_ce0       |  out|    1|   ap_memory|  p_ZZN9gdn_mxfp818gdn_mxfp8_top_implEhthhPA128_K7ap_uintILi8EEPA4_S2_S4_S6_S4_S6_P_765|         array|
|p_ZZN9gdn_mxfp818gdn_mxfp8_top_implEhthhPA128_K7ap_uintILi8EEPA4_S2_S4_S6_S4_S6_P_765_q0        |   in|    9|   ap_memory|  p_ZZN9gdn_mxfp818gdn_mxfp8_top_implEhthhPA128_K7ap_uintILi8EEPA4_S2_S4_S6_S4_S6_P_765|         array|
|p_ZZN9gdn_mxfp818gdn_mxfp8_top_implEhthhPA128_K7ap_uintILi8EEPA4_S2_S4_S6_S4_S6_P_766_address0  |  out|    5|   ap_memory|  p_ZZN9gdn_mxfp818gdn_mxfp8_top_implEhthhPA128_K7ap_uintILi8EEPA4_S2_S4_S6_S4_S6_P_766|         array|
|p_ZZN9gdn_mxfp818gdn_mxfp8_top_implEhthhPA128_K7ap_uintILi8EEPA4_S2_S4_S6_S4_S6_P_766_ce0       |  out|    1|   ap_memory|  p_ZZN9gdn_mxfp818gdn_mxfp8_top_implEhthhPA128_K7ap_uintILi8EEPA4_S2_S4_S6_S4_S6_P_766|         array|
|p_ZZN9gdn_mxfp818gdn_mxfp8_top_implEhthhPA128_K7ap_uintILi8EEPA4_S2_S4_S6_S4_S6_P_766_q0        |   in|    9|   ap_memory|  p_ZZN9gdn_mxfp818gdn_mxfp8_top_implEhthhPA128_K7ap_uintILi8EEPA4_S2_S4_S6_S4_S6_P_766|         array|
|p_ZZN9gdn_mxfp818gdn_mxfp8_top_implEhthhPA128_K7ap_uintILi8EEPA4_S2_S4_S6_S4_S6_P_767_address0  |  out|    5|   ap_memory|  p_ZZN9gdn_mxfp818gdn_mxfp8_top_implEhthhPA128_K7ap_uintILi8EEPA4_S2_S4_S6_S4_S6_P_767|         array|
|p_ZZN9gdn_mxfp818gdn_mxfp8_top_implEhthhPA128_K7ap_uintILi8EEPA4_S2_S4_S6_S4_S6_P_767_ce0       |  out|    1|   ap_memory|  p_ZZN9gdn_mxfp818gdn_mxfp8_top_implEhthhPA128_K7ap_uintILi8EEPA4_S2_S4_S6_S4_S6_P_767|         array|
|p_ZZN9gdn_mxfp818gdn_mxfp8_top_implEhthhPA128_K7ap_uintILi8EEPA4_S2_S4_S6_S4_S6_P_767_q0        |   in|    9|   ap_memory|  p_ZZN9gdn_mxfp818gdn_mxfp8_top_implEhthhPA128_K7ap_uintILi8EEPA4_S2_S4_S6_S4_S6_P_767|         array|
|p_ZZN9gdn_mxfp818gdn_mxfp8_top_implEhthhPA128_K7ap_uintILi8EEPA4_S2_S4_S6_S4_S6_P_768_address0  |  out|    5|   ap_memory|  p_ZZN9gdn_mxfp818gdn_mxfp8_top_implEhthhPA128_K7ap_uintILi8EEPA4_S2_S4_S6_S4_S6_P_768|         array|
|p_ZZN9gdn_mxfp818gdn_mxfp8_top_implEhthhPA128_K7ap_uintILi8EEPA4_S2_S4_S6_S4_S6_P_768_ce0       |  out|    1|   ap_memory|  p_ZZN9gdn_mxfp818gdn_mxfp8_top_implEhthhPA128_K7ap_uintILi8EEPA4_S2_S4_S6_S4_S6_P_768|         array|
|p_ZZN9gdn_mxfp818gdn_mxfp8_top_implEhthhPA128_K7ap_uintILi8EEPA4_S2_S4_S6_S4_S6_P_768_q0        |   in|    9|   ap_memory|  p_ZZN9gdn_mxfp818gdn_mxfp8_top_implEhthhPA128_K7ap_uintILi8EEPA4_S2_S4_S6_S4_S6_P_768|         array|
|p_ZZN9gdn_mxfp818gdn_mxfp8_top_implEhthhPA128_K7ap_uintILi8EEPA4_S2_S4_S6_S4_S6_P_769_address0  |  out|    5|   ap_memory|  p_ZZN9gdn_mxfp818gdn_mxfp8_top_implEhthhPA128_K7ap_uintILi8EEPA4_S2_S4_S6_S4_S6_P_769|         array|
|p_ZZN9gdn_mxfp818gdn_mxfp8_top_implEhthhPA128_K7ap_uintILi8EEPA4_S2_S4_S6_S4_S6_P_769_ce0       |  out|    1|   ap_memory|  p_ZZN9gdn_mxfp818gdn_mxfp8_top_implEhthhPA128_K7ap_uintILi8EEPA4_S2_S4_S6_S4_S6_P_769|         array|
|p_ZZN9gdn_mxfp818gdn_mxfp8_top_implEhthhPA128_K7ap_uintILi8EEPA4_S2_S4_S6_S4_S6_P_769_q0        |   in|    9|   ap_memory|  p_ZZN9gdn_mxfp818gdn_mxfp8_top_implEhthhPA128_K7ap_uintILi8EEPA4_S2_S4_S6_S4_S6_P_769|         array|
|p_ZZN9gdn_mxfp818gdn_mxfp8_top_implEhthhPA128_K7ap_uintILi8EEPA4_S2_S4_S6_S4_S6_P_770_address0  |  out|    5|   ap_memory|  p_ZZN9gdn_mxfp818gdn_mxfp8_top_implEhthhPA128_K7ap_uintILi8EEPA4_S2_S4_S6_S4_S6_P_770|         array|
|p_ZZN9gdn_mxfp818gdn_mxfp8_top_implEhthhPA128_K7ap_uintILi8EEPA4_S2_S4_S6_S4_S6_P_770_ce0       |  out|    1|   ap_memory|  p_ZZN9gdn_mxfp818gdn_mxfp8_top_implEhthhPA128_K7ap_uintILi8EEPA4_S2_S4_S6_S4_S6_P_770|         array|
|p_ZZN9gdn_mxfp818gdn_mxfp8_top_implEhthhPA128_K7ap_uintILi8EEPA4_S2_S4_S6_S4_S6_P_770_q0        |   in|    9|   ap_memory|  p_ZZN9gdn_mxfp818gdn_mxfp8_top_implEhthhPA128_K7ap_uintILi8EEPA4_S2_S4_S6_S4_S6_P_770|         array|
|p_ZZN9gdn_mxfp818gdn_mxfp8_top_implEhthhPA128_K7ap_uintILi8EEPA4_S2_S4_S6_S4_S6_P_771_address0  |  out|    5|   ap_memory|  p_ZZN9gdn_mxfp818gdn_mxfp8_top_implEhthhPA128_K7ap_uintILi8EEPA4_S2_S4_S6_S4_S6_P_771|         array|
|p_ZZN9gdn_mxfp818gdn_mxfp8_top_implEhthhPA128_K7ap_uintILi8EEPA4_S2_S4_S6_S4_S6_P_771_ce0       |  out|    1|   ap_memory|  p_ZZN9gdn_mxfp818gdn_mxfp8_top_implEhthhPA128_K7ap_uintILi8EEPA4_S2_S4_S6_S4_S6_P_771|         array|
|p_ZZN9gdn_mxfp818gdn_mxfp8_top_implEhthhPA128_K7ap_uintILi8EEPA4_S2_S4_S6_S4_S6_P_771_q0        |   in|    9|   ap_memory|  p_ZZN9gdn_mxfp818gdn_mxfp8_top_implEhthhPA128_K7ap_uintILi8EEPA4_S2_S4_S6_S4_S6_P_771|         array|
|p_ZZN9gdn_mxfp818gdn_mxfp8_top_implEhthhPA128_K7ap_uintILi8EEPA4_S2_S4_S6_S4_S6_P_772_address0  |  out|    5|   ap_memory|  p_ZZN9gdn_mxfp818gdn_mxfp8_top_implEhthhPA128_K7ap_uintILi8EEPA4_S2_S4_S6_S4_S6_P_772|         array|
|p_ZZN9gdn_mxfp818gdn_mxfp8_top_implEhthhPA128_K7ap_uintILi8EEPA4_S2_S4_S6_S4_S6_P_772_ce0       |  out|    1|   ap_memory|  p_ZZN9gdn_mxfp818gdn_mxfp8_top_implEhthhPA128_K7ap_uintILi8EEPA4_S2_S4_S6_S4_S6_P_772|         array|
|p_ZZN9gdn_mxfp818gdn_mxfp8_top_implEhthhPA128_K7ap_uintILi8EEPA4_S2_S4_S6_S4_S6_P_772_q0        |   in|    9|   ap_memory|  p_ZZN9gdn_mxfp818gdn_mxfp8_top_implEhthhPA128_K7ap_uintILi8EEPA4_S2_S4_S6_S4_S6_P_772|         array|
|p_ZZN9gdn_mxfp818gdn_mxfp8_top_implEhthhPA128_K7ap_uintILi8EEPA4_S2_S4_S6_S4_S6_P_773_address0  |  out|    5|   ap_memory|  p_ZZN9gdn_mxfp818gdn_mxfp8_top_implEhthhPA128_K7ap_uintILi8EEPA4_S2_S4_S6_S4_S6_P_773|         array|
|p_ZZN9gdn_mxfp818gdn_mxfp8_top_implEhthhPA128_K7ap_uintILi8EEPA4_S2_S4_S6_S4_S6_P_773_ce0       |  out|    1|   ap_memory|  p_ZZN9gdn_mxfp818gdn_mxfp8_top_implEhthhPA128_K7ap_uintILi8EEPA4_S2_S4_S6_S4_S6_P_773|         array|
|p_ZZN9gdn_mxfp818gdn_mxfp8_top_implEhthhPA128_K7ap_uintILi8EEPA4_S2_S4_S6_S4_S6_P_773_q0        |   in|    9|   ap_memory|  p_ZZN9gdn_mxfp818gdn_mxfp8_top_implEhthhPA128_K7ap_uintILi8EEPA4_S2_S4_S6_S4_S6_P_773|         array|
|p_ZZN9gdn_mxfp818gdn_mxfp8_top_implEhthhPA128_K7ap_uintILi8EEPA4_S2_S4_S6_S4_S6_P_774_address0  |  out|    5|   ap_memory|  p_ZZN9gdn_mxfp818gdn_mxfp8_top_implEhthhPA128_K7ap_uintILi8EEPA4_S2_S4_S6_S4_S6_P_774|         array|
|p_ZZN9gdn_mxfp818gdn_mxfp8_top_implEhthhPA128_K7ap_uintILi8EEPA4_S2_S4_S6_S4_S6_P_774_ce0       |  out|    1|   ap_memory|  p_ZZN9gdn_mxfp818gdn_mxfp8_top_implEhthhPA128_K7ap_uintILi8EEPA4_S2_S4_S6_S4_S6_P_774|         array|
|p_ZZN9gdn_mxfp818gdn_mxfp8_top_implEhthhPA128_K7ap_uintILi8EEPA4_S2_S4_S6_S4_S6_P_774_q0        |   in|    9|   ap_memory|  p_ZZN9gdn_mxfp818gdn_mxfp8_top_implEhthhPA128_K7ap_uintILi8EEPA4_S2_S4_S6_S4_S6_P_774|         array|
|p_ZZN9gdn_mxfp818gdn_mxfp8_top_implEhthhPA128_K7ap_uintILi8EEPA4_S2_S4_S6_S4_S6_P_775_address0  |  out|    5|   ap_memory|  p_ZZN9gdn_mxfp818gdn_mxfp8_top_implEhthhPA128_K7ap_uintILi8EEPA4_S2_S4_S6_S4_S6_P_775|         array|
|p_ZZN9gdn_mxfp818gdn_mxfp8_top_implEhthhPA128_K7ap_uintILi8EEPA4_S2_S4_S6_S4_S6_P_775_ce0       |  out|    1|   ap_memory|  p_ZZN9gdn_mxfp818gdn_mxfp8_top_implEhthhPA128_K7ap_uintILi8EEPA4_S2_S4_S6_S4_S6_P_775|         array|
|p_ZZN9gdn_mxfp818gdn_mxfp8_top_implEhthhPA128_K7ap_uintILi8EEPA4_S2_S4_S6_S4_S6_P_775_q0        |   in|    9|   ap_memory|  p_ZZN9gdn_mxfp818gdn_mxfp8_top_implEhthhPA128_K7ap_uintILi8EEPA4_S2_S4_S6_S4_S6_P_775|         array|
|p_ZZN9gdn_mxfp818gdn_mxfp8_top_implEhthhPA128_K7ap_uintILi8EEPA4_S2_S4_S6_S4_S6_P_776_address0  |  out|    5|   ap_memory|  p_ZZN9gdn_mxfp818gdn_mxfp8_top_implEhthhPA128_K7ap_uintILi8EEPA4_S2_S4_S6_S4_S6_P_776|         array|
|p_ZZN9gdn_mxfp818gdn_mxfp8_top_implEhthhPA128_K7ap_uintILi8EEPA4_S2_S4_S6_S4_S6_P_776_ce0       |  out|    1|   ap_memory|  p_ZZN9gdn_mxfp818gdn_mxfp8_top_implEhthhPA128_K7ap_uintILi8EEPA4_S2_S4_S6_S4_S6_P_776|         array|
|p_ZZN9gdn_mxfp818gdn_mxfp8_top_implEhthhPA128_K7ap_uintILi8EEPA4_S2_S4_S6_S4_S6_P_776_q0        |   in|    9|   ap_memory|  p_ZZN9gdn_mxfp818gdn_mxfp8_top_implEhthhPA128_K7ap_uintILi8EEPA4_S2_S4_S6_S4_S6_P_776|         array|
|p_ZZN9gdn_mxfp818gdn_mxfp8_top_implEhthhPA128_K7ap_uintILi8EEPA4_S2_S4_S6_S4_S6_P_777_address0  |  out|    5|   ap_memory|  p_ZZN9gdn_mxfp818gdn_mxfp8_top_implEhthhPA128_K7ap_uintILi8EEPA4_S2_S4_S6_S4_S6_P_777|         array|
|p_ZZN9gdn_mxfp818gdn_mxfp8_top_implEhthhPA128_K7ap_uintILi8EEPA4_S2_S4_S6_S4_S6_P_777_ce0       |  out|    1|   ap_memory|  p_ZZN9gdn_mxfp818gdn_mxfp8_top_implEhthhPA128_K7ap_uintILi8EEPA4_S2_S4_S6_S4_S6_P_777|         array|
|p_ZZN9gdn_mxfp818gdn_mxfp8_top_implEhthhPA128_K7ap_uintILi8EEPA4_S2_S4_S6_S4_S6_P_777_q0        |   in|    9|   ap_memory|  p_ZZN9gdn_mxfp818gdn_mxfp8_top_implEhthhPA128_K7ap_uintILi8EEPA4_S2_S4_S6_S4_S6_P_777|         array|
|p_ZZN9gdn_mxfp818gdn_mxfp8_top_implEhthhPA128_K7ap_uintILi8EEPA4_S2_S4_S6_S4_S6_P_778_address0  |  out|    5|   ap_memory|  p_ZZN9gdn_mxfp818gdn_mxfp8_top_implEhthhPA128_K7ap_uintILi8EEPA4_S2_S4_S6_S4_S6_P_778|         array|
|p_ZZN9gdn_mxfp818gdn_mxfp8_top_implEhthhPA128_K7ap_uintILi8EEPA4_S2_S4_S6_S4_S6_P_778_ce0       |  out|    1|   ap_memory|  p_ZZN9gdn_mxfp818gdn_mxfp8_top_implEhthhPA128_K7ap_uintILi8EEPA4_S2_S4_S6_S4_S6_P_778|         array|
|p_ZZN9gdn_mxfp818gdn_mxfp8_top_implEhthhPA128_K7ap_uintILi8EEPA4_S2_S4_S6_S4_S6_P_778_q0        |   in|    9|   ap_memory|  p_ZZN9gdn_mxfp818gdn_mxfp8_top_implEhthhPA128_K7ap_uintILi8EEPA4_S2_S4_S6_S4_S6_P_778|         array|
+------------------------------------------------------------------------------------------------+-----+-----+------------+---------------------------------------------------------------------------------------+--------------+

