

================================================================
== Synthesis Summary Report of 'gdn_bf16_top'
================================================================
+ General Information: 
    * Date:           Sat Aug  1 20:26:25 2026
    * Version:        2025.2 (Build 6295257 on Nov 14 2025)
    * Project:        gdn_bf16_hls
    * Solution:       u55c_250mhz (Vivado IP Flow Target)
    * Product family: virtexuplusHBM
    * Target device:  xcu55c-fsvh2892-2L-e
    

* Performance & Resource Estimates: 
+-------------------------------------------------------------------------------------------+------+---------------+----------+---------+--------+----------+---------+-----------+------+----------+----+------------+------------+-----------+
|                                          Modules                                          | Issue|               | Iteration|         |  Trip  |          |       Latency       |      |          |    |            |            |           |
|                                          & Loops                                          | Type | Violation Type|  Latency | Interval|  Count | Pipelined| (cycles)|    (ns)   | Slack|   BRAM   | DSP|     FF     |     LUT    |    URAM   |
+-------------------------------------------------------------------------------------------+------+---------------+----------+---------+--------+----------+---------+-----------+------+----------+----+------------+------------+-----------+
|+ gdn_bf16_top                                                                             |     -|              -|         -|  4236566|       -|        no|  4236565|  1.695e+07|  0.00|  13 (~0%)|   -|  39087 (1%)|  84919 (6%)|  128 (13%)|
| + gdn_bf16_top_impl                                                                       |     -|              -|         -|  4236563|       -|        no|  4236563|  1.695e+07|  0.00|   8 (~0%)|   -|  32498 (1%)|  77049 (5%)|  128 (13%)|
|  + gdn_bf16_top_impl_Pipeline_clear_bf16_output_heads_clear_bf16_output_lanes             |     -|              -|         -|        -|       -|       yes|     4098|  1.639e+04|  0.00|         -|   -|    16 (~0%)|    90 (~0%)|          -|
|   o clear_bf16_output_heads_clear_bf16_output_lanes                                       |     -|              -|         2|        1|    4096|       yes|     4096|  1.638e+04|  2.92|         -|   -|           -|           -|          -|
|  + p_anonymous_namespace_phase1_validate_state                                            |     -|              -|         -|  1581128|       -|        no|  1581128|  6.325e+06|  0.00|         -|   -|    66 (~0%)|   232 (~0%)|          -|
|   o validate_bf16_state_heads                                                             |     -|              -|     49410|        -|      32|        no|  1581120|  6.324e+06|  2.92|         -|   -|           -|           -|          -|
|    o validate_bf16_state_rows                                                             |     -|              -|       386|        -|     128|        no|    49408|  1.976e+05|  2.92|         -|   -|           -|           -|          -|
|     o validate_bf16_state_columns                                                         |     -|              -|         3|        -|     128|        no|      384|  1.536e+03|  2.92|         -|   -|           -|           -|          -|
|  + gdn_bf16_top_impl_Pipeline_load_bf16_heads_load_bf16_rows_load_bf16_blocks_load_s      |     -|              -|         -|        -|       -|       yes|   524292|  2.097e+06|  0.00|         -|   -|  1146 (~0%)|  1463 (~0%)|          -|
|   o load_bf16_heads_load_bf16_rows_load_bf16_blocks_load_bf16_lanes                       |     -|              -|         4|        1|  524288|       yes|   524290|  2.097e+06|  2.92|         -|   -|           -|           -|          -|
|  + gdn_bf16_top_impl_Pipeline_reset_bf16_heads_reset_bf16_rows_reset_bf16_blocks          |     -|              -|         -|        -|       -|       yes|    16387|  6.555e+04|  0.00|         -|   -|    75 (~0%)|   335 (~0%)|          -|
|   o reset_bf16_heads_reset_bf16_rows_reset_bf16_blocks                                    |     -|              -|         3|        1|   16384|       yes|    16385|  6.554e+04|  2.92|         -|   -|           -|           -|          -|
|  + p_anonymous_namespace_phase1_validate_token                                            |     -|              -|         -|     6702|       -|        no|     6702|  2.681e+04|  0.00|         -|   -|   664 (~0%)|  1240 (~0%)|          -|
|   + p_anonymous_namespace_phase1_validate_token_Pipeline_phase1_bf16_qk_heads_phase1_s    |     -|              -|         -|        -|       -|       yes|     2051|  8.204e+03|  0.00|         -|   -|    93 (~0%)|   250 (~0%)|          -|
|    o phase1_bf16_qk_heads_phase1_bf16_qk_values                                           |     -|              -|         3|        1|    2048|       yes|     2049|  8.196e+03|  2.92|         -|   -|           -|           -|          -|
|   o phase1_bf16_value_heads                                                               |     -|              -|       145|        -|      32|        no|     4640|  1.856e+04|  2.92|         -|   -|           -|           -|          -|
|    + p_anonymous_namespace_phase1_validate_token_Pipeline_phase1_bf16_value_lanes         |     -|              -|         -|        -|       -|       yes|      131|    524.000|  0.00|         -|   -|    57 (~0%)|   134 (~0%)|          -|
|     o phase1_bf16_value_lanes                                                             |     -|              -|         3|        1|     128|       yes|      129|    516.000|  2.92|         -|   -|           -|           -|          -|
|  + gdn_bf16_top_impl_Pipeline_readback_bf16_heads_readback_bf16_rows_readback_bf16_s      |     -|              -|         -|        -|       -|       yes|   524294|  2.097e+06|  0.00|         -|   -|   707 (~0%)|   630 (~0%)|          -|
|   o readback_bf16_heads_readback_bf16_rows_readback_bf16_blocks_readback_bf16_lanes       |     -|              -|         6|        1|  524288|       yes|   524292|  2.097e+06|  2.92|         -|   -|           -|           -|          -|
|  o step_bf16_heads                                                                        |     -|              -|    132054|        -|      32|        no|  4225728|  1.690e+07|  2.92|         -|   -|           -|           -|          -|
|   o step_bf16_value_blocks                                                                |     -|              -|     33013|        -|       4|        no|   132052|  5.282e+05|  2.92|         -|   -|           -|           -|          -|
|    + gdn_bf16_top_impl_Pipeline_load_bf16_resident_rows_unpack_bf16_resident_lanes        |     -|              -|         -|        -|       -|       yes|     4100|  1.640e+04|  0.07|         -|   -|  1029 (~0%)|   749 (~0%)|          -|
|     o load_bf16_resident_rows_unpack_bf16_resident_lanes                                  |     -|              -|         4|        1|    4096|       yes|     4098|  1.639e+04|  2.92|         -|   -|           -|           -|          -|
|    + p_anonymous_namespace_phase2_decay_predict_tile                                      |     -|              -|         -|    14409|       -|        no|    14409|  5.764e+04|  0.12|         -|   -|  6504 (~0%)|  15980 (1%)|          -|
|     + p_anonymous_namespace_phase2_decay_predict_tile_Pipeline_phase2_bf16_decay_rows_p   |     -|              -|         -|        -|       -|       yes|     4103|  1.641e+04|  0.14|         -|   -|   531 (~0%)|  1434 (~0%)|          -|
|      o phase2_bf16_decay_rows_phase2_bf16_decay_lanes                                     |     -|              -|         7|        1|    4096|       yes|     4101|  1.640e+04|  2.92|         -|   -|           -|           -|          -|
|     o phase2_bf16_predict_lanes                                                           |     -|              -|       322|        -|      32|        no|    10304|  4.122e+04|  2.92|         -|   -|           -|           -|          -|
|      + p_anonymous_namespace_phase2_decay_predict_tile_Pipeline_phase2_bf16_prediction_t  |     -|              -|         -|        -|       -|       yes|      134|    536.000|  0.14|         -|   -|   329 (~0%)|  1062 (~0%)|          -|
|       o phase2_bf16_prediction_terms                                                      |     -|              -|         6|        1|     128|       yes|      132|    528.000|  2.92|         -|   -|           -|           -|          -|
|      + p_anonymous_namespace_reduce_128                                                   |     -|              -|         -|      183|       -|        no|      183|    732.000|  0.12|         -|   -|  5037 (~0%)|  7466 (~0%)|          -|
|       + p_anonymous_namespace_reduce_128_Pipeline_reduce_bf16_64                          |     -|              -|         -|        -|       -|       yes|       72|    288.000|  0.35|         -|   -|   499 (~0%)|   766 (~0%)|          -|
|        o reduce_bf16_64                                                                   |     -|              -|         8|        1|      64|       yes|       70|    280.000|  2.92|         -|   -|           -|           -|          -|
|       + p_anonymous_namespace_reduce_128_Pipeline_reduce_bf16_32                          |     -|              -|         -|        -|       -|       yes|       40|    160.000|  0.35|         -|   -|   497 (~0%)|   764 (~0%)|          -|
|        o reduce_bf16_32                                                                   |     -|              -|         8|        1|      32|       yes|       38|    152.000|  2.92|         -|   -|           -|           -|          -|
|       + p_anonymous_namespace_reduce_128_Pipeline_reduce_bf16_16                          |     -|              -|         -|        -|       -|       yes|       23|     92.000|  0.35|         -|   -|   974 (~0%)|   762 (~0%)|          -|
|        o reduce_bf16_16                                                                   |     -|              -|         7|        1|      16|       yes|       21|     84.000|  2.92|         -|   -|           -|           -|          -|
|       + p_anonymous_namespace_reduce_128_Pipeline_reduce_bf16_8                           |     -|              -|         -|        -|       -|       yes|       14|     56.000|  0.35|         -|   -|   711 (~0%)|   761 (~0%)|          -|
|        o reduce_bf16_8                                                                    |     -|              -|         6|        1|       8|       yes|       12|     48.000|  2.92|         -|   -|           -|           -|          -|
|       + p_anonymous_namespace_reduce_128_Pipeline_reduce_bf16_4                           |     -|              -|         -|        -|       -|       yes|       10|     40.000|  0.35|         -|   -|   581 (~0%)|   713 (~0%)|          -|
|        o reduce_bf16_4                                                                    |     -|              -|         6|        1|       4|       yes|        8|     32.000|  2.92|         -|   -|           -|           -|          -|
|       + p_anonymous_namespace_reduce_128_Pipeline_reduce_bf16_2                           |     -|              -|         -|        -|       -|       yes|        8|     32.000|  0.12|         -|   -|   452 (~0%)|   816 (~0%)|          -|
|        o reduce_bf16_2                                                                    |     -|              -|         6|        1|       2|       yes|        6|     24.000|  2.92|         -|   -|           -|           -|          -|
|    + p_anonymous_namespace_phase3_delta_tile                                              |     -|              -|         -|        -|       -|       yes|       43|    172.000|  0.14|         -|   -|  1105 (~0%)|  1200 (~0%)|          -|
|     o phase3_bf16_delta_lanes                                                             |     -|              -|        11|        1|      32|       yes|       41|    164.000|  2.92|         -|   -|           -|           -|          -|
|    + p_anonymous_namespace_phase4_update_state_tile                                       |     -|              -|         -|        -|       -|       yes|     4108|  1.643e+04|  0.14|         -|   -|  1010 (~0%)|  2191 (~0%)|          -|
|     o phase4_bf16_update_rows_phase4_bf16_update_lanes                                    |     -|              -|        12|        1|    4096|       yes|     4106|  1.642e+04|  2.92|         -|   -|           -|           -|          -|
|    + p_anonymous_namespace_phase5_output_tile                                             |     -|              -|         -|    10343|       -|        no|    10343|  4.137e+04|  0.00|         -|   -|  6026 (~0%)|  9930 (~0%)|          -|
|     o phase5_bf16_output_lanes                                                            |     -|              -|       323|        -|      32|        no|    10336|  4.134e+04|  2.92|         -|   -|           -|           -|          -|
|      + p_anonymous_namespace_phase5_output_tile_Pipeline_phase5_bf16_output_terms         |     -|              -|         -|        -|       -|       yes|      134|    536.000|  0.14|         -|   -|   329 (~0%)|  1062 (~0%)|          -|
|       o phase5_bf16_output_terms                                                          |     -|              -|         6|        1|     128|       yes|      132|    528.000|  2.92|         -|   -|           -|           -|          -|
|      + p_anonymous_namespace_reduce_128                                                   |     -|              -|         -|      183|       -|        no|      183|    732.000|  0.12|         -|   -|  5037 (~0%)|  7466 (~0%)|          -|
|       + p_anonymous_namespace_reduce_128_Pipeline_reduce_bf16_64                          |     -|              -|         -|        -|       -|       yes|       72|    288.000|  0.35|         -|   -|   499 (~0%)|   766 (~0%)|          -|
|        o reduce_bf16_64                                                                   |     -|              -|         8|        1|      64|       yes|       70|    280.000|  2.92|         -|   -|           -|           -|          -|
|       + p_anonymous_namespace_reduce_128_Pipeline_reduce_bf16_32                          |     -|              -|         -|        -|       -|       yes|       40|    160.000|  0.35|         -|   -|   497 (~0%)|   764 (~0%)|          -|
|        o reduce_bf16_32                                                                   |     -|              -|         8|        1|      32|       yes|       38|    152.000|  2.92|         -|   -|           -|           -|          -|
|       + p_anonymous_namespace_reduce_128_Pipeline_reduce_bf16_16                          |     -|              -|         -|        -|       -|       yes|       23|     92.000|  0.35|         -|   -|   974 (~0%)|   762 (~0%)|          -|
|        o reduce_bf16_16                                                                   |     -|              -|         7|        1|      16|       yes|       21|     84.000|  2.92|         -|   -|           -|           -|          -|
|       + p_anonymous_namespace_reduce_128_Pipeline_reduce_bf16_8                           |     -|              -|         -|        -|       -|       yes|       14|     56.000|  0.35|         -|   -|   711 (~0%)|   761 (~0%)|          -|
|        o reduce_bf16_8                                                                    |     -|              -|         6|        1|       8|       yes|       12|     48.000|  2.92|         -|   -|           -|           -|          -|
|       + p_anonymous_namespace_reduce_128_Pipeline_reduce_bf16_4                           |     -|              -|         -|        -|       -|       yes|       10|     40.000|  0.35|         -|   -|   581 (~0%)|   713 (~0%)|          -|
|        o reduce_bf16_4                                                                    |     -|              -|         6|        1|       4|       yes|        8|     32.000|  2.92|         -|   -|           -|           -|          -|
|       + p_anonymous_namespace_reduce_128_Pipeline_reduce_bf16_2                           |     -|              -|         -|        -|       -|       yes|        8|     32.000|  0.12|         -|   -|   452 (~0%)|   816 (~0%)|          -|
|        o reduce_bf16_2                                                                    |     -|              -|         6|        1|       2|       yes|        6|     24.000|  2.92|         -|   -|           -|           -|          -|
|    + gdn_bf16_top_impl_Pipeline_store_bf16_resident_rows_pack_bf16_resident_lanes         |     -|              -|         -|        -|       -|       yes|     4099|  1.640e+04|  0.07|         -|   -|  1097 (~0%)|  1960 (~0%)|          -|
|     o store_bf16_resident_rows_pack_bf16_resident_lanes                                   |     -|              -|         3|        1|    4096|       yes|     4097|  1.639e+04|  2.92|         -|   -|           -|           -|          -|
+-------------------------------------------------------------------------------------------+------+---------------+----------+---------+--------+----------+---------+-----------+------+----------+----+------------+------------+-----------+
    Name Prefix: '+' for module, 'o' for loop, '*' for dataflow


================================================================
== HW Interfaces
================================================================
* M_AXI
+-------------+------------+------------+---------------+---------+--------+----------+-----------+--------------+--------------+-------------+-------------+-------------------+
| Interface   | Read/Write | Data Width | Address Width | Latency | Offset | Register | Max Widen | Max Read     | Max Write    | Num Read    | Num Write   | Resource Estimate |
|             |            | (SW->HW)   |               |         |        |          | Bitwidth  | Burst Length | Burst Length | Outstanding | Outstanding |                   |
+-------------+------------+------------+---------------+---------+--------+----------+-----------+--------------+--------------+-------------+-------------+-------------------+
| m_axi_gmem0 | READ_ONLY  | 16 -> 16   | 64            | 0       | slave  | 0        | 0         | 16           | 16           | 16          | 16          | BRAM=1            |
| m_axi_gmem1 | READ_ONLY  | 16 -> 16   | 64            | 0       | slave  | 0        | 0         | 16           | 16           | 16          | 16          | BRAM=1            |
| m_axi_gmem2 | READ_ONLY  | 16 -> 16   | 64            | 0       | slave  | 0        | 0         | 16           | 16           | 16          | 16          | BRAM=1            |
| m_axi_gmem3 | READ_ONLY  | 16 -> 16   | 64            | 0       | slave  | 0        | 0         | 16           | 16           | 16          | 16          | BRAM=1            |
| m_axi_gmem4 | READ_ONLY  | 16 -> 16   | 64            | 0       | slave  | 0        | 0         | 16           | 16           | 16          | 16          | BRAM=1            |
| m_axi_gmem5 | WRITE_ONLY | 16 -> 16   | 64            | 0       | slave  | 0        | 0         | 16           | 16           | 16          | 16          |                   |
| m_axi_gmem6 | WRITE_ONLY | 16 -> 16   | 64            | 0       | slave  | 0        | 0         | 16           | 16           | 16          | 16          |                   |
| m_axi_gmem7 | WRITE_ONLY | 8 -> 64    | 64            | 0       | slave  | 0        | 0         | 16           | 16           | 16          | 16          |                   |
+-------------+------------+------------+---------------+---------+--------+----------+-----------+--------------+--------------+-------------+-------------+-------------------+

* S_AXILITE Interfaces
+-----------------+------------+---------------+--------+----------+
| Interface       | Data Width | Address Width | Offset | Register |
+-----------------+------------+---------------+--------+----------+
| s_axi_control   | 32         | 6             | 16     | 0        |
| s_axi_control_r | 32         | 8             | 16     | 0        |
+-----------------+------------+---------------+--------+----------+

* S_AXILITE Registers
+-----------------+---------------------------+--------+-------+--------+----------------------------------------+----------------------------------------------------------------------+
| Interface       | Register                  | Offset | Width | Access | Description                            | Bit Fields                                                           |
+-----------------+---------------------------+--------+-------+--------+----------------------------------------+----------------------------------------------------------------------+
| s_axi_control   | CTRL                      | 0x00   | 32    | RW     | Control signals                        | 0=AP_START 1=AP_DONE 2=AP_IDLE 3=AP_READY 7=AUTO_RESTART 9=INTERRUPT |
| s_axi_control   | GIER                      | 0x04   | 32    | RW     | Global Interrupt Enable Register       | 0=Enable                                                             |
| s_axi_control   | IP_IER                    | 0x08   | 32    | RW     | IP Interrupt Enable Register           | 0=CHAN0_INT_EN 1=CHAN1_INT_EN                                        |
| s_axi_control   | IP_ISR                    | 0x0c   | 32    | RW     | IP Interrupt Status Register           | 0=CHAN0_INT_ST 1=CHAN1_INT_ST                                        |
| s_axi_control   | command                   | 0x10   | 32    | W      | Data signal of command                 |                                                                      |
| s_axi_control   | sequence_id               | 0x18   | 32    | W      | Data signal of sequence_id             |                                                                      |
| s_axi_control   | layer_id                  | 0x20   | 32    | W      | Data signal of layer_id                |                                                                      |
| s_axi_control   | payload_flags             | 0x28   | 32    | W      | Data signal of payload_flags           |                                                                      |
| s_axi_control_r | q_1                       | 0x10   | 32    | W      | Data signal of q                       |                                                                      |
| s_axi_control_r | q_2                       | 0x14   | 32    | W      | Data signal of q                       |                                                                      |
| s_axi_control_r | k_1                       | 0x1c   | 32    | W      | Data signal of k                       |                                                                      |
| s_axi_control_r | k_2                       | 0x20   | 32    | W      | Data signal of k                       |                                                                      |
| s_axi_control_r | v_1                       | 0x28   | 32    | W      | Data signal of v                       |                                                                      |
| s_axi_control_r | v_2                       | 0x2c   | 32    | W      | Data signal of v                       |                                                                      |
| s_axi_control_r | alpha_1                   | 0x34   | 32    | W      | Data signal of alpha                   |                                                                      |
| s_axi_control_r | alpha_2                   | 0x38   | 32    | W      | Data signal of alpha                   |                                                                      |
| s_axi_control_r | beta_1                    | 0x40   | 32    | W      | Data signal of beta                    |                                                                      |
| s_axi_control_r | beta_2                    | 0x44   | 32    | W      | Data signal of beta                    |                                                                      |
| s_axi_control_r | state_in_1                | 0x4c   | 32    | W      | Data signal of state_in                |                                                                      |
| s_axi_control_r | state_in_2                | 0x50   | 32    | W      | Data signal of state_in                |                                                                      |
| s_axi_control_r | output_r_1                | 0x58   | 32    | W      | Data signal of output_r                |                                                                      |
| s_axi_control_r | output_r_2                | 0x5c   | 32    | W      | Data signal of output_r                |                                                                      |
| s_axi_control_r | state_out_1               | 0x64   | 32    | W      | Data signal of state_out               |                                                                      |
| s_axi_control_r | state_out_2               | 0x68   | 32    | W      | Data signal of state_out               |                                                                      |
| s_axi_control_r | status_out_1              | 0x70   | 32    | W      | Data signal of status_out              |                                                                      |
| s_axi_control_r | status_out_2              | 0x74   | 32    | W      | Data signal of status_out              |                                                                      |
| s_axi_control_r | generation_out_1          | 0x7c   | 32    | W      | Data signal of generation_out          |                                                                      |
| s_axi_control_r | generation_out_2          | 0x80   | 32    | W      | Data signal of generation_out          |                                                                      |
| s_axi_control_r | command_counters_out_1    | 0x88   | 32    | W      | Data signal of command_counters_out    |                                                                      |
| s_axi_control_r | command_counters_out_2    | 0x8c   | 32    | W      | Data signal of command_counters_out    |                                                                      |
| s_axi_control_r | cumulative_counters_out_1 | 0x94   | 32    | W      | Data signal of cumulative_counters_out |                                                                      |
| s_axi_control_r | cumulative_counters_out_2 | 0x98   | 32    | W      | Data signal of cumulative_counters_out |                                                                      |
+-----------------+---------------------------+--------+-------+--------+----------------------------------------+----------------------------------------------------------------------+

* TOP LEVEL CONTROL
+-----------+------------+-----------+
| Interface | Type       | Ports     |
+-----------+------------+-----------+
| ap_clk    | clock      | ap_clk    |
| ap_rst_n  | reset      | ap_rst_n  |
| interrupt | interrupt  | interrupt |
| ap_ctrl   | ap_ctrl_hs |           |
+-----------+------------+-----------+


================================================================
== SW I/O Information
================================================================
* Top Function Arguments
+-------------------------+-----------+---------------------+
| Argument                | Direction | Datatype            |
+-------------------------+-----------+---------------------+
| command                 | in        | unsigned char       |
| sequence_id             | in        | unsigned short      |
| layer_id                | in        | unsigned char       |
| payload_flags           | in        | unsigned char       |
| q                       | in        | ap_uint<16> const * |
| k                       | in        | ap_uint<16> const * |
| v                       | in        | ap_uint<16> const * |
| alpha                   | in        | ap_uint<16> const * |
| beta                    | in        | ap_uint<16> const * |
| state_in                | in        | ap_uint<16> const * |
| output                  | out       | ap_uint<16>*        |
| state_out               | out       | ap_uint<16>*        |
| status_out              | out       | unsigned char*      |
| generation_out          | out       | unsigned long long* |
| command_counters_out    | out       | unsigned long long* |
| cumulative_counters_out | out       | unsigned long long* |
+-------------------------+-----------+---------------------+

* SW-to-HW Mapping
+-------------------------+-----------------+-----------+----------+-----------------------------------------------------+
| Argument                | HW Interface    | HW Type   | HW Usage | HW Info                                             |
+-------------------------+-----------------+-----------+----------+-----------------------------------------------------+
| command                 | s_axi_control   | register  |          | name=command offset=0x10 range=32                   |
| sequence_id             | s_axi_control   | register  |          | name=sequence_id offset=0x18 range=32               |
| layer_id                | s_axi_control   | register  |          | name=layer_id offset=0x20 range=32                  |
| payload_flags           | s_axi_control   | register  |          | name=payload_flags offset=0x28 range=32             |
| q                       | m_axi_gmem0     | interface |          | channel=0                                           |
| q                       | s_axi_control_r | register  | offset   | name=q_1 offset=0x10 range=32                       |
| q                       | s_axi_control_r | register  | offset   | name=q_2 offset=0x14 range=32                       |
| k                       | m_axi_gmem1     | interface |          | channel=0                                           |
| k                       | s_axi_control_r | register  | offset   | name=k_1 offset=0x1c range=32                       |
| k                       | s_axi_control_r | register  | offset   | name=k_2 offset=0x20 range=32                       |
| v                       | m_axi_gmem2     | interface |          | channel=0                                           |
| v                       | s_axi_control_r | register  | offset   | name=v_1 offset=0x28 range=32                       |
| v                       | s_axi_control_r | register  | offset   | name=v_2 offset=0x2c range=32                       |
| alpha                   | m_axi_gmem3     | interface |          | channel=0                                           |
| alpha                   | s_axi_control_r | register  | offset   | name=alpha_1 offset=0x34 range=32                   |
| alpha                   | s_axi_control_r | register  | offset   | name=alpha_2 offset=0x38 range=32                   |
| beta                    | m_axi_gmem3     | interface |          | channel=0                                           |
| beta                    | s_axi_control_r | register  | offset   | name=beta_1 offset=0x40 range=32                    |
| beta                    | s_axi_control_r | register  | offset   | name=beta_2 offset=0x44 range=32                    |
| state_in                | m_axi_gmem4     | interface |          | channel=0                                           |
| state_in                | s_axi_control_r | register  | offset   | name=state_in_1 offset=0x4c range=32                |
| state_in                | s_axi_control_r | register  | offset   | name=state_in_2 offset=0x50 range=32                |
| output                  | m_axi_gmem5     | interface |          | channel=0                                           |
| output                  | s_axi_control_r | register  | offset   | name=output_r_1 offset=0x58 range=32                |
| output                  | s_axi_control_r | register  | offset   | name=output_r_2 offset=0x5c range=32                |
| state_out               | m_axi_gmem6     | interface |          | channel=0                                           |
| state_out               | s_axi_control_r | register  | offset   | name=state_out_1 offset=0x64 range=32               |
| state_out               | s_axi_control_r | register  | offset   | name=state_out_2 offset=0x68 range=32               |
| status_out              | m_axi_gmem7     | interface |          | channel=0                                           |
| status_out              | s_axi_control_r | register  | offset   | name=status_out_1 offset=0x70 range=32              |
| status_out              | s_axi_control_r | register  | offset   | name=status_out_2 offset=0x74 range=32              |
| generation_out          | m_axi_gmem7     | interface |          | channel=0                                           |
| generation_out          | s_axi_control_r | register  | offset   | name=generation_out_1 offset=0x7c range=32          |
| generation_out          | s_axi_control_r | register  | offset   | name=generation_out_2 offset=0x80 range=32          |
| command_counters_out    | m_axi_gmem7     | interface |          | channel=0                                           |
| command_counters_out    | s_axi_control_r | register  | offset   | name=command_counters_out_1 offset=0x88 range=32    |
| command_counters_out    | s_axi_control_r | register  | offset   | name=command_counters_out_2 offset=0x8c range=32    |
| cumulative_counters_out | m_axi_gmem7     | interface |          | channel=0                                           |
| cumulative_counters_out | s_axi_control_r | register  | offset   | name=cumulative_counters_out_1 offset=0x94 range=32 |
| cumulative_counters_out | s_axi_control_r | register  | offset   | name=cumulative_counters_out_2 offset=0x98 range=32 |
+-------------------------+-----------------+-----------+----------+-----------------------------------------------------+


================================================================
== M_AXI Burst Information
================================================================
 Note: All burst requests might be further partitioned into multiple requests during RTL generation based on max_read_burst_length or max_write_burst_length settings.

* Inferred Burst Summary
+--------------+-----------+--------+-------+---------------------------+-------------------------------------+
| HW Interface | Direction | Length | Width | Loop                      | Loop Location                       |
+--------------+-----------+--------+-------+---------------------------+-------------------------------------+
| m_axi_gmem0  | read      | 2048   | 16    | phase1_bf16_qk_heads      | hls/bf16/src/gdn_bf16_top.cpp:199:3 |
| m_axi_gmem1  | read      | 2048   | 16    | phase1_bf16_qk_heads      | hls/bf16/src/gdn_bf16_top.cpp:199:3 |
| m_axi_gmem2  | read      | 4096   | 16    | phase1_bf16_value_heads   | hls/bf16/src/gdn_bf16_top.cpp:209:3 |
| m_axi_gmem4  | read      | 524288 | 16    | validate_bf16_state_heads | hls/bf16/src/gdn_bf16_top.cpp:228:3 |
| m_axi_gmem4  | read      | 524288 | 16    | load_bf16_heads           | hls/bf16/src/gdn_bf16_top.cpp:472:5 |
| m_axi_gmem5  | write     | 32     | 16    | phase5_bf16_output_lanes  | hls/bf16/src/gdn_bf16_top.cpp:313:3 |
| m_axi_gmem5  | write     | 4096   | 16    | clear_bf16_output_heads   | hls/bf16/src/gdn_bf16_top.cpp:362:3 |
| m_axi_gmem6  | write     | 524288 | 16    | readback_bf16_heads       | hls/bf16/src/gdn_bf16_top.cpp:521:5 |
| m_axi_gmem7  | write     | 8      | 64    |                           |                                     |
+--------------+-----------+--------+-------+---------------------------+-------------------------------------+

* All M_AXI Variable Accesses
+--------------+-------------------------+--------------------------------------+-----------+--------------+--------+-----------------------------+--------------------------------------+------------+-------------------------------------------------------------------------------------------------------+
| HW Interface | Variable                | Access Location                      | Direction | Burst Status | Length | Loop                        | Loop Location                        | Resolution | Problem                                                                                               |
+--------------+-------------------------+--------------------------------------+-----------+--------------+--------+-----------------------------+--------------------------------------+------------+-------------------------------------------------------------------------------------------------------+
| m_axi_gmem0  | q                       | hls/bf16/src/gdn_bf16_top.cpp:203:26 | read      | Widen Fail   |        | phase1_bf16_qk_values       | hls/bf16/src/gdn_bf16_top.cpp:201:5  | 214-353    | Could not widen since type i16 size is greater than or equal to the max_widen_bitwidth threshold of 0 |
| m_axi_gmem0  | q                       | hls/bf16/src/gdn_bf16_top.cpp:203:26 | read      | Inferred     | 2048   | phase1_bf16_qk_heads        | hls/bf16/src/gdn_bf16_top.cpp:199:3  |            |                                                                                                       |
| m_axi_gmem1  | k                       | hls/bf16/src/gdn_bf16_top.cpp:204:26 | read      | Widen Fail   |        | phase1_bf16_qk_values       | hls/bf16/src/gdn_bf16_top.cpp:201:5  | 214-353    | Could not widen since type i16 size is greater than or equal to the max_widen_bitwidth threshold of 0 |
| m_axi_gmem1  | k                       | hls/bf16/src/gdn_bf16_top.cpp:204:26 | read      | Inferred     | 2048   | phase1_bf16_qk_heads        | hls/bf16/src/gdn_bf16_top.cpp:199:3  |            |                                                                                                       |
| m_axi_gmem2  | v                       | hls/bf16/src/gdn_bf16_top.cpp:217:29 | read      | Widen Fail   |        | phase1_bf16_value_lanes     | hls/bf16/src/gdn_bf16_top.cpp:215:5  | 214-353    | Could not widen since type i16 size is greater than or equal to the max_widen_bitwidth threshold of 0 |
| m_axi_gmem2  | v                       | hls/bf16/src/gdn_bf16_top.cpp:217:29 | read      | Inferred     | 4096   | phase1_bf16_value_heads     | hls/bf16/src/gdn_bf16_top.cpp:209:3  |            |                                                                                                       |
| m_axi_gmem3  |                         | hls/bf16/src/gdn_bf16_top.cpp:209:3  | read      | Fail         |        |                             |                                      | 214-224    | Could not burst due to multiple potential reads to the same bundle in the same region.                |
| m_axi_gmem3  | alpha                   | hls/bf16/src/gdn_bf16_top.cpp:210:23 | read      | Widen Fail   |        | phase1_bf16_value_heads     | hls/bf16/src/gdn_bf16_top.cpp:209:3  | 214-353    | Could not widen since type i16 size is greater than or equal to the max_widen_bitwidth threshold of 0 |
| m_axi_gmem3  | alpha                   | hls/bf16/src/gdn_bf16_top.cpp:210:23 | read      | Inferred     | 32     | phase1_bf16_value_heads     | hls/bf16/src/gdn_bf16_top.cpp:209:3  |            |                                                                                                       |
| m_axi_gmem3  | beta                    | hls/bf16/src/gdn_bf16_top.cpp:211:22 | read      | Widen Fail   |        | phase1_bf16_value_heads     | hls/bf16/src/gdn_bf16_top.cpp:209:3  | 214-353    | Could not widen since type i16 size is greater than or equal to the max_widen_bitwidth threshold of 0 |
| m_axi_gmem3  | beta                    | hls/bf16/src/gdn_bf16_top.cpp:211:22 | read      | Inferred     | 32     | phase1_bf16_value_heads     | hls/bf16/src/gdn_bf16_top.cpp:209:3  |            |                                                                                                       |
| m_axi_gmem4  | state                   | hls/bf16/src/gdn_bf16_top.cpp:228:3  | read      | Widen Fail   |        | validate_bf16_state_columns | hls/bf16/src/gdn_bf16_top.cpp:232:7  | 214-353    | Could not widen since type i16 size is greater than or equal to the max_widen_bitwidth threshold of 0 |
| m_axi_gmem4  | state                   | hls/bf16/src/gdn_bf16_top.cpp:228:3  | read      | Inferred     | 524288 | validate_bf16_state_heads   | hls/bf16/src/gdn_bf16_top.cpp:228:3  |            |                                                                                                       |
| m_axi_gmem4  | state_in                | hls/bf16/src/gdn_bf16_top.cpp:472:5  | read      | Widen Fail   |        | load_bf16_lanes             | hls/bf16/src/gdn_bf16_top.cpp:479:11 | 214-353    | Could not widen since type i16 size is greater than or equal to the max_widen_bitwidth threshold of 0 |
| m_axi_gmem4  | state_in                | hls/bf16/src/gdn_bf16_top.cpp:472:5  | read      | Inferred     | 524288 | load_bf16_heads             | hls/bf16/src/gdn_bf16_top.cpp:472:5  |            |                                                                                                       |
| m_axi_gmem5  | output                  | hls/bf16/src/gdn_bf16_top.cpp:322:20 | write     | Widen Fail   |        | phase5_bf16_output_lanes    | hls/bf16/src/gdn_bf16_top.cpp:313:3  | 214-353    | Could not widen since type i16 size is greater than or equal to the max_widen_bitwidth threshold of 0 |
| m_axi_gmem5  | output                  | hls/bf16/src/gdn_bf16_top.cpp:322:20 | write     | Inferred     | 32     | phase5_bf16_output_lanes    | hls/bf16/src/gdn_bf16_top.cpp:313:3  |            |                                                                                                       |
| m_axi_gmem5  | output                  | hls/bf16/src/gdn_bf16_top.cpp:366:28 | write     | Widen Fail   |        | clear_bf16_output_lanes     | hls/bf16/src/gdn_bf16_top.cpp:364:5  | 214-353    | Could not widen since type i16 size is greater than or equal to the max_widen_bitwidth threshold of 0 |
| m_axi_gmem5  | output                  | hls/bf16/src/gdn_bf16_top.cpp:366:28 | write     | Inferred     | 4096   | clear_bf16_output_heads     | hls/bf16/src/gdn_bf16_top.cpp:362:3  |            |                                                                                                       |
| m_axi_gmem6  | state_out               | hls/bf16/src/gdn_bf16_top.cpp:532:42 | write     | Widen Fail   |        | readback_bf16_lanes         | hls/bf16/src/gdn_bf16_top.cpp:529:11 | 214-353    | Could not widen since type i16 size is greater than or equal to the max_widen_bitwidth threshold of 0 |
| m_axi_gmem6  | state_out               | hls/bf16/src/gdn_bf16_top.cpp:532:42 | write     | Inferred     | 524288 | readback_bf16_heads         | hls/bf16/src/gdn_bf16_top.cpp:521:5  |            |                                                                                                       |
| m_axi_gmem7  | cumulative_counters_out | hls/bf16/src/gdn_bf16_top.cpp:74:24  | write     | Widen Fail   |        |                             |                                      | 214-353    | Could not widen since type i64 size is greater than or equal to the max_widen_bitwidth threshold of 0 |
| m_axi_gmem7  | cumulative_counters_out | hls/bf16/src/gdn_bf16_top.cpp:74:24  | write     | Inferred     | 8      |                             |                                      |            |                                                                                                       |
| m_axi_gmem7  | command_counters_out    | hls/bf16/src/gdn_bf16_top.cpp:85:24  | write     | Widen Fail   |        |                             |                                      | 214-353    | Could not widen since type i64 size is greater than or equal to the max_widen_bitwidth threshold of 0 |
| m_axi_gmem7  | command_counters_out    | hls/bf16/src/gdn_bf16_top.cpp:85:24  | write     | Inferred     | 8      |                             |                                      |            |                                                                                                       |
+--------------+-------------------------+--------------------------------------+-----------+--------------+--------+-----------------------------+--------------------------------------+------------+-------------------------------------------------------------------------------------------------------+

    * Resolution URL: docs.amd.com/access/sources/dita/topic?Doc_Version=2025.2%20English&url=ug1448-hls-guidance&resourceid=XXX-YYY.html (replace XXX-YYY with column value)

================================================================
== Bind Op Report
================================================================
+--------------------------------------------------------------------------------------------------------------------------------------+-----+--------+---------------------------------+--------------------+--------------------------+---------+
| Name                                                                                                                                 | DSP | Pragma | Variable                        | Op                 | Impl                     | Latency |
+--------------------------------------------------------------------------------------------------------------------------------------+-----+--------+---------------------------------+--------------------+--------------------------+---------+
| + gdn_bf16_top                                                                                                                       | 0   |        |                                 |                    |                          |         |
|  + gdn_bf16_top_impl                                                                                                                 | 0   |        |                                 |                    |                          |         |
|    icmp_ln370_fu_4069_p2                                                                                                             |     |        | icmp_ln370                      | seteq              | auto                     | 0       |
|    shl_ln110_fu_4161_p2                                                                                                              |     |        | shl_ln110                       | shl                | auto_pipe                | 0       |
|    shl_ln110_2_fu_4179_p2                                                                                                            |     |        | shl_ln110_2                     | shl                | auto_pipe                | 0       |
|    icmp_ln383_fu_4075_p2                                                                                                             |     |        | icmp_ln383                      | setgt              | auto                     | 0       |
|    icmp_ln398_fu_4104_p2                                                                                                             |     |        | icmp_ln398                      | seteq              | auto                     | 0       |
|    grp_fu_3968_p2                                                                                                                    |     |        | add_ln96                        | add                | fabric                   | 0       |
|    shl_ln110_6_fu_4240_p2                                                                                                            |     |        | shl_ln110_6                     | shl                | auto_pipe                | 0       |
|    shl_ln110_8_fu_4258_p2                                                                                                            |     |        | shl_ln110_8                     | shl                | auto_pipe                | 0       |
|    icmp_ln126_fu_4120_p2                                                                                                             |     |        | icmp_ln126                      | seteq              | auto                     | 0       |
|    icmp_ln119_fu_4126_p2                                                                                                             |     |        | icmp_ln119                      | seteq              | auto                     | 0       |
|    icmp_ln132_fu_4140_p2                                                                                                             |     |        | icmp_ln132                      | seteq              | auto                     | 0       |
|    grp_fu_3968_p2                                                                                                                    |     |        | add_ln96_1                      | add                | fabric                   | 0       |
|    shl_ln110_9_fu_4323_p2                                                                                                            |     |        | shl_ln110_9                     | shl                | auto_pipe                | 0       |
|    shl_ln110_10_fu_4341_p2                                                                                                           |     |        | shl_ln110_10                    | shl                | auto_pipe                | 0       |
|    grp_fu_3975_p2                                                                                                                    |     |        | add_ln96_3                      | add                | fabric                   | 0       |
|    grp_fu_3968_p2                                                                                                                    |     |        | add_ln96_4                      | add                | fabric                   | 0       |
|    shl_ln110_14_fu_4411_p2                                                                                                           |     |        | shl_ln110_14                    | shl                | auto_pipe                | 0       |
|    shl_ln110_16_fu_4429_p2                                                                                                           |     |        | shl_ln110_16                    | shl                | auto_pipe                | 0       |
|    grp_fu_3982_p2                                                                                                                    |     |        | add_ln489                       | add                | fabric                   | 0       |
|    grp_fu_3989_p2                                                                                                                    |     |        | add_ln96_7                      | add                | fabric                   | 0       |
|    shl_ln110_21_fu_4500_p2                                                                                                           |     |        | shl_ln110_21                    | shl                | auto_pipe                | 0       |
|    shl_ln110_17_fu_4557_p2                                                                                                           |     |        | shl_ln110_17                    | shl                | auto_pipe                | 0       |
|    grp_fu_3968_p2                                                                                                                    |     |        | add_ln96_2                      | add                | fabric                   | 0       |
|    shl_ln110_11_fu_4628_p2                                                                                                           |     |        | shl_ln110_11                    | shl                | auto_pipe                | 0       |
|    shl_ln110_13_fu_4646_p2                                                                                                           |     |        | shl_ln110_13                    | shl                | auto_pipe                | 0       |
|    icmp_ln519_fu_4607_p2                                                                                                             |     |        | icmp_ln519                      | seteq              | auto                     | 0       |
|    grp_fu_3975_p2                                                                                                                    |     |        | add_ln96_5                      | add                | fabric                   | 0       |
|    grp_fu_3968_p2                                                                                                                    |     |        | add_ln96_6                      | add                | fabric                   | 0       |
|    shl_ln110_18_fu_4712_p2                                                                                                           |     |        | shl_ln110_18                    | shl                | auto_pipe                | 0       |
|    shl_ln110_20_fu_4730_p2                                                                                                           |     |        | shl_ln110_20                    | shl                | auto_pipe                | 0       |
|    icmp_ln595_fu_4787_p2                                                                                                             |     |        | icmp_ln595                      | seteq              | auto                     | 0       |
|    add_ln595_fu_4793_p2                                                                                                              |     |        | add_ln595                       | add                | fabric                   | 0       |
|    add_ln602_fu_4809_p2                                                                                                              |     |        | add_ln602                       | add                | fabric                   | 0       |
|    add_ln619_fu_4848_p2                                                                                                              |     |        | add_ln619                       | add                | fabric                   | 0       |
|    icmp_ln598_fu_4853_p2                                                                                                             |     |        | icmp_ln598                      | seteq              | auto                     | 0       |
|    add_ln598_fu_4859_p2                                                                                                              |     |        | add_ln598                       | add                | fabric                   | 0       |
|    grp_fu_3982_p2                                                                                                                    |     |        | add_ln633                       | add                | fabric                   | 0       |
|    grp_fu_3989_p2                                                                                                                    |     |        | add_ln96_8                      | add                | fabric                   | 0       |
|    shl_ln110_23_fu_4881_p2                                                                                                           |     |        | shl_ln110_23                    | shl                | auto_pipe                | 0       |
|    shl_ln110_22_fu_4945_p2                                                                                                           |     |        | shl_ln110_22                    | shl                | auto_pipe                | 0       |
|    shl_ln110_3_fu_5002_p2                                                                                                            |     |        | shl_ln110_3                     | shl                | auto_pipe                | 0       |
|    shl_ln110_5_fu_5020_p2                                                                                                            |     |        | shl_ln110_5                     | shl                | auto_pipe                | 0       |
|   + gdn_bf16_top_impl_Pipeline_clear_bf16_output_heads_clear_bf16_output_lanes                                                       | 0   |        |                                 |                    |                          |         |
|     icmp_ln362_fu_79_p2                                                                                                              |     |        | icmp_ln362                      | seteq              | auto                     | 0       |
|     add_ln362_fu_85_p2                                                                                                               |     |        | add_ln362                       | add                | fabric                   | 0       |
|   + p_anonymous_namespace_phase1_validate_state                                                                                      | 0   |        |                                 |                    |                          |         |
|     icmp_ln228_fu_161_p2                                                                                                             |     |        | icmp_ln228                      | seteq              | auto                     | 0       |
|     add_ln228_fu_167_p2                                                                                                              |     |        | add_ln228                       | add                | fabric                   | 0       |
|     icmp_ln230_fu_173_p2                                                                                                             |     |        | icmp_ln230                      | seteq              | auto                     | 0       |
|     add_ln230_fu_179_p2                                                                                                              |     |        | add_ln230                       | add                | fabric                   | 0       |
|     icmp_ln232_fu_189_p2                                                                                                             |     |        | icmp_ln232                      | seteq              | auto                     | 0       |
|     add_ln232_fu_195_p2                                                                                                              |     |        | add_ln232                       | add                | fabric                   | 0       |
|     icmp_ln29_fu_218_p2                                                                                                              |     |        | icmp_ln29                       | setne              | auto                     | 0       |
|     valid_3_fu_224_p2                                                                                                                |     |        | valid_3                         | and                | auto                     | 0       |
|   + gdn_bf16_top_impl_Pipeline_load_bf16_heads_load_bf16_rows_load_bf16_blocks_load_s                                                | 0   |        |                                 |                    |                          |         |
|     icmp_ln472_fu_214_p2                                                                                                             |     |        | icmp_ln472                      | seteq              | auto                     | 0       |
|     add_ln472_1_fu_220_p2                                                                                                            |     |        | add_ln472_1                     | add                | fabric                   | 0       |
|     add_ln472_fu_243_p2                                                                                                              |     |        | add_ln472                       | add                | fabric                   | 0       |
|     icmp_ln474_fu_249_p2                                                                                                             |     |        | icmp_ln474                      | seteq              | auto                     | 0       |
|     select_ln472_fu_302_p3                                                                                                           |     |        | select_ln472                    | select             | auto_sel                 | 0       |
|     xor_ln472_fu_309_p2                                                                                                              |     |        | xor_ln472                       | xor                | auto                     | 0       |
|     icmp_ln479_fu_314_p2                                                                                                             |     |        | icmp_ln479                      | seteq              | auto                     | 0       |
|     icmp_ln476_fu_320_p2                                                                                                             |     |        | icmp_ln476                      | seteq              | auto                     | 0       |
|     and_ln472_1_fu_326_p2                                                                                                            |     |        | and_ln472_1                     | and                | auto                     | 0       |
|     select_ln472_1_fu_255_p3                                                                                                         |     |        | select_ln472_1                  | select             | auto_sel                 | 0       |
|     add_ln474_fu_332_p2                                                                                                              |     |        | add_ln474                       | add                | fabric                   | 0       |
|     empty_fu_338_p2                                                                                                                  |     |        | empty                           | or                 | auto                     | 0       |
|     block_2_mid2266_fu_343_p3                                                                                                        |     |        | block_2_mid2266                 | select             | auto_sel                 | 0       |
|     exitcond_flatten261_not_fu_351_p2                                                                                                |     |        | exitcond_flatten261_not         | xor                | auto                     | 0       |
|     not_exitcond_flatten261_mid2296_fu_357_p2                                                                                        |     |        | not_exitcond_flatten261_mid2296 | or                 | auto                     | 0       |
|     and_ln472_fu_362_p2                                                                                                              |     |        | and_ln472                       | and                | auto                     | 0       |
|     icmp_ln479_mid2272_fu_368_p2                                                                                                     |     |        | icmp_ln479_mid2272              | and                | auto                     | 0       |
|     select_ln474_fu_374_p3                                                                                                           |     |        | select_ln474                    | select             | auto_sel                 | 0       |
|     add_ln476_fu_382_p2                                                                                                              |     |        | add_ln476                       | add                | fabric                   | 0       |
|     empty_68_fu_388_p2                                                                                                               |     |        | empty_68                        | or                 | auto                     | 0       |
|     empty_69_fu_394_p2                                                                                                               |     |        | empty_69                        | or                 | auto                     | 0       |
|     lane_2_mid2_fu_399_p3                                                                                                            |     |        | lane_2_mid2                     | select             | auto_sel                 | 0       |
|     packed_1_fu_484_p1                                                                                                               |     |        | packed_mid2                     | select             | auto_sel                 | 0       |
|     select_ln476_fu_415_p3                                                                                                           |     |        | select_ln476                    | select             | auto_sel                 | 0       |
|     add_ln484_fu_426_p2                                                                                                              |     |        | add_ln484                       | add                | fabric                   | 0       |
|     add_ln484_1_fu_443_p2                                                                                                            |     |        | add_ln484_1                     | add                | fabric                   | 0       |
|     add_ln484_2_fu_461_p2                                                                                                            |     |        | add_ln484_2                     | add                | fabric                   | 0       |
|     partset_512ns_512ns_16ns_9ns_512_1_1_U5                                                                                          |     |        | packed_1                        | partset            | auto                     | 0       |
|     add_ln479_fu_493_p2                                                                                                              |     |        | add_ln479                       | add                | fabric                   | 0       |
|     icmp_ln479_1_fu_499_p2                                                                                                           |     |        | icmp_ln479_1                    | seteq              | auto                     | 0       |
|     add_ln476_1_fu_505_p2                                                                                                            |     |        | add_ln476_1                     | add                | fabric                   | 0       |
|     select_ln476_1_fu_511_p3                                                                                                         |     |        | select_ln476_1                  | select             | auto_sel                 | 0       |
|     add_ln474_1_fu_263_p2                                                                                                            |     |        | add_ln474_1                     | add                | fabric                   | 0       |
|     select_ln474_1_fu_269_p3                                                                                                         |     |        | select_ln474_1                  | select             | auto_sel                 | 0       |
|   + gdn_bf16_top_impl_Pipeline_reset_bf16_heads_reset_bf16_rows_reset_bf16_blocks                                                    | 0   |        |                                 |                    |                          |         |
|     icmp_ln430_fu_142_p2                                                                                                             |     |        | icmp_ln430                      | seteq              | auto                     | 0       |
|     add_ln430_1_fu_148_p2                                                                                                            |     |        | add_ln430_1                     | add                | fabric                   | 0       |
|     add_ln430_fu_160_p2                                                                                                              |     |        | add_ln430                       | add                | fabric                   | 0       |
|     icmp_ln432_fu_166_p2                                                                                                             |     |        | icmp_ln432                      | seteq              | auto                     | 0       |
|     select_ln430_fu_215_p3                                                                                                           |     |        | select_ln430                    | select             | auto_sel                 | 0       |
|     xor_ln430_fu_222_p2                                                                                                              |     |        | xor_ln430                       | xor                | auto                     | 0       |
|     icmp_ln434_fu_227_p2                                                                                                             |     |        | icmp_ln434                      | seteq              | auto                     | 0       |
|     and_ln430_fu_233_p2                                                                                                              |     |        | and_ln430                       | and                | auto                     | 0       |
|     select_ln430_1_fu_172_p3                                                                                                         |     |        | select_ln430_1                  | select             | auto_sel                 | 0       |
|     add_ln432_fu_239_p2                                                                                                              |     |        | add_ln432                       | add                | fabric                   | 0       |
|     empty_fu_245_p2                                                                                                                  |     |        | empty                           | or                 | auto                     | 0       |
|     block_mid2_fu_250_p3                                                                                                             |     |        | block_mid2                      | select             | auto_sel                 | 0       |
|     select_ln432_fu_258_p3                                                                                                           |     |        | select_ln432                    | select             | auto_sel                 | 0       |
|     add_ln436_fu_269_p2                                                                                                              |     |        | add_ln436                       | add                | fabric                   | 0       |
|     add_ln436_1_fu_286_p2                                                                                                            |     |        | add_ln436_1                     | add                | fabric                   | 0       |
|     add_ln436_2_fu_304_p2                                                                                                            |     |        | add_ln436_2                     | add                | fabric                   | 0       |
|     add_ln434_fu_310_p2                                                                                                              |     |        | add_ln434                       | add                | fabric                   | 0       |
|     add_ln432_1_fu_180_p2                                                                                                            |     |        | add_ln432_1                     | add                | fabric                   | 0       |
|     select_ln432_1_fu_186_p3                                                                                                         |     |        | select_ln432_1                  | select             | auto_sel                 | 0       |
|   + p_anonymous_namespace_phase1_validate_token                                                                                      | 0   |        |                                 |                    |                          |         |
|     icmp_ln209_fu_378_p2                                                                                                             |     |        | icmp_ln209                      | seteq              | auto                     | 0       |
|     add_ln209_fu_384_p2                                                                                                              |     |        | add_ln209                       | add                | fabric                   | 0       |
|     add_ln210_fu_398_p2                                                                                                              |     |        | add_ln210                       | add                | fabric                   | 0       |
|     add_ln211_fu_409_p2                                                                                                              |     |        | add_ln211                       | add                | fabric                   | 0       |
|     grp_fu_264_p2                                                                                                                    |     |        | icmp_ln35                       | seteq              | auto                     | 0       |
|     xor_ln35_1_fu_433_p2                                                                                                             |     |        | xor_ln35_1                      | xor                | auto                     | 0       |
|     grp_fu_270_p2                                                                                                                    |     |        | icmp_ln35_1                     | setlt              | auto                     | 0       |
|     and_ln35_fu_439_p2                                                                                                               |     |        | and_ln35                        | and                | auto                     | 0       |
|     grp_fu_264_p2                                                                                                                    |     |        | icmp_ln35_2                     | seteq              | auto                     | 0       |
|     xor_ln35_2_fu_467_p2                                                                                                             |     |        | xor_ln35_2                      | xor                | auto                     | 0       |
|     grp_fu_270_p2                                                                                                                    |     |        | icmp_ln35_3                     | setlt              | auto                     | 0       |
|     valid_5_ph_fu_509_p6                                                                                                             |     |        | and_ln35_1                      | and                | auto                     | 0       |
|     or_ln35_fu_445_p2                                                                                                                |     |        | or_ln35                         | or                 | auto                     | 0       |
|     and_ln35_2_fu_479_p2                                                                                                             |     |        | and_ln35_2                      | and                | auto                     | 0       |
|     xor_ln35_fu_484_p2                                                                                                               |     |        | xor_ln35                        | xor                | auto                     | 0       |
|     and_ln35_3_fu_490_p2                                                                                                             |     |        | and_ln35_3                      | and                | auto                     | 0       |
|     and_ln35_4_fu_495_p2                                                                                                             |     |        | and_ln35_4                      | and                | auto                     | 0       |
|     sparsemux_7_2_1_1_1_U26                                                                                                          |     |        | valid_5_ph                      | sparsemux          | onehotencoding_realdef   | 0       |
|    + p_anonymous_namespace_phase1_validate_token_Pipeline_phase1_bf16_qk_heads_phase1_s                                              | 0   |        |                                 |                    |                          |         |
|      icmp_ln199_fu_192_p2                                                                                                            |     |        | icmp_ln199                      | seteq              | auto                     | 0       |
|      add_ln199_1_fu_198_p2                                                                                                           |     |        | add_ln199_1                     | add                | fabric                   | 0       |
|      add_ln199_fu_227_p2                                                                                                             |     |        | add_ln199                       | add                | fabric                   | 0       |
|      icmp_ln201_fu_233_p2                                                                                                            |     |        | icmp_ln201                      | seteq              | auto                     | 0       |
|      select_ln197_fu_239_p3                                                                                                          |     |        | select_ln197                    | select             | auto_sel                 | 0       |
|      select_ln199_fu_247_p3                                                                                                          |     |        | select_ln199                    | select             | auto_sel                 | 0       |
|      add_ln204_fu_271_p2                                                                                                             |     |        | add_ln204                       | add                | fabric                   | 0       |
|      icmp_ln29_fu_332_p2                                                                                                             |     |        | icmp_ln29                       | setne              | auto                     | 0       |
|      icmp_ln29_1_fu_338_p2                                                                                                           |     |        | icmp_ln29_1                     | setne              | auto                     | 0       |
|      and_ln29_fu_344_p2                                                                                                              |     |        | and_ln29                        | and                | auto                     | 0       |
|      valid_fu_350_p2                                                                                                                 |     |        | valid                           | and                | auto                     | 0       |
|      add_ln201_fu_297_p2                                                                                                             |     |        | add_ln201                       | add                | fabric                   | 0       |
|    + p_anonymous_namespace_phase1_validate_token_Pipeline_phase1_bf16_value_lanes                                                    | 0   |        |                                 |                    |                          |         |
|      icmp_ln215_fu_142_p2                                                                                                            |     |        | icmp_ln215                      | seteq              | auto                     | 0       |
|      add_ln215_fu_148_p2                                                                                                             |     |        | add_ln215                       | add                | fabric                   | 0       |
|      add_ln217_fu_178_p2                                                                                                             |     |        | add_ln217                       | add                | fabric                   | 0       |
|      icmp_ln29_fu_195_p2                                                                                                             |     |        | icmp_ln29                       | setne              | auto                     | 0       |
|      valid_1_fu_201_p2                                                                                                               |     |        | valid_1                         | and                | auto                     | 0       |
|   + gdn_bf16_top_impl_Pipeline_load_bf16_resident_rows_unpack_bf16_resident_lanes                                                    | 0   |        |                                 |                    |                          |         |
|     icmp_ln600_fu_2110_p2                                                                                                            |     |        | icmp_ln600                      | seteq              | auto                     | 0       |
|     add_ln600_1_fu_2116_p2                                                                                                           |     |        | add_ln600_1                     | add                | fabric                   | 0       |
|     add_ln600_fu_2128_p2                                                                                                             |     |        | add_ln600                       | add                | fabric                   | 0       |
|     icmp_ln604_fu_2134_p2                                                                                                            |     |        | icmp_ln604                      | seteq              | auto                     | 0       |
|     select_ln600_fu_2140_p3                                                                                                          |     |        | select_ln600                    | select             | auto_sel                 | 0       |
|     select_ln600_1_fu_2148_p3                                                                                                        |     |        | select_ln600_1                  | select             | auto_sel                 | 0       |
|     add_ln602_fu_2160_p2                                                                                                             |     |        | add_ln602                       | add                | fabric                   | 0       |
|     partselect_16ns_512ns_9ns_16_1_1_U42                                                                                             |     |        | tmp_4                           | partselect         | auto                     | 0       |
|     add_ln604_fu_2233_p2                                                                                                             |     |        | add_ln604                       | add                | fabric                   | 0       |
|   + p_anonymous_namespace_phase2_decay_predict_tile                                                                                  | 0   |        |                                 |                    |                          |         |
|     floatingpoint_floattofloat_32ns_16ns_32ns_32ns_32_1_1_U799                                                                       |     |        | alpha_value                     | apfloatfloat2float | nodsp                    | 0       |
|     icmp_ln258_fu_1621_p2                                                                                                            |     |        | icmp_ln258                      | seteq              | auto                     | 0       |
|     add_ln258_fu_1627_p2                                                                                                             |     |        | add_ln258                       | add                | fabric                   | 0       |
|    + p_anonymous_namespace_phase2_decay_predict_tile_Pipeline_phase2_bf16_decay_rows_p                                               | 0   |        |                                 |                    |                          |         |
|      icmp_ln250_fu_4022_p2                                                                                                           |     |        | icmp_ln250                      | seteq              | auto                     | 0       |
|      add_ln250_1_fu_4028_p2                                                                                                          |     |        | add_ln250_1                     | add                | fabric                   | 0       |
|      add_ln250_fu_4040_p2                                                                                                            |     |        | add_ln250                       | add                | fabric                   | 0       |
|      icmp_ln252_fu_4046_p2                                                                                                           |     |        | icmp_ln252                      | seteq              | auto                     | 0       |
|      select_ln250_fu_4052_p3                                                                                                         |     |        | select_ln250                    | select             | auto_sel                 | 0       |
|      select_ln250_1_fu_4060_p3                                                                                                       |     |        | select_ln250_1                  | select             | auto_sel                 | 0       |
|      sparsemux_17_3_16_1_1_U177                                                                                                      |     |        | tmp                             | sparsemux          | compactencoding_dontcare | 0       |
|      sparsemux_17_3_16_1_1_U178                                                                                                      |     |        | tmp_s                           | sparsemux          | compactencoding_dontcare | 0       |
|      sparsemux_17_3_16_1_1_U179                                                                                                      |     |        | tmp_66                          | sparsemux          | compactencoding_dontcare | 0       |
|      sparsemux_17_3_16_1_1_U180                                                                                                      |     |        | tmp_67                          | sparsemux          | compactencoding_dontcare | 0       |
|      sparsemux_17_3_16_1_1_U181                                                                                                      |     |        | tmp_68                          | sparsemux          | compactencoding_dontcare | 0       |
|      sparsemux_17_3_16_1_1_U182                                                                                                      |     |        | tmp_69                          | sparsemux          | compactencoding_dontcare | 0       |
|      sparsemux_17_3_16_1_1_U183                                                                                                      |     |        | tmp_70                          | sparsemux          | compactencoding_dontcare | 0       |
|      sparsemux_17_3_16_1_1_U184                                                                                                      |     |        | tmp_71                          | sparsemux          | compactencoding_dontcare | 0       |
|      sparsemux_17_3_16_1_1_U185                                                                                                      |     |        | tmp_72                          | sparsemux          | compactencoding_dontcare | 0       |
|      sparsemux_17_3_16_1_1_U186                                                                                                      |     |        | tmp_73                          | sparsemux          | compactencoding_dontcare | 0       |
|      sparsemux_17_3_16_1_1_U187                                                                                                      |     |        | tmp_74                          | sparsemux          | compactencoding_dontcare | 0       |
|      sparsemux_17_3_16_1_1_U188                                                                                                      |     |        | tmp_75                          | sparsemux          | compactencoding_dontcare | 0       |
|      sparsemux_17_3_16_1_1_U189                                                                                                      |     |        | tmp_76                          | sparsemux          | compactencoding_dontcare | 0       |
|      sparsemux_17_3_16_1_1_U190                                                                                                      |     |        | tmp_77                          | sparsemux          | compactencoding_dontcare | 0       |
|      sparsemux_17_3_16_1_1_U191                                                                                                      |     |        | tmp_78                          | sparsemux          | compactencoding_dontcare | 0       |
|      sparsemux_17_3_16_1_1_U192                                                                                                      |     |        | tmp_79                          | sparsemux          | compactencoding_dontcare | 0       |
|      sparsemux_33_4_16_1_1_U193                                                                                                      |     |        | tmp_80                          | sparsemux          | compactencoding_dontcare | 0       |
|      floatingpoint_floattofloat_32ns_16ns_32ns_32ns_32_1_1_U176                                                                      |     |        | tmp_81                          | apfloatfloat2float | nodsp                    | 0       |
|      floatingpoint_mul_32ns_32ns_32ns_32ns_32_3_1_U175                                                                               |     |        | tmp_82                          | apfloatmul         | maxdsp                   | 2       |
|      add_ln252_fu_4271_p2                                                                                                            |     |        | add_ln252                       | add                | fabric                   | 0       |
|    + p_anonymous_namespace_phase2_decay_predict_tile_Pipeline_phase2_bf16_prediction_t                                               | 0   |        |                                 |                    |                          |         |
|      icmp_ln262_fu_2329_p2                                                                                                           |     |        | icmp_ln262                      | seteq              | auto                     | 0       |
|      add_ln262_fu_2335_p2                                                                                                            |     |        | add_ln262                       | add                | fabric                   | 0       |
|      add_ln264_fu_2345_p2                                                                                                            |     |        | add_ln264                       | add                | fabric                   | 0       |
|      floatingpoint_floattofloat_32ns_16ns_32ns_32ns_32_1_1_U456                                                                      |     |        | tmp_64                          | apfloatfloat2float | nodsp                    | 0       |
|      sparsemux_17_3_32_1_1_U457                                                                                                      |     |        | tmp_65                          | sparsemux          | compactencoding_dontcare | 0       |
|      sparsemux_17_3_32_1_1_U458                                                                                                      |     |        | tmp_66                          | sparsemux          | compactencoding_dontcare | 0       |
|      sparsemux_17_3_32_1_1_U459                                                                                                      |     |        | tmp_67                          | sparsemux          | compactencoding_dontcare | 0       |
|      sparsemux_17_3_32_1_1_U460                                                                                                      |     |        | tmp_68                          | sparsemux          | compactencoding_dontcare | 0       |
|      sparsemux_17_3_32_1_1_U461                                                                                                      |     |        | tmp_69                          | sparsemux          | compactencoding_dontcare | 0       |
|      sparsemux_17_3_32_1_1_U462                                                                                                      |     |        | tmp_70                          | sparsemux          | compactencoding_dontcare | 0       |
|      sparsemux_17_3_32_1_1_U463                                                                                                      |     |        | tmp_71                          | sparsemux          | compactencoding_dontcare | 0       |
|      sparsemux_17_3_32_1_1_U464                                                                                                      |     |        | tmp_72                          | sparsemux          | compactencoding_dontcare | 0       |
|      sparsemux_17_3_32_1_1_U465                                                                                                      |     |        | tmp_73                          | sparsemux          | compactencoding_dontcare | 0       |
|      sparsemux_17_3_32_1_1_U466                                                                                                      |     |        | tmp_74                          | sparsemux          | compactencoding_dontcare | 0       |
|      sparsemux_17_3_32_1_1_U467                                                                                                      |     |        | tmp_75                          | sparsemux          | compactencoding_dontcare | 0       |
|      sparsemux_17_3_32_1_1_U468                                                                                                      |     |        | tmp_76                          | sparsemux          | compactencoding_dontcare | 0       |
|      sparsemux_17_3_32_1_1_U469                                                                                                      |     |        | tmp_77                          | sparsemux          | compactencoding_dontcare | 0       |
|      sparsemux_17_3_32_1_1_U470                                                                                                      |     |        | tmp_78                          | sparsemux          | compactencoding_dontcare | 0       |
|      sparsemux_17_3_32_1_1_U471                                                                                                      |     |        | tmp_79                          | sparsemux          | compactencoding_dontcare | 0       |
|      sparsemux_17_3_32_1_1_U472                                                                                                      |     |        | tmp_80                          | sparsemux          | compactencoding_dontcare | 0       |
|      sparsemux_33_4_32_1_1_U473                                                                                                      |     |        | tmp_81                          | sparsemux          | compactencoding_dontcare | 0       |
|      floatingpoint_mul_32ns_32ns_32ns_32ns_32_3_1_U455                                                                               |     |        | tmp_82                          | apfloatmul         | maxdsp                   | 2       |
|    + p_anonymous_namespace_reduce_128 (grp_p_anonymous_namespace_reduce_128_fu_1574)                                                 | 0   |        |                                 |                    |                          |         |
|      floatingpoint_add_32ns_32ns_32ns_32ns_32_5_1_U780                                                                               |     |        | agg_result                      | apfloatadd         | nodsp                    | 4       |
|     + p_anonymous_namespace_reduce_128_Pipeline_reduce_bf16_64 (grp_p_anonymous_namespace_reduce_128_Pipeline_reduce_bf16_64_fu_298) | 0   |        |                                 |                    |                          |         |
|       icmp_ln153_fu_590_p2                                                                                                           |     |        | icmp_ln153                      | seteq              | auto                     | 0       |
|       add_ln153_fu_596_p2                                                                                                            |     |        | add_ln153                       | add                | fabric                   | 0       |
|       sparsemux_17_3_32_1_1_U625                                                                                                     |     |        | tmp                             | sparsemux          | compactencoding_dontcare | 0       |
|       sparsemux_17_3_32_1_1_U626                                                                                                     |     |        | tmp_s                           | sparsemux          | compactencoding_dontcare | 0       |
|       floatingpoint_add_32ns_32ns_32ns_32ns_32_5_1_U624                                                                              |     |        | tmp_19                          | apfloatadd         | nodsp                    | 4       |
|     + p_anonymous_namespace_reduce_128_Pipeline_reduce_bf16_32 (grp_p_anonymous_namespace_reduce_128_Pipeline_reduce_bf16_32_fu_366) | 0   |        |                                 |                    |                          |         |
|       icmp_ln158_fu_588_p2                                                                                                           |     |        | icmp_ln158                      | seteq              | auto                     | 0       |
|       add_ln158_fu_594_p2                                                                                                            |     |        | add_ln158                       | add                | fabric                   | 0       |
|       sparsemux_17_3_32_1_1_U661                                                                                                     |     |        | tmp_20                          | sparsemux          | compactencoding_dontcare | 0       |
|       sparsemux_17_3_32_1_1_U662                                                                                                     |     |        | tmp_s                           | sparsemux          | compactencoding_dontcare | 0       |
|       floatingpoint_add_32ns_32ns_32ns_32ns_32_5_1_U660                                                                              |     |        | tmp_21                          | apfloatadd         | nodsp                    | 4       |
|     + p_anonymous_namespace_reduce_128_Pipeline_reduce_bf16_16 (grp_p_anonymous_namespace_reduce_128_Pipeline_reduce_bf16_16_fu_402) | 0   |        |                                 |                    |                          |         |
|       icmp_ln163_fu_554_p2                                                                                                           |     |        | icmp_ln163                      | seteq              | auto                     | 0       |
|       add_ln163_fu_560_p2                                                                                                            |     |        | add_ln163                       | add                | fabric                   | 0       |
|       sparsemux_17_3_32_1_1_U696                                                                                                     |     |        | tmp_s                           | sparsemux          | compactencoding_dontcare | 0       |
|       sparsemux_17_3_32_1_1_U697                                                                                                     |     |        | tmp_22                          | sparsemux          | compactencoding_dontcare | 0       |
|       floatingpoint_add_32ns_32ns_32ns_32ns_32_5_1_U695                                                                              |     |        | level16_16                      | apfloatadd         | nodsp                    | 4       |
|     + p_anonymous_namespace_reduce_128_Pipeline_reduce_bf16_8 (grp_p_anonymous_namespace_reduce_128_Pipeline_reduce_bf16_8_fu_438)   | 0   |        |                                 |                    |                          |         |
|       icmp_ln168_fu_304_p2                                                                                                           |     |        | icmp_ln168                      | seteq              | auto                     | 0       |
|       add_ln168_fu_310_p2                                                                                                            |     |        | add_ln168                       | add                | fabric                   | 0       |
|       sparsemux_17_3_32_1_1_U731                                                                                                     |     |        | tmp_s                           | sparsemux          | compactencoding_dontcare | 0       |
|       sparsemux_17_3_32_1_1_U732                                                                                                     |     |        | tmp_19                          | sparsemux          | compactencoding_dontcare | 0       |
|       floatingpoint_add_32ns_32ns_32ns_32ns_32_5_1_U730                                                                              |     |        | level8_8                        | apfloatadd         | nodsp                    | 4       |
|     + p_anonymous_namespace_reduce_128_Pipeline_reduce_bf16_4 (grp_p_anonymous_namespace_reduce_128_Pipeline_reduce_bf16_4_fu_466)   | 0   |        |                                 |                    |                          |         |
|       icmp_ln173_fu_180_p2                                                                                                           |     |        | icmp_ln173                      | seteq              | auto                     | 0       |
|       add_ln173_fu_186_p2                                                                                                            |     |        | add_ln173                       | add                | fabric                   | 0       |
|       sparsemux_9_2_32_1_1_U758                                                                                                      |     |        | tmp_s                           | sparsemux          | compactencoding_dontcare | 0       |
|       sparsemux_9_2_32_1_1_U759                                                                                                      |     |        | tmp_20                          | sparsemux          | compactencoding_dontcare | 0       |
|       floatingpoint_add_32ns_32ns_32ns_32ns_32_5_1_U757                                                                              |     |        | level4_4                        | apfloatadd         | nodsp                    | 4       |
|     + p_anonymous_namespace_reduce_128_Pipeline_reduce_bf16_2 (grp_p_anonymous_namespace_reduce_128_Pipeline_reduce_bf16_2_fu_482)   | 0   |        |                                 |                    |                          |         |
|       icmp_ln178_fu_110_p2                                                                                                           |     |        | icmp_ln178                      | seteq              | auto                     | 0       |
|       add_ln178_fu_116_p2                                                                                                            |     |        | add_ln178                       | add                | fabric                   | 0       |
|       icmp_ln180_1_fu_122_p2                                                                                                         |     |        | icmp_ln180_1                    | seteq              | auto                     | 0       |
|       grp_fu_94_p1                                                                                                                   |     |        | select_ln180_2                  | select             | auto_sel                 | 0       |
|       grp_fu_94_p2                                                                                                                   |     |        | select_ln180_3                  | select             | auto_sel                 | 0       |
|       floatingpoint_add_32ns_32ns_32ns_32ns_32_5_1_U773                                                                              |     |        | tmp_s                           | apfloatadd         | nodsp                    | 4       |
|       icmp_ln180_fu_128_p2                                                                                                           |     |        | icmp_ln180                      | seteq              | auto                     | 0       |
|       select_ln180_fu_157_p3                                                                                                         |     |        | select_ln180                    | select             | auto_sel                 | 0       |
|       select_ln180_1_fu_164_p3                                                                                                       |     |        | select_ln180_1                  | select             | auto_sel                 | 0       |
|   + p_anonymous_namespace_phase3_delta_tile                                                                                          | 0   |        |                                 |                    |                          |         |
|     floatingpoint_floattofloat_32ns_16ns_32ns_32ns_32_1_1_U1070                                                                      |     |        | beta_value                      | apfloatfloat2float | nodsp                    | 0       |
|     icmp_ln279_fu_399_p2                                                                                                             |     |        | icmp_ln279                      | seteq              | auto                     | 0       |
|     add_ln279_fu_405_p2                                                                                                              |     |        | add_ln279                       | add                | fabric                   | 0       |
|     add_ln281_fu_449_p2                                                                                                              |     |        | add_ln281                       | add                | fabric                   | 0       |
|     floatingpoint_floattofloat_32ns_16ns_32ns_32ns_32_1_1_U1071                                                                      |     |        | tmp                             | apfloatfloat2float | nodsp                    | 0       |
|     sparsemux_17_3_32_1_1_U1072                                                                                                      |     |        | tmp_s                           | sparsemux          | compactencoding_dontcare | 0       |
|     floatingpoint_sub_32ns_32ns_32ns_32ns_32_5_1_U1068                                                                               |     |        | tmp_62                          | apfloatsub         | nodsp                    | 4       |
|     floatingpoint_mul_32ns_32ns_32ns_32ns_32_3_1_U1069                                                                               |     |        | tmp_63                          | apfloatmul         | maxdsp                   | 2       |
|   + p_anonymous_namespace_phase4_update_state_tile                                                                                   | 0   |        |                                 |                    |                          |         |
|     icmp_ln294_fu_6239_p2                                                                                                            |     |        | icmp_ln294                      | seteq              | auto                     | 0       |
|     add_ln294_1_fu_6245_p2                                                                                                           |     |        | add_ln294_1                     | add                | fabric                   | 0       |
|     add_ln294_fu_6257_p2                                                                                                             |     |        | add_ln294                       | add                | fabric                   | 0       |
|     icmp_ln297_fu_6263_p2                                                                                                            |     |        | icmp_ln297                      | seteq              | auto                     | 0       |
|     select_ln294_fu_6269_p3                                                                                                          |     |        | select_ln294                    | select             | auto_sel                 | 0       |
|     select_ln294_1_fu_6277_p3                                                                                                        |     |        | select_ln294_1                  | select             | auto_sel                 | 0       |
|     add_ln295_fu_6372_p2                                                                                                             |     |        | add_ln295                       | add                | fabric                   | 0       |
|     floatingpoint_floattofloat_32ns_16ns_32ns_32ns_32_1_1_U1096                                                                      |     |        | key                             | apfloatfloat2float | nodsp                    | 0       |
|     sparsemux_17_3_32_1_1_U1099                                                                                                      |     |        | tmp                             | sparsemux          | compactencoding_dontcare | 0       |
|     sparsemux_17_3_32_1_1_U1100                                                                                                      |     |        | tmp_s                           | sparsemux          | compactencoding_dontcare | 0       |
|     sparsemux_17_3_32_1_1_U1101                                                                                                      |     |        | tmp_44                          | sparsemux          | compactencoding_dontcare | 0       |
|     sparsemux_17_3_32_1_1_U1102                                                                                                      |     |        | tmp_45                          | sparsemux          | compactencoding_dontcare | 0       |
|     sparsemux_17_3_32_1_1_U1103                                                                                                      |     |        | tmp_46                          | sparsemux          | compactencoding_dontcare | 0       |
|     sparsemux_17_3_32_1_1_U1104                                                                                                      |     |        | tmp_47                          | sparsemux          | compactencoding_dontcare | 0       |
|     sparsemux_17_3_32_1_1_U1105                                                                                                      |     |        | tmp_48                          | sparsemux          | compactencoding_dontcare | 0       |
|     sparsemux_17_3_32_1_1_U1106                                                                                                      |     |        | tmp_49                          | sparsemux          | compactencoding_dontcare | 0       |
|     sparsemux_17_3_32_1_1_U1107                                                                                                      |     |        | tmp_50                          | sparsemux          | compactencoding_dontcare | 0       |
|     sparsemux_17_3_32_1_1_U1108                                                                                                      |     |        | tmp_51                          | sparsemux          | compactencoding_dontcare | 0       |
|     sparsemux_17_3_32_1_1_U1109                                                                                                      |     |        | tmp_52                          | sparsemux          | compactencoding_dontcare | 0       |
|     sparsemux_17_3_32_1_1_U1110                                                                                                      |     |        | tmp_53                          | sparsemux          | compactencoding_dontcare | 0       |
|     sparsemux_17_3_32_1_1_U1111                                                                                                      |     |        | tmp_54                          | sparsemux          | compactencoding_dontcare | 0       |
|     sparsemux_17_3_32_1_1_U1112                                                                                                      |     |        | tmp_55                          | sparsemux          | compactencoding_dontcare | 0       |
|     sparsemux_17_3_32_1_1_U1113                                                                                                      |     |        | tmp_56                          | sparsemux          | compactencoding_dontcare | 0       |
|     sparsemux_17_3_32_1_1_U1114                                                                                                      |     |        | tmp_57                          | sparsemux          | compactencoding_dontcare | 0       |
|     sparsemux_33_4_32_1_1_U1115                                                                                                      |     |        | tmp_58                          | sparsemux          | compactencoding_dontcare | 0       |
|     sparsemux_17_3_32_1_1_U1098                                                                                                      |     |        | tmp_59                          | sparsemux          | compactencoding_dontcare | 0       |
|     floatingpoint_mul_32ns_32ns_32ns_32ns_32_3_1_U1095                                                                               |     |        | tmp_60                          | apfloatmul         | maxdsp                   | 2       |
|     floatingpoint_add_32ns_32ns_32ns_32ns_32_5_1_U1094                                                                               |     |        | value                           | apfloatadd         | nodsp                    | 4       |
|     floatingpoint_floattofloat_16ns_32ns_32ns_32ns_16_1_1_U1097                                                                      |     |        | rounded                         | apfloatfloat2float | nodsp                    | 0       |
|     add_ln297_fu_6348_p2                                                                                                             |     |        | add_ln297                       | add                | fabric                   | 0       |
|   + p_anonymous_namespace_phase5_output_tile                                                                                         | 0   |        |                                 |                    |                          |         |
|     add_ln313_fu_768_p2                                                                                                              |     |        | add_ln313                       | add                | fabric                   | 0       |
|     icmp_ln313_fu_810_p2                                                                                                             |     |        | icmp_ln313                      | seteq              | auto                     | 0       |
|     add_ln313_1_fu_816_p2                                                                                                            |     |        | add_ln313_1                     | add                | fabric                   | 0       |
|     floatingpoint_floattofloat_16ns_32ns_32ns_32ns_16_1_1_U1678                                                                      |     |        | rounded                         | apfloatfloat2float | nodsp                    | 0       |
|    + p_anonymous_namespace_phase5_output_tile_Pipeline_phase5_bf16_output_terms                                                      | 0   |        |                                 |                    |                          |         |
|      icmp_ln317_fu_2329_p2                                                                                                           |     |        | icmp_ln317                      | seteq              | auto                     | 0       |
|      add_ln317_fu_2335_p2                                                                                                            |     |        | add_ln317                       | add                | fabric                   | 0       |
|      add_ln319_fu_2345_p2                                                                                                            |     |        | add_ln319                       | add                | fabric                   | 0       |
|      floatingpoint_floattofloat_32ns_16ns_32ns_32ns_32_1_1_U1512                                                                     |     |        | tmp                             | apfloatfloat2float | nodsp                    | 0       |
|      sparsemux_17_3_32_1_1_U1513                                                                                                     |     |        | tmp_s                           | sparsemux          | compactencoding_dontcare | 0       |
|      sparsemux_17_3_32_1_1_U1514                                                                                                     |     |        | tmp_24                          | sparsemux          | compactencoding_dontcare | 0       |
|      sparsemux_17_3_32_1_1_U1515                                                                                                     |     |        | tmp_25                          | sparsemux          | compactencoding_dontcare | 0       |
|      sparsemux_17_3_32_1_1_U1516                                                                                                     |     |        | tmp_26                          | sparsemux          | compactencoding_dontcare | 0       |
|      sparsemux_17_3_32_1_1_U1517                                                                                                     |     |        | tmp_27                          | sparsemux          | compactencoding_dontcare | 0       |
|      sparsemux_17_3_32_1_1_U1518                                                                                                     |     |        | tmp_28                          | sparsemux          | compactencoding_dontcare | 0       |
|      sparsemux_17_3_32_1_1_U1519                                                                                                     |     |        | tmp_29                          | sparsemux          | compactencoding_dontcare | 0       |
|      sparsemux_17_3_32_1_1_U1520                                                                                                     |     |        | tmp_30                          | sparsemux          | compactencoding_dontcare | 0       |
|      sparsemux_17_3_32_1_1_U1521                                                                                                     |     |        | tmp_31                          | sparsemux          | compactencoding_dontcare | 0       |
|      sparsemux_17_3_32_1_1_U1522                                                                                                     |     |        | tmp_32                          | sparsemux          | compactencoding_dontcare | 0       |
|      sparsemux_17_3_32_1_1_U1523                                                                                                     |     |        | tmp_33                          | sparsemux          | compactencoding_dontcare | 0       |
|      sparsemux_17_3_32_1_1_U1524                                                                                                     |     |        | tmp_34                          | sparsemux          | compactencoding_dontcare | 0       |
|      sparsemux_17_3_32_1_1_U1525                                                                                                     |     |        | tmp_35                          | sparsemux          | compactencoding_dontcare | 0       |
|      sparsemux_17_3_32_1_1_U1526                                                                                                     |     |        | tmp_36                          | sparsemux          | compactencoding_dontcare | 0       |
|      sparsemux_17_3_32_1_1_U1527                                                                                                     |     |        | tmp_37                          | sparsemux          | compactencoding_dontcare | 0       |
|      sparsemux_17_3_32_1_1_U1528                                                                                                     |     |        | tmp_38                          | sparsemux          | compactencoding_dontcare | 0       |
|      sparsemux_33_4_32_1_1_U1529                                                                                                     |     |        | tmp_39                          | sparsemux          | compactencoding_dontcare | 0       |
|      floatingpoint_mul_32ns_32ns_32ns_32ns_32_3_1_U1511                                                                              |     |        | tmp_40                          | apfloatmul         | maxdsp                   | 2       |
|    + p_anonymous_namespace_reduce_128 (grp_p_anonymous_namespace_reduce_128_fu_727)                                                  | 0   |        |                                 |                    |                          |         |
|      floatingpoint_add_32ns_32ns_32ns_32ns_32_5_1_U780                                                                               |     |        | agg_result                      | apfloatadd         | nodsp                    | 4       |
|     + p_anonymous_namespace_reduce_128_Pipeline_reduce_bf16_64 (grp_p_anonymous_namespace_reduce_128_Pipeline_reduce_bf16_64_fu_298) | 0   |        |                                 |                    |                          |         |
|       icmp_ln153_fu_590_p2                                                                                                           |     |        | icmp_ln153                      | seteq              | auto                     | 0       |
|       add_ln153_fu_596_p2                                                                                                            |     |        | add_ln153                       | add                | fabric                   | 0       |
|       sparsemux_17_3_32_1_1_U625                                                                                                     |     |        | tmp                             | sparsemux          | compactencoding_dontcare | 0       |
|       sparsemux_17_3_32_1_1_U626                                                                                                     |     |        | tmp_s                           | sparsemux          | compactencoding_dontcare | 0       |
|       floatingpoint_add_32ns_32ns_32ns_32ns_32_5_1_U624                                                                              |     |        | tmp_19                          | apfloatadd         | nodsp                    | 4       |
|     + p_anonymous_namespace_reduce_128_Pipeline_reduce_bf16_32 (grp_p_anonymous_namespace_reduce_128_Pipeline_reduce_bf16_32_fu_366) | 0   |        |                                 |                    |                          |         |
|       icmp_ln158_fu_588_p2                                                                                                           |     |        | icmp_ln158                      | seteq              | auto                     | 0       |
|       add_ln158_fu_594_p2                                                                                                            |     |        | add_ln158                       | add                | fabric                   | 0       |
|       sparsemux_17_3_32_1_1_U661                                                                                                     |     |        | tmp_20                          | sparsemux          | compactencoding_dontcare | 0       |
|       sparsemux_17_3_32_1_1_U662                                                                                                     |     |        | tmp_s                           | sparsemux          | compactencoding_dontcare | 0       |
|       floatingpoint_add_32ns_32ns_32ns_32ns_32_5_1_U660                                                                              |     |        | tmp_21                          | apfloatadd         | nodsp                    | 4       |
|     + p_anonymous_namespace_reduce_128_Pipeline_reduce_bf16_16 (grp_p_anonymous_namespace_reduce_128_Pipeline_reduce_bf16_16_fu_402) | 0   |        |                                 |                    |                          |         |
|       icmp_ln163_fu_554_p2                                                                                                           |     |        | icmp_ln163                      | seteq              | auto                     | 0       |
|       add_ln163_fu_560_p2                                                                                                            |     |        | add_ln163                       | add                | fabric                   | 0       |
|       sparsemux_17_3_32_1_1_U696                                                                                                     |     |        | tmp_s                           | sparsemux          | compactencoding_dontcare | 0       |
|       sparsemux_17_3_32_1_1_U697                                                                                                     |     |        | tmp_22                          | sparsemux          | compactencoding_dontcare | 0       |
|       floatingpoint_add_32ns_32ns_32ns_32ns_32_5_1_U695                                                                              |     |        | level16_16                      | apfloatadd         | nodsp                    | 4       |
|     + p_anonymous_namespace_reduce_128_Pipeline_reduce_bf16_8 (grp_p_anonymous_namespace_reduce_128_Pipeline_reduce_bf16_8_fu_438)   | 0   |        |                                 |                    |                          |         |
|       icmp_ln168_fu_304_p2                                                                                                           |     |        | icmp_ln168                      | seteq              | auto                     | 0       |
|       add_ln168_fu_310_p2                                                                                                            |     |        | add_ln168                       | add                | fabric                   | 0       |
|       sparsemux_17_3_32_1_1_U731                                                                                                     |     |        | tmp_s                           | sparsemux          | compactencoding_dontcare | 0       |
|       sparsemux_17_3_32_1_1_U732                                                                                                     |     |        | tmp_19                          | sparsemux          | compactencoding_dontcare | 0       |
|       floatingpoint_add_32ns_32ns_32ns_32ns_32_5_1_U730                                                                              |     |        | level8_8                        | apfloatadd         | nodsp                    | 4       |
|     + p_anonymous_namespace_reduce_128_Pipeline_reduce_bf16_4 (grp_p_anonymous_namespace_reduce_128_Pipeline_reduce_bf16_4_fu_466)   | 0   |        |                                 |                    |                          |         |
|       icmp_ln173_fu_180_p2                                                                                                           |     |        | icmp_ln173                      | seteq              | auto                     | 0       |
|       add_ln173_fu_186_p2                                                                                                            |     |        | add_ln173                       | add                | fabric                   | 0       |
|       sparsemux_9_2_32_1_1_U758                                                                                                      |     |        | tmp_s                           | sparsemux          | compactencoding_dontcare | 0       |
|       sparsemux_9_2_32_1_1_U759                                                                                                      |     |        | tmp_20                          | sparsemux          | compactencoding_dontcare | 0       |
|       floatingpoint_add_32ns_32ns_32ns_32ns_32_5_1_U757                                                                              |     |        | level4_4                        | apfloatadd         | nodsp                    | 4       |
|     + p_anonymous_namespace_reduce_128_Pipeline_reduce_bf16_2 (grp_p_anonymous_namespace_reduce_128_Pipeline_reduce_bf16_2_fu_482)   | 0   |        |                                 |                    |                          |         |
|       icmp_ln178_fu_110_p2                                                                                                           |     |        | icmp_ln178                      | seteq              | auto                     | 0       |
|       add_ln178_fu_116_p2                                                                                                            |     |        | add_ln178                       | add                | fabric                   | 0       |
|       icmp_ln180_1_fu_122_p2                                                                                                         |     |        | icmp_ln180_1                    | seteq              | auto                     | 0       |
|       grp_fu_94_p1                                                                                                                   |     |        | select_ln180_2                  | select             | auto_sel                 | 0       |
|       grp_fu_94_p2                                                                                                                   |     |        | select_ln180_3                  | select             | auto_sel                 | 0       |
|       floatingpoint_add_32ns_32ns_32ns_32ns_32_5_1_U773                                                                              |     |        | tmp_s                           | apfloatadd         | nodsp                    | 4       |
|       icmp_ln180_fu_128_p2                                                                                                           |     |        | icmp_ln180                      | seteq              | auto                     | 0       |
|       select_ln180_fu_157_p3                                                                                                         |     |        | select_ln180                    | select             | auto_sel                 | 0       |
|       select_ln180_1_fu_164_p3                                                                                                       |     |        | select_ln180_1                  | select             | auto_sel                 | 0       |
|   + gdn_bf16_top_impl_Pipeline_store_bf16_resident_rows_pack_bf16_resident_lanes                                                     | 0   |        |                                 |                    |                          |         |
|     icmp_ln621_fu_2114_p2                                                                                                            |     |        | icmp_ln621                      | seteq              | auto                     | 0       |
|     add_ln621_1_fu_2120_p2                                                                                                           |     |        | add_ln621_1                     | add                | fabric                   | 0       |
|     add_ln621_fu_2132_p2                                                                                                             |     |        | add_ln621                       | add                | fabric                   | 0       |
|     icmp_ln624_fu_2138_p2                                                                                                            |     |        | icmp_ln624                      | seteq              | auto                     | 0       |
|     select_ln621_fu_2144_p3                                                                                                          |     |        | select_ln621                    | select             | auto_sel                 | 0       |
|     packed_1_fu_3079_p1                                                                                                              |     |        | select_ln621_1                  | select             | auto_sel                 | 0       |
|     select_ln621_2_fu_2152_p3                                                                                                        |     |        | select_ln621_2                  | select             | auto_sel                 | 0       |
|     add_ln628_fu_2372_p2                                                                                                             |     |        | add_ln628                       | add                | fabric                   | 0       |
|     sparsemux_17_3_16_1_1_U1813                                                                                                      |     |        | tmp_5                           | sparsemux          | compactencoding_dontcare | 0       |
|     sparsemux_17_3_16_1_1_U1814                                                                                                      |     |        | tmp_6                           | sparsemux          | compactencoding_dontcare | 0       |
|     sparsemux_17_3_16_1_1_U1815                                                                                                      |     |        | tmp_7                           | sparsemux          | compactencoding_dontcare | 0       |
|     sparsemux_17_3_16_1_1_U1816                                                                                                      |     |        | tmp_8                           | sparsemux          | compactencoding_dontcare | 0       |
|     sparsemux_17_3_16_1_1_U1817                                                                                                      |     |        | tmp_9                           | sparsemux          | compactencoding_dontcare | 0       |
|     sparsemux_17_3_16_1_1_U1818                                                                                                      |     |        | tmp_s                           | sparsemux          | compactencoding_dontcare | 0       |
|     sparsemux_17_3_16_1_1_U1819                                                                                                      |     |        | tmp_2                           | sparsemux          | compactencoding_dontcare | 0       |
|     sparsemux_17_3_16_1_1_U1820                                                                                                      |     |        | tmp_4                           | sparsemux          | compactencoding_dontcare | 0       |
|     sparsemux_17_3_16_1_1_U1821                                                                                                      |     |        | tmp_10                          | sparsemux          | compactencoding_dontcare | 0       |
|     sparsemux_17_3_16_1_1_U1822                                                                                                      |     |        | tmp_11                          | sparsemux          | compactencoding_dontcare | 0       |
|     sparsemux_17_3_16_1_1_U1823                                                                                                      |     |        | tmp_12                          | sparsemux          | compactencoding_dontcare | 0       |
|     sparsemux_17_3_16_1_1_U1824                                                                                                      |     |        | tmp_13                          | sparsemux          | compactencoding_dontcare | 0       |
|     sparsemux_17_3_16_1_1_U1825                                                                                                      |     |        | tmp_14                          | sparsemux          | compactencoding_dontcare | 0       |
|     sparsemux_17_3_16_1_1_U1826                                                                                                      |     |        | tmp_15                          | sparsemux          | compactencoding_dontcare | 0       |
|     sparsemux_17_3_16_1_1_U1827                                                                                                      |     |        | tmp_16                          | sparsemux          | compactencoding_dontcare | 0       |
|     sparsemux_17_3_16_1_1_U1828                                                                                                      |     |        | tmp_17                          | sparsemux          | compactencoding_dontcare | 0       |
|     sparsemux_33_4_16_1_1_U1829                                                                                                      |     |        | value                           | sparsemux          | compactencoding_dontcare | 0       |
|     partset_512ns_512ns_16ns_9ns_512_1_1_U1830                                                                                       |     |        | packed_1                        | partset            | auto                     | 0       |
|     add_ln624_fu_2332_p2                                                                                                             |     |        | add_ln624                       | add                | fabric                   | 0       |
|     icmp_ln624_1_fu_2338_p2                                                                                                          |     |        | icmp_ln624_1                    | seteq              | auto                     | 0       |
|   + gdn_bf16_top_impl_Pipeline_readback_bf16_heads_readback_bf16_rows_readback_bf16_s                                                | 0   |        |                                 |                    |                          |         |
|     icmp_ln521_fu_216_p2                                                                                                             |     |        | icmp_ln521                      | seteq              | auto                     | 0       |
|     add_ln521_1_fu_222_p2                                                                                                            |     |        | add_ln521_1                     | add                | fabric                   | 0       |
|     add_ln521_fu_231_p2                                                                                                              |     |        | add_ln521                       | add                | fabric                   | 0       |
|     icmp_ln523_fu_237_p2                                                                                                             |     |        | icmp_ln523                      | seteq              | auto                     | 0       |
|     select_ln521_fu_292_p3                                                                                                           |     |        | select_ln521                    | select             | auto_sel                 | 0       |
|     xor_ln521_fu_299_p2                                                                                                              |     |        | xor_ln521                       | xor                | auto                     | 0       |
|     icmp_ln529_fu_304_p2                                                                                                             |     |        | icmp_ln529                      | seteq              | auto                     | 0       |
|     icmp_ln525_fu_310_p2                                                                                                             |     |        | icmp_ln525                      | seteq              | auto                     | 0       |
|     and_ln521_1_fu_316_p2                                                                                                            |     |        | and_ln521_1                     | and                | auto                     | 0       |
|     select_ln521_1_fu_243_p3                                                                                                         |     |        | select_ln521_1                  | select             | auto_sel                 | 0       |
|     add_ln523_fu_322_p2                                                                                                              |     |        | add_ln523                       | add                | fabric                   | 0       |
|     empty_fu_328_p2                                                                                                                  |     |        | empty                           | or                 | auto                     | 0       |
|     block_3_mid2311_fu_333_p3                                                                                                        |     |        | block_3_mid2311                 | select             | auto_sel                 | 0       |
|     exitcond_flatten306_not_fu_341_p2                                                                                                |     |        | exitcond_flatten306_not         | xor                | auto                     | 0       |
|     not_exitcond_flatten306_mid2341_fu_347_p2                                                                                        |     |        | not_exitcond_flatten306_mid2341 | or                 | auto                     | 0       |
|     and_ln521_fu_352_p2                                                                                                              |     |        | and_ln521                       | and                | auto                     | 0       |
|     icmp_ln529_mid2317_fu_358_p2                                                                                                     |     |        | icmp_ln529_mid2317              | and                | auto                     | 0       |
|     select_ln523_fu_364_p3                                                                                                           |     |        | select_ln523                    | select             | auto_sel                 | 0       |
|     add_ln525_fu_372_p2                                                                                                              |     |        | add_ln525                       | add                | fabric                   | 0       |
|     empty_66_fu_378_p2                                                                                                               |     |        | empty_66                        | or                 | auto                     | 0       |
|     empty_67_fu_384_p2                                                                                                               |     |        | empty_67                        | or                 | auto                     | 0       |
|     lane_3_mid2_fu_389_p3                                                                                                            |     |        | lane_3_mid2                     | select             | auto_sel                 | 0       |
|     select_ln525_fu_397_p3                                                                                                           |     |        | select_ln525                    | select             | auto_sel                 | 0       |
|     first_iter_5_fu_405_p2                                                                                                           |     |        | first_iter_5                    | seteq              | auto                     | 0       |
|     add_ln527_fu_414_p2                                                                                                              |     |        | add_ln527                       | add                | fabric                   | 0       |
|     add_ln527_1_fu_431_p2                                                                                                            |     |        | add_ln527_1                     | add                | fabric                   | 0       |
|     add_ln527_2_fu_449_p2                                                                                                            |     |        | add_ln527_2                     | add                | fabric                   | 0       |
|     partselect_16ns_512ns_9ns_16_1_1_U1962                                                                                           |     |        | tmp_3                           | partselect         | auto                     | 0       |
|     add_ln529_fu_459_p2                                                                                                              |     |        | add_ln529                       | add                | fabric                   | 0       |
|     add_ln525_1_fu_465_p2                                                                                                            |     |        | add_ln525_1                     | add                | fabric                   | 0       |
|     select_ln525_1_fu_471_p3                                                                                                         |     |        | select_ln525_1                  | select             | auto_sel                 | 0       |
|     add_ln523_1_fu_251_p2                                                                                                            |     |        | add_ln523_1                     | add                | fabric                   | 0       |
|     select_ln523_1_fu_257_p3                                                                                                         |     |        | select_ln523_1                  | select             | auto_sel                 | 0       |
+--------------------------------------------------------------------------------------------------------------------------------------+-----+--------+---------------------------------+--------------------+--------------------------+---------+


================================================================
== Storage Report
================================================================
+--------------------------------------------------------------------------------------------+--------------+-----------+------+------+--------+---------------------------------------------------------------------------------------+------+---------+------------------+
| Name                                                                                       | Usage        | Type      | BRAM | URAM | Pragma | Variable                                                                              | Impl | Latency | Bitwidth, Depth, |
|                                                                                            |              |           |      |      |        |                                                                                       |      |         | Banks            |
+--------------------------------------------------------------------------------------------+--------------+-----------+------+------+--------+---------------------------------------------------------------------------------------+------+---------+------------------+
| + gdn_bf16_top                                                                             |              |           | 13   | 128  |        |                                                                                       |      |         |                  |
|   control_s_axi_U                                                                          | interface    | s_axilite |      |      |        |                                                                                       |      |         |                  |
|   control_r_s_axi_U                                                                        | interface    | s_axilite |      |      |        |                                                                                       |      |         |                  |
|   gmem0_m_axi_U                                                                            | interface    | m_axi     | 1    |      |        |                                                                                       |      |         |                  |
|   gmem1_m_axi_U                                                                            | interface    | m_axi     | 1    |      |        |                                                                                       |      |         |                  |
|   gmem2_m_axi_U                                                                            | interface    | m_axi     | 1    |      |        |                                                                                       |      |         |                  |
|   gmem3_m_axi_U                                                                            | interface    | m_axi     | 1    |      |        |                                                                                       |      |         |                  |
|   gmem4_m_axi_U                                                                            | interface    | m_axi     | 1    |      |        |                                                                                       |      |         |                  |
|   gmem5_m_axi_U                                                                            | interface    | m_axi     |      |      |        |                                                                                       |      |         |                  |
|   gmem6_m_axi_U                                                                            | interface    | m_axi     |      |      |        |                                                                                       |      |         |                  |
|   gmem7_m_axi_U                                                                            | interface    | m_axi     |      |      |        |                                                                                       |      |         |                  |
|  + gdn_bf16_top_impl                                                                       |              |           | 8    | 128  |        |                                                                                       |      |         |                  |
|    prediction_U                                                                            | ram_1p array |           |      |      |        | prediction                                                                            | auto | 1       | 32, 4, 1         |
|    prediction_1_U                                                                          | ram_1p array |           |      |      |        | prediction_1                                                                          | auto | 1       | 32, 4, 1         |
|    prediction_2_U                                                                          | ram_1p array |           |      |      |        | prediction_2                                                                          | auto | 1       | 32, 4, 1         |
|    prediction_3_U                                                                          | ram_1p array |           |      |      |        | prediction_3                                                                          | auto | 1       | 32, 4, 1         |
|    prediction_4_U                                                                          | ram_1p array |           |      |      |        | prediction_4                                                                          | auto | 1       | 32, 4, 1         |
|    prediction_5_U                                                                          | ram_1p array |           |      |      |        | prediction_5                                                                          | auto | 1       | 32, 4, 1         |
|    prediction_6_U                                                                          | ram_1p array |           |      |      |        | prediction_6                                                                          | auto | 1       | 32, 4, 1         |
|    prediction_7_U                                                                          | ram_1p array |           |      |      |        | prediction_7                                                                          | auto | 1       | 32, 4, 1         |
|    delta_U                                                                                 | ram_1p array |           |      |      |        | delta                                                                                 | auto | 1       | 32, 4, 1         |
|    delta_1_U                                                                               | ram_1p array |           |      |      |        | delta_1                                                                               | auto | 1       | 32, 4, 1         |
|    delta_2_U                                                                               | ram_1p array |           |      |      |        | delta_2                                                                               | auto | 1       | 32, 4, 1         |
|    delta_3_U                                                                               | ram_1p array |           |      |      |        | delta_3                                                                               | auto | 1       | 32, 4, 1         |
|    delta_4_U                                                                               | ram_1p array |           |      |      |        | delta_4                                                                               | auto | 1       | 32, 4, 1         |
|    delta_5_U                                                                               | ram_1p array |           |      |      |        | delta_5                                                                               | auto | 1       | 32, 4, 1         |
|    delta_6_U                                                                               | ram_1p array |           |      |      |        | delta_6                                                                               | auto | 1       | 32, 4, 1         |
|    delta_7_U                                                                               | ram_1p array |           |      |      |        | delta_7                                                                               | auto | 1       | 32, 4, 1         |
|    gdn_bf16_top_impl_unsigned_char_unsigned_short_unsigned_char_unsigned_char_ap_ui_28_U   | ram_1p       |           |      |      |        | gdn_bf16_top_impl_unsigned_char_unsigned_short_unsigned_char_unsigned_char_ap_ui_28   | auto | 1       | 64, 36, 1        |
|    gdn_bf16_top_impl_unsigned_char_unsigned_short_unsigned_char_unsigned_char_ap_ui_27_U   | ram_1p       |           |      |      |        | gdn_bf16_top_impl_unsigned_char_unsigned_short_unsigned_char_unsigned_char_ap_ui_27   | auto | 1       | 64, 36, 1        |
|    gdn_bf16_top_impl_unsigned_char_unsigned_short_unsigned_char_unsigned_char_ap_ui_26_U   | ram_1p       |           |      |      |        | gdn_bf16_top_impl_unsigned_char_unsigned_short_unsigned_char_unsigned_char_ap_ui_26   | auto | 1       | 64, 36, 1        |
|    gdn_bf16_top_impl_unsigned_char_unsigned_short_unsigned_char_unsigned_char_ap_ui_17_U   | ram_1p       |           |      |      |        | gdn_bf16_top_impl_unsigned_char_unsigned_short_unsigned_char_unsigned_char_ap_ui_17   | auto | 1       | 64, 36, 1        |
|    resident_state_U                                                                        | ram_t2p      |           |      | 128  | pragma | resident_state                                                                        | uram | 1       | 512, 589824, 1   |
|    gdn_bf16_top_impl_unsigned_char_unsigned_short_unsigned_char_unsigned_char_ap_ui_16_U   | ram_1p       |           |      |      |        | gdn_bf16_top_impl_unsigned_char_unsigned_short_unsigned_char_unsigned_char_ap_ui_16   | auto | 1       | 1, 36, 1         |
|    gdn_bf16_top_impl_unsigned_char_unsigned_short_unsigned_char_unsigned_char_ap_ui_33_U   | ram_1p       |           |      |      |        | gdn_bf16_top_impl_unsigned_char_unsigned_short_unsigned_char_unsigned_char_ap_ui_33   | auto | 1       | 1, 36, 1         |
|    gdn_bf16_top_impl_unsigned_char_unsigned_short_unsigned_char_unsigned_char_ap_ui_32_U   | ram_1p       |           |      |      |        | gdn_bf16_top_impl_unsigned_char_unsigned_short_unsigned_char_unsigned_char_ap_ui_32   | auto | 1       | 1, 36, 1         |
|    gdn_bf16_top_impl_unsigned_char_unsigned_short_unsigned_char_unsigned_char_ap_ui_31_U   | ram_1p       |           |      |      |        | gdn_bf16_top_impl_unsigned_char_unsigned_short_unsigned_char_unsigned_char_ap_ui_31   | auto | 1       | 1, 36, 1         |
|    gdn_bf16_top_impl_unsigned_char_unsigned_short_unsigned_char_unsigned_char_ap_ui_30_U   | ram_1p       |           |      |      |        | gdn_bf16_top_impl_unsigned_char_unsigned_short_unsigned_char_unsigned_char_ap_ui_30   | auto | 1       | 1, 36, 1         |
|    gdn_bf16_top_impl_unsigned_char_unsigned_short_unsigned_char_unsigned_char_ap_ui_29_U   | ram_1p       |           |      |      |        | gdn_bf16_top_impl_unsigned_char_unsigned_short_unsigned_char_unsigned_char_ap_ui_29   | auto | 1       | 1, 36, 1         |
|    q_local_U                                                                               | ram_1p       |           | 2    |      |        | q_local                                                                               | auto | 1       | 16, 2048, 1      |
|    k_local_U                                                                               | ram_1p       |           | 2    |      |        | k_local                                                                               | auto | 1       | 16, 2048, 1      |
|    alpha_local_U                                                                           | ram_1p       |           |      |      |        | alpha_local                                                                           | auto | 1       | 16, 32, 1        |
|    beta_local_U                                                                            | ram_1p       |           |      |      |        | beta_local                                                                            | auto | 1       | 16, 32, 1        |
|    v_local_U                                                                               | ram_1p       |           | 4    |      |        | v_local                                                                               | auto | 1       | 16, 4096, 1      |
|    p_ZZN8gdn_bf1617gdn_bf16_top_implEhthhPA128_K7ap_uintILi16EES4_S4_PS2_S5_PA128_S3_359_U | ram_1p       |           |      |      |        | p_ZZN8gdn_bf1617gdn_bf16_top_implEhthhPA128_K7ap_uintILi16EES4_S4_PS2_S5_PA128_S3_359 | auto | 1       | 16, 32, 1        |
|    p_ZZN8gdn_bf1617gdn_bf16_top_implEhthhPA128_K7ap_uintILi16EES4_S4_PS2_S5_PA128_S3_360_U | ram_1p       |           |      |      |        | p_ZZN8gdn_bf1617gdn_bf16_top_implEhthhPA128_K7ap_uintILi16EES4_S4_PS2_S5_PA128_S3_360 | auto | 1       | 16, 32, 1        |
|    p_ZZN8gdn_bf1617gdn_bf16_top_implEhthhPA128_K7ap_uintILi16EES4_S4_PS2_S5_PA128_S3_361_U | ram_1p       |           |      |      |        | p_ZZN8gdn_bf1617gdn_bf16_top_implEhthhPA128_K7ap_uintILi16EES4_S4_PS2_S5_PA128_S3_361 | auto | 1       | 16, 32, 1        |
|    p_ZZN8gdn_bf1617gdn_bf16_top_implEhthhPA128_K7ap_uintILi16EES4_S4_PS2_S5_PA128_S3_362_U | ram_1p       |           |      |      |        | p_ZZN8gdn_bf1617gdn_bf16_top_implEhthhPA128_K7ap_uintILi16EES4_S4_PS2_S5_PA128_S3_362 | auto | 1       | 16, 32, 1        |
|    p_ZZN8gdn_bf1617gdn_bf16_top_implEhthhPA128_K7ap_uintILi16EES4_S4_PS2_S5_PA128_S3_363_U | ram_1p       |           |      |      |        | p_ZZN8gdn_bf1617gdn_bf16_top_implEhthhPA128_K7ap_uintILi16EES4_S4_PS2_S5_PA128_S3_363 | auto | 1       | 16, 32, 1        |
|    p_ZZN8gdn_bf1617gdn_bf16_top_implEhthhPA128_K7ap_uintILi16EES4_S4_PS2_S5_PA128_S3_364_U | ram_1p       |           |      |      |        | p_ZZN8gdn_bf1617gdn_bf16_top_implEhthhPA128_K7ap_uintILi16EES4_S4_PS2_S5_PA128_S3_364 | auto | 1       | 16, 32, 1        |
|    p_ZZN8gdn_bf1617gdn_bf16_top_implEhthhPA128_K7ap_uintILi16EES4_S4_PS2_S5_PA128_S3_365_U | ram_1p       |           |      |      |        | p_ZZN8gdn_bf1617gdn_bf16_top_implEhthhPA128_K7ap_uintILi16EES4_S4_PS2_S5_PA128_S3_365 | auto | 1       | 16, 32, 1        |
|    p_ZZN8gdn_bf1617gdn_bf16_top_implEhthhPA128_K7ap_uintILi16EES4_S4_PS2_S5_PA128_S3_366_U | ram_1p       |           |      |      |        | p_ZZN8gdn_bf1617gdn_bf16_top_implEhthhPA128_K7ap_uintILi16EES4_S4_PS2_S5_PA128_S3_366 | auto | 1       | 16, 32, 1        |
|    p_ZZN8gdn_bf1617gdn_bf16_top_implEhthhPA128_K7ap_uintILi16EES4_S4_PS2_S5_PA128_S3_407_U | ram_1p       |           |      |      |        | p_ZZN8gdn_bf1617gdn_bf16_top_implEhthhPA128_K7ap_uintILi16EES4_S4_PS2_S5_PA128_S3_407 | auto | 1       | 16, 32, 1        |
|    p_ZZN8gdn_bf1617gdn_bf16_top_implEhthhPA128_K7ap_uintILi16EES4_S4_PS2_S5_PA128_S3_408_U | ram_1p       |           |      |      |        | p_ZZN8gdn_bf1617gdn_bf16_top_implEhthhPA128_K7ap_uintILi16EES4_S4_PS2_S5_PA128_S3_408 | auto | 1       | 16, 32, 1        |
|    p_ZZN8gdn_bf1617gdn_bf16_top_implEhthhPA128_K7ap_uintILi16EES4_S4_PS2_S5_PA128_S3_409_U | ram_1p       |           |      |      |        | p_ZZN8gdn_bf1617gdn_bf16_top_implEhthhPA128_K7ap_uintILi16EES4_S4_PS2_S5_PA128_S3_409 | auto | 1       | 16, 32, 1        |
|    p_ZZN8gdn_bf1617gdn_bf16_top_implEhthhPA128_K7ap_uintILi16EES4_S4_PS2_S5_PA128_S3_410_U | ram_1p       |           |      |      |        | p_ZZN8gdn_bf1617gdn_bf16_top_implEhthhPA128_K7ap_uintILi16EES4_S4_PS2_S5_PA128_S3_410 | auto | 1       | 16, 32, 1        |
|    p_ZZN8gdn_bf1617gdn_bf16_top_implEhthhPA128_K7ap_uintILi16EES4_S4_PS2_S5_PA128_S3_411_U | ram_1p       |           |      |      |        | p_ZZN8gdn_bf1617gdn_bf16_top_implEhthhPA128_K7ap_uintILi16EES4_S4_PS2_S5_PA128_S3_411 | auto | 1       | 16, 32, 1        |
|    p_ZZN8gdn_bf1617gdn_bf16_top_implEhthhPA128_K7ap_uintILi16EES4_S4_PS2_S5_PA128_S3_412_U | ram_1p       |           |      |      |        | p_ZZN8gdn_bf1617gdn_bf16_top_implEhthhPA128_K7ap_uintILi16EES4_S4_PS2_S5_PA128_S3_412 | auto | 1       | 16, 32, 1        |
|    p_ZZN8gdn_bf1617gdn_bf16_top_implEhthhPA128_K7ap_uintILi16EES4_S4_PS2_S5_PA128_S3_413_U | ram_1p       |           |      |      |        | p_ZZN8gdn_bf1617gdn_bf16_top_implEhthhPA128_K7ap_uintILi16EES4_S4_PS2_S5_PA128_S3_413 | auto | 1       | 16, 32, 1        |
|    p_ZZN8gdn_bf1617gdn_bf16_top_implEhthhPA128_K7ap_uintILi16EES4_S4_PS2_S5_PA128_S3_414_U | ram_1p       |           |      |      |        | p_ZZN8gdn_bf1617gdn_bf16_top_implEhthhPA128_K7ap_uintILi16EES4_S4_PS2_S5_PA128_S3_414 | auto | 1       | 16, 32, 1        |
|    p_ZZN8gdn_bf1617gdn_bf16_top_implEhthhPA128_K7ap_uintILi16EES4_S4_PS2_S5_PA128_S3_415_U | ram_1p       |           |      |      |        | p_ZZN8gdn_bf1617gdn_bf16_top_implEhthhPA128_K7ap_uintILi16EES4_S4_PS2_S5_PA128_S3_415 | auto | 1       | 16, 32, 1        |
|    p_ZZN8gdn_bf1617gdn_bf16_top_implEhthhPA128_K7ap_uintILi16EES4_S4_PS2_S5_PA128_S3_416_U | ram_1p       |           |      |      |        | p_ZZN8gdn_bf1617gdn_bf16_top_implEhthhPA128_K7ap_uintILi16EES4_S4_PS2_S5_PA128_S3_416 | auto | 1       | 16, 32, 1        |
|    p_ZZN8gdn_bf1617gdn_bf16_top_implEhthhPA128_K7ap_uintILi16EES4_S4_PS2_S5_PA128_S3_417_U | ram_1p       |           |      |      |        | p_ZZN8gdn_bf1617gdn_bf16_top_implEhthhPA128_K7ap_uintILi16EES4_S4_PS2_S5_PA128_S3_417 | auto | 1       | 16, 32, 1        |
|    p_ZZN8gdn_bf1617gdn_bf16_top_implEhthhPA128_K7ap_uintILi16EES4_S4_PS2_S5_PA128_S3_418_U | ram_1p       |           |      |      |        | p_ZZN8gdn_bf1617gdn_bf16_top_implEhthhPA128_K7ap_uintILi16EES4_S4_PS2_S5_PA128_S3_418 | auto | 1       | 16, 32, 1        |
|    p_ZZN8gdn_bf1617gdn_bf16_top_implEhthhPA128_K7ap_uintILi16EES4_S4_PS2_S5_PA128_S3_419_U | ram_1p       |           |      |      |        | p_ZZN8gdn_bf1617gdn_bf16_top_implEhthhPA128_K7ap_uintILi16EES4_S4_PS2_S5_PA128_S3_419 | auto | 1       | 16, 32, 1        |
|    p_ZZN8gdn_bf1617gdn_bf16_top_implEhthhPA128_K7ap_uintILi16EES4_S4_PS2_S5_PA128_S3_420_U | ram_1p       |           |      |      |        | p_ZZN8gdn_bf1617gdn_bf16_top_implEhthhPA128_K7ap_uintILi16EES4_S4_PS2_S5_PA128_S3_420 | auto | 1       | 16, 32, 1        |
|    p_ZZN8gdn_bf1617gdn_bf16_top_implEhthhPA128_K7ap_uintILi16EES4_S4_PS2_S5_PA128_S3_421_U | ram_1p       |           |      |      |        | p_ZZN8gdn_bf1617gdn_bf16_top_implEhthhPA128_K7ap_uintILi16EES4_S4_PS2_S5_PA128_S3_421 | auto | 1       | 16, 32, 1        |
|    p_ZZN8gdn_bf1617gdn_bf16_top_implEhthhPA128_K7ap_uintILi16EES4_S4_PS2_S5_PA128_S3_422_U | ram_1p       |           |      |      |        | p_ZZN8gdn_bf1617gdn_bf16_top_implEhthhPA128_K7ap_uintILi16EES4_S4_PS2_S5_PA128_S3_422 | auto | 1       | 16, 32, 1        |
|    p_ZZN8gdn_bf1617gdn_bf16_top_implEhthhPA128_K7ap_uintILi16EES4_S4_PS2_S5_PA128_S3_423_U | ram_1p       |           |      |      |        | p_ZZN8gdn_bf1617gdn_bf16_top_implEhthhPA128_K7ap_uintILi16EES4_S4_PS2_S5_PA128_S3_423 | auto | 1       | 16, 32, 1        |
|    p_ZZN8gdn_bf1617gdn_bf16_top_implEhthhPA128_K7ap_uintILi16EES4_S4_PS2_S5_PA128_S3_424_U | ram_1p       |           |      |      |        | p_ZZN8gdn_bf1617gdn_bf16_top_implEhthhPA128_K7ap_uintILi16EES4_S4_PS2_S5_PA128_S3_424 | auto | 1       | 16, 32, 1        |
|    p_ZZN8gdn_bf1617gdn_bf16_top_implEhthhPA128_K7ap_uintILi16EES4_S4_PS2_S5_PA128_S3_425_U | ram_1p       |           |      |      |        | p_ZZN8gdn_bf1617gdn_bf16_top_implEhthhPA128_K7ap_uintILi16EES4_S4_PS2_S5_PA128_S3_425 | auto | 1       | 16, 32, 1        |
|    p_ZZN8gdn_bf1617gdn_bf16_top_implEhthhPA128_K7ap_uintILi16EES4_S4_PS2_S5_PA128_S3_426_U | ram_1p       |           |      |      |        | p_ZZN8gdn_bf1617gdn_bf16_top_implEhthhPA128_K7ap_uintILi16EES4_S4_PS2_S5_PA128_S3_426 | auto | 1       | 16, 32, 1        |
|    p_ZZN8gdn_bf1617gdn_bf16_top_implEhthhPA128_K7ap_uintILi16EES4_S4_PS2_S5_PA128_S3_427_U | ram_1p       |           |      |      |        | p_ZZN8gdn_bf1617gdn_bf16_top_implEhthhPA128_K7ap_uintILi16EES4_S4_PS2_S5_PA128_S3_427 | auto | 1       | 16, 32, 1        |
|    p_ZZN8gdn_bf1617gdn_bf16_top_implEhthhPA128_K7ap_uintILi16EES4_S4_PS2_S5_PA128_S3_428_U | ram_1p       |           |      |      |        | p_ZZN8gdn_bf1617gdn_bf16_top_implEhthhPA128_K7ap_uintILi16EES4_S4_PS2_S5_PA128_S3_428 | auto | 1       | 16, 32, 1        |
|    p_ZZN8gdn_bf1617gdn_bf16_top_implEhthhPA128_K7ap_uintILi16EES4_S4_PS2_S5_PA128_S3_429_U | ram_1p       |           |      |      |        | p_ZZN8gdn_bf1617gdn_bf16_top_implEhthhPA128_K7ap_uintILi16EES4_S4_PS2_S5_PA128_S3_429 | auto | 1       | 16, 32, 1        |
|    p_ZZN8gdn_bf1617gdn_bf16_top_implEhthhPA128_K7ap_uintILi16EES4_S4_PS2_S5_PA128_S3_430_U | ram_1p       |           |      |      |        | p_ZZN8gdn_bf1617gdn_bf16_top_implEhthhPA128_K7ap_uintILi16EES4_S4_PS2_S5_PA128_S3_430 | auto | 1       | 16, 32, 1        |
|    p_ZZN8gdn_bf1617gdn_bf16_top_implEhthhPA128_K7ap_uintILi16EES4_S4_PS2_S5_PA128_S3_431_U | ram_1p       |           |      |      |        | p_ZZN8gdn_bf1617gdn_bf16_top_implEhthhPA128_K7ap_uintILi16EES4_S4_PS2_S5_PA128_S3_431 | auto | 1       | 16, 32, 1        |
|    p_ZZN8gdn_bf1617gdn_bf16_top_implEhthhPA128_K7ap_uintILi16EES4_S4_PS2_S5_PA128_S3_432_U | ram_1p       |           |      |      |        | p_ZZN8gdn_bf1617gdn_bf16_top_implEhthhPA128_K7ap_uintILi16EES4_S4_PS2_S5_PA128_S3_432 | auto | 1       | 16, 32, 1        |
|    p_ZZN8gdn_bf1617gdn_bf16_top_implEhthhPA128_K7ap_uintILi16EES4_S4_PS2_S5_PA128_S3_433_U | ram_1p       |           |      |      |        | p_ZZN8gdn_bf1617gdn_bf16_top_implEhthhPA128_K7ap_uintILi16EES4_S4_PS2_S5_PA128_S3_433 | auto | 1       | 16, 32, 1        |
|    p_ZZN8gdn_bf1617gdn_bf16_top_implEhthhPA128_K7ap_uintILi16EES4_S4_PS2_S5_PA128_S3_434_U | ram_1p       |           |      |      |        | p_ZZN8gdn_bf1617gdn_bf16_top_implEhthhPA128_K7ap_uintILi16EES4_S4_PS2_S5_PA128_S3_434 | auto | 1       | 16, 32, 1        |
|    p_ZZN8gdn_bf1617gdn_bf16_top_implEhthhPA128_K7ap_uintILi16EES4_S4_PS2_S5_PA128_S3_435_U | ram_1p       |           |      |      |        | p_ZZN8gdn_bf1617gdn_bf16_top_implEhthhPA128_K7ap_uintILi16EES4_S4_PS2_S5_PA128_S3_435 | auto | 1       | 16, 32, 1        |
|    p_ZZN8gdn_bf1617gdn_bf16_top_implEhthhPA128_K7ap_uintILi16EES4_S4_PS2_S5_PA128_S3_436_U | ram_1p       |           |      |      |        | p_ZZN8gdn_bf1617gdn_bf16_top_implEhthhPA128_K7ap_uintILi16EES4_S4_PS2_S5_PA128_S3_436 | auto | 1       | 16, 32, 1        |
|    p_ZZN8gdn_bf1617gdn_bf16_top_implEhthhPA128_K7ap_uintILi16EES4_S4_PS2_S5_PA128_S3_437_U | ram_1p       |           |      |      |        | p_ZZN8gdn_bf1617gdn_bf16_top_implEhthhPA128_K7ap_uintILi16EES4_S4_PS2_S5_PA128_S3_437 | auto | 1       | 16, 32, 1        |
|    p_ZZN8gdn_bf1617gdn_bf16_top_implEhthhPA128_K7ap_uintILi16EES4_S4_PS2_S5_PA128_S3_438_U | ram_1p       |           |      |      |        | p_ZZN8gdn_bf1617gdn_bf16_top_implEhthhPA128_K7ap_uintILi16EES4_S4_PS2_S5_PA128_S3_438 | auto | 1       | 16, 32, 1        |
|    p_ZZN8gdn_bf1617gdn_bf16_top_implEhthhPA128_K7ap_uintILi16EES4_S4_PS2_S5_PA128_S3_439_U | ram_1p       |           |      |      |        | p_ZZN8gdn_bf1617gdn_bf16_top_implEhthhPA128_K7ap_uintILi16EES4_S4_PS2_S5_PA128_S3_439 | auto | 1       | 16, 32, 1        |
|    p_ZZN8gdn_bf1617gdn_bf16_top_implEhthhPA128_K7ap_uintILi16EES4_S4_PS2_S5_PA128_S3_440_U | ram_1p       |           |      |      |        | p_ZZN8gdn_bf1617gdn_bf16_top_implEhthhPA128_K7ap_uintILi16EES4_S4_PS2_S5_PA128_S3_440 | auto | 1       | 16, 32, 1        |
|    p_ZZN8gdn_bf1617gdn_bf16_top_implEhthhPA128_K7ap_uintILi16EES4_S4_PS2_S5_PA128_S3_441_U | ram_1p       |           |      |      |        | p_ZZN8gdn_bf1617gdn_bf16_top_implEhthhPA128_K7ap_uintILi16EES4_S4_PS2_S5_PA128_S3_441 | auto | 1       | 16, 32, 1        |
|    p_ZZN8gdn_bf1617gdn_bf16_top_implEhthhPA128_K7ap_uintILi16EES4_S4_PS2_S5_PA128_S3_442_U | ram_1p       |           |      |      |        | p_ZZN8gdn_bf1617gdn_bf16_top_implEhthhPA128_K7ap_uintILi16EES4_S4_PS2_S5_PA128_S3_442 | auto | 1       | 16, 32, 1        |
|    p_ZZN8gdn_bf1617gdn_bf16_top_implEhthhPA128_K7ap_uintILi16EES4_S4_PS2_S5_PA128_S3_443_U | ram_1p       |           |      |      |        | p_ZZN8gdn_bf1617gdn_bf16_top_implEhthhPA128_K7ap_uintILi16EES4_S4_PS2_S5_PA128_S3_443 | auto | 1       | 16, 32, 1        |
|    p_ZZN8gdn_bf1617gdn_bf16_top_implEhthhPA128_K7ap_uintILi16EES4_S4_PS2_S5_PA128_S3_444_U | ram_1p       |           |      |      |        | p_ZZN8gdn_bf1617gdn_bf16_top_implEhthhPA128_K7ap_uintILi16EES4_S4_PS2_S5_PA128_S3_444 | auto | 1       | 16, 32, 1        |
|    p_ZZN8gdn_bf1617gdn_bf16_top_implEhthhPA128_K7ap_uintILi16EES4_S4_PS2_S5_PA128_S3_445_U | ram_1p       |           |      |      |        | p_ZZN8gdn_bf1617gdn_bf16_top_implEhthhPA128_K7ap_uintILi16EES4_S4_PS2_S5_PA128_S3_445 | auto | 1       | 16, 32, 1        |
|    p_ZZN8gdn_bf1617gdn_bf16_top_implEhthhPA128_K7ap_uintILi16EES4_S4_PS2_S5_PA128_S3_446_U | ram_1p       |           |      |      |        | p_ZZN8gdn_bf1617gdn_bf16_top_implEhthhPA128_K7ap_uintILi16EES4_S4_PS2_S5_PA128_S3_446 | auto | 1       | 16, 32, 1        |
|    p_ZZN8gdn_bf1617gdn_bf16_top_implEhthhPA128_K7ap_uintILi16EES4_S4_PS2_S5_PA128_S3_447_U | ram_1p       |           |      |      |        | p_ZZN8gdn_bf1617gdn_bf16_top_implEhthhPA128_K7ap_uintILi16EES4_S4_PS2_S5_PA128_S3_447 | auto | 1       | 16, 32, 1        |
|    p_ZZN8gdn_bf1617gdn_bf16_top_implEhthhPA128_K7ap_uintILi16EES4_S4_PS2_S5_PA128_S3_448_U | ram_1p       |           |      |      |        | p_ZZN8gdn_bf1617gdn_bf16_top_implEhthhPA128_K7ap_uintILi16EES4_S4_PS2_S5_PA128_S3_448 | auto | 1       | 16, 32, 1        |
|    p_ZZN8gdn_bf1617gdn_bf16_top_implEhthhPA128_K7ap_uintILi16EES4_S4_PS2_S5_PA128_S3_449_U | ram_1p       |           |      |      |        | p_ZZN8gdn_bf1617gdn_bf16_top_implEhthhPA128_K7ap_uintILi16EES4_S4_PS2_S5_PA128_S3_449 | auto | 1       | 16, 32, 1        |
|    p_ZZN8gdn_bf1617gdn_bf16_top_implEhthhPA128_K7ap_uintILi16EES4_S4_PS2_S5_PA128_S3_450_U | ram_1p       |           |      |      |        | p_ZZN8gdn_bf1617gdn_bf16_top_implEhthhPA128_K7ap_uintILi16EES4_S4_PS2_S5_PA128_S3_450 | auto | 1       | 16, 32, 1        |
|    p_ZZN8gdn_bf1617gdn_bf16_top_implEhthhPA128_K7ap_uintILi16EES4_S4_PS2_S5_PA128_S3_451_U | ram_1p       |           |      |      |        | p_ZZN8gdn_bf1617gdn_bf16_top_implEhthhPA128_K7ap_uintILi16EES4_S4_PS2_S5_PA128_S3_451 | auto | 1       | 16, 32, 1        |
|    p_ZZN8gdn_bf1617gdn_bf16_top_implEhthhPA128_K7ap_uintILi16EES4_S4_PS2_S5_PA128_S3_452_U | ram_1p       |           |      |      |        | p_ZZN8gdn_bf1617gdn_bf16_top_implEhthhPA128_K7ap_uintILi16EES4_S4_PS2_S5_PA128_S3_452 | auto | 1       | 16, 32, 1        |
|    p_ZZN8gdn_bf1617gdn_bf16_top_implEhthhPA128_K7ap_uintILi16EES4_S4_PS2_S5_PA128_S3_453_U | ram_1p       |           |      |      |        | p_ZZN8gdn_bf1617gdn_bf16_top_implEhthhPA128_K7ap_uintILi16EES4_S4_PS2_S5_PA128_S3_453 | auto | 1       | 16, 32, 1        |
|    p_ZZN8gdn_bf1617gdn_bf16_top_implEhthhPA128_K7ap_uintILi16EES4_S4_PS2_S5_PA128_S3_454_U | ram_1p       |           |      |      |        | p_ZZN8gdn_bf1617gdn_bf16_top_implEhthhPA128_K7ap_uintILi16EES4_S4_PS2_S5_PA128_S3_454 | auto | 1       | 16, 32, 1        |
|    p_ZZN8gdn_bf1617gdn_bf16_top_implEhthhPA128_K7ap_uintILi16EES4_S4_PS2_S5_PA128_S3_455_U | ram_1p       |           |      |      |        | p_ZZN8gdn_bf1617gdn_bf16_top_implEhthhPA128_K7ap_uintILi16EES4_S4_PS2_S5_PA128_S3_455 | auto | 1       | 16, 32, 1        |
|    p_ZZN8gdn_bf1617gdn_bf16_top_implEhthhPA128_K7ap_uintILi16EES4_S4_PS2_S5_PA128_S3_456_U | ram_1p       |           |      |      |        | p_ZZN8gdn_bf1617gdn_bf16_top_implEhthhPA128_K7ap_uintILi16EES4_S4_PS2_S5_PA128_S3_456 | auto | 1       | 16, 32, 1        |
|    p_ZZN8gdn_bf1617gdn_bf16_top_implEhthhPA128_K7ap_uintILi16EES4_S4_PS2_S5_PA128_S3_457_U | ram_1p       |           |      |      |        | p_ZZN8gdn_bf1617gdn_bf16_top_implEhthhPA128_K7ap_uintILi16EES4_S4_PS2_S5_PA128_S3_457 | auto | 1       | 16, 32, 1        |
|    p_ZZN8gdn_bf1617gdn_bf16_top_implEhthhPA128_K7ap_uintILi16EES4_S4_PS2_S5_PA128_S3_458_U | ram_1p       |           |      |      |        | p_ZZN8gdn_bf1617gdn_bf16_top_implEhthhPA128_K7ap_uintILi16EES4_S4_PS2_S5_PA128_S3_458 | auto | 1       | 16, 32, 1        |
|    p_ZZN8gdn_bf1617gdn_bf16_top_implEhthhPA128_K7ap_uintILi16EES4_S4_PS2_S5_PA128_S3_459_U | ram_1p       |           |      |      |        | p_ZZN8gdn_bf1617gdn_bf16_top_implEhthhPA128_K7ap_uintILi16EES4_S4_PS2_S5_PA128_S3_459 | auto | 1       | 16, 32, 1        |
|    p_ZZN8gdn_bf1617gdn_bf16_top_implEhthhPA128_K7ap_uintILi16EES4_S4_PS2_S5_PA128_S3_460_U | ram_1p       |           |      |      |        | p_ZZN8gdn_bf1617gdn_bf16_top_implEhthhPA128_K7ap_uintILi16EES4_S4_PS2_S5_PA128_S3_460 | auto | 1       | 16, 32, 1        |
|    p_ZZN8gdn_bf1617gdn_bf16_top_implEhthhPA128_K7ap_uintILi16EES4_S4_PS2_S5_PA128_S3_461_U | ram_1p       |           |      |      |        | p_ZZN8gdn_bf1617gdn_bf16_top_implEhthhPA128_K7ap_uintILi16EES4_S4_PS2_S5_PA128_S3_461 | auto | 1       | 16, 32, 1        |
|    p_ZZN8gdn_bf1617gdn_bf16_top_implEhthhPA128_K7ap_uintILi16EES4_S4_PS2_S5_PA128_S3_462_U | ram_1p       |           |      |      |        | p_ZZN8gdn_bf1617gdn_bf16_top_implEhthhPA128_K7ap_uintILi16EES4_S4_PS2_S5_PA128_S3_462 | auto | 1       | 16, 32, 1        |
|    p_ZZN8gdn_bf1617gdn_bf16_top_implEhthhPA128_K7ap_uintILi16EES4_S4_PS2_S5_PA128_S3_463_U | ram_1p       |           |      |      |        | p_ZZN8gdn_bf1617gdn_bf16_top_implEhthhPA128_K7ap_uintILi16EES4_S4_PS2_S5_PA128_S3_463 | auto | 1       | 16, 32, 1        |
|    p_ZZN8gdn_bf1617gdn_bf16_top_implEhthhPA128_K7ap_uintILi16EES4_S4_PS2_S5_PA128_S3_464_U | ram_1p       |           |      |      |        | p_ZZN8gdn_bf1617gdn_bf16_top_implEhthhPA128_K7ap_uintILi16EES4_S4_PS2_S5_PA128_S3_464 | auto | 1       | 16, 32, 1        |
|    p_ZZN8gdn_bf1617gdn_bf16_top_implEhthhPA128_K7ap_uintILi16EES4_S4_PS2_S5_PA128_S3_465_U | ram_1p       |           |      |      |        | p_ZZN8gdn_bf1617gdn_bf16_top_implEhthhPA128_K7ap_uintILi16EES4_S4_PS2_S5_PA128_S3_465 | auto | 1       | 16, 32, 1        |
|    p_ZZN8gdn_bf1617gdn_bf16_top_implEhthhPA128_K7ap_uintILi16EES4_S4_PS2_S5_PA128_S3_466_U | ram_1p       |           |      |      |        | p_ZZN8gdn_bf1617gdn_bf16_top_implEhthhPA128_K7ap_uintILi16EES4_S4_PS2_S5_PA128_S3_466 | auto | 1       | 16, 32, 1        |
|    p_ZZN8gdn_bf1617gdn_bf16_top_implEhthhPA128_K7ap_uintILi16EES4_S4_PS2_S5_PA128_S3_467_U | ram_1p       |           |      |      |        | p_ZZN8gdn_bf1617gdn_bf16_top_implEhthhPA128_K7ap_uintILi16EES4_S4_PS2_S5_PA128_S3_467 | auto | 1       | 16, 32, 1        |
|    p_ZZN8gdn_bf1617gdn_bf16_top_implEhthhPA128_K7ap_uintILi16EES4_S4_PS2_S5_PA128_S3_468_U | ram_1p       |           |      |      |        | p_ZZN8gdn_bf1617gdn_bf16_top_implEhthhPA128_K7ap_uintILi16EES4_S4_PS2_S5_PA128_S3_468 | auto | 1       | 16, 32, 1        |
|    p_ZZN8gdn_bf1617gdn_bf16_top_implEhthhPA128_K7ap_uintILi16EES4_S4_PS2_S5_PA128_S3_469_U | ram_1p       |           |      |      |        | p_ZZN8gdn_bf1617gdn_bf16_top_implEhthhPA128_K7ap_uintILi16EES4_S4_PS2_S5_PA128_S3_469 | auto | 1       | 16, 32, 1        |
|    p_ZZN8gdn_bf1617gdn_bf16_top_implEhthhPA128_K7ap_uintILi16EES4_S4_PS2_S5_PA128_S3_470_U | ram_1p       |           |      |      |        | p_ZZN8gdn_bf1617gdn_bf16_top_implEhthhPA128_K7ap_uintILi16EES4_S4_PS2_S5_PA128_S3_470 | auto | 1       | 16, 32, 1        |
|    p_ZZN8gdn_bf1617gdn_bf16_top_implEhthhPA128_K7ap_uintILi16EES4_S4_PS2_S5_PA128_S3_471_U | ram_1p       |           |      |      |        | p_ZZN8gdn_bf1617gdn_bf16_top_implEhthhPA128_K7ap_uintILi16EES4_S4_PS2_S5_PA128_S3_471 | auto | 1       | 16, 32, 1        |
|    p_ZZN8gdn_bf1617gdn_bf16_top_implEhthhPA128_K7ap_uintILi16EES4_S4_PS2_S5_PA128_S3_472_U | ram_1p       |           |      |      |        | p_ZZN8gdn_bf1617gdn_bf16_top_implEhthhPA128_K7ap_uintILi16EES4_S4_PS2_S5_PA128_S3_472 | auto | 1       | 16, 32, 1        |
|    p_ZZN8gdn_bf1617gdn_bf16_top_implEhthhPA128_K7ap_uintILi16EES4_S4_PS2_S5_PA128_S3_473_U | ram_1p       |           |      |      |        | p_ZZN8gdn_bf1617gdn_bf16_top_implEhthhPA128_K7ap_uintILi16EES4_S4_PS2_S5_PA128_S3_473 | auto | 1       | 16, 32, 1        |
|    p_ZZN8gdn_bf1617gdn_bf16_top_implEhthhPA128_K7ap_uintILi16EES4_S4_PS2_S5_PA128_S3_474_U | ram_1p       |           |      |      |        | p_ZZN8gdn_bf1617gdn_bf16_top_implEhthhPA128_K7ap_uintILi16EES4_S4_PS2_S5_PA128_S3_474 | auto | 1       | 16, 32, 1        |
|    p_ZZN8gdn_bf1617gdn_bf16_top_implEhthhPA128_K7ap_uintILi16EES4_S4_PS2_S5_PA128_S3_475_U | ram_1p       |           |      |      |        | p_ZZN8gdn_bf1617gdn_bf16_top_implEhthhPA128_K7ap_uintILi16EES4_S4_PS2_S5_PA128_S3_475 | auto | 1       | 16, 32, 1        |
|    p_ZZN8gdn_bf1617gdn_bf16_top_implEhthhPA128_K7ap_uintILi16EES4_S4_PS2_S5_PA128_S3_476_U | ram_1p       |           |      |      |        | p_ZZN8gdn_bf1617gdn_bf16_top_implEhthhPA128_K7ap_uintILi16EES4_S4_PS2_S5_PA128_S3_476 | auto | 1       | 16, 32, 1        |
|    p_ZZN8gdn_bf1617gdn_bf16_top_implEhthhPA128_K7ap_uintILi16EES4_S4_PS2_S5_PA128_S3_477_U | ram_1p       |           |      |      |        | p_ZZN8gdn_bf1617gdn_bf16_top_implEhthhPA128_K7ap_uintILi16EES4_S4_PS2_S5_PA128_S3_477 | auto | 1       | 16, 32, 1        |
|    p_ZZN8gdn_bf1617gdn_bf16_top_implEhthhPA128_K7ap_uintILi16EES4_S4_PS2_S5_PA128_S3_478_U | ram_1p       |           |      |      |        | p_ZZN8gdn_bf1617gdn_bf16_top_implEhthhPA128_K7ap_uintILi16EES4_S4_PS2_S5_PA128_S3_478 | auto | 1       | 16, 32, 1        |
|    p_ZZN8gdn_bf1617gdn_bf16_top_implEhthhPA128_K7ap_uintILi16EES4_S4_PS2_S5_PA128_S3_367_U | ram_1p       |           |      |      |        | p_ZZN8gdn_bf1617gdn_bf16_top_implEhthhPA128_K7ap_uintILi16EES4_S4_PS2_S5_PA128_S3_367 | auto | 1       | 16, 32, 1        |
|    p_ZZN8gdn_bf1617gdn_bf16_top_implEhthhPA128_K7ap_uintILi16EES4_S4_PS2_S5_PA128_S3_368_U | ram_1p       |           |      |      |        | p_ZZN8gdn_bf1617gdn_bf16_top_implEhthhPA128_K7ap_uintILi16EES4_S4_PS2_S5_PA128_S3_368 | auto | 1       | 16, 32, 1        |
|    p_ZZN8gdn_bf1617gdn_bf16_top_implEhthhPA128_K7ap_uintILi16EES4_S4_PS2_S5_PA128_S3_369_U | ram_1p       |           |      |      |        | p_ZZN8gdn_bf1617gdn_bf16_top_implEhthhPA128_K7ap_uintILi16EES4_S4_PS2_S5_PA128_S3_369 | auto | 1       | 16, 32, 1        |
|    p_ZZN8gdn_bf1617gdn_bf16_top_implEhthhPA128_K7ap_uintILi16EES4_S4_PS2_S5_PA128_S3_370_U | ram_1p       |           |      |      |        | p_ZZN8gdn_bf1617gdn_bf16_top_implEhthhPA128_K7ap_uintILi16EES4_S4_PS2_S5_PA128_S3_370 | auto | 1       | 16, 32, 1        |
|    p_ZZN8gdn_bf1617gdn_bf16_top_implEhthhPA128_K7ap_uintILi16EES4_S4_PS2_S5_PA128_S3_371_U | ram_1p       |           |      |      |        | p_ZZN8gdn_bf1617gdn_bf16_top_implEhthhPA128_K7ap_uintILi16EES4_S4_PS2_S5_PA128_S3_371 | auto | 1       | 16, 32, 1        |
|    p_ZZN8gdn_bf1617gdn_bf16_top_implEhthhPA128_K7ap_uintILi16EES4_S4_PS2_S5_PA128_S3_372_U | ram_1p       |           |      |      |        | p_ZZN8gdn_bf1617gdn_bf16_top_implEhthhPA128_K7ap_uintILi16EES4_S4_PS2_S5_PA128_S3_372 | auto | 1       | 16, 32, 1        |
|    p_ZZN8gdn_bf1617gdn_bf16_top_implEhthhPA128_K7ap_uintILi16EES4_S4_PS2_S5_PA128_S3_373_U | ram_1p       |           |      |      |        | p_ZZN8gdn_bf1617gdn_bf16_top_implEhthhPA128_K7ap_uintILi16EES4_S4_PS2_S5_PA128_S3_373 | auto | 1       | 16, 32, 1        |
|    p_ZZN8gdn_bf1617gdn_bf16_top_implEhthhPA128_K7ap_uintILi16EES4_S4_PS2_S5_PA128_S3_374_U | ram_1p       |           |      |      |        | p_ZZN8gdn_bf1617gdn_bf16_top_implEhthhPA128_K7ap_uintILi16EES4_S4_PS2_S5_PA128_S3_374 | auto | 1       | 16, 32, 1        |
|    p_ZZN8gdn_bf1617gdn_bf16_top_implEhthhPA128_K7ap_uintILi16EES4_S4_PS2_S5_PA128_S3_375_U | ram_1p       |           |      |      |        | p_ZZN8gdn_bf1617gdn_bf16_top_implEhthhPA128_K7ap_uintILi16EES4_S4_PS2_S5_PA128_S3_375 | auto | 1       | 16, 32, 1        |
|    p_ZZN8gdn_bf1617gdn_bf16_top_implEhthhPA128_K7ap_uintILi16EES4_S4_PS2_S5_PA128_S3_376_U | ram_1p       |           |      |      |        | p_ZZN8gdn_bf1617gdn_bf16_top_implEhthhPA128_K7ap_uintILi16EES4_S4_PS2_S5_PA128_S3_376 | auto | 1       | 16, 32, 1        |
|    p_ZZN8gdn_bf1617gdn_bf16_top_implEhthhPA128_K7ap_uintILi16EES4_S4_PS2_S5_PA128_S3_377_U | ram_1p       |           |      |      |        | p_ZZN8gdn_bf1617gdn_bf16_top_implEhthhPA128_K7ap_uintILi16EES4_S4_PS2_S5_PA128_S3_377 | auto | 1       | 16, 32, 1        |
|    p_ZZN8gdn_bf1617gdn_bf16_top_implEhthhPA128_K7ap_uintILi16EES4_S4_PS2_S5_PA128_S3_378_U | ram_1p       |           |      |      |        | p_ZZN8gdn_bf1617gdn_bf16_top_implEhthhPA128_K7ap_uintILi16EES4_S4_PS2_S5_PA128_S3_378 | auto | 1       | 16, 32, 1        |
|    p_ZZN8gdn_bf1617gdn_bf16_top_implEhthhPA128_K7ap_uintILi16EES4_S4_PS2_S5_PA128_S3_379_U | ram_1p       |           |      |      |        | p_ZZN8gdn_bf1617gdn_bf16_top_implEhthhPA128_K7ap_uintILi16EES4_S4_PS2_S5_PA128_S3_379 | auto | 1       | 16, 32, 1        |
|    p_ZZN8gdn_bf1617gdn_bf16_top_implEhthhPA128_K7ap_uintILi16EES4_S4_PS2_S5_PA128_S3_380_U | ram_1p       |           |      |      |        | p_ZZN8gdn_bf1617gdn_bf16_top_implEhthhPA128_K7ap_uintILi16EES4_S4_PS2_S5_PA128_S3_380 | auto | 1       | 16, 32, 1        |
|    p_ZZN8gdn_bf1617gdn_bf16_top_implEhthhPA128_K7ap_uintILi16EES4_S4_PS2_S5_PA128_S3_381_U | ram_1p       |           |      |      |        | p_ZZN8gdn_bf1617gdn_bf16_top_implEhthhPA128_K7ap_uintILi16EES4_S4_PS2_S5_PA128_S3_381 | auto | 1       | 16, 32, 1        |
|    p_ZZN8gdn_bf1617gdn_bf16_top_implEhthhPA128_K7ap_uintILi16EES4_S4_PS2_S5_PA128_S3_382_U | ram_1p       |           |      |      |        | p_ZZN8gdn_bf1617gdn_bf16_top_implEhthhPA128_K7ap_uintILi16EES4_S4_PS2_S5_PA128_S3_382 | auto | 1       | 16, 32, 1        |
|    gdn_bf16_top_impl_unsigned_char_unsigned_short_unsigned_char_unsigned_char_ap_ui_15_U   | ram_1p       |           |      |      |        | gdn_bf16_top_impl_unsigned_char_unsigned_short_unsigned_char_unsigned_char_ap_ui_15   | auto | 1       | 16, 32, 1        |
|    gdn_bf16_top_impl_unsigned_char_unsigned_short_unsigned_char_unsigned_char_ap_ui_14_U   | ram_1p       |           |      |      |        | gdn_bf16_top_impl_unsigned_char_unsigned_short_unsigned_char_unsigned_char_ap_ui_14   | auto | 1       | 16, 32, 1        |
|    gdn_bf16_top_impl_unsigned_char_unsigned_short_unsigned_char_unsigned_char_ap_ui_13_U   | ram_1p       |           |      |      |        | gdn_bf16_top_impl_unsigned_char_unsigned_short_unsigned_char_unsigned_char_ap_ui_13   | auto | 1       | 16, 32, 1        |
|    gdn_bf16_top_impl_unsigned_char_unsigned_short_unsigned_char_unsigned_char_ap_ui_12_U   | ram_1p       |           |      |      |        | gdn_bf16_top_impl_unsigned_char_unsigned_short_unsigned_char_unsigned_char_ap_ui_12   | auto | 1       | 16, 32, 1        |
|    gdn_bf16_top_impl_unsigned_char_unsigned_short_unsigned_char_unsigned_char_ap_ui_11_U   | ram_1p       |           |      |      |        | gdn_bf16_top_impl_unsigned_char_unsigned_short_unsigned_char_unsigned_char_ap_ui_11   | auto | 1       | 16, 32, 1        |
|    gdn_bf16_top_impl_unsigned_char_unsigned_short_unsigned_char_unsigned_char_ap_ui_10_U   | ram_1p       |           |      |      |        | gdn_bf16_top_impl_unsigned_char_unsigned_short_unsigned_char_unsigned_char_ap_ui_10   | auto | 1       | 16, 32, 1        |
|    gdn_bf16_top_impl_unsigned_char_unsigned_short_unsigned_char_unsigned_char_ap_ui_9_U    | ram_1p       |           |      |      |        | gdn_bf16_top_impl_unsigned_char_unsigned_short_unsigned_char_unsigned_char_ap_ui_9    | auto | 1       | 16, 32, 1        |
|    gdn_bf16_top_impl_unsigned_char_unsigned_short_unsigned_char_unsigned_char_ap_ui_8_U    | ram_1p       |           |      |      |        | gdn_bf16_top_impl_unsigned_char_unsigned_short_unsigned_char_unsigned_char_ap_ui_8    | auto | 1       | 16, 32, 1        |
|    p_ZZN8gdn_bf1617gdn_bf16_top_implEhthhPA128_K7ap_uintILi16EES4_S4_PS2_S5_PA128_S3_383_U | ram_1p       |           |      |      |        | p_ZZN8gdn_bf1617gdn_bf16_top_implEhthhPA128_K7ap_uintILi16EES4_S4_PS2_S5_PA128_S3_383 | auto | 1       | 16, 32, 1        |
|    p_ZZN8gdn_bf1617gdn_bf16_top_implEhthhPA128_K7ap_uintILi16EES4_S4_PS2_S5_PA128_S3_384_U | ram_1p       |           |      |      |        | p_ZZN8gdn_bf1617gdn_bf16_top_implEhthhPA128_K7ap_uintILi16EES4_S4_PS2_S5_PA128_S3_384 | auto | 1       | 16, 32, 1        |
|    p_ZZN8gdn_bf1617gdn_bf16_top_implEhthhPA128_K7ap_uintILi16EES4_S4_PS2_S5_PA128_S3_385_U | ram_1p       |           |      |      |        | p_ZZN8gdn_bf1617gdn_bf16_top_implEhthhPA128_K7ap_uintILi16EES4_S4_PS2_S5_PA128_S3_385 | auto | 1       | 16, 32, 1        |
|    p_ZZN8gdn_bf1617gdn_bf16_top_implEhthhPA128_K7ap_uintILi16EES4_S4_PS2_S5_PA128_S3_386_U | ram_1p       |           |      |      |        | p_ZZN8gdn_bf1617gdn_bf16_top_implEhthhPA128_K7ap_uintILi16EES4_S4_PS2_S5_PA128_S3_386 | auto | 1       | 16, 32, 1        |
|    p_ZZN8gdn_bf1617gdn_bf16_top_implEhthhPA128_K7ap_uintILi16EES4_S4_PS2_S5_PA128_S3_387_U | ram_1p       |           |      |      |        | p_ZZN8gdn_bf1617gdn_bf16_top_implEhthhPA128_K7ap_uintILi16EES4_S4_PS2_S5_PA128_S3_387 | auto | 1       | 16, 32, 1        |
|    p_ZZN8gdn_bf1617gdn_bf16_top_implEhthhPA128_K7ap_uintILi16EES4_S4_PS2_S5_PA128_S3_388_U | ram_1p       |           |      |      |        | p_ZZN8gdn_bf1617gdn_bf16_top_implEhthhPA128_K7ap_uintILi16EES4_S4_PS2_S5_PA128_S3_388 | auto | 1       | 16, 32, 1        |
|    p_ZZN8gdn_bf1617gdn_bf16_top_implEhthhPA128_K7ap_uintILi16EES4_S4_PS2_S5_PA128_S3_389_U | ram_1p       |           |      |      |        | p_ZZN8gdn_bf1617gdn_bf16_top_implEhthhPA128_K7ap_uintILi16EES4_S4_PS2_S5_PA128_S3_389 | auto | 1       | 16, 32, 1        |
|    p_ZZN8gdn_bf1617gdn_bf16_top_implEhthhPA128_K7ap_uintILi16EES4_S4_PS2_S5_PA128_S3_390_U | ram_1p       |           |      |      |        | p_ZZN8gdn_bf1617gdn_bf16_top_implEhthhPA128_K7ap_uintILi16EES4_S4_PS2_S5_PA128_S3_390 | auto | 1       | 16, 32, 1        |
|    p_ZZN8gdn_bf1617gdn_bf16_top_implEhthhPA128_K7ap_uintILi16EES4_S4_PS2_S5_PA128_S3_391_U | ram_1p       |           |      |      |        | p_ZZN8gdn_bf1617gdn_bf16_top_implEhthhPA128_K7ap_uintILi16EES4_S4_PS2_S5_PA128_S3_391 | auto | 1       | 16, 32, 1        |
|    p_ZZN8gdn_bf1617gdn_bf16_top_implEhthhPA128_K7ap_uintILi16EES4_S4_PS2_S5_PA128_S3_392_U | ram_1p       |           |      |      |        | p_ZZN8gdn_bf1617gdn_bf16_top_implEhthhPA128_K7ap_uintILi16EES4_S4_PS2_S5_PA128_S3_392 | auto | 1       | 16, 32, 1        |
|    p_ZZN8gdn_bf1617gdn_bf16_top_implEhthhPA128_K7ap_uintILi16EES4_S4_PS2_S5_PA128_S3_393_U | ram_1p       |           |      |      |        | p_ZZN8gdn_bf1617gdn_bf16_top_implEhthhPA128_K7ap_uintILi16EES4_S4_PS2_S5_PA128_S3_393 | auto | 1       | 16, 32, 1        |
|    p_ZZN8gdn_bf1617gdn_bf16_top_implEhthhPA128_K7ap_uintILi16EES4_S4_PS2_S5_PA128_S3_394_U | ram_1p       |           |      |      |        | p_ZZN8gdn_bf1617gdn_bf16_top_implEhthhPA128_K7ap_uintILi16EES4_S4_PS2_S5_PA128_S3_394 | auto | 1       | 16, 32, 1        |
|    p_ZZN8gdn_bf1617gdn_bf16_top_implEhthhPA128_K7ap_uintILi16EES4_S4_PS2_S5_PA128_S3_395_U | ram_1p       |           |      |      |        | p_ZZN8gdn_bf1617gdn_bf16_top_implEhthhPA128_K7ap_uintILi16EES4_S4_PS2_S5_PA128_S3_395 | auto | 1       | 16, 32, 1        |
|    p_ZZN8gdn_bf1617gdn_bf16_top_implEhthhPA128_K7ap_uintILi16EES4_S4_PS2_S5_PA128_S3_396_U | ram_1p       |           |      |      |        | p_ZZN8gdn_bf1617gdn_bf16_top_implEhthhPA128_K7ap_uintILi16EES4_S4_PS2_S5_PA128_S3_396 | auto | 1       | 16, 32, 1        |
|    p_ZZN8gdn_bf1617gdn_bf16_top_implEhthhPA128_K7ap_uintILi16EES4_S4_PS2_S5_PA128_S3_397_U | ram_1p       |           |      |      |        | p_ZZN8gdn_bf1617gdn_bf16_top_implEhthhPA128_K7ap_uintILi16EES4_S4_PS2_S5_PA128_S3_397 | auto | 1       | 16, 32, 1        |
|    p_ZZN8gdn_bf1617gdn_bf16_top_implEhthhPA128_K7ap_uintILi16EES4_S4_PS2_S5_PA128_S3_398_U | ram_1p       |           |      |      |        | p_ZZN8gdn_bf1617gdn_bf16_top_implEhthhPA128_K7ap_uintILi16EES4_S4_PS2_S5_PA128_S3_398 | auto | 1       | 16, 32, 1        |
|    p_ZZN8gdn_bf1617gdn_bf16_top_implEhthhPA128_K7ap_uintILi16EES4_S4_PS2_S5_PA128_S3_399_U | ram_1p       |           |      |      |        | p_ZZN8gdn_bf1617gdn_bf16_top_implEhthhPA128_K7ap_uintILi16EES4_S4_PS2_S5_PA128_S3_399 | auto | 1       | 16, 32, 1        |
|    p_ZZN8gdn_bf1617gdn_bf16_top_implEhthhPA128_K7ap_uintILi16EES4_S4_PS2_S5_PA128_S3_400_U | ram_1p       |           |      |      |        | p_ZZN8gdn_bf1617gdn_bf16_top_implEhthhPA128_K7ap_uintILi16EES4_S4_PS2_S5_PA128_S3_400 | auto | 1       | 16, 32, 1        |
|    p_ZZN8gdn_bf1617gdn_bf16_top_implEhthhPA128_K7ap_uintILi16EES4_S4_PS2_S5_PA128_S3_401_U | ram_1p       |           |      |      |        | p_ZZN8gdn_bf1617gdn_bf16_top_implEhthhPA128_K7ap_uintILi16EES4_S4_PS2_S5_PA128_S3_401 | auto | 1       | 16, 32, 1        |
|    p_ZZN8gdn_bf1617gdn_bf16_top_implEhthhPA128_K7ap_uintILi16EES4_S4_PS2_S5_PA128_S3_402_U | ram_1p       |           |      |      |        | p_ZZN8gdn_bf1617gdn_bf16_top_implEhthhPA128_K7ap_uintILi16EES4_S4_PS2_S5_PA128_S3_402 | auto | 1       | 16, 32, 1        |
|    p_ZZN8gdn_bf1617gdn_bf16_top_implEhthhPA128_K7ap_uintILi16EES4_S4_PS2_S5_PA128_S3_403_U | ram_1p       |           |      |      |        | p_ZZN8gdn_bf1617gdn_bf16_top_implEhthhPA128_K7ap_uintILi16EES4_S4_PS2_S5_PA128_S3_403 | auto | 1       | 16, 32, 1        |
|    p_ZZN8gdn_bf1617gdn_bf16_top_implEhthhPA128_K7ap_uintILi16EES4_S4_PS2_S5_PA128_S3_404_U | ram_1p       |           |      |      |        | p_ZZN8gdn_bf1617gdn_bf16_top_implEhthhPA128_K7ap_uintILi16EES4_S4_PS2_S5_PA128_S3_404 | auto | 1       | 16, 32, 1        |
|    p_ZZN8gdn_bf1617gdn_bf16_top_implEhthhPA128_K7ap_uintILi16EES4_S4_PS2_S5_PA128_S3_405_U | ram_1p       |           |      |      |        | p_ZZN8gdn_bf1617gdn_bf16_top_implEhthhPA128_K7ap_uintILi16EES4_S4_PS2_S5_PA128_S3_405 | auto | 1       | 16, 32, 1        |
|    p_ZZN8gdn_bf1617gdn_bf16_top_implEhthhPA128_K7ap_uintILi16EES4_S4_PS2_S5_PA128_S3_406_U | ram_1p       |           |      |      |        | p_ZZN8gdn_bf1617gdn_bf16_top_implEhthhPA128_K7ap_uintILi16EES4_S4_PS2_S5_PA128_S3_406 | auto | 1       | 16, 32, 1        |
|    p_ZZN8gdn_bf1617gdn_bf16_top_implEhthhPA128_K7ap_uintILi16EES4_S4_PS2_S5_PA128_S3_479_U | ram_1p       |           |      |      |        | p_ZZN8gdn_bf1617gdn_bf16_top_implEhthhPA128_K7ap_uintILi16EES4_S4_PS2_S5_PA128_S3_479 | auto | 1       | 32, 32, 1        |
|    p_ZZN8gdn_bf1617gdn_bf16_top_implEhthhPA128_K7ap_uintILi16EES4_S4_PS2_S5_PA128_S3_480_U | ram_1p       |           |      |      |        | p_ZZN8gdn_bf1617gdn_bf16_top_implEhthhPA128_K7ap_uintILi16EES4_S4_PS2_S5_PA128_S3_480 | auto | 1       | 32, 32, 1        |
|    p_ZZN8gdn_bf1617gdn_bf16_top_implEhthhPA128_K7ap_uintILi16EES4_S4_PS2_S5_PA128_S3_481_U | ram_1p       |           |      |      |        | p_ZZN8gdn_bf1617gdn_bf16_top_implEhthhPA128_K7ap_uintILi16EES4_S4_PS2_S5_PA128_S3_481 | auto | 1       | 32, 32, 1        |
|    p_ZZN8gdn_bf1617gdn_bf16_top_implEhthhPA128_K7ap_uintILi16EES4_S4_PS2_S5_PA128_S3_482_U | ram_1p       |           |      |      |        | p_ZZN8gdn_bf1617gdn_bf16_top_implEhthhPA128_K7ap_uintILi16EES4_S4_PS2_S5_PA128_S3_482 | auto | 1       | 32, 32, 1        |
|    p_ZZN8gdn_bf1617gdn_bf16_top_implEhthhPA128_K7ap_uintILi16EES4_S4_PS2_S5_PA128_S3_483_U | ram_1p       |           |      |      |        | p_ZZN8gdn_bf1617gdn_bf16_top_implEhthhPA128_K7ap_uintILi16EES4_S4_PS2_S5_PA128_S3_483 | auto | 1       | 32, 32, 1        |
|    p_ZZN8gdn_bf1617gdn_bf16_top_implEhthhPA128_K7ap_uintILi16EES4_S4_PS2_S5_PA128_S3_484_U | ram_1p       |           |      |      |        | p_ZZN8gdn_bf1617gdn_bf16_top_implEhthhPA128_K7ap_uintILi16EES4_S4_PS2_S5_PA128_S3_484 | auto | 1       | 32, 32, 1        |
|    p_ZZN8gdn_bf1617gdn_bf16_top_implEhthhPA128_K7ap_uintILi16EES4_S4_PS2_S5_PA128_S3_485_U | ram_1p       |           |      |      |        | p_ZZN8gdn_bf1617gdn_bf16_top_implEhthhPA128_K7ap_uintILi16EES4_S4_PS2_S5_PA128_S3_485 | auto | 1       | 32, 32, 1        |
|    p_ZZN8gdn_bf1617gdn_bf16_top_implEhthhPA128_K7ap_uintILi16EES4_S4_PS2_S5_PA128_S3_486_U | ram_1p       |           |      |      |        | p_ZZN8gdn_bf1617gdn_bf16_top_implEhthhPA128_K7ap_uintILi16EES4_S4_PS2_S5_PA128_S3_486 | auto | 1       | 32, 32, 1        |
|    p_ZZN8gdn_bf1617gdn_bf16_top_implEhthhPA128_K7ap_uintILi16EES4_S4_PS2_S5_PA128_S3_527_U | ram_1p       |           |      |      |        | p_ZZN8gdn_bf1617gdn_bf16_top_implEhthhPA128_K7ap_uintILi16EES4_S4_PS2_S5_PA128_S3_527 | auto | 1       | 32, 32, 1        |
|    p_ZZN8gdn_bf1617gdn_bf16_top_implEhthhPA128_K7ap_uintILi16EES4_S4_PS2_S5_PA128_S3_528_U | ram_1p       |           |      |      |        | p_ZZN8gdn_bf1617gdn_bf16_top_implEhthhPA128_K7ap_uintILi16EES4_S4_PS2_S5_PA128_S3_528 | auto | 1       | 32, 32, 1        |
|    p_ZZN8gdn_bf1617gdn_bf16_top_implEhthhPA128_K7ap_uintILi16EES4_S4_PS2_S5_PA128_S3_529_U | ram_1p       |           |      |      |        | p_ZZN8gdn_bf1617gdn_bf16_top_implEhthhPA128_K7ap_uintILi16EES4_S4_PS2_S5_PA128_S3_529 | auto | 1       | 32, 32, 1        |
|    p_ZZN8gdn_bf1617gdn_bf16_top_implEhthhPA128_K7ap_uintILi16EES4_S4_PS2_S5_PA128_S3_530_U | ram_1p       |           |      |      |        | p_ZZN8gdn_bf1617gdn_bf16_top_implEhthhPA128_K7ap_uintILi16EES4_S4_PS2_S5_PA128_S3_530 | auto | 1       | 32, 32, 1        |
|    p_ZZN8gdn_bf1617gdn_bf16_top_implEhthhPA128_K7ap_uintILi16EES4_S4_PS2_S5_PA128_S3_531_U | ram_1p       |           |      |      |        | p_ZZN8gdn_bf1617gdn_bf16_top_implEhthhPA128_K7ap_uintILi16EES4_S4_PS2_S5_PA128_S3_531 | auto | 1       | 32, 32, 1        |
|    p_ZZN8gdn_bf1617gdn_bf16_top_implEhthhPA128_K7ap_uintILi16EES4_S4_PS2_S5_PA128_S3_532_U | ram_1p       |           |      |      |        | p_ZZN8gdn_bf1617gdn_bf16_top_implEhthhPA128_K7ap_uintILi16EES4_S4_PS2_S5_PA128_S3_532 | auto | 1       | 32, 32, 1        |
|    p_ZZN8gdn_bf1617gdn_bf16_top_implEhthhPA128_K7ap_uintILi16EES4_S4_PS2_S5_PA128_S3_533_U | ram_1p       |           |      |      |        | p_ZZN8gdn_bf1617gdn_bf16_top_implEhthhPA128_K7ap_uintILi16EES4_S4_PS2_S5_PA128_S3_533 | auto | 1       | 32, 32, 1        |
|    p_ZZN8gdn_bf1617gdn_bf16_top_implEhthhPA128_K7ap_uintILi16EES4_S4_PS2_S5_PA128_S3_534_U | ram_1p       |           |      |      |        | p_ZZN8gdn_bf1617gdn_bf16_top_implEhthhPA128_K7ap_uintILi16EES4_S4_PS2_S5_PA128_S3_534 | auto | 1       | 32, 32, 1        |
|    p_ZZN8gdn_bf1617gdn_bf16_top_implEhthhPA128_K7ap_uintILi16EES4_S4_PS2_S5_PA128_S3_535_U | ram_1p       |           |      |      |        | p_ZZN8gdn_bf1617gdn_bf16_top_implEhthhPA128_K7ap_uintILi16EES4_S4_PS2_S5_PA128_S3_535 | auto | 1       | 32, 32, 1        |
|    p_ZZN8gdn_bf1617gdn_bf16_top_implEhthhPA128_K7ap_uintILi16EES4_S4_PS2_S5_PA128_S3_536_U | ram_1p       |           |      |      |        | p_ZZN8gdn_bf1617gdn_bf16_top_implEhthhPA128_K7ap_uintILi16EES4_S4_PS2_S5_PA128_S3_536 | auto | 1       | 32, 32, 1        |
|    p_ZZN8gdn_bf1617gdn_bf16_top_implEhthhPA128_K7ap_uintILi16EES4_S4_PS2_S5_PA128_S3_537_U | ram_1p       |           |      |      |        | p_ZZN8gdn_bf1617gdn_bf16_top_implEhthhPA128_K7ap_uintILi16EES4_S4_PS2_S5_PA128_S3_537 | auto | 1       | 32, 32, 1        |
|    p_ZZN8gdn_bf1617gdn_bf16_top_implEhthhPA128_K7ap_uintILi16EES4_S4_PS2_S5_PA128_S3_538_U | ram_1p       |           |      |      |        | p_ZZN8gdn_bf1617gdn_bf16_top_implEhthhPA128_K7ap_uintILi16EES4_S4_PS2_S5_PA128_S3_538 | auto | 1       | 32, 32, 1        |
|    p_ZZN8gdn_bf1617gdn_bf16_top_implEhthhPA128_K7ap_uintILi16EES4_S4_PS2_S5_PA128_S3_539_U | ram_1p       |           |      |      |        | p_ZZN8gdn_bf1617gdn_bf16_top_implEhthhPA128_K7ap_uintILi16EES4_S4_PS2_S5_PA128_S3_539 | auto | 1       | 32, 32, 1        |
|    p_ZZN8gdn_bf1617gdn_bf16_top_implEhthhPA128_K7ap_uintILi16EES4_S4_PS2_S5_PA128_S3_540_U | ram_1p       |           |      |      |        | p_ZZN8gdn_bf1617gdn_bf16_top_implEhthhPA128_K7ap_uintILi16EES4_S4_PS2_S5_PA128_S3_540 | auto | 1       | 32, 32, 1        |
|    p_ZZN8gdn_bf1617gdn_bf16_top_implEhthhPA128_K7ap_uintILi16EES4_S4_PS2_S5_PA128_S3_541_U | ram_1p       |           |      |      |        | p_ZZN8gdn_bf1617gdn_bf16_top_implEhthhPA128_K7ap_uintILi16EES4_S4_PS2_S5_PA128_S3_541 | auto | 1       | 32, 32, 1        |
|    p_ZZN8gdn_bf1617gdn_bf16_top_implEhthhPA128_K7ap_uintILi16EES4_S4_PS2_S5_PA128_S3_542_U | ram_1p       |           |      |      |        | p_ZZN8gdn_bf1617gdn_bf16_top_implEhthhPA128_K7ap_uintILi16EES4_S4_PS2_S5_PA128_S3_542 | auto | 1       | 32, 32, 1        |
|    p_ZZN8gdn_bf1617gdn_bf16_top_implEhthhPA128_K7ap_uintILi16EES4_S4_PS2_S5_PA128_S3_543_U | ram_1p       |           |      |      |        | p_ZZN8gdn_bf1617gdn_bf16_top_implEhthhPA128_K7ap_uintILi16EES4_S4_PS2_S5_PA128_S3_543 | auto | 1       | 32, 32, 1        |
|    p_ZZN8gdn_bf1617gdn_bf16_top_implEhthhPA128_K7ap_uintILi16EES4_S4_PS2_S5_PA128_S3_544_U | ram_1p       |           |      |      |        | p_ZZN8gdn_bf1617gdn_bf16_top_implEhthhPA128_K7ap_uintILi16EES4_S4_PS2_S5_PA128_S3_544 | auto | 1       | 32, 32, 1        |
|    p_ZZN8gdn_bf1617gdn_bf16_top_implEhthhPA128_K7ap_uintILi16EES4_S4_PS2_S5_PA128_S3_545_U | ram_1p       |           |      |      |        | p_ZZN8gdn_bf1617gdn_bf16_top_implEhthhPA128_K7ap_uintILi16EES4_S4_PS2_S5_PA128_S3_545 | auto | 1       | 32, 32, 1        |
|    p_ZZN8gdn_bf1617gdn_bf16_top_implEhthhPA128_K7ap_uintILi16EES4_S4_PS2_S5_PA128_S3_546_U | ram_1p       |           |      |      |        | p_ZZN8gdn_bf1617gdn_bf16_top_implEhthhPA128_K7ap_uintILi16EES4_S4_PS2_S5_PA128_S3_546 | auto | 1       | 32, 32, 1        |
|    p_ZZN8gdn_bf1617gdn_bf16_top_implEhthhPA128_K7ap_uintILi16EES4_S4_PS2_S5_PA128_S3_547_U | ram_1p       |           |      |      |        | p_ZZN8gdn_bf1617gdn_bf16_top_implEhthhPA128_K7ap_uintILi16EES4_S4_PS2_S5_PA128_S3_547 | auto | 1       | 32, 32, 1        |
|    p_ZZN8gdn_bf1617gdn_bf16_top_implEhthhPA128_K7ap_uintILi16EES4_S4_PS2_S5_PA128_S3_548_U | ram_1p       |           |      |      |        | p_ZZN8gdn_bf1617gdn_bf16_top_implEhthhPA128_K7ap_uintILi16EES4_S4_PS2_S5_PA128_S3_548 | auto | 1       | 32, 32, 1        |
|    p_ZZN8gdn_bf1617gdn_bf16_top_implEhthhPA128_K7ap_uintILi16EES4_S4_PS2_S5_PA128_S3_549_U | ram_1p       |           |      |      |        | p_ZZN8gdn_bf1617gdn_bf16_top_implEhthhPA128_K7ap_uintILi16EES4_S4_PS2_S5_PA128_S3_549 | auto | 1       | 32, 32, 1        |
|    p_ZZN8gdn_bf1617gdn_bf16_top_implEhthhPA128_K7ap_uintILi16EES4_S4_PS2_S5_PA128_S3_550_U | ram_1p       |           |      |      |        | p_ZZN8gdn_bf1617gdn_bf16_top_implEhthhPA128_K7ap_uintILi16EES4_S4_PS2_S5_PA128_S3_550 | auto | 1       | 32, 32, 1        |
|    p_ZZN8gdn_bf1617gdn_bf16_top_implEhthhPA128_K7ap_uintILi16EES4_S4_PS2_S5_PA128_S3_551_U | ram_1p       |           |      |      |        | p_ZZN8gdn_bf1617gdn_bf16_top_implEhthhPA128_K7ap_uintILi16EES4_S4_PS2_S5_PA128_S3_551 | auto | 1       | 32, 32, 1        |
|    p_ZZN8gdn_bf1617gdn_bf16_top_implEhthhPA128_K7ap_uintILi16EES4_S4_PS2_S5_PA128_S3_552_U | ram_1p       |           |      |      |        | p_ZZN8gdn_bf1617gdn_bf16_top_implEhthhPA128_K7ap_uintILi16EES4_S4_PS2_S5_PA128_S3_552 | auto | 1       | 32, 32, 1        |
|    p_ZZN8gdn_bf1617gdn_bf16_top_implEhthhPA128_K7ap_uintILi16EES4_S4_PS2_S5_PA128_S3_553_U | ram_1p       |           |      |      |        | p_ZZN8gdn_bf1617gdn_bf16_top_implEhthhPA128_K7ap_uintILi16EES4_S4_PS2_S5_PA128_S3_553 | auto | 1       | 32, 32, 1        |
|    p_ZZN8gdn_bf1617gdn_bf16_top_implEhthhPA128_K7ap_uintILi16EES4_S4_PS2_S5_PA128_S3_554_U | ram_1p       |           |      |      |        | p_ZZN8gdn_bf1617gdn_bf16_top_implEhthhPA128_K7ap_uintILi16EES4_S4_PS2_S5_PA128_S3_554 | auto | 1       | 32, 32, 1        |
|    p_ZZN8gdn_bf1617gdn_bf16_top_implEhthhPA128_K7ap_uintILi16EES4_S4_PS2_S5_PA128_S3_555_U | ram_1p       |           |      |      |        | p_ZZN8gdn_bf1617gdn_bf16_top_implEhthhPA128_K7ap_uintILi16EES4_S4_PS2_S5_PA128_S3_555 | auto | 1       | 32, 32, 1        |
|    p_ZZN8gdn_bf1617gdn_bf16_top_implEhthhPA128_K7ap_uintILi16EES4_S4_PS2_S5_PA128_S3_556_U | ram_1p       |           |      |      |        | p_ZZN8gdn_bf1617gdn_bf16_top_implEhthhPA128_K7ap_uintILi16EES4_S4_PS2_S5_PA128_S3_556 | auto | 1       | 32, 32, 1        |
|    p_ZZN8gdn_bf1617gdn_bf16_top_implEhthhPA128_K7ap_uintILi16EES4_S4_PS2_S5_PA128_S3_557_U | ram_1p       |           |      |      |        | p_ZZN8gdn_bf1617gdn_bf16_top_implEhthhPA128_K7ap_uintILi16EES4_S4_PS2_S5_PA128_S3_557 | auto | 1       | 32, 32, 1        |
|    p_ZZN8gdn_bf1617gdn_bf16_top_implEhthhPA128_K7ap_uintILi16EES4_S4_PS2_S5_PA128_S3_558_U | ram_1p       |           |      |      |        | p_ZZN8gdn_bf1617gdn_bf16_top_implEhthhPA128_K7ap_uintILi16EES4_S4_PS2_S5_PA128_S3_558 | auto | 1       | 32, 32, 1        |
|    p_ZZN8gdn_bf1617gdn_bf16_top_implEhthhPA128_K7ap_uintILi16EES4_S4_PS2_S5_PA128_S3_559_U | ram_1p       |           |      |      |        | p_ZZN8gdn_bf1617gdn_bf16_top_implEhthhPA128_K7ap_uintILi16EES4_S4_PS2_S5_PA128_S3_559 | auto | 1       | 32, 32, 1        |
|    p_ZZN8gdn_bf1617gdn_bf16_top_implEhthhPA128_K7ap_uintILi16EES4_S4_PS2_S5_PA128_S3_560_U | ram_1p       |           |      |      |        | p_ZZN8gdn_bf1617gdn_bf16_top_implEhthhPA128_K7ap_uintILi16EES4_S4_PS2_S5_PA128_S3_560 | auto | 1       | 32, 32, 1        |
|    p_ZZN8gdn_bf1617gdn_bf16_top_implEhthhPA128_K7ap_uintILi16EES4_S4_PS2_S5_PA128_S3_561_U | ram_1p       |           |      |      |        | p_ZZN8gdn_bf1617gdn_bf16_top_implEhthhPA128_K7ap_uintILi16EES4_S4_PS2_S5_PA128_S3_561 | auto | 1       | 32, 32, 1        |
|    p_ZZN8gdn_bf1617gdn_bf16_top_implEhthhPA128_K7ap_uintILi16EES4_S4_PS2_S5_PA128_S3_562_U | ram_1p       |           |      |      |        | p_ZZN8gdn_bf1617gdn_bf16_top_implEhthhPA128_K7ap_uintILi16EES4_S4_PS2_S5_PA128_S3_562 | auto | 1       | 32, 32, 1        |
|    p_ZZN8gdn_bf1617gdn_bf16_top_implEhthhPA128_K7ap_uintILi16EES4_S4_PS2_S5_PA128_S3_563_U | ram_1p       |           |      |      |        | p_ZZN8gdn_bf1617gdn_bf16_top_implEhthhPA128_K7ap_uintILi16EES4_S4_PS2_S5_PA128_S3_563 | auto | 1       | 32, 32, 1        |
|    p_ZZN8gdn_bf1617gdn_bf16_top_implEhthhPA128_K7ap_uintILi16EES4_S4_PS2_S5_PA128_S3_564_U | ram_1p       |           |      |      |        | p_ZZN8gdn_bf1617gdn_bf16_top_implEhthhPA128_K7ap_uintILi16EES4_S4_PS2_S5_PA128_S3_564 | auto | 1       | 32, 32, 1        |
|    p_ZZN8gdn_bf1617gdn_bf16_top_implEhthhPA128_K7ap_uintILi16EES4_S4_PS2_S5_PA128_S3_565_U | ram_1p       |           |      |      |        | p_ZZN8gdn_bf1617gdn_bf16_top_implEhthhPA128_K7ap_uintILi16EES4_S4_PS2_S5_PA128_S3_565 | auto | 1       | 32, 32, 1        |
|    p_ZZN8gdn_bf1617gdn_bf16_top_implEhthhPA128_K7ap_uintILi16EES4_S4_PS2_S5_PA128_S3_566_U | ram_1p       |           |      |      |        | p_ZZN8gdn_bf1617gdn_bf16_top_implEhthhPA128_K7ap_uintILi16EES4_S4_PS2_S5_PA128_S3_566 | auto | 1       | 32, 32, 1        |
|    p_ZZN8gdn_bf1617gdn_bf16_top_implEhthhPA128_K7ap_uintILi16EES4_S4_PS2_S5_PA128_S3_567_U | ram_1p       |           |      |      |        | p_ZZN8gdn_bf1617gdn_bf16_top_implEhthhPA128_K7ap_uintILi16EES4_S4_PS2_S5_PA128_S3_567 | auto | 1       | 32, 32, 1        |
|    p_ZZN8gdn_bf1617gdn_bf16_top_implEhthhPA128_K7ap_uintILi16EES4_S4_PS2_S5_PA128_S3_568_U | ram_1p       |           |      |      |        | p_ZZN8gdn_bf1617gdn_bf16_top_implEhthhPA128_K7ap_uintILi16EES4_S4_PS2_S5_PA128_S3_568 | auto | 1       | 32, 32, 1        |
|    p_ZZN8gdn_bf1617gdn_bf16_top_implEhthhPA128_K7ap_uintILi16EES4_S4_PS2_S5_PA128_S3_569_U | ram_1p       |           |      |      |        | p_ZZN8gdn_bf1617gdn_bf16_top_implEhthhPA128_K7ap_uintILi16EES4_S4_PS2_S5_PA128_S3_569 | auto | 1       | 32, 32, 1        |
|    p_ZZN8gdn_bf1617gdn_bf16_top_implEhthhPA128_K7ap_uintILi16EES4_S4_PS2_S5_PA128_S3_570_U | ram_1p       |           |      |      |        | p_ZZN8gdn_bf1617gdn_bf16_top_implEhthhPA128_K7ap_uintILi16EES4_S4_PS2_S5_PA128_S3_570 | auto | 1       | 32, 32, 1        |
|    p_ZZN8gdn_bf1617gdn_bf16_top_implEhthhPA128_K7ap_uintILi16EES4_S4_PS2_S5_PA128_S3_571_U | ram_1p       |           |      |      |        | p_ZZN8gdn_bf1617gdn_bf16_top_implEhthhPA128_K7ap_uintILi16EES4_S4_PS2_S5_PA128_S3_571 | auto | 1       | 32, 32, 1        |
|    p_ZZN8gdn_bf1617gdn_bf16_top_implEhthhPA128_K7ap_uintILi16EES4_S4_PS2_S5_PA128_S3_572_U | ram_1p       |           |      |      |        | p_ZZN8gdn_bf1617gdn_bf16_top_implEhthhPA128_K7ap_uintILi16EES4_S4_PS2_S5_PA128_S3_572 | auto | 1       | 32, 32, 1        |
|    p_ZZN8gdn_bf1617gdn_bf16_top_implEhthhPA128_K7ap_uintILi16EES4_S4_PS2_S5_PA128_S3_573_U | ram_1p       |           |      |      |        | p_ZZN8gdn_bf1617gdn_bf16_top_implEhthhPA128_K7ap_uintILi16EES4_S4_PS2_S5_PA128_S3_573 | auto | 1       | 32, 32, 1        |
|    p_ZZN8gdn_bf1617gdn_bf16_top_implEhthhPA128_K7ap_uintILi16EES4_S4_PS2_S5_PA128_S3_574_U | ram_1p       |           |      |      |        | p_ZZN8gdn_bf1617gdn_bf16_top_implEhthhPA128_K7ap_uintILi16EES4_S4_PS2_S5_PA128_S3_574 | auto | 1       | 32, 32, 1        |
|    p_ZZN8gdn_bf1617gdn_bf16_top_implEhthhPA128_K7ap_uintILi16EES4_S4_PS2_S5_PA128_S3_575_U | ram_1p       |           |      |      |        | p_ZZN8gdn_bf1617gdn_bf16_top_implEhthhPA128_K7ap_uintILi16EES4_S4_PS2_S5_PA128_S3_575 | auto | 1       | 32, 32, 1        |
|    p_ZZN8gdn_bf1617gdn_bf16_top_implEhthhPA128_K7ap_uintILi16EES4_S4_PS2_S5_PA128_S3_576_U | ram_1p       |           |      |      |        | p_ZZN8gdn_bf1617gdn_bf16_top_implEhthhPA128_K7ap_uintILi16EES4_S4_PS2_S5_PA128_S3_576 | auto | 1       | 32, 32, 1        |
|    p_ZZN8gdn_bf1617gdn_bf16_top_implEhthhPA128_K7ap_uintILi16EES4_S4_PS2_S5_PA128_S3_577_U | ram_1p       |           |      |      |        | p_ZZN8gdn_bf1617gdn_bf16_top_implEhthhPA128_K7ap_uintILi16EES4_S4_PS2_S5_PA128_S3_577 | auto | 1       | 32, 32, 1        |
|    p_ZZN8gdn_bf1617gdn_bf16_top_implEhthhPA128_K7ap_uintILi16EES4_S4_PS2_S5_PA128_S3_578_U | ram_1p       |           |      |      |        | p_ZZN8gdn_bf1617gdn_bf16_top_implEhthhPA128_K7ap_uintILi16EES4_S4_PS2_S5_PA128_S3_578 | auto | 1       | 32, 32, 1        |
|    p_ZZN8gdn_bf1617gdn_bf16_top_implEhthhPA128_K7ap_uintILi16EES4_S4_PS2_S5_PA128_S3_579_U | ram_1p       |           |      |      |        | p_ZZN8gdn_bf1617gdn_bf16_top_implEhthhPA128_K7ap_uintILi16EES4_S4_PS2_S5_PA128_S3_579 | auto | 1       | 32, 32, 1        |
|    p_ZZN8gdn_bf1617gdn_bf16_top_implEhthhPA128_K7ap_uintILi16EES4_S4_PS2_S5_PA128_S3_580_U | ram_1p       |           |      |      |        | p_ZZN8gdn_bf1617gdn_bf16_top_implEhthhPA128_K7ap_uintILi16EES4_S4_PS2_S5_PA128_S3_580 | auto | 1       | 32, 32, 1        |
|    p_ZZN8gdn_bf1617gdn_bf16_top_implEhthhPA128_K7ap_uintILi16EES4_S4_PS2_S5_PA128_S3_581_U | ram_1p       |           |      |      |        | p_ZZN8gdn_bf1617gdn_bf16_top_implEhthhPA128_K7ap_uintILi16EES4_S4_PS2_S5_PA128_S3_581 | auto | 1       | 32, 32, 1        |
|    p_ZZN8gdn_bf1617gdn_bf16_top_implEhthhPA128_K7ap_uintILi16EES4_S4_PS2_S5_PA128_S3_582_U | ram_1p       |           |      |      |        | p_ZZN8gdn_bf1617gdn_bf16_top_implEhthhPA128_K7ap_uintILi16EES4_S4_PS2_S5_PA128_S3_582 | auto | 1       | 32, 32, 1        |
|    p_ZZN8gdn_bf1617gdn_bf16_top_implEhthhPA128_K7ap_uintILi16EES4_S4_PS2_S5_PA128_S3_583_U | ram_1p       |           |      |      |        | p_ZZN8gdn_bf1617gdn_bf16_top_implEhthhPA128_K7ap_uintILi16EES4_S4_PS2_S5_PA128_S3_583 | auto | 1       | 32, 32, 1        |
|    p_ZZN8gdn_bf1617gdn_bf16_top_implEhthhPA128_K7ap_uintILi16EES4_S4_PS2_S5_PA128_S3_584_U | ram_1p       |           |      |      |        | p_ZZN8gdn_bf1617gdn_bf16_top_implEhthhPA128_K7ap_uintILi16EES4_S4_PS2_S5_PA128_S3_584 | auto | 1       | 32, 32, 1        |
|    p_ZZN8gdn_bf1617gdn_bf16_top_implEhthhPA128_K7ap_uintILi16EES4_S4_PS2_S5_PA128_S3_585_U | ram_1p       |           |      |      |        | p_ZZN8gdn_bf1617gdn_bf16_top_implEhthhPA128_K7ap_uintILi16EES4_S4_PS2_S5_PA128_S3_585 | auto | 1       | 32, 32, 1        |
|    p_ZZN8gdn_bf1617gdn_bf16_top_implEhthhPA128_K7ap_uintILi16EES4_S4_PS2_S5_PA128_S3_586_U | ram_1p       |           |      |      |        | p_ZZN8gdn_bf1617gdn_bf16_top_implEhthhPA128_K7ap_uintILi16EES4_S4_PS2_S5_PA128_S3_586 | auto | 1       | 32, 32, 1        |
|    p_ZZN8gdn_bf1617gdn_bf16_top_implEhthhPA128_K7ap_uintILi16EES4_S4_PS2_S5_PA128_S3_587_U | ram_1p       |           |      |      |        | p_ZZN8gdn_bf1617gdn_bf16_top_implEhthhPA128_K7ap_uintILi16EES4_S4_PS2_S5_PA128_S3_587 | auto | 1       | 32, 32, 1        |
|    p_ZZN8gdn_bf1617gdn_bf16_top_implEhthhPA128_K7ap_uintILi16EES4_S4_PS2_S5_PA128_S3_588_U | ram_1p       |           |      |      |        | p_ZZN8gdn_bf1617gdn_bf16_top_implEhthhPA128_K7ap_uintILi16EES4_S4_PS2_S5_PA128_S3_588 | auto | 1       | 32, 32, 1        |
|    p_ZZN8gdn_bf1617gdn_bf16_top_implEhthhPA128_K7ap_uintILi16EES4_S4_PS2_S5_PA128_S3_589_U | ram_1p       |           |      |      |        | p_ZZN8gdn_bf1617gdn_bf16_top_implEhthhPA128_K7ap_uintILi16EES4_S4_PS2_S5_PA128_S3_589 | auto | 1       | 32, 32, 1        |
|    p_ZZN8gdn_bf1617gdn_bf16_top_implEhthhPA128_K7ap_uintILi16EES4_S4_PS2_S5_PA128_S3_590_U | ram_1p       |           |      |      |        | p_ZZN8gdn_bf1617gdn_bf16_top_implEhthhPA128_K7ap_uintILi16EES4_S4_PS2_S5_PA128_S3_590 | auto | 1       | 32, 32, 1        |
|    p_ZZN8gdn_bf1617gdn_bf16_top_implEhthhPA128_K7ap_uintILi16EES4_S4_PS2_S5_PA128_S3_591_U | ram_1p       |           |      |      |        | p_ZZN8gdn_bf1617gdn_bf16_top_implEhthhPA128_K7ap_uintILi16EES4_S4_PS2_S5_PA128_S3_591 | auto | 1       | 32, 32, 1        |
|    p_ZZN8gdn_bf1617gdn_bf16_top_implEhthhPA128_K7ap_uintILi16EES4_S4_PS2_S5_PA128_S3_592_U | ram_1p       |           |      |      |        | p_ZZN8gdn_bf1617gdn_bf16_top_implEhthhPA128_K7ap_uintILi16EES4_S4_PS2_S5_PA128_S3_592 | auto | 1       | 32, 32, 1        |
|    p_ZZN8gdn_bf1617gdn_bf16_top_implEhthhPA128_K7ap_uintILi16EES4_S4_PS2_S5_PA128_S3_593_U | ram_1p       |           |      |      |        | p_ZZN8gdn_bf1617gdn_bf16_top_implEhthhPA128_K7ap_uintILi16EES4_S4_PS2_S5_PA128_S3_593 | auto | 1       | 32, 32, 1        |
|    p_ZZN8gdn_bf1617gdn_bf16_top_implEhthhPA128_K7ap_uintILi16EES4_S4_PS2_S5_PA128_S3_594_U | ram_1p       |           |      |      |        | p_ZZN8gdn_bf1617gdn_bf16_top_implEhthhPA128_K7ap_uintILi16EES4_S4_PS2_S5_PA128_S3_594 | auto | 1       | 32, 32, 1        |
|    p_ZZN8gdn_bf1617gdn_bf16_top_implEhthhPA128_K7ap_uintILi16EES4_S4_PS2_S5_PA128_S3_595_U | ram_1p       |           |      |      |        | p_ZZN8gdn_bf1617gdn_bf16_top_implEhthhPA128_K7ap_uintILi16EES4_S4_PS2_S5_PA128_S3_595 | auto | 1       | 32, 32, 1        |
|    p_ZZN8gdn_bf1617gdn_bf16_top_implEhthhPA128_K7ap_uintILi16EES4_S4_PS2_S5_PA128_S3_596_U | ram_1p       |           |      |      |        | p_ZZN8gdn_bf1617gdn_bf16_top_implEhthhPA128_K7ap_uintILi16EES4_S4_PS2_S5_PA128_S3_596 | auto | 1       | 32, 32, 1        |
|    p_ZZN8gdn_bf1617gdn_bf16_top_implEhthhPA128_K7ap_uintILi16EES4_S4_PS2_S5_PA128_S3_597_U | ram_1p       |           |      |      |        | p_ZZN8gdn_bf1617gdn_bf16_top_implEhthhPA128_K7ap_uintILi16EES4_S4_PS2_S5_PA128_S3_597 | auto | 1       | 32, 32, 1        |
|    p_ZZN8gdn_bf1617gdn_bf16_top_implEhthhPA128_K7ap_uintILi16EES4_S4_PS2_S5_PA128_S3_598_U | ram_1p       |           |      |      |        | p_ZZN8gdn_bf1617gdn_bf16_top_implEhthhPA128_K7ap_uintILi16EES4_S4_PS2_S5_PA128_S3_598 | auto | 1       | 32, 32, 1        |
|    p_ZZN8gdn_bf1617gdn_bf16_top_implEhthhPA128_K7ap_uintILi16EES4_S4_PS2_S5_PA128_S3_487_U | ram_1p       |           |      |      |        | p_ZZN8gdn_bf1617gdn_bf16_top_implEhthhPA128_K7ap_uintILi16EES4_S4_PS2_S5_PA128_S3_487 | auto | 1       | 32, 32, 1        |
|    p_ZZN8gdn_bf1617gdn_bf16_top_implEhthhPA128_K7ap_uintILi16EES4_S4_PS2_S5_PA128_S3_488_U | ram_1p       |           |      |      |        | p_ZZN8gdn_bf1617gdn_bf16_top_implEhthhPA128_K7ap_uintILi16EES4_S4_PS2_S5_PA128_S3_488 | auto | 1       | 32, 32, 1        |
|    p_ZZN8gdn_bf1617gdn_bf16_top_implEhthhPA128_K7ap_uintILi16EES4_S4_PS2_S5_PA128_S3_489_U | ram_1p       |           |      |      |        | p_ZZN8gdn_bf1617gdn_bf16_top_implEhthhPA128_K7ap_uintILi16EES4_S4_PS2_S5_PA128_S3_489 | auto | 1       | 32, 32, 1        |
|    p_ZZN8gdn_bf1617gdn_bf16_top_implEhthhPA128_K7ap_uintILi16EES4_S4_PS2_S5_PA128_S3_490_U | ram_1p       |           |      |      |        | p_ZZN8gdn_bf1617gdn_bf16_top_implEhthhPA128_K7ap_uintILi16EES4_S4_PS2_S5_PA128_S3_490 | auto | 1       | 32, 32, 1        |
|    p_ZZN8gdn_bf1617gdn_bf16_top_implEhthhPA128_K7ap_uintILi16EES4_S4_PS2_S5_PA128_S3_491_U | ram_1p       |           |      |      |        | p_ZZN8gdn_bf1617gdn_bf16_top_implEhthhPA128_K7ap_uintILi16EES4_S4_PS2_S5_PA128_S3_491 | auto | 1       | 32, 32, 1        |
|    p_ZZN8gdn_bf1617gdn_bf16_top_implEhthhPA128_K7ap_uintILi16EES4_S4_PS2_S5_PA128_S3_492_U | ram_1p       |           |      |      |        | p_ZZN8gdn_bf1617gdn_bf16_top_implEhthhPA128_K7ap_uintILi16EES4_S4_PS2_S5_PA128_S3_492 | auto | 1       | 32, 32, 1        |
|    p_ZZN8gdn_bf1617gdn_bf16_top_implEhthhPA128_K7ap_uintILi16EES4_S4_PS2_S5_PA128_S3_493_U | ram_1p       |           |      |      |        | p_ZZN8gdn_bf1617gdn_bf16_top_implEhthhPA128_K7ap_uintILi16EES4_S4_PS2_S5_PA128_S3_493 | auto | 1       | 32, 32, 1        |
|    p_ZZN8gdn_bf1617gdn_bf16_top_implEhthhPA128_K7ap_uintILi16EES4_S4_PS2_S5_PA128_S3_494_U | ram_1p       |           |      |      |        | p_ZZN8gdn_bf1617gdn_bf16_top_implEhthhPA128_K7ap_uintILi16EES4_S4_PS2_S5_PA128_S3_494 | auto | 1       | 32, 32, 1        |
|    p_ZZN8gdn_bf1617gdn_bf16_top_implEhthhPA128_K7ap_uintILi16EES4_S4_PS2_S5_PA128_S3_495_U | ram_1p       |           |      |      |        | p_ZZN8gdn_bf1617gdn_bf16_top_implEhthhPA128_K7ap_uintILi16EES4_S4_PS2_S5_PA128_S3_495 | auto | 1       | 32, 32, 1        |
|    p_ZZN8gdn_bf1617gdn_bf16_top_implEhthhPA128_K7ap_uintILi16EES4_S4_PS2_S5_PA128_S3_496_U | ram_1p       |           |      |      |        | p_ZZN8gdn_bf1617gdn_bf16_top_implEhthhPA128_K7ap_uintILi16EES4_S4_PS2_S5_PA128_S3_496 | auto | 1       | 32, 32, 1        |
|    p_ZZN8gdn_bf1617gdn_bf16_top_implEhthhPA128_K7ap_uintILi16EES4_S4_PS2_S5_PA128_S3_497_U | ram_1p       |           |      |      |        | p_ZZN8gdn_bf1617gdn_bf16_top_implEhthhPA128_K7ap_uintILi16EES4_S4_PS2_S5_PA128_S3_497 | auto | 1       | 32, 32, 1        |
|    p_ZZN8gdn_bf1617gdn_bf16_top_implEhthhPA128_K7ap_uintILi16EES4_S4_PS2_S5_PA128_S3_498_U | ram_1p       |           |      |      |        | p_ZZN8gdn_bf1617gdn_bf16_top_implEhthhPA128_K7ap_uintILi16EES4_S4_PS2_S5_PA128_S3_498 | auto | 1       | 32, 32, 1        |
|    p_ZZN8gdn_bf1617gdn_bf16_top_implEhthhPA128_K7ap_uintILi16EES4_S4_PS2_S5_PA128_S3_499_U | ram_1p       |           |      |      |        | p_ZZN8gdn_bf1617gdn_bf16_top_implEhthhPA128_K7ap_uintILi16EES4_S4_PS2_S5_PA128_S3_499 | auto | 1       | 32, 32, 1        |
|    p_ZZN8gdn_bf1617gdn_bf16_top_implEhthhPA128_K7ap_uintILi16EES4_S4_PS2_S5_PA128_S3_500_U | ram_1p       |           |      |      |        | p_ZZN8gdn_bf1617gdn_bf16_top_implEhthhPA128_K7ap_uintILi16EES4_S4_PS2_S5_PA128_S3_500 | auto | 1       | 32, 32, 1        |
|    p_ZZN8gdn_bf1617gdn_bf16_top_implEhthhPA128_K7ap_uintILi16EES4_S4_PS2_S5_PA128_S3_501_U | ram_1p       |           |      |      |        | p_ZZN8gdn_bf1617gdn_bf16_top_implEhthhPA128_K7ap_uintILi16EES4_S4_PS2_S5_PA128_S3_501 | auto | 1       | 32, 32, 1        |
|    p_ZZN8gdn_bf1617gdn_bf16_top_implEhthhPA128_K7ap_uintILi16EES4_S4_PS2_S5_PA128_S3_502_U | ram_1p       |           |      |      |        | p_ZZN8gdn_bf1617gdn_bf16_top_implEhthhPA128_K7ap_uintILi16EES4_S4_PS2_S5_PA128_S3_502 | auto | 1       | 32, 32, 1        |
|    gdn_bf16_top_impl_unsigned_char_unsigned_short_unsigned_char_unsigned_char_ap_ui_25_U   | ram_1p       |           |      |      |        | gdn_bf16_top_impl_unsigned_char_unsigned_short_unsigned_char_unsigned_char_ap_ui_25   | auto | 1       | 32, 32, 1        |
|    gdn_bf16_top_impl_unsigned_char_unsigned_short_unsigned_char_unsigned_char_ap_ui_19_U   | ram_1p       |           |      |      |        | gdn_bf16_top_impl_unsigned_char_unsigned_short_unsigned_char_unsigned_char_ap_ui_19   | auto | 1       | 32, 32, 1        |
|    gdn_bf16_top_impl_unsigned_char_unsigned_short_unsigned_char_unsigned_char_ap_ui_18_U   | ram_1p       |           |      |      |        | gdn_bf16_top_impl_unsigned_char_unsigned_short_unsigned_char_unsigned_char_ap_ui_18   | auto | 1       | 32, 32, 1        |
|    gdn_bf16_top_impl_unsigned_char_unsigned_short_unsigned_char_unsigned_char_ap_ui_24_U   | ram_1p       |           |      |      |        | gdn_bf16_top_impl_unsigned_char_unsigned_short_unsigned_char_unsigned_char_ap_ui_24   | auto | 1       | 32, 32, 1        |
|    gdn_bf16_top_impl_unsigned_char_unsigned_short_unsigned_char_unsigned_char_ap_ui_23_U   | ram_1p       |           |      |      |        | gdn_bf16_top_impl_unsigned_char_unsigned_short_unsigned_char_unsigned_char_ap_ui_23   | auto | 1       | 32, 32, 1        |
|    gdn_bf16_top_impl_unsigned_char_unsigned_short_unsigned_char_unsigned_char_ap_ui_22_U   | ram_1p       |           |      |      |        | gdn_bf16_top_impl_unsigned_char_unsigned_short_unsigned_char_unsigned_char_ap_ui_22   | auto | 1       | 32, 32, 1        |
|    gdn_bf16_top_impl_unsigned_char_unsigned_short_unsigned_char_unsigned_char_ap_ui_21_U   | ram_1p       |           |      |      |        | gdn_bf16_top_impl_unsigned_char_unsigned_short_unsigned_char_unsigned_char_ap_ui_21   | auto | 1       | 32, 32, 1        |
|    gdn_bf16_top_impl_unsigned_char_unsigned_short_unsigned_char_unsigned_char_ap_ui_20_U   | ram_1p       |           |      |      |        | gdn_bf16_top_impl_unsigned_char_unsigned_short_unsigned_char_unsigned_char_ap_ui_20   | auto | 1       | 32, 32, 1        |
|    p_ZZN8gdn_bf1617gdn_bf16_top_implEhthhPA128_K7ap_uintILi16EES4_S4_PS2_S5_PA128_S3_503_U | ram_1p       |           |      |      |        | p_ZZN8gdn_bf1617gdn_bf16_top_implEhthhPA128_K7ap_uintILi16EES4_S4_PS2_S5_PA128_S3_503 | auto | 1       | 32, 32, 1        |
|    p_ZZN8gdn_bf1617gdn_bf16_top_implEhthhPA128_K7ap_uintILi16EES4_S4_PS2_S5_PA128_S3_504_U | ram_1p       |           |      |      |        | p_ZZN8gdn_bf1617gdn_bf16_top_implEhthhPA128_K7ap_uintILi16EES4_S4_PS2_S5_PA128_S3_504 | auto | 1       | 32, 32, 1        |
|    p_ZZN8gdn_bf1617gdn_bf16_top_implEhthhPA128_K7ap_uintILi16EES4_S4_PS2_S5_PA128_S3_505_U | ram_1p       |           |      |      |        | p_ZZN8gdn_bf1617gdn_bf16_top_implEhthhPA128_K7ap_uintILi16EES4_S4_PS2_S5_PA128_S3_505 | auto | 1       | 32, 32, 1        |
|    p_ZZN8gdn_bf1617gdn_bf16_top_implEhthhPA128_K7ap_uintILi16EES4_S4_PS2_S5_PA128_S3_506_U | ram_1p       |           |      |      |        | p_ZZN8gdn_bf1617gdn_bf16_top_implEhthhPA128_K7ap_uintILi16EES4_S4_PS2_S5_PA128_S3_506 | auto | 1       | 32, 32, 1        |
|    p_ZZN8gdn_bf1617gdn_bf16_top_implEhthhPA128_K7ap_uintILi16EES4_S4_PS2_S5_PA128_S3_507_U | ram_1p       |           |      |      |        | p_ZZN8gdn_bf1617gdn_bf16_top_implEhthhPA128_K7ap_uintILi16EES4_S4_PS2_S5_PA128_S3_507 | auto | 1       | 32, 32, 1        |
|    p_ZZN8gdn_bf1617gdn_bf16_top_implEhthhPA128_K7ap_uintILi16EES4_S4_PS2_S5_PA128_S3_508_U | ram_1p       |           |      |      |        | p_ZZN8gdn_bf1617gdn_bf16_top_implEhthhPA128_K7ap_uintILi16EES4_S4_PS2_S5_PA128_S3_508 | auto | 1       | 32, 32, 1        |
|    p_ZZN8gdn_bf1617gdn_bf16_top_implEhthhPA128_K7ap_uintILi16EES4_S4_PS2_S5_PA128_S3_509_U | ram_1p       |           |      |      |        | p_ZZN8gdn_bf1617gdn_bf16_top_implEhthhPA128_K7ap_uintILi16EES4_S4_PS2_S5_PA128_S3_509 | auto | 1       | 32, 32, 1        |
|    p_ZZN8gdn_bf1617gdn_bf16_top_implEhthhPA128_K7ap_uintILi16EES4_S4_PS2_S5_PA128_S3_510_U | ram_1p       |           |      |      |        | p_ZZN8gdn_bf1617gdn_bf16_top_implEhthhPA128_K7ap_uintILi16EES4_S4_PS2_S5_PA128_S3_510 | auto | 1       | 32, 32, 1        |
|    p_ZZN8gdn_bf1617gdn_bf16_top_implEhthhPA128_K7ap_uintILi16EES4_S4_PS2_S5_PA128_S3_511_U | ram_1p       |           |      |      |        | p_ZZN8gdn_bf1617gdn_bf16_top_implEhthhPA128_K7ap_uintILi16EES4_S4_PS2_S5_PA128_S3_511 | auto | 1       | 32, 32, 1        |
|    p_ZZN8gdn_bf1617gdn_bf16_top_implEhthhPA128_K7ap_uintILi16EES4_S4_PS2_S5_PA128_S3_512_U | ram_1p       |           |      |      |        | p_ZZN8gdn_bf1617gdn_bf16_top_implEhthhPA128_K7ap_uintILi16EES4_S4_PS2_S5_PA128_S3_512 | auto | 1       | 32, 32, 1        |
|    p_ZZN8gdn_bf1617gdn_bf16_top_implEhthhPA128_K7ap_uintILi16EES4_S4_PS2_S5_PA128_S3_513_U | ram_1p       |           |      |      |        | p_ZZN8gdn_bf1617gdn_bf16_top_implEhthhPA128_K7ap_uintILi16EES4_S4_PS2_S5_PA128_S3_513 | auto | 1       | 32, 32, 1        |
|    p_ZZN8gdn_bf1617gdn_bf16_top_implEhthhPA128_K7ap_uintILi16EES4_S4_PS2_S5_PA128_S3_514_U | ram_1p       |           |      |      |        | p_ZZN8gdn_bf1617gdn_bf16_top_implEhthhPA128_K7ap_uintILi16EES4_S4_PS2_S5_PA128_S3_514 | auto | 1       | 32, 32, 1        |
|    p_ZZN8gdn_bf1617gdn_bf16_top_implEhthhPA128_K7ap_uintILi16EES4_S4_PS2_S5_PA128_S3_515_U | ram_1p       |           |      |      |        | p_ZZN8gdn_bf1617gdn_bf16_top_implEhthhPA128_K7ap_uintILi16EES4_S4_PS2_S5_PA128_S3_515 | auto | 1       | 32, 32, 1        |
|    p_ZZN8gdn_bf1617gdn_bf16_top_implEhthhPA128_K7ap_uintILi16EES4_S4_PS2_S5_PA128_S3_516_U | ram_1p       |           |      |      |        | p_ZZN8gdn_bf1617gdn_bf16_top_implEhthhPA128_K7ap_uintILi16EES4_S4_PS2_S5_PA128_S3_516 | auto | 1       | 32, 32, 1        |
|    p_ZZN8gdn_bf1617gdn_bf16_top_implEhthhPA128_K7ap_uintILi16EES4_S4_PS2_S5_PA128_S3_517_U | ram_1p       |           |      |      |        | p_ZZN8gdn_bf1617gdn_bf16_top_implEhthhPA128_K7ap_uintILi16EES4_S4_PS2_S5_PA128_S3_517 | auto | 1       | 32, 32, 1        |
|    p_ZZN8gdn_bf1617gdn_bf16_top_implEhthhPA128_K7ap_uintILi16EES4_S4_PS2_S5_PA128_S3_518_U | ram_1p       |           |      |      |        | p_ZZN8gdn_bf1617gdn_bf16_top_implEhthhPA128_K7ap_uintILi16EES4_S4_PS2_S5_PA128_S3_518 | auto | 1       | 32, 32, 1        |
|    p_ZZN8gdn_bf1617gdn_bf16_top_implEhthhPA128_K7ap_uintILi16EES4_S4_PS2_S5_PA128_S3_519_U | ram_1p       |           |      |      |        | p_ZZN8gdn_bf1617gdn_bf16_top_implEhthhPA128_K7ap_uintILi16EES4_S4_PS2_S5_PA128_S3_519 | auto | 1       | 32, 32, 1        |
|    p_ZZN8gdn_bf1617gdn_bf16_top_implEhthhPA128_K7ap_uintILi16EES4_S4_PS2_S5_PA128_S3_520_U | ram_1p       |           |      |      |        | p_ZZN8gdn_bf1617gdn_bf16_top_implEhthhPA128_K7ap_uintILi16EES4_S4_PS2_S5_PA128_S3_520 | auto | 1       | 32, 32, 1        |
|    p_ZZN8gdn_bf1617gdn_bf16_top_implEhthhPA128_K7ap_uintILi16EES4_S4_PS2_S5_PA128_S3_521_U | ram_1p       |           |      |      |        | p_ZZN8gdn_bf1617gdn_bf16_top_implEhthhPA128_K7ap_uintILi16EES4_S4_PS2_S5_PA128_S3_521 | auto | 1       | 32, 32, 1        |
|    p_ZZN8gdn_bf1617gdn_bf16_top_implEhthhPA128_K7ap_uintILi16EES4_S4_PS2_S5_PA128_S3_522_U | ram_1p       |           |      |      |        | p_ZZN8gdn_bf1617gdn_bf16_top_implEhthhPA128_K7ap_uintILi16EES4_S4_PS2_S5_PA128_S3_522 | auto | 1       | 32, 32, 1        |
|    p_ZZN8gdn_bf1617gdn_bf16_top_implEhthhPA128_K7ap_uintILi16EES4_S4_PS2_S5_PA128_S3_523_U | ram_1p       |           |      |      |        | p_ZZN8gdn_bf1617gdn_bf16_top_implEhthhPA128_K7ap_uintILi16EES4_S4_PS2_S5_PA128_S3_523 | auto | 1       | 32, 32, 1        |
|    p_ZZN8gdn_bf1617gdn_bf16_top_implEhthhPA128_K7ap_uintILi16EES4_S4_PS2_S5_PA128_S3_524_U | ram_1p       |           |      |      |        | p_ZZN8gdn_bf1617gdn_bf16_top_implEhthhPA128_K7ap_uintILi16EES4_S4_PS2_S5_PA128_S3_524 | auto | 1       | 32, 32, 1        |
|    p_ZZN8gdn_bf1617gdn_bf16_top_implEhthhPA128_K7ap_uintILi16EES4_S4_PS2_S5_PA128_S3_525_U | ram_1p       |           |      |      |        | p_ZZN8gdn_bf1617gdn_bf16_top_implEhthhPA128_K7ap_uintILi16EES4_S4_PS2_S5_PA128_S3_525 | auto | 1       | 32, 32, 1        |
|    p_ZZN8gdn_bf1617gdn_bf16_top_implEhthhPA128_K7ap_uintILi16EES4_S4_PS2_S5_PA128_S3_526_U | ram_1p       |           |      |      |        | p_ZZN8gdn_bf1617gdn_bf16_top_implEhthhPA128_K7ap_uintILi16EES4_S4_PS2_S5_PA128_S3_526 | auto | 1       | 32, 32, 1        |
|    p_ZZN8gdn_bf1617gdn_bf16_top_implEhthhPA128_K7ap_uintILi16EES4_S4_PS2_S5_PA128_S3_599_U | ram_1p       |           |      |      |        | p_ZZN8gdn_bf1617gdn_bf16_top_implEhthhPA128_K7ap_uintILi16EES4_S4_PS2_S5_PA128_S3_599 | auto | 1       | 32, 32, 1        |
|    p_ZZN8gdn_bf1617gdn_bf16_top_implEhthhPA128_K7ap_uintILi16EES4_S4_PS2_S5_PA128_S3_600_U | ram_1p       |           |      |      |        | p_ZZN8gdn_bf1617gdn_bf16_top_implEhthhPA128_K7ap_uintILi16EES4_S4_PS2_S5_PA128_S3_600 | auto | 1       | 32, 32, 1        |
|    p_ZZN8gdn_bf1617gdn_bf16_top_implEhthhPA128_K7ap_uintILi16EES4_S4_PS2_S5_PA128_S3_601_U | ram_1p       |           |      |      |        | p_ZZN8gdn_bf1617gdn_bf16_top_implEhthhPA128_K7ap_uintILi16EES4_S4_PS2_S5_PA128_S3_601 | auto | 1       | 32, 32, 1        |
|    p_ZZN8gdn_bf1617gdn_bf16_top_implEhthhPA128_K7ap_uintILi16EES4_S4_PS2_S5_PA128_S3_602_U | ram_1p       |           |      |      |        | p_ZZN8gdn_bf1617gdn_bf16_top_implEhthhPA128_K7ap_uintILi16EES4_S4_PS2_S5_PA128_S3_602 | auto | 1       | 32, 32, 1        |
|    p_ZZN8gdn_bf1617gdn_bf16_top_implEhthhPA128_K7ap_uintILi16EES4_S4_PS2_S5_PA128_S3_603_U | ram_1p       |           |      |      |        | p_ZZN8gdn_bf1617gdn_bf16_top_implEhthhPA128_K7ap_uintILi16EES4_S4_PS2_S5_PA128_S3_603 | auto | 1       | 32, 32, 1        |
|    p_ZZN8gdn_bf1617gdn_bf16_top_implEhthhPA128_K7ap_uintILi16EES4_S4_PS2_S5_PA128_S3_604_U | ram_1p       |           |      |      |        | p_ZZN8gdn_bf1617gdn_bf16_top_implEhthhPA128_K7ap_uintILi16EES4_S4_PS2_S5_PA128_S3_604 | auto | 1       | 32, 32, 1        |
|    p_ZZN8gdn_bf1617gdn_bf16_top_implEhthhPA128_K7ap_uintILi16EES4_S4_PS2_S5_PA128_S3_605_U | ram_1p       |           |      |      |        | p_ZZN8gdn_bf1617gdn_bf16_top_implEhthhPA128_K7ap_uintILi16EES4_S4_PS2_S5_PA128_S3_605 | auto | 1       | 32, 32, 1        |
|    p_ZZN8gdn_bf1617gdn_bf16_top_implEhthhPA128_K7ap_uintILi16EES4_S4_PS2_S5_PA128_S3_606_U | ram_1p       |           |      |      |        | p_ZZN8gdn_bf1617gdn_bf16_top_implEhthhPA128_K7ap_uintILi16EES4_S4_PS2_S5_PA128_S3_606 | auto | 1       | 32, 32, 1        |
|    p_ZZN8gdn_bf1617gdn_bf16_top_implEhthhPA128_K7ap_uintILi16EES4_S4_PS2_S5_PA128_S3_71_U  | ram_1p       |           |      |      |        | p_ZZN8gdn_bf1617gdn_bf16_top_implEhthhPA128_K7ap_uintILi16EES4_S4_PS2_S5_PA128_S3_71  | auto | 1       | 32, 32, 1        |
|    p_ZZN8gdn_bf1617gdn_bf16_top_implEhthhPA128_K7ap_uintILi16EES4_S4_PS2_S5_PA128_S3_70_U  | ram_1p       |           |      |      |        | p_ZZN8gdn_bf1617gdn_bf16_top_implEhthhPA128_K7ap_uintILi16EES4_S4_PS2_S5_PA128_S3_70  | auto | 1       | 32, 32, 1        |
|    p_ZZN8gdn_bf1617gdn_bf16_top_implEhthhPA128_K7ap_uintILi16EES4_S4_PS2_S5_PA128_S3_69_U  | ram_1p       |           |      |      |        | p_ZZN8gdn_bf1617gdn_bf16_top_implEhthhPA128_K7ap_uintILi16EES4_S4_PS2_S5_PA128_S3_69  | auto | 1       | 32, 32, 1        |
|    p_ZZN8gdn_bf1617gdn_bf16_top_implEhthhPA128_K7ap_uintILi16EES4_S4_PS2_S5_PA128_S3_68_U  | ram_1p       |           |      |      |        | p_ZZN8gdn_bf1617gdn_bf16_top_implEhthhPA128_K7ap_uintILi16EES4_S4_PS2_S5_PA128_S3_68  | auto | 1       | 32, 32, 1        |
|    p_ZZN8gdn_bf1617gdn_bf16_top_implEhthhPA128_K7ap_uintILi16EES4_S4_PS2_S5_PA128_S3_67_U  | ram_1p       |           |      |      |        | p_ZZN8gdn_bf1617gdn_bf16_top_implEhthhPA128_K7ap_uintILi16EES4_S4_PS2_S5_PA128_S3_67  | auto | 1       | 32, 32, 1        |
|    p_ZZN8gdn_bf1617gdn_bf16_top_implEhthhPA128_K7ap_uintILi16EES4_S4_PS2_S5_PA128_S3_66_U  | ram_1p       |           |      |      |        | p_ZZN8gdn_bf1617gdn_bf16_top_implEhthhPA128_K7ap_uintILi16EES4_S4_PS2_S5_PA128_S3_66  | auto | 1       | 32, 32, 1        |
|    p_ZZN8gdn_bf1617gdn_bf16_top_implEhthhPA128_K7ap_uintILi16EES4_S4_PS2_S5_PA128_S3_65_U  | ram_1p       |           |      |      |        | p_ZZN8gdn_bf1617gdn_bf16_top_implEhthhPA128_K7ap_uintILi16EES4_S4_PS2_S5_PA128_S3_65  | auto | 1       | 32, 32, 1        |
|    p_ZZN8gdn_bf1617gdn_bf16_top_implEhthhPA128_K7ap_uintILi16EES4_S4_PS2_S5_PA128_S3_64_U  | ram_1p       |           |      |      |        | p_ZZN8gdn_bf1617gdn_bf16_top_implEhthhPA128_K7ap_uintILi16EES4_S4_PS2_S5_PA128_S3_64  | auto | 1       | 32, 32, 1        |
|    p_ZZN8gdn_bf1617gdn_bf16_top_implEhthhPA128_K7ap_uintILi16EES4_S4_PS2_S5_PA128_S3_63_U  | ram_1p       |           |      |      |        | p_ZZN8gdn_bf1617gdn_bf16_top_implEhthhPA128_K7ap_uintILi16EES4_S4_PS2_S5_PA128_S3_63  | auto | 1       | 32, 32, 1        |
|    p_ZZN8gdn_bf1617gdn_bf16_top_implEhthhPA128_K7ap_uintILi16EES4_S4_PS2_S5_PA128_S3_62_U  | ram_1p       |           |      |      |        | p_ZZN8gdn_bf1617gdn_bf16_top_implEhthhPA128_K7ap_uintILi16EES4_S4_PS2_S5_PA128_S3_62  | auto | 1       | 32, 32, 1        |
|    p_ZZN8gdn_bf1617gdn_bf16_top_implEhthhPA128_K7ap_uintILi16EES4_S4_PS2_S5_PA128_S3_61_U  | ram_1p       |           |      |      |        | p_ZZN8gdn_bf1617gdn_bf16_top_implEhthhPA128_K7ap_uintILi16EES4_S4_PS2_S5_PA128_S3_61  | auto | 1       | 32, 32, 1        |
|    p_ZZN8gdn_bf1617gdn_bf16_top_implEhthhPA128_K7ap_uintILi16EES4_S4_PS2_S5_PA128_S3_60_U  | ram_1p       |           |      |      |        | p_ZZN8gdn_bf1617gdn_bf16_top_implEhthhPA128_K7ap_uintILi16EES4_S4_PS2_S5_PA128_S3_60  | auto | 1       | 32, 32, 1        |
|    p_ZZN8gdn_bf1617gdn_bf16_top_implEhthhPA128_K7ap_uintILi16EES4_S4_PS2_S5_PA128_S3_59_U  | ram_1p       |           |      |      |        | p_ZZN8gdn_bf1617gdn_bf16_top_implEhthhPA128_K7ap_uintILi16EES4_S4_PS2_S5_PA128_S3_59  | auto | 1       | 32, 32, 1        |
|    p_ZZN8gdn_bf1617gdn_bf16_top_implEhthhPA128_K7ap_uintILi16EES4_S4_PS2_S5_PA128_S3_58_U  | ram_1p       |           |      |      |        | p_ZZN8gdn_bf1617gdn_bf16_top_implEhthhPA128_K7ap_uintILi16EES4_S4_PS2_S5_PA128_S3_58  | auto | 1       | 32, 32, 1        |
|    p_ZZN8gdn_bf1617gdn_bf16_top_implEhthhPA128_K7ap_uintILi16EES4_S4_PS2_S5_PA128_S3_57_U  | ram_1p       |           |      |      |        | p_ZZN8gdn_bf1617gdn_bf16_top_implEhthhPA128_K7ap_uintILi16EES4_S4_PS2_S5_PA128_S3_57  | auto | 1       | 32, 32, 1        |
|    p_ZZN8gdn_bf1617gdn_bf16_top_implEhthhPA128_K7ap_uintILi16EES4_S4_PS2_S5_PA128_S3_56_U  | ram_1p       |           |      |      |        | p_ZZN8gdn_bf1617gdn_bf16_top_implEhthhPA128_K7ap_uintILi16EES4_S4_PS2_S5_PA128_S3_56  | auto | 1       | 32, 32, 1        |
|    p_ZZN8gdn_bf1617gdn_bf16_top_implEhthhPA128_K7ap_uintILi16EES4_S4_PS2_S5_PA128_S3_55_U  | ram_1p       |           |      |      |        | p_ZZN8gdn_bf1617gdn_bf16_top_implEhthhPA128_K7ap_uintILi16EES4_S4_PS2_S5_PA128_S3_55  | auto | 1       | 32, 32, 1        |
|    p_ZZN8gdn_bf1617gdn_bf16_top_implEhthhPA128_K7ap_uintILi16EES4_S4_PS2_S5_PA128_S3_54_U  | ram_1p       |           |      |      |        | p_ZZN8gdn_bf1617gdn_bf16_top_implEhthhPA128_K7ap_uintILi16EES4_S4_PS2_S5_PA128_S3_54  | auto | 1       | 32, 32, 1        |
|    p_ZZN8gdn_bf1617gdn_bf16_top_implEhthhPA128_K7ap_uintILi16EES4_S4_PS2_S5_PA128_S3_53_U  | ram_1p       |           |      |      |        | p_ZZN8gdn_bf1617gdn_bf16_top_implEhthhPA128_K7ap_uintILi16EES4_S4_PS2_S5_PA128_S3_53  | auto | 1       | 32, 32, 1        |
|    p_ZZN8gdn_bf1617gdn_bf16_top_implEhthhPA128_K7ap_uintILi16EES4_S4_PS2_S5_PA128_S3_52_U  | ram_1p       |           |      |      |        | p_ZZN8gdn_bf1617gdn_bf16_top_implEhthhPA128_K7ap_uintILi16EES4_S4_PS2_S5_PA128_S3_52  | auto | 1       | 32, 32, 1        |
|    p_ZZN8gdn_bf1617gdn_bf16_top_implEhthhPA128_K7ap_uintILi16EES4_S4_PS2_S5_PA128_S3_51_U  | ram_1p       |           |      |      |        | p_ZZN8gdn_bf1617gdn_bf16_top_implEhthhPA128_K7ap_uintILi16EES4_S4_PS2_S5_PA128_S3_51  | auto | 1       | 32, 32, 1        |
|    p_ZZN8gdn_bf1617gdn_bf16_top_implEhthhPA128_K7ap_uintILi16EES4_S4_PS2_S5_PA128_S3_50_U  | ram_1p       |           |      |      |        | p_ZZN8gdn_bf1617gdn_bf16_top_implEhthhPA128_K7ap_uintILi16EES4_S4_PS2_S5_PA128_S3_50  | auto | 1       | 32, 32, 1        |
|    p_ZZN8gdn_bf1617gdn_bf16_top_implEhthhPA128_K7ap_uintILi16EES4_S4_PS2_S5_PA128_S3_49_U  | ram_1p       |           |      |      |        | p_ZZN8gdn_bf1617gdn_bf16_top_implEhthhPA128_K7ap_uintILi16EES4_S4_PS2_S5_PA128_S3_49  | auto | 1       | 32, 32, 1        |
|    p_ZZN8gdn_bf1617gdn_bf16_top_implEhthhPA128_K7ap_uintILi16EES4_S4_PS2_S5_PA128_S3_48_U  | ram_1p       |           |      |      |        | p_ZZN8gdn_bf1617gdn_bf16_top_implEhthhPA128_K7ap_uintILi16EES4_S4_PS2_S5_PA128_S3_48  | auto | 1       | 32, 32, 1        |
|    p_ZZN8gdn_bf1617gdn_bf16_top_implEhthhPA128_K7ap_uintILi16EES4_S4_PS2_S5_PA128_S3_47_U  | ram_1p       |           |      |      |        | p_ZZN8gdn_bf1617gdn_bf16_top_implEhthhPA128_K7ap_uintILi16EES4_S4_PS2_S5_PA128_S3_47  | auto | 1       | 32, 32, 1        |
|    p_ZZN8gdn_bf1617gdn_bf16_top_implEhthhPA128_K7ap_uintILi16EES4_S4_PS2_S5_PA128_S3_46_U  | ram_1p       |           |      |      |        | p_ZZN8gdn_bf1617gdn_bf16_top_implEhthhPA128_K7ap_uintILi16EES4_S4_PS2_S5_PA128_S3_46  | auto | 1       | 32, 32, 1        |
|    p_ZZN8gdn_bf1617gdn_bf16_top_implEhthhPA128_K7ap_uintILi16EES4_S4_PS2_S5_PA128_S3_45_U  | ram_1p       |           |      |      |        | p_ZZN8gdn_bf1617gdn_bf16_top_implEhthhPA128_K7ap_uintILi16EES4_S4_PS2_S5_PA128_S3_45  | auto | 1       | 32, 32, 1        |
|    p_ZZN8gdn_bf1617gdn_bf16_top_implEhthhPA128_K7ap_uintILi16EES4_S4_PS2_S5_PA128_S3_44_U  | ram_1p       |           |      |      |        | p_ZZN8gdn_bf1617gdn_bf16_top_implEhthhPA128_K7ap_uintILi16EES4_S4_PS2_S5_PA128_S3_44  | auto | 1       | 32, 32, 1        |
|    p_ZZN8gdn_bf1617gdn_bf16_top_implEhthhPA128_K7ap_uintILi16EES4_S4_PS2_S5_PA128_S3_43_U  | ram_1p       |           |      |      |        | p_ZZN8gdn_bf1617gdn_bf16_top_implEhthhPA128_K7ap_uintILi16EES4_S4_PS2_S5_PA128_S3_43  | auto | 1       | 32, 32, 1        |
|    p_ZZN8gdn_bf1617gdn_bf16_top_implEhthhPA128_K7ap_uintILi16EES4_S4_PS2_S5_PA128_S3_42_U  | ram_1p       |           |      |      |        | p_ZZN8gdn_bf1617gdn_bf16_top_implEhthhPA128_K7ap_uintILi16EES4_S4_PS2_S5_PA128_S3_42  | auto | 1       | 32, 32, 1        |
|    p_ZZN8gdn_bf1617gdn_bf16_top_implEhthhPA128_K7ap_uintILi16EES4_S4_PS2_S5_PA128_S3_41_U  | ram_1p       |           |      |      |        | p_ZZN8gdn_bf1617gdn_bf16_top_implEhthhPA128_K7ap_uintILi16EES4_S4_PS2_S5_PA128_S3_41  | auto | 1       | 32, 32, 1        |
|    p_ZZN8gdn_bf1617gdn_bf16_top_implEhthhPA128_K7ap_uintILi16EES4_S4_PS2_S5_PA128_S3_40_U  | ram_1p       |           |      |      |        | p_ZZN8gdn_bf1617gdn_bf16_top_implEhthhPA128_K7ap_uintILi16EES4_S4_PS2_S5_PA128_S3_40  | auto | 1       | 32, 32, 1        |
|    p_ZZN8gdn_bf1617gdn_bf16_top_implEhthhPA128_K7ap_uintILi16EES4_S4_PS2_S5_PA128_S3_39_U  | ram_1p       |           |      |      |        | p_ZZN8gdn_bf1617gdn_bf16_top_implEhthhPA128_K7ap_uintILi16EES4_S4_PS2_S5_PA128_S3_39  | auto | 1       | 32, 32, 1        |
|    p_ZZN8gdn_bf1617gdn_bf16_top_implEhthhPA128_K7ap_uintILi16EES4_S4_PS2_S5_PA128_S3_38_U  | ram_1p       |           |      |      |        | p_ZZN8gdn_bf1617gdn_bf16_top_implEhthhPA128_K7ap_uintILi16EES4_S4_PS2_S5_PA128_S3_38  | auto | 1       | 32, 32, 1        |
|    p_ZZN8gdn_bf1617gdn_bf16_top_implEhthhPA128_K7ap_uintILi16EES4_S4_PS2_S5_PA128_S3_37_U  | ram_1p       |           |      |      |        | p_ZZN8gdn_bf1617gdn_bf16_top_implEhthhPA128_K7ap_uintILi16EES4_S4_PS2_S5_PA128_S3_37  | auto | 1       | 32, 32, 1        |
|    p_ZZN8gdn_bf1617gdn_bf16_top_implEhthhPA128_K7ap_uintILi16EES4_S4_PS2_S5_PA128_S3_36_U  | ram_1p       |           |      |      |        | p_ZZN8gdn_bf1617gdn_bf16_top_implEhthhPA128_K7ap_uintILi16EES4_S4_PS2_S5_PA128_S3_36  | auto | 1       | 32, 32, 1        |
|    p_ZZN8gdn_bf1617gdn_bf16_top_implEhthhPA128_K7ap_uintILi16EES4_S4_PS2_S5_PA128_S3_35_U  | ram_1p       |           |      |      |        | p_ZZN8gdn_bf1617gdn_bf16_top_implEhthhPA128_K7ap_uintILi16EES4_S4_PS2_S5_PA128_S3_35  | auto | 1       | 32, 32, 1        |
|    p_ZZN8gdn_bf1617gdn_bf16_top_implEhthhPA128_K7ap_uintILi16EES4_S4_PS2_S5_PA128_S3_34_U  | ram_1p       |           |      |      |        | p_ZZN8gdn_bf1617gdn_bf16_top_implEhthhPA128_K7ap_uintILi16EES4_S4_PS2_S5_PA128_S3_34  | auto | 1       | 32, 32, 1        |
|    p_ZZN8gdn_bf1617gdn_bf16_top_implEhthhPA128_K7ap_uintILi16EES4_S4_PS2_S5_PA128_S3_33_U  | ram_1p       |           |      |      |        | p_ZZN8gdn_bf1617gdn_bf16_top_implEhthhPA128_K7ap_uintILi16EES4_S4_PS2_S5_PA128_S3_33  | auto | 1       | 32, 32, 1        |
|    p_ZZN8gdn_bf1617gdn_bf16_top_implEhthhPA128_K7ap_uintILi16EES4_S4_PS2_S5_PA128_S3_32_U  | ram_1p       |           |      |      |        | p_ZZN8gdn_bf1617gdn_bf16_top_implEhthhPA128_K7ap_uintILi16EES4_S4_PS2_S5_PA128_S3_32  | auto | 1       | 32, 32, 1        |
|    p_ZZN8gdn_bf1617gdn_bf16_top_implEhthhPA128_K7ap_uintILi16EES4_S4_PS2_S5_PA128_S3_31_U  | ram_1p       |           |      |      |        | p_ZZN8gdn_bf1617gdn_bf16_top_implEhthhPA128_K7ap_uintILi16EES4_S4_PS2_S5_PA128_S3_31  | auto | 1       | 32, 32, 1        |
|    p_ZZN8gdn_bf1617gdn_bf16_top_implEhthhPA128_K7ap_uintILi16EES4_S4_PS2_S5_PA128_S3_30_U  | ram_1p       |           |      |      |        | p_ZZN8gdn_bf1617gdn_bf16_top_implEhthhPA128_K7ap_uintILi16EES4_S4_PS2_S5_PA128_S3_30  | auto | 1       | 32, 32, 1        |
|    p_ZZN8gdn_bf1617gdn_bf16_top_implEhthhPA128_K7ap_uintILi16EES4_S4_PS2_S5_PA128_S3_29_U  | ram_1p       |           |      |      |        | p_ZZN8gdn_bf1617gdn_bf16_top_implEhthhPA128_K7ap_uintILi16EES4_S4_PS2_S5_PA128_S3_29  | auto | 1       | 32, 32, 1        |
|    p_ZZN8gdn_bf1617gdn_bf16_top_implEhthhPA128_K7ap_uintILi16EES4_S4_PS2_S5_PA128_S3_28_U  | ram_1p       |           |      |      |        | p_ZZN8gdn_bf1617gdn_bf16_top_implEhthhPA128_K7ap_uintILi16EES4_S4_PS2_S5_PA128_S3_28  | auto | 1       | 32, 32, 1        |
|    p_ZZN8gdn_bf1617gdn_bf16_top_implEhthhPA128_K7ap_uintILi16EES4_S4_PS2_S5_PA128_S3_27_U  | ram_1p       |           |      |      |        | p_ZZN8gdn_bf1617gdn_bf16_top_implEhthhPA128_K7ap_uintILi16EES4_S4_PS2_S5_PA128_S3_27  | auto | 1       | 32, 32, 1        |
|    p_ZZN8gdn_bf1617gdn_bf16_top_implEhthhPA128_K7ap_uintILi16EES4_S4_PS2_S5_PA128_S3_26_U  | ram_1p       |           |      |      |        | p_ZZN8gdn_bf1617gdn_bf16_top_implEhthhPA128_K7ap_uintILi16EES4_S4_PS2_S5_PA128_S3_26  | auto | 1       | 32, 32, 1        |
|    p_ZZN8gdn_bf1617gdn_bf16_top_implEhthhPA128_K7ap_uintILi16EES4_S4_PS2_S5_PA128_S3_25_U  | ram_1p       |           |      |      |        | p_ZZN8gdn_bf1617gdn_bf16_top_implEhthhPA128_K7ap_uintILi16EES4_S4_PS2_S5_PA128_S3_25  | auto | 1       | 32, 32, 1        |
|    p_ZZN8gdn_bf1617gdn_bf16_top_implEhthhPA128_K7ap_uintILi16EES4_S4_PS2_S5_PA128_S3_24_U  | ram_1p       |           |      |      |        | p_ZZN8gdn_bf1617gdn_bf16_top_implEhthhPA128_K7ap_uintILi16EES4_S4_PS2_S5_PA128_S3_24  | auto | 1       | 32, 32, 1        |
|    p_ZZN8gdn_bf1617gdn_bf16_top_implEhthhPA128_K7ap_uintILi16EES4_S4_PS2_S5_PA128_S3_23_U  | ram_1p       |           |      |      |        | p_ZZN8gdn_bf1617gdn_bf16_top_implEhthhPA128_K7ap_uintILi16EES4_S4_PS2_S5_PA128_S3_23  | auto | 1       | 32, 32, 1        |
|    p_ZZN8gdn_bf1617gdn_bf16_top_implEhthhPA128_K7ap_uintILi16EES4_S4_PS2_S5_PA128_S3_22_U  | ram_1p       |           |      |      |        | p_ZZN8gdn_bf1617gdn_bf16_top_implEhthhPA128_K7ap_uintILi16EES4_S4_PS2_S5_PA128_S3_22  | auto | 1       | 32, 32, 1        |
|    p_ZZN8gdn_bf1617gdn_bf16_top_implEhthhPA128_K7ap_uintILi16EES4_S4_PS2_S5_PA128_S3_21_U  | ram_1p       |           |      |      |        | p_ZZN8gdn_bf1617gdn_bf16_top_implEhthhPA128_K7ap_uintILi16EES4_S4_PS2_S5_PA128_S3_21  | auto | 1       | 32, 32, 1        |
|    p_ZZN8gdn_bf1617gdn_bf16_top_implEhthhPA128_K7ap_uintILi16EES4_S4_PS2_S5_PA128_S3_20_U  | ram_1p       |           |      |      |        | p_ZZN8gdn_bf1617gdn_bf16_top_implEhthhPA128_K7ap_uintILi16EES4_S4_PS2_S5_PA128_S3_20  | auto | 1       | 32, 32, 1        |
|    p_ZZN8gdn_bf1617gdn_bf16_top_implEhthhPA128_K7ap_uintILi16EES4_S4_PS2_S5_PA128_S3_19_U  | ram_1p       |           |      |      |        | p_ZZN8gdn_bf1617gdn_bf16_top_implEhthhPA128_K7ap_uintILi16EES4_S4_PS2_S5_PA128_S3_19  | auto | 1       | 32, 32, 1        |
|    p_ZZN8gdn_bf1617gdn_bf16_top_implEhthhPA128_K7ap_uintILi16EES4_S4_PS2_S5_PA128_S3_18_U  | ram_1p       |           |      |      |        | p_ZZN8gdn_bf1617gdn_bf16_top_implEhthhPA128_K7ap_uintILi16EES4_S4_PS2_S5_PA128_S3_18  | auto | 1       | 32, 32, 1        |
|    p_ZZN8gdn_bf1617gdn_bf16_top_implEhthhPA128_K7ap_uintILi16EES4_S4_PS2_S5_PA128_S3_17_U  | ram_1p       |           |      |      |        | p_ZZN8gdn_bf1617gdn_bf16_top_implEhthhPA128_K7ap_uintILi16EES4_S4_PS2_S5_PA128_S3_17  | auto | 1       | 32, 32, 1        |
|    p_ZZN8gdn_bf1617gdn_bf16_top_implEhthhPA128_K7ap_uintILi16EES4_S4_PS2_S5_PA128_S3_16_U  | ram_1p       |           |      |      |        | p_ZZN8gdn_bf1617gdn_bf16_top_implEhthhPA128_K7ap_uintILi16EES4_S4_PS2_S5_PA128_S3_16  | auto | 1       | 32, 32, 1        |
|    p_ZZN8gdn_bf1617gdn_bf16_top_implEhthhPA128_K7ap_uintILi16EES4_S4_PS2_S5_PA128_S3_15_U  | ram_1p       |           |      |      |        | p_ZZN8gdn_bf1617gdn_bf16_top_implEhthhPA128_K7ap_uintILi16EES4_S4_PS2_S5_PA128_S3_15  | auto | 1       | 32, 32, 1        |
|    p_ZZN8gdn_bf1617gdn_bf16_top_implEhthhPA128_K7ap_uintILi16EES4_S4_PS2_S5_PA128_S3_14_U  | ram_1p       |           |      |      |        | p_ZZN8gdn_bf1617gdn_bf16_top_implEhthhPA128_K7ap_uintILi16EES4_S4_PS2_S5_PA128_S3_14  | auto | 1       | 32, 32, 1        |
|    p_ZZN8gdn_bf1617gdn_bf16_top_implEhthhPA128_K7ap_uintILi16EES4_S4_PS2_S5_PA128_S3_13_U  | ram_1p       |           |      |      |        | p_ZZN8gdn_bf1617gdn_bf16_top_implEhthhPA128_K7ap_uintILi16EES4_S4_PS2_S5_PA128_S3_13  | auto | 1       | 32, 32, 1        |
|    p_ZZN8gdn_bf1617gdn_bf16_top_implEhthhPA128_K7ap_uintILi16EES4_S4_PS2_S5_PA128_S3_12_U  | ram_1p       |           |      |      |        | p_ZZN8gdn_bf1617gdn_bf16_top_implEhthhPA128_K7ap_uintILi16EES4_S4_PS2_S5_PA128_S3_12  | auto | 1       | 32, 32, 1        |
|    p_ZZN8gdn_bf1617gdn_bf16_top_implEhthhPA128_K7ap_uintILi16EES4_S4_PS2_S5_PA128_S3_11_U  | ram_1p       |           |      |      |        | p_ZZN8gdn_bf1617gdn_bf16_top_implEhthhPA128_K7ap_uintILi16EES4_S4_PS2_S5_PA128_S3_11  | auto | 1       | 32, 32, 1        |
|    p_ZZN8gdn_bf1617gdn_bf16_top_implEhthhPA128_K7ap_uintILi16EES4_S4_PS2_S5_PA128_S3_10_U  | ram_1p       |           |      |      |        | p_ZZN8gdn_bf1617gdn_bf16_top_implEhthhPA128_K7ap_uintILi16EES4_S4_PS2_S5_PA128_S3_10  | auto | 1       | 32, 32, 1        |
|    p_ZZN8gdn_bf1617gdn_bf16_top_implEhthhPA128_K7ap_uintILi16EES4_S4_PS2_S5_PA128_S3_9_U   | ram_1p       |           |      |      |        | p_ZZN8gdn_bf1617gdn_bf16_top_implEhthhPA128_K7ap_uintILi16EES4_S4_PS2_S5_PA128_S3_9   | auto | 1       | 32, 32, 1        |
|    p_ZZN8gdn_bf1617gdn_bf16_top_implEhthhPA128_K7ap_uintILi16EES4_S4_PS2_S5_PA128_S3_8_U   | ram_1p       |           |      |      |        | p_ZZN8gdn_bf1617gdn_bf16_top_implEhthhPA128_K7ap_uintILi16EES4_S4_PS2_S5_PA128_S3_8   | auto | 1       | 32, 32, 1        |
|    p_ZZN8gdn_bf1617gdn_bf16_top_implEhthhPA128_K7ap_uintILi16EES4_S4_PS2_S5_PA128_S3_7_U   | ram_1p       |           |      |      |        | p_ZZN8gdn_bf1617gdn_bf16_top_implEhthhPA128_K7ap_uintILi16EES4_S4_PS2_S5_PA128_S3_7   | auto | 1       | 32, 32, 1        |
|    p_ZZN8gdn_bf1617gdn_bf16_top_implEhthhPA128_K7ap_uintILi16EES4_S4_PS2_S5_PA128_S3_6_U   | ram_1p       |           |      |      |        | p_ZZN8gdn_bf1617gdn_bf16_top_implEhthhPA128_K7ap_uintILi16EES4_S4_PS2_S5_PA128_S3_6   | auto | 1       | 32, 32, 1        |
|    p_ZZN8gdn_bf1617gdn_bf16_top_implEhthhPA128_K7ap_uintILi16EES4_S4_PS2_S5_PA128_S3_5_U   | ram_1p       |           |      |      |        | p_ZZN8gdn_bf1617gdn_bf16_top_implEhthhPA128_K7ap_uintILi16EES4_S4_PS2_S5_PA128_S3_5   | auto | 1       | 32, 32, 1        |
|    p_ZZN8gdn_bf1617gdn_bf16_top_implEhthhPA128_K7ap_uintILi16EES4_S4_PS2_S5_PA128_S3_4_U   | ram_1p       |           |      |      |        | p_ZZN8gdn_bf1617gdn_bf16_top_implEhthhPA128_K7ap_uintILi16EES4_S4_PS2_S5_PA128_S3_4   | auto | 1       | 32, 32, 1        |
|    p_ZZN8gdn_bf1617gdn_bf16_top_implEhthhPA128_K7ap_uintILi16EES4_S4_PS2_S5_PA128_S3_3_U   | ram_1p       |           |      |      |        | p_ZZN8gdn_bf1617gdn_bf16_top_implEhthhPA128_K7ap_uintILi16EES4_S4_PS2_S5_PA128_S3_3   | auto | 1       | 32, 32, 1        |
|    p_ZZN8gdn_bf1617gdn_bf16_top_implEhthhPA128_K7ap_uintILi16EES4_S4_PS2_S5_PA128_S3_2_U   | ram_1p       |           |      |      |        | p_ZZN8gdn_bf1617gdn_bf16_top_implEhthhPA128_K7ap_uintILi16EES4_S4_PS2_S5_PA128_S3_2   | auto | 1       | 32, 32, 1        |
|    p_ZZN8gdn_bf1617gdn_bf16_top_implEhthhPA128_K7ap_uintILi16EES4_S4_PS2_S5_PA128_S3_1_U   | ram_1p       |           |      |      |        | p_ZZN8gdn_bf1617gdn_bf16_top_implEhthhPA128_K7ap_uintILi16EES4_S4_PS2_S5_PA128_S3_1   | auto | 1       | 32, 32, 1        |
|    p_ZZN8gdn_bf1617gdn_bf16_top_implEhthhPA128_K7ap_uintILi16EES4_S4_PS2_S5_PA128_S3_U     | ram_1p       |           |      |      |        | p_ZZN8gdn_bf1617gdn_bf16_top_implEhthhPA128_K7ap_uintILi16EES4_S4_PS2_S5_PA128_S3     | auto | 1       | 32, 32, 1        |
|    p_ZZN8gdn_bf1617gdn_bf16_top_implEhthhPA128_K7ap_uintILi16EES4_S4_PS2_S5_PA128_S3_607_U | ram_1p       |           |      |      |        | p_ZZN8gdn_bf1617gdn_bf16_top_implEhthhPA128_K7ap_uintILi16EES4_S4_PS2_S5_PA128_S3_607 | auto | 1       | 32, 32, 1        |
|    p_ZZN8gdn_bf1617gdn_bf16_top_implEhthhPA128_K7ap_uintILi16EES4_S4_PS2_S5_PA128_S3_608_U | ram_1p       |           |      |      |        | p_ZZN8gdn_bf1617gdn_bf16_top_implEhthhPA128_K7ap_uintILi16EES4_S4_PS2_S5_PA128_S3_608 | auto | 1       | 32, 32, 1        |
|    p_ZZN8gdn_bf1617gdn_bf16_top_implEhthhPA128_K7ap_uintILi16EES4_S4_PS2_S5_PA128_S3_609_U | ram_1p       |           |      |      |        | p_ZZN8gdn_bf1617gdn_bf16_top_implEhthhPA128_K7ap_uintILi16EES4_S4_PS2_S5_PA128_S3_609 | auto | 1       | 32, 32, 1        |
|    p_ZZN8gdn_bf1617gdn_bf16_top_implEhthhPA128_K7ap_uintILi16EES4_S4_PS2_S5_PA128_S3_610_U | ram_1p       |           |      |      |        | p_ZZN8gdn_bf1617gdn_bf16_top_implEhthhPA128_K7ap_uintILi16EES4_S4_PS2_S5_PA128_S3_610 | auto | 1       | 32, 32, 1        |
|    p_ZZN8gdn_bf1617gdn_bf16_top_implEhthhPA128_K7ap_uintILi16EES4_S4_PS2_S5_PA128_S3_611_U | ram_1p       |           |      |      |        | p_ZZN8gdn_bf1617gdn_bf16_top_implEhthhPA128_K7ap_uintILi16EES4_S4_PS2_S5_PA128_S3_611 | auto | 1       | 32, 32, 1        |
|    p_ZZN8gdn_bf1617gdn_bf16_top_implEhthhPA128_K7ap_uintILi16EES4_S4_PS2_S5_PA128_S3_612_U | ram_1p       |           |      |      |        | p_ZZN8gdn_bf1617gdn_bf16_top_implEhthhPA128_K7ap_uintILi16EES4_S4_PS2_S5_PA128_S3_612 | auto | 1       | 32, 32, 1        |
|    p_ZZN8gdn_bf1617gdn_bf16_top_implEhthhPA128_K7ap_uintILi16EES4_S4_PS2_S5_PA128_S3_613_U | ram_1p       |           |      |      |        | p_ZZN8gdn_bf1617gdn_bf16_top_implEhthhPA128_K7ap_uintILi16EES4_S4_PS2_S5_PA128_S3_613 | auto | 1       | 32, 32, 1        |
|    p_ZZN8gdn_bf1617gdn_bf16_top_implEhthhPA128_K7ap_uintILi16EES4_S4_PS2_S5_PA128_S3_614_U | ram_1p       |           |      |      |        | p_ZZN8gdn_bf1617gdn_bf16_top_implEhthhPA128_K7ap_uintILi16EES4_S4_PS2_S5_PA128_S3_614 | auto | 1       | 32, 32, 1        |
|    p_ZZN8gdn_bf1617gdn_bf16_top_implEhthhPA128_K7ap_uintILi16EES4_S4_PS2_S5_PA128_S3_615_U | ram_1p       |           |      |      |        | p_ZZN8gdn_bf1617gdn_bf16_top_implEhthhPA128_K7ap_uintILi16EES4_S4_PS2_S5_PA128_S3_615 | auto | 1       | 32, 32, 1        |
|    p_ZZN8gdn_bf1617gdn_bf16_top_implEhthhPA128_K7ap_uintILi16EES4_S4_PS2_S5_PA128_S3_616_U | ram_1p       |           |      |      |        | p_ZZN8gdn_bf1617gdn_bf16_top_implEhthhPA128_K7ap_uintILi16EES4_S4_PS2_S5_PA128_S3_616 | auto | 1       | 32, 32, 1        |
|    p_ZZN8gdn_bf1617gdn_bf16_top_implEhthhPA128_K7ap_uintILi16EES4_S4_PS2_S5_PA128_S3_617_U | ram_1p       |           |      |      |        | p_ZZN8gdn_bf1617gdn_bf16_top_implEhthhPA128_K7ap_uintILi16EES4_S4_PS2_S5_PA128_S3_617 | auto | 1       | 32, 32, 1        |
|    p_ZZN8gdn_bf1617gdn_bf16_top_implEhthhPA128_K7ap_uintILi16EES4_S4_PS2_S5_PA128_S3_618_U | ram_1p       |           |      |      |        | p_ZZN8gdn_bf1617gdn_bf16_top_implEhthhPA128_K7ap_uintILi16EES4_S4_PS2_S5_PA128_S3_618 | auto | 1       | 32, 32, 1        |
|    p_ZZN8gdn_bf1617gdn_bf16_top_implEhthhPA128_K7ap_uintILi16EES4_S4_PS2_S5_PA128_S3_99_U  | ram_1p       |           |      |      |        | p_ZZN8gdn_bf1617gdn_bf16_top_implEhthhPA128_K7ap_uintILi16EES4_S4_PS2_S5_PA128_S3_99  | auto | 1       | 32, 32, 1        |
|    p_ZZN8gdn_bf1617gdn_bf16_top_implEhthhPA128_K7ap_uintILi16EES4_S4_PS2_S5_PA128_S3_98_U  | ram_1p       |           |      |      |        | p_ZZN8gdn_bf1617gdn_bf16_top_implEhthhPA128_K7ap_uintILi16EES4_S4_PS2_S5_PA128_S3_98  | auto | 1       | 32, 32, 1        |
|    p_ZZN8gdn_bf1617gdn_bf16_top_implEhthhPA128_K7ap_uintILi16EES4_S4_PS2_S5_PA128_S3_97_U  | ram_1p       |           |      |      |        | p_ZZN8gdn_bf1617gdn_bf16_top_implEhthhPA128_K7ap_uintILi16EES4_S4_PS2_S5_PA128_S3_97  | auto | 1       | 32, 32, 1        |
|    p_ZZN8gdn_bf1617gdn_bf16_top_implEhthhPA128_K7ap_uintILi16EES4_S4_PS2_S5_PA128_S3_96_U  | ram_1p       |           |      |      |        | p_ZZN8gdn_bf1617gdn_bf16_top_implEhthhPA128_K7ap_uintILi16EES4_S4_PS2_S5_PA128_S3_96  | auto | 1       | 32, 32, 1        |
|    gdn_bf16_top_impl_unsigned_char_unsigned_short_unsigned_char_unsigned_char_ap_ui_7_U    | ram_1p       |           |      |      |        | gdn_bf16_top_impl_unsigned_char_unsigned_short_unsigned_char_unsigned_char_ap_ui_7    | auto | 1       | 32, 32, 1        |
|    gdn_bf16_top_impl_unsigned_char_unsigned_short_unsigned_char_unsigned_char_ap_ui_6_U    | ram_1p       |           |      |      |        | gdn_bf16_top_impl_unsigned_char_unsigned_short_unsigned_char_unsigned_char_ap_ui_6    | auto | 1       | 32, 32, 1        |
|    gdn_bf16_top_impl_unsigned_char_unsigned_short_unsigned_char_unsigned_char_ap_ui_5_U    | ram_1p       |           |      |      |        | gdn_bf16_top_impl_unsigned_char_unsigned_short_unsigned_char_unsigned_char_ap_ui_5    | auto | 1       | 32, 32, 1        |
|    gdn_bf16_top_impl_unsigned_char_unsigned_short_unsigned_char_unsigned_char_ap_ui_4_U    | ram_1p       |           |      |      |        | gdn_bf16_top_impl_unsigned_char_unsigned_short_unsigned_char_unsigned_char_ap_ui_4    | auto | 1       | 32, 32, 1        |
|    gdn_bf16_top_impl_unsigned_char_unsigned_short_unsigned_char_unsigned_char_ap_ui_3_U    | ram_1p       |           |      |      |        | gdn_bf16_top_impl_unsigned_char_unsigned_short_unsigned_char_unsigned_char_ap_ui_3    | auto | 1       | 32, 32, 1        |
|    gdn_bf16_top_impl_unsigned_char_unsigned_short_unsigned_char_unsigned_char_ap_ui_2_U    | ram_1p       |           |      |      |        | gdn_bf16_top_impl_unsigned_char_unsigned_short_unsigned_char_unsigned_char_ap_ui_2    | auto | 1       | 32, 32, 1        |
|    gdn_bf16_top_impl_unsigned_char_unsigned_short_unsigned_char_unsigned_char_ap_ui_1_U    | ram_1p       |           |      |      |        | gdn_bf16_top_impl_unsigned_char_unsigned_short_unsigned_char_unsigned_char_ap_ui_1    | auto | 1       | 32, 32, 1        |
|    gdn_bf16_top_impl_unsigned_char_unsigned_short_unsigned_char_unsigned_char_ap_ui_U      | ram_1p       |           |      |      |        | gdn_bf16_top_impl_unsigned_char_unsigned_short_unsigned_char_unsigned_char_ap_ui      | auto | 1       | 32, 32, 1        |
|    p_ZZN8gdn_bf1617gdn_bf16_top_implEhthhPA128_K7ap_uintILi16EES4_S4_PS2_S5_PA128_S3_95_U  | ram_1p       |           |      |      |        | p_ZZN8gdn_bf1617gdn_bf16_top_implEhthhPA128_K7ap_uintILi16EES4_S4_PS2_S5_PA128_S3_95  | auto | 1       | 32, 32, 1        |
|    p_ZZN8gdn_bf1617gdn_bf16_top_implEhthhPA128_K7ap_uintILi16EES4_S4_PS2_S5_PA128_S3_94_U  | ram_1p       |           |      |      |        | p_ZZN8gdn_bf1617gdn_bf16_top_implEhthhPA128_K7ap_uintILi16EES4_S4_PS2_S5_PA128_S3_94  | auto | 1       | 32, 32, 1        |
|    p_ZZN8gdn_bf1617gdn_bf16_top_implEhthhPA128_K7ap_uintILi16EES4_S4_PS2_S5_PA128_S3_93_U  | ram_1p       |           |      |      |        | p_ZZN8gdn_bf1617gdn_bf16_top_implEhthhPA128_K7ap_uintILi16EES4_S4_PS2_S5_PA128_S3_93  | auto | 1       | 32, 32, 1        |
|    p_ZZN8gdn_bf1617gdn_bf16_top_implEhthhPA128_K7ap_uintILi16EES4_S4_PS2_S5_PA128_S3_92_U  | ram_1p       |           |      |      |        | p_ZZN8gdn_bf1617gdn_bf16_top_implEhthhPA128_K7ap_uintILi16EES4_S4_PS2_S5_PA128_S3_92  | auto | 1       | 32, 32, 1        |
|    p_ZZN8gdn_bf1617gdn_bf16_top_implEhthhPA128_K7ap_uintILi16EES4_S4_PS2_S5_PA128_S3_91_U  | ram_1p       |           |      |      |        | p_ZZN8gdn_bf1617gdn_bf16_top_implEhthhPA128_K7ap_uintILi16EES4_S4_PS2_S5_PA128_S3_91  | auto | 1       | 32, 32, 1        |
|    p_ZZN8gdn_bf1617gdn_bf16_top_implEhthhPA128_K7ap_uintILi16EES4_S4_PS2_S5_PA128_S3_90_U  | ram_1p       |           |      |      |        | p_ZZN8gdn_bf1617gdn_bf16_top_implEhthhPA128_K7ap_uintILi16EES4_S4_PS2_S5_PA128_S3_90  | auto | 1       | 32, 32, 1        |
|    p_ZZN8gdn_bf1617gdn_bf16_top_implEhthhPA128_K7ap_uintILi16EES4_S4_PS2_S5_PA128_S3_89_U  | ram_1p       |           |      |      |        | p_ZZN8gdn_bf1617gdn_bf16_top_implEhthhPA128_K7ap_uintILi16EES4_S4_PS2_S5_PA128_S3_89  | auto | 1       | 32, 32, 1        |
|    p_ZZN8gdn_bf1617gdn_bf16_top_implEhthhPA128_K7ap_uintILi16EES4_S4_PS2_S5_PA128_S3_88_U  | ram_1p       |           |      |      |        | p_ZZN8gdn_bf1617gdn_bf16_top_implEhthhPA128_K7ap_uintILi16EES4_S4_PS2_S5_PA128_S3_88  | auto | 1       | 32, 32, 1        |
|    p_ZZN8gdn_bf1617gdn_bf16_top_implEhthhPA128_K7ap_uintILi16EES4_S4_PS2_S5_PA128_S3_87_U  | ram_1p       |           |      |      |        | p_ZZN8gdn_bf1617gdn_bf16_top_implEhthhPA128_K7ap_uintILi16EES4_S4_PS2_S5_PA128_S3_87  | auto | 1       | 32, 32, 1        |
|    p_ZZN8gdn_bf1617gdn_bf16_top_implEhthhPA128_K7ap_uintILi16EES4_S4_PS2_S5_PA128_S3_86_U  | ram_1p       |           |      |      |        | p_ZZN8gdn_bf1617gdn_bf16_top_implEhthhPA128_K7ap_uintILi16EES4_S4_PS2_S5_PA128_S3_86  | auto | 1       | 32, 32, 1        |
|    p_ZZN8gdn_bf1617gdn_bf16_top_implEhthhPA128_K7ap_uintILi16EES4_S4_PS2_S5_PA128_S3_85_U  | ram_1p       |           |      |      |        | p_ZZN8gdn_bf1617gdn_bf16_top_implEhthhPA128_K7ap_uintILi16EES4_S4_PS2_S5_PA128_S3_85  | auto | 1       | 32, 32, 1        |
|    p_ZZN8gdn_bf1617gdn_bf16_top_implEhthhPA128_K7ap_uintILi16EES4_S4_PS2_S5_PA128_S3_84_U  | ram_1p       |           |      |      |        | p_ZZN8gdn_bf1617gdn_bf16_top_implEhthhPA128_K7ap_uintILi16EES4_S4_PS2_S5_PA128_S3_84  | auto | 1       | 32, 32, 1        |
|    p_ZZN8gdn_bf1617gdn_bf16_top_implEhthhPA128_K7ap_uintILi16EES4_S4_PS2_S5_PA128_S3_83_U  | ram_1p       |           |      |      |        | p_ZZN8gdn_bf1617gdn_bf16_top_implEhthhPA128_K7ap_uintILi16EES4_S4_PS2_S5_PA128_S3_83  | auto | 1       | 32, 32, 1        |
|    p_ZZN8gdn_bf1617gdn_bf16_top_implEhthhPA128_K7ap_uintILi16EES4_S4_PS2_S5_PA128_S3_82_U  | ram_1p       |           |      |      |        | p_ZZN8gdn_bf1617gdn_bf16_top_implEhthhPA128_K7ap_uintILi16EES4_S4_PS2_S5_PA128_S3_82  | auto | 1       | 32, 32, 1        |
|    p_ZZN8gdn_bf1617gdn_bf16_top_implEhthhPA128_K7ap_uintILi16EES4_S4_PS2_S5_PA128_S3_81_U  | ram_1p       |           |      |      |        | p_ZZN8gdn_bf1617gdn_bf16_top_implEhthhPA128_K7ap_uintILi16EES4_S4_PS2_S5_PA128_S3_81  | auto | 1       | 32, 32, 1        |
|    p_ZZN8gdn_bf1617gdn_bf16_top_implEhthhPA128_K7ap_uintILi16EES4_S4_PS2_S5_PA128_S3_80_U  | ram_1p       |           |      |      |        | p_ZZN8gdn_bf1617gdn_bf16_top_implEhthhPA128_K7ap_uintILi16EES4_S4_PS2_S5_PA128_S3_80  | auto | 1       | 32, 32, 1        |
|    p_ZZN8gdn_bf1617gdn_bf16_top_implEhthhPA128_K7ap_uintILi16EES4_S4_PS2_S5_PA128_S3_79_U  | ram_1p       |           |      |      |        | p_ZZN8gdn_bf1617gdn_bf16_top_implEhthhPA128_K7ap_uintILi16EES4_S4_PS2_S5_PA128_S3_79  | auto | 1       | 32, 32, 1        |
|    p_ZZN8gdn_bf1617gdn_bf16_top_implEhthhPA128_K7ap_uintILi16EES4_S4_PS2_S5_PA128_S3_78_U  | ram_1p       |           |      |      |        | p_ZZN8gdn_bf1617gdn_bf16_top_implEhthhPA128_K7ap_uintILi16EES4_S4_PS2_S5_PA128_S3_78  | auto | 1       | 32, 32, 1        |
|    p_ZZN8gdn_bf1617gdn_bf16_top_implEhthhPA128_K7ap_uintILi16EES4_S4_PS2_S5_PA128_S3_77_U  | ram_1p       |           |      |      |        | p_ZZN8gdn_bf1617gdn_bf16_top_implEhthhPA128_K7ap_uintILi16EES4_S4_PS2_S5_PA128_S3_77  | auto | 1       | 32, 32, 1        |
|    p_ZZN8gdn_bf1617gdn_bf16_top_implEhthhPA128_K7ap_uintILi16EES4_S4_PS2_S5_PA128_S3_76_U  | ram_1p       |           |      |      |        | p_ZZN8gdn_bf1617gdn_bf16_top_implEhthhPA128_K7ap_uintILi16EES4_S4_PS2_S5_PA128_S3_76  | auto | 1       | 32, 32, 1        |
|    p_ZZN8gdn_bf1617gdn_bf16_top_implEhthhPA128_K7ap_uintILi16EES4_S4_PS2_S5_PA128_S3_75_U  | ram_1p       |           |      |      |        | p_ZZN8gdn_bf1617gdn_bf16_top_implEhthhPA128_K7ap_uintILi16EES4_S4_PS2_S5_PA128_S3_75  | auto | 1       | 32, 32, 1        |
|    p_ZZN8gdn_bf1617gdn_bf16_top_implEhthhPA128_K7ap_uintILi16EES4_S4_PS2_S5_PA128_S3_74_U  | ram_1p       |           |      |      |        | p_ZZN8gdn_bf1617gdn_bf16_top_implEhthhPA128_K7ap_uintILi16EES4_S4_PS2_S5_PA128_S3_74  | auto | 1       | 32, 32, 1        |
|    p_ZZN8gdn_bf1617gdn_bf16_top_implEhthhPA128_K7ap_uintILi16EES4_S4_PS2_S5_PA128_S3_73_U  | ram_1p       |           |      |      |        | p_ZZN8gdn_bf1617gdn_bf16_top_implEhthhPA128_K7ap_uintILi16EES4_S4_PS2_S5_PA128_S3_73  | auto | 1       | 32, 32, 1        |
|    p_ZZN8gdn_bf1617gdn_bf16_top_implEhthhPA128_K7ap_uintILi16EES4_S4_PS2_S5_PA128_S3_72_U  | ram_1p       |           |      |      |        | p_ZZN8gdn_bf1617gdn_bf16_top_implEhthhPA128_K7ap_uintILi16EES4_S4_PS2_S5_PA128_S3_72  | auto | 1       | 32, 32, 1        |
|   + p_anonymous_namespace_phase2_decay_predict_tile                                        |              |           | 0    | 0    |        |                                                                                       |      |         |                  |
|     terms_U                                                                                | ram_1p array |           |      |      |        | terms                                                                                 | auto | 1       | 32, 8, 1         |
|     terms_1_U                                                                              | ram_1p array |           |      |      |        | terms_1                                                                               | auto | 1       | 32, 8, 1         |
|     terms_2_U                                                                              | ram_1p array |           |      |      |        | terms_2                                                                               | auto | 1       | 32, 8, 1         |
|     terms_3_U                                                                              | ram_1p array |           |      |      |        | terms_3                                                                               | auto | 1       | 32, 8, 1         |
|     terms_4_U                                                                              | ram_1p array |           |      |      |        | terms_4                                                                               | auto | 1       | 32, 8, 1         |
|     terms_5_U                                                                              | ram_1p array |           |      |      |        | terms_5                                                                               | auto | 1       | 32, 8, 1         |
|     terms_6_U                                                                              | ram_1p array |           |      |      |        | terms_6                                                                               | auto | 1       | 32, 8, 1         |
|     terms_7_U                                                                              | ram_1p array |           |      |      |        | terms_7                                                                               | auto | 1       | 32, 8, 1         |
|     terms_8_U                                                                              | ram_1p array |           |      |      |        | terms_8                                                                               | auto | 1       | 32, 8, 1         |
|     terms_9_U                                                                              | ram_1p array |           |      |      |        | terms_9                                                                               | auto | 1       | 32, 8, 1         |
|     terms_10_U                                                                             | ram_1p array |           |      |      |        | terms_10                                                                              | auto | 1       | 32, 8, 1         |
|     terms_11_U                                                                             | ram_1p array |           |      |      |        | terms_11                                                                              | auto | 1       | 32, 8, 1         |
|     terms_12_U                                                                             | ram_1p array |           |      |      |        | terms_12                                                                              | auto | 1       | 32, 8, 1         |
|     terms_13_U                                                                             | ram_1p array |           |      |      |        | terms_13                                                                              | auto | 1       | 32, 8, 1         |
|     terms_14_U                                                                             | ram_1p array |           |      |      |        | terms_14                                                                              | auto | 1       | 32, 8, 1         |
|     terms_15_U                                                                             | ram_1p array |           |      |      |        | terms_15                                                                              | auto | 1       | 32, 8, 1         |
|    + p_anonymous_namespace_reduce_128 (grp_p_anonymous_namespace_reduce_128_fu_1574)       |              |           | 0    | 0    |        |                                                                                       |      |         |                  |
|      level64_U                                                                             | ram_1p array |           |      |      |        | level64                                                                               | auto | 1       | 32, 4, 1         |
|      level64_1_U                                                                           | ram_1p array |           |      |      |        | level64_1                                                                             | auto | 1       | 32, 4, 1         |
|      level64_2_U                                                                           | ram_1p array |           |      |      |        | level64_2                                                                             | auto | 1       | 32, 4, 1         |
|      level64_3_U                                                                           | ram_1p array |           |      |      |        | level64_3                                                                             | auto | 1       | 32, 4, 1         |
|      level64_4_U                                                                           | ram_1p array |           |      |      |        | level64_4                                                                             | auto | 1       | 32, 4, 1         |
|      level64_5_U                                                                           | ram_1p array |           |      |      |        | level64_5                                                                             | auto | 1       | 32, 4, 1         |
|      level64_6_U                                                                           | ram_1p array |           |      |      |        | level64_6                                                                             | auto | 1       | 32, 4, 1         |
|      level64_7_U                                                                           | ram_1p array |           |      |      |        | level64_7                                                                             | auto | 1       | 32, 4, 1         |
|      level64_8_U                                                                           | ram_1p array |           |      |      |        | level64_8                                                                             | auto | 1       | 32, 4, 1         |
|      level64_9_U                                                                           | ram_1p array |           |      |      |        | level64_9                                                                             | auto | 1       | 32, 4, 1         |
|      level64_10_U                                                                          | ram_1p array |           |      |      |        | level64_10                                                                            | auto | 1       | 32, 4, 1         |
|      level64_11_U                                                                          | ram_1p array |           |      |      |        | level64_11                                                                            | auto | 1       | 32, 4, 1         |
|      level64_12_U                                                                          | ram_1p array |           |      |      |        | level64_12                                                                            | auto | 1       | 32, 4, 1         |
|      level64_13_U                                                                          | ram_1p array |           |      |      |        | level64_13                                                                            | auto | 1       | 32, 4, 1         |
|      level64_14_U                                                                          | ram_1p array |           |      |      |        | level64_14                                                                            | auto | 1       | 32, 4, 1         |
|      level64_15_U                                                                          | ram_1p array |           |      |      |        | level64_15                                                                            | auto | 1       | 32, 4, 1         |
|      level32_U                                                                             | ram_1p array |           |      |      |        | level32                                                                               | auto | 1       | 32, 2, 1         |
|      level32_1_U                                                                           | ram_1p array |           |      |      |        | level32_1                                                                             | auto | 1       | 32, 2, 1         |
|      level32_2_U                                                                           | ram_1p array |           |      |      |        | level32_2                                                                             | auto | 1       | 32, 2, 1         |
|      level32_3_U                                                                           | ram_1p array |           |      |      |        | level32_3                                                                             | auto | 1       | 32, 2, 1         |
|      level32_4_U                                                                           | ram_1p array |           |      |      |        | level32_4                                                                             | auto | 1       | 32, 2, 1         |
|      level32_5_U                                                                           | ram_1p array |           |      |      |        | level32_5                                                                             | auto | 1       | 32, 2, 1         |
|      level32_6_U                                                                           | ram_1p array |           |      |      |        | level32_6                                                                             | auto | 1       | 32, 2, 1         |
|      level32_7_U                                                                           | ram_1p array |           |      |      |        | level32_7                                                                             | auto | 1       | 32, 2, 1         |
|      level32_8_U                                                                           | ram_1p array |           |      |      |        | level32_8                                                                             | auto | 1       | 32, 2, 1         |
|      level32_9_U                                                                           | ram_1p array |           |      |      |        | level32_9                                                                             | auto | 1       | 32, 2, 1         |
|      level32_10_U                                                                          | ram_1p array |           |      |      |        | level32_10                                                                            | auto | 1       | 32, 2, 1         |
|      level32_11_U                                                                          | ram_1p array |           |      |      |        | level32_11                                                                            | auto | 1       | 32, 2, 1         |
|      level32_12_U                                                                          | ram_1p array |           |      |      |        | level32_12                                                                            | auto | 1       | 32, 2, 1         |
|      level32_13_U                                                                          | ram_1p array |           |      |      |        | level32_13                                                                            | auto | 1       | 32, 2, 1         |
|      level32_14_U                                                                          | ram_1p array |           |      |      |        | level32_14                                                                            | auto | 1       | 32, 2, 1         |
|      level32_15_U                                                                          | ram_1p array |           |      |      |        | level32_15                                                                            | auto | 1       | 32, 2, 1         |
|   + p_anonymous_namespace_phase5_output_tile                                               |              |           | 0    | 0    |        |                                                                                       |      |         |                  |
|     terms_U                                                                                | ram_1p array |           |      |      |        | terms                                                                                 | auto | 1       | 32, 8, 1         |
|     terms_1_U                                                                              | ram_1p array |           |      |      |        | terms_1                                                                               | auto | 1       | 32, 8, 1         |
|     terms_2_U                                                                              | ram_1p array |           |      |      |        | terms_2                                                                               | auto | 1       | 32, 8, 1         |
|     terms_3_U                                                                              | ram_1p array |           |      |      |        | terms_3                                                                               | auto | 1       | 32, 8, 1         |
|     terms_4_U                                                                              | ram_1p array |           |      |      |        | terms_4                                                                               | auto | 1       | 32, 8, 1         |
|     terms_5_U                                                                              | ram_1p array |           |      |      |        | terms_5                                                                               | auto | 1       | 32, 8, 1         |
|     terms_6_U                                                                              | ram_1p array |           |      |      |        | terms_6                                                                               | auto | 1       | 32, 8, 1         |
|     terms_7_U                                                                              | ram_1p array |           |      |      |        | terms_7                                                                               | auto | 1       | 32, 8, 1         |
|     terms_8_U                                                                              | ram_1p array |           |      |      |        | terms_8                                                                               | auto | 1       | 32, 8, 1         |
|     terms_9_U                                                                              | ram_1p array |           |      |      |        | terms_9                                                                               | auto | 1       | 32, 8, 1         |
|     terms_10_U                                                                             | ram_1p array |           |      |      |        | terms_10                                                                              | auto | 1       | 32, 8, 1         |
|     terms_11_U                                                                             | ram_1p array |           |      |      |        | terms_11                                                                              | auto | 1       | 32, 8, 1         |
|     terms_12_U                                                                             | ram_1p array |           |      |      |        | terms_12                                                                              | auto | 1       | 32, 8, 1         |
|     terms_13_U                                                                             | ram_1p array |           |      |      |        | terms_13                                                                              | auto | 1       | 32, 8, 1         |
|     terms_14_U                                                                             | ram_1p array |           |      |      |        | terms_14                                                                              | auto | 1       | 32, 8, 1         |
|     terms_15_U                                                                             | ram_1p array |           |      |      |        | terms_15                                                                              | auto | 1       | 32, 8, 1         |
|    + p_anonymous_namespace_reduce_128 (grp_p_anonymous_namespace_reduce_128_fu_727)        |              |           | 0    | 0    |        |                                                                                       |      |         |                  |
|      level64_U                                                                             | ram_1p array |           |      |      |        | level64                                                                               | auto | 1       | 32, 4, 1         |
|      level64_1_U                                                                           | ram_1p array |           |      |      |        | level64_1                                                                             | auto | 1       | 32, 4, 1         |
|      level64_2_U                                                                           | ram_1p array |           |      |      |        | level64_2                                                                             | auto | 1       | 32, 4, 1         |
|      level64_3_U                                                                           | ram_1p array |           |      |      |        | level64_3                                                                             | auto | 1       | 32, 4, 1         |
|      level64_4_U                                                                           | ram_1p array |           |      |      |        | level64_4                                                                             | auto | 1       | 32, 4, 1         |
|      level64_5_U                                                                           | ram_1p array |           |      |      |        | level64_5                                                                             | auto | 1       | 32, 4, 1         |
|      level64_6_U                                                                           | ram_1p array |           |      |      |        | level64_6                                                                             | auto | 1       | 32, 4, 1         |
|      level64_7_U                                                                           | ram_1p array |           |      |      |        | level64_7                                                                             | auto | 1       | 32, 4, 1         |
|      level64_8_U                                                                           | ram_1p array |           |      |      |        | level64_8                                                                             | auto | 1       | 32, 4, 1         |
|      level64_9_U                                                                           | ram_1p array |           |      |      |        | level64_9                                                                             | auto | 1       | 32, 4, 1         |
|      level64_10_U                                                                          | ram_1p array |           |      |      |        | level64_10                                                                            | auto | 1       | 32, 4, 1         |
|      level64_11_U                                                                          | ram_1p array |           |      |      |        | level64_11                                                                            | auto | 1       | 32, 4, 1         |
|      level64_12_U                                                                          | ram_1p array |           |      |      |        | level64_12                                                                            | auto | 1       | 32, 4, 1         |
|      level64_13_U                                                                          | ram_1p array |           |      |      |        | level64_13                                                                            | auto | 1       | 32, 4, 1         |
|      level64_14_U                                                                          | ram_1p array |           |      |      |        | level64_14                                                                            | auto | 1       | 32, 4, 1         |
|      level64_15_U                                                                          | ram_1p array |           |      |      |        | level64_15                                                                            | auto | 1       | 32, 4, 1         |
|      level32_U                                                                             | ram_1p array |           |      |      |        | level32                                                                               | auto | 1       | 32, 2, 1         |
|      level32_1_U                                                                           | ram_1p array |           |      |      |        | level32_1                                                                             | auto | 1       | 32, 2, 1         |
|      level32_2_U                                                                           | ram_1p array |           |      |      |        | level32_2                                                                             | auto | 1       | 32, 2, 1         |
|      level32_3_U                                                                           | ram_1p array |           |      |      |        | level32_3                                                                             | auto | 1       | 32, 2, 1         |
|      level32_4_U                                                                           | ram_1p array |           |      |      |        | level32_4                                                                             | auto | 1       | 32, 2, 1         |
|      level32_5_U                                                                           | ram_1p array |           |      |      |        | level32_5                                                                             | auto | 1       | 32, 2, 1         |
|      level32_6_U                                                                           | ram_1p array |           |      |      |        | level32_6                                                                             | auto | 1       | 32, 2, 1         |
|      level32_7_U                                                                           | ram_1p array |           |      |      |        | level32_7                                                                             | auto | 1       | 32, 2, 1         |
|      level32_8_U                                                                           | ram_1p array |           |      |      |        | level32_8                                                                             | auto | 1       | 32, 2, 1         |
|      level32_9_U                                                                           | ram_1p array |           |      |      |        | level32_9                                                                             | auto | 1       | 32, 2, 1         |
|      level32_10_U                                                                          | ram_1p array |           |      |      |        | level32_10                                                                            | auto | 1       | 32, 2, 1         |
|      level32_11_U                                                                          | ram_1p array |           |      |      |        | level32_11                                                                            | auto | 1       | 32, 2, 1         |
|      level32_12_U                                                                          | ram_1p array |           |      |      |        | level32_12                                                                            | auto | 1       | 32, 2, 1         |
|      level32_13_U                                                                          | ram_1p array |           |      |      |        | level32_13                                                                            | auto | 1       | 32, 2, 1         |
|      level32_14_U                                                                          | ram_1p array |           |      |      |        | level32_14                                                                            | auto | 1       | 32, 2, 1         |
|      level32_15_U                                                                          | ram_1p array |           |      |      |        | level32_15                                                                            | auto | 1       | 32, 2, 1         |
+--------------------------------------------------------------------------------------------+--------------+-----------+------+------+--------+---------------------------------------------------------------------------------------+------+---------+------------------+


================================================================
== Pragma Report
================================================================
* Inferred Pragmas
+--------------+---------+------------------------------------------------------------------------------------------------------------------------------------------------------------------------+--------------------------------------------+
| Type         | Options | Location                                                                                                                                                               | Inferred From                              |
+--------------+---------+------------------------------------------------------------------------------------------------------------------------------------------------------------------------+--------------------------------------------+
| LOOP_FLATTEN |         | loop phase1_bf16_qk_heads (hls/bf16/src/gdn_bf16_top.cpp:199:3) in gdn_bf16::(anonymous namespace)::phase1_validate_token (hls/bf16/src/gdn_bf16_top.cpp:199)          | pipeline hls/bf16/src/gdn_bf16_top.cpp:202 |
| LOOP_FLATTEN | off     | loop phase1_bf16_value_heads (hls/bf16/src/gdn_bf16_top.cpp:209:3) in gdn_bf16::(anonymous namespace)::phase1_validate_token (hls/bf16/src/gdn_bf16_top.cpp:209)       | pipeline hls/bf16/src/gdn_bf16_top.cpp:216 |
| LOOP_FLATTEN |         | loop phase2_bf16_decay_rows (hls/bf16/src/gdn_bf16_top.cpp:250:3) in gdn_bf16::(anonymous namespace)::phase2_decay_predict_tile (hls/bf16/src/gdn_bf16_top.cpp:250)    | pipeline hls/bf16/src/gdn_bf16_top.cpp:253 |
| LOOP_FLATTEN | off     | loop phase2_bf16_predict_lanes (hls/bf16/src/gdn_bf16_top.cpp:258:3) in gdn_bf16::(anonymous namespace)::phase2_decay_predict_tile (hls/bf16/src/gdn_bf16_top.cpp:258) | pipeline hls/bf16/src/gdn_bf16_top.cpp:263 |
| LOOP_FLATTEN |         | loop phase4_bf16_update_rows (hls/bf16/src/gdn_bf16_top.cpp:294:3) in gdn_bf16::(anonymous namespace)::phase4_update_state_tile (hls/bf16/src/gdn_bf16_top.cpp:294)    | pipeline hls/bf16/src/gdn_bf16_top.cpp:298 |
| LOOP_FLATTEN | off     | loop phase5_bf16_output_lanes (hls/bf16/src/gdn_bf16_top.cpp:313:3) in gdn_bf16::(anonymous namespace)::phase5_output_tile (hls/bf16/src/gdn_bf16_top.cpp:313)         | pipeline hls/bf16/src/gdn_bf16_top.cpp:318 |
| LOOP_FLATTEN |         | loop clear_bf16_output_heads (hls/bf16/src/gdn_bf16_top.cpp:362:3) in gdn_bf16::gdn_bf16_top_impl (hls/bf16/src/gdn_bf16_top.cpp:362)                                  | pipeline hls/bf16/src/gdn_bf16_top.cpp:365 |
| LOOP_FLATTEN |         | loop reset_bf16_rows (hls/bf16/src/gdn_bf16_top.cpp:432:7) in gdn_bf16::gdn_bf16_top_impl (hls/bf16/src/gdn_bf16_top.cpp:432)                                          | pipeline hls/bf16/src/gdn_bf16_top.cpp:435 |
| LOOP_FLATTEN |         | loop reset_bf16_heads (hls/bf16/src/gdn_bf16_top.cpp:430:5) in gdn_bf16::gdn_bf16_top_impl (hls/bf16/src/gdn_bf16_top.cpp:430)                                         | pipeline hls/bf16/src/gdn_bf16_top.cpp:435 |
| LOOP_FLATTEN |         | loop load_bf16_blocks (hls/bf16/src/gdn_bf16_top.cpp:476:9) in gdn_bf16::gdn_bf16_top_impl (hls/bf16/src/gdn_bf16_top.cpp:476)                                         | pipeline hls/bf16/src/gdn_bf16_top.cpp:480 |
| LOOP_FLATTEN |         | loop load_bf16_rows (hls/bf16/src/gdn_bf16_top.cpp:474:7) in gdn_bf16::gdn_bf16_top_impl (hls/bf16/src/gdn_bf16_top.cpp:474)                                           | pipeline hls/bf16/src/gdn_bf16_top.cpp:480 |
| LOOP_FLATTEN |         | loop load_bf16_heads (hls/bf16/src/gdn_bf16_top.cpp:472:5) in gdn_bf16::gdn_bf16_top_impl (hls/bf16/src/gdn_bf16_top.cpp:472)                                          | pipeline hls/bf16/src/gdn_bf16_top.cpp:480 |
| LOOP_FLATTEN |         | loop readback_bf16_blocks (hls/bf16/src/gdn_bf16_top.cpp:525:9) in gdn_bf16::gdn_bf16_top_impl (hls/bf16/src/gdn_bf16_top.cpp:525)                                     | pipeline hls/bf16/src/gdn_bf16_top.cpp:530 |
| LOOP_FLATTEN |         | loop readback_bf16_rows (hls/bf16/src/gdn_bf16_top.cpp:523:7) in gdn_bf16::gdn_bf16_top_impl (hls/bf16/src/gdn_bf16_top.cpp:523)                                       | pipeline hls/bf16/src/gdn_bf16_top.cpp:530 |
| LOOP_FLATTEN |         | loop readback_bf16_heads (hls/bf16/src/gdn_bf16_top.cpp:521:5) in gdn_bf16::gdn_bf16_top_impl (hls/bf16/src/gdn_bf16_top.cpp:521)                                      | pipeline hls/bf16/src/gdn_bf16_top.cpp:530 |
| LOOP_FLATTEN |         | loop load_bf16_resident_rows (hls/bf16/src/gdn_bf16_top.cpp:600:7) in gdn_bf16::gdn_bf16_top_impl (hls/bf16/src/gdn_bf16_top.cpp:600)                                  | pipeline hls/bf16/src/gdn_bf16_top.cpp:605 |
| LOOP_FLATTEN |         | loop store_bf16_resident_rows (hls/bf16/src/gdn_bf16_top.cpp:621:7) in gdn_bf16::gdn_bf16_top_impl (hls/bf16/src/gdn_bf16_top.cpp:621)                                 | pipeline hls/bf16/src/gdn_bf16_top.cpp:625 |
+--------------+---------+------------------------------------------------------------------------------------------------------------------------------------------------------------------------+--------------------------------------------+

* Valid Pragma Syntax
+-----------------+--------------------------------------------------------------+------------------------------------------------------------------+
| Type            | Options                                                      | Location                                                         |
+-----------------+--------------------------------------------------------------+------------------------------------------------------------------+
| INLINE          |                                                              | in decode_bf16 (hls/bf16/src/gdn_bf16_top.cpp:10)                |
| INLINE          |                                                              | in decode_accum (hls/bf16/src/gdn_bf16_top.cpp:17)               |
| INLINE          |                                                              | in encode_bf16 (hls/bf16/src/gdn_bf16_top.cpp:22)                |
| INLINE          |                                                              | in finite_bf16 (hls/bf16/src/gdn_bf16_top.cpp:28)                |
| INLINE          |                                                              | in unit_interval_bf16 (hls/bf16/src/gdn_bf16_top.cpp:33)         |
| INLINE          |                                                              | in unpack_state_element (hls/bf16/src/gdn_bf16_top.cpp:39)       |
| INLINE          |                                                              | in pack_state_element (hls/bf16/src/gdn_bf16_top.cpp:47)         |
| INLINE          |                                                              | in clear_counters (hls/bf16/src/gdn_bf16_top.cpp:52)             |
| UNROLL          |                                                              | in clear_counters (hls/bf16/src/gdn_bf16_top.cpp:55)             |
| INLINE          |                                                              | in clear_command_counters (hls/bf16/src/gdn_bf16_top.cpp:61)     |
| UNROLL          |                                                              | in clear_command_counters (hls/bf16/src/gdn_bf16_top.cpp:64)     |
| INLINE          |                                                              | in copy_counters (hls/bf16/src/gdn_bf16_top.cpp:70)              |
| UNROLL          |                                                              | in copy_counters (hls/bf16/src/gdn_bf16_top.cpp:73)              |
| INLINE          |                                                              | in copy_command_counters (hls/bf16/src/gdn_bf16_top.cpp:81)      |
| UNROLL          |                                                              | in copy_command_counters (hls/bf16/src/gdn_bf16_top.cpp:84)      |
| INLINE          |                                                              | in accumulate_counters (hls/bf16/src/gdn_bf16_top.cpp:92)        |
| UNROLL          |                                                              | in accumulate_counters (hls/bf16/src/gdn_bf16_top.cpp:95)        |
| INLINE          |                                                              | in publish_result (hls/bf16/src/gdn_bf16_top.cpp:109)            |
| INLINE          |                                                              | in payload_status (hls/bf16/src/gdn_bf16_top.cpp:117)            |
| INLINE          | off                                                          | in reduce_128 (hls/bf16/src/gdn_bf16_top.cpp:137)                |
| ARRAY_PARTITION | variable=terms cyclic factor=gdn::P_K dim=1                  | in reduce_128 (hls/bf16/src/gdn_bf16_top.cpp:145)                |
| ARRAY_PARTITION | variable=level64 cyclic factor=gdn::P_K dim=1                | in reduce_128 (hls/bf16/src/gdn_bf16_top.cpp:146)                |
| ARRAY_PARTITION | variable=level32 cyclic factor=gdn::P_K dim=1                | in reduce_128 (hls/bf16/src/gdn_bf16_top.cpp:147)                |
| ARRAY_PARTITION | variable=level16 complete dim=1                              | in reduce_128 (hls/bf16/src/gdn_bf16_top.cpp:148)                |
| ARRAY_PARTITION | variable=level8 complete dim=1                               | in reduce_128 (hls/bf16/src/gdn_bf16_top.cpp:149)                |
| ARRAY_PARTITION | variable=level4 complete dim=1                               | in reduce_128 (hls/bf16/src/gdn_bf16_top.cpp:150)                |
| ARRAY_PARTITION | variable=level2 complete dim=1                               | in reduce_128 (hls/bf16/src/gdn_bf16_top.cpp:151)                |
| PIPELINE        | ii=1                                                         | in reduce_128 (hls/bf16/src/gdn_bf16_top.cpp:154)                |
| PIPELINE        | ii=1                                                         | in reduce_128 (hls/bf16/src/gdn_bf16_top.cpp:159)                |
| PIPELINE        | ii=1                                                         | in reduce_128 (hls/bf16/src/gdn_bf16_top.cpp:164)                |
| PIPELINE        | ii=1                                                         | in reduce_128 (hls/bf16/src/gdn_bf16_top.cpp:169)                |
| PIPELINE        | ii=1                                                         | in reduce_128 (hls/bf16/src/gdn_bf16_top.cpp:174)                |
| PIPELINE        | ii=1                                                         | in reduce_128 (hls/bf16/src/gdn_bf16_top.cpp:179)                |
| INLINE          | off                                                          | in phase1_validate_token (hls/bf16/src/gdn_bf16_top.cpp:196)     |
| PIPELINE        | ii=1                                                         | in phase1_validate_token (hls/bf16/src/gdn_bf16_top.cpp:202)     |
| PIPELINE        | ii=1                                                         | in phase1_validate_token (hls/bf16/src/gdn_bf16_top.cpp:216)     |
| INLINE          | off                                                          | in phase1_validate_state (hls/bf16/src/gdn_bf16_top.cpp:225)     |
| INLINE          | off                                                          | in phase2_decay_predict_tile (hls/bf16/src/gdn_bf16_top.cpp:247) |
| PIPELINE        | ii=1                                                         | in phase2_decay_predict_tile (hls/bf16/src/gdn_bf16_top.cpp:253) |
| ARRAY_PARTITION | variable=terms cyclic factor=gdn::P_K dim=1                  | in phase2_decay_predict_tile (hls/bf16/src/gdn_bf16_top.cpp:260) |
| PIPELINE        | ii=1                                                         | in phase2_decay_predict_tile (hls/bf16/src/gdn_bf16_top.cpp:263) |
| INLINE          | off                                                          | in phase3_delta_tile (hls/bf16/src/gdn_bf16_top.cpp:276)         |
| PIPELINE        | ii=1                                                         | in phase3_delta_tile (hls/bf16/src/gdn_bf16_top.cpp:280)         |
| INLINE          | off                                                          | in phase4_update_state_tile (hls/bf16/src/gdn_bf16_top.cpp:292)  |
| PIPELINE        | ii=1                                                         | in phase4_update_state_tile (hls/bf16/src/gdn_bf16_top.cpp:298)  |
| INLINE          | off                                                          | in phase5_output_tile (hls/bf16/src/gdn_bf16_top.cpp:311)        |
| ARRAY_PARTITION | variable=terms cyclic factor=gdn::P_K dim=1                  | in phase5_output_tile (hls/bf16/src/gdn_bf16_top.cpp:315)        |
| PIPELINE        | ii=1                                                         | in phase5_output_tile (hls/bf16/src/gdn_bf16_top.cpp:318)        |
| BIND_STORAGE    | variable=resident_state type=ram_t2p impl=uram               | in gdn_bf16_top_impl (hls/bf16/src/gdn_bf16_top.cpp:351)         |
| ARRAY_PARTITION | variable=cumulative_counters complete dim=3                  | in gdn_bf16_top_impl (hls/bf16/src/gdn_bf16_top.cpp:352)         |
| ARRAY_PARTITION | variable=command_counters complete dim=1                     | in gdn_bf16_top_impl (hls/bf16/src/gdn_bf16_top.cpp:356)         |
| ARRAY_PARTITION | variable=empty_counters complete dim=1                       | in gdn_bf16_top_impl (hls/bf16/src/gdn_bf16_top.cpp:357)         |
| PIPELINE        | ii=1                                                         | in gdn_bf16_top_impl (hls/bf16/src/gdn_bf16_top.cpp:365)         |
| PIPELINE        | ii=1                                                         | in gdn_bf16_top_impl (hls/bf16/src/gdn_bf16_top.cpp:435)         |
| PIPELINE        | ii=1                                                         | in gdn_bf16_top_impl (hls/bf16/src/gdn_bf16_top.cpp:480)         |
| PIPELINE        | ii=1                                                         | in gdn_bf16_top_impl (hls/bf16/src/gdn_bf16_top.cpp:530)         |
| ARRAY_PARTITION | variable=state_tile cyclic factor=gdn::P_K dim=1             | in gdn_bf16_top_impl (hls/bf16/src/gdn_bf16_top.cpp:585)         |
| ARRAY_PARTITION | variable=state_tile cyclic factor=gdn::P_V dim=2             | in gdn_bf16_top_impl (hls/bf16/src/gdn_bf16_top.cpp:586)         |
| ARRAY_PARTITION | variable=decayed cyclic factor=gdn::P_K dim=1                | in gdn_bf16_top_impl (hls/bf16/src/gdn_bf16_top.cpp:587)         |
| ARRAY_PARTITION | variable=decayed cyclic factor=gdn::P_V dim=2                | in gdn_bf16_top_impl (hls/bf16/src/gdn_bf16_top.cpp:588)         |
| ARRAY_PARTITION | variable=updated cyclic factor=gdn::P_K dim=1                | in gdn_bf16_top_impl (hls/bf16/src/gdn_bf16_top.cpp:589)         |
| ARRAY_PARTITION | variable=updated cyclic factor=gdn::P_V dim=2                | in gdn_bf16_top_impl (hls/bf16/src/gdn_bf16_top.cpp:590)         |
| ARRAY_PARTITION | variable=prediction cyclic factor=gdn::P_V dim=1             | in gdn_bf16_top_impl (hls/bf16/src/gdn_bf16_top.cpp:591)         |
| ARRAY_PARTITION | variable=delta cyclic factor=gdn::P_V dim=1                  | in gdn_bf16_top_impl (hls/bf16/src/gdn_bf16_top.cpp:592)         |
| PIPELINE        | ii=1                                                         | in gdn_bf16_top_impl (hls/bf16/src/gdn_bf16_top.cpp:605)         |
| PIPELINE        | ii=1                                                         | in gdn_bf16_top_impl (hls/bf16/src/gdn_bf16_top.cpp:625)         |
| INTERFACE       | s_axilite port=command bundle=control                        | in gdn_bf16_top (hls/bf16/src/gdn_bf16_top.cpp:666)              |
| INTERFACE       | s_axilite port=sequence_id bundle=control                    | in gdn_bf16_top (hls/bf16/src/gdn_bf16_top.cpp:667)              |
| INTERFACE       | s_axilite port=layer_id bundle=control                       | in gdn_bf16_top (hls/bf16/src/gdn_bf16_top.cpp:668)              |
| INTERFACE       | s_axilite port=payload_flags bundle=control                  | in gdn_bf16_top (hls/bf16/src/gdn_bf16_top.cpp:669)              |
| INTERFACE       | m_axi port=q offset=slave bundle=gmem0                       | in gdn_bf16_top (hls/bf16/src/gdn_bf16_top.cpp:670)              |
| INTERFACE       | m_axi port=k offset=slave bundle=gmem1                       | in gdn_bf16_top (hls/bf16/src/gdn_bf16_top.cpp:671)              |
| INTERFACE       | m_axi port=v offset=slave bundle=gmem2                       | in gdn_bf16_top (hls/bf16/src/gdn_bf16_top.cpp:672)              |
| INTERFACE       | m_axi port=alpha offset=slave bundle=gmem3                   | in gdn_bf16_top (hls/bf16/src/gdn_bf16_top.cpp:673)              |
| INTERFACE       | m_axi port=beta offset=slave bundle=gmem3                    | in gdn_bf16_top (hls/bf16/src/gdn_bf16_top.cpp:674)              |
| INTERFACE       | m_axi port=state_in offset=slave bundle=gmem4                | in gdn_bf16_top (hls/bf16/src/gdn_bf16_top.cpp:675)              |
| INTERFACE       | m_axi port=output offset=slave bundle=gmem5                  | in gdn_bf16_top (hls/bf16/src/gdn_bf16_top.cpp:676)              |
| INTERFACE       | m_axi port=state_out offset=slave bundle=gmem6               | in gdn_bf16_top (hls/bf16/src/gdn_bf16_top.cpp:677)              |
| INTERFACE       | m_axi port=status_out offset=slave bundle=gmem7              | in gdn_bf16_top (hls/bf16/src/gdn_bf16_top.cpp:678)              |
| INTERFACE       | m_axi port=generation_out offset=slave bundle=gmem7          | in gdn_bf16_top (hls/bf16/src/gdn_bf16_top.cpp:679)              |
| INTERFACE       | m_axi port=command_counters_out offset=slave bundle=gmem7    | in gdn_bf16_top (hls/bf16/src/gdn_bf16_top.cpp:680)              |
| INTERFACE       | m_axi port=cumulative_counters_out offset=slave bundle=gmem7 | in gdn_bf16_top (hls/bf16/src/gdn_bf16_top.cpp:681)              |
| INTERFACE       | s_axilite port=return bundle=control                         | in gdn_bf16_top (hls/bf16/src/gdn_bf16_top.cpp:682)              |
+-----------------+--------------------------------------------------------------+------------------------------------------------------------------+


