

================================================================
== Vitis HLS Report for 'p_anonymous_namespace_phase4_update_state_tile'
================================================================
* Date:           Sat Aug  1 20:26:17 2026

* Version:        2025.2 (Build 6295257 on Nov 14 2025)
* Project:        gdn_bf16_hls
* Solution:       u55c_250mhz (Vivado IP Flow Target)
* Product family: virtexuplusHBM
* Target device:  xcu55c-fsvh2892-2L-e


================================================================
== Performance Estimates
================================================================
+ Timing: 
    * Summary: 
    +--------+---------+----------+------------+
    |  Clock |  Target | Estimated| Uncertainty|
    +--------+---------+----------+------------+
    |ap_clk  |  4.00 ns|  2.778 ns|     1.08 ns|
    +--------+---------+----------+------------+

+ Latency: 
    * Summary: 
    +---------+---------+-----------+-----------+-----+-----+-------------------+
    |  Latency (cycles) |   Latency (absolute)  |  Interval |      Pipeline     |
    |   min   |   max   |    min    |    max    | min | max |        Type       |
    +---------+---------+-----------+-----------+-----+-----+-------------------+
    |     4108|     4108|  16.432 us|  16.432 us|    0|    0|  loop pipeline stp|
    +---------+---------+-----------+-----------+-----+-----+-------------------+

    + Detail: 
        * Instance: 
        N/A

        * Loop: 
        +----------------------------------------------------+---------+---------+----------+-----------+-----------+------+----------+
        |                                                    |  Latency (cycles) | Iteration|  Initiation Interval  | Trip |          |
        |                      Loop Name                     |   min   |   max   |  Latency |  achieved |   target  | Count| Pipelined|
        +----------------------------------------------------+---------+---------+----------+-----------+-----------+------+----------+
        |- phase4_bf16_update_rows_phase4_bf16_update_lanes  |     4106|     4106|        12|          1|          1|  4096|       yes|
        +----------------------------------------------------+---------+---------+----------+-----------+-----------+------+----------+



================================================================
== Utilization Estimates
================================================================
* Summary: 
+---------------------+---------+------+---------+---------+-----+
|         Name        | BRAM_18K|  DSP |    FF   |   LUT   | URAM|
+---------------------+---------+------+---------+---------+-----+
|DSP                  |        -|     -|        -|        -|    -|
|Expression           |        -|     -|        0|      373|    -|
|FIFO                 |        -|     -|        -|        -|    -|
|Instance             |        -|     -|      323|     1586|    -|
|Memory               |        -|     -|        -|        -|    -|
|Multiplexer          |        -|     -|        0|       72|    -|
|Register             |        -|     -|      687|      160|    -|
+---------------------+---------+------+---------+---------+-----+
|Total                |        0|     0|     1010|     2191|    0|
+---------------------+---------+------+---------+---------+-----+
|Available SLR        |     1344|  3008|   869120|   434560|  320|
+---------------------+---------+------+---------+---------+-----+
|Utilization SLR (%)  |        0|     0|       ~0|       ~0|    0|
+---------------------+---------+------+---------+---------+-----+
|Available            |     4032|  9024|  2607360|  1303680|  960|
+---------------------+---------+------+---------+---------+-----+
|Utilization (%)      |        0|     0|       ~0|       ~0|    0|
+---------------------+---------+------+---------+---------+-----+

+ Detail: 
    * Instance: 
    +-------------------------------------------------------------+-------------------------------------------------------+---------+----+-----+-----+-----+
    |                           Instance                          |                         Module                        | BRAM_18K| DSP|  FF | LUT | URAM|
    +-------------------------------------------------------------+-------------------------------------------------------+---------+----+-----+-----+-----+
    |floatingpoint_add_32ns_32ns_32ns_32ns_32_5_1_U1094           |floatingpoint_add_32ns_32ns_32ns_32ns_32_5_1           |        0|   0|  244|  549|    0|
    |floatingpoint_floattofloat_16ns_32ns_32ns_32ns_16_1_1_U1097  |floatingpoint_floattofloat_16ns_32ns_32ns_32ns_16_1_1  |        0|   0|    0|   83|    0|
    |floatingpoint_floattofloat_32ns_16ns_32ns_32ns_32_1_1_U1096  |floatingpoint_floattofloat_32ns_16ns_32ns_32ns_32_1_1  |        0|   0|    0|   83|    0|
    |floatingpoint_mul_32ns_32ns_32ns_32ns_32_3_1_U1095           |floatingpoint_mul_32ns_32ns_32ns_32ns_32_3_1           |        0|   0|   79|   75|    0|
    |sparsemux_17_3_32_1_1_U1098                                  |sparsemux_17_3_32_1_1                                  |        0|   0|    0|   43|    0|
    |sparsemux_17_3_32_1_1_U1099                                  |sparsemux_17_3_32_1_1                                  |        0|   0|    0|   43|    0|
    |sparsemux_17_3_32_1_1_U1100                                  |sparsemux_17_3_32_1_1                                  |        0|   0|    0|   43|    0|
    |sparsemux_17_3_32_1_1_U1101                                  |sparsemux_17_3_32_1_1                                  |        0|   0|    0|   43|    0|
    |sparsemux_17_3_32_1_1_U1102                                  |sparsemux_17_3_32_1_1                                  |        0|   0|    0|   43|    0|
    |sparsemux_17_3_32_1_1_U1103                                  |sparsemux_17_3_32_1_1                                  |        0|   0|    0|   43|    0|
    |sparsemux_17_3_32_1_1_U1104                                  |sparsemux_17_3_32_1_1                                  |        0|   0|    0|   43|    0|
    |sparsemux_17_3_32_1_1_U1105                                  |sparsemux_17_3_32_1_1                                  |        0|   0|    0|   43|    0|
    |sparsemux_17_3_32_1_1_U1106                                  |sparsemux_17_3_32_1_1                                  |        0|   0|    0|   43|    0|
    |sparsemux_17_3_32_1_1_U1107                                  |sparsemux_17_3_32_1_1                                  |        0|   0|    0|   43|    0|
    |sparsemux_17_3_32_1_1_U1108                                  |sparsemux_17_3_32_1_1                                  |        0|   0|    0|   43|    0|
    |sparsemux_17_3_32_1_1_U1109                                  |sparsemux_17_3_32_1_1                                  |        0|   0|    0|   43|    0|
    |sparsemux_17_3_32_1_1_U1110                                  |sparsemux_17_3_32_1_1                                  |        0|   0|    0|   43|    0|
    |sparsemux_17_3_32_1_1_U1111                                  |sparsemux_17_3_32_1_1                                  |        0|   0|    0|   43|    0|
    |sparsemux_17_3_32_1_1_U1112                                  |sparsemux_17_3_32_1_1                                  |        0|   0|    0|   43|    0|
    |sparsemux_17_3_32_1_1_U1113                                  |sparsemux_17_3_32_1_1                                  |        0|   0|    0|   43|    0|
    |sparsemux_17_3_32_1_1_U1114                                  |sparsemux_17_3_32_1_1                                  |        0|   0|    0|   43|    0|
    |sparsemux_33_4_32_1_1_U1115                                  |sparsemux_33_4_32_1_1                                  |        0|   0|    0|   65|    0|
    +-------------------------------------------------------------+-------------------------------------------------------+---------+----+-----+-----+-----+
    |Total                                                        |                                                       |        0|   0|  323| 1586|    0|
    +-------------------------------------------------------------+-------------------------------------------------------+---------+----+-----+-----+-----+

    * DSP: 
    N/A

    * Memory: 
    N/A

    * FIFO: 
    N/A

    * Expression: 
    +-------------------------------+----------+----+---+----+------------+------------+
    |         Variable Name         | Operation| DSP| FF| LUT| Bitwidth P0| Bitwidth P1|
    +-------------------------------+----------+----+---+----+------------+------------+
    |add_ln294_1_fu_6245_p2         |         +|   0|  0|  20|          13|           1|
    |add_ln294_fu_6257_p2           |         +|   0|  0|  15|           8|           1|
    |add_ln295_fu_6372_p2           |         +|   0|  0|  18|          11|          11|
    |add_ln297_fu_6348_p2           |         +|   0|  0|  13|           6|           1|
    |ap_predicate_pred4755_state12  |       and|   0|  0|   2|           1|           1|
    |ap_predicate_pred4777_state12  |       and|   0|  0|   2|           1|           1|
    |ap_predicate_pred4798_state12  |       and|   0|  0|   2|           1|           1|
    |ap_predicate_pred4819_state12  |       and|   0|  0|   2|           1|           1|
    |ap_predicate_pred4840_state12  |       and|   0|  0|   2|           1|           1|
    |ap_predicate_pred4861_state12  |       and|   0|  0|   2|           1|           1|
    |ap_predicate_pred4882_state12  |       and|   0|  0|   2|           1|           1|
    |ap_predicate_pred4903_state12  |       and|   0|  0|   2|           1|           1|
    |ap_predicate_pred4924_state12  |       and|   0|  0|   2|           1|           1|
    |ap_predicate_pred4944_state12  |       and|   0|  0|   2|           1|           1|
    |ap_predicate_pred4964_state12  |       and|   0|  0|   2|           1|           1|
    |ap_predicate_pred4984_state12  |       and|   0|  0|   2|           1|           1|
    |ap_predicate_pred5004_state12  |       and|   0|  0|   2|           1|           1|
    |ap_predicate_pred5024_state12  |       and|   0|  0|   2|           1|           1|
    |ap_predicate_pred5044_state12  |       and|   0|  0|   2|           1|           1|
    |ap_predicate_pred5064_state12  |       and|   0|  0|   2|           1|           1|
    |ap_predicate_pred5085_state12  |       and|   0|  0|   2|           1|           1|
    |ap_predicate_pred5105_state12  |       and|   0|  0|   2|           1|           1|
    |ap_predicate_pred5125_state12  |       and|   0|  0|   2|           1|           1|
    |ap_predicate_pred5145_state12  |       and|   0|  0|   2|           1|           1|
    |ap_predicate_pred5165_state12  |       and|   0|  0|   2|           1|           1|
    |ap_predicate_pred5185_state12  |       and|   0|  0|   2|           1|           1|
    |ap_predicate_pred5205_state12  |       and|   0|  0|   2|           1|           1|
    |ap_predicate_pred5225_state12  |       and|   0|  0|   2|           1|           1|
    |ap_predicate_pred5246_state12  |       and|   0|  0|   2|           1|           1|
    |ap_predicate_pred5266_state12  |       and|   0|  0|   2|           1|           1|
    |ap_predicate_pred5286_state12  |       and|   0|  0|   2|           1|           1|
    |ap_predicate_pred5306_state12  |       and|   0|  0|   2|           1|           1|
    |ap_predicate_pred5326_state12  |       and|   0|  0|   2|           1|           1|
    |ap_predicate_pred5346_state12  |       and|   0|  0|   2|           1|           1|
    |ap_predicate_pred5366_state12  |       and|   0|  0|   2|           1|           1|
    |ap_predicate_pred5386_state12  |       and|   0|  0|   2|           1|           1|
    |ap_predicate_pred5407_state12  |       and|   0|  0|   2|           1|           1|
    |ap_predicate_pred5427_state12  |       and|   0|  0|   2|           1|           1|
    |ap_predicate_pred5447_state12  |       and|   0|  0|   2|           1|           1|
    |ap_predicate_pred5467_state12  |       and|   0|  0|   2|           1|           1|
    |ap_predicate_pred5487_state12  |       and|   0|  0|   2|           1|           1|
    |ap_predicate_pred5507_state12  |       and|   0|  0|   2|           1|           1|
    |ap_predicate_pred5527_state12  |       and|   0|  0|   2|           1|           1|
    |ap_predicate_pred5547_state12  |       and|   0|  0|   2|           1|           1|
    |ap_predicate_pred5568_state12  |       and|   0|  0|   2|           1|           1|
    |ap_predicate_pred5588_state12  |       and|   0|  0|   2|           1|           1|
    |ap_predicate_pred5608_state12  |       and|   0|  0|   2|           1|           1|
    |ap_predicate_pred5628_state12  |       and|   0|  0|   2|           1|           1|
    |ap_predicate_pred5648_state12  |       and|   0|  0|   2|           1|           1|
    |ap_predicate_pred5668_state12  |       and|   0|  0|   2|           1|           1|
    |ap_predicate_pred5688_state12  |       and|   0|  0|   2|           1|           1|
    |ap_predicate_pred5708_state12  |       and|   0|  0|   2|           1|           1|
    |ap_predicate_pred5729_state12  |       and|   0|  0|   2|           1|           1|
    |ap_predicate_pred5749_state12  |       and|   0|  0|   2|           1|           1|
    |ap_predicate_pred5769_state12  |       and|   0|  0|   2|           1|           1|
    |ap_predicate_pred5789_state12  |       and|   0|  0|   2|           1|           1|
    |ap_predicate_pred5809_state12  |       and|   0|  0|   2|           1|           1|
    |ap_predicate_pred5829_state12  |       and|   0|  0|   2|           1|           1|
    |ap_predicate_pred5849_state12  |       and|   0|  0|   2|           1|           1|
    |ap_predicate_pred5869_state12  |       and|   0|  0|   2|           1|           1|
    |ap_predicate_pred5890_state12  |       and|   0|  0|   2|           1|           1|
    |ap_predicate_pred5910_state12  |       and|   0|  0|   2|           1|           1|
    |ap_predicate_pred5930_state12  |       and|   0|  0|   2|           1|           1|
    |ap_predicate_pred5950_state12  |       and|   0|  0|   2|           1|           1|
    |ap_predicate_pred5970_state12  |       and|   0|  0|   2|           1|           1|
    |ap_predicate_pred5990_state12  |       and|   0|  0|   2|           1|           1|
    |ap_predicate_pred6010_state12  |       and|   0|  0|   2|           1|           1|
    |ap_predicate_pred6030_state12  |       and|   0|  0|   2|           1|           1|
    |ap_predicate_pred6051_state12  |       and|   0|  0|   2|           1|           1|
    |ap_predicate_pred6071_state12  |       and|   0|  0|   2|           1|           1|
    |ap_predicate_pred6091_state12  |       and|   0|  0|   2|           1|           1|
    |ap_predicate_pred6111_state12  |       and|   0|  0|   2|           1|           1|
    |ap_predicate_pred6131_state12  |       and|   0|  0|   2|           1|           1|
    |ap_predicate_pred6151_state12  |       and|   0|  0|   2|           1|           1|
    |ap_predicate_pred6171_state12  |       and|   0|  0|   2|           1|           1|
    |ap_predicate_pred6191_state12  |       and|   0|  0|   2|           1|           1|
    |ap_predicate_pred6212_state12  |       and|   0|  0|   2|           1|           1|
    |ap_predicate_pred6232_state12  |       and|   0|  0|   2|           1|           1|
    |ap_predicate_pred6252_state12  |       and|   0|  0|   2|           1|           1|
    |ap_predicate_pred6272_state12  |       and|   0|  0|   2|           1|           1|
    |ap_predicate_pred6292_state12  |       and|   0|  0|   2|           1|           1|
    |ap_predicate_pred6312_state12  |       and|   0|  0|   2|           1|           1|
    |ap_predicate_pred6332_state12  |       and|   0|  0|   2|           1|           1|
    |ap_predicate_pred6352_state12  |       and|   0|  0|   2|           1|           1|
    |ap_predicate_pred6373_state12  |       and|   0|  0|   2|           1|           1|
    |ap_predicate_pred6393_state12  |       and|   0|  0|   2|           1|           1|
    |ap_predicate_pred6413_state12  |       and|   0|  0|   2|           1|           1|
    |ap_predicate_pred6433_state12  |       and|   0|  0|   2|           1|           1|
    |ap_predicate_pred6453_state12  |       and|   0|  0|   2|           1|           1|
    |ap_predicate_pred6473_state12  |       and|   0|  0|   2|           1|           1|
    |ap_predicate_pred6493_state12  |       and|   0|  0|   2|           1|           1|
    |ap_predicate_pred6513_state12  |       and|   0|  0|   2|           1|           1|
    |ap_predicate_pred6534_state12  |       and|   0|  0|   2|           1|           1|
    |ap_predicate_pred6554_state12  |       and|   0|  0|   2|           1|           1|
    |ap_predicate_pred6574_state12  |       and|   0|  0|   2|           1|           1|
    |ap_predicate_pred6594_state12  |       and|   0|  0|   2|           1|           1|
    |ap_predicate_pred6614_state12  |       and|   0|  0|   2|           1|           1|
    |ap_predicate_pred6634_state12  |       and|   0|  0|   2|           1|           1|
    |ap_predicate_pred6654_state12  |       and|   0|  0|   2|           1|           1|
    |ap_predicate_pred6674_state12  |       and|   0|  0|   2|           1|           1|
    |ap_predicate_pred6695_state12  |       and|   0|  0|   2|           1|           1|
    |ap_predicate_pred6715_state12  |       and|   0|  0|   2|           1|           1|
    |ap_predicate_pred6735_state12  |       and|   0|  0|   2|           1|           1|
    |ap_predicate_pred6755_state12  |       and|   0|  0|   2|           1|           1|
    |ap_predicate_pred6775_state12  |       and|   0|  0|   2|           1|           1|
    |ap_predicate_pred6795_state12  |       and|   0|  0|   2|           1|           1|
    |ap_predicate_pred6815_state12  |       and|   0|  0|   2|           1|           1|
    |ap_predicate_pred6835_state12  |       and|   0|  0|   2|           1|           1|
    |ap_predicate_pred6856_state12  |       and|   0|  0|   2|           1|           1|
    |ap_predicate_pred6876_state12  |       and|   0|  0|   2|           1|           1|
    |ap_predicate_pred6896_state12  |       and|   0|  0|   2|           1|           1|
    |ap_predicate_pred6916_state12  |       and|   0|  0|   2|           1|           1|
    |ap_predicate_pred6936_state12  |       and|   0|  0|   2|           1|           1|
    |ap_predicate_pred6956_state12  |       and|   0|  0|   2|           1|           1|
    |ap_predicate_pred6976_state12  |       and|   0|  0|   2|           1|           1|
    |ap_predicate_pred6996_state12  |       and|   0|  0|   2|           1|           1|
    |ap_predicate_pred7017_state12  |       and|   0|  0|   2|           1|           1|
    |ap_predicate_pred7037_state12  |       and|   0|  0|   2|           1|           1|
    |ap_predicate_pred7057_state12  |       and|   0|  0|   2|           1|           1|
    |ap_predicate_pred7077_state12  |       and|   0|  0|   2|           1|           1|
    |ap_predicate_pred7097_state12  |       and|   0|  0|   2|           1|           1|
    |ap_predicate_pred7117_state12  |       and|   0|  0|   2|           1|           1|
    |ap_predicate_pred7137_state12  |       and|   0|  0|   2|           1|           1|
    |ap_predicate_pred7157_state12  |       and|   0|  0|   2|           1|           1|
    |ap_predicate_pred7178_state12  |       and|   0|  0|   2|           1|           1|
    |ap_predicate_pred7198_state12  |       and|   0|  0|   2|           1|           1|
    |ap_predicate_pred7218_state12  |       and|   0|  0|   2|           1|           1|
    |ap_predicate_pred7238_state12  |       and|   0|  0|   2|           1|           1|
    |ap_predicate_pred7258_state12  |       and|   0|  0|   2|           1|           1|
    |ap_predicate_pred7278_state12  |       and|   0|  0|   2|           1|           1|
    |ap_predicate_pred7298_state12  |       and|   0|  0|   2|           1|           1|
    |ap_predicate_pred7318_state12  |       and|   0|  0|   2|           1|           1|
    |icmp_ln294_fu_6239_p2          |      icmp|   0|  0|  21|          13|          14|
    |icmp_ln297_fu_6263_p2          |      icmp|   0|  0|  14|           6|           7|
    |select_ln294_1_fu_6277_p3      |    select|   0|  0|   8|           1|           8|
    |select_ln294_fu_6269_p3        |    select|   0|  0|   6|           1|           1|
    |ap_enable_pp0                  |       xor|   0|  0|   2|           1|           2|
    +-------------------------------+----------+----+---+----+------------+------------+
    |Total                          |          |   0|  0| 373|         188|         174|
    +-------------------------------+----------+----+---+----+------------+------------+

    * Multiplexer: 
    +--------------------------------------+----+-----------+-----+-----------+
    |                 Name                 | LUT| Input Size| Bits| Total Bits|
    +--------------------------------------+----+-----------+-----+-----------+
    |ap_done_int                           |   9|          2|    1|          2|
    |ap_enable_reg_pp0_iter1               |   9|          2|    1|          2|
    |ap_sig_allocacmp_indvar_flatten_load  |   9|          2|   13|         26|
    |ap_sig_allocacmp_lane_load            |   9|          2|    6|         12|
    |ap_sig_allocacmp_row_load             |   9|          2|    8|         16|
    |indvar_flatten_fu_914                 |   9|          2|   13|         26|
    |lane_fu_906                           |   9|          2|    6|         12|
    |row_fu_910                            |   9|          2|    8|         16|
    +--------------------------------------+----+-----------+-----+-----------+
    |Total                                 |  72|         16|   56|        112|
    +--------------------------------------+----+-----------+-----+-----------+

    * Register: 
    +-----------------------------------+----+----+-----+-----------+
    |                Name               | FF | LUT| Bits| Const Bits|
    +-----------------------------------+----+----+-----+-----------+
    |ap_CS_fsm                          |   1|   0|    1|          0|
    |ap_done_reg                        |   1|   0|    1|          0|
    |ap_enable_reg_pp0_iter1            |   1|   0|    1|          0|
    |ap_enable_reg_pp0_iter10           |   1|   0|    1|          0|
    |ap_enable_reg_pp0_iter11           |   1|   0|    1|          0|
    |ap_enable_reg_pp0_iter2            |   1|   0|    1|          0|
    |ap_enable_reg_pp0_iter3            |   1|   0|    1|          0|
    |ap_enable_reg_pp0_iter4            |   1|   0|    1|          0|
    |ap_enable_reg_pp0_iter5            |   1|   0|    1|          0|
    |ap_enable_reg_pp0_iter6            |   1|   0|    1|          0|
    |ap_enable_reg_pp0_iter7            |   1|   0|    1|          0|
    |ap_enable_reg_pp0_iter8            |   1|   0|    1|          0|
    |ap_enable_reg_pp0_iter9            |   1|   0|    1|          0|
    |ap_loop_exit_ready_pp0_iter10_reg  |   1|   0|    1|          0|
    |ap_loop_exit_ready_pp0_iter1_reg   |   1|   0|    1|          0|
    |ap_loop_exit_ready_pp0_iter2_reg   |   1|   0|    1|          0|
    |ap_loop_exit_ready_pp0_iter3_reg   |   1|   0|    1|          0|
    |ap_loop_exit_ready_pp0_iter4_reg   |   1|   0|    1|          0|
    |ap_loop_exit_ready_pp0_iter5_reg   |   1|   0|    1|          0|
    |ap_loop_exit_ready_pp0_iter6_reg   |   1|   0|    1|          0|
    |ap_loop_exit_ready_pp0_iter7_reg   |   1|   0|    1|          0|
    |ap_loop_exit_ready_pp0_iter8_reg   |   1|   0|    1|          0|
    |ap_loop_exit_ready_pp0_iter9_reg   |   1|   0|    1|          0|
    |ap_predicate_pred4755_state12      |   1|   0|    1|          0|
    |ap_predicate_pred4777_state12      |   1|   0|    1|          0|
    |ap_predicate_pred4798_state12      |   1|   0|    1|          0|
    |ap_predicate_pred4819_state12      |   1|   0|    1|          0|
    |ap_predicate_pred4840_state12      |   1|   0|    1|          0|
    |ap_predicate_pred4861_state12      |   1|   0|    1|          0|
    |ap_predicate_pred4882_state12      |   1|   0|    1|          0|
    |ap_predicate_pred4903_state12      |   1|   0|    1|          0|
    |ap_predicate_pred4924_state12      |   1|   0|    1|          0|
    |ap_predicate_pred4944_state12      |   1|   0|    1|          0|
    |ap_predicate_pred4964_state12      |   1|   0|    1|          0|
    |ap_predicate_pred4984_state12      |   1|   0|    1|          0|
    |ap_predicate_pred5004_state12      |   1|   0|    1|          0|
    |ap_predicate_pred5024_state12      |   1|   0|    1|          0|
    |ap_predicate_pred5044_state12      |   1|   0|    1|          0|
    |ap_predicate_pred5064_state12      |   1|   0|    1|          0|
    |ap_predicate_pred5085_state12      |   1|   0|    1|          0|
    |ap_predicate_pred5105_state12      |   1|   0|    1|          0|
    |ap_predicate_pred5125_state12      |   1|   0|    1|          0|
    |ap_predicate_pred5145_state12      |   1|   0|    1|          0|
    |ap_predicate_pred5165_state12      |   1|   0|    1|          0|
    |ap_predicate_pred5185_state12      |   1|   0|    1|          0|
    |ap_predicate_pred5205_state12      |   1|   0|    1|          0|
    |ap_predicate_pred5225_state12      |   1|   0|    1|          0|
    |ap_predicate_pred5246_state12      |   1|   0|    1|          0|
    |ap_predicate_pred5266_state12      |   1|   0|    1|          0|
    |ap_predicate_pred5286_state12      |   1|   0|    1|          0|
    |ap_predicate_pred5306_state12      |   1|   0|    1|          0|
    |ap_predicate_pred5326_state12      |   1|   0|    1|          0|
    |ap_predicate_pred5346_state12      |   1|   0|    1|          0|
    |ap_predicate_pred5366_state12      |   1|   0|    1|          0|
    |ap_predicate_pred5386_state12      |   1|   0|    1|          0|
    |ap_predicate_pred5407_state12      |   1|   0|    1|          0|
    |ap_predicate_pred5427_state12      |   1|   0|    1|          0|
    |ap_predicate_pred5447_state12      |   1|   0|    1|          0|
    |ap_predicate_pred5467_state12      |   1|   0|    1|          0|
    |ap_predicate_pred5487_state12      |   1|   0|    1|          0|
    |ap_predicate_pred5507_state12      |   1|   0|    1|          0|
    |ap_predicate_pred5527_state12      |   1|   0|    1|          0|
    |ap_predicate_pred5547_state12      |   1|   0|    1|          0|
    |ap_predicate_pred5568_state12      |   1|   0|    1|          0|
    |ap_predicate_pred5588_state12      |   1|   0|    1|          0|
    |ap_predicate_pred5608_state12      |   1|   0|    1|          0|
    |ap_predicate_pred5628_state12      |   1|   0|    1|          0|
    |ap_predicate_pred5648_state12      |   1|   0|    1|          0|
    |ap_predicate_pred5668_state12      |   1|   0|    1|          0|
    |ap_predicate_pred5688_state12      |   1|   0|    1|          0|
    |ap_predicate_pred5708_state12      |   1|   0|    1|          0|
    |ap_predicate_pred5729_state12      |   1|   0|    1|          0|
    |ap_predicate_pred5749_state12      |   1|   0|    1|          0|
    |ap_predicate_pred5769_state12      |   1|   0|    1|          0|
    |ap_predicate_pred5789_state12      |   1|   0|    1|          0|
    |ap_predicate_pred5809_state12      |   1|   0|    1|          0|
    |ap_predicate_pred5829_state12      |   1|   0|    1|          0|
    |ap_predicate_pred5849_state12      |   1|   0|    1|          0|
    |ap_predicate_pred5869_state12      |   1|   0|    1|          0|
    |ap_predicate_pred5890_state12      |   1|   0|    1|          0|
    |ap_predicate_pred5910_state12      |   1|   0|    1|          0|
    |ap_predicate_pred5930_state12      |   1|   0|    1|          0|
    |ap_predicate_pred5950_state12      |   1|   0|    1|          0|
    |ap_predicate_pred5970_state12      |   1|   0|    1|          0|
    |ap_predicate_pred5990_state12      |   1|   0|    1|          0|
    |ap_predicate_pred6010_state12      |   1|   0|    1|          0|
    |ap_predicate_pred6030_state12      |   1|   0|    1|          0|
    |ap_predicate_pred6051_state12      |   1|   0|    1|          0|
    |ap_predicate_pred6071_state12      |   1|   0|    1|          0|
    |ap_predicate_pred6091_state12      |   1|   0|    1|          0|
    |ap_predicate_pred6111_state12      |   1|   0|    1|          0|
    |ap_predicate_pred6131_state12      |   1|   0|    1|          0|
    |ap_predicate_pred6151_state12      |   1|   0|    1|          0|
    |ap_predicate_pred6171_state12      |   1|   0|    1|          0|
    |ap_predicate_pred6191_state12      |   1|   0|    1|          0|
    |ap_predicate_pred6212_state12      |   1|   0|    1|          0|
    |ap_predicate_pred6232_state12      |   1|   0|    1|          0|
    |ap_predicate_pred6252_state12      |   1|   0|    1|          0|
    |ap_predicate_pred6272_state12      |   1|   0|    1|          0|
    |ap_predicate_pred6292_state12      |   1|   0|    1|          0|
    |ap_predicate_pred6312_state12      |   1|   0|    1|          0|
    |ap_predicate_pred6332_state12      |   1|   0|    1|          0|
    |ap_predicate_pred6352_state12      |   1|   0|    1|          0|
    |ap_predicate_pred6373_state12      |   1|   0|    1|          0|
    |ap_predicate_pred6393_state12      |   1|   0|    1|          0|
    |ap_predicate_pred6413_state12      |   1|   0|    1|          0|
    |ap_predicate_pred6433_state12      |   1|   0|    1|          0|
    |ap_predicate_pred6453_state12      |   1|   0|    1|          0|
    |ap_predicate_pred6473_state12      |   1|   0|    1|          0|
    |ap_predicate_pred6493_state12      |   1|   0|    1|          0|
    |ap_predicate_pred6513_state12      |   1|   0|    1|          0|
    |ap_predicate_pred6534_state12      |   1|   0|    1|          0|
    |ap_predicate_pred6554_state12      |   1|   0|    1|          0|
    |ap_predicate_pred6574_state12      |   1|   0|    1|          0|
    |ap_predicate_pred6594_state12      |   1|   0|    1|          0|
    |ap_predicate_pred6614_state12      |   1|   0|    1|          0|
    |ap_predicate_pred6634_state12      |   1|   0|    1|          0|
    |ap_predicate_pred6654_state12      |   1|   0|    1|          0|
    |ap_predicate_pred6674_state12      |   1|   0|    1|          0|
    |ap_predicate_pred6695_state12      |   1|   0|    1|          0|
    |ap_predicate_pred6715_state12      |   1|   0|    1|          0|
    |ap_predicate_pred6735_state12      |   1|   0|    1|          0|
    |ap_predicate_pred6755_state12      |   1|   0|    1|          0|
    |ap_predicate_pred6775_state12      |   1|   0|    1|          0|
    |ap_predicate_pred6795_state12      |   1|   0|    1|          0|
    |ap_predicate_pred6815_state12      |   1|   0|    1|          0|
    |ap_predicate_pred6835_state12      |   1|   0|    1|          0|
    |ap_predicate_pred6856_state12      |   1|   0|    1|          0|
    |ap_predicate_pred6876_state12      |   1|   0|    1|          0|
    |ap_predicate_pred6896_state12      |   1|   0|    1|          0|
    |ap_predicate_pred6916_state12      |   1|   0|    1|          0|
    |ap_predicate_pred6936_state12      |   1|   0|    1|          0|
    |ap_predicate_pred6956_state12      |   1|   0|    1|          0|
    |ap_predicate_pred6976_state12      |   1|   0|    1|          0|
    |ap_predicate_pred6996_state12      |   1|   0|    1|          0|
    |ap_predicate_pred7017_state12      |   1|   0|    1|          0|
    |ap_predicate_pred7037_state12      |   1|   0|    1|          0|
    |ap_predicate_pred7057_state12      |   1|   0|    1|          0|
    |ap_predicate_pred7077_state12      |   1|   0|    1|          0|
    |ap_predicate_pred7097_state12      |   1|   0|    1|          0|
    |ap_predicate_pred7117_state12      |   1|   0|    1|          0|
    |ap_predicate_pred7137_state12      |   1|   0|    1|          0|
    |ap_predicate_pred7157_state12      |   1|   0|    1|          0|
    |ap_predicate_pred7178_state12      |   1|   0|    1|          0|
    |ap_predicate_pred7198_state12      |   1|   0|    1|          0|
    |ap_predicate_pred7218_state12      |   1|   0|    1|          0|
    |ap_predicate_pred7238_state12      |   1|   0|    1|          0|
    |ap_predicate_pred7258_state12      |   1|   0|    1|          0|
    |ap_predicate_pred7278_state12      |   1|   0|    1|          0|
    |ap_predicate_pred7298_state12      |   1|   0|    1|          0|
    |ap_predicate_pred7318_state12      |   1|   0|    1|          0|
    |indvar_flatten_fu_914              |  13|   0|   13|          0|
    |key_reg_7382                       |  32|   0|   32|          0|
    |lane_fu_906                        |   6|   0|    6|          0|
    |lshr_ln_reg_7331                   |   2|   0|    2|          0|
    |row_fu_910                         |   8|   0|    8|          0|
    |select_ln294_1_reg_7295            |   8|   0|    8|          0|
    |tmp_41_reg_7286                    |   4|   0|   11|          7|
    |tmp_42_reg_7305                    |   3|   0|    3|          0|
    |tmp_58_reg_8292                    |  32|   0|   32|          0|
    |tmp_59_reg_7387                    |  32|   0|   32|          0|
    |tmp_60_reg_8297                    |  32|   0|   32|          0|
    |trunc_ln294_reg_7300               |   4|   0|    4|          0|
    |trunc_ln297_reg_7310               |   3|   0|    3|          0|
    |value_reg_8302                     |  32|   0|   32|          0|
    |zext_ln301_reg_7392                |   5|   0|   64|         59|
    |lshr_ln_reg_7331                   |  64|  32|    2|          0|
    |tmp_42_reg_7305                    |  64|  32|    3|          0|
    |trunc_ln294_reg_7300               |  64|  32|    4|          0|
    |trunc_ln297_reg_7310               |  64|  32|    3|          0|
    |zext_ln301_reg_7392                |  64|  32|   64|         59|
    +-----------------------------------+----+----+-----+-----------+
    |Total                              | 687| 160|  509|        125|
    +-----------------------------------+----+----+-----+-----------+



================================================================
== Interface
================================================================
* Summary: 
+------------------------------------------------------------------------------------------------+-----+-----+------------+---------------------------------------------------------------------------------------+--------------+
|                                            RTL Ports                                           | Dir | Bits|  Protocol  |                                     Source Object                                     |    C Type    |
+------------------------------------------------------------------------------------------------+-----+-----+------------+---------------------------------------------------------------------------------------+--------------+
|ap_clk                                                                                          |   in|    1|  ap_ctrl_hs|                                          (anonymous namespace)phase4_update_state_tile|  return value|
|ap_rst                                                                                          |   in|    1|  ap_ctrl_hs|                                          (anonymous namespace)phase4_update_state_tile|  return value|
|ap_start                                                                                        |   in|    1|  ap_ctrl_hs|                                          (anonymous namespace)phase4_update_state_tile|  return value|
|ap_done                                                                                         |  out|    1|  ap_ctrl_hs|                                          (anonymous namespace)phase4_update_state_tile|  return value|
|ap_idle                                                                                         |  out|    1|  ap_ctrl_hs|                                          (anonymous namespace)phase4_update_state_tile|  return value|
|ap_ready                                                                                        |  out|    1|  ap_ctrl_hs|                                          (anonymous namespace)phase4_update_state_tile|  return value|
|k_address0                                                                                      |  out|   11|   ap_memory|                                                                                      k|         array|
|k_ce0                                                                                           |  out|    1|   ap_memory|                                                                                      k|         array|
|k_q0                                                                                            |   in|   16|   ap_memory|                                                                                      k|         array|
|k_offset                                                                                        |   in|    4|     ap_none|                                                                               k_offset|        scalar|
|delta_0_address0                                                                                |  out|    2|   ap_memory|                                                                                delta_0|         array|
|delta_0_ce0                                                                                     |  out|    1|   ap_memory|                                                                                delta_0|         array|
|delta_0_q0                                                                                      |   in|   32|   ap_memory|                                                                                delta_0|         array|
|delta_1_address0                                                                                |  out|    2|   ap_memory|                                                                                delta_1|         array|
|delta_1_ce0                                                                                     |  out|    1|   ap_memory|                                                                                delta_1|         array|
|delta_1_q0                                                                                      |   in|   32|   ap_memory|                                                                                delta_1|         array|
|delta_2_address0                                                                                |  out|    2|   ap_memory|                                                                                delta_2|         array|
|delta_2_ce0                                                                                     |  out|    1|   ap_memory|                                                                                delta_2|         array|
|delta_2_q0                                                                                      |   in|   32|   ap_memory|                                                                                delta_2|         array|
|delta_3_address0                                                                                |  out|    2|   ap_memory|                                                                                delta_3|         array|
|delta_3_ce0                                                                                     |  out|    1|   ap_memory|                                                                                delta_3|         array|
|delta_3_q0                                                                                      |   in|   32|   ap_memory|                                                                                delta_3|         array|
|delta_4_address0                                                                                |  out|    2|   ap_memory|                                                                                delta_4|         array|
|delta_4_ce0                                                                                     |  out|    1|   ap_memory|                                                                                delta_4|         array|
|delta_4_q0                                                                                      |   in|   32|   ap_memory|                                                                                delta_4|         array|
|delta_5_address0                                                                                |  out|    2|   ap_memory|                                                                                delta_5|         array|
|delta_5_ce0                                                                                     |  out|    1|   ap_memory|                                                                                delta_5|         array|
|delta_5_q0                                                                                      |   in|   32|   ap_memory|                                                                                delta_5|         array|
|delta_6_address0                                                                                |  out|    2|   ap_memory|                                                                                delta_6|         array|
|delta_6_ce0                                                                                     |  out|    1|   ap_memory|                                                                                delta_6|         array|
|delta_6_q0                                                                                      |   in|   32|   ap_memory|                                                                                delta_6|         array|
|delta_7_address0                                                                                |  out|    2|   ap_memory|                                                                                delta_7|         array|
|delta_7_ce0                                                                                     |  out|    1|   ap_memory|                                                                                delta_7|         array|
|delta_7_q0                                                                                      |   in|   32|   ap_memory|                                                                                delta_7|         array|
|p_ZZN8gdn_bf1617gdn_bf16_top_implEhthhPA128_K7ap_uintILi16EES4_S4_PS2_S5_PA128_S3_599_address0  |  out|    5|   ap_memory|  p_ZZN8gdn_bf1617gdn_bf16_top_implEhthhPA128_K7ap_uintILi16EES4_S4_PS2_S5_PA128_S3_599|         array|
|p_ZZN8gdn_bf1617gdn_bf16_top_implEhthhPA128_K7ap_uintILi16EES4_S4_PS2_S5_PA128_S3_599_ce0       |  out|    1|   ap_memory|  p_ZZN8gdn_bf1617gdn_bf16_top_implEhthhPA128_K7ap_uintILi16EES4_S4_PS2_S5_PA128_S3_599|         array|
|p_ZZN8gdn_bf1617gdn_bf16_top_implEhthhPA128_K7ap_uintILi16EES4_S4_PS2_S5_PA128_S3_599_we0       |  out|    1|   ap_memory|  p_ZZN8gdn_bf1617gdn_bf16_top_implEhthhPA128_K7ap_uintILi16EES4_S4_PS2_S5_PA128_S3_599|         array|
|p_ZZN8gdn_bf1617gdn_bf16_top_implEhthhPA128_K7ap_uintILi16EES4_S4_PS2_S5_PA128_S3_599_d0        |  out|   32|   ap_memory|  p_ZZN8gdn_bf1617gdn_bf16_top_implEhthhPA128_K7ap_uintILi16EES4_S4_PS2_S5_PA128_S3_599|         array|
|p_ZZN8gdn_bf1617gdn_bf16_top_implEhthhPA128_K7ap_uintILi16EES4_S4_PS2_S5_PA128_S3_359_address0  |  out|    5|   ap_memory|  p_ZZN8gdn_bf1617gdn_bf16_top_implEhthhPA128_K7ap_uintILi16EES4_S4_PS2_S5_PA128_S3_359|         array|
|p_ZZN8gdn_bf1617gdn_bf16_top_implEhthhPA128_K7ap_uintILi16EES4_S4_PS2_S5_PA128_S3_359_ce0       |  out|    1|   ap_memory|  p_ZZN8gdn_bf1617gdn_bf16_top_implEhthhPA128_K7ap_uintILi16EES4_S4_PS2_S5_PA128_S3_359|         array|
|p_ZZN8gdn_bf1617gdn_bf16_top_implEhthhPA128_K7ap_uintILi16EES4_S4_PS2_S5_PA128_S3_359_we0       |  out|    1|   ap_memory|  p_ZZN8gdn_bf1617gdn_bf16_top_implEhthhPA128_K7ap_uintILi16EES4_S4_PS2_S5_PA128_S3_359|         array|
|p_ZZN8gdn_bf1617gdn_bf16_top_implEhthhPA128_K7ap_uintILi16EES4_S4_PS2_S5_PA128_S3_359_d0        |  out|   16|   ap_memory|  p_ZZN8gdn_bf1617gdn_bf16_top_implEhthhPA128_K7ap_uintILi16EES4_S4_PS2_S5_PA128_S3_359|         array|
|p_ZZN8gdn_bf1617gdn_bf16_top_implEhthhPA128_K7ap_uintILi16EES4_S4_PS2_S5_PA128_S3_600_address0  |  out|    5|   ap_memory|  p_ZZN8gdn_bf1617gdn_bf16_top_implEhthhPA128_K7ap_uintILi16EES4_S4_PS2_S5_PA128_S3_600|         array|
|p_ZZN8gdn_bf1617gdn_bf16_top_implEhthhPA128_K7ap_uintILi16EES4_S4_PS2_S5_PA128_S3_600_ce0       |  out|    1|   ap_memory|  p_ZZN8gdn_bf1617gdn_bf16_top_implEhthhPA128_K7ap_uintILi16EES4_S4_PS2_S5_PA128_S3_600|         array|
|p_ZZN8gdn_bf1617gdn_bf16_top_implEhthhPA128_K7ap_uintILi16EES4_S4_PS2_S5_PA128_S3_600_we0       |  out|    1|   ap_memory|  p_ZZN8gdn_bf1617gdn_bf16_top_implEhthhPA128_K7ap_uintILi16EES4_S4_PS2_S5_PA128_S3_600|         array|
|p_ZZN8gdn_bf1617gdn_bf16_top_implEhthhPA128_K7ap_uintILi16EES4_S4_PS2_S5_PA128_S3_600_d0        |  out|   32|   ap_memory|  p_ZZN8gdn_bf1617gdn_bf16_top_implEhthhPA128_K7ap_uintILi16EES4_S4_PS2_S5_PA128_S3_600|         array|
|p_ZZN8gdn_bf1617gdn_bf16_top_implEhthhPA128_K7ap_uintILi16EES4_S4_PS2_S5_PA128_S3_360_address0  |  out|    5|   ap_memory|  p_ZZN8gdn_bf1617gdn_bf16_top_implEhthhPA128_K7ap_uintILi16EES4_S4_PS2_S5_PA128_S3_360|         array|
|p_ZZN8gdn_bf1617gdn_bf16_top_implEhthhPA128_K7ap_uintILi16EES4_S4_PS2_S5_PA128_S3_360_ce0       |  out|    1|   ap_memory|  p_ZZN8gdn_bf1617gdn_bf16_top_implEhthhPA128_K7ap_uintILi16EES4_S4_PS2_S5_PA128_S3_360|         array|
|p_ZZN8gdn_bf1617gdn_bf16_top_implEhthhPA128_K7ap_uintILi16EES4_S4_PS2_S5_PA128_S3_360_we0       |  out|    1|   ap_memory|  p_ZZN8gdn_bf1617gdn_bf16_top_implEhthhPA128_K7ap_uintILi16EES4_S4_PS2_S5_PA128_S3_360|         array|
|p_ZZN8gdn_bf1617gdn_bf16_top_implEhthhPA128_K7ap_uintILi16EES4_S4_PS2_S5_PA128_S3_360_d0        |  out|   16|   ap_memory|  p_ZZN8gdn_bf1617gdn_bf16_top_implEhthhPA128_K7ap_uintILi16EES4_S4_PS2_S5_PA128_S3_360|         array|
|p_ZZN8gdn_bf1617gdn_bf16_top_implEhthhPA128_K7ap_uintILi16EES4_S4_PS2_S5_PA128_S3_601_address0  |  out|    5|   ap_memory|  p_ZZN8gdn_bf1617gdn_bf16_top_implEhthhPA128_K7ap_uintILi16EES4_S4_PS2_S5_PA128_S3_601|         array|
|p_ZZN8gdn_bf1617gdn_bf16_top_implEhthhPA128_K7ap_uintILi16EES4_S4_PS2_S5_PA128_S3_601_ce0       |  out|    1|   ap_memory|  p_ZZN8gdn_bf1617gdn_bf16_top_implEhthhPA128_K7ap_uintILi16EES4_S4_PS2_S5_PA128_S3_601|         array|
|p_ZZN8gdn_bf1617gdn_bf16_top_implEhthhPA128_K7ap_uintILi16EES4_S4_PS2_S5_PA128_S3_601_we0       |  out|    1|   ap_memory|  p_ZZN8gdn_bf1617gdn_bf16_top_implEhthhPA128_K7ap_uintILi16EES4_S4_PS2_S5_PA128_S3_601|         array|
|p_ZZN8gdn_bf1617gdn_bf16_top_implEhthhPA128_K7ap_uintILi16EES4_S4_PS2_S5_PA128_S3_601_d0        |  out|   32|   ap_memory|  p_ZZN8gdn_bf1617gdn_bf16_top_implEhthhPA128_K7ap_uintILi16EES4_S4_PS2_S5_PA128_S3_601|         array|
|p_ZZN8gdn_bf1617gdn_bf16_top_implEhthhPA128_K7ap_uintILi16EES4_S4_PS2_S5_PA128_S3_361_address0  |  out|    5|   ap_memory|  p_ZZN8gdn_bf1617gdn_bf16_top_implEhthhPA128_K7ap_uintILi16EES4_S4_PS2_S5_PA128_S3_361|         array|
|p_ZZN8gdn_bf1617gdn_bf16_top_implEhthhPA128_K7ap_uintILi16EES4_S4_PS2_S5_PA128_S3_361_ce0       |  out|    1|   ap_memory|  p_ZZN8gdn_bf1617gdn_bf16_top_implEhthhPA128_K7ap_uintILi16EES4_S4_PS2_S5_PA128_S3_361|         array|
|p_ZZN8gdn_bf1617gdn_bf16_top_implEhthhPA128_K7ap_uintILi16EES4_S4_PS2_S5_PA128_S3_361_we0       |  out|    1|   ap_memory|  p_ZZN8gdn_bf1617gdn_bf16_top_implEhthhPA128_K7ap_uintILi16EES4_S4_PS2_S5_PA128_S3_361|         array|
|p_ZZN8gdn_bf1617gdn_bf16_top_implEhthhPA128_K7ap_uintILi16EES4_S4_PS2_S5_PA128_S3_361_d0        |  out|   16|   ap_memory|  p_ZZN8gdn_bf1617gdn_bf16_top_implEhthhPA128_K7ap_uintILi16EES4_S4_PS2_S5_PA128_S3_361|         array|
|p_ZZN8gdn_bf1617gdn_bf16_top_implEhthhPA128_K7ap_uintILi16EES4_S4_PS2_S5_PA128_S3_602_address0  |  out|    5|   ap_memory|  p_ZZN8gdn_bf1617gdn_bf16_top_implEhthhPA128_K7ap_uintILi16EES4_S4_PS2_S5_PA128_S3_602|         array|
|p_ZZN8gdn_bf1617gdn_bf16_top_implEhthhPA128_K7ap_uintILi16EES4_S4_PS2_S5_PA128_S3_602_ce0       |  out|    1|   ap_memory|  p_ZZN8gdn_bf1617gdn_bf16_top_implEhthhPA128_K7ap_uintILi16EES4_S4_PS2_S5_PA128_S3_602|         array|
|p_ZZN8gdn_bf1617gdn_bf16_top_implEhthhPA128_K7ap_uintILi16EES4_S4_PS2_S5_PA128_S3_602_we0       |  out|    1|   ap_memory|  p_ZZN8gdn_bf1617gdn_bf16_top_implEhthhPA128_K7ap_uintILi16EES4_S4_PS2_S5_PA128_S3_602|         array|
|p_ZZN8gdn_bf1617gdn_bf16_top_implEhthhPA128_K7ap_uintILi16EES4_S4_PS2_S5_PA128_S3_602_d0        |  out|   32|   ap_memory|  p_ZZN8gdn_bf1617gdn_bf16_top_implEhthhPA128_K7ap_uintILi16EES4_S4_PS2_S5_PA128_S3_602|         array|
|p_ZZN8gdn_bf1617gdn_bf16_top_implEhthhPA128_K7ap_uintILi16EES4_S4_PS2_S5_PA128_S3_362_address0  |  out|    5|   ap_memory|  p_ZZN8gdn_bf1617gdn_bf16_top_implEhthhPA128_K7ap_uintILi16EES4_S4_PS2_S5_PA128_S3_362|         array|
|p_ZZN8gdn_bf1617gdn_bf16_top_implEhthhPA128_K7ap_uintILi16EES4_S4_PS2_S5_PA128_S3_362_ce0       |  out|    1|   ap_memory|  p_ZZN8gdn_bf1617gdn_bf16_top_implEhthhPA128_K7ap_uintILi16EES4_S4_PS2_S5_PA128_S3_362|         array|
|p_ZZN8gdn_bf1617gdn_bf16_top_implEhthhPA128_K7ap_uintILi16EES4_S4_PS2_S5_PA128_S3_362_we0       |  out|    1|   ap_memory|  p_ZZN8gdn_bf1617gdn_bf16_top_implEhthhPA128_K7ap_uintILi16EES4_S4_PS2_S5_PA128_S3_362|         array|
|p_ZZN8gdn_bf1617gdn_bf16_top_implEhthhPA128_K7ap_uintILi16EES4_S4_PS2_S5_PA128_S3_362_d0        |  out|   16|   ap_memory|  p_ZZN8gdn_bf1617gdn_bf16_top_implEhthhPA128_K7ap_uintILi16EES4_S4_PS2_S5_PA128_S3_362|         array|
|p_ZZN8gdn_bf1617gdn_bf16_top_implEhthhPA128_K7ap_uintILi16EES4_S4_PS2_S5_PA128_S3_603_address0  |  out|    5|   ap_memory|  p_ZZN8gdn_bf1617gdn_bf16_top_implEhthhPA128_K7ap_uintILi16EES4_S4_PS2_S5_PA128_S3_603|         array|
|p_ZZN8gdn_bf1617gdn_bf16_top_implEhthhPA128_K7ap_uintILi16EES4_S4_PS2_S5_PA128_S3_603_ce0       |  out|    1|   ap_memory|  p_ZZN8gdn_bf1617gdn_bf16_top_implEhthhPA128_K7ap_uintILi16EES4_S4_PS2_S5_PA128_S3_603|         array|
|p_ZZN8gdn_bf1617gdn_bf16_top_implEhthhPA128_K7ap_uintILi16EES4_S4_PS2_S5_PA128_S3_603_we0       |  out|    1|   ap_memory|  p_ZZN8gdn_bf1617gdn_bf16_top_implEhthhPA128_K7ap_uintILi16EES4_S4_PS2_S5_PA128_S3_603|         array|
|p_ZZN8gdn_bf1617gdn_bf16_top_implEhthhPA128_K7ap_uintILi16EES4_S4_PS2_S5_PA128_S3_603_d0        |  out|   32|   ap_memory|  p_ZZN8gdn_bf1617gdn_bf16_top_implEhthhPA128_K7ap_uintILi16EES4_S4_PS2_S5_PA128_S3_603|         array|
|p_ZZN8gdn_bf1617gdn_bf16_top_implEhthhPA128_K7ap_uintILi16EES4_S4_PS2_S5_PA128_S3_363_address0  |  out|    5|   ap_memory|  p_ZZN8gdn_bf1617gdn_bf16_top_implEhthhPA128_K7ap_uintILi16EES4_S4_PS2_S5_PA128_S3_363|         array|
|p_ZZN8gdn_bf1617gdn_bf16_top_implEhthhPA128_K7ap_uintILi16EES4_S4_PS2_S5_PA128_S3_363_ce0       |  out|    1|   ap_memory|  p_ZZN8gdn_bf1617gdn_bf16_top_implEhthhPA128_K7ap_uintILi16EES4_S4_PS2_S5_PA128_S3_363|         array|
|p_ZZN8gdn_bf1617gdn_bf16_top_implEhthhPA128_K7ap_uintILi16EES4_S4_PS2_S5_PA128_S3_363_we0       |  out|    1|   ap_memory|  p_ZZN8gdn_bf1617gdn_bf16_top_implEhthhPA128_K7ap_uintILi16EES4_S4_PS2_S5_PA128_S3_363|         array|
|p_ZZN8gdn_bf1617gdn_bf16_top_implEhthhPA128_K7ap_uintILi16EES4_S4_PS2_S5_PA128_S3_363_d0        |  out|   16|   ap_memory|  p_ZZN8gdn_bf1617gdn_bf16_top_implEhthhPA128_K7ap_uintILi16EES4_S4_PS2_S5_PA128_S3_363|         array|
|p_ZZN8gdn_bf1617gdn_bf16_top_implEhthhPA128_K7ap_uintILi16EES4_S4_PS2_S5_PA128_S3_604_address0  |  out|    5|   ap_memory|  p_ZZN8gdn_bf1617gdn_bf16_top_implEhthhPA128_K7ap_uintILi16EES4_S4_PS2_S5_PA128_S3_604|         array|
|p_ZZN8gdn_bf1617gdn_bf16_top_implEhthhPA128_K7ap_uintILi16EES4_S4_PS2_S5_PA128_S3_604_ce0       |  out|    1|   ap_memory|  p_ZZN8gdn_bf1617gdn_bf16_top_implEhthhPA128_K7ap_uintILi16EES4_S4_PS2_S5_PA128_S3_604|         array|
|p_ZZN8gdn_bf1617gdn_bf16_top_implEhthhPA128_K7ap_uintILi16EES4_S4_PS2_S5_PA128_S3_604_we0       |  out|    1|   ap_memory|  p_ZZN8gdn_bf1617gdn_bf16_top_implEhthhPA128_K7ap_uintILi16EES4_S4_PS2_S5_PA128_S3_604|         array|
|p_ZZN8gdn_bf1617gdn_bf16_top_implEhthhPA128_K7ap_uintILi16EES4_S4_PS2_S5_PA128_S3_604_d0        |  out|   32|   ap_memory|  p_ZZN8gdn_bf1617gdn_bf16_top_implEhthhPA128_K7ap_uintILi16EES4_S4_PS2_S5_PA128_S3_604|         array|
|p_ZZN8gdn_bf1617gdn_bf16_top_implEhthhPA128_K7ap_uintILi16EES4_S4_PS2_S5_PA128_S3_364_address0  |  out|    5|   ap_memory|  p_ZZN8gdn_bf1617gdn_bf16_top_implEhthhPA128_K7ap_uintILi16EES4_S4_PS2_S5_PA128_S3_364|         array|
|p_ZZN8gdn_bf1617gdn_bf16_top_implEhthhPA128_K7ap_uintILi16EES4_S4_PS2_S5_PA128_S3_364_ce0       |  out|    1|   ap_memory|  p_ZZN8gdn_bf1617gdn_bf16_top_implEhthhPA128_K7ap_uintILi16EES4_S4_PS2_S5_PA128_S3_364|         array|
|p_ZZN8gdn_bf1617gdn_bf16_top_implEhthhPA128_K7ap_uintILi16EES4_S4_PS2_S5_PA128_S3_364_we0       |  out|    1|   ap_memory|  p_ZZN8gdn_bf1617gdn_bf16_top_implEhthhPA128_K7ap_uintILi16EES4_S4_PS2_S5_PA128_S3_364|         array|
|p_ZZN8gdn_bf1617gdn_bf16_top_implEhthhPA128_K7ap_uintILi16EES4_S4_PS2_S5_PA128_S3_364_d0        |  out|   16|   ap_memory|  p_ZZN8gdn_bf1617gdn_bf16_top_implEhthhPA128_K7ap_uintILi16EES4_S4_PS2_S5_PA128_S3_364|         array|
|p_ZZN8gdn_bf1617gdn_bf16_top_implEhthhPA128_K7ap_uintILi16EES4_S4_PS2_S5_PA128_S3_605_address0  |  out|    5|   ap_memory|  p_ZZN8gdn_bf1617gdn_bf16_top_implEhthhPA128_K7ap_uintILi16EES4_S4_PS2_S5_PA128_S3_605|         array|
|p_ZZN8gdn_bf1617gdn_bf16_top_implEhthhPA128_K7ap_uintILi16EES4_S4_PS2_S5_PA128_S3_605_ce0       |  out|    1|   ap_memory|  p_ZZN8gdn_bf1617gdn_bf16_top_implEhthhPA128_K7ap_uintILi16EES4_S4_PS2_S5_PA128_S3_605|         array|
|p_ZZN8gdn_bf1617gdn_bf16_top_implEhthhPA128_K7ap_uintILi16EES4_S4_PS2_S5_PA128_S3_605_we0       |  out|    1|   ap_memory|  p_ZZN8gdn_bf1617gdn_bf16_top_implEhthhPA128_K7ap_uintILi16EES4_S4_PS2_S5_PA128_S3_605|         array|
|p_ZZN8gdn_bf1617gdn_bf16_top_implEhthhPA128_K7ap_uintILi16EES4_S4_PS2_S5_PA128_S3_605_d0        |  out|   32|   ap_memory|  p_ZZN8gdn_bf1617gdn_bf16_top_implEhthhPA128_K7ap_uintILi16EES4_S4_PS2_S5_PA128_S3_605|         array|
|p_ZZN8gdn_bf1617gdn_bf16_top_implEhthhPA128_K7ap_uintILi16EES4_S4_PS2_S5_PA128_S3_365_address0  |  out|    5|   ap_memory|  p_ZZN8gdn_bf1617gdn_bf16_top_implEhthhPA128_K7ap_uintILi16EES4_S4_PS2_S5_PA128_S3_365|         array|
|p_ZZN8gdn_bf1617gdn_bf16_top_implEhthhPA128_K7ap_uintILi16EES4_S4_PS2_S5_PA128_S3_365_ce0       |  out|    1|   ap_memory|  p_ZZN8gdn_bf1617gdn_bf16_top_implEhthhPA128_K7ap_uintILi16EES4_S4_PS2_S5_PA128_S3_365|         array|
|p_ZZN8gdn_bf1617gdn_bf16_top_implEhthhPA128_K7ap_uintILi16EES4_S4_PS2_S5_PA128_S3_365_we0       |  out|    1|   ap_memory|  p_ZZN8gdn_bf1617gdn_bf16_top_implEhthhPA128_K7ap_uintILi16EES4_S4_PS2_S5_PA128_S3_365|         array|
|p_ZZN8gdn_bf1617gdn_bf16_top_implEhthhPA128_K7ap_uintILi16EES4_S4_PS2_S5_PA128_S3_365_d0        |  out|   16|   ap_memory|  p_ZZN8gdn_bf1617gdn_bf16_top_implEhthhPA128_K7ap_uintILi16EES4_S4_PS2_S5_PA128_S3_365|         array|
|p_ZZN8gdn_bf1617gdn_bf16_top_implEhthhPA128_K7ap_uintILi16EES4_S4_PS2_S5_PA128_S3_606_address0  |  out|    5|   ap_memory|  p_ZZN8gdn_bf1617gdn_bf16_top_implEhthhPA128_K7ap_uintILi16EES4_S4_PS2_S5_PA128_S3_606|         array|
|p_ZZN8gdn_bf1617gdn_bf16_top_implEhthhPA128_K7ap_uintILi16EES4_S4_PS2_S5_PA128_S3_606_ce0       |  out|    1|   ap_memory|  p_ZZN8gdn_bf1617gdn_bf16_top_implEhthhPA128_K7ap_uintILi16EES4_S4_PS2_S5_PA128_S3_606|         array|
|p_ZZN8gdn_bf1617gdn_bf16_top_implEhthhPA128_K7ap_uintILi16EES4_S4_PS2_S5_PA128_S3_606_we0       |  out|    1|   ap_memory|  p_ZZN8gdn_bf1617gdn_bf16_top_implEhthhPA128_K7ap_uintILi16EES4_S4_PS2_S5_PA128_S3_606|         array|
|p_ZZN8gdn_bf1617gdn_bf16_top_implEhthhPA128_K7ap_uintILi16EES4_S4_PS2_S5_PA128_S3_606_d0        |  out|   32|   ap_memory|  p_ZZN8gdn_bf1617gdn_bf16_top_implEhthhPA128_K7ap_uintILi16EES4_S4_PS2_S5_PA128_S3_606|         array|
|p_ZZN8gdn_bf1617gdn_bf16_top_implEhthhPA128_K7ap_uintILi16EES4_S4_PS2_S5_PA128_S3_366_address0  |  out|    5|   ap_memory|  p_ZZN8gdn_bf1617gdn_bf16_top_implEhthhPA128_K7ap_uintILi16EES4_S4_PS2_S5_PA128_S3_366|         array|
|p_ZZN8gdn_bf1617gdn_bf16_top_implEhthhPA128_K7ap_uintILi16EES4_S4_PS2_S5_PA128_S3_366_ce0       |  out|    1|   ap_memory|  p_ZZN8gdn_bf1617gdn_bf16_top_implEhthhPA128_K7ap_uintILi16EES4_S4_PS2_S5_PA128_S3_366|         array|
|p_ZZN8gdn_bf1617gdn_bf16_top_implEhthhPA128_K7ap_uintILi16EES4_S4_PS2_S5_PA128_S3_366_we0       |  out|    1|   ap_memory|  p_ZZN8gdn_bf1617gdn_bf16_top_implEhthhPA128_K7ap_uintILi16EES4_S4_PS2_S5_PA128_S3_366|         array|
|p_ZZN8gdn_bf1617gdn_bf16_top_implEhthhPA128_K7ap_uintILi16EES4_S4_PS2_S5_PA128_S3_366_d0        |  out|   16|   ap_memory|  p_ZZN8gdn_bf1617gdn_bf16_top_implEhthhPA128_K7ap_uintILi16EES4_S4_PS2_S5_PA128_S3_366|         array|
|p_ZZN8gdn_bf1617gdn_bf16_top_implEhthhPA128_K7ap_uintILi16EES4_S4_PS2_S5_PA128_S3_71_address0   |  out|    5|   ap_memory|   p_ZZN8gdn_bf1617gdn_bf16_top_implEhthhPA128_K7ap_uintILi16EES4_S4_PS2_S5_PA128_S3_71|         array|
|p_ZZN8gdn_bf1617gdn_bf16_top_implEhthhPA128_K7ap_uintILi16EES4_S4_PS2_S5_PA128_S3_71_ce0        |  out|    1|   ap_memory|   p_ZZN8gdn_bf1617gdn_bf16_top_implEhthhPA128_K7ap_uintILi16EES4_S4_PS2_S5_PA128_S3_71|         array|
|p_ZZN8gdn_bf1617gdn_bf16_top_implEhthhPA128_K7ap_uintILi16EES4_S4_PS2_S5_PA128_S3_71_we0        |  out|    1|   ap_memory|   p_ZZN8gdn_bf1617gdn_bf16_top_implEhthhPA128_K7ap_uintILi16EES4_S4_PS2_S5_PA128_S3_71|         array|
|p_ZZN8gdn_bf1617gdn_bf16_top_implEhthhPA128_K7ap_uintILi16EES4_S4_PS2_S5_PA128_S3_71_d0         |  out|   32|   ap_memory|   p_ZZN8gdn_bf1617gdn_bf16_top_implEhthhPA128_K7ap_uintILi16EES4_S4_PS2_S5_PA128_S3_71|         array|
|p_ZZN8gdn_bf1617gdn_bf16_top_implEhthhPA128_K7ap_uintILi16EES4_S4_PS2_S5_PA128_S3_407_address0  |  out|    5|   ap_memory|  p_ZZN8gdn_bf1617gdn_bf16_top_implEhthhPA128_K7ap_uintILi16EES4_S4_PS2_S5_PA128_S3_407|         array|
|p_ZZN8gdn_bf1617gdn_bf16_top_implEhthhPA128_K7ap_uintILi16EES4_S4_PS2_S5_PA128_S3_407_ce0       |  out|    1|   ap_memory|  p_ZZN8gdn_bf1617gdn_bf16_top_implEhthhPA128_K7ap_uintILi16EES4_S4_PS2_S5_PA128_S3_407|         array|
|p_ZZN8gdn_bf1617gdn_bf16_top_implEhthhPA128_K7ap_uintILi16EES4_S4_PS2_S5_PA128_S3_407_we0       |  out|    1|   ap_memory|  p_ZZN8gdn_bf1617gdn_bf16_top_implEhthhPA128_K7ap_uintILi16EES4_S4_PS2_S5_PA128_S3_407|         array|
|p_ZZN8gdn_bf1617gdn_bf16_top_implEhthhPA128_K7ap_uintILi16EES4_S4_PS2_S5_PA128_S3_407_d0        |  out|   16|   ap_memory|  p_ZZN8gdn_bf1617gdn_bf16_top_implEhthhPA128_K7ap_uintILi16EES4_S4_PS2_S5_PA128_S3_407|         array|
|p_ZZN8gdn_bf1617gdn_bf16_top_implEhthhPA128_K7ap_uintILi16EES4_S4_PS2_S5_PA128_S3_70_address0   |  out|    5|   ap_memory|   p_ZZN8gdn_bf1617gdn_bf16_top_implEhthhPA128_K7ap_uintILi16EES4_S4_PS2_S5_PA128_S3_70|         array|
|p_ZZN8gdn_bf1617gdn_bf16_top_implEhthhPA128_K7ap_uintILi16EES4_S4_PS2_S5_PA128_S3_70_ce0        |  out|    1|   ap_memory|   p_ZZN8gdn_bf1617gdn_bf16_top_implEhthhPA128_K7ap_uintILi16EES4_S4_PS2_S5_PA128_S3_70|         array|
|p_ZZN8gdn_bf1617gdn_bf16_top_implEhthhPA128_K7ap_uintILi16EES4_S4_PS2_S5_PA128_S3_70_we0        |  out|    1|   ap_memory|   p_ZZN8gdn_bf1617gdn_bf16_top_implEhthhPA128_K7ap_uintILi16EES4_S4_PS2_S5_PA128_S3_70|         array|
|p_ZZN8gdn_bf1617gdn_bf16_top_implEhthhPA128_K7ap_uintILi16EES4_S4_PS2_S5_PA128_S3_70_d0         |  out|   32|   ap_memory|   p_ZZN8gdn_bf1617gdn_bf16_top_implEhthhPA128_K7ap_uintILi16EES4_S4_PS2_S5_PA128_S3_70|         array|
|p_ZZN8gdn_bf1617gdn_bf16_top_implEhthhPA128_K7ap_uintILi16EES4_S4_PS2_S5_PA128_S3_408_address0  |  out|    5|   ap_memory|  p_ZZN8gdn_bf1617gdn_bf16_top_implEhthhPA128_K7ap_uintILi16EES4_S4_PS2_S5_PA128_S3_408|         array|
|p_ZZN8gdn_bf1617gdn_bf16_top_implEhthhPA128_K7ap_uintILi16EES4_S4_PS2_S5_PA128_S3_408_ce0       |  out|    1|   ap_memory|  p_ZZN8gdn_bf1617gdn_bf16_top_implEhthhPA128_K7ap_uintILi16EES4_S4_PS2_S5_PA128_S3_408|         array|
|p_ZZN8gdn_bf1617gdn_bf16_top_implEhthhPA128_K7ap_uintILi16EES4_S4_PS2_S5_PA128_S3_408_we0       |  out|    1|   ap_memory|  p_ZZN8gdn_bf1617gdn_bf16_top_implEhthhPA128_K7ap_uintILi16EES4_S4_PS2_S5_PA128_S3_408|         array|
|p_ZZN8gdn_bf1617gdn_bf16_top_implEhthhPA128_K7ap_uintILi16EES4_S4_PS2_S5_PA128_S3_408_d0        |  out|   16|   ap_memory|  p_ZZN8gdn_bf1617gdn_bf16_top_implEhthhPA128_K7ap_uintILi16EES4_S4_PS2_S5_PA128_S3_408|         array|
|p_ZZN8gdn_bf1617gdn_bf16_top_implEhthhPA128_K7ap_uintILi16EES4_S4_PS2_S5_PA128_S3_69_address0   |  out|    5|   ap_memory|   p_ZZN8gdn_bf1617gdn_bf16_top_implEhthhPA128_K7ap_uintILi16EES4_S4_PS2_S5_PA128_S3_69|         array|
|p_ZZN8gdn_bf1617gdn_bf16_top_implEhthhPA128_K7ap_uintILi16EES4_S4_PS2_S5_PA128_S3_69_ce0        |  out|    1|   ap_memory|   p_ZZN8gdn_bf1617gdn_bf16_top_implEhthhPA128_K7ap_uintILi16EES4_S4_PS2_S5_PA128_S3_69|         array|
|p_ZZN8gdn_bf1617gdn_bf16_top_implEhthhPA128_K7ap_uintILi16EES4_S4_PS2_S5_PA128_S3_69_we0        |  out|    1|   ap_memory|   p_ZZN8gdn_bf1617gdn_bf16_top_implEhthhPA128_K7ap_uintILi16EES4_S4_PS2_S5_PA128_S3_69|         array|
|p_ZZN8gdn_bf1617gdn_bf16_top_implEhthhPA128_K7ap_uintILi16EES4_S4_PS2_S5_PA128_S3_69_d0         |  out|   32|   ap_memory|   p_ZZN8gdn_bf1617gdn_bf16_top_implEhthhPA128_K7ap_uintILi16EES4_S4_PS2_S5_PA128_S3_69|         array|
|p_ZZN8gdn_bf1617gdn_bf16_top_implEhthhPA128_K7ap_uintILi16EES4_S4_PS2_S5_PA128_S3_409_address0  |  out|    5|   ap_memory|  p_ZZN8gdn_bf1617gdn_bf16_top_implEhthhPA128_K7ap_uintILi16EES4_S4_PS2_S5_PA128_S3_409|         array|
|p_ZZN8gdn_bf1617gdn_bf16_top_implEhthhPA128_K7ap_uintILi16EES4_S4_PS2_S5_PA128_S3_409_ce0       |  out|    1|   ap_memory|  p_ZZN8gdn_bf1617gdn_bf16_top_implEhthhPA128_K7ap_uintILi16EES4_S4_PS2_S5_PA128_S3_409|         array|
|p_ZZN8gdn_bf1617gdn_bf16_top_implEhthhPA128_K7ap_uintILi16EES4_S4_PS2_S5_PA128_S3_409_we0       |  out|    1|   ap_memory|  p_ZZN8gdn_bf1617gdn_bf16_top_implEhthhPA128_K7ap_uintILi16EES4_S4_PS2_S5_PA128_S3_409|         array|
|p_ZZN8gdn_bf1617gdn_bf16_top_implEhthhPA128_K7ap_uintILi16EES4_S4_PS2_S5_PA128_S3_409_d0        |  out|   16|   ap_memory|  p_ZZN8gdn_bf1617gdn_bf16_top_implEhthhPA128_K7ap_uintILi16EES4_S4_PS2_S5_PA128_S3_409|         array|
|p_ZZN8gdn_bf1617gdn_bf16_top_implEhthhPA128_K7ap_uintILi16EES4_S4_PS2_S5_PA128_S3_68_address0   |  out|    5|   ap_memory|   p_ZZN8gdn_bf1617gdn_bf16_top_implEhthhPA128_K7ap_uintILi16EES4_S4_PS2_S5_PA128_S3_68|         array|
|p_ZZN8gdn_bf1617gdn_bf16_top_implEhthhPA128_K7ap_uintILi16EES4_S4_PS2_S5_PA128_S3_68_ce0        |  out|    1|   ap_memory|   p_ZZN8gdn_bf1617gdn_bf16_top_implEhthhPA128_K7ap_uintILi16EES4_S4_PS2_S5_PA128_S3_68|         array|
|p_ZZN8gdn_bf1617gdn_bf16_top_implEhthhPA128_K7ap_uintILi16EES4_S4_PS2_S5_PA128_S3_68_we0        |  out|    1|   ap_memory|   p_ZZN8gdn_bf1617gdn_bf16_top_implEhthhPA128_K7ap_uintILi16EES4_S4_PS2_S5_PA128_S3_68|         array|
|p_ZZN8gdn_bf1617gdn_bf16_top_implEhthhPA128_K7ap_uintILi16EES4_S4_PS2_S5_PA128_S3_68_d0         |  out|   32|   ap_memory|   p_ZZN8gdn_bf1617gdn_bf16_top_implEhthhPA128_K7ap_uintILi16EES4_S4_PS2_S5_PA128_S3_68|         array|
|p_ZZN8gdn_bf1617gdn_bf16_top_implEhthhPA128_K7ap_uintILi16EES4_S4_PS2_S5_PA128_S3_410_address0  |  out|    5|   ap_memory|  p_ZZN8gdn_bf1617gdn_bf16_top_implEhthhPA128_K7ap_uintILi16EES4_S4_PS2_S5_PA128_S3_410|         array|
|p_ZZN8gdn_bf1617gdn_bf16_top_implEhthhPA128_K7ap_uintILi16EES4_S4_PS2_S5_PA128_S3_410_ce0       |  out|    1|   ap_memory|  p_ZZN8gdn_bf1617gdn_bf16_top_implEhthhPA128_K7ap_uintILi16EES4_S4_PS2_S5_PA128_S3_410|         array|
|p_ZZN8gdn_bf1617gdn_bf16_top_implEhthhPA128_K7ap_uintILi16EES4_S4_PS2_S5_PA128_S3_410_we0       |  out|    1|   ap_memory|  p_ZZN8gdn_bf1617gdn_bf16_top_implEhthhPA128_K7ap_uintILi16EES4_S4_PS2_S5_PA128_S3_410|         array|
|p_ZZN8gdn_bf1617gdn_bf16_top_implEhthhPA128_K7ap_uintILi16EES4_S4_PS2_S5_PA128_S3_410_d0        |  out|   16|   ap_memory|  p_ZZN8gdn_bf1617gdn_bf16_top_implEhthhPA128_K7ap_uintILi16EES4_S4_PS2_S5_PA128_S3_410|         array|
|p_ZZN8gdn_bf1617gdn_bf16_top_implEhthhPA128_K7ap_uintILi16EES4_S4_PS2_S5_PA128_S3_67_address0   |  out|    5|   ap_memory|   p_ZZN8gdn_bf1617gdn_bf16_top_implEhthhPA128_K7ap_uintILi16EES4_S4_PS2_S5_PA128_S3_67|         array|
|p_ZZN8gdn_bf1617gdn_bf16_top_implEhthhPA128_K7ap_uintILi16EES4_S4_PS2_S5_PA128_S3_67_ce0        |  out|    1|   ap_memory|   p_ZZN8gdn_bf1617gdn_bf16_top_implEhthhPA128_K7ap_uintILi16EES4_S4_PS2_S5_PA128_S3_67|         array|
|p_ZZN8gdn_bf1617gdn_bf16_top_implEhthhPA128_K7ap_uintILi16EES4_S4_PS2_S5_PA128_S3_67_we0        |  out|    1|   ap_memory|   p_ZZN8gdn_bf1617gdn_bf16_top_implEhthhPA128_K7ap_uintILi16EES4_S4_PS2_S5_PA128_S3_67|         array|
|p_ZZN8gdn_bf1617gdn_bf16_top_implEhthhPA128_K7ap_uintILi16EES4_S4_PS2_S5_PA128_S3_67_d0         |  out|   32|   ap_memory|   p_ZZN8gdn_bf1617gdn_bf16_top_implEhthhPA128_K7ap_uintILi16EES4_S4_PS2_S5_PA128_S3_67|         array|
|p_ZZN8gdn_bf1617gdn_bf16_top_implEhthhPA128_K7ap_uintILi16EES4_S4_PS2_S5_PA128_S3_411_address0  |  out|    5|   ap_memory|  p_ZZN8gdn_bf1617gdn_bf16_top_implEhthhPA128_K7ap_uintILi16EES4_S4_PS2_S5_PA128_S3_411|         array|
|p_ZZN8gdn_bf1617gdn_bf16_top_implEhthhPA128_K7ap_uintILi16EES4_S4_PS2_S5_PA128_S3_411_ce0       |  out|    1|   ap_memory|  p_ZZN8gdn_bf1617gdn_bf16_top_implEhthhPA128_K7ap_uintILi16EES4_S4_PS2_S5_PA128_S3_411|         array|
|p_ZZN8gdn_bf1617gdn_bf16_top_implEhthhPA128_K7ap_uintILi16EES4_S4_PS2_S5_PA128_S3_411_we0       |  out|    1|   ap_memory|  p_ZZN8gdn_bf1617gdn_bf16_top_implEhthhPA128_K7ap_uintILi16EES4_S4_PS2_S5_PA128_S3_411|         array|
|p_ZZN8gdn_bf1617gdn_bf16_top_implEhthhPA128_K7ap_uintILi16EES4_S4_PS2_S5_PA128_S3_411_d0        |  out|   16|   ap_memory|  p_ZZN8gdn_bf1617gdn_bf16_top_implEhthhPA128_K7ap_uintILi16EES4_S4_PS2_S5_PA128_S3_411|         array|
|p_ZZN8gdn_bf1617gdn_bf16_top_implEhthhPA128_K7ap_uintILi16EES4_S4_PS2_S5_PA128_S3_66_address0   |  out|    5|   ap_memory|   p_ZZN8gdn_bf1617gdn_bf16_top_implEhthhPA128_K7ap_uintILi16EES4_S4_PS2_S5_PA128_S3_66|         array|
|p_ZZN8gdn_bf1617gdn_bf16_top_implEhthhPA128_K7ap_uintILi16EES4_S4_PS2_S5_PA128_S3_66_ce0        |  out|    1|   ap_memory|   p_ZZN8gdn_bf1617gdn_bf16_top_implEhthhPA128_K7ap_uintILi16EES4_S4_PS2_S5_PA128_S3_66|         array|
|p_ZZN8gdn_bf1617gdn_bf16_top_implEhthhPA128_K7ap_uintILi16EES4_S4_PS2_S5_PA128_S3_66_we0        |  out|    1|   ap_memory|   p_ZZN8gdn_bf1617gdn_bf16_top_implEhthhPA128_K7ap_uintILi16EES4_S4_PS2_S5_PA128_S3_66|         array|
|p_ZZN8gdn_bf1617gdn_bf16_top_implEhthhPA128_K7ap_uintILi16EES4_S4_PS2_S5_PA128_S3_66_d0         |  out|   32|   ap_memory|   p_ZZN8gdn_bf1617gdn_bf16_top_implEhthhPA128_K7ap_uintILi16EES4_S4_PS2_S5_PA128_S3_66|         array|
|p_ZZN8gdn_bf1617gdn_bf16_top_implEhthhPA128_K7ap_uintILi16EES4_S4_PS2_S5_PA128_S3_412_address0  |  out|    5|   ap_memory|  p_ZZN8gdn_bf1617gdn_bf16_top_implEhthhPA128_K7ap_uintILi16EES4_S4_PS2_S5_PA128_S3_412|         array|
|p_ZZN8gdn_bf1617gdn_bf16_top_implEhthhPA128_K7ap_uintILi16EES4_S4_PS2_S5_PA128_S3_412_ce0       |  out|    1|   ap_memory|  p_ZZN8gdn_bf1617gdn_bf16_top_implEhthhPA128_K7ap_uintILi16EES4_S4_PS2_S5_PA128_S3_412|         array|
|p_ZZN8gdn_bf1617gdn_bf16_top_implEhthhPA128_K7ap_uintILi16EES4_S4_PS2_S5_PA128_S3_412_we0       |  out|    1|   ap_memory|  p_ZZN8gdn_bf1617gdn_bf16_top_implEhthhPA128_K7ap_uintILi16EES4_S4_PS2_S5_PA128_S3_412|         array|
|p_ZZN8gdn_bf1617gdn_bf16_top_implEhthhPA128_K7ap_uintILi16EES4_S4_PS2_S5_PA128_S3_412_d0        |  out|   16|   ap_memory|  p_ZZN8gdn_bf1617gdn_bf16_top_implEhthhPA128_K7ap_uintILi16EES4_S4_PS2_S5_PA128_S3_412|         array|
|p_ZZN8gdn_bf1617gdn_bf16_top_implEhthhPA128_K7ap_uintILi16EES4_S4_PS2_S5_PA128_S3_65_address0   |  out|    5|   ap_memory|   p_ZZN8gdn_bf1617gdn_bf16_top_implEhthhPA128_K7ap_uintILi16EES4_S4_PS2_S5_PA128_S3_65|         array|
|p_ZZN8gdn_bf1617gdn_bf16_top_implEhthhPA128_K7ap_uintILi16EES4_S4_PS2_S5_PA128_S3_65_ce0        |  out|    1|   ap_memory|   p_ZZN8gdn_bf1617gdn_bf16_top_implEhthhPA128_K7ap_uintILi16EES4_S4_PS2_S5_PA128_S3_65|         array|
|p_ZZN8gdn_bf1617gdn_bf16_top_implEhthhPA128_K7ap_uintILi16EES4_S4_PS2_S5_PA128_S3_65_we0        |  out|    1|   ap_memory|   p_ZZN8gdn_bf1617gdn_bf16_top_implEhthhPA128_K7ap_uintILi16EES4_S4_PS2_S5_PA128_S3_65|         array|
|p_ZZN8gdn_bf1617gdn_bf16_top_implEhthhPA128_K7ap_uintILi16EES4_S4_PS2_S5_PA128_S3_65_d0         |  out|   32|   ap_memory|   p_ZZN8gdn_bf1617gdn_bf16_top_implEhthhPA128_K7ap_uintILi16EES4_S4_PS2_S5_PA128_S3_65|         array|
|p_ZZN8gdn_bf1617gdn_bf16_top_implEhthhPA128_K7ap_uintILi16EES4_S4_PS2_S5_PA128_S3_413_address0  |  out|    5|   ap_memory|  p_ZZN8gdn_bf1617gdn_bf16_top_implEhthhPA128_K7ap_uintILi16EES4_S4_PS2_S5_PA128_S3_413|         array|
|p_ZZN8gdn_bf1617gdn_bf16_top_implEhthhPA128_K7ap_uintILi16EES4_S4_PS2_S5_PA128_S3_413_ce0       |  out|    1|   ap_memory|  p_ZZN8gdn_bf1617gdn_bf16_top_implEhthhPA128_K7ap_uintILi16EES4_S4_PS2_S5_PA128_S3_413|         array|
|p_ZZN8gdn_bf1617gdn_bf16_top_implEhthhPA128_K7ap_uintILi16EES4_S4_PS2_S5_PA128_S3_413_we0       |  out|    1|   ap_memory|  p_ZZN8gdn_bf1617gdn_bf16_top_implEhthhPA128_K7ap_uintILi16EES4_S4_PS2_S5_PA128_S3_413|         array|
|p_ZZN8gdn_bf1617gdn_bf16_top_implEhthhPA128_K7ap_uintILi16EES4_S4_PS2_S5_PA128_S3_413_d0        |  out|   16|   ap_memory|  p_ZZN8gdn_bf1617gdn_bf16_top_implEhthhPA128_K7ap_uintILi16EES4_S4_PS2_S5_PA128_S3_413|         array|
|p_ZZN8gdn_bf1617gdn_bf16_top_implEhthhPA128_K7ap_uintILi16EES4_S4_PS2_S5_PA128_S3_64_address0   |  out|    5|   ap_memory|   p_ZZN8gdn_bf1617gdn_bf16_top_implEhthhPA128_K7ap_uintILi16EES4_S4_PS2_S5_PA128_S3_64|         array|
|p_ZZN8gdn_bf1617gdn_bf16_top_implEhthhPA128_K7ap_uintILi16EES4_S4_PS2_S5_PA128_S3_64_ce0        |  out|    1|   ap_memory|   p_ZZN8gdn_bf1617gdn_bf16_top_implEhthhPA128_K7ap_uintILi16EES4_S4_PS2_S5_PA128_S3_64|         array|
|p_ZZN8gdn_bf1617gdn_bf16_top_implEhthhPA128_K7ap_uintILi16EES4_S4_PS2_S5_PA128_S3_64_we0        |  out|    1|   ap_memory|   p_ZZN8gdn_bf1617gdn_bf16_top_implEhthhPA128_K7ap_uintILi16EES4_S4_PS2_S5_PA128_S3_64|         array|
|p_ZZN8gdn_bf1617gdn_bf16_top_implEhthhPA128_K7ap_uintILi16EES4_S4_PS2_S5_PA128_S3_64_d0         |  out|   32|   ap_memory|   p_ZZN8gdn_bf1617gdn_bf16_top_implEhthhPA128_K7ap_uintILi16EES4_S4_PS2_S5_PA128_S3_64|         array|
|p_ZZN8gdn_bf1617gdn_bf16_top_implEhthhPA128_K7ap_uintILi16EES4_S4_PS2_S5_PA128_S3_414_address0  |  out|    5|   ap_memory|  p_ZZN8gdn_bf1617gdn_bf16_top_implEhthhPA128_K7ap_uintILi16EES4_S4_PS2_S5_PA128_S3_414|         array|
|p_ZZN8gdn_bf1617gdn_bf16_top_implEhthhPA128_K7ap_uintILi16EES4_S4_PS2_S5_PA128_S3_414_ce0       |  out|    1|   ap_memory|  p_ZZN8gdn_bf1617gdn_bf16_top_implEhthhPA128_K7ap_uintILi16EES4_S4_PS2_S5_PA128_S3_414|         array|
|p_ZZN8gdn_bf1617gdn_bf16_top_implEhthhPA128_K7ap_uintILi16EES4_S4_PS2_S5_PA128_S3_414_we0       |  out|    1|   ap_memory|  p_ZZN8gdn_bf1617gdn_bf16_top_implEhthhPA128_K7ap_uintILi16EES4_S4_PS2_S5_PA128_S3_414|         array|
|p_ZZN8gdn_bf1617gdn_bf16_top_implEhthhPA128_K7ap_uintILi16EES4_S4_PS2_S5_PA128_S3_414_d0        |  out|   16|   ap_memory|  p_ZZN8gdn_bf1617gdn_bf16_top_implEhthhPA128_K7ap_uintILi16EES4_S4_PS2_S5_PA128_S3_414|         array|
|p_ZZN8gdn_bf1617gdn_bf16_top_implEhthhPA128_K7ap_uintILi16EES4_S4_PS2_S5_PA128_S3_63_address0   |  out|    5|   ap_memory|   p_ZZN8gdn_bf1617gdn_bf16_top_implEhthhPA128_K7ap_uintILi16EES4_S4_PS2_S5_PA128_S3_63|         array|
|p_ZZN8gdn_bf1617gdn_bf16_top_implEhthhPA128_K7ap_uintILi16EES4_S4_PS2_S5_PA128_S3_63_ce0        |  out|    1|   ap_memory|   p_ZZN8gdn_bf1617gdn_bf16_top_implEhthhPA128_K7ap_uintILi16EES4_S4_PS2_S5_PA128_S3_63|         array|
|p_ZZN8gdn_bf1617gdn_bf16_top_implEhthhPA128_K7ap_uintILi16EES4_S4_PS2_S5_PA128_S3_63_we0        |  out|    1|   ap_memory|   p_ZZN8gdn_bf1617gdn_bf16_top_implEhthhPA128_K7ap_uintILi16EES4_S4_PS2_S5_PA128_S3_63|         array|
|p_ZZN8gdn_bf1617gdn_bf16_top_implEhthhPA128_K7ap_uintILi16EES4_S4_PS2_S5_PA128_S3_63_d0         |  out|   32|   ap_memory|   p_ZZN8gdn_bf1617gdn_bf16_top_implEhthhPA128_K7ap_uintILi16EES4_S4_PS2_S5_PA128_S3_63|         array|
|p_ZZN8gdn_bf1617gdn_bf16_top_implEhthhPA128_K7ap_uintILi16EES4_S4_PS2_S5_PA128_S3_415_address0  |  out|    5|   ap_memory|  p_ZZN8gdn_bf1617gdn_bf16_top_implEhthhPA128_K7ap_uintILi16EES4_S4_PS2_S5_PA128_S3_415|         array|
|p_ZZN8gdn_bf1617gdn_bf16_top_implEhthhPA128_K7ap_uintILi16EES4_S4_PS2_S5_PA128_S3_415_ce0       |  out|    1|   ap_memory|  p_ZZN8gdn_bf1617gdn_bf16_top_implEhthhPA128_K7ap_uintILi16EES4_S4_PS2_S5_PA128_S3_415|         array|
|p_ZZN8gdn_bf1617gdn_bf16_top_implEhthhPA128_K7ap_uintILi16EES4_S4_PS2_S5_PA128_S3_415_we0       |  out|    1|   ap_memory|  p_ZZN8gdn_bf1617gdn_bf16_top_implEhthhPA128_K7ap_uintILi16EES4_S4_PS2_S5_PA128_S3_415|         array|
|p_ZZN8gdn_bf1617gdn_bf16_top_implEhthhPA128_K7ap_uintILi16EES4_S4_PS2_S5_PA128_S3_415_d0        |  out|   16|   ap_memory|  p_ZZN8gdn_bf1617gdn_bf16_top_implEhthhPA128_K7ap_uintILi16EES4_S4_PS2_S5_PA128_S3_415|         array|
|p_ZZN8gdn_bf1617gdn_bf16_top_implEhthhPA128_K7ap_uintILi16EES4_S4_PS2_S5_PA128_S3_62_address0   |  out|    5|   ap_memory|   p_ZZN8gdn_bf1617gdn_bf16_top_implEhthhPA128_K7ap_uintILi16EES4_S4_PS2_S5_PA128_S3_62|         array|
|p_ZZN8gdn_bf1617gdn_bf16_top_implEhthhPA128_K7ap_uintILi16EES4_S4_PS2_S5_PA128_S3_62_ce0        |  out|    1|   ap_memory|   p_ZZN8gdn_bf1617gdn_bf16_top_implEhthhPA128_K7ap_uintILi16EES4_S4_PS2_S5_PA128_S3_62|         array|
|p_ZZN8gdn_bf1617gdn_bf16_top_implEhthhPA128_K7ap_uintILi16EES4_S4_PS2_S5_PA128_S3_62_we0        |  out|    1|   ap_memory|   p_ZZN8gdn_bf1617gdn_bf16_top_implEhthhPA128_K7ap_uintILi16EES4_S4_PS2_S5_PA128_S3_62|         array|
|p_ZZN8gdn_bf1617gdn_bf16_top_implEhthhPA128_K7ap_uintILi16EES4_S4_PS2_S5_PA128_S3_62_d0         |  out|   32|   ap_memory|   p_ZZN8gdn_bf1617gdn_bf16_top_implEhthhPA128_K7ap_uintILi16EES4_S4_PS2_S5_PA128_S3_62|         array|
|p_ZZN8gdn_bf1617gdn_bf16_top_implEhthhPA128_K7ap_uintILi16EES4_S4_PS2_S5_PA128_S3_416_address0  |  out|    5|   ap_memory|  p_ZZN8gdn_bf1617gdn_bf16_top_implEhthhPA128_K7ap_uintILi16EES4_S4_PS2_S5_PA128_S3_416|         array|
|p_ZZN8gdn_bf1617gdn_bf16_top_implEhthhPA128_K7ap_uintILi16EES4_S4_PS2_S5_PA128_S3_416_ce0       |  out|    1|   ap_memory|  p_ZZN8gdn_bf1617gdn_bf16_top_implEhthhPA128_K7ap_uintILi16EES4_S4_PS2_S5_PA128_S3_416|         array|
|p_ZZN8gdn_bf1617gdn_bf16_top_implEhthhPA128_K7ap_uintILi16EES4_S4_PS2_S5_PA128_S3_416_we0       |  out|    1|   ap_memory|  p_ZZN8gdn_bf1617gdn_bf16_top_implEhthhPA128_K7ap_uintILi16EES4_S4_PS2_S5_PA128_S3_416|         array|
|p_ZZN8gdn_bf1617gdn_bf16_top_implEhthhPA128_K7ap_uintILi16EES4_S4_PS2_S5_PA128_S3_416_d0        |  out|   16|   ap_memory|  p_ZZN8gdn_bf1617gdn_bf16_top_implEhthhPA128_K7ap_uintILi16EES4_S4_PS2_S5_PA128_S3_416|         array|
|p_ZZN8gdn_bf1617gdn_bf16_top_implEhthhPA128_K7ap_uintILi16EES4_S4_PS2_S5_PA128_S3_61_address0   |  out|    5|   ap_memory|   p_ZZN8gdn_bf1617gdn_bf16_top_implEhthhPA128_K7ap_uintILi16EES4_S4_PS2_S5_PA128_S3_61|         array|
|p_ZZN8gdn_bf1617gdn_bf16_top_implEhthhPA128_K7ap_uintILi16EES4_S4_PS2_S5_PA128_S3_61_ce0        |  out|    1|   ap_memory|   p_ZZN8gdn_bf1617gdn_bf16_top_implEhthhPA128_K7ap_uintILi16EES4_S4_PS2_S5_PA128_S3_61|         array|
|p_ZZN8gdn_bf1617gdn_bf16_top_implEhthhPA128_K7ap_uintILi16EES4_S4_PS2_S5_PA128_S3_61_we0        |  out|    1|   ap_memory|   p_ZZN8gdn_bf1617gdn_bf16_top_implEhthhPA128_K7ap_uintILi16EES4_S4_PS2_S5_PA128_S3_61|         array|
|p_ZZN8gdn_bf1617gdn_bf16_top_implEhthhPA128_K7ap_uintILi16EES4_S4_PS2_S5_PA128_S3_61_d0         |  out|   32|   ap_memory|   p_ZZN8gdn_bf1617gdn_bf16_top_implEhthhPA128_K7ap_uintILi16EES4_S4_PS2_S5_PA128_S3_61|         array|
|p_ZZN8gdn_bf1617gdn_bf16_top_implEhthhPA128_K7ap_uintILi16EES4_S4_PS2_S5_PA128_S3_417_address0  |  out|    5|   ap_memory|  p_ZZN8gdn_bf1617gdn_bf16_top_implEhthhPA128_K7ap_uintILi16EES4_S4_PS2_S5_PA128_S3_417|         array|
|p_ZZN8gdn_bf1617gdn_bf16_top_implEhthhPA128_K7ap_uintILi16EES4_S4_PS2_S5_PA128_S3_417_ce0       |  out|    1|   ap_memory|  p_ZZN8gdn_bf1617gdn_bf16_top_implEhthhPA128_K7ap_uintILi16EES4_S4_PS2_S5_PA128_S3_417|         array|
|p_ZZN8gdn_bf1617gdn_bf16_top_implEhthhPA128_K7ap_uintILi16EES4_S4_PS2_S5_PA128_S3_417_we0       |  out|    1|   ap_memory|  p_ZZN8gdn_bf1617gdn_bf16_top_implEhthhPA128_K7ap_uintILi16EES4_S4_PS2_S5_PA128_S3_417|         array|
|p_ZZN8gdn_bf1617gdn_bf16_top_implEhthhPA128_K7ap_uintILi16EES4_S4_PS2_S5_PA128_S3_417_d0        |  out|   16|   ap_memory|  p_ZZN8gdn_bf1617gdn_bf16_top_implEhthhPA128_K7ap_uintILi16EES4_S4_PS2_S5_PA128_S3_417|         array|
|p_ZZN8gdn_bf1617gdn_bf16_top_implEhthhPA128_K7ap_uintILi16EES4_S4_PS2_S5_PA128_S3_60_address0   |  out|    5|   ap_memory|   p_ZZN8gdn_bf1617gdn_bf16_top_implEhthhPA128_K7ap_uintILi16EES4_S4_PS2_S5_PA128_S3_60|         array|
|p_ZZN8gdn_bf1617gdn_bf16_top_implEhthhPA128_K7ap_uintILi16EES4_S4_PS2_S5_PA128_S3_60_ce0        |  out|    1|   ap_memory|   p_ZZN8gdn_bf1617gdn_bf16_top_implEhthhPA128_K7ap_uintILi16EES4_S4_PS2_S5_PA128_S3_60|         array|
|p_ZZN8gdn_bf1617gdn_bf16_top_implEhthhPA128_K7ap_uintILi16EES4_S4_PS2_S5_PA128_S3_60_we0        |  out|    1|   ap_memory|   p_ZZN8gdn_bf1617gdn_bf16_top_implEhthhPA128_K7ap_uintILi16EES4_S4_PS2_S5_PA128_S3_60|         array|
|p_ZZN8gdn_bf1617gdn_bf16_top_implEhthhPA128_K7ap_uintILi16EES4_S4_PS2_S5_PA128_S3_60_d0         |  out|   32|   ap_memory|   p_ZZN8gdn_bf1617gdn_bf16_top_implEhthhPA128_K7ap_uintILi16EES4_S4_PS2_S5_PA128_S3_60|         array|
|p_ZZN8gdn_bf1617gdn_bf16_top_implEhthhPA128_K7ap_uintILi16EES4_S4_PS2_S5_PA128_S3_418_address0  |  out|    5|   ap_memory|  p_ZZN8gdn_bf1617gdn_bf16_top_implEhthhPA128_K7ap_uintILi16EES4_S4_PS2_S5_PA128_S3_418|         array|
|p_ZZN8gdn_bf1617gdn_bf16_top_implEhthhPA128_K7ap_uintILi16EES4_S4_PS2_S5_PA128_S3_418_ce0       |  out|    1|   ap_memory|  p_ZZN8gdn_bf1617gdn_bf16_top_implEhthhPA128_K7ap_uintILi16EES4_S4_PS2_S5_PA128_S3_418|         array|
|p_ZZN8gdn_bf1617gdn_bf16_top_implEhthhPA128_K7ap_uintILi16EES4_S4_PS2_S5_PA128_S3_418_we0       |  out|    1|   ap_memory|  p_ZZN8gdn_bf1617gdn_bf16_top_implEhthhPA128_K7ap_uintILi16EES4_S4_PS2_S5_PA128_S3_418|         array|
|p_ZZN8gdn_bf1617gdn_bf16_top_implEhthhPA128_K7ap_uintILi16EES4_S4_PS2_S5_PA128_S3_418_d0        |  out|   16|   ap_memory|  p_ZZN8gdn_bf1617gdn_bf16_top_implEhthhPA128_K7ap_uintILi16EES4_S4_PS2_S5_PA128_S3_418|         array|
|p_ZZN8gdn_bf1617gdn_bf16_top_implEhthhPA128_K7ap_uintILi16EES4_S4_PS2_S5_PA128_S3_59_address0   |  out|    5|   ap_memory|   p_ZZN8gdn_bf1617gdn_bf16_top_implEhthhPA128_K7ap_uintILi16EES4_S4_PS2_S5_PA128_S3_59|         array|
|p_ZZN8gdn_bf1617gdn_bf16_top_implEhthhPA128_K7ap_uintILi16EES4_S4_PS2_S5_PA128_S3_59_ce0        |  out|    1|   ap_memory|   p_ZZN8gdn_bf1617gdn_bf16_top_implEhthhPA128_K7ap_uintILi16EES4_S4_PS2_S5_PA128_S3_59|         array|
|p_ZZN8gdn_bf1617gdn_bf16_top_implEhthhPA128_K7ap_uintILi16EES4_S4_PS2_S5_PA128_S3_59_we0        |  out|    1|   ap_memory|   p_ZZN8gdn_bf1617gdn_bf16_top_implEhthhPA128_K7ap_uintILi16EES4_S4_PS2_S5_PA128_S3_59|         array|
|p_ZZN8gdn_bf1617gdn_bf16_top_implEhthhPA128_K7ap_uintILi16EES4_S4_PS2_S5_PA128_S3_59_d0         |  out|   32|   ap_memory|   p_ZZN8gdn_bf1617gdn_bf16_top_implEhthhPA128_K7ap_uintILi16EES4_S4_PS2_S5_PA128_S3_59|         array|
|p_ZZN8gdn_bf1617gdn_bf16_top_implEhthhPA128_K7ap_uintILi16EES4_S4_PS2_S5_PA128_S3_419_address0  |  out|    5|   ap_memory|  p_ZZN8gdn_bf1617gdn_bf16_top_implEhthhPA128_K7ap_uintILi16EES4_S4_PS2_S5_PA128_S3_419|         array|
|p_ZZN8gdn_bf1617gdn_bf16_top_implEhthhPA128_K7ap_uintILi16EES4_S4_PS2_S5_PA128_S3_419_ce0       |  out|    1|   ap_memory|  p_ZZN8gdn_bf1617gdn_bf16_top_implEhthhPA128_K7ap_uintILi16EES4_S4_PS2_S5_PA128_S3_419|         array|
|p_ZZN8gdn_bf1617gdn_bf16_top_implEhthhPA128_K7ap_uintILi16EES4_S4_PS2_S5_PA128_S3_419_we0       |  out|    1|   ap_memory|  p_ZZN8gdn_bf1617gdn_bf16_top_implEhthhPA128_K7ap_uintILi16EES4_S4_PS2_S5_PA128_S3_419|         array|
|p_ZZN8gdn_bf1617gdn_bf16_top_implEhthhPA128_K7ap_uintILi16EES4_S4_PS2_S5_PA128_S3_419_d0        |  out|   16|   ap_memory|  p_ZZN8gdn_bf1617gdn_bf16_top_implEhthhPA128_K7ap_uintILi16EES4_S4_PS2_S5_PA128_S3_419|         array|
|p_ZZN8gdn_bf1617gdn_bf16_top_implEhthhPA128_K7ap_uintILi16EES4_S4_PS2_S5_PA128_S3_58_address0   |  out|    5|   ap_memory|   p_ZZN8gdn_bf1617gdn_bf16_top_implEhthhPA128_K7ap_uintILi16EES4_S4_PS2_S5_PA128_S3_58|         array|
|p_ZZN8gdn_bf1617gdn_bf16_top_implEhthhPA128_K7ap_uintILi16EES4_S4_PS2_S5_PA128_S3_58_ce0        |  out|    1|   ap_memory|   p_ZZN8gdn_bf1617gdn_bf16_top_implEhthhPA128_K7ap_uintILi16EES4_S4_PS2_S5_PA128_S3_58|         array|
|p_ZZN8gdn_bf1617gdn_bf16_top_implEhthhPA128_K7ap_uintILi16EES4_S4_PS2_S5_PA128_S3_58_we0        |  out|    1|   ap_memory|   p_ZZN8gdn_bf1617gdn_bf16_top_implEhthhPA128_K7ap_uintILi16EES4_S4_PS2_S5_PA128_S3_58|         array|
|p_ZZN8gdn_bf1617gdn_bf16_top_implEhthhPA128_K7ap_uintILi16EES4_S4_PS2_S5_PA128_S3_58_d0         |  out|   32|   ap_memory|   p_ZZN8gdn_bf1617gdn_bf16_top_implEhthhPA128_K7ap_uintILi16EES4_S4_PS2_S5_PA128_S3_58|         array|
|p_ZZN8gdn_bf1617gdn_bf16_top_implEhthhPA128_K7ap_uintILi16EES4_S4_PS2_S5_PA128_S3_420_address0  |  out|    5|   ap_memory|  p_ZZN8gdn_bf1617gdn_bf16_top_implEhthhPA128_K7ap_uintILi16EES4_S4_PS2_S5_PA128_S3_420|         array|
|p_ZZN8gdn_bf1617gdn_bf16_top_implEhthhPA128_K7ap_uintILi16EES4_S4_PS2_S5_PA128_S3_420_ce0       |  out|    1|   ap_memory|  p_ZZN8gdn_bf1617gdn_bf16_top_implEhthhPA128_K7ap_uintILi16EES4_S4_PS2_S5_PA128_S3_420|         array|
|p_ZZN8gdn_bf1617gdn_bf16_top_implEhthhPA128_K7ap_uintILi16EES4_S4_PS2_S5_PA128_S3_420_we0       |  out|    1|   ap_memory|  p_ZZN8gdn_bf1617gdn_bf16_top_implEhthhPA128_K7ap_uintILi16EES4_S4_PS2_S5_PA128_S3_420|         array|
|p_ZZN8gdn_bf1617gdn_bf16_top_implEhthhPA128_K7ap_uintILi16EES4_S4_PS2_S5_PA128_S3_420_d0        |  out|   16|   ap_memory|  p_ZZN8gdn_bf1617gdn_bf16_top_implEhthhPA128_K7ap_uintILi16EES4_S4_PS2_S5_PA128_S3_420|         array|
|p_ZZN8gdn_bf1617gdn_bf16_top_implEhthhPA128_K7ap_uintILi16EES4_S4_PS2_S5_PA128_S3_57_address0   |  out|    5|   ap_memory|   p_ZZN8gdn_bf1617gdn_bf16_top_implEhthhPA128_K7ap_uintILi16EES4_S4_PS2_S5_PA128_S3_57|         array|
|p_ZZN8gdn_bf1617gdn_bf16_top_implEhthhPA128_K7ap_uintILi16EES4_S4_PS2_S5_PA128_S3_57_ce0        |  out|    1|   ap_memory|   p_ZZN8gdn_bf1617gdn_bf16_top_implEhthhPA128_K7ap_uintILi16EES4_S4_PS2_S5_PA128_S3_57|         array|
|p_ZZN8gdn_bf1617gdn_bf16_top_implEhthhPA128_K7ap_uintILi16EES4_S4_PS2_S5_PA128_S3_57_we0        |  out|    1|   ap_memory|   p_ZZN8gdn_bf1617gdn_bf16_top_implEhthhPA128_K7ap_uintILi16EES4_S4_PS2_S5_PA128_S3_57|         array|
|p_ZZN8gdn_bf1617gdn_bf16_top_implEhthhPA128_K7ap_uintILi16EES4_S4_PS2_S5_PA128_S3_57_d0         |  out|   32|   ap_memory|   p_ZZN8gdn_bf1617gdn_bf16_top_implEhthhPA128_K7ap_uintILi16EES4_S4_PS2_S5_PA128_S3_57|         array|
|p_ZZN8gdn_bf1617gdn_bf16_top_implEhthhPA128_K7ap_uintILi16EES4_S4_PS2_S5_PA128_S3_421_address0  |  out|    5|   ap_memory|  p_ZZN8gdn_bf1617gdn_bf16_top_implEhthhPA128_K7ap_uintILi16EES4_S4_PS2_S5_PA128_S3_421|         array|
|p_ZZN8gdn_bf1617gdn_bf16_top_implEhthhPA128_K7ap_uintILi16EES4_S4_PS2_S5_PA128_S3_421_ce0       |  out|    1|   ap_memory|  p_ZZN8gdn_bf1617gdn_bf16_top_implEhthhPA128_K7ap_uintILi16EES4_S4_PS2_S5_PA128_S3_421|         array|
|p_ZZN8gdn_bf1617gdn_bf16_top_implEhthhPA128_K7ap_uintILi16EES4_S4_PS2_S5_PA128_S3_421_we0       |  out|    1|   ap_memory|  p_ZZN8gdn_bf1617gdn_bf16_top_implEhthhPA128_K7ap_uintILi16EES4_S4_PS2_S5_PA128_S3_421|         array|
|p_ZZN8gdn_bf1617gdn_bf16_top_implEhthhPA128_K7ap_uintILi16EES4_S4_PS2_S5_PA128_S3_421_d0        |  out|   16|   ap_memory|  p_ZZN8gdn_bf1617gdn_bf16_top_implEhthhPA128_K7ap_uintILi16EES4_S4_PS2_S5_PA128_S3_421|         array|
|p_ZZN8gdn_bf1617gdn_bf16_top_implEhthhPA128_K7ap_uintILi16EES4_S4_PS2_S5_PA128_S3_56_address0   |  out|    5|   ap_memory|   p_ZZN8gdn_bf1617gdn_bf16_top_implEhthhPA128_K7ap_uintILi16EES4_S4_PS2_S5_PA128_S3_56|         array|
|p_ZZN8gdn_bf1617gdn_bf16_top_implEhthhPA128_K7ap_uintILi16EES4_S4_PS2_S5_PA128_S3_56_ce0        |  out|    1|   ap_memory|   p_ZZN8gdn_bf1617gdn_bf16_top_implEhthhPA128_K7ap_uintILi16EES4_S4_PS2_S5_PA128_S3_56|         array|
|p_ZZN8gdn_bf1617gdn_bf16_top_implEhthhPA128_K7ap_uintILi16EES4_S4_PS2_S5_PA128_S3_56_we0        |  out|    1|   ap_memory|   p_ZZN8gdn_bf1617gdn_bf16_top_implEhthhPA128_K7ap_uintILi16EES4_S4_PS2_S5_PA128_S3_56|         array|
|p_ZZN8gdn_bf1617gdn_bf16_top_implEhthhPA128_K7ap_uintILi16EES4_S4_PS2_S5_PA128_S3_56_d0         |  out|   32|   ap_memory|   p_ZZN8gdn_bf1617gdn_bf16_top_implEhthhPA128_K7ap_uintILi16EES4_S4_PS2_S5_PA128_S3_56|         array|
|p_ZZN8gdn_bf1617gdn_bf16_top_implEhthhPA128_K7ap_uintILi16EES4_S4_PS2_S5_PA128_S3_422_address0  |  out|    5|   ap_memory|  p_ZZN8gdn_bf1617gdn_bf16_top_implEhthhPA128_K7ap_uintILi16EES4_S4_PS2_S5_PA128_S3_422|         array|
|p_ZZN8gdn_bf1617gdn_bf16_top_implEhthhPA128_K7ap_uintILi16EES4_S4_PS2_S5_PA128_S3_422_ce0       |  out|    1|   ap_memory|  p_ZZN8gdn_bf1617gdn_bf16_top_implEhthhPA128_K7ap_uintILi16EES4_S4_PS2_S5_PA128_S3_422|         array|
|p_ZZN8gdn_bf1617gdn_bf16_top_implEhthhPA128_K7ap_uintILi16EES4_S4_PS2_S5_PA128_S3_422_we0       |  out|    1|   ap_memory|  p_ZZN8gdn_bf1617gdn_bf16_top_implEhthhPA128_K7ap_uintILi16EES4_S4_PS2_S5_PA128_S3_422|         array|
|p_ZZN8gdn_bf1617gdn_bf16_top_implEhthhPA128_K7ap_uintILi16EES4_S4_PS2_S5_PA128_S3_422_d0        |  out|   16|   ap_memory|  p_ZZN8gdn_bf1617gdn_bf16_top_implEhthhPA128_K7ap_uintILi16EES4_S4_PS2_S5_PA128_S3_422|         array|
|p_ZZN8gdn_bf1617gdn_bf16_top_implEhthhPA128_K7ap_uintILi16EES4_S4_PS2_S5_PA128_S3_55_address0   |  out|    5|   ap_memory|   p_ZZN8gdn_bf1617gdn_bf16_top_implEhthhPA128_K7ap_uintILi16EES4_S4_PS2_S5_PA128_S3_55|         array|
|p_ZZN8gdn_bf1617gdn_bf16_top_implEhthhPA128_K7ap_uintILi16EES4_S4_PS2_S5_PA128_S3_55_ce0        |  out|    1|   ap_memory|   p_ZZN8gdn_bf1617gdn_bf16_top_implEhthhPA128_K7ap_uintILi16EES4_S4_PS2_S5_PA128_S3_55|         array|
|p_ZZN8gdn_bf1617gdn_bf16_top_implEhthhPA128_K7ap_uintILi16EES4_S4_PS2_S5_PA128_S3_55_we0        |  out|    1|   ap_memory|   p_ZZN8gdn_bf1617gdn_bf16_top_implEhthhPA128_K7ap_uintILi16EES4_S4_PS2_S5_PA128_S3_55|         array|
|p_ZZN8gdn_bf1617gdn_bf16_top_implEhthhPA128_K7ap_uintILi16EES4_S4_PS2_S5_PA128_S3_55_d0         |  out|   32|   ap_memory|   p_ZZN8gdn_bf1617gdn_bf16_top_implEhthhPA128_K7ap_uintILi16EES4_S4_PS2_S5_PA128_S3_55|         array|
|p_ZZN8gdn_bf1617gdn_bf16_top_implEhthhPA128_K7ap_uintILi16EES4_S4_PS2_S5_PA128_S3_423_address0  |  out|    5|   ap_memory|  p_ZZN8gdn_bf1617gdn_bf16_top_implEhthhPA128_K7ap_uintILi16EES4_S4_PS2_S5_PA128_S3_423|         array|
|p_ZZN8gdn_bf1617gdn_bf16_top_implEhthhPA128_K7ap_uintILi16EES4_S4_PS2_S5_PA128_S3_423_ce0       |  out|    1|   ap_memory|  p_ZZN8gdn_bf1617gdn_bf16_top_implEhthhPA128_K7ap_uintILi16EES4_S4_PS2_S5_PA128_S3_423|         array|
|p_ZZN8gdn_bf1617gdn_bf16_top_implEhthhPA128_K7ap_uintILi16EES4_S4_PS2_S5_PA128_S3_423_we0       |  out|    1|   ap_memory|  p_ZZN8gdn_bf1617gdn_bf16_top_implEhthhPA128_K7ap_uintILi16EES4_S4_PS2_S5_PA128_S3_423|         array|
|p_ZZN8gdn_bf1617gdn_bf16_top_implEhthhPA128_K7ap_uintILi16EES4_S4_PS2_S5_PA128_S3_423_d0        |  out|   16|   ap_memory|  p_ZZN8gdn_bf1617gdn_bf16_top_implEhthhPA128_K7ap_uintILi16EES4_S4_PS2_S5_PA128_S3_423|         array|
|p_ZZN8gdn_bf1617gdn_bf16_top_implEhthhPA128_K7ap_uintILi16EES4_S4_PS2_S5_PA128_S3_54_address0   |  out|    5|   ap_memory|   p_ZZN8gdn_bf1617gdn_bf16_top_implEhthhPA128_K7ap_uintILi16EES4_S4_PS2_S5_PA128_S3_54|         array|
|p_ZZN8gdn_bf1617gdn_bf16_top_implEhthhPA128_K7ap_uintILi16EES4_S4_PS2_S5_PA128_S3_54_ce0        |  out|    1|   ap_memory|   p_ZZN8gdn_bf1617gdn_bf16_top_implEhthhPA128_K7ap_uintILi16EES4_S4_PS2_S5_PA128_S3_54|         array|
|p_ZZN8gdn_bf1617gdn_bf16_top_implEhthhPA128_K7ap_uintILi16EES4_S4_PS2_S5_PA128_S3_54_we0        |  out|    1|   ap_memory|   p_ZZN8gdn_bf1617gdn_bf16_top_implEhthhPA128_K7ap_uintILi16EES4_S4_PS2_S5_PA128_S3_54|         array|
|p_ZZN8gdn_bf1617gdn_bf16_top_implEhthhPA128_K7ap_uintILi16EES4_S4_PS2_S5_PA128_S3_54_d0         |  out|   32|   ap_memory|   p_ZZN8gdn_bf1617gdn_bf16_top_implEhthhPA128_K7ap_uintILi16EES4_S4_PS2_S5_PA128_S3_54|         array|
|p_ZZN8gdn_bf1617gdn_bf16_top_implEhthhPA128_K7ap_uintILi16EES4_S4_PS2_S5_PA128_S3_424_address0  |  out|    5|   ap_memory|  p_ZZN8gdn_bf1617gdn_bf16_top_implEhthhPA128_K7ap_uintILi16EES4_S4_PS2_S5_PA128_S3_424|         array|
|p_ZZN8gdn_bf1617gdn_bf16_top_implEhthhPA128_K7ap_uintILi16EES4_S4_PS2_S5_PA128_S3_424_ce0       |  out|    1|   ap_memory|  p_ZZN8gdn_bf1617gdn_bf16_top_implEhthhPA128_K7ap_uintILi16EES4_S4_PS2_S5_PA128_S3_424|         array|
|p_ZZN8gdn_bf1617gdn_bf16_top_implEhthhPA128_K7ap_uintILi16EES4_S4_PS2_S5_PA128_S3_424_we0       |  out|    1|   ap_memory|  p_ZZN8gdn_bf1617gdn_bf16_top_implEhthhPA128_K7ap_uintILi16EES4_S4_PS2_S5_PA128_S3_424|         array|
|p_ZZN8gdn_bf1617gdn_bf16_top_implEhthhPA128_K7ap_uintILi16EES4_S4_PS2_S5_PA128_S3_424_d0        |  out|   16|   ap_memory|  p_ZZN8gdn_bf1617gdn_bf16_top_implEhthhPA128_K7ap_uintILi16EES4_S4_PS2_S5_PA128_S3_424|         array|
|p_ZZN8gdn_bf1617gdn_bf16_top_implEhthhPA128_K7ap_uintILi16EES4_S4_PS2_S5_PA128_S3_53_address0   |  out|    5|   ap_memory|   p_ZZN8gdn_bf1617gdn_bf16_top_implEhthhPA128_K7ap_uintILi16EES4_S4_PS2_S5_PA128_S3_53|         array|
|p_ZZN8gdn_bf1617gdn_bf16_top_implEhthhPA128_K7ap_uintILi16EES4_S4_PS2_S5_PA128_S3_53_ce0        |  out|    1|   ap_memory|   p_ZZN8gdn_bf1617gdn_bf16_top_implEhthhPA128_K7ap_uintILi16EES4_S4_PS2_S5_PA128_S3_53|         array|
|p_ZZN8gdn_bf1617gdn_bf16_top_implEhthhPA128_K7ap_uintILi16EES4_S4_PS2_S5_PA128_S3_53_we0        |  out|    1|   ap_memory|   p_ZZN8gdn_bf1617gdn_bf16_top_implEhthhPA128_K7ap_uintILi16EES4_S4_PS2_S5_PA128_S3_53|         array|
|p_ZZN8gdn_bf1617gdn_bf16_top_implEhthhPA128_K7ap_uintILi16EES4_S4_PS2_S5_PA128_S3_53_d0         |  out|   32|   ap_memory|   p_ZZN8gdn_bf1617gdn_bf16_top_implEhthhPA128_K7ap_uintILi16EES4_S4_PS2_S5_PA128_S3_53|         array|
|p_ZZN8gdn_bf1617gdn_bf16_top_implEhthhPA128_K7ap_uintILi16EES4_S4_PS2_S5_PA128_S3_425_address0  |  out|    5|   ap_memory|  p_ZZN8gdn_bf1617gdn_bf16_top_implEhthhPA128_K7ap_uintILi16EES4_S4_PS2_S5_PA128_S3_425|         array|
|p_ZZN8gdn_bf1617gdn_bf16_top_implEhthhPA128_K7ap_uintILi16EES4_S4_PS2_S5_PA128_S3_425_ce0       |  out|    1|   ap_memory|  p_ZZN8gdn_bf1617gdn_bf16_top_implEhthhPA128_K7ap_uintILi16EES4_S4_PS2_S5_PA128_S3_425|         array|
|p_ZZN8gdn_bf1617gdn_bf16_top_implEhthhPA128_K7ap_uintILi16EES4_S4_PS2_S5_PA128_S3_425_we0       |  out|    1|   ap_memory|  p_ZZN8gdn_bf1617gdn_bf16_top_implEhthhPA128_K7ap_uintILi16EES4_S4_PS2_S5_PA128_S3_425|         array|
|p_ZZN8gdn_bf1617gdn_bf16_top_implEhthhPA128_K7ap_uintILi16EES4_S4_PS2_S5_PA128_S3_425_d0        |  out|   16|   ap_memory|  p_ZZN8gdn_bf1617gdn_bf16_top_implEhthhPA128_K7ap_uintILi16EES4_S4_PS2_S5_PA128_S3_425|         array|
|p_ZZN8gdn_bf1617gdn_bf16_top_implEhthhPA128_K7ap_uintILi16EES4_S4_PS2_S5_PA128_S3_52_address0   |  out|    5|   ap_memory|   p_ZZN8gdn_bf1617gdn_bf16_top_implEhthhPA128_K7ap_uintILi16EES4_S4_PS2_S5_PA128_S3_52|         array|
|p_ZZN8gdn_bf1617gdn_bf16_top_implEhthhPA128_K7ap_uintILi16EES4_S4_PS2_S5_PA128_S3_52_ce0        |  out|    1|   ap_memory|   p_ZZN8gdn_bf1617gdn_bf16_top_implEhthhPA128_K7ap_uintILi16EES4_S4_PS2_S5_PA128_S3_52|         array|
|p_ZZN8gdn_bf1617gdn_bf16_top_implEhthhPA128_K7ap_uintILi16EES4_S4_PS2_S5_PA128_S3_52_we0        |  out|    1|   ap_memory|   p_ZZN8gdn_bf1617gdn_bf16_top_implEhthhPA128_K7ap_uintILi16EES4_S4_PS2_S5_PA128_S3_52|         array|
|p_ZZN8gdn_bf1617gdn_bf16_top_implEhthhPA128_K7ap_uintILi16EES4_S4_PS2_S5_PA128_S3_52_d0         |  out|   32|   ap_memory|   p_ZZN8gdn_bf1617gdn_bf16_top_implEhthhPA128_K7ap_uintILi16EES4_S4_PS2_S5_PA128_S3_52|         array|
|p_ZZN8gdn_bf1617gdn_bf16_top_implEhthhPA128_K7ap_uintILi16EES4_S4_PS2_S5_PA128_S3_426_address0  |  out|    5|   ap_memory|  p_ZZN8gdn_bf1617gdn_bf16_top_implEhthhPA128_K7ap_uintILi16EES4_S4_PS2_S5_PA128_S3_426|         array|
|p_ZZN8gdn_bf1617gdn_bf16_top_implEhthhPA128_K7ap_uintILi16EES4_S4_PS2_S5_PA128_S3_426_ce0       |  out|    1|   ap_memory|  p_ZZN8gdn_bf1617gdn_bf16_top_implEhthhPA128_K7ap_uintILi16EES4_S4_PS2_S5_PA128_S3_426|         array|
|p_ZZN8gdn_bf1617gdn_bf16_top_implEhthhPA128_K7ap_uintILi16EES4_S4_PS2_S5_PA128_S3_426_we0       |  out|    1|   ap_memory|  p_ZZN8gdn_bf1617gdn_bf16_top_implEhthhPA128_K7ap_uintILi16EES4_S4_PS2_S5_PA128_S3_426|         array|
|p_ZZN8gdn_bf1617gdn_bf16_top_implEhthhPA128_K7ap_uintILi16EES4_S4_PS2_S5_PA128_S3_426_d0        |  out|   16|   ap_memory|  p_ZZN8gdn_bf1617gdn_bf16_top_implEhthhPA128_K7ap_uintILi16EES4_S4_PS2_S5_PA128_S3_426|         array|
|p_ZZN8gdn_bf1617gdn_bf16_top_implEhthhPA128_K7ap_uintILi16EES4_S4_PS2_S5_PA128_S3_51_address0   |  out|    5|   ap_memory|   p_ZZN8gdn_bf1617gdn_bf16_top_implEhthhPA128_K7ap_uintILi16EES4_S4_PS2_S5_PA128_S3_51|         array|
|p_ZZN8gdn_bf1617gdn_bf16_top_implEhthhPA128_K7ap_uintILi16EES4_S4_PS2_S5_PA128_S3_51_ce0        |  out|    1|   ap_memory|   p_ZZN8gdn_bf1617gdn_bf16_top_implEhthhPA128_K7ap_uintILi16EES4_S4_PS2_S5_PA128_S3_51|         array|
|p_ZZN8gdn_bf1617gdn_bf16_top_implEhthhPA128_K7ap_uintILi16EES4_S4_PS2_S5_PA128_S3_51_we0        |  out|    1|   ap_memory|   p_ZZN8gdn_bf1617gdn_bf16_top_implEhthhPA128_K7ap_uintILi16EES4_S4_PS2_S5_PA128_S3_51|         array|
|p_ZZN8gdn_bf1617gdn_bf16_top_implEhthhPA128_K7ap_uintILi16EES4_S4_PS2_S5_PA128_S3_51_d0         |  out|   32|   ap_memory|   p_ZZN8gdn_bf1617gdn_bf16_top_implEhthhPA128_K7ap_uintILi16EES4_S4_PS2_S5_PA128_S3_51|         array|
|p_ZZN8gdn_bf1617gdn_bf16_top_implEhthhPA128_K7ap_uintILi16EES4_S4_PS2_S5_PA128_S3_427_address0  |  out|    5|   ap_memory|  p_ZZN8gdn_bf1617gdn_bf16_top_implEhthhPA128_K7ap_uintILi16EES4_S4_PS2_S5_PA128_S3_427|         array|
|p_ZZN8gdn_bf1617gdn_bf16_top_implEhthhPA128_K7ap_uintILi16EES4_S4_PS2_S5_PA128_S3_427_ce0       |  out|    1|   ap_memory|  p_ZZN8gdn_bf1617gdn_bf16_top_implEhthhPA128_K7ap_uintILi16EES4_S4_PS2_S5_PA128_S3_427|         array|
|p_ZZN8gdn_bf1617gdn_bf16_top_implEhthhPA128_K7ap_uintILi16EES4_S4_PS2_S5_PA128_S3_427_we0       |  out|    1|   ap_memory|  p_ZZN8gdn_bf1617gdn_bf16_top_implEhthhPA128_K7ap_uintILi16EES4_S4_PS2_S5_PA128_S3_427|         array|
|p_ZZN8gdn_bf1617gdn_bf16_top_implEhthhPA128_K7ap_uintILi16EES4_S4_PS2_S5_PA128_S3_427_d0        |  out|   16|   ap_memory|  p_ZZN8gdn_bf1617gdn_bf16_top_implEhthhPA128_K7ap_uintILi16EES4_S4_PS2_S5_PA128_S3_427|         array|
|p_ZZN8gdn_bf1617gdn_bf16_top_implEhthhPA128_K7ap_uintILi16EES4_S4_PS2_S5_PA128_S3_50_address0   |  out|    5|   ap_memory|   p_ZZN8gdn_bf1617gdn_bf16_top_implEhthhPA128_K7ap_uintILi16EES4_S4_PS2_S5_PA128_S3_50|         array|
|p_ZZN8gdn_bf1617gdn_bf16_top_implEhthhPA128_K7ap_uintILi16EES4_S4_PS2_S5_PA128_S3_50_ce0        |  out|    1|   ap_memory|   p_ZZN8gdn_bf1617gdn_bf16_top_implEhthhPA128_K7ap_uintILi16EES4_S4_PS2_S5_PA128_S3_50|         array|
|p_ZZN8gdn_bf1617gdn_bf16_top_implEhthhPA128_K7ap_uintILi16EES4_S4_PS2_S5_PA128_S3_50_we0        |  out|    1|   ap_memory|   p_ZZN8gdn_bf1617gdn_bf16_top_implEhthhPA128_K7ap_uintILi16EES4_S4_PS2_S5_PA128_S3_50|         array|
|p_ZZN8gdn_bf1617gdn_bf16_top_implEhthhPA128_K7ap_uintILi16EES4_S4_PS2_S5_PA128_S3_50_d0         |  out|   32|   ap_memory|   p_ZZN8gdn_bf1617gdn_bf16_top_implEhthhPA128_K7ap_uintILi16EES4_S4_PS2_S5_PA128_S3_50|         array|
|p_ZZN8gdn_bf1617gdn_bf16_top_implEhthhPA128_K7ap_uintILi16EES4_S4_PS2_S5_PA128_S3_428_address0  |  out|    5|   ap_memory|  p_ZZN8gdn_bf1617gdn_bf16_top_implEhthhPA128_K7ap_uintILi16EES4_S4_PS2_S5_PA128_S3_428|         array|
|p_ZZN8gdn_bf1617gdn_bf16_top_implEhthhPA128_K7ap_uintILi16EES4_S4_PS2_S5_PA128_S3_428_ce0       |  out|    1|   ap_memory|  p_ZZN8gdn_bf1617gdn_bf16_top_implEhthhPA128_K7ap_uintILi16EES4_S4_PS2_S5_PA128_S3_428|         array|
|p_ZZN8gdn_bf1617gdn_bf16_top_implEhthhPA128_K7ap_uintILi16EES4_S4_PS2_S5_PA128_S3_428_we0       |  out|    1|   ap_memory|  p_ZZN8gdn_bf1617gdn_bf16_top_implEhthhPA128_K7ap_uintILi16EES4_S4_PS2_S5_PA128_S3_428|         array|
|p_ZZN8gdn_bf1617gdn_bf16_top_implEhthhPA128_K7ap_uintILi16EES4_S4_PS2_S5_PA128_S3_428_d0        |  out|   16|   ap_memory|  p_ZZN8gdn_bf1617gdn_bf16_top_implEhthhPA128_K7ap_uintILi16EES4_S4_PS2_S5_PA128_S3_428|         array|
|p_ZZN8gdn_bf1617gdn_bf16_top_implEhthhPA128_K7ap_uintILi16EES4_S4_PS2_S5_PA128_S3_49_address0   |  out|    5|   ap_memory|   p_ZZN8gdn_bf1617gdn_bf16_top_implEhthhPA128_K7ap_uintILi16EES4_S4_PS2_S5_PA128_S3_49|         array|
|p_ZZN8gdn_bf1617gdn_bf16_top_implEhthhPA128_K7ap_uintILi16EES4_S4_PS2_S5_PA128_S3_49_ce0        |  out|    1|   ap_memory|   p_ZZN8gdn_bf1617gdn_bf16_top_implEhthhPA128_K7ap_uintILi16EES4_S4_PS2_S5_PA128_S3_49|         array|
|p_ZZN8gdn_bf1617gdn_bf16_top_implEhthhPA128_K7ap_uintILi16EES4_S4_PS2_S5_PA128_S3_49_we0        |  out|    1|   ap_memory|   p_ZZN8gdn_bf1617gdn_bf16_top_implEhthhPA128_K7ap_uintILi16EES4_S4_PS2_S5_PA128_S3_49|         array|
|p_ZZN8gdn_bf1617gdn_bf16_top_implEhthhPA128_K7ap_uintILi16EES4_S4_PS2_S5_PA128_S3_49_d0         |  out|   32|   ap_memory|   p_ZZN8gdn_bf1617gdn_bf16_top_implEhthhPA128_K7ap_uintILi16EES4_S4_PS2_S5_PA128_S3_49|         array|
|p_ZZN8gdn_bf1617gdn_bf16_top_implEhthhPA128_K7ap_uintILi16EES4_S4_PS2_S5_PA128_S3_429_address0  |  out|    5|   ap_memory|  p_ZZN8gdn_bf1617gdn_bf16_top_implEhthhPA128_K7ap_uintILi16EES4_S4_PS2_S5_PA128_S3_429|         array|
|p_ZZN8gdn_bf1617gdn_bf16_top_implEhthhPA128_K7ap_uintILi16EES4_S4_PS2_S5_PA128_S3_429_ce0       |  out|    1|   ap_memory|  p_ZZN8gdn_bf1617gdn_bf16_top_implEhthhPA128_K7ap_uintILi16EES4_S4_PS2_S5_PA128_S3_429|         array|
|p_ZZN8gdn_bf1617gdn_bf16_top_implEhthhPA128_K7ap_uintILi16EES4_S4_PS2_S5_PA128_S3_429_we0       |  out|    1|   ap_memory|  p_ZZN8gdn_bf1617gdn_bf16_top_implEhthhPA128_K7ap_uintILi16EES4_S4_PS2_S5_PA128_S3_429|         array|
|p_ZZN8gdn_bf1617gdn_bf16_top_implEhthhPA128_K7ap_uintILi16EES4_S4_PS2_S5_PA128_S3_429_d0        |  out|   16|   ap_memory|  p_ZZN8gdn_bf1617gdn_bf16_top_implEhthhPA128_K7ap_uintILi16EES4_S4_PS2_S5_PA128_S3_429|         array|
|p_ZZN8gdn_bf1617gdn_bf16_top_implEhthhPA128_K7ap_uintILi16EES4_S4_PS2_S5_PA128_S3_48_address0   |  out|    5|   ap_memory|   p_ZZN8gdn_bf1617gdn_bf16_top_implEhthhPA128_K7ap_uintILi16EES4_S4_PS2_S5_PA128_S3_48|         array|
|p_ZZN8gdn_bf1617gdn_bf16_top_implEhthhPA128_K7ap_uintILi16EES4_S4_PS2_S5_PA128_S3_48_ce0        |  out|    1|   ap_memory|   p_ZZN8gdn_bf1617gdn_bf16_top_implEhthhPA128_K7ap_uintILi16EES4_S4_PS2_S5_PA128_S3_48|         array|
|p_ZZN8gdn_bf1617gdn_bf16_top_implEhthhPA128_K7ap_uintILi16EES4_S4_PS2_S5_PA128_S3_48_we0        |  out|    1|   ap_memory|   p_ZZN8gdn_bf1617gdn_bf16_top_implEhthhPA128_K7ap_uintILi16EES4_S4_PS2_S5_PA128_S3_48|         array|
|p_ZZN8gdn_bf1617gdn_bf16_top_implEhthhPA128_K7ap_uintILi16EES4_S4_PS2_S5_PA128_S3_48_d0         |  out|   32|   ap_memory|   p_ZZN8gdn_bf1617gdn_bf16_top_implEhthhPA128_K7ap_uintILi16EES4_S4_PS2_S5_PA128_S3_48|         array|
|p_ZZN8gdn_bf1617gdn_bf16_top_implEhthhPA128_K7ap_uintILi16EES4_S4_PS2_S5_PA128_S3_430_address0  |  out|    5|   ap_memory|  p_ZZN8gdn_bf1617gdn_bf16_top_implEhthhPA128_K7ap_uintILi16EES4_S4_PS2_S5_PA128_S3_430|         array|
|p_ZZN8gdn_bf1617gdn_bf16_top_implEhthhPA128_K7ap_uintILi16EES4_S4_PS2_S5_PA128_S3_430_ce0       |  out|    1|   ap_memory|  p_ZZN8gdn_bf1617gdn_bf16_top_implEhthhPA128_K7ap_uintILi16EES4_S4_PS2_S5_PA128_S3_430|         array|
|p_ZZN8gdn_bf1617gdn_bf16_top_implEhthhPA128_K7ap_uintILi16EES4_S4_PS2_S5_PA128_S3_430_we0       |  out|    1|   ap_memory|  p_ZZN8gdn_bf1617gdn_bf16_top_implEhthhPA128_K7ap_uintILi16EES4_S4_PS2_S5_PA128_S3_430|         array|
|p_ZZN8gdn_bf1617gdn_bf16_top_implEhthhPA128_K7ap_uintILi16EES4_S4_PS2_S5_PA128_S3_430_d0        |  out|   16|   ap_memory|  p_ZZN8gdn_bf1617gdn_bf16_top_implEhthhPA128_K7ap_uintILi16EES4_S4_PS2_S5_PA128_S3_430|         array|
|p_ZZN8gdn_bf1617gdn_bf16_top_implEhthhPA128_K7ap_uintILi16EES4_S4_PS2_S5_PA128_S3_47_address0   |  out|    5|   ap_memory|   p_ZZN8gdn_bf1617gdn_bf16_top_implEhthhPA128_K7ap_uintILi16EES4_S4_PS2_S5_PA128_S3_47|         array|
|p_ZZN8gdn_bf1617gdn_bf16_top_implEhthhPA128_K7ap_uintILi16EES4_S4_PS2_S5_PA128_S3_47_ce0        |  out|    1|   ap_memory|   p_ZZN8gdn_bf1617gdn_bf16_top_implEhthhPA128_K7ap_uintILi16EES4_S4_PS2_S5_PA128_S3_47|         array|
|p_ZZN8gdn_bf1617gdn_bf16_top_implEhthhPA128_K7ap_uintILi16EES4_S4_PS2_S5_PA128_S3_47_we0        |  out|    1|   ap_memory|   p_ZZN8gdn_bf1617gdn_bf16_top_implEhthhPA128_K7ap_uintILi16EES4_S4_PS2_S5_PA128_S3_47|         array|
|p_ZZN8gdn_bf1617gdn_bf16_top_implEhthhPA128_K7ap_uintILi16EES4_S4_PS2_S5_PA128_S3_47_d0         |  out|   32|   ap_memory|   p_ZZN8gdn_bf1617gdn_bf16_top_implEhthhPA128_K7ap_uintILi16EES4_S4_PS2_S5_PA128_S3_47|         array|
|p_ZZN8gdn_bf1617gdn_bf16_top_implEhthhPA128_K7ap_uintILi16EES4_S4_PS2_S5_PA128_S3_431_address0  |  out|    5|   ap_memory|  p_ZZN8gdn_bf1617gdn_bf16_top_implEhthhPA128_K7ap_uintILi16EES4_S4_PS2_S5_PA128_S3_431|         array|
|p_ZZN8gdn_bf1617gdn_bf16_top_implEhthhPA128_K7ap_uintILi16EES4_S4_PS2_S5_PA128_S3_431_ce0       |  out|    1|   ap_memory|  p_ZZN8gdn_bf1617gdn_bf16_top_implEhthhPA128_K7ap_uintILi16EES4_S4_PS2_S5_PA128_S3_431|         array|
|p_ZZN8gdn_bf1617gdn_bf16_top_implEhthhPA128_K7ap_uintILi16EES4_S4_PS2_S5_PA128_S3_431_we0       |  out|    1|   ap_memory|  p_ZZN8gdn_bf1617gdn_bf16_top_implEhthhPA128_K7ap_uintILi16EES4_S4_PS2_S5_PA128_S3_431|         array|
|p_ZZN8gdn_bf1617gdn_bf16_top_implEhthhPA128_K7ap_uintILi16EES4_S4_PS2_S5_PA128_S3_431_d0        |  out|   16|   ap_memory|  p_ZZN8gdn_bf1617gdn_bf16_top_implEhthhPA128_K7ap_uintILi16EES4_S4_PS2_S5_PA128_S3_431|         array|
|p_ZZN8gdn_bf1617gdn_bf16_top_implEhthhPA128_K7ap_uintILi16EES4_S4_PS2_S5_PA128_S3_46_address0   |  out|    5|   ap_memory|   p_ZZN8gdn_bf1617gdn_bf16_top_implEhthhPA128_K7ap_uintILi16EES4_S4_PS2_S5_PA128_S3_46|         array|
|p_ZZN8gdn_bf1617gdn_bf16_top_implEhthhPA128_K7ap_uintILi16EES4_S4_PS2_S5_PA128_S3_46_ce0        |  out|    1|   ap_memory|   p_ZZN8gdn_bf1617gdn_bf16_top_implEhthhPA128_K7ap_uintILi16EES4_S4_PS2_S5_PA128_S3_46|         array|
|p_ZZN8gdn_bf1617gdn_bf16_top_implEhthhPA128_K7ap_uintILi16EES4_S4_PS2_S5_PA128_S3_46_we0        |  out|    1|   ap_memory|   p_ZZN8gdn_bf1617gdn_bf16_top_implEhthhPA128_K7ap_uintILi16EES4_S4_PS2_S5_PA128_S3_46|         array|
|p_ZZN8gdn_bf1617gdn_bf16_top_implEhthhPA128_K7ap_uintILi16EES4_S4_PS2_S5_PA128_S3_46_d0         |  out|   32|   ap_memory|   p_ZZN8gdn_bf1617gdn_bf16_top_implEhthhPA128_K7ap_uintILi16EES4_S4_PS2_S5_PA128_S3_46|         array|
|p_ZZN8gdn_bf1617gdn_bf16_top_implEhthhPA128_K7ap_uintILi16EES4_S4_PS2_S5_PA128_S3_432_address0  |  out|    5|   ap_memory|  p_ZZN8gdn_bf1617gdn_bf16_top_implEhthhPA128_K7ap_uintILi16EES4_S4_PS2_S5_PA128_S3_432|         array|
|p_ZZN8gdn_bf1617gdn_bf16_top_implEhthhPA128_K7ap_uintILi16EES4_S4_PS2_S5_PA128_S3_432_ce0       |  out|    1|   ap_memory|  p_ZZN8gdn_bf1617gdn_bf16_top_implEhthhPA128_K7ap_uintILi16EES4_S4_PS2_S5_PA128_S3_432|         array|
|p_ZZN8gdn_bf1617gdn_bf16_top_implEhthhPA128_K7ap_uintILi16EES4_S4_PS2_S5_PA128_S3_432_we0       |  out|    1|   ap_memory|  p_ZZN8gdn_bf1617gdn_bf16_top_implEhthhPA128_K7ap_uintILi16EES4_S4_PS2_S5_PA128_S3_432|         array|
|p_ZZN8gdn_bf1617gdn_bf16_top_implEhthhPA128_K7ap_uintILi16EES4_S4_PS2_S5_PA128_S3_432_d0        |  out|   16|   ap_memory|  p_ZZN8gdn_bf1617gdn_bf16_top_implEhthhPA128_K7ap_uintILi16EES4_S4_PS2_S5_PA128_S3_432|         array|
|p_ZZN8gdn_bf1617gdn_bf16_top_implEhthhPA128_K7ap_uintILi16EES4_S4_PS2_S5_PA128_S3_45_address0   |  out|    5|   ap_memory|   p_ZZN8gdn_bf1617gdn_bf16_top_implEhthhPA128_K7ap_uintILi16EES4_S4_PS2_S5_PA128_S3_45|         array|
|p_ZZN8gdn_bf1617gdn_bf16_top_implEhthhPA128_K7ap_uintILi16EES4_S4_PS2_S5_PA128_S3_45_ce0        |  out|    1|   ap_memory|   p_ZZN8gdn_bf1617gdn_bf16_top_implEhthhPA128_K7ap_uintILi16EES4_S4_PS2_S5_PA128_S3_45|         array|
|p_ZZN8gdn_bf1617gdn_bf16_top_implEhthhPA128_K7ap_uintILi16EES4_S4_PS2_S5_PA128_S3_45_we0        |  out|    1|   ap_memory|   p_ZZN8gdn_bf1617gdn_bf16_top_implEhthhPA128_K7ap_uintILi16EES4_S4_PS2_S5_PA128_S3_45|         array|
|p_ZZN8gdn_bf1617gdn_bf16_top_implEhthhPA128_K7ap_uintILi16EES4_S4_PS2_S5_PA128_S3_45_d0         |  out|   32|   ap_memory|   p_ZZN8gdn_bf1617gdn_bf16_top_implEhthhPA128_K7ap_uintILi16EES4_S4_PS2_S5_PA128_S3_45|         array|
|p_ZZN8gdn_bf1617gdn_bf16_top_implEhthhPA128_K7ap_uintILi16EES4_S4_PS2_S5_PA128_S3_433_address0  |  out|    5|   ap_memory|  p_ZZN8gdn_bf1617gdn_bf16_top_implEhthhPA128_K7ap_uintILi16EES4_S4_PS2_S5_PA128_S3_433|         array|
|p_ZZN8gdn_bf1617gdn_bf16_top_implEhthhPA128_K7ap_uintILi16EES4_S4_PS2_S5_PA128_S3_433_ce0       |  out|    1|   ap_memory|  p_ZZN8gdn_bf1617gdn_bf16_top_implEhthhPA128_K7ap_uintILi16EES4_S4_PS2_S5_PA128_S3_433|         array|
|p_ZZN8gdn_bf1617gdn_bf16_top_implEhthhPA128_K7ap_uintILi16EES4_S4_PS2_S5_PA128_S3_433_we0       |  out|    1|   ap_memory|  p_ZZN8gdn_bf1617gdn_bf16_top_implEhthhPA128_K7ap_uintILi16EES4_S4_PS2_S5_PA128_S3_433|         array|
|p_ZZN8gdn_bf1617gdn_bf16_top_implEhthhPA128_K7ap_uintILi16EES4_S4_PS2_S5_PA128_S3_433_d0        |  out|   16|   ap_memory|  p_ZZN8gdn_bf1617gdn_bf16_top_implEhthhPA128_K7ap_uintILi16EES4_S4_PS2_S5_PA128_S3_433|         array|
|p_ZZN8gdn_bf1617gdn_bf16_top_implEhthhPA128_K7ap_uintILi16EES4_S4_PS2_S5_PA128_S3_44_address0   |  out|    5|   ap_memory|   p_ZZN8gdn_bf1617gdn_bf16_top_implEhthhPA128_K7ap_uintILi16EES4_S4_PS2_S5_PA128_S3_44|         array|
|p_ZZN8gdn_bf1617gdn_bf16_top_implEhthhPA128_K7ap_uintILi16EES4_S4_PS2_S5_PA128_S3_44_ce0        |  out|    1|   ap_memory|   p_ZZN8gdn_bf1617gdn_bf16_top_implEhthhPA128_K7ap_uintILi16EES4_S4_PS2_S5_PA128_S3_44|         array|
|p_ZZN8gdn_bf1617gdn_bf16_top_implEhthhPA128_K7ap_uintILi16EES4_S4_PS2_S5_PA128_S3_44_we0        |  out|    1|   ap_memory|   p_ZZN8gdn_bf1617gdn_bf16_top_implEhthhPA128_K7ap_uintILi16EES4_S4_PS2_S5_PA128_S3_44|         array|
|p_ZZN8gdn_bf1617gdn_bf16_top_implEhthhPA128_K7ap_uintILi16EES4_S4_PS2_S5_PA128_S3_44_d0         |  out|   32|   ap_memory|   p_ZZN8gdn_bf1617gdn_bf16_top_implEhthhPA128_K7ap_uintILi16EES4_S4_PS2_S5_PA128_S3_44|         array|
|p_ZZN8gdn_bf1617gdn_bf16_top_implEhthhPA128_K7ap_uintILi16EES4_S4_PS2_S5_PA128_S3_434_address0  |  out|    5|   ap_memory|  p_ZZN8gdn_bf1617gdn_bf16_top_implEhthhPA128_K7ap_uintILi16EES4_S4_PS2_S5_PA128_S3_434|         array|
|p_ZZN8gdn_bf1617gdn_bf16_top_implEhthhPA128_K7ap_uintILi16EES4_S4_PS2_S5_PA128_S3_434_ce0       |  out|    1|   ap_memory|  p_ZZN8gdn_bf1617gdn_bf16_top_implEhthhPA128_K7ap_uintILi16EES4_S4_PS2_S5_PA128_S3_434|         array|
|p_ZZN8gdn_bf1617gdn_bf16_top_implEhthhPA128_K7ap_uintILi16EES4_S4_PS2_S5_PA128_S3_434_we0       |  out|    1|   ap_memory|  p_ZZN8gdn_bf1617gdn_bf16_top_implEhthhPA128_K7ap_uintILi16EES4_S4_PS2_S5_PA128_S3_434|         array|
|p_ZZN8gdn_bf1617gdn_bf16_top_implEhthhPA128_K7ap_uintILi16EES4_S4_PS2_S5_PA128_S3_434_d0        |  out|   16|   ap_memory|  p_ZZN8gdn_bf1617gdn_bf16_top_implEhthhPA128_K7ap_uintILi16EES4_S4_PS2_S5_PA128_S3_434|         array|
|p_ZZN8gdn_bf1617gdn_bf16_top_implEhthhPA128_K7ap_uintILi16EES4_S4_PS2_S5_PA128_S3_43_address0   |  out|    5|   ap_memory|   p_ZZN8gdn_bf1617gdn_bf16_top_implEhthhPA128_K7ap_uintILi16EES4_S4_PS2_S5_PA128_S3_43|         array|
|p_ZZN8gdn_bf1617gdn_bf16_top_implEhthhPA128_K7ap_uintILi16EES4_S4_PS2_S5_PA128_S3_43_ce0        |  out|    1|   ap_memory|   p_ZZN8gdn_bf1617gdn_bf16_top_implEhthhPA128_K7ap_uintILi16EES4_S4_PS2_S5_PA128_S3_43|         array|
|p_ZZN8gdn_bf1617gdn_bf16_top_implEhthhPA128_K7ap_uintILi16EES4_S4_PS2_S5_PA128_S3_43_we0        |  out|    1|   ap_memory|   p_ZZN8gdn_bf1617gdn_bf16_top_implEhthhPA128_K7ap_uintILi16EES4_S4_PS2_S5_PA128_S3_43|         array|
|p_ZZN8gdn_bf1617gdn_bf16_top_implEhthhPA128_K7ap_uintILi16EES4_S4_PS2_S5_PA128_S3_43_d0         |  out|   32|   ap_memory|   p_ZZN8gdn_bf1617gdn_bf16_top_implEhthhPA128_K7ap_uintILi16EES4_S4_PS2_S5_PA128_S3_43|         array|
|p_ZZN8gdn_bf1617gdn_bf16_top_implEhthhPA128_K7ap_uintILi16EES4_S4_PS2_S5_PA128_S3_435_address0  |  out|    5|   ap_memory|  p_ZZN8gdn_bf1617gdn_bf16_top_implEhthhPA128_K7ap_uintILi16EES4_S4_PS2_S5_PA128_S3_435|         array|
|p_ZZN8gdn_bf1617gdn_bf16_top_implEhthhPA128_K7ap_uintILi16EES4_S4_PS2_S5_PA128_S3_435_ce0       |  out|    1|   ap_memory|  p_ZZN8gdn_bf1617gdn_bf16_top_implEhthhPA128_K7ap_uintILi16EES4_S4_PS2_S5_PA128_S3_435|         array|
|p_ZZN8gdn_bf1617gdn_bf16_top_implEhthhPA128_K7ap_uintILi16EES4_S4_PS2_S5_PA128_S3_435_we0       |  out|    1|   ap_memory|  p_ZZN8gdn_bf1617gdn_bf16_top_implEhthhPA128_K7ap_uintILi16EES4_S4_PS2_S5_PA128_S3_435|         array|
|p_ZZN8gdn_bf1617gdn_bf16_top_implEhthhPA128_K7ap_uintILi16EES4_S4_PS2_S5_PA128_S3_435_d0        |  out|   16|   ap_memory|  p_ZZN8gdn_bf1617gdn_bf16_top_implEhthhPA128_K7ap_uintILi16EES4_S4_PS2_S5_PA128_S3_435|         array|
|p_ZZN8gdn_bf1617gdn_bf16_top_implEhthhPA128_K7ap_uintILi16EES4_S4_PS2_S5_PA128_S3_42_address0   |  out|    5|   ap_memory|   p_ZZN8gdn_bf1617gdn_bf16_top_implEhthhPA128_K7ap_uintILi16EES4_S4_PS2_S5_PA128_S3_42|         array|
|p_ZZN8gdn_bf1617gdn_bf16_top_implEhthhPA128_K7ap_uintILi16EES4_S4_PS2_S5_PA128_S3_42_ce0        |  out|    1|   ap_memory|   p_ZZN8gdn_bf1617gdn_bf16_top_implEhthhPA128_K7ap_uintILi16EES4_S4_PS2_S5_PA128_S3_42|         array|
|p_ZZN8gdn_bf1617gdn_bf16_top_implEhthhPA128_K7ap_uintILi16EES4_S4_PS2_S5_PA128_S3_42_we0        |  out|    1|   ap_memory|   p_ZZN8gdn_bf1617gdn_bf16_top_implEhthhPA128_K7ap_uintILi16EES4_S4_PS2_S5_PA128_S3_42|         array|
|p_ZZN8gdn_bf1617gdn_bf16_top_implEhthhPA128_K7ap_uintILi16EES4_S4_PS2_S5_PA128_S3_42_d0         |  out|   32|   ap_memory|   p_ZZN8gdn_bf1617gdn_bf16_top_implEhthhPA128_K7ap_uintILi16EES4_S4_PS2_S5_PA128_S3_42|         array|
|p_ZZN8gdn_bf1617gdn_bf16_top_implEhthhPA128_K7ap_uintILi16EES4_S4_PS2_S5_PA128_S3_436_address0  |  out|    5|   ap_memory|  p_ZZN8gdn_bf1617gdn_bf16_top_implEhthhPA128_K7ap_uintILi16EES4_S4_PS2_S5_PA128_S3_436|         array|
|p_ZZN8gdn_bf1617gdn_bf16_top_implEhthhPA128_K7ap_uintILi16EES4_S4_PS2_S5_PA128_S3_436_ce0       |  out|    1|   ap_memory|  p_ZZN8gdn_bf1617gdn_bf16_top_implEhthhPA128_K7ap_uintILi16EES4_S4_PS2_S5_PA128_S3_436|         array|
|p_ZZN8gdn_bf1617gdn_bf16_top_implEhthhPA128_K7ap_uintILi16EES4_S4_PS2_S5_PA128_S3_436_we0       |  out|    1|   ap_memory|  p_ZZN8gdn_bf1617gdn_bf16_top_implEhthhPA128_K7ap_uintILi16EES4_S4_PS2_S5_PA128_S3_436|         array|
|p_ZZN8gdn_bf1617gdn_bf16_top_implEhthhPA128_K7ap_uintILi16EES4_S4_PS2_S5_PA128_S3_436_d0        |  out|   16|   ap_memory|  p_ZZN8gdn_bf1617gdn_bf16_top_implEhthhPA128_K7ap_uintILi16EES4_S4_PS2_S5_PA128_S3_436|         array|
|p_ZZN8gdn_bf1617gdn_bf16_top_implEhthhPA128_K7ap_uintILi16EES4_S4_PS2_S5_PA128_S3_41_address0   |  out|    5|   ap_memory|   p_ZZN8gdn_bf1617gdn_bf16_top_implEhthhPA128_K7ap_uintILi16EES4_S4_PS2_S5_PA128_S3_41|         array|
|p_ZZN8gdn_bf1617gdn_bf16_top_implEhthhPA128_K7ap_uintILi16EES4_S4_PS2_S5_PA128_S3_41_ce0        |  out|    1|   ap_memory|   p_ZZN8gdn_bf1617gdn_bf16_top_implEhthhPA128_K7ap_uintILi16EES4_S4_PS2_S5_PA128_S3_41|         array|
|p_ZZN8gdn_bf1617gdn_bf16_top_implEhthhPA128_K7ap_uintILi16EES4_S4_PS2_S5_PA128_S3_41_we0        |  out|    1|   ap_memory|   p_ZZN8gdn_bf1617gdn_bf16_top_implEhthhPA128_K7ap_uintILi16EES4_S4_PS2_S5_PA128_S3_41|         array|
|p_ZZN8gdn_bf1617gdn_bf16_top_implEhthhPA128_K7ap_uintILi16EES4_S4_PS2_S5_PA128_S3_41_d0         |  out|   32|   ap_memory|   p_ZZN8gdn_bf1617gdn_bf16_top_implEhthhPA128_K7ap_uintILi16EES4_S4_PS2_S5_PA128_S3_41|         array|
|p_ZZN8gdn_bf1617gdn_bf16_top_implEhthhPA128_K7ap_uintILi16EES4_S4_PS2_S5_PA128_S3_437_address0  |  out|    5|   ap_memory|  p_ZZN8gdn_bf1617gdn_bf16_top_implEhthhPA128_K7ap_uintILi16EES4_S4_PS2_S5_PA128_S3_437|         array|
|p_ZZN8gdn_bf1617gdn_bf16_top_implEhthhPA128_K7ap_uintILi16EES4_S4_PS2_S5_PA128_S3_437_ce0       |  out|    1|   ap_memory|  p_ZZN8gdn_bf1617gdn_bf16_top_implEhthhPA128_K7ap_uintILi16EES4_S4_PS2_S5_PA128_S3_437|         array|
|p_ZZN8gdn_bf1617gdn_bf16_top_implEhthhPA128_K7ap_uintILi16EES4_S4_PS2_S5_PA128_S3_437_we0       |  out|    1|   ap_memory|  p_ZZN8gdn_bf1617gdn_bf16_top_implEhthhPA128_K7ap_uintILi16EES4_S4_PS2_S5_PA128_S3_437|         array|
|p_ZZN8gdn_bf1617gdn_bf16_top_implEhthhPA128_K7ap_uintILi16EES4_S4_PS2_S5_PA128_S3_437_d0        |  out|   16|   ap_memory|  p_ZZN8gdn_bf1617gdn_bf16_top_implEhthhPA128_K7ap_uintILi16EES4_S4_PS2_S5_PA128_S3_437|         array|
|p_ZZN8gdn_bf1617gdn_bf16_top_implEhthhPA128_K7ap_uintILi16EES4_S4_PS2_S5_PA128_S3_40_address0   |  out|    5|   ap_memory|   p_ZZN8gdn_bf1617gdn_bf16_top_implEhthhPA128_K7ap_uintILi16EES4_S4_PS2_S5_PA128_S3_40|         array|
|p_ZZN8gdn_bf1617gdn_bf16_top_implEhthhPA128_K7ap_uintILi16EES4_S4_PS2_S5_PA128_S3_40_ce0        |  out|    1|   ap_memory|   p_ZZN8gdn_bf1617gdn_bf16_top_implEhthhPA128_K7ap_uintILi16EES4_S4_PS2_S5_PA128_S3_40|         array|
|p_ZZN8gdn_bf1617gdn_bf16_top_implEhthhPA128_K7ap_uintILi16EES4_S4_PS2_S5_PA128_S3_40_we0        |  out|    1|   ap_memory|   p_ZZN8gdn_bf1617gdn_bf16_top_implEhthhPA128_K7ap_uintILi16EES4_S4_PS2_S5_PA128_S3_40|         array|
|p_ZZN8gdn_bf1617gdn_bf16_top_implEhthhPA128_K7ap_uintILi16EES4_S4_PS2_S5_PA128_S3_40_d0         |  out|   32|   ap_memory|   p_ZZN8gdn_bf1617gdn_bf16_top_implEhthhPA128_K7ap_uintILi16EES4_S4_PS2_S5_PA128_S3_40|         array|
|p_ZZN8gdn_bf1617gdn_bf16_top_implEhthhPA128_K7ap_uintILi16EES4_S4_PS2_S5_PA128_S3_438_address0  |  out|    5|   ap_memory|  p_ZZN8gdn_bf1617gdn_bf16_top_implEhthhPA128_K7ap_uintILi16EES4_S4_PS2_S5_PA128_S3_438|         array|
|p_ZZN8gdn_bf1617gdn_bf16_top_implEhthhPA128_K7ap_uintILi16EES4_S4_PS2_S5_PA128_S3_438_ce0       |  out|    1|   ap_memory|  p_ZZN8gdn_bf1617gdn_bf16_top_implEhthhPA128_K7ap_uintILi16EES4_S4_PS2_S5_PA128_S3_438|         array|
|p_ZZN8gdn_bf1617gdn_bf16_top_implEhthhPA128_K7ap_uintILi16EES4_S4_PS2_S5_PA128_S3_438_we0       |  out|    1|   ap_memory|  p_ZZN8gdn_bf1617gdn_bf16_top_implEhthhPA128_K7ap_uintILi16EES4_S4_PS2_S5_PA128_S3_438|         array|
|p_ZZN8gdn_bf1617gdn_bf16_top_implEhthhPA128_K7ap_uintILi16EES4_S4_PS2_S5_PA128_S3_438_d0        |  out|   16|   ap_memory|  p_ZZN8gdn_bf1617gdn_bf16_top_implEhthhPA128_K7ap_uintILi16EES4_S4_PS2_S5_PA128_S3_438|         array|
|p_ZZN8gdn_bf1617gdn_bf16_top_implEhthhPA128_K7ap_uintILi16EES4_S4_PS2_S5_PA128_S3_39_address0   |  out|    5|   ap_memory|   p_ZZN8gdn_bf1617gdn_bf16_top_implEhthhPA128_K7ap_uintILi16EES4_S4_PS2_S5_PA128_S3_39|         array|
|p_ZZN8gdn_bf1617gdn_bf16_top_implEhthhPA128_K7ap_uintILi16EES4_S4_PS2_S5_PA128_S3_39_ce0        |  out|    1|   ap_memory|   p_ZZN8gdn_bf1617gdn_bf16_top_implEhthhPA128_K7ap_uintILi16EES4_S4_PS2_S5_PA128_S3_39|         array|
|p_ZZN8gdn_bf1617gdn_bf16_top_implEhthhPA128_K7ap_uintILi16EES4_S4_PS2_S5_PA128_S3_39_we0        |  out|    1|   ap_memory|   p_ZZN8gdn_bf1617gdn_bf16_top_implEhthhPA128_K7ap_uintILi16EES4_S4_PS2_S5_PA128_S3_39|         array|
|p_ZZN8gdn_bf1617gdn_bf16_top_implEhthhPA128_K7ap_uintILi16EES4_S4_PS2_S5_PA128_S3_39_d0         |  out|   32|   ap_memory|   p_ZZN8gdn_bf1617gdn_bf16_top_implEhthhPA128_K7ap_uintILi16EES4_S4_PS2_S5_PA128_S3_39|         array|
|p_ZZN8gdn_bf1617gdn_bf16_top_implEhthhPA128_K7ap_uintILi16EES4_S4_PS2_S5_PA128_S3_439_address0  |  out|    5|   ap_memory|  p_ZZN8gdn_bf1617gdn_bf16_top_implEhthhPA128_K7ap_uintILi16EES4_S4_PS2_S5_PA128_S3_439|         array|
|p_ZZN8gdn_bf1617gdn_bf16_top_implEhthhPA128_K7ap_uintILi16EES4_S4_PS2_S5_PA128_S3_439_ce0       |  out|    1|   ap_memory|  p_ZZN8gdn_bf1617gdn_bf16_top_implEhthhPA128_K7ap_uintILi16EES4_S4_PS2_S5_PA128_S3_439|         array|
|p_ZZN8gdn_bf1617gdn_bf16_top_implEhthhPA128_K7ap_uintILi16EES4_S4_PS2_S5_PA128_S3_439_we0       |  out|    1|   ap_memory|  p_ZZN8gdn_bf1617gdn_bf16_top_implEhthhPA128_K7ap_uintILi16EES4_S4_PS2_S5_PA128_S3_439|         array|
|p_ZZN8gdn_bf1617gdn_bf16_top_implEhthhPA128_K7ap_uintILi16EES4_S4_PS2_S5_PA128_S3_439_d0        |  out|   16|   ap_memory|  p_ZZN8gdn_bf1617gdn_bf16_top_implEhthhPA128_K7ap_uintILi16EES4_S4_PS2_S5_PA128_S3_439|         array|
|p_ZZN8gdn_bf1617gdn_bf16_top_implEhthhPA128_K7ap_uintILi16EES4_S4_PS2_S5_PA128_S3_38_address0   |  out|    5|   ap_memory|   p_ZZN8gdn_bf1617gdn_bf16_top_implEhthhPA128_K7ap_uintILi16EES4_S4_PS2_S5_PA128_S3_38|         array|
|p_ZZN8gdn_bf1617gdn_bf16_top_implEhthhPA128_K7ap_uintILi16EES4_S4_PS2_S5_PA128_S3_38_ce0        |  out|    1|   ap_memory|   p_ZZN8gdn_bf1617gdn_bf16_top_implEhthhPA128_K7ap_uintILi16EES4_S4_PS2_S5_PA128_S3_38|         array|
|p_ZZN8gdn_bf1617gdn_bf16_top_implEhthhPA128_K7ap_uintILi16EES4_S4_PS2_S5_PA128_S3_38_we0        |  out|    1|   ap_memory|   p_ZZN8gdn_bf1617gdn_bf16_top_implEhthhPA128_K7ap_uintILi16EES4_S4_PS2_S5_PA128_S3_38|         array|
|p_ZZN8gdn_bf1617gdn_bf16_top_implEhthhPA128_K7ap_uintILi16EES4_S4_PS2_S5_PA128_S3_38_d0         |  out|   32|   ap_memory|   p_ZZN8gdn_bf1617gdn_bf16_top_implEhthhPA128_K7ap_uintILi16EES4_S4_PS2_S5_PA128_S3_38|         array|
|p_ZZN8gdn_bf1617gdn_bf16_top_implEhthhPA128_K7ap_uintILi16EES4_S4_PS2_S5_PA128_S3_440_address0  |  out|    5|   ap_memory|  p_ZZN8gdn_bf1617gdn_bf16_top_implEhthhPA128_K7ap_uintILi16EES4_S4_PS2_S5_PA128_S3_440|         array|
|p_ZZN8gdn_bf1617gdn_bf16_top_implEhthhPA128_K7ap_uintILi16EES4_S4_PS2_S5_PA128_S3_440_ce0       |  out|    1|   ap_memory|  p_ZZN8gdn_bf1617gdn_bf16_top_implEhthhPA128_K7ap_uintILi16EES4_S4_PS2_S5_PA128_S3_440|         array|
|p_ZZN8gdn_bf1617gdn_bf16_top_implEhthhPA128_K7ap_uintILi16EES4_S4_PS2_S5_PA128_S3_440_we0       |  out|    1|   ap_memory|  p_ZZN8gdn_bf1617gdn_bf16_top_implEhthhPA128_K7ap_uintILi16EES4_S4_PS2_S5_PA128_S3_440|         array|
|p_ZZN8gdn_bf1617gdn_bf16_top_implEhthhPA128_K7ap_uintILi16EES4_S4_PS2_S5_PA128_S3_440_d0        |  out|   16|   ap_memory|  p_ZZN8gdn_bf1617gdn_bf16_top_implEhthhPA128_K7ap_uintILi16EES4_S4_PS2_S5_PA128_S3_440|         array|
|p_ZZN8gdn_bf1617gdn_bf16_top_implEhthhPA128_K7ap_uintILi16EES4_S4_PS2_S5_PA128_S3_37_address0   |  out|    5|   ap_memory|   p_ZZN8gdn_bf1617gdn_bf16_top_implEhthhPA128_K7ap_uintILi16EES4_S4_PS2_S5_PA128_S3_37|         array|
|p_ZZN8gdn_bf1617gdn_bf16_top_implEhthhPA128_K7ap_uintILi16EES4_S4_PS2_S5_PA128_S3_37_ce0        |  out|    1|   ap_memory|   p_ZZN8gdn_bf1617gdn_bf16_top_implEhthhPA128_K7ap_uintILi16EES4_S4_PS2_S5_PA128_S3_37|         array|
|p_ZZN8gdn_bf1617gdn_bf16_top_implEhthhPA128_K7ap_uintILi16EES4_S4_PS2_S5_PA128_S3_37_we0        |  out|    1|   ap_memory|   p_ZZN8gdn_bf1617gdn_bf16_top_implEhthhPA128_K7ap_uintILi16EES4_S4_PS2_S5_PA128_S3_37|         array|
|p_ZZN8gdn_bf1617gdn_bf16_top_implEhthhPA128_K7ap_uintILi16EES4_S4_PS2_S5_PA128_S3_37_d0         |  out|   32|   ap_memory|   p_ZZN8gdn_bf1617gdn_bf16_top_implEhthhPA128_K7ap_uintILi16EES4_S4_PS2_S5_PA128_S3_37|         array|
|p_ZZN8gdn_bf1617gdn_bf16_top_implEhthhPA128_K7ap_uintILi16EES4_S4_PS2_S5_PA128_S3_441_address0  |  out|    5|   ap_memory|  p_ZZN8gdn_bf1617gdn_bf16_top_implEhthhPA128_K7ap_uintILi16EES4_S4_PS2_S5_PA128_S3_441|         array|
|p_ZZN8gdn_bf1617gdn_bf16_top_implEhthhPA128_K7ap_uintILi16EES4_S4_PS2_S5_PA128_S3_441_ce0       |  out|    1|   ap_memory|  p_ZZN8gdn_bf1617gdn_bf16_top_implEhthhPA128_K7ap_uintILi16EES4_S4_PS2_S5_PA128_S3_441|         array|
|p_ZZN8gdn_bf1617gdn_bf16_top_implEhthhPA128_K7ap_uintILi16EES4_S4_PS2_S5_PA128_S3_441_we0       |  out|    1|   ap_memory|  p_ZZN8gdn_bf1617gdn_bf16_top_implEhthhPA128_K7ap_uintILi16EES4_S4_PS2_S5_PA128_S3_441|         array|
|p_ZZN8gdn_bf1617gdn_bf16_top_implEhthhPA128_K7ap_uintILi16EES4_S4_PS2_S5_PA128_S3_441_d0        |  out|   16|   ap_memory|  p_ZZN8gdn_bf1617gdn_bf16_top_implEhthhPA128_K7ap_uintILi16EES4_S4_PS2_S5_PA128_S3_441|         array|
|p_ZZN8gdn_bf1617gdn_bf16_top_implEhthhPA128_K7ap_uintILi16EES4_S4_PS2_S5_PA128_S3_36_address0   |  out|    5|   ap_memory|   p_ZZN8gdn_bf1617gdn_bf16_top_implEhthhPA128_K7ap_uintILi16EES4_S4_PS2_S5_PA128_S3_36|         array|
|p_ZZN8gdn_bf1617gdn_bf16_top_implEhthhPA128_K7ap_uintILi16EES4_S4_PS2_S5_PA128_S3_36_ce0        |  out|    1|   ap_memory|   p_ZZN8gdn_bf1617gdn_bf16_top_implEhthhPA128_K7ap_uintILi16EES4_S4_PS2_S5_PA128_S3_36|         array|
|p_ZZN8gdn_bf1617gdn_bf16_top_implEhthhPA128_K7ap_uintILi16EES4_S4_PS2_S5_PA128_S3_36_we0        |  out|    1|   ap_memory|   p_ZZN8gdn_bf1617gdn_bf16_top_implEhthhPA128_K7ap_uintILi16EES4_S4_PS2_S5_PA128_S3_36|         array|
|p_ZZN8gdn_bf1617gdn_bf16_top_implEhthhPA128_K7ap_uintILi16EES4_S4_PS2_S5_PA128_S3_36_d0         |  out|   32|   ap_memory|   p_ZZN8gdn_bf1617gdn_bf16_top_implEhthhPA128_K7ap_uintILi16EES4_S4_PS2_S5_PA128_S3_36|         array|
|p_ZZN8gdn_bf1617gdn_bf16_top_implEhthhPA128_K7ap_uintILi16EES4_S4_PS2_S5_PA128_S3_442_address0  |  out|    5|   ap_memory|  p_ZZN8gdn_bf1617gdn_bf16_top_implEhthhPA128_K7ap_uintILi16EES4_S4_PS2_S5_PA128_S3_442|         array|
|p_ZZN8gdn_bf1617gdn_bf16_top_implEhthhPA128_K7ap_uintILi16EES4_S4_PS2_S5_PA128_S3_442_ce0       |  out|    1|   ap_memory|  p_ZZN8gdn_bf1617gdn_bf16_top_implEhthhPA128_K7ap_uintILi16EES4_S4_PS2_S5_PA128_S3_442|         array|
|p_ZZN8gdn_bf1617gdn_bf16_top_implEhthhPA128_K7ap_uintILi16EES4_S4_PS2_S5_PA128_S3_442_we0       |  out|    1|   ap_memory|  p_ZZN8gdn_bf1617gdn_bf16_top_implEhthhPA128_K7ap_uintILi16EES4_S4_PS2_S5_PA128_S3_442|         array|
|p_ZZN8gdn_bf1617gdn_bf16_top_implEhthhPA128_K7ap_uintILi16EES4_S4_PS2_S5_PA128_S3_442_d0        |  out|   16|   ap_memory|  p_ZZN8gdn_bf1617gdn_bf16_top_implEhthhPA128_K7ap_uintILi16EES4_S4_PS2_S5_PA128_S3_442|         array|
|p_ZZN8gdn_bf1617gdn_bf16_top_implEhthhPA128_K7ap_uintILi16EES4_S4_PS2_S5_PA128_S3_35_address0   |  out|    5|   ap_memory|   p_ZZN8gdn_bf1617gdn_bf16_top_implEhthhPA128_K7ap_uintILi16EES4_S4_PS2_S5_PA128_S3_35|         array|
|p_ZZN8gdn_bf1617gdn_bf16_top_implEhthhPA128_K7ap_uintILi16EES4_S4_PS2_S5_PA128_S3_35_ce0        |  out|    1|   ap_memory|   p_ZZN8gdn_bf1617gdn_bf16_top_implEhthhPA128_K7ap_uintILi16EES4_S4_PS2_S5_PA128_S3_35|         array|
|p_ZZN8gdn_bf1617gdn_bf16_top_implEhthhPA128_K7ap_uintILi16EES4_S4_PS2_S5_PA128_S3_35_we0        |  out|    1|   ap_memory|   p_ZZN8gdn_bf1617gdn_bf16_top_implEhthhPA128_K7ap_uintILi16EES4_S4_PS2_S5_PA128_S3_35|         array|
|p_ZZN8gdn_bf1617gdn_bf16_top_implEhthhPA128_K7ap_uintILi16EES4_S4_PS2_S5_PA128_S3_35_d0         |  out|   32|   ap_memory|   p_ZZN8gdn_bf1617gdn_bf16_top_implEhthhPA128_K7ap_uintILi16EES4_S4_PS2_S5_PA128_S3_35|         array|
|p_ZZN8gdn_bf1617gdn_bf16_top_implEhthhPA128_K7ap_uintILi16EES4_S4_PS2_S5_PA128_S3_443_address0  |  out|    5|   ap_memory|  p_ZZN8gdn_bf1617gdn_bf16_top_implEhthhPA128_K7ap_uintILi16EES4_S4_PS2_S5_PA128_S3_443|         array|
|p_ZZN8gdn_bf1617gdn_bf16_top_implEhthhPA128_K7ap_uintILi16EES4_S4_PS2_S5_PA128_S3_443_ce0       |  out|    1|   ap_memory|  p_ZZN8gdn_bf1617gdn_bf16_top_implEhthhPA128_K7ap_uintILi16EES4_S4_PS2_S5_PA128_S3_443|         array|
|p_ZZN8gdn_bf1617gdn_bf16_top_implEhthhPA128_K7ap_uintILi16EES4_S4_PS2_S5_PA128_S3_443_we0       |  out|    1|   ap_memory|  p_ZZN8gdn_bf1617gdn_bf16_top_implEhthhPA128_K7ap_uintILi16EES4_S4_PS2_S5_PA128_S3_443|         array|
|p_ZZN8gdn_bf1617gdn_bf16_top_implEhthhPA128_K7ap_uintILi16EES4_S4_PS2_S5_PA128_S3_443_d0        |  out|   16|   ap_memory|  p_ZZN8gdn_bf1617gdn_bf16_top_implEhthhPA128_K7ap_uintILi16EES4_S4_PS2_S5_PA128_S3_443|         array|
|p_ZZN8gdn_bf1617gdn_bf16_top_implEhthhPA128_K7ap_uintILi16EES4_S4_PS2_S5_PA128_S3_34_address0   |  out|    5|   ap_memory|   p_ZZN8gdn_bf1617gdn_bf16_top_implEhthhPA128_K7ap_uintILi16EES4_S4_PS2_S5_PA128_S3_34|         array|
|p_ZZN8gdn_bf1617gdn_bf16_top_implEhthhPA128_K7ap_uintILi16EES4_S4_PS2_S5_PA128_S3_34_ce0        |  out|    1|   ap_memory|   p_ZZN8gdn_bf1617gdn_bf16_top_implEhthhPA128_K7ap_uintILi16EES4_S4_PS2_S5_PA128_S3_34|         array|
|p_ZZN8gdn_bf1617gdn_bf16_top_implEhthhPA128_K7ap_uintILi16EES4_S4_PS2_S5_PA128_S3_34_we0        |  out|    1|   ap_memory|   p_ZZN8gdn_bf1617gdn_bf16_top_implEhthhPA128_K7ap_uintILi16EES4_S4_PS2_S5_PA128_S3_34|         array|
|p_ZZN8gdn_bf1617gdn_bf16_top_implEhthhPA128_K7ap_uintILi16EES4_S4_PS2_S5_PA128_S3_34_d0         |  out|   32|   ap_memory|   p_ZZN8gdn_bf1617gdn_bf16_top_implEhthhPA128_K7ap_uintILi16EES4_S4_PS2_S5_PA128_S3_34|         array|
|p_ZZN8gdn_bf1617gdn_bf16_top_implEhthhPA128_K7ap_uintILi16EES4_S4_PS2_S5_PA128_S3_444_address0  |  out|    5|   ap_memory|  p_ZZN8gdn_bf1617gdn_bf16_top_implEhthhPA128_K7ap_uintILi16EES4_S4_PS2_S5_PA128_S3_444|         array|
|p_ZZN8gdn_bf1617gdn_bf16_top_implEhthhPA128_K7ap_uintILi16EES4_S4_PS2_S5_PA128_S3_444_ce0       |  out|    1|   ap_memory|  p_ZZN8gdn_bf1617gdn_bf16_top_implEhthhPA128_K7ap_uintILi16EES4_S4_PS2_S5_PA128_S3_444|         array|
|p_ZZN8gdn_bf1617gdn_bf16_top_implEhthhPA128_K7ap_uintILi16EES4_S4_PS2_S5_PA128_S3_444_we0       |  out|    1|   ap_memory|  p_ZZN8gdn_bf1617gdn_bf16_top_implEhthhPA128_K7ap_uintILi16EES4_S4_PS2_S5_PA128_S3_444|         array|
|p_ZZN8gdn_bf1617gdn_bf16_top_implEhthhPA128_K7ap_uintILi16EES4_S4_PS2_S5_PA128_S3_444_d0        |  out|   16|   ap_memory|  p_ZZN8gdn_bf1617gdn_bf16_top_implEhthhPA128_K7ap_uintILi16EES4_S4_PS2_S5_PA128_S3_444|         array|
|p_ZZN8gdn_bf1617gdn_bf16_top_implEhthhPA128_K7ap_uintILi16EES4_S4_PS2_S5_PA128_S3_33_address0   |  out|    5|   ap_memory|   p_ZZN8gdn_bf1617gdn_bf16_top_implEhthhPA128_K7ap_uintILi16EES4_S4_PS2_S5_PA128_S3_33|         array|
|p_ZZN8gdn_bf1617gdn_bf16_top_implEhthhPA128_K7ap_uintILi16EES4_S4_PS2_S5_PA128_S3_33_ce0        |  out|    1|   ap_memory|   p_ZZN8gdn_bf1617gdn_bf16_top_implEhthhPA128_K7ap_uintILi16EES4_S4_PS2_S5_PA128_S3_33|         array|
|p_ZZN8gdn_bf1617gdn_bf16_top_implEhthhPA128_K7ap_uintILi16EES4_S4_PS2_S5_PA128_S3_33_we0        |  out|    1|   ap_memory|   p_ZZN8gdn_bf1617gdn_bf16_top_implEhthhPA128_K7ap_uintILi16EES4_S4_PS2_S5_PA128_S3_33|         array|
|p_ZZN8gdn_bf1617gdn_bf16_top_implEhthhPA128_K7ap_uintILi16EES4_S4_PS2_S5_PA128_S3_33_d0         |  out|   32|   ap_memory|   p_ZZN8gdn_bf1617gdn_bf16_top_implEhthhPA128_K7ap_uintILi16EES4_S4_PS2_S5_PA128_S3_33|         array|
|p_ZZN8gdn_bf1617gdn_bf16_top_implEhthhPA128_K7ap_uintILi16EES4_S4_PS2_S5_PA128_S3_445_address0  |  out|    5|   ap_memory|  p_ZZN8gdn_bf1617gdn_bf16_top_implEhthhPA128_K7ap_uintILi16EES4_S4_PS2_S5_PA128_S3_445|         array|
|p_ZZN8gdn_bf1617gdn_bf16_top_implEhthhPA128_K7ap_uintILi16EES4_S4_PS2_S5_PA128_S3_445_ce0       |  out|    1|   ap_memory|  p_ZZN8gdn_bf1617gdn_bf16_top_implEhthhPA128_K7ap_uintILi16EES4_S4_PS2_S5_PA128_S3_445|         array|
|p_ZZN8gdn_bf1617gdn_bf16_top_implEhthhPA128_K7ap_uintILi16EES4_S4_PS2_S5_PA128_S3_445_we0       |  out|    1|   ap_memory|  p_ZZN8gdn_bf1617gdn_bf16_top_implEhthhPA128_K7ap_uintILi16EES4_S4_PS2_S5_PA128_S3_445|         array|
|p_ZZN8gdn_bf1617gdn_bf16_top_implEhthhPA128_K7ap_uintILi16EES4_S4_PS2_S5_PA128_S3_445_d0        |  out|   16|   ap_memory|  p_ZZN8gdn_bf1617gdn_bf16_top_implEhthhPA128_K7ap_uintILi16EES4_S4_PS2_S5_PA128_S3_445|         array|
|p_ZZN8gdn_bf1617gdn_bf16_top_implEhthhPA128_K7ap_uintILi16EES4_S4_PS2_S5_PA128_S3_32_address0   |  out|    5|   ap_memory|   p_ZZN8gdn_bf1617gdn_bf16_top_implEhthhPA128_K7ap_uintILi16EES4_S4_PS2_S5_PA128_S3_32|         array|
|p_ZZN8gdn_bf1617gdn_bf16_top_implEhthhPA128_K7ap_uintILi16EES4_S4_PS2_S5_PA128_S3_32_ce0        |  out|    1|   ap_memory|   p_ZZN8gdn_bf1617gdn_bf16_top_implEhthhPA128_K7ap_uintILi16EES4_S4_PS2_S5_PA128_S3_32|         array|
|p_ZZN8gdn_bf1617gdn_bf16_top_implEhthhPA128_K7ap_uintILi16EES4_S4_PS2_S5_PA128_S3_32_we0        |  out|    1|   ap_memory|   p_ZZN8gdn_bf1617gdn_bf16_top_implEhthhPA128_K7ap_uintILi16EES4_S4_PS2_S5_PA128_S3_32|         array|
|p_ZZN8gdn_bf1617gdn_bf16_top_implEhthhPA128_K7ap_uintILi16EES4_S4_PS2_S5_PA128_S3_32_d0         |  out|   32|   ap_memory|   p_ZZN8gdn_bf1617gdn_bf16_top_implEhthhPA128_K7ap_uintILi16EES4_S4_PS2_S5_PA128_S3_32|         array|
|p_ZZN8gdn_bf1617gdn_bf16_top_implEhthhPA128_K7ap_uintILi16EES4_S4_PS2_S5_PA128_S3_446_address0  |  out|    5|   ap_memory|  p_ZZN8gdn_bf1617gdn_bf16_top_implEhthhPA128_K7ap_uintILi16EES4_S4_PS2_S5_PA128_S3_446|         array|
|p_ZZN8gdn_bf1617gdn_bf16_top_implEhthhPA128_K7ap_uintILi16EES4_S4_PS2_S5_PA128_S3_446_ce0       |  out|    1|   ap_memory|  p_ZZN8gdn_bf1617gdn_bf16_top_implEhthhPA128_K7ap_uintILi16EES4_S4_PS2_S5_PA128_S3_446|         array|
|p_ZZN8gdn_bf1617gdn_bf16_top_implEhthhPA128_K7ap_uintILi16EES4_S4_PS2_S5_PA128_S3_446_we0       |  out|    1|   ap_memory|  p_ZZN8gdn_bf1617gdn_bf16_top_implEhthhPA128_K7ap_uintILi16EES4_S4_PS2_S5_PA128_S3_446|         array|
|p_ZZN8gdn_bf1617gdn_bf16_top_implEhthhPA128_K7ap_uintILi16EES4_S4_PS2_S5_PA128_S3_446_d0        |  out|   16|   ap_memory|  p_ZZN8gdn_bf1617gdn_bf16_top_implEhthhPA128_K7ap_uintILi16EES4_S4_PS2_S5_PA128_S3_446|         array|
|p_ZZN8gdn_bf1617gdn_bf16_top_implEhthhPA128_K7ap_uintILi16EES4_S4_PS2_S5_PA128_S3_31_address0   |  out|    5|   ap_memory|   p_ZZN8gdn_bf1617gdn_bf16_top_implEhthhPA128_K7ap_uintILi16EES4_S4_PS2_S5_PA128_S3_31|         array|
|p_ZZN8gdn_bf1617gdn_bf16_top_implEhthhPA128_K7ap_uintILi16EES4_S4_PS2_S5_PA128_S3_31_ce0        |  out|    1|   ap_memory|   p_ZZN8gdn_bf1617gdn_bf16_top_implEhthhPA128_K7ap_uintILi16EES4_S4_PS2_S5_PA128_S3_31|         array|
|p_ZZN8gdn_bf1617gdn_bf16_top_implEhthhPA128_K7ap_uintILi16EES4_S4_PS2_S5_PA128_S3_31_we0        |  out|    1|   ap_memory|   p_ZZN8gdn_bf1617gdn_bf16_top_implEhthhPA128_K7ap_uintILi16EES4_S4_PS2_S5_PA128_S3_31|         array|
|p_ZZN8gdn_bf1617gdn_bf16_top_implEhthhPA128_K7ap_uintILi16EES4_S4_PS2_S5_PA128_S3_31_d0         |  out|   32|   ap_memory|   p_ZZN8gdn_bf1617gdn_bf16_top_implEhthhPA128_K7ap_uintILi16EES4_S4_PS2_S5_PA128_S3_31|         array|
|p_ZZN8gdn_bf1617gdn_bf16_top_implEhthhPA128_K7ap_uintILi16EES4_S4_PS2_S5_PA128_S3_447_address0  |  out|    5|   ap_memory|  p_ZZN8gdn_bf1617gdn_bf16_top_implEhthhPA128_K7ap_uintILi16EES4_S4_PS2_S5_PA128_S3_447|         array|
|p_ZZN8gdn_bf1617gdn_bf16_top_implEhthhPA128_K7ap_uintILi16EES4_S4_PS2_S5_PA128_S3_447_ce0       |  out|    1|   ap_memory|  p_ZZN8gdn_bf1617gdn_bf16_top_implEhthhPA128_K7ap_uintILi16EES4_S4_PS2_S5_PA128_S3_447|         array|
|p_ZZN8gdn_bf1617gdn_bf16_top_implEhthhPA128_K7ap_uintILi16EES4_S4_PS2_S5_PA128_S3_447_we0       |  out|    1|   ap_memory|  p_ZZN8gdn_bf1617gdn_bf16_top_implEhthhPA128_K7ap_uintILi16EES4_S4_PS2_S5_PA128_S3_447|         array|
|p_ZZN8gdn_bf1617gdn_bf16_top_implEhthhPA128_K7ap_uintILi16EES4_S4_PS2_S5_PA128_S3_447_d0        |  out|   16|   ap_memory|  p_ZZN8gdn_bf1617gdn_bf16_top_implEhthhPA128_K7ap_uintILi16EES4_S4_PS2_S5_PA128_S3_447|         array|
|p_ZZN8gdn_bf1617gdn_bf16_top_implEhthhPA128_K7ap_uintILi16EES4_S4_PS2_S5_PA128_S3_30_address0   |  out|    5|   ap_memory|   p_ZZN8gdn_bf1617gdn_bf16_top_implEhthhPA128_K7ap_uintILi16EES4_S4_PS2_S5_PA128_S3_30|         array|
|p_ZZN8gdn_bf1617gdn_bf16_top_implEhthhPA128_K7ap_uintILi16EES4_S4_PS2_S5_PA128_S3_30_ce0        |  out|    1|   ap_memory|   p_ZZN8gdn_bf1617gdn_bf16_top_implEhthhPA128_K7ap_uintILi16EES4_S4_PS2_S5_PA128_S3_30|         array|
|p_ZZN8gdn_bf1617gdn_bf16_top_implEhthhPA128_K7ap_uintILi16EES4_S4_PS2_S5_PA128_S3_30_we0        |  out|    1|   ap_memory|   p_ZZN8gdn_bf1617gdn_bf16_top_implEhthhPA128_K7ap_uintILi16EES4_S4_PS2_S5_PA128_S3_30|         array|
|p_ZZN8gdn_bf1617gdn_bf16_top_implEhthhPA128_K7ap_uintILi16EES4_S4_PS2_S5_PA128_S3_30_d0         |  out|   32|   ap_memory|   p_ZZN8gdn_bf1617gdn_bf16_top_implEhthhPA128_K7ap_uintILi16EES4_S4_PS2_S5_PA128_S3_30|         array|
|p_ZZN8gdn_bf1617gdn_bf16_top_implEhthhPA128_K7ap_uintILi16EES4_S4_PS2_S5_PA128_S3_448_address0  |  out|    5|   ap_memory|  p_ZZN8gdn_bf1617gdn_bf16_top_implEhthhPA128_K7ap_uintILi16EES4_S4_PS2_S5_PA128_S3_448|         array|
|p_ZZN8gdn_bf1617gdn_bf16_top_implEhthhPA128_K7ap_uintILi16EES4_S4_PS2_S5_PA128_S3_448_ce0       |  out|    1|   ap_memory|  p_ZZN8gdn_bf1617gdn_bf16_top_implEhthhPA128_K7ap_uintILi16EES4_S4_PS2_S5_PA128_S3_448|         array|
|p_ZZN8gdn_bf1617gdn_bf16_top_implEhthhPA128_K7ap_uintILi16EES4_S4_PS2_S5_PA128_S3_448_we0       |  out|    1|   ap_memory|  p_ZZN8gdn_bf1617gdn_bf16_top_implEhthhPA128_K7ap_uintILi16EES4_S4_PS2_S5_PA128_S3_448|         array|
|p_ZZN8gdn_bf1617gdn_bf16_top_implEhthhPA128_K7ap_uintILi16EES4_S4_PS2_S5_PA128_S3_448_d0        |  out|   16|   ap_memory|  p_ZZN8gdn_bf1617gdn_bf16_top_implEhthhPA128_K7ap_uintILi16EES4_S4_PS2_S5_PA128_S3_448|         array|
|p_ZZN8gdn_bf1617gdn_bf16_top_implEhthhPA128_K7ap_uintILi16EES4_S4_PS2_S5_PA128_S3_29_address0   |  out|    5|   ap_memory|   p_ZZN8gdn_bf1617gdn_bf16_top_implEhthhPA128_K7ap_uintILi16EES4_S4_PS2_S5_PA128_S3_29|         array|
|p_ZZN8gdn_bf1617gdn_bf16_top_implEhthhPA128_K7ap_uintILi16EES4_S4_PS2_S5_PA128_S3_29_ce0        |  out|    1|   ap_memory|   p_ZZN8gdn_bf1617gdn_bf16_top_implEhthhPA128_K7ap_uintILi16EES4_S4_PS2_S5_PA128_S3_29|         array|
|p_ZZN8gdn_bf1617gdn_bf16_top_implEhthhPA128_K7ap_uintILi16EES4_S4_PS2_S5_PA128_S3_29_we0        |  out|    1|   ap_memory|   p_ZZN8gdn_bf1617gdn_bf16_top_implEhthhPA128_K7ap_uintILi16EES4_S4_PS2_S5_PA128_S3_29|         array|
|p_ZZN8gdn_bf1617gdn_bf16_top_implEhthhPA128_K7ap_uintILi16EES4_S4_PS2_S5_PA128_S3_29_d0         |  out|   32|   ap_memory|   p_ZZN8gdn_bf1617gdn_bf16_top_implEhthhPA128_K7ap_uintILi16EES4_S4_PS2_S5_PA128_S3_29|         array|
|p_ZZN8gdn_bf1617gdn_bf16_top_implEhthhPA128_K7ap_uintILi16EES4_S4_PS2_S5_PA128_S3_449_address0  |  out|    5|   ap_memory|  p_ZZN8gdn_bf1617gdn_bf16_top_implEhthhPA128_K7ap_uintILi16EES4_S4_PS2_S5_PA128_S3_449|         array|
|p_ZZN8gdn_bf1617gdn_bf16_top_implEhthhPA128_K7ap_uintILi16EES4_S4_PS2_S5_PA128_S3_449_ce0       |  out|    1|   ap_memory|  p_ZZN8gdn_bf1617gdn_bf16_top_implEhthhPA128_K7ap_uintILi16EES4_S4_PS2_S5_PA128_S3_449|         array|
|p_ZZN8gdn_bf1617gdn_bf16_top_implEhthhPA128_K7ap_uintILi16EES4_S4_PS2_S5_PA128_S3_449_we0       |  out|    1|   ap_memory|  p_ZZN8gdn_bf1617gdn_bf16_top_implEhthhPA128_K7ap_uintILi16EES4_S4_PS2_S5_PA128_S3_449|         array|
|p_ZZN8gdn_bf1617gdn_bf16_top_implEhthhPA128_K7ap_uintILi16EES4_S4_PS2_S5_PA128_S3_449_d0        |  out|   16|   ap_memory|  p_ZZN8gdn_bf1617gdn_bf16_top_implEhthhPA128_K7ap_uintILi16EES4_S4_PS2_S5_PA128_S3_449|         array|
|p_ZZN8gdn_bf1617gdn_bf16_top_implEhthhPA128_K7ap_uintILi16EES4_S4_PS2_S5_PA128_S3_28_address0   |  out|    5|   ap_memory|   p_ZZN8gdn_bf1617gdn_bf16_top_implEhthhPA128_K7ap_uintILi16EES4_S4_PS2_S5_PA128_S3_28|         array|
|p_ZZN8gdn_bf1617gdn_bf16_top_implEhthhPA128_K7ap_uintILi16EES4_S4_PS2_S5_PA128_S3_28_ce0        |  out|    1|   ap_memory|   p_ZZN8gdn_bf1617gdn_bf16_top_implEhthhPA128_K7ap_uintILi16EES4_S4_PS2_S5_PA128_S3_28|         array|
|p_ZZN8gdn_bf1617gdn_bf16_top_implEhthhPA128_K7ap_uintILi16EES4_S4_PS2_S5_PA128_S3_28_we0        |  out|    1|   ap_memory|   p_ZZN8gdn_bf1617gdn_bf16_top_implEhthhPA128_K7ap_uintILi16EES4_S4_PS2_S5_PA128_S3_28|         array|
|p_ZZN8gdn_bf1617gdn_bf16_top_implEhthhPA128_K7ap_uintILi16EES4_S4_PS2_S5_PA128_S3_28_d0         |  out|   32|   ap_memory|   p_ZZN8gdn_bf1617gdn_bf16_top_implEhthhPA128_K7ap_uintILi16EES4_S4_PS2_S5_PA128_S3_28|         array|
|p_ZZN8gdn_bf1617gdn_bf16_top_implEhthhPA128_K7ap_uintILi16EES4_S4_PS2_S5_PA128_S3_450_address0  |  out|    5|   ap_memory|  p_ZZN8gdn_bf1617gdn_bf16_top_implEhthhPA128_K7ap_uintILi16EES4_S4_PS2_S5_PA128_S3_450|         array|
|p_ZZN8gdn_bf1617gdn_bf16_top_implEhthhPA128_K7ap_uintILi16EES4_S4_PS2_S5_PA128_S3_450_ce0       |  out|    1|   ap_memory|  p_ZZN8gdn_bf1617gdn_bf16_top_implEhthhPA128_K7ap_uintILi16EES4_S4_PS2_S5_PA128_S3_450|         array|
|p_ZZN8gdn_bf1617gdn_bf16_top_implEhthhPA128_K7ap_uintILi16EES4_S4_PS2_S5_PA128_S3_450_we0       |  out|    1|   ap_memory|  p_ZZN8gdn_bf1617gdn_bf16_top_implEhthhPA128_K7ap_uintILi16EES4_S4_PS2_S5_PA128_S3_450|         array|
|p_ZZN8gdn_bf1617gdn_bf16_top_implEhthhPA128_K7ap_uintILi16EES4_S4_PS2_S5_PA128_S3_450_d0        |  out|   16|   ap_memory|  p_ZZN8gdn_bf1617gdn_bf16_top_implEhthhPA128_K7ap_uintILi16EES4_S4_PS2_S5_PA128_S3_450|         array|
|p_ZZN8gdn_bf1617gdn_bf16_top_implEhthhPA128_K7ap_uintILi16EES4_S4_PS2_S5_PA128_S3_27_address0   |  out|    5|   ap_memory|   p_ZZN8gdn_bf1617gdn_bf16_top_implEhthhPA128_K7ap_uintILi16EES4_S4_PS2_S5_PA128_S3_27|         array|
|p_ZZN8gdn_bf1617gdn_bf16_top_implEhthhPA128_K7ap_uintILi16EES4_S4_PS2_S5_PA128_S3_27_ce0        |  out|    1|   ap_memory|   p_ZZN8gdn_bf1617gdn_bf16_top_implEhthhPA128_K7ap_uintILi16EES4_S4_PS2_S5_PA128_S3_27|         array|
|p_ZZN8gdn_bf1617gdn_bf16_top_implEhthhPA128_K7ap_uintILi16EES4_S4_PS2_S5_PA128_S3_27_we0        |  out|    1|   ap_memory|   p_ZZN8gdn_bf1617gdn_bf16_top_implEhthhPA128_K7ap_uintILi16EES4_S4_PS2_S5_PA128_S3_27|         array|
|p_ZZN8gdn_bf1617gdn_bf16_top_implEhthhPA128_K7ap_uintILi16EES4_S4_PS2_S5_PA128_S3_27_d0         |  out|   32|   ap_memory|   p_ZZN8gdn_bf1617gdn_bf16_top_implEhthhPA128_K7ap_uintILi16EES4_S4_PS2_S5_PA128_S3_27|         array|
|p_ZZN8gdn_bf1617gdn_bf16_top_implEhthhPA128_K7ap_uintILi16EES4_S4_PS2_S5_PA128_S3_451_address0  |  out|    5|   ap_memory|  p_ZZN8gdn_bf1617gdn_bf16_top_implEhthhPA128_K7ap_uintILi16EES4_S4_PS2_S5_PA128_S3_451|         array|
|p_ZZN8gdn_bf1617gdn_bf16_top_implEhthhPA128_K7ap_uintILi16EES4_S4_PS2_S5_PA128_S3_451_ce0       |  out|    1|   ap_memory|  p_ZZN8gdn_bf1617gdn_bf16_top_implEhthhPA128_K7ap_uintILi16EES4_S4_PS2_S5_PA128_S3_451|         array|
|p_ZZN8gdn_bf1617gdn_bf16_top_implEhthhPA128_K7ap_uintILi16EES4_S4_PS2_S5_PA128_S3_451_we0       |  out|    1|   ap_memory|  p_ZZN8gdn_bf1617gdn_bf16_top_implEhthhPA128_K7ap_uintILi16EES4_S4_PS2_S5_PA128_S3_451|         array|
|p_ZZN8gdn_bf1617gdn_bf16_top_implEhthhPA128_K7ap_uintILi16EES4_S4_PS2_S5_PA128_S3_451_d0        |  out|   16|   ap_memory|  p_ZZN8gdn_bf1617gdn_bf16_top_implEhthhPA128_K7ap_uintILi16EES4_S4_PS2_S5_PA128_S3_451|         array|
|p_ZZN8gdn_bf1617gdn_bf16_top_implEhthhPA128_K7ap_uintILi16EES4_S4_PS2_S5_PA128_S3_26_address0   |  out|    5|   ap_memory|   p_ZZN8gdn_bf1617gdn_bf16_top_implEhthhPA128_K7ap_uintILi16EES4_S4_PS2_S5_PA128_S3_26|         array|
|p_ZZN8gdn_bf1617gdn_bf16_top_implEhthhPA128_K7ap_uintILi16EES4_S4_PS2_S5_PA128_S3_26_ce0        |  out|    1|   ap_memory|   p_ZZN8gdn_bf1617gdn_bf16_top_implEhthhPA128_K7ap_uintILi16EES4_S4_PS2_S5_PA128_S3_26|         array|
|p_ZZN8gdn_bf1617gdn_bf16_top_implEhthhPA128_K7ap_uintILi16EES4_S4_PS2_S5_PA128_S3_26_we0        |  out|    1|   ap_memory|   p_ZZN8gdn_bf1617gdn_bf16_top_implEhthhPA128_K7ap_uintILi16EES4_S4_PS2_S5_PA128_S3_26|         array|
|p_ZZN8gdn_bf1617gdn_bf16_top_implEhthhPA128_K7ap_uintILi16EES4_S4_PS2_S5_PA128_S3_26_d0         |  out|   32|   ap_memory|   p_ZZN8gdn_bf1617gdn_bf16_top_implEhthhPA128_K7ap_uintILi16EES4_S4_PS2_S5_PA128_S3_26|         array|
|p_ZZN8gdn_bf1617gdn_bf16_top_implEhthhPA128_K7ap_uintILi16EES4_S4_PS2_S5_PA128_S3_452_address0  |  out|    5|   ap_memory|  p_ZZN8gdn_bf1617gdn_bf16_top_implEhthhPA128_K7ap_uintILi16EES4_S4_PS2_S5_PA128_S3_452|         array|
|p_ZZN8gdn_bf1617gdn_bf16_top_implEhthhPA128_K7ap_uintILi16EES4_S4_PS2_S5_PA128_S3_452_ce0       |  out|    1|   ap_memory|  p_ZZN8gdn_bf1617gdn_bf16_top_implEhthhPA128_K7ap_uintILi16EES4_S4_PS2_S5_PA128_S3_452|         array|
|p_ZZN8gdn_bf1617gdn_bf16_top_implEhthhPA128_K7ap_uintILi16EES4_S4_PS2_S5_PA128_S3_452_we0       |  out|    1|   ap_memory|  p_ZZN8gdn_bf1617gdn_bf16_top_implEhthhPA128_K7ap_uintILi16EES4_S4_PS2_S5_PA128_S3_452|         array|
|p_ZZN8gdn_bf1617gdn_bf16_top_implEhthhPA128_K7ap_uintILi16EES4_S4_PS2_S5_PA128_S3_452_d0        |  out|   16|   ap_memory|  p_ZZN8gdn_bf1617gdn_bf16_top_implEhthhPA128_K7ap_uintILi16EES4_S4_PS2_S5_PA128_S3_452|         array|
|p_ZZN8gdn_bf1617gdn_bf16_top_implEhthhPA128_K7ap_uintILi16EES4_S4_PS2_S5_PA128_S3_25_address0   |  out|    5|   ap_memory|   p_ZZN8gdn_bf1617gdn_bf16_top_implEhthhPA128_K7ap_uintILi16EES4_S4_PS2_S5_PA128_S3_25|         array|
|p_ZZN8gdn_bf1617gdn_bf16_top_implEhthhPA128_K7ap_uintILi16EES4_S4_PS2_S5_PA128_S3_25_ce0        |  out|    1|   ap_memory|   p_ZZN8gdn_bf1617gdn_bf16_top_implEhthhPA128_K7ap_uintILi16EES4_S4_PS2_S5_PA128_S3_25|         array|
|p_ZZN8gdn_bf1617gdn_bf16_top_implEhthhPA128_K7ap_uintILi16EES4_S4_PS2_S5_PA128_S3_25_we0        |  out|    1|   ap_memory|   p_ZZN8gdn_bf1617gdn_bf16_top_implEhthhPA128_K7ap_uintILi16EES4_S4_PS2_S5_PA128_S3_25|         array|
|p_ZZN8gdn_bf1617gdn_bf16_top_implEhthhPA128_K7ap_uintILi16EES4_S4_PS2_S5_PA128_S3_25_d0         |  out|   32|   ap_memory|   p_ZZN8gdn_bf1617gdn_bf16_top_implEhthhPA128_K7ap_uintILi16EES4_S4_PS2_S5_PA128_S3_25|         array|
|p_ZZN8gdn_bf1617gdn_bf16_top_implEhthhPA128_K7ap_uintILi16EES4_S4_PS2_S5_PA128_S3_453_address0  |  out|    5|   ap_memory|  p_ZZN8gdn_bf1617gdn_bf16_top_implEhthhPA128_K7ap_uintILi16EES4_S4_PS2_S5_PA128_S3_453|         array|
|p_ZZN8gdn_bf1617gdn_bf16_top_implEhthhPA128_K7ap_uintILi16EES4_S4_PS2_S5_PA128_S3_453_ce0       |  out|    1|   ap_memory|  p_ZZN8gdn_bf1617gdn_bf16_top_implEhthhPA128_K7ap_uintILi16EES4_S4_PS2_S5_PA128_S3_453|         array|
|p_ZZN8gdn_bf1617gdn_bf16_top_implEhthhPA128_K7ap_uintILi16EES4_S4_PS2_S5_PA128_S3_453_we0       |  out|    1|   ap_memory|  p_ZZN8gdn_bf1617gdn_bf16_top_implEhthhPA128_K7ap_uintILi16EES4_S4_PS2_S5_PA128_S3_453|         array|
|p_ZZN8gdn_bf1617gdn_bf16_top_implEhthhPA128_K7ap_uintILi16EES4_S4_PS2_S5_PA128_S3_453_d0        |  out|   16|   ap_memory|  p_ZZN8gdn_bf1617gdn_bf16_top_implEhthhPA128_K7ap_uintILi16EES4_S4_PS2_S5_PA128_S3_453|         array|
|p_ZZN8gdn_bf1617gdn_bf16_top_implEhthhPA128_K7ap_uintILi16EES4_S4_PS2_S5_PA128_S3_24_address0   |  out|    5|   ap_memory|   p_ZZN8gdn_bf1617gdn_bf16_top_implEhthhPA128_K7ap_uintILi16EES4_S4_PS2_S5_PA128_S3_24|         array|
|p_ZZN8gdn_bf1617gdn_bf16_top_implEhthhPA128_K7ap_uintILi16EES4_S4_PS2_S5_PA128_S3_24_ce0        |  out|    1|   ap_memory|   p_ZZN8gdn_bf1617gdn_bf16_top_implEhthhPA128_K7ap_uintILi16EES4_S4_PS2_S5_PA128_S3_24|         array|
|p_ZZN8gdn_bf1617gdn_bf16_top_implEhthhPA128_K7ap_uintILi16EES4_S4_PS2_S5_PA128_S3_24_we0        |  out|    1|   ap_memory|   p_ZZN8gdn_bf1617gdn_bf16_top_implEhthhPA128_K7ap_uintILi16EES4_S4_PS2_S5_PA128_S3_24|         array|
|p_ZZN8gdn_bf1617gdn_bf16_top_implEhthhPA128_K7ap_uintILi16EES4_S4_PS2_S5_PA128_S3_24_d0         |  out|   32|   ap_memory|   p_ZZN8gdn_bf1617gdn_bf16_top_implEhthhPA128_K7ap_uintILi16EES4_S4_PS2_S5_PA128_S3_24|         array|
|p_ZZN8gdn_bf1617gdn_bf16_top_implEhthhPA128_K7ap_uintILi16EES4_S4_PS2_S5_PA128_S3_454_address0  |  out|    5|   ap_memory|  p_ZZN8gdn_bf1617gdn_bf16_top_implEhthhPA128_K7ap_uintILi16EES4_S4_PS2_S5_PA128_S3_454|         array|
|p_ZZN8gdn_bf1617gdn_bf16_top_implEhthhPA128_K7ap_uintILi16EES4_S4_PS2_S5_PA128_S3_454_ce0       |  out|    1|   ap_memory|  p_ZZN8gdn_bf1617gdn_bf16_top_implEhthhPA128_K7ap_uintILi16EES4_S4_PS2_S5_PA128_S3_454|         array|
|p_ZZN8gdn_bf1617gdn_bf16_top_implEhthhPA128_K7ap_uintILi16EES4_S4_PS2_S5_PA128_S3_454_we0       |  out|    1|   ap_memory|  p_ZZN8gdn_bf1617gdn_bf16_top_implEhthhPA128_K7ap_uintILi16EES4_S4_PS2_S5_PA128_S3_454|         array|
|p_ZZN8gdn_bf1617gdn_bf16_top_implEhthhPA128_K7ap_uintILi16EES4_S4_PS2_S5_PA128_S3_454_d0        |  out|   16|   ap_memory|  p_ZZN8gdn_bf1617gdn_bf16_top_implEhthhPA128_K7ap_uintILi16EES4_S4_PS2_S5_PA128_S3_454|         array|
|p_ZZN8gdn_bf1617gdn_bf16_top_implEhthhPA128_K7ap_uintILi16EES4_S4_PS2_S5_PA128_S3_23_address0   |  out|    5|   ap_memory|   p_ZZN8gdn_bf1617gdn_bf16_top_implEhthhPA128_K7ap_uintILi16EES4_S4_PS2_S5_PA128_S3_23|         array|
|p_ZZN8gdn_bf1617gdn_bf16_top_implEhthhPA128_K7ap_uintILi16EES4_S4_PS2_S5_PA128_S3_23_ce0        |  out|    1|   ap_memory|   p_ZZN8gdn_bf1617gdn_bf16_top_implEhthhPA128_K7ap_uintILi16EES4_S4_PS2_S5_PA128_S3_23|         array|
|p_ZZN8gdn_bf1617gdn_bf16_top_implEhthhPA128_K7ap_uintILi16EES4_S4_PS2_S5_PA128_S3_23_we0        |  out|    1|   ap_memory|   p_ZZN8gdn_bf1617gdn_bf16_top_implEhthhPA128_K7ap_uintILi16EES4_S4_PS2_S5_PA128_S3_23|         array|
|p_ZZN8gdn_bf1617gdn_bf16_top_implEhthhPA128_K7ap_uintILi16EES4_S4_PS2_S5_PA128_S3_23_d0         |  out|   32|   ap_memory|   p_ZZN8gdn_bf1617gdn_bf16_top_implEhthhPA128_K7ap_uintILi16EES4_S4_PS2_S5_PA128_S3_23|         array|
|p_ZZN8gdn_bf1617gdn_bf16_top_implEhthhPA128_K7ap_uintILi16EES4_S4_PS2_S5_PA128_S3_455_address0  |  out|    5|   ap_memory|  p_ZZN8gdn_bf1617gdn_bf16_top_implEhthhPA128_K7ap_uintILi16EES4_S4_PS2_S5_PA128_S3_455|         array|
|p_ZZN8gdn_bf1617gdn_bf16_top_implEhthhPA128_K7ap_uintILi16EES4_S4_PS2_S5_PA128_S3_455_ce0       |  out|    1|   ap_memory|  p_ZZN8gdn_bf1617gdn_bf16_top_implEhthhPA128_K7ap_uintILi16EES4_S4_PS2_S5_PA128_S3_455|         array|
|p_ZZN8gdn_bf1617gdn_bf16_top_implEhthhPA128_K7ap_uintILi16EES4_S4_PS2_S5_PA128_S3_455_we0       |  out|    1|   ap_memory|  p_ZZN8gdn_bf1617gdn_bf16_top_implEhthhPA128_K7ap_uintILi16EES4_S4_PS2_S5_PA128_S3_455|         array|
|p_ZZN8gdn_bf1617gdn_bf16_top_implEhthhPA128_K7ap_uintILi16EES4_S4_PS2_S5_PA128_S3_455_d0        |  out|   16|   ap_memory|  p_ZZN8gdn_bf1617gdn_bf16_top_implEhthhPA128_K7ap_uintILi16EES4_S4_PS2_S5_PA128_S3_455|         array|
|p_ZZN8gdn_bf1617gdn_bf16_top_implEhthhPA128_K7ap_uintILi16EES4_S4_PS2_S5_PA128_S3_22_address0   |  out|    5|   ap_memory|   p_ZZN8gdn_bf1617gdn_bf16_top_implEhthhPA128_K7ap_uintILi16EES4_S4_PS2_S5_PA128_S3_22|         array|
|p_ZZN8gdn_bf1617gdn_bf16_top_implEhthhPA128_K7ap_uintILi16EES4_S4_PS2_S5_PA128_S3_22_ce0        |  out|    1|   ap_memory|   p_ZZN8gdn_bf1617gdn_bf16_top_implEhthhPA128_K7ap_uintILi16EES4_S4_PS2_S5_PA128_S3_22|         array|
|p_ZZN8gdn_bf1617gdn_bf16_top_implEhthhPA128_K7ap_uintILi16EES4_S4_PS2_S5_PA128_S3_22_we0        |  out|    1|   ap_memory|   p_ZZN8gdn_bf1617gdn_bf16_top_implEhthhPA128_K7ap_uintILi16EES4_S4_PS2_S5_PA128_S3_22|         array|
|p_ZZN8gdn_bf1617gdn_bf16_top_implEhthhPA128_K7ap_uintILi16EES4_S4_PS2_S5_PA128_S3_22_d0         |  out|   32|   ap_memory|   p_ZZN8gdn_bf1617gdn_bf16_top_implEhthhPA128_K7ap_uintILi16EES4_S4_PS2_S5_PA128_S3_22|         array|
|p_ZZN8gdn_bf1617gdn_bf16_top_implEhthhPA128_K7ap_uintILi16EES4_S4_PS2_S5_PA128_S3_456_address0  |  out|    5|   ap_memory|  p_ZZN8gdn_bf1617gdn_bf16_top_implEhthhPA128_K7ap_uintILi16EES4_S4_PS2_S5_PA128_S3_456|         array|
|p_ZZN8gdn_bf1617gdn_bf16_top_implEhthhPA128_K7ap_uintILi16EES4_S4_PS2_S5_PA128_S3_456_ce0       |  out|    1|   ap_memory|  p_ZZN8gdn_bf1617gdn_bf16_top_implEhthhPA128_K7ap_uintILi16EES4_S4_PS2_S5_PA128_S3_456|         array|
|p_ZZN8gdn_bf1617gdn_bf16_top_implEhthhPA128_K7ap_uintILi16EES4_S4_PS2_S5_PA128_S3_456_we0       |  out|    1|   ap_memory|  p_ZZN8gdn_bf1617gdn_bf16_top_implEhthhPA128_K7ap_uintILi16EES4_S4_PS2_S5_PA128_S3_456|         array|
|p_ZZN8gdn_bf1617gdn_bf16_top_implEhthhPA128_K7ap_uintILi16EES4_S4_PS2_S5_PA128_S3_456_d0        |  out|   16|   ap_memory|  p_ZZN8gdn_bf1617gdn_bf16_top_implEhthhPA128_K7ap_uintILi16EES4_S4_PS2_S5_PA128_S3_456|         array|
|p_ZZN8gdn_bf1617gdn_bf16_top_implEhthhPA128_K7ap_uintILi16EES4_S4_PS2_S5_PA128_S3_21_address0   |  out|    5|   ap_memory|   p_ZZN8gdn_bf1617gdn_bf16_top_implEhthhPA128_K7ap_uintILi16EES4_S4_PS2_S5_PA128_S3_21|         array|
|p_ZZN8gdn_bf1617gdn_bf16_top_implEhthhPA128_K7ap_uintILi16EES4_S4_PS2_S5_PA128_S3_21_ce0        |  out|    1|   ap_memory|   p_ZZN8gdn_bf1617gdn_bf16_top_implEhthhPA128_K7ap_uintILi16EES4_S4_PS2_S5_PA128_S3_21|         array|
|p_ZZN8gdn_bf1617gdn_bf16_top_implEhthhPA128_K7ap_uintILi16EES4_S4_PS2_S5_PA128_S3_21_we0        |  out|    1|   ap_memory|   p_ZZN8gdn_bf1617gdn_bf16_top_implEhthhPA128_K7ap_uintILi16EES4_S4_PS2_S5_PA128_S3_21|         array|
|p_ZZN8gdn_bf1617gdn_bf16_top_implEhthhPA128_K7ap_uintILi16EES4_S4_PS2_S5_PA128_S3_21_d0         |  out|   32|   ap_memory|   p_ZZN8gdn_bf1617gdn_bf16_top_implEhthhPA128_K7ap_uintILi16EES4_S4_PS2_S5_PA128_S3_21|         array|
|p_ZZN8gdn_bf1617gdn_bf16_top_implEhthhPA128_K7ap_uintILi16EES4_S4_PS2_S5_PA128_S3_457_address0  |  out|    5|   ap_memory|  p_ZZN8gdn_bf1617gdn_bf16_top_implEhthhPA128_K7ap_uintILi16EES4_S4_PS2_S5_PA128_S3_457|         array|
|p_ZZN8gdn_bf1617gdn_bf16_top_implEhthhPA128_K7ap_uintILi16EES4_S4_PS2_S5_PA128_S3_457_ce0       |  out|    1|   ap_memory|  p_ZZN8gdn_bf1617gdn_bf16_top_implEhthhPA128_K7ap_uintILi16EES4_S4_PS2_S5_PA128_S3_457|         array|
|p_ZZN8gdn_bf1617gdn_bf16_top_implEhthhPA128_K7ap_uintILi16EES4_S4_PS2_S5_PA128_S3_457_we0       |  out|    1|   ap_memory|  p_ZZN8gdn_bf1617gdn_bf16_top_implEhthhPA128_K7ap_uintILi16EES4_S4_PS2_S5_PA128_S3_457|         array|
|p_ZZN8gdn_bf1617gdn_bf16_top_implEhthhPA128_K7ap_uintILi16EES4_S4_PS2_S5_PA128_S3_457_d0        |  out|   16|   ap_memory|  p_ZZN8gdn_bf1617gdn_bf16_top_implEhthhPA128_K7ap_uintILi16EES4_S4_PS2_S5_PA128_S3_457|         array|
|p_ZZN8gdn_bf1617gdn_bf16_top_implEhthhPA128_K7ap_uintILi16EES4_S4_PS2_S5_PA128_S3_20_address0   |  out|    5|   ap_memory|   p_ZZN8gdn_bf1617gdn_bf16_top_implEhthhPA128_K7ap_uintILi16EES4_S4_PS2_S5_PA128_S3_20|         array|
|p_ZZN8gdn_bf1617gdn_bf16_top_implEhthhPA128_K7ap_uintILi16EES4_S4_PS2_S5_PA128_S3_20_ce0        |  out|    1|   ap_memory|   p_ZZN8gdn_bf1617gdn_bf16_top_implEhthhPA128_K7ap_uintILi16EES4_S4_PS2_S5_PA128_S3_20|         array|
|p_ZZN8gdn_bf1617gdn_bf16_top_implEhthhPA128_K7ap_uintILi16EES4_S4_PS2_S5_PA128_S3_20_we0        |  out|    1|   ap_memory|   p_ZZN8gdn_bf1617gdn_bf16_top_implEhthhPA128_K7ap_uintILi16EES4_S4_PS2_S5_PA128_S3_20|         array|
|p_ZZN8gdn_bf1617gdn_bf16_top_implEhthhPA128_K7ap_uintILi16EES4_S4_PS2_S5_PA128_S3_20_d0         |  out|   32|   ap_memory|   p_ZZN8gdn_bf1617gdn_bf16_top_implEhthhPA128_K7ap_uintILi16EES4_S4_PS2_S5_PA128_S3_20|         array|
|p_ZZN8gdn_bf1617gdn_bf16_top_implEhthhPA128_K7ap_uintILi16EES4_S4_PS2_S5_PA128_S3_458_address0  |  out|    5|   ap_memory|  p_ZZN8gdn_bf1617gdn_bf16_top_implEhthhPA128_K7ap_uintILi16EES4_S4_PS2_S5_PA128_S3_458|         array|
|p_ZZN8gdn_bf1617gdn_bf16_top_implEhthhPA128_K7ap_uintILi16EES4_S4_PS2_S5_PA128_S3_458_ce0       |  out|    1|   ap_memory|  p_ZZN8gdn_bf1617gdn_bf16_top_implEhthhPA128_K7ap_uintILi16EES4_S4_PS2_S5_PA128_S3_458|         array|
|p_ZZN8gdn_bf1617gdn_bf16_top_implEhthhPA128_K7ap_uintILi16EES4_S4_PS2_S5_PA128_S3_458_we0       |  out|    1|   ap_memory|  p_ZZN8gdn_bf1617gdn_bf16_top_implEhthhPA128_K7ap_uintILi16EES4_S4_PS2_S5_PA128_S3_458|         array|
|p_ZZN8gdn_bf1617gdn_bf16_top_implEhthhPA128_K7ap_uintILi16EES4_S4_PS2_S5_PA128_S3_458_d0        |  out|   16|   ap_memory|  p_ZZN8gdn_bf1617gdn_bf16_top_implEhthhPA128_K7ap_uintILi16EES4_S4_PS2_S5_PA128_S3_458|         array|
|p_ZZN8gdn_bf1617gdn_bf16_top_implEhthhPA128_K7ap_uintILi16EES4_S4_PS2_S5_PA128_S3_19_address0   |  out|    5|   ap_memory|   p_ZZN8gdn_bf1617gdn_bf16_top_implEhthhPA128_K7ap_uintILi16EES4_S4_PS2_S5_PA128_S3_19|         array|
|p_ZZN8gdn_bf1617gdn_bf16_top_implEhthhPA128_K7ap_uintILi16EES4_S4_PS2_S5_PA128_S3_19_ce0        |  out|    1|   ap_memory|   p_ZZN8gdn_bf1617gdn_bf16_top_implEhthhPA128_K7ap_uintILi16EES4_S4_PS2_S5_PA128_S3_19|         array|
|p_ZZN8gdn_bf1617gdn_bf16_top_implEhthhPA128_K7ap_uintILi16EES4_S4_PS2_S5_PA128_S3_19_we0        |  out|    1|   ap_memory|   p_ZZN8gdn_bf1617gdn_bf16_top_implEhthhPA128_K7ap_uintILi16EES4_S4_PS2_S5_PA128_S3_19|         array|
|p_ZZN8gdn_bf1617gdn_bf16_top_implEhthhPA128_K7ap_uintILi16EES4_S4_PS2_S5_PA128_S3_19_d0         |  out|   32|   ap_memory|   p_ZZN8gdn_bf1617gdn_bf16_top_implEhthhPA128_K7ap_uintILi16EES4_S4_PS2_S5_PA128_S3_19|         array|
|p_ZZN8gdn_bf1617gdn_bf16_top_implEhthhPA128_K7ap_uintILi16EES4_S4_PS2_S5_PA128_S3_459_address0  |  out|    5|   ap_memory|  p_ZZN8gdn_bf1617gdn_bf16_top_implEhthhPA128_K7ap_uintILi16EES4_S4_PS2_S5_PA128_S3_459|         array|
|p_ZZN8gdn_bf1617gdn_bf16_top_implEhthhPA128_K7ap_uintILi16EES4_S4_PS2_S5_PA128_S3_459_ce0       |  out|    1|   ap_memory|  p_ZZN8gdn_bf1617gdn_bf16_top_implEhthhPA128_K7ap_uintILi16EES4_S4_PS2_S5_PA128_S3_459|         array|
|p_ZZN8gdn_bf1617gdn_bf16_top_implEhthhPA128_K7ap_uintILi16EES4_S4_PS2_S5_PA128_S3_459_we0       |  out|    1|   ap_memory|  p_ZZN8gdn_bf1617gdn_bf16_top_implEhthhPA128_K7ap_uintILi16EES4_S4_PS2_S5_PA128_S3_459|         array|
|p_ZZN8gdn_bf1617gdn_bf16_top_implEhthhPA128_K7ap_uintILi16EES4_S4_PS2_S5_PA128_S3_459_d0        |  out|   16|   ap_memory|  p_ZZN8gdn_bf1617gdn_bf16_top_implEhthhPA128_K7ap_uintILi16EES4_S4_PS2_S5_PA128_S3_459|         array|
|p_ZZN8gdn_bf1617gdn_bf16_top_implEhthhPA128_K7ap_uintILi16EES4_S4_PS2_S5_PA128_S3_18_address0   |  out|    5|   ap_memory|   p_ZZN8gdn_bf1617gdn_bf16_top_implEhthhPA128_K7ap_uintILi16EES4_S4_PS2_S5_PA128_S3_18|         array|
|p_ZZN8gdn_bf1617gdn_bf16_top_implEhthhPA128_K7ap_uintILi16EES4_S4_PS2_S5_PA128_S3_18_ce0        |  out|    1|   ap_memory|   p_ZZN8gdn_bf1617gdn_bf16_top_implEhthhPA128_K7ap_uintILi16EES4_S4_PS2_S5_PA128_S3_18|         array|
|p_ZZN8gdn_bf1617gdn_bf16_top_implEhthhPA128_K7ap_uintILi16EES4_S4_PS2_S5_PA128_S3_18_we0        |  out|    1|   ap_memory|   p_ZZN8gdn_bf1617gdn_bf16_top_implEhthhPA128_K7ap_uintILi16EES4_S4_PS2_S5_PA128_S3_18|         array|
|p_ZZN8gdn_bf1617gdn_bf16_top_implEhthhPA128_K7ap_uintILi16EES4_S4_PS2_S5_PA128_S3_18_d0         |  out|   32|   ap_memory|   p_ZZN8gdn_bf1617gdn_bf16_top_implEhthhPA128_K7ap_uintILi16EES4_S4_PS2_S5_PA128_S3_18|         array|
|p_ZZN8gdn_bf1617gdn_bf16_top_implEhthhPA128_K7ap_uintILi16EES4_S4_PS2_S5_PA128_S3_460_address0  |  out|    5|   ap_memory|  p_ZZN8gdn_bf1617gdn_bf16_top_implEhthhPA128_K7ap_uintILi16EES4_S4_PS2_S5_PA128_S3_460|         array|
|p_ZZN8gdn_bf1617gdn_bf16_top_implEhthhPA128_K7ap_uintILi16EES4_S4_PS2_S5_PA128_S3_460_ce0       |  out|    1|   ap_memory|  p_ZZN8gdn_bf1617gdn_bf16_top_implEhthhPA128_K7ap_uintILi16EES4_S4_PS2_S5_PA128_S3_460|         array|
|p_ZZN8gdn_bf1617gdn_bf16_top_implEhthhPA128_K7ap_uintILi16EES4_S4_PS2_S5_PA128_S3_460_we0       |  out|    1|   ap_memory|  p_ZZN8gdn_bf1617gdn_bf16_top_implEhthhPA128_K7ap_uintILi16EES4_S4_PS2_S5_PA128_S3_460|         array|
|p_ZZN8gdn_bf1617gdn_bf16_top_implEhthhPA128_K7ap_uintILi16EES4_S4_PS2_S5_PA128_S3_460_d0        |  out|   16|   ap_memory|  p_ZZN8gdn_bf1617gdn_bf16_top_implEhthhPA128_K7ap_uintILi16EES4_S4_PS2_S5_PA128_S3_460|         array|
|p_ZZN8gdn_bf1617gdn_bf16_top_implEhthhPA128_K7ap_uintILi16EES4_S4_PS2_S5_PA128_S3_17_address0   |  out|    5|   ap_memory|   p_ZZN8gdn_bf1617gdn_bf16_top_implEhthhPA128_K7ap_uintILi16EES4_S4_PS2_S5_PA128_S3_17|         array|
|p_ZZN8gdn_bf1617gdn_bf16_top_implEhthhPA128_K7ap_uintILi16EES4_S4_PS2_S5_PA128_S3_17_ce0        |  out|    1|   ap_memory|   p_ZZN8gdn_bf1617gdn_bf16_top_implEhthhPA128_K7ap_uintILi16EES4_S4_PS2_S5_PA128_S3_17|         array|
|p_ZZN8gdn_bf1617gdn_bf16_top_implEhthhPA128_K7ap_uintILi16EES4_S4_PS2_S5_PA128_S3_17_we0        |  out|    1|   ap_memory|   p_ZZN8gdn_bf1617gdn_bf16_top_implEhthhPA128_K7ap_uintILi16EES4_S4_PS2_S5_PA128_S3_17|         array|
|p_ZZN8gdn_bf1617gdn_bf16_top_implEhthhPA128_K7ap_uintILi16EES4_S4_PS2_S5_PA128_S3_17_d0         |  out|   32|   ap_memory|   p_ZZN8gdn_bf1617gdn_bf16_top_implEhthhPA128_K7ap_uintILi16EES4_S4_PS2_S5_PA128_S3_17|         array|
|p_ZZN8gdn_bf1617gdn_bf16_top_implEhthhPA128_K7ap_uintILi16EES4_S4_PS2_S5_PA128_S3_461_address0  |  out|    5|   ap_memory|  p_ZZN8gdn_bf1617gdn_bf16_top_implEhthhPA128_K7ap_uintILi16EES4_S4_PS2_S5_PA128_S3_461|         array|
|p_ZZN8gdn_bf1617gdn_bf16_top_implEhthhPA128_K7ap_uintILi16EES4_S4_PS2_S5_PA128_S3_461_ce0       |  out|    1|   ap_memory|  p_ZZN8gdn_bf1617gdn_bf16_top_implEhthhPA128_K7ap_uintILi16EES4_S4_PS2_S5_PA128_S3_461|         array|
|p_ZZN8gdn_bf1617gdn_bf16_top_implEhthhPA128_K7ap_uintILi16EES4_S4_PS2_S5_PA128_S3_461_we0       |  out|    1|   ap_memory|  p_ZZN8gdn_bf1617gdn_bf16_top_implEhthhPA128_K7ap_uintILi16EES4_S4_PS2_S5_PA128_S3_461|         array|
|p_ZZN8gdn_bf1617gdn_bf16_top_implEhthhPA128_K7ap_uintILi16EES4_S4_PS2_S5_PA128_S3_461_d0        |  out|   16|   ap_memory|  p_ZZN8gdn_bf1617gdn_bf16_top_implEhthhPA128_K7ap_uintILi16EES4_S4_PS2_S5_PA128_S3_461|         array|
|p_ZZN8gdn_bf1617gdn_bf16_top_implEhthhPA128_K7ap_uintILi16EES4_S4_PS2_S5_PA128_S3_16_address0   |  out|    5|   ap_memory|   p_ZZN8gdn_bf1617gdn_bf16_top_implEhthhPA128_K7ap_uintILi16EES4_S4_PS2_S5_PA128_S3_16|         array|
|p_ZZN8gdn_bf1617gdn_bf16_top_implEhthhPA128_K7ap_uintILi16EES4_S4_PS2_S5_PA128_S3_16_ce0        |  out|    1|   ap_memory|   p_ZZN8gdn_bf1617gdn_bf16_top_implEhthhPA128_K7ap_uintILi16EES4_S4_PS2_S5_PA128_S3_16|         array|
|p_ZZN8gdn_bf1617gdn_bf16_top_implEhthhPA128_K7ap_uintILi16EES4_S4_PS2_S5_PA128_S3_16_we0        |  out|    1|   ap_memory|   p_ZZN8gdn_bf1617gdn_bf16_top_implEhthhPA128_K7ap_uintILi16EES4_S4_PS2_S5_PA128_S3_16|         array|
|p_ZZN8gdn_bf1617gdn_bf16_top_implEhthhPA128_K7ap_uintILi16EES4_S4_PS2_S5_PA128_S3_16_d0         |  out|   32|   ap_memory|   p_ZZN8gdn_bf1617gdn_bf16_top_implEhthhPA128_K7ap_uintILi16EES4_S4_PS2_S5_PA128_S3_16|         array|
|p_ZZN8gdn_bf1617gdn_bf16_top_implEhthhPA128_K7ap_uintILi16EES4_S4_PS2_S5_PA128_S3_462_address0  |  out|    5|   ap_memory|  p_ZZN8gdn_bf1617gdn_bf16_top_implEhthhPA128_K7ap_uintILi16EES4_S4_PS2_S5_PA128_S3_462|         array|
|p_ZZN8gdn_bf1617gdn_bf16_top_implEhthhPA128_K7ap_uintILi16EES4_S4_PS2_S5_PA128_S3_462_ce0       |  out|    1|   ap_memory|  p_ZZN8gdn_bf1617gdn_bf16_top_implEhthhPA128_K7ap_uintILi16EES4_S4_PS2_S5_PA128_S3_462|         array|
|p_ZZN8gdn_bf1617gdn_bf16_top_implEhthhPA128_K7ap_uintILi16EES4_S4_PS2_S5_PA128_S3_462_we0       |  out|    1|   ap_memory|  p_ZZN8gdn_bf1617gdn_bf16_top_implEhthhPA128_K7ap_uintILi16EES4_S4_PS2_S5_PA128_S3_462|         array|
|p_ZZN8gdn_bf1617gdn_bf16_top_implEhthhPA128_K7ap_uintILi16EES4_S4_PS2_S5_PA128_S3_462_d0        |  out|   16|   ap_memory|  p_ZZN8gdn_bf1617gdn_bf16_top_implEhthhPA128_K7ap_uintILi16EES4_S4_PS2_S5_PA128_S3_462|         array|
|p_ZZN8gdn_bf1617gdn_bf16_top_implEhthhPA128_K7ap_uintILi16EES4_S4_PS2_S5_PA128_S3_15_address0   |  out|    5|   ap_memory|   p_ZZN8gdn_bf1617gdn_bf16_top_implEhthhPA128_K7ap_uintILi16EES4_S4_PS2_S5_PA128_S3_15|         array|
|p_ZZN8gdn_bf1617gdn_bf16_top_implEhthhPA128_K7ap_uintILi16EES4_S4_PS2_S5_PA128_S3_15_ce0        |  out|    1|   ap_memory|   p_ZZN8gdn_bf1617gdn_bf16_top_implEhthhPA128_K7ap_uintILi16EES4_S4_PS2_S5_PA128_S3_15|         array|
|p_ZZN8gdn_bf1617gdn_bf16_top_implEhthhPA128_K7ap_uintILi16EES4_S4_PS2_S5_PA128_S3_15_we0        |  out|    1|   ap_memory|   p_ZZN8gdn_bf1617gdn_bf16_top_implEhthhPA128_K7ap_uintILi16EES4_S4_PS2_S5_PA128_S3_15|         array|
|p_ZZN8gdn_bf1617gdn_bf16_top_implEhthhPA128_K7ap_uintILi16EES4_S4_PS2_S5_PA128_S3_15_d0         |  out|   32|   ap_memory|   p_ZZN8gdn_bf1617gdn_bf16_top_implEhthhPA128_K7ap_uintILi16EES4_S4_PS2_S5_PA128_S3_15|         array|
|p_ZZN8gdn_bf1617gdn_bf16_top_implEhthhPA128_K7ap_uintILi16EES4_S4_PS2_S5_PA128_S3_463_address0  |  out|    5|   ap_memory|  p_ZZN8gdn_bf1617gdn_bf16_top_implEhthhPA128_K7ap_uintILi16EES4_S4_PS2_S5_PA128_S3_463|         array|
|p_ZZN8gdn_bf1617gdn_bf16_top_implEhthhPA128_K7ap_uintILi16EES4_S4_PS2_S5_PA128_S3_463_ce0       |  out|    1|   ap_memory|  p_ZZN8gdn_bf1617gdn_bf16_top_implEhthhPA128_K7ap_uintILi16EES4_S4_PS2_S5_PA128_S3_463|         array|
|p_ZZN8gdn_bf1617gdn_bf16_top_implEhthhPA128_K7ap_uintILi16EES4_S4_PS2_S5_PA128_S3_463_we0       |  out|    1|   ap_memory|  p_ZZN8gdn_bf1617gdn_bf16_top_implEhthhPA128_K7ap_uintILi16EES4_S4_PS2_S5_PA128_S3_463|         array|
|p_ZZN8gdn_bf1617gdn_bf16_top_implEhthhPA128_K7ap_uintILi16EES4_S4_PS2_S5_PA128_S3_463_d0        |  out|   16|   ap_memory|  p_ZZN8gdn_bf1617gdn_bf16_top_implEhthhPA128_K7ap_uintILi16EES4_S4_PS2_S5_PA128_S3_463|         array|
|p_ZZN8gdn_bf1617gdn_bf16_top_implEhthhPA128_K7ap_uintILi16EES4_S4_PS2_S5_PA128_S3_14_address0   |  out|    5|   ap_memory|   p_ZZN8gdn_bf1617gdn_bf16_top_implEhthhPA128_K7ap_uintILi16EES4_S4_PS2_S5_PA128_S3_14|         array|
|p_ZZN8gdn_bf1617gdn_bf16_top_implEhthhPA128_K7ap_uintILi16EES4_S4_PS2_S5_PA128_S3_14_ce0        |  out|    1|   ap_memory|   p_ZZN8gdn_bf1617gdn_bf16_top_implEhthhPA128_K7ap_uintILi16EES4_S4_PS2_S5_PA128_S3_14|         array|
|p_ZZN8gdn_bf1617gdn_bf16_top_implEhthhPA128_K7ap_uintILi16EES4_S4_PS2_S5_PA128_S3_14_we0        |  out|    1|   ap_memory|   p_ZZN8gdn_bf1617gdn_bf16_top_implEhthhPA128_K7ap_uintILi16EES4_S4_PS2_S5_PA128_S3_14|         array|
|p_ZZN8gdn_bf1617gdn_bf16_top_implEhthhPA128_K7ap_uintILi16EES4_S4_PS2_S5_PA128_S3_14_d0         |  out|   32|   ap_memory|   p_ZZN8gdn_bf1617gdn_bf16_top_implEhthhPA128_K7ap_uintILi16EES4_S4_PS2_S5_PA128_S3_14|         array|
|p_ZZN8gdn_bf1617gdn_bf16_top_implEhthhPA128_K7ap_uintILi16EES4_S4_PS2_S5_PA128_S3_464_address0  |  out|    5|   ap_memory|  p_ZZN8gdn_bf1617gdn_bf16_top_implEhthhPA128_K7ap_uintILi16EES4_S4_PS2_S5_PA128_S3_464|         array|
|p_ZZN8gdn_bf1617gdn_bf16_top_implEhthhPA128_K7ap_uintILi16EES4_S4_PS2_S5_PA128_S3_464_ce0       |  out|    1|   ap_memory|  p_ZZN8gdn_bf1617gdn_bf16_top_implEhthhPA128_K7ap_uintILi16EES4_S4_PS2_S5_PA128_S3_464|         array|
|p_ZZN8gdn_bf1617gdn_bf16_top_implEhthhPA128_K7ap_uintILi16EES4_S4_PS2_S5_PA128_S3_464_we0       |  out|    1|   ap_memory|  p_ZZN8gdn_bf1617gdn_bf16_top_implEhthhPA128_K7ap_uintILi16EES4_S4_PS2_S5_PA128_S3_464|         array|
|p_ZZN8gdn_bf1617gdn_bf16_top_implEhthhPA128_K7ap_uintILi16EES4_S4_PS2_S5_PA128_S3_464_d0        |  out|   16|   ap_memory|  p_ZZN8gdn_bf1617gdn_bf16_top_implEhthhPA128_K7ap_uintILi16EES4_S4_PS2_S5_PA128_S3_464|         array|
|p_ZZN8gdn_bf1617gdn_bf16_top_implEhthhPA128_K7ap_uintILi16EES4_S4_PS2_S5_PA128_S3_13_address0   |  out|    5|   ap_memory|   p_ZZN8gdn_bf1617gdn_bf16_top_implEhthhPA128_K7ap_uintILi16EES4_S4_PS2_S5_PA128_S3_13|         array|
|p_ZZN8gdn_bf1617gdn_bf16_top_implEhthhPA128_K7ap_uintILi16EES4_S4_PS2_S5_PA128_S3_13_ce0        |  out|    1|   ap_memory|   p_ZZN8gdn_bf1617gdn_bf16_top_implEhthhPA128_K7ap_uintILi16EES4_S4_PS2_S5_PA128_S3_13|         array|
|p_ZZN8gdn_bf1617gdn_bf16_top_implEhthhPA128_K7ap_uintILi16EES4_S4_PS2_S5_PA128_S3_13_we0        |  out|    1|   ap_memory|   p_ZZN8gdn_bf1617gdn_bf16_top_implEhthhPA128_K7ap_uintILi16EES4_S4_PS2_S5_PA128_S3_13|         array|
|p_ZZN8gdn_bf1617gdn_bf16_top_implEhthhPA128_K7ap_uintILi16EES4_S4_PS2_S5_PA128_S3_13_d0         |  out|   32|   ap_memory|   p_ZZN8gdn_bf1617gdn_bf16_top_implEhthhPA128_K7ap_uintILi16EES4_S4_PS2_S5_PA128_S3_13|         array|
|p_ZZN8gdn_bf1617gdn_bf16_top_implEhthhPA128_K7ap_uintILi16EES4_S4_PS2_S5_PA128_S3_465_address0  |  out|    5|   ap_memory|  p_ZZN8gdn_bf1617gdn_bf16_top_implEhthhPA128_K7ap_uintILi16EES4_S4_PS2_S5_PA128_S3_465|         array|
|p_ZZN8gdn_bf1617gdn_bf16_top_implEhthhPA128_K7ap_uintILi16EES4_S4_PS2_S5_PA128_S3_465_ce0       |  out|    1|   ap_memory|  p_ZZN8gdn_bf1617gdn_bf16_top_implEhthhPA128_K7ap_uintILi16EES4_S4_PS2_S5_PA128_S3_465|         array|
|p_ZZN8gdn_bf1617gdn_bf16_top_implEhthhPA128_K7ap_uintILi16EES4_S4_PS2_S5_PA128_S3_465_we0       |  out|    1|   ap_memory|  p_ZZN8gdn_bf1617gdn_bf16_top_implEhthhPA128_K7ap_uintILi16EES4_S4_PS2_S5_PA128_S3_465|         array|
|p_ZZN8gdn_bf1617gdn_bf16_top_implEhthhPA128_K7ap_uintILi16EES4_S4_PS2_S5_PA128_S3_465_d0        |  out|   16|   ap_memory|  p_ZZN8gdn_bf1617gdn_bf16_top_implEhthhPA128_K7ap_uintILi16EES4_S4_PS2_S5_PA128_S3_465|         array|
|p_ZZN8gdn_bf1617gdn_bf16_top_implEhthhPA128_K7ap_uintILi16EES4_S4_PS2_S5_PA128_S3_12_address0   |  out|    5|   ap_memory|   p_ZZN8gdn_bf1617gdn_bf16_top_implEhthhPA128_K7ap_uintILi16EES4_S4_PS2_S5_PA128_S3_12|         array|
|p_ZZN8gdn_bf1617gdn_bf16_top_implEhthhPA128_K7ap_uintILi16EES4_S4_PS2_S5_PA128_S3_12_ce0        |  out|    1|   ap_memory|   p_ZZN8gdn_bf1617gdn_bf16_top_implEhthhPA128_K7ap_uintILi16EES4_S4_PS2_S5_PA128_S3_12|         array|
|p_ZZN8gdn_bf1617gdn_bf16_top_implEhthhPA128_K7ap_uintILi16EES4_S4_PS2_S5_PA128_S3_12_we0        |  out|    1|   ap_memory|   p_ZZN8gdn_bf1617gdn_bf16_top_implEhthhPA128_K7ap_uintILi16EES4_S4_PS2_S5_PA128_S3_12|         array|
|p_ZZN8gdn_bf1617gdn_bf16_top_implEhthhPA128_K7ap_uintILi16EES4_S4_PS2_S5_PA128_S3_12_d0         |  out|   32|   ap_memory|   p_ZZN8gdn_bf1617gdn_bf16_top_implEhthhPA128_K7ap_uintILi16EES4_S4_PS2_S5_PA128_S3_12|         array|
|p_ZZN8gdn_bf1617gdn_bf16_top_implEhthhPA128_K7ap_uintILi16EES4_S4_PS2_S5_PA128_S3_466_address0  |  out|    5|   ap_memory|  p_ZZN8gdn_bf1617gdn_bf16_top_implEhthhPA128_K7ap_uintILi16EES4_S4_PS2_S5_PA128_S3_466|         array|
|p_ZZN8gdn_bf1617gdn_bf16_top_implEhthhPA128_K7ap_uintILi16EES4_S4_PS2_S5_PA128_S3_466_ce0       |  out|    1|   ap_memory|  p_ZZN8gdn_bf1617gdn_bf16_top_implEhthhPA128_K7ap_uintILi16EES4_S4_PS2_S5_PA128_S3_466|         array|
|p_ZZN8gdn_bf1617gdn_bf16_top_implEhthhPA128_K7ap_uintILi16EES4_S4_PS2_S5_PA128_S3_466_we0       |  out|    1|   ap_memory|  p_ZZN8gdn_bf1617gdn_bf16_top_implEhthhPA128_K7ap_uintILi16EES4_S4_PS2_S5_PA128_S3_466|         array|
|p_ZZN8gdn_bf1617gdn_bf16_top_implEhthhPA128_K7ap_uintILi16EES4_S4_PS2_S5_PA128_S3_466_d0        |  out|   16|   ap_memory|  p_ZZN8gdn_bf1617gdn_bf16_top_implEhthhPA128_K7ap_uintILi16EES4_S4_PS2_S5_PA128_S3_466|         array|
|p_ZZN8gdn_bf1617gdn_bf16_top_implEhthhPA128_K7ap_uintILi16EES4_S4_PS2_S5_PA128_S3_11_address0   |  out|    5|   ap_memory|   p_ZZN8gdn_bf1617gdn_bf16_top_implEhthhPA128_K7ap_uintILi16EES4_S4_PS2_S5_PA128_S3_11|         array|
|p_ZZN8gdn_bf1617gdn_bf16_top_implEhthhPA128_K7ap_uintILi16EES4_S4_PS2_S5_PA128_S3_11_ce0        |  out|    1|   ap_memory|   p_ZZN8gdn_bf1617gdn_bf16_top_implEhthhPA128_K7ap_uintILi16EES4_S4_PS2_S5_PA128_S3_11|         array|
|p_ZZN8gdn_bf1617gdn_bf16_top_implEhthhPA128_K7ap_uintILi16EES4_S4_PS2_S5_PA128_S3_11_we0        |  out|    1|   ap_memory|   p_ZZN8gdn_bf1617gdn_bf16_top_implEhthhPA128_K7ap_uintILi16EES4_S4_PS2_S5_PA128_S3_11|         array|
|p_ZZN8gdn_bf1617gdn_bf16_top_implEhthhPA128_K7ap_uintILi16EES4_S4_PS2_S5_PA128_S3_11_d0         |  out|   32|   ap_memory|   p_ZZN8gdn_bf1617gdn_bf16_top_implEhthhPA128_K7ap_uintILi16EES4_S4_PS2_S5_PA128_S3_11|         array|
|p_ZZN8gdn_bf1617gdn_bf16_top_implEhthhPA128_K7ap_uintILi16EES4_S4_PS2_S5_PA128_S3_467_address0  |  out|    5|   ap_memory|  p_ZZN8gdn_bf1617gdn_bf16_top_implEhthhPA128_K7ap_uintILi16EES4_S4_PS2_S5_PA128_S3_467|         array|
|p_ZZN8gdn_bf1617gdn_bf16_top_implEhthhPA128_K7ap_uintILi16EES4_S4_PS2_S5_PA128_S3_467_ce0       |  out|    1|   ap_memory|  p_ZZN8gdn_bf1617gdn_bf16_top_implEhthhPA128_K7ap_uintILi16EES4_S4_PS2_S5_PA128_S3_467|         array|
|p_ZZN8gdn_bf1617gdn_bf16_top_implEhthhPA128_K7ap_uintILi16EES4_S4_PS2_S5_PA128_S3_467_we0       |  out|    1|   ap_memory|  p_ZZN8gdn_bf1617gdn_bf16_top_implEhthhPA128_K7ap_uintILi16EES4_S4_PS2_S5_PA128_S3_467|         array|
|p_ZZN8gdn_bf1617gdn_bf16_top_implEhthhPA128_K7ap_uintILi16EES4_S4_PS2_S5_PA128_S3_467_d0        |  out|   16|   ap_memory|  p_ZZN8gdn_bf1617gdn_bf16_top_implEhthhPA128_K7ap_uintILi16EES4_S4_PS2_S5_PA128_S3_467|         array|
|p_ZZN8gdn_bf1617gdn_bf16_top_implEhthhPA128_K7ap_uintILi16EES4_S4_PS2_S5_PA128_S3_10_address0   |  out|    5|   ap_memory|   p_ZZN8gdn_bf1617gdn_bf16_top_implEhthhPA128_K7ap_uintILi16EES4_S4_PS2_S5_PA128_S3_10|         array|
|p_ZZN8gdn_bf1617gdn_bf16_top_implEhthhPA128_K7ap_uintILi16EES4_S4_PS2_S5_PA128_S3_10_ce0        |  out|    1|   ap_memory|   p_ZZN8gdn_bf1617gdn_bf16_top_implEhthhPA128_K7ap_uintILi16EES4_S4_PS2_S5_PA128_S3_10|         array|
|p_ZZN8gdn_bf1617gdn_bf16_top_implEhthhPA128_K7ap_uintILi16EES4_S4_PS2_S5_PA128_S3_10_we0        |  out|    1|   ap_memory|   p_ZZN8gdn_bf1617gdn_bf16_top_implEhthhPA128_K7ap_uintILi16EES4_S4_PS2_S5_PA128_S3_10|         array|
|p_ZZN8gdn_bf1617gdn_bf16_top_implEhthhPA128_K7ap_uintILi16EES4_S4_PS2_S5_PA128_S3_10_d0         |  out|   32|   ap_memory|   p_ZZN8gdn_bf1617gdn_bf16_top_implEhthhPA128_K7ap_uintILi16EES4_S4_PS2_S5_PA128_S3_10|         array|
|p_ZZN8gdn_bf1617gdn_bf16_top_implEhthhPA128_K7ap_uintILi16EES4_S4_PS2_S5_PA128_S3_468_address0  |  out|    5|   ap_memory|  p_ZZN8gdn_bf1617gdn_bf16_top_implEhthhPA128_K7ap_uintILi16EES4_S4_PS2_S5_PA128_S3_468|         array|
|p_ZZN8gdn_bf1617gdn_bf16_top_implEhthhPA128_K7ap_uintILi16EES4_S4_PS2_S5_PA128_S3_468_ce0       |  out|    1|   ap_memory|  p_ZZN8gdn_bf1617gdn_bf16_top_implEhthhPA128_K7ap_uintILi16EES4_S4_PS2_S5_PA128_S3_468|         array|
|p_ZZN8gdn_bf1617gdn_bf16_top_implEhthhPA128_K7ap_uintILi16EES4_S4_PS2_S5_PA128_S3_468_we0       |  out|    1|   ap_memory|  p_ZZN8gdn_bf1617gdn_bf16_top_implEhthhPA128_K7ap_uintILi16EES4_S4_PS2_S5_PA128_S3_468|         array|
|p_ZZN8gdn_bf1617gdn_bf16_top_implEhthhPA128_K7ap_uintILi16EES4_S4_PS2_S5_PA128_S3_468_d0        |  out|   16|   ap_memory|  p_ZZN8gdn_bf1617gdn_bf16_top_implEhthhPA128_K7ap_uintILi16EES4_S4_PS2_S5_PA128_S3_468|         array|
|p_ZZN8gdn_bf1617gdn_bf16_top_implEhthhPA128_K7ap_uintILi16EES4_S4_PS2_S5_PA128_S3_9_address0    |  out|    5|   ap_memory|    p_ZZN8gdn_bf1617gdn_bf16_top_implEhthhPA128_K7ap_uintILi16EES4_S4_PS2_S5_PA128_S3_9|         array|
|p_ZZN8gdn_bf1617gdn_bf16_top_implEhthhPA128_K7ap_uintILi16EES4_S4_PS2_S5_PA128_S3_9_ce0         |  out|    1|   ap_memory|    p_ZZN8gdn_bf1617gdn_bf16_top_implEhthhPA128_K7ap_uintILi16EES4_S4_PS2_S5_PA128_S3_9|         array|
|p_ZZN8gdn_bf1617gdn_bf16_top_implEhthhPA128_K7ap_uintILi16EES4_S4_PS2_S5_PA128_S3_9_we0         |  out|    1|   ap_memory|    p_ZZN8gdn_bf1617gdn_bf16_top_implEhthhPA128_K7ap_uintILi16EES4_S4_PS2_S5_PA128_S3_9|         array|
|p_ZZN8gdn_bf1617gdn_bf16_top_implEhthhPA128_K7ap_uintILi16EES4_S4_PS2_S5_PA128_S3_9_d0          |  out|   32|   ap_memory|    p_ZZN8gdn_bf1617gdn_bf16_top_implEhthhPA128_K7ap_uintILi16EES4_S4_PS2_S5_PA128_S3_9|         array|
|p_ZZN8gdn_bf1617gdn_bf16_top_implEhthhPA128_K7ap_uintILi16EES4_S4_PS2_S5_PA128_S3_469_address0  |  out|    5|   ap_memory|  p_ZZN8gdn_bf1617gdn_bf16_top_implEhthhPA128_K7ap_uintILi16EES4_S4_PS2_S5_PA128_S3_469|         array|
|p_ZZN8gdn_bf1617gdn_bf16_top_implEhthhPA128_K7ap_uintILi16EES4_S4_PS2_S5_PA128_S3_469_ce0       |  out|    1|   ap_memory|  p_ZZN8gdn_bf1617gdn_bf16_top_implEhthhPA128_K7ap_uintILi16EES4_S4_PS2_S5_PA128_S3_469|         array|
|p_ZZN8gdn_bf1617gdn_bf16_top_implEhthhPA128_K7ap_uintILi16EES4_S4_PS2_S5_PA128_S3_469_we0       |  out|    1|   ap_memory|  p_ZZN8gdn_bf1617gdn_bf16_top_implEhthhPA128_K7ap_uintILi16EES4_S4_PS2_S5_PA128_S3_469|         array|
|p_ZZN8gdn_bf1617gdn_bf16_top_implEhthhPA128_K7ap_uintILi16EES4_S4_PS2_S5_PA128_S3_469_d0        |  out|   16|   ap_memory|  p_ZZN8gdn_bf1617gdn_bf16_top_implEhthhPA128_K7ap_uintILi16EES4_S4_PS2_S5_PA128_S3_469|         array|
|p_ZZN8gdn_bf1617gdn_bf16_top_implEhthhPA128_K7ap_uintILi16EES4_S4_PS2_S5_PA128_S3_8_address0    |  out|    5|   ap_memory|    p_ZZN8gdn_bf1617gdn_bf16_top_implEhthhPA128_K7ap_uintILi16EES4_S4_PS2_S5_PA128_S3_8|         array|
|p_ZZN8gdn_bf1617gdn_bf16_top_implEhthhPA128_K7ap_uintILi16EES4_S4_PS2_S5_PA128_S3_8_ce0         |  out|    1|   ap_memory|    p_ZZN8gdn_bf1617gdn_bf16_top_implEhthhPA128_K7ap_uintILi16EES4_S4_PS2_S5_PA128_S3_8|         array|
|p_ZZN8gdn_bf1617gdn_bf16_top_implEhthhPA128_K7ap_uintILi16EES4_S4_PS2_S5_PA128_S3_8_we0         |  out|    1|   ap_memory|    p_ZZN8gdn_bf1617gdn_bf16_top_implEhthhPA128_K7ap_uintILi16EES4_S4_PS2_S5_PA128_S3_8|         array|
|p_ZZN8gdn_bf1617gdn_bf16_top_implEhthhPA128_K7ap_uintILi16EES4_S4_PS2_S5_PA128_S3_8_d0          |  out|   32|   ap_memory|    p_ZZN8gdn_bf1617gdn_bf16_top_implEhthhPA128_K7ap_uintILi16EES4_S4_PS2_S5_PA128_S3_8|         array|
|p_ZZN8gdn_bf1617gdn_bf16_top_implEhthhPA128_K7ap_uintILi16EES4_S4_PS2_S5_PA128_S3_470_address0  |  out|    5|   ap_memory|  p_ZZN8gdn_bf1617gdn_bf16_top_implEhthhPA128_K7ap_uintILi16EES4_S4_PS2_S5_PA128_S3_470|         array|
|p_ZZN8gdn_bf1617gdn_bf16_top_implEhthhPA128_K7ap_uintILi16EES4_S4_PS2_S5_PA128_S3_470_ce0       |  out|    1|   ap_memory|  p_ZZN8gdn_bf1617gdn_bf16_top_implEhthhPA128_K7ap_uintILi16EES4_S4_PS2_S5_PA128_S3_470|         array|
|p_ZZN8gdn_bf1617gdn_bf16_top_implEhthhPA128_K7ap_uintILi16EES4_S4_PS2_S5_PA128_S3_470_we0       |  out|    1|   ap_memory|  p_ZZN8gdn_bf1617gdn_bf16_top_implEhthhPA128_K7ap_uintILi16EES4_S4_PS2_S5_PA128_S3_470|         array|
|p_ZZN8gdn_bf1617gdn_bf16_top_implEhthhPA128_K7ap_uintILi16EES4_S4_PS2_S5_PA128_S3_470_d0        |  out|   16|   ap_memory|  p_ZZN8gdn_bf1617gdn_bf16_top_implEhthhPA128_K7ap_uintILi16EES4_S4_PS2_S5_PA128_S3_470|         array|
|p_ZZN8gdn_bf1617gdn_bf16_top_implEhthhPA128_K7ap_uintILi16EES4_S4_PS2_S5_PA128_S3_7_address0    |  out|    5|   ap_memory|    p_ZZN8gdn_bf1617gdn_bf16_top_implEhthhPA128_K7ap_uintILi16EES4_S4_PS2_S5_PA128_S3_7|         array|
|p_ZZN8gdn_bf1617gdn_bf16_top_implEhthhPA128_K7ap_uintILi16EES4_S4_PS2_S5_PA128_S3_7_ce0         |  out|    1|   ap_memory|    p_ZZN8gdn_bf1617gdn_bf16_top_implEhthhPA128_K7ap_uintILi16EES4_S4_PS2_S5_PA128_S3_7|         array|
|p_ZZN8gdn_bf1617gdn_bf16_top_implEhthhPA128_K7ap_uintILi16EES4_S4_PS2_S5_PA128_S3_7_we0         |  out|    1|   ap_memory|    p_ZZN8gdn_bf1617gdn_bf16_top_implEhthhPA128_K7ap_uintILi16EES4_S4_PS2_S5_PA128_S3_7|         array|
|p_ZZN8gdn_bf1617gdn_bf16_top_implEhthhPA128_K7ap_uintILi16EES4_S4_PS2_S5_PA128_S3_7_d0          |  out|   32|   ap_memory|    p_ZZN8gdn_bf1617gdn_bf16_top_implEhthhPA128_K7ap_uintILi16EES4_S4_PS2_S5_PA128_S3_7|         array|
|p_ZZN8gdn_bf1617gdn_bf16_top_implEhthhPA128_K7ap_uintILi16EES4_S4_PS2_S5_PA128_S3_471_address0  |  out|    5|   ap_memory|  p_ZZN8gdn_bf1617gdn_bf16_top_implEhthhPA128_K7ap_uintILi16EES4_S4_PS2_S5_PA128_S3_471|         array|
|p_ZZN8gdn_bf1617gdn_bf16_top_implEhthhPA128_K7ap_uintILi16EES4_S4_PS2_S5_PA128_S3_471_ce0       |  out|    1|   ap_memory|  p_ZZN8gdn_bf1617gdn_bf16_top_implEhthhPA128_K7ap_uintILi16EES4_S4_PS2_S5_PA128_S3_471|         array|
|p_ZZN8gdn_bf1617gdn_bf16_top_implEhthhPA128_K7ap_uintILi16EES4_S4_PS2_S5_PA128_S3_471_we0       |  out|    1|   ap_memory|  p_ZZN8gdn_bf1617gdn_bf16_top_implEhthhPA128_K7ap_uintILi16EES4_S4_PS2_S5_PA128_S3_471|         array|
|p_ZZN8gdn_bf1617gdn_bf16_top_implEhthhPA128_K7ap_uintILi16EES4_S4_PS2_S5_PA128_S3_471_d0        |  out|   16|   ap_memory|  p_ZZN8gdn_bf1617gdn_bf16_top_implEhthhPA128_K7ap_uintILi16EES4_S4_PS2_S5_PA128_S3_471|         array|
|p_ZZN8gdn_bf1617gdn_bf16_top_implEhthhPA128_K7ap_uintILi16EES4_S4_PS2_S5_PA128_S3_6_address0    |  out|    5|   ap_memory|    p_ZZN8gdn_bf1617gdn_bf16_top_implEhthhPA128_K7ap_uintILi16EES4_S4_PS2_S5_PA128_S3_6|         array|
|p_ZZN8gdn_bf1617gdn_bf16_top_implEhthhPA128_K7ap_uintILi16EES4_S4_PS2_S5_PA128_S3_6_ce0         |  out|    1|   ap_memory|    p_ZZN8gdn_bf1617gdn_bf16_top_implEhthhPA128_K7ap_uintILi16EES4_S4_PS2_S5_PA128_S3_6|         array|
|p_ZZN8gdn_bf1617gdn_bf16_top_implEhthhPA128_K7ap_uintILi16EES4_S4_PS2_S5_PA128_S3_6_we0         |  out|    1|   ap_memory|    p_ZZN8gdn_bf1617gdn_bf16_top_implEhthhPA128_K7ap_uintILi16EES4_S4_PS2_S5_PA128_S3_6|         array|
|p_ZZN8gdn_bf1617gdn_bf16_top_implEhthhPA128_K7ap_uintILi16EES4_S4_PS2_S5_PA128_S3_6_d0          |  out|   32|   ap_memory|    p_ZZN8gdn_bf1617gdn_bf16_top_implEhthhPA128_K7ap_uintILi16EES4_S4_PS2_S5_PA128_S3_6|         array|
|p_ZZN8gdn_bf1617gdn_bf16_top_implEhthhPA128_K7ap_uintILi16EES4_S4_PS2_S5_PA128_S3_472_address0  |  out|    5|   ap_memory|  p_ZZN8gdn_bf1617gdn_bf16_top_implEhthhPA128_K7ap_uintILi16EES4_S4_PS2_S5_PA128_S3_472|         array|
|p_ZZN8gdn_bf1617gdn_bf16_top_implEhthhPA128_K7ap_uintILi16EES4_S4_PS2_S5_PA128_S3_472_ce0       |  out|    1|   ap_memory|  p_ZZN8gdn_bf1617gdn_bf16_top_implEhthhPA128_K7ap_uintILi16EES4_S4_PS2_S5_PA128_S3_472|         array|
|p_ZZN8gdn_bf1617gdn_bf16_top_implEhthhPA128_K7ap_uintILi16EES4_S4_PS2_S5_PA128_S3_472_we0       |  out|    1|   ap_memory|  p_ZZN8gdn_bf1617gdn_bf16_top_implEhthhPA128_K7ap_uintILi16EES4_S4_PS2_S5_PA128_S3_472|         array|
|p_ZZN8gdn_bf1617gdn_bf16_top_implEhthhPA128_K7ap_uintILi16EES4_S4_PS2_S5_PA128_S3_472_d0        |  out|   16|   ap_memory|  p_ZZN8gdn_bf1617gdn_bf16_top_implEhthhPA128_K7ap_uintILi16EES4_S4_PS2_S5_PA128_S3_472|         array|
|p_ZZN8gdn_bf1617gdn_bf16_top_implEhthhPA128_K7ap_uintILi16EES4_S4_PS2_S5_PA128_S3_5_address0    |  out|    5|   ap_memory|    p_ZZN8gdn_bf1617gdn_bf16_top_implEhthhPA128_K7ap_uintILi16EES4_S4_PS2_S5_PA128_S3_5|         array|
|p_ZZN8gdn_bf1617gdn_bf16_top_implEhthhPA128_K7ap_uintILi16EES4_S4_PS2_S5_PA128_S3_5_ce0         |  out|    1|   ap_memory|    p_ZZN8gdn_bf1617gdn_bf16_top_implEhthhPA128_K7ap_uintILi16EES4_S4_PS2_S5_PA128_S3_5|         array|
|p_ZZN8gdn_bf1617gdn_bf16_top_implEhthhPA128_K7ap_uintILi16EES4_S4_PS2_S5_PA128_S3_5_we0         |  out|    1|   ap_memory|    p_ZZN8gdn_bf1617gdn_bf16_top_implEhthhPA128_K7ap_uintILi16EES4_S4_PS2_S5_PA128_S3_5|         array|
|p_ZZN8gdn_bf1617gdn_bf16_top_implEhthhPA128_K7ap_uintILi16EES4_S4_PS2_S5_PA128_S3_5_d0          |  out|   32|   ap_memory|    p_ZZN8gdn_bf1617gdn_bf16_top_implEhthhPA128_K7ap_uintILi16EES4_S4_PS2_S5_PA128_S3_5|         array|
|p_ZZN8gdn_bf1617gdn_bf16_top_implEhthhPA128_K7ap_uintILi16EES4_S4_PS2_S5_PA128_S3_473_address0  |  out|    5|   ap_memory|  p_ZZN8gdn_bf1617gdn_bf16_top_implEhthhPA128_K7ap_uintILi16EES4_S4_PS2_S5_PA128_S3_473|         array|
|p_ZZN8gdn_bf1617gdn_bf16_top_implEhthhPA128_K7ap_uintILi16EES4_S4_PS2_S5_PA128_S3_473_ce0       |  out|    1|   ap_memory|  p_ZZN8gdn_bf1617gdn_bf16_top_implEhthhPA128_K7ap_uintILi16EES4_S4_PS2_S5_PA128_S3_473|         array|
|p_ZZN8gdn_bf1617gdn_bf16_top_implEhthhPA128_K7ap_uintILi16EES4_S4_PS2_S5_PA128_S3_473_we0       |  out|    1|   ap_memory|  p_ZZN8gdn_bf1617gdn_bf16_top_implEhthhPA128_K7ap_uintILi16EES4_S4_PS2_S5_PA128_S3_473|         array|
|p_ZZN8gdn_bf1617gdn_bf16_top_implEhthhPA128_K7ap_uintILi16EES4_S4_PS2_S5_PA128_S3_473_d0        |  out|   16|   ap_memory|  p_ZZN8gdn_bf1617gdn_bf16_top_implEhthhPA128_K7ap_uintILi16EES4_S4_PS2_S5_PA128_S3_473|         array|
|p_ZZN8gdn_bf1617gdn_bf16_top_implEhthhPA128_K7ap_uintILi16EES4_S4_PS2_S5_PA128_S3_4_address0    |  out|    5|   ap_memory|    p_ZZN8gdn_bf1617gdn_bf16_top_implEhthhPA128_K7ap_uintILi16EES4_S4_PS2_S5_PA128_S3_4|         array|
|p_ZZN8gdn_bf1617gdn_bf16_top_implEhthhPA128_K7ap_uintILi16EES4_S4_PS2_S5_PA128_S3_4_ce0         |  out|    1|   ap_memory|    p_ZZN8gdn_bf1617gdn_bf16_top_implEhthhPA128_K7ap_uintILi16EES4_S4_PS2_S5_PA128_S3_4|         array|
|p_ZZN8gdn_bf1617gdn_bf16_top_implEhthhPA128_K7ap_uintILi16EES4_S4_PS2_S5_PA128_S3_4_we0         |  out|    1|   ap_memory|    p_ZZN8gdn_bf1617gdn_bf16_top_implEhthhPA128_K7ap_uintILi16EES4_S4_PS2_S5_PA128_S3_4|         array|
|p_ZZN8gdn_bf1617gdn_bf16_top_implEhthhPA128_K7ap_uintILi16EES4_S4_PS2_S5_PA128_S3_4_d0          |  out|   32|   ap_memory|    p_ZZN8gdn_bf1617gdn_bf16_top_implEhthhPA128_K7ap_uintILi16EES4_S4_PS2_S5_PA128_S3_4|         array|
|p_ZZN8gdn_bf1617gdn_bf16_top_implEhthhPA128_K7ap_uintILi16EES4_S4_PS2_S5_PA128_S3_474_address0  |  out|    5|   ap_memory|  p_ZZN8gdn_bf1617gdn_bf16_top_implEhthhPA128_K7ap_uintILi16EES4_S4_PS2_S5_PA128_S3_474|         array|
|p_ZZN8gdn_bf1617gdn_bf16_top_implEhthhPA128_K7ap_uintILi16EES4_S4_PS2_S5_PA128_S3_474_ce0       |  out|    1|   ap_memory|  p_ZZN8gdn_bf1617gdn_bf16_top_implEhthhPA128_K7ap_uintILi16EES4_S4_PS2_S5_PA128_S3_474|         array|
|p_ZZN8gdn_bf1617gdn_bf16_top_implEhthhPA128_K7ap_uintILi16EES4_S4_PS2_S5_PA128_S3_474_we0       |  out|    1|   ap_memory|  p_ZZN8gdn_bf1617gdn_bf16_top_implEhthhPA128_K7ap_uintILi16EES4_S4_PS2_S5_PA128_S3_474|         array|
|p_ZZN8gdn_bf1617gdn_bf16_top_implEhthhPA128_K7ap_uintILi16EES4_S4_PS2_S5_PA128_S3_474_d0        |  out|   16|   ap_memory|  p_ZZN8gdn_bf1617gdn_bf16_top_implEhthhPA128_K7ap_uintILi16EES4_S4_PS2_S5_PA128_S3_474|         array|
|p_ZZN8gdn_bf1617gdn_bf16_top_implEhthhPA128_K7ap_uintILi16EES4_S4_PS2_S5_PA128_S3_3_address0    |  out|    5|   ap_memory|    p_ZZN8gdn_bf1617gdn_bf16_top_implEhthhPA128_K7ap_uintILi16EES4_S4_PS2_S5_PA128_S3_3|         array|
|p_ZZN8gdn_bf1617gdn_bf16_top_implEhthhPA128_K7ap_uintILi16EES4_S4_PS2_S5_PA128_S3_3_ce0         |  out|    1|   ap_memory|    p_ZZN8gdn_bf1617gdn_bf16_top_implEhthhPA128_K7ap_uintILi16EES4_S4_PS2_S5_PA128_S3_3|         array|
|p_ZZN8gdn_bf1617gdn_bf16_top_implEhthhPA128_K7ap_uintILi16EES4_S4_PS2_S5_PA128_S3_3_we0         |  out|    1|   ap_memory|    p_ZZN8gdn_bf1617gdn_bf16_top_implEhthhPA128_K7ap_uintILi16EES4_S4_PS2_S5_PA128_S3_3|         array|
|p_ZZN8gdn_bf1617gdn_bf16_top_implEhthhPA128_K7ap_uintILi16EES4_S4_PS2_S5_PA128_S3_3_d0          |  out|   32|   ap_memory|    p_ZZN8gdn_bf1617gdn_bf16_top_implEhthhPA128_K7ap_uintILi16EES4_S4_PS2_S5_PA128_S3_3|         array|
|p_ZZN8gdn_bf1617gdn_bf16_top_implEhthhPA128_K7ap_uintILi16EES4_S4_PS2_S5_PA128_S3_475_address0  |  out|    5|   ap_memory|  p_ZZN8gdn_bf1617gdn_bf16_top_implEhthhPA128_K7ap_uintILi16EES4_S4_PS2_S5_PA128_S3_475|         array|
|p_ZZN8gdn_bf1617gdn_bf16_top_implEhthhPA128_K7ap_uintILi16EES4_S4_PS2_S5_PA128_S3_475_ce0       |  out|    1|   ap_memory|  p_ZZN8gdn_bf1617gdn_bf16_top_implEhthhPA128_K7ap_uintILi16EES4_S4_PS2_S5_PA128_S3_475|         array|
|p_ZZN8gdn_bf1617gdn_bf16_top_implEhthhPA128_K7ap_uintILi16EES4_S4_PS2_S5_PA128_S3_475_we0       |  out|    1|   ap_memory|  p_ZZN8gdn_bf1617gdn_bf16_top_implEhthhPA128_K7ap_uintILi16EES4_S4_PS2_S5_PA128_S3_475|         array|
|p_ZZN8gdn_bf1617gdn_bf16_top_implEhthhPA128_K7ap_uintILi16EES4_S4_PS2_S5_PA128_S3_475_d0        |  out|   16|   ap_memory|  p_ZZN8gdn_bf1617gdn_bf16_top_implEhthhPA128_K7ap_uintILi16EES4_S4_PS2_S5_PA128_S3_475|         array|
|p_ZZN8gdn_bf1617gdn_bf16_top_implEhthhPA128_K7ap_uintILi16EES4_S4_PS2_S5_PA128_S3_2_address0    |  out|    5|   ap_memory|    p_ZZN8gdn_bf1617gdn_bf16_top_implEhthhPA128_K7ap_uintILi16EES4_S4_PS2_S5_PA128_S3_2|         array|
|p_ZZN8gdn_bf1617gdn_bf16_top_implEhthhPA128_K7ap_uintILi16EES4_S4_PS2_S5_PA128_S3_2_ce0         |  out|    1|   ap_memory|    p_ZZN8gdn_bf1617gdn_bf16_top_implEhthhPA128_K7ap_uintILi16EES4_S4_PS2_S5_PA128_S3_2|         array|
|p_ZZN8gdn_bf1617gdn_bf16_top_implEhthhPA128_K7ap_uintILi16EES4_S4_PS2_S5_PA128_S3_2_we0         |  out|    1|   ap_memory|    p_ZZN8gdn_bf1617gdn_bf16_top_implEhthhPA128_K7ap_uintILi16EES4_S4_PS2_S5_PA128_S3_2|         array|
|p_ZZN8gdn_bf1617gdn_bf16_top_implEhthhPA128_K7ap_uintILi16EES4_S4_PS2_S5_PA128_S3_2_d0          |  out|   32|   ap_memory|    p_ZZN8gdn_bf1617gdn_bf16_top_implEhthhPA128_K7ap_uintILi16EES4_S4_PS2_S5_PA128_S3_2|         array|
|p_ZZN8gdn_bf1617gdn_bf16_top_implEhthhPA128_K7ap_uintILi16EES4_S4_PS2_S5_PA128_S3_476_address0  |  out|    5|   ap_memory|  p_ZZN8gdn_bf1617gdn_bf16_top_implEhthhPA128_K7ap_uintILi16EES4_S4_PS2_S5_PA128_S3_476|         array|
|p_ZZN8gdn_bf1617gdn_bf16_top_implEhthhPA128_K7ap_uintILi16EES4_S4_PS2_S5_PA128_S3_476_ce0       |  out|    1|   ap_memory|  p_ZZN8gdn_bf1617gdn_bf16_top_implEhthhPA128_K7ap_uintILi16EES4_S4_PS2_S5_PA128_S3_476|         array|
|p_ZZN8gdn_bf1617gdn_bf16_top_implEhthhPA128_K7ap_uintILi16EES4_S4_PS2_S5_PA128_S3_476_we0       |  out|    1|   ap_memory|  p_ZZN8gdn_bf1617gdn_bf16_top_implEhthhPA128_K7ap_uintILi16EES4_S4_PS2_S5_PA128_S3_476|         array|
|p_ZZN8gdn_bf1617gdn_bf16_top_implEhthhPA128_K7ap_uintILi16EES4_S4_PS2_S5_PA128_S3_476_d0        |  out|   16|   ap_memory|  p_ZZN8gdn_bf1617gdn_bf16_top_implEhthhPA128_K7ap_uintILi16EES4_S4_PS2_S5_PA128_S3_476|         array|
|p_ZZN8gdn_bf1617gdn_bf16_top_implEhthhPA128_K7ap_uintILi16EES4_S4_PS2_S5_PA128_S3_1_address0    |  out|    5|   ap_memory|    p_ZZN8gdn_bf1617gdn_bf16_top_implEhthhPA128_K7ap_uintILi16EES4_S4_PS2_S5_PA128_S3_1|         array|
|p_ZZN8gdn_bf1617gdn_bf16_top_implEhthhPA128_K7ap_uintILi16EES4_S4_PS2_S5_PA128_S3_1_ce0         |  out|    1|   ap_memory|    p_ZZN8gdn_bf1617gdn_bf16_top_implEhthhPA128_K7ap_uintILi16EES4_S4_PS2_S5_PA128_S3_1|         array|
|p_ZZN8gdn_bf1617gdn_bf16_top_implEhthhPA128_K7ap_uintILi16EES4_S4_PS2_S5_PA128_S3_1_we0         |  out|    1|   ap_memory|    p_ZZN8gdn_bf1617gdn_bf16_top_implEhthhPA128_K7ap_uintILi16EES4_S4_PS2_S5_PA128_S3_1|         array|
|p_ZZN8gdn_bf1617gdn_bf16_top_implEhthhPA128_K7ap_uintILi16EES4_S4_PS2_S5_PA128_S3_1_d0          |  out|   32|   ap_memory|    p_ZZN8gdn_bf1617gdn_bf16_top_implEhthhPA128_K7ap_uintILi16EES4_S4_PS2_S5_PA128_S3_1|         array|
|p_ZZN8gdn_bf1617gdn_bf16_top_implEhthhPA128_K7ap_uintILi16EES4_S4_PS2_S5_PA128_S3_477_address0  |  out|    5|   ap_memory|  p_ZZN8gdn_bf1617gdn_bf16_top_implEhthhPA128_K7ap_uintILi16EES4_S4_PS2_S5_PA128_S3_477|         array|
|p_ZZN8gdn_bf1617gdn_bf16_top_implEhthhPA128_K7ap_uintILi16EES4_S4_PS2_S5_PA128_S3_477_ce0       |  out|    1|   ap_memory|  p_ZZN8gdn_bf1617gdn_bf16_top_implEhthhPA128_K7ap_uintILi16EES4_S4_PS2_S5_PA128_S3_477|         array|
|p_ZZN8gdn_bf1617gdn_bf16_top_implEhthhPA128_K7ap_uintILi16EES4_S4_PS2_S5_PA128_S3_477_we0       |  out|    1|   ap_memory|  p_ZZN8gdn_bf1617gdn_bf16_top_implEhthhPA128_K7ap_uintILi16EES4_S4_PS2_S5_PA128_S3_477|         array|
|p_ZZN8gdn_bf1617gdn_bf16_top_implEhthhPA128_K7ap_uintILi16EES4_S4_PS2_S5_PA128_S3_477_d0        |  out|   16|   ap_memory|  p_ZZN8gdn_bf1617gdn_bf16_top_implEhthhPA128_K7ap_uintILi16EES4_S4_PS2_S5_PA128_S3_477|         array|
|p_ZZN8gdn_bf1617gdn_bf16_top_implEhthhPA128_K7ap_uintILi16EES4_S4_PS2_S5_PA128_S3_address0      |  out|    5|   ap_memory|      p_ZZN8gdn_bf1617gdn_bf16_top_implEhthhPA128_K7ap_uintILi16EES4_S4_PS2_S5_PA128_S3|         array|
|p_ZZN8gdn_bf1617gdn_bf16_top_implEhthhPA128_K7ap_uintILi16EES4_S4_PS2_S5_PA128_S3_ce0           |  out|    1|   ap_memory|      p_ZZN8gdn_bf1617gdn_bf16_top_implEhthhPA128_K7ap_uintILi16EES4_S4_PS2_S5_PA128_S3|         array|
|p_ZZN8gdn_bf1617gdn_bf16_top_implEhthhPA128_K7ap_uintILi16EES4_S4_PS2_S5_PA128_S3_we0           |  out|    1|   ap_memory|      p_ZZN8gdn_bf1617gdn_bf16_top_implEhthhPA128_K7ap_uintILi16EES4_S4_PS2_S5_PA128_S3|         array|
|p_ZZN8gdn_bf1617gdn_bf16_top_implEhthhPA128_K7ap_uintILi16EES4_S4_PS2_S5_PA128_S3_d0            |  out|   32|   ap_memory|      p_ZZN8gdn_bf1617gdn_bf16_top_implEhthhPA128_K7ap_uintILi16EES4_S4_PS2_S5_PA128_S3|         array|
|p_ZZN8gdn_bf1617gdn_bf16_top_implEhthhPA128_K7ap_uintILi16EES4_S4_PS2_S5_PA128_S3_478_address0  |  out|    5|   ap_memory|  p_ZZN8gdn_bf1617gdn_bf16_top_implEhthhPA128_K7ap_uintILi16EES4_S4_PS2_S5_PA128_S3_478|         array|
|p_ZZN8gdn_bf1617gdn_bf16_top_implEhthhPA128_K7ap_uintILi16EES4_S4_PS2_S5_PA128_S3_478_ce0       |  out|    1|   ap_memory|  p_ZZN8gdn_bf1617gdn_bf16_top_implEhthhPA128_K7ap_uintILi16EES4_S4_PS2_S5_PA128_S3_478|         array|
|p_ZZN8gdn_bf1617gdn_bf16_top_implEhthhPA128_K7ap_uintILi16EES4_S4_PS2_S5_PA128_S3_478_we0       |  out|    1|   ap_memory|  p_ZZN8gdn_bf1617gdn_bf16_top_implEhthhPA128_K7ap_uintILi16EES4_S4_PS2_S5_PA128_S3_478|         array|
|p_ZZN8gdn_bf1617gdn_bf16_top_implEhthhPA128_K7ap_uintILi16EES4_S4_PS2_S5_PA128_S3_478_d0        |  out|   16|   ap_memory|  p_ZZN8gdn_bf1617gdn_bf16_top_implEhthhPA128_K7ap_uintILi16EES4_S4_PS2_S5_PA128_S3_478|         array|
|p_ZZN8gdn_bf1617gdn_bf16_top_implEhthhPA128_K7ap_uintILi16EES4_S4_PS2_S5_PA128_S3_607_address0  |  out|    5|   ap_memory|  p_ZZN8gdn_bf1617gdn_bf16_top_implEhthhPA128_K7ap_uintILi16EES4_S4_PS2_S5_PA128_S3_607|         array|
|p_ZZN8gdn_bf1617gdn_bf16_top_implEhthhPA128_K7ap_uintILi16EES4_S4_PS2_S5_PA128_S3_607_ce0       |  out|    1|   ap_memory|  p_ZZN8gdn_bf1617gdn_bf16_top_implEhthhPA128_K7ap_uintILi16EES4_S4_PS2_S5_PA128_S3_607|         array|
|p_ZZN8gdn_bf1617gdn_bf16_top_implEhthhPA128_K7ap_uintILi16EES4_S4_PS2_S5_PA128_S3_607_we0       |  out|    1|   ap_memory|  p_ZZN8gdn_bf1617gdn_bf16_top_implEhthhPA128_K7ap_uintILi16EES4_S4_PS2_S5_PA128_S3_607|         array|
|p_ZZN8gdn_bf1617gdn_bf16_top_implEhthhPA128_K7ap_uintILi16EES4_S4_PS2_S5_PA128_S3_607_d0        |  out|   32|   ap_memory|  p_ZZN8gdn_bf1617gdn_bf16_top_implEhthhPA128_K7ap_uintILi16EES4_S4_PS2_S5_PA128_S3_607|         array|
|p_ZZN8gdn_bf1617gdn_bf16_top_implEhthhPA128_K7ap_uintILi16EES4_S4_PS2_S5_PA128_S3_367_address0  |  out|    5|   ap_memory|  p_ZZN8gdn_bf1617gdn_bf16_top_implEhthhPA128_K7ap_uintILi16EES4_S4_PS2_S5_PA128_S3_367|         array|
|p_ZZN8gdn_bf1617gdn_bf16_top_implEhthhPA128_K7ap_uintILi16EES4_S4_PS2_S5_PA128_S3_367_ce0       |  out|    1|   ap_memory|  p_ZZN8gdn_bf1617gdn_bf16_top_implEhthhPA128_K7ap_uintILi16EES4_S4_PS2_S5_PA128_S3_367|         array|
|p_ZZN8gdn_bf1617gdn_bf16_top_implEhthhPA128_K7ap_uintILi16EES4_S4_PS2_S5_PA128_S3_367_we0       |  out|    1|   ap_memory|  p_ZZN8gdn_bf1617gdn_bf16_top_implEhthhPA128_K7ap_uintILi16EES4_S4_PS2_S5_PA128_S3_367|         array|
|p_ZZN8gdn_bf1617gdn_bf16_top_implEhthhPA128_K7ap_uintILi16EES4_S4_PS2_S5_PA128_S3_367_d0        |  out|   16|   ap_memory|  p_ZZN8gdn_bf1617gdn_bf16_top_implEhthhPA128_K7ap_uintILi16EES4_S4_PS2_S5_PA128_S3_367|         array|
|p_ZZN8gdn_bf1617gdn_bf16_top_implEhthhPA128_K7ap_uintILi16EES4_S4_PS2_S5_PA128_S3_608_address0  |  out|    5|   ap_memory|  p_ZZN8gdn_bf1617gdn_bf16_top_implEhthhPA128_K7ap_uintILi16EES4_S4_PS2_S5_PA128_S3_608|         array|
|p_ZZN8gdn_bf1617gdn_bf16_top_implEhthhPA128_K7ap_uintILi16EES4_S4_PS2_S5_PA128_S3_608_ce0       |  out|    1|   ap_memory|  p_ZZN8gdn_bf1617gdn_bf16_top_implEhthhPA128_K7ap_uintILi16EES4_S4_PS2_S5_PA128_S3_608|         array|
|p_ZZN8gdn_bf1617gdn_bf16_top_implEhthhPA128_K7ap_uintILi16EES4_S4_PS2_S5_PA128_S3_608_we0       |  out|    1|   ap_memory|  p_ZZN8gdn_bf1617gdn_bf16_top_implEhthhPA128_K7ap_uintILi16EES4_S4_PS2_S5_PA128_S3_608|         array|
|p_ZZN8gdn_bf1617gdn_bf16_top_implEhthhPA128_K7ap_uintILi16EES4_S4_PS2_S5_PA128_S3_608_d0        |  out|   32|   ap_memory|  p_ZZN8gdn_bf1617gdn_bf16_top_implEhthhPA128_K7ap_uintILi16EES4_S4_PS2_S5_PA128_S3_608|         array|
|p_ZZN8gdn_bf1617gdn_bf16_top_implEhthhPA128_K7ap_uintILi16EES4_S4_PS2_S5_PA128_S3_368_address0  |  out|    5|   ap_memory|  p_ZZN8gdn_bf1617gdn_bf16_top_implEhthhPA128_K7ap_uintILi16EES4_S4_PS2_S5_PA128_S3_368|         array|
|p_ZZN8gdn_bf1617gdn_bf16_top_implEhthhPA128_K7ap_uintILi16EES4_S4_PS2_S5_PA128_S3_368_ce0       |  out|    1|   ap_memory|  p_ZZN8gdn_bf1617gdn_bf16_top_implEhthhPA128_K7ap_uintILi16EES4_S4_PS2_S5_PA128_S3_368|         array|
|p_ZZN8gdn_bf1617gdn_bf16_top_implEhthhPA128_K7ap_uintILi16EES4_S4_PS2_S5_PA128_S3_368_we0       |  out|    1|   ap_memory|  p_ZZN8gdn_bf1617gdn_bf16_top_implEhthhPA128_K7ap_uintILi16EES4_S4_PS2_S5_PA128_S3_368|         array|
|p_ZZN8gdn_bf1617gdn_bf16_top_implEhthhPA128_K7ap_uintILi16EES4_S4_PS2_S5_PA128_S3_368_d0        |  out|   16|   ap_memory|  p_ZZN8gdn_bf1617gdn_bf16_top_implEhthhPA128_K7ap_uintILi16EES4_S4_PS2_S5_PA128_S3_368|         array|
|p_ZZN8gdn_bf1617gdn_bf16_top_implEhthhPA128_K7ap_uintILi16EES4_S4_PS2_S5_PA128_S3_609_address0  |  out|    5|   ap_memory|  p_ZZN8gdn_bf1617gdn_bf16_top_implEhthhPA128_K7ap_uintILi16EES4_S4_PS2_S5_PA128_S3_609|         array|
|p_ZZN8gdn_bf1617gdn_bf16_top_implEhthhPA128_K7ap_uintILi16EES4_S4_PS2_S5_PA128_S3_609_ce0       |  out|    1|   ap_memory|  p_ZZN8gdn_bf1617gdn_bf16_top_implEhthhPA128_K7ap_uintILi16EES4_S4_PS2_S5_PA128_S3_609|         array|
|p_ZZN8gdn_bf1617gdn_bf16_top_implEhthhPA128_K7ap_uintILi16EES4_S4_PS2_S5_PA128_S3_609_we0       |  out|    1|   ap_memory|  p_ZZN8gdn_bf1617gdn_bf16_top_implEhthhPA128_K7ap_uintILi16EES4_S4_PS2_S5_PA128_S3_609|         array|
|p_ZZN8gdn_bf1617gdn_bf16_top_implEhthhPA128_K7ap_uintILi16EES4_S4_PS2_S5_PA128_S3_609_d0        |  out|   32|   ap_memory|  p_ZZN8gdn_bf1617gdn_bf16_top_implEhthhPA128_K7ap_uintILi16EES4_S4_PS2_S5_PA128_S3_609|         array|
|p_ZZN8gdn_bf1617gdn_bf16_top_implEhthhPA128_K7ap_uintILi16EES4_S4_PS2_S5_PA128_S3_369_address0  |  out|    5|   ap_memory|  p_ZZN8gdn_bf1617gdn_bf16_top_implEhthhPA128_K7ap_uintILi16EES4_S4_PS2_S5_PA128_S3_369|         array|
|p_ZZN8gdn_bf1617gdn_bf16_top_implEhthhPA128_K7ap_uintILi16EES4_S4_PS2_S5_PA128_S3_369_ce0       |  out|    1|   ap_memory|  p_ZZN8gdn_bf1617gdn_bf16_top_implEhthhPA128_K7ap_uintILi16EES4_S4_PS2_S5_PA128_S3_369|         array|
|p_ZZN8gdn_bf1617gdn_bf16_top_implEhthhPA128_K7ap_uintILi16EES4_S4_PS2_S5_PA128_S3_369_we0       |  out|    1|   ap_memory|  p_ZZN8gdn_bf1617gdn_bf16_top_implEhthhPA128_K7ap_uintILi16EES4_S4_PS2_S5_PA128_S3_369|         array|
|p_ZZN8gdn_bf1617gdn_bf16_top_implEhthhPA128_K7ap_uintILi16EES4_S4_PS2_S5_PA128_S3_369_d0        |  out|   16|   ap_memory|  p_ZZN8gdn_bf1617gdn_bf16_top_implEhthhPA128_K7ap_uintILi16EES4_S4_PS2_S5_PA128_S3_369|         array|
|p_ZZN8gdn_bf1617gdn_bf16_top_implEhthhPA128_K7ap_uintILi16EES4_S4_PS2_S5_PA128_S3_610_address0  |  out|    5|   ap_memory|  p_ZZN8gdn_bf1617gdn_bf16_top_implEhthhPA128_K7ap_uintILi16EES4_S4_PS2_S5_PA128_S3_610|         array|
|p_ZZN8gdn_bf1617gdn_bf16_top_implEhthhPA128_K7ap_uintILi16EES4_S4_PS2_S5_PA128_S3_610_ce0       |  out|    1|   ap_memory|  p_ZZN8gdn_bf1617gdn_bf16_top_implEhthhPA128_K7ap_uintILi16EES4_S4_PS2_S5_PA128_S3_610|         array|
|p_ZZN8gdn_bf1617gdn_bf16_top_implEhthhPA128_K7ap_uintILi16EES4_S4_PS2_S5_PA128_S3_610_we0       |  out|    1|   ap_memory|  p_ZZN8gdn_bf1617gdn_bf16_top_implEhthhPA128_K7ap_uintILi16EES4_S4_PS2_S5_PA128_S3_610|         array|
|p_ZZN8gdn_bf1617gdn_bf16_top_implEhthhPA128_K7ap_uintILi16EES4_S4_PS2_S5_PA128_S3_610_d0        |  out|   32|   ap_memory|  p_ZZN8gdn_bf1617gdn_bf16_top_implEhthhPA128_K7ap_uintILi16EES4_S4_PS2_S5_PA128_S3_610|         array|
|p_ZZN8gdn_bf1617gdn_bf16_top_implEhthhPA128_K7ap_uintILi16EES4_S4_PS2_S5_PA128_S3_370_address0  |  out|    5|   ap_memory|  p_ZZN8gdn_bf1617gdn_bf16_top_implEhthhPA128_K7ap_uintILi16EES4_S4_PS2_S5_PA128_S3_370|         array|
|p_ZZN8gdn_bf1617gdn_bf16_top_implEhthhPA128_K7ap_uintILi16EES4_S4_PS2_S5_PA128_S3_370_ce0       |  out|    1|   ap_memory|  p_ZZN8gdn_bf1617gdn_bf16_top_implEhthhPA128_K7ap_uintILi16EES4_S4_PS2_S5_PA128_S3_370|         array|
|p_ZZN8gdn_bf1617gdn_bf16_top_implEhthhPA128_K7ap_uintILi16EES4_S4_PS2_S5_PA128_S3_370_we0       |  out|    1|   ap_memory|  p_ZZN8gdn_bf1617gdn_bf16_top_implEhthhPA128_K7ap_uintILi16EES4_S4_PS2_S5_PA128_S3_370|         array|
|p_ZZN8gdn_bf1617gdn_bf16_top_implEhthhPA128_K7ap_uintILi16EES4_S4_PS2_S5_PA128_S3_370_d0        |  out|   16|   ap_memory|  p_ZZN8gdn_bf1617gdn_bf16_top_implEhthhPA128_K7ap_uintILi16EES4_S4_PS2_S5_PA128_S3_370|         array|
|p_ZZN8gdn_bf1617gdn_bf16_top_implEhthhPA128_K7ap_uintILi16EES4_S4_PS2_S5_PA128_S3_611_address0  |  out|    5|   ap_memory|  p_ZZN8gdn_bf1617gdn_bf16_top_implEhthhPA128_K7ap_uintILi16EES4_S4_PS2_S5_PA128_S3_611|         array|
|p_ZZN8gdn_bf1617gdn_bf16_top_implEhthhPA128_K7ap_uintILi16EES4_S4_PS2_S5_PA128_S3_611_ce0       |  out|    1|   ap_memory|  p_ZZN8gdn_bf1617gdn_bf16_top_implEhthhPA128_K7ap_uintILi16EES4_S4_PS2_S5_PA128_S3_611|         array|
|p_ZZN8gdn_bf1617gdn_bf16_top_implEhthhPA128_K7ap_uintILi16EES4_S4_PS2_S5_PA128_S3_611_we0       |  out|    1|   ap_memory|  p_ZZN8gdn_bf1617gdn_bf16_top_implEhthhPA128_K7ap_uintILi16EES4_S4_PS2_S5_PA128_S3_611|         array|
|p_ZZN8gdn_bf1617gdn_bf16_top_implEhthhPA128_K7ap_uintILi16EES4_S4_PS2_S5_PA128_S3_611_d0        |  out|   32|   ap_memory|  p_ZZN8gdn_bf1617gdn_bf16_top_implEhthhPA128_K7ap_uintILi16EES4_S4_PS2_S5_PA128_S3_611|         array|
|p_ZZN8gdn_bf1617gdn_bf16_top_implEhthhPA128_K7ap_uintILi16EES4_S4_PS2_S5_PA128_S3_371_address0  |  out|    5|   ap_memory|  p_ZZN8gdn_bf1617gdn_bf16_top_implEhthhPA128_K7ap_uintILi16EES4_S4_PS2_S5_PA128_S3_371|         array|
|p_ZZN8gdn_bf1617gdn_bf16_top_implEhthhPA128_K7ap_uintILi16EES4_S4_PS2_S5_PA128_S3_371_ce0       |  out|    1|   ap_memory|  p_ZZN8gdn_bf1617gdn_bf16_top_implEhthhPA128_K7ap_uintILi16EES4_S4_PS2_S5_PA128_S3_371|         array|
|p_ZZN8gdn_bf1617gdn_bf16_top_implEhthhPA128_K7ap_uintILi16EES4_S4_PS2_S5_PA128_S3_371_we0       |  out|    1|   ap_memory|  p_ZZN8gdn_bf1617gdn_bf16_top_implEhthhPA128_K7ap_uintILi16EES4_S4_PS2_S5_PA128_S3_371|         array|
|p_ZZN8gdn_bf1617gdn_bf16_top_implEhthhPA128_K7ap_uintILi16EES4_S4_PS2_S5_PA128_S3_371_d0        |  out|   16|   ap_memory|  p_ZZN8gdn_bf1617gdn_bf16_top_implEhthhPA128_K7ap_uintILi16EES4_S4_PS2_S5_PA128_S3_371|         array|
|p_ZZN8gdn_bf1617gdn_bf16_top_implEhthhPA128_K7ap_uintILi16EES4_S4_PS2_S5_PA128_S3_612_address0  |  out|    5|   ap_memory|  p_ZZN8gdn_bf1617gdn_bf16_top_implEhthhPA128_K7ap_uintILi16EES4_S4_PS2_S5_PA128_S3_612|         array|
|p_ZZN8gdn_bf1617gdn_bf16_top_implEhthhPA128_K7ap_uintILi16EES4_S4_PS2_S5_PA128_S3_612_ce0       |  out|    1|   ap_memory|  p_ZZN8gdn_bf1617gdn_bf16_top_implEhthhPA128_K7ap_uintILi16EES4_S4_PS2_S5_PA128_S3_612|         array|
|p_ZZN8gdn_bf1617gdn_bf16_top_implEhthhPA128_K7ap_uintILi16EES4_S4_PS2_S5_PA128_S3_612_we0       |  out|    1|   ap_memory|  p_ZZN8gdn_bf1617gdn_bf16_top_implEhthhPA128_K7ap_uintILi16EES4_S4_PS2_S5_PA128_S3_612|         array|
|p_ZZN8gdn_bf1617gdn_bf16_top_implEhthhPA128_K7ap_uintILi16EES4_S4_PS2_S5_PA128_S3_612_d0        |  out|   32|   ap_memory|  p_ZZN8gdn_bf1617gdn_bf16_top_implEhthhPA128_K7ap_uintILi16EES4_S4_PS2_S5_PA128_S3_612|         array|
|p_ZZN8gdn_bf1617gdn_bf16_top_implEhthhPA128_K7ap_uintILi16EES4_S4_PS2_S5_PA128_S3_372_address0  |  out|    5|   ap_memory|  p_ZZN8gdn_bf1617gdn_bf16_top_implEhthhPA128_K7ap_uintILi16EES4_S4_PS2_S5_PA128_S3_372|         array|
|p_ZZN8gdn_bf1617gdn_bf16_top_implEhthhPA128_K7ap_uintILi16EES4_S4_PS2_S5_PA128_S3_372_ce0       |  out|    1|   ap_memory|  p_ZZN8gdn_bf1617gdn_bf16_top_implEhthhPA128_K7ap_uintILi16EES4_S4_PS2_S5_PA128_S3_372|         array|
|p_ZZN8gdn_bf1617gdn_bf16_top_implEhthhPA128_K7ap_uintILi16EES4_S4_PS2_S5_PA128_S3_372_we0       |  out|    1|   ap_memory|  p_ZZN8gdn_bf1617gdn_bf16_top_implEhthhPA128_K7ap_uintILi16EES4_S4_PS2_S5_PA128_S3_372|         array|
|p_ZZN8gdn_bf1617gdn_bf16_top_implEhthhPA128_K7ap_uintILi16EES4_S4_PS2_S5_PA128_S3_372_d0        |  out|   16|   ap_memory|  p_ZZN8gdn_bf1617gdn_bf16_top_implEhthhPA128_K7ap_uintILi16EES4_S4_PS2_S5_PA128_S3_372|         array|
|p_ZZN8gdn_bf1617gdn_bf16_top_implEhthhPA128_K7ap_uintILi16EES4_S4_PS2_S5_PA128_S3_613_address0  |  out|    5|   ap_memory|  p_ZZN8gdn_bf1617gdn_bf16_top_implEhthhPA128_K7ap_uintILi16EES4_S4_PS2_S5_PA128_S3_613|         array|
|p_ZZN8gdn_bf1617gdn_bf16_top_implEhthhPA128_K7ap_uintILi16EES4_S4_PS2_S5_PA128_S3_613_ce0       |  out|    1|   ap_memory|  p_ZZN8gdn_bf1617gdn_bf16_top_implEhthhPA128_K7ap_uintILi16EES4_S4_PS2_S5_PA128_S3_613|         array|
|p_ZZN8gdn_bf1617gdn_bf16_top_implEhthhPA128_K7ap_uintILi16EES4_S4_PS2_S5_PA128_S3_613_we0       |  out|    1|   ap_memory|  p_ZZN8gdn_bf1617gdn_bf16_top_implEhthhPA128_K7ap_uintILi16EES4_S4_PS2_S5_PA128_S3_613|         array|
|p_ZZN8gdn_bf1617gdn_bf16_top_implEhthhPA128_K7ap_uintILi16EES4_S4_PS2_S5_PA128_S3_613_d0        |  out|   32|   ap_memory|  p_ZZN8gdn_bf1617gdn_bf16_top_implEhthhPA128_K7ap_uintILi16EES4_S4_PS2_S5_PA128_S3_613|         array|
|p_ZZN8gdn_bf1617gdn_bf16_top_implEhthhPA128_K7ap_uintILi16EES4_S4_PS2_S5_PA128_S3_373_address0  |  out|    5|   ap_memory|  p_ZZN8gdn_bf1617gdn_bf16_top_implEhthhPA128_K7ap_uintILi16EES4_S4_PS2_S5_PA128_S3_373|         array|
|p_ZZN8gdn_bf1617gdn_bf16_top_implEhthhPA128_K7ap_uintILi16EES4_S4_PS2_S5_PA128_S3_373_ce0       |  out|    1|   ap_memory|  p_ZZN8gdn_bf1617gdn_bf16_top_implEhthhPA128_K7ap_uintILi16EES4_S4_PS2_S5_PA128_S3_373|         array|
|p_ZZN8gdn_bf1617gdn_bf16_top_implEhthhPA128_K7ap_uintILi16EES4_S4_PS2_S5_PA128_S3_373_we0       |  out|    1|   ap_memory|  p_ZZN8gdn_bf1617gdn_bf16_top_implEhthhPA128_K7ap_uintILi16EES4_S4_PS2_S5_PA128_S3_373|         array|
|p_ZZN8gdn_bf1617gdn_bf16_top_implEhthhPA128_K7ap_uintILi16EES4_S4_PS2_S5_PA128_S3_373_d0        |  out|   16|   ap_memory|  p_ZZN8gdn_bf1617gdn_bf16_top_implEhthhPA128_K7ap_uintILi16EES4_S4_PS2_S5_PA128_S3_373|         array|
|p_ZZN8gdn_bf1617gdn_bf16_top_implEhthhPA128_K7ap_uintILi16EES4_S4_PS2_S5_PA128_S3_614_address0  |  out|    5|   ap_memory|  p_ZZN8gdn_bf1617gdn_bf16_top_implEhthhPA128_K7ap_uintILi16EES4_S4_PS2_S5_PA128_S3_614|         array|
|p_ZZN8gdn_bf1617gdn_bf16_top_implEhthhPA128_K7ap_uintILi16EES4_S4_PS2_S5_PA128_S3_614_ce0       |  out|    1|   ap_memory|  p_ZZN8gdn_bf1617gdn_bf16_top_implEhthhPA128_K7ap_uintILi16EES4_S4_PS2_S5_PA128_S3_614|         array|
|p_ZZN8gdn_bf1617gdn_bf16_top_implEhthhPA128_K7ap_uintILi16EES4_S4_PS2_S5_PA128_S3_614_we0       |  out|    1|   ap_memory|  p_ZZN8gdn_bf1617gdn_bf16_top_implEhthhPA128_K7ap_uintILi16EES4_S4_PS2_S5_PA128_S3_614|         array|
|p_ZZN8gdn_bf1617gdn_bf16_top_implEhthhPA128_K7ap_uintILi16EES4_S4_PS2_S5_PA128_S3_614_d0        |  out|   32|   ap_memory|  p_ZZN8gdn_bf1617gdn_bf16_top_implEhthhPA128_K7ap_uintILi16EES4_S4_PS2_S5_PA128_S3_614|         array|
|p_ZZN8gdn_bf1617gdn_bf16_top_implEhthhPA128_K7ap_uintILi16EES4_S4_PS2_S5_PA128_S3_374_address0  |  out|    5|   ap_memory|  p_ZZN8gdn_bf1617gdn_bf16_top_implEhthhPA128_K7ap_uintILi16EES4_S4_PS2_S5_PA128_S3_374|         array|
|p_ZZN8gdn_bf1617gdn_bf16_top_implEhthhPA128_K7ap_uintILi16EES4_S4_PS2_S5_PA128_S3_374_ce0       |  out|    1|   ap_memory|  p_ZZN8gdn_bf1617gdn_bf16_top_implEhthhPA128_K7ap_uintILi16EES4_S4_PS2_S5_PA128_S3_374|         array|
|p_ZZN8gdn_bf1617gdn_bf16_top_implEhthhPA128_K7ap_uintILi16EES4_S4_PS2_S5_PA128_S3_374_we0       |  out|    1|   ap_memory|  p_ZZN8gdn_bf1617gdn_bf16_top_implEhthhPA128_K7ap_uintILi16EES4_S4_PS2_S5_PA128_S3_374|         array|
|p_ZZN8gdn_bf1617gdn_bf16_top_implEhthhPA128_K7ap_uintILi16EES4_S4_PS2_S5_PA128_S3_374_d0        |  out|   16|   ap_memory|  p_ZZN8gdn_bf1617gdn_bf16_top_implEhthhPA128_K7ap_uintILi16EES4_S4_PS2_S5_PA128_S3_374|         array|
|p_ZZN8gdn_bf1617gdn_bf16_top_implEhthhPA128_K7ap_uintILi16EES4_S4_PS2_S5_PA128_S3_615_address0  |  out|    5|   ap_memory|  p_ZZN8gdn_bf1617gdn_bf16_top_implEhthhPA128_K7ap_uintILi16EES4_S4_PS2_S5_PA128_S3_615|         array|
|p_ZZN8gdn_bf1617gdn_bf16_top_implEhthhPA128_K7ap_uintILi16EES4_S4_PS2_S5_PA128_S3_615_ce0       |  out|    1|   ap_memory|  p_ZZN8gdn_bf1617gdn_bf16_top_implEhthhPA128_K7ap_uintILi16EES4_S4_PS2_S5_PA128_S3_615|         array|
|p_ZZN8gdn_bf1617gdn_bf16_top_implEhthhPA128_K7ap_uintILi16EES4_S4_PS2_S5_PA128_S3_615_we0       |  out|    1|   ap_memory|  p_ZZN8gdn_bf1617gdn_bf16_top_implEhthhPA128_K7ap_uintILi16EES4_S4_PS2_S5_PA128_S3_615|         array|
|p_ZZN8gdn_bf1617gdn_bf16_top_implEhthhPA128_K7ap_uintILi16EES4_S4_PS2_S5_PA128_S3_615_d0        |  out|   32|   ap_memory|  p_ZZN8gdn_bf1617gdn_bf16_top_implEhthhPA128_K7ap_uintILi16EES4_S4_PS2_S5_PA128_S3_615|         array|
|p_ZZN8gdn_bf1617gdn_bf16_top_implEhthhPA128_K7ap_uintILi16EES4_S4_PS2_S5_PA128_S3_375_address0  |  out|    5|   ap_memory|  p_ZZN8gdn_bf1617gdn_bf16_top_implEhthhPA128_K7ap_uintILi16EES4_S4_PS2_S5_PA128_S3_375|         array|
|p_ZZN8gdn_bf1617gdn_bf16_top_implEhthhPA128_K7ap_uintILi16EES4_S4_PS2_S5_PA128_S3_375_ce0       |  out|    1|   ap_memory|  p_ZZN8gdn_bf1617gdn_bf16_top_implEhthhPA128_K7ap_uintILi16EES4_S4_PS2_S5_PA128_S3_375|         array|
|p_ZZN8gdn_bf1617gdn_bf16_top_implEhthhPA128_K7ap_uintILi16EES4_S4_PS2_S5_PA128_S3_375_we0       |  out|    1|   ap_memory|  p_ZZN8gdn_bf1617gdn_bf16_top_implEhthhPA128_K7ap_uintILi16EES4_S4_PS2_S5_PA128_S3_375|         array|
|p_ZZN8gdn_bf1617gdn_bf16_top_implEhthhPA128_K7ap_uintILi16EES4_S4_PS2_S5_PA128_S3_375_d0        |  out|   16|   ap_memory|  p_ZZN8gdn_bf1617gdn_bf16_top_implEhthhPA128_K7ap_uintILi16EES4_S4_PS2_S5_PA128_S3_375|         array|
|p_ZZN8gdn_bf1617gdn_bf16_top_implEhthhPA128_K7ap_uintILi16EES4_S4_PS2_S5_PA128_S3_616_address0  |  out|    5|   ap_memory|  p_ZZN8gdn_bf1617gdn_bf16_top_implEhthhPA128_K7ap_uintILi16EES4_S4_PS2_S5_PA128_S3_616|         array|
|p_ZZN8gdn_bf1617gdn_bf16_top_implEhthhPA128_K7ap_uintILi16EES4_S4_PS2_S5_PA128_S3_616_ce0       |  out|    1|   ap_memory|  p_ZZN8gdn_bf1617gdn_bf16_top_implEhthhPA128_K7ap_uintILi16EES4_S4_PS2_S5_PA128_S3_616|         array|
|p_ZZN8gdn_bf1617gdn_bf16_top_implEhthhPA128_K7ap_uintILi16EES4_S4_PS2_S5_PA128_S3_616_we0       |  out|    1|   ap_memory|  p_ZZN8gdn_bf1617gdn_bf16_top_implEhthhPA128_K7ap_uintILi16EES4_S4_PS2_S5_PA128_S3_616|         array|
|p_ZZN8gdn_bf1617gdn_bf16_top_implEhthhPA128_K7ap_uintILi16EES4_S4_PS2_S5_PA128_S3_616_d0        |  out|   32|   ap_memory|  p_ZZN8gdn_bf1617gdn_bf16_top_implEhthhPA128_K7ap_uintILi16EES4_S4_PS2_S5_PA128_S3_616|         array|
|p_ZZN8gdn_bf1617gdn_bf16_top_implEhthhPA128_K7ap_uintILi16EES4_S4_PS2_S5_PA128_S3_376_address0  |  out|    5|   ap_memory|  p_ZZN8gdn_bf1617gdn_bf16_top_implEhthhPA128_K7ap_uintILi16EES4_S4_PS2_S5_PA128_S3_376|         array|
|p_ZZN8gdn_bf1617gdn_bf16_top_implEhthhPA128_K7ap_uintILi16EES4_S4_PS2_S5_PA128_S3_376_ce0       |  out|    1|   ap_memory|  p_ZZN8gdn_bf1617gdn_bf16_top_implEhthhPA128_K7ap_uintILi16EES4_S4_PS2_S5_PA128_S3_376|         array|
|p_ZZN8gdn_bf1617gdn_bf16_top_implEhthhPA128_K7ap_uintILi16EES4_S4_PS2_S5_PA128_S3_376_we0       |  out|    1|   ap_memory|  p_ZZN8gdn_bf1617gdn_bf16_top_implEhthhPA128_K7ap_uintILi16EES4_S4_PS2_S5_PA128_S3_376|         array|
|p_ZZN8gdn_bf1617gdn_bf16_top_implEhthhPA128_K7ap_uintILi16EES4_S4_PS2_S5_PA128_S3_376_d0        |  out|   16|   ap_memory|  p_ZZN8gdn_bf1617gdn_bf16_top_implEhthhPA128_K7ap_uintILi16EES4_S4_PS2_S5_PA128_S3_376|         array|
|p_ZZN8gdn_bf1617gdn_bf16_top_implEhthhPA128_K7ap_uintILi16EES4_S4_PS2_S5_PA128_S3_617_address0  |  out|    5|   ap_memory|  p_ZZN8gdn_bf1617gdn_bf16_top_implEhthhPA128_K7ap_uintILi16EES4_S4_PS2_S5_PA128_S3_617|         array|
|p_ZZN8gdn_bf1617gdn_bf16_top_implEhthhPA128_K7ap_uintILi16EES4_S4_PS2_S5_PA128_S3_617_ce0       |  out|    1|   ap_memory|  p_ZZN8gdn_bf1617gdn_bf16_top_implEhthhPA128_K7ap_uintILi16EES4_S4_PS2_S5_PA128_S3_617|         array|
|p_ZZN8gdn_bf1617gdn_bf16_top_implEhthhPA128_K7ap_uintILi16EES4_S4_PS2_S5_PA128_S3_617_we0       |  out|    1|   ap_memory|  p_ZZN8gdn_bf1617gdn_bf16_top_implEhthhPA128_K7ap_uintILi16EES4_S4_PS2_S5_PA128_S3_617|         array|
|p_ZZN8gdn_bf1617gdn_bf16_top_implEhthhPA128_K7ap_uintILi16EES4_S4_PS2_S5_PA128_S3_617_d0        |  out|   32|   ap_memory|  p_ZZN8gdn_bf1617gdn_bf16_top_implEhthhPA128_K7ap_uintILi16EES4_S4_PS2_S5_PA128_S3_617|         array|
|p_ZZN8gdn_bf1617gdn_bf16_top_implEhthhPA128_K7ap_uintILi16EES4_S4_PS2_S5_PA128_S3_377_address0  |  out|    5|   ap_memory|  p_ZZN8gdn_bf1617gdn_bf16_top_implEhthhPA128_K7ap_uintILi16EES4_S4_PS2_S5_PA128_S3_377|         array|
|p_ZZN8gdn_bf1617gdn_bf16_top_implEhthhPA128_K7ap_uintILi16EES4_S4_PS2_S5_PA128_S3_377_ce0       |  out|    1|   ap_memory|  p_ZZN8gdn_bf1617gdn_bf16_top_implEhthhPA128_K7ap_uintILi16EES4_S4_PS2_S5_PA128_S3_377|         array|
|p_ZZN8gdn_bf1617gdn_bf16_top_implEhthhPA128_K7ap_uintILi16EES4_S4_PS2_S5_PA128_S3_377_we0       |  out|    1|   ap_memory|  p_ZZN8gdn_bf1617gdn_bf16_top_implEhthhPA128_K7ap_uintILi16EES4_S4_PS2_S5_PA128_S3_377|         array|
|p_ZZN8gdn_bf1617gdn_bf16_top_implEhthhPA128_K7ap_uintILi16EES4_S4_PS2_S5_PA128_S3_377_d0        |  out|   16|   ap_memory|  p_ZZN8gdn_bf1617gdn_bf16_top_implEhthhPA128_K7ap_uintILi16EES4_S4_PS2_S5_PA128_S3_377|         array|
|p_ZZN8gdn_bf1617gdn_bf16_top_implEhthhPA128_K7ap_uintILi16EES4_S4_PS2_S5_PA128_S3_618_address0  |  out|    5|   ap_memory|  p_ZZN8gdn_bf1617gdn_bf16_top_implEhthhPA128_K7ap_uintILi16EES4_S4_PS2_S5_PA128_S3_618|         array|
|p_ZZN8gdn_bf1617gdn_bf16_top_implEhthhPA128_K7ap_uintILi16EES4_S4_PS2_S5_PA128_S3_618_ce0       |  out|    1|   ap_memory|  p_ZZN8gdn_bf1617gdn_bf16_top_implEhthhPA128_K7ap_uintILi16EES4_S4_PS2_S5_PA128_S3_618|         array|
|p_ZZN8gdn_bf1617gdn_bf16_top_implEhthhPA128_K7ap_uintILi16EES4_S4_PS2_S5_PA128_S3_618_we0       |  out|    1|   ap_memory|  p_ZZN8gdn_bf1617gdn_bf16_top_implEhthhPA128_K7ap_uintILi16EES4_S4_PS2_S5_PA128_S3_618|         array|
|p_ZZN8gdn_bf1617gdn_bf16_top_implEhthhPA128_K7ap_uintILi16EES4_S4_PS2_S5_PA128_S3_618_d0        |  out|   32|   ap_memory|  p_ZZN8gdn_bf1617gdn_bf16_top_implEhthhPA128_K7ap_uintILi16EES4_S4_PS2_S5_PA128_S3_618|         array|
|p_ZZN8gdn_bf1617gdn_bf16_top_implEhthhPA128_K7ap_uintILi16EES4_S4_PS2_S5_PA128_S3_378_address0  |  out|    5|   ap_memory|  p_ZZN8gdn_bf1617gdn_bf16_top_implEhthhPA128_K7ap_uintILi16EES4_S4_PS2_S5_PA128_S3_378|         array|
|p_ZZN8gdn_bf1617gdn_bf16_top_implEhthhPA128_K7ap_uintILi16EES4_S4_PS2_S5_PA128_S3_378_ce0       |  out|    1|   ap_memory|  p_ZZN8gdn_bf1617gdn_bf16_top_implEhthhPA128_K7ap_uintILi16EES4_S4_PS2_S5_PA128_S3_378|         array|
|p_ZZN8gdn_bf1617gdn_bf16_top_implEhthhPA128_K7ap_uintILi16EES4_S4_PS2_S5_PA128_S3_378_we0       |  out|    1|   ap_memory|  p_ZZN8gdn_bf1617gdn_bf16_top_implEhthhPA128_K7ap_uintILi16EES4_S4_PS2_S5_PA128_S3_378|         array|
|p_ZZN8gdn_bf1617gdn_bf16_top_implEhthhPA128_K7ap_uintILi16EES4_S4_PS2_S5_PA128_S3_378_d0        |  out|   16|   ap_memory|  p_ZZN8gdn_bf1617gdn_bf16_top_implEhthhPA128_K7ap_uintILi16EES4_S4_PS2_S5_PA128_S3_378|         array|
|p_ZZN8gdn_bf1617gdn_bf16_top_implEhthhPA128_K7ap_uintILi16EES4_S4_PS2_S5_PA128_S3_99_address0   |  out|    5|   ap_memory|   p_ZZN8gdn_bf1617gdn_bf16_top_implEhthhPA128_K7ap_uintILi16EES4_S4_PS2_S5_PA128_S3_99|         array|
|p_ZZN8gdn_bf1617gdn_bf16_top_implEhthhPA128_K7ap_uintILi16EES4_S4_PS2_S5_PA128_S3_99_ce0        |  out|    1|   ap_memory|   p_ZZN8gdn_bf1617gdn_bf16_top_implEhthhPA128_K7ap_uintILi16EES4_S4_PS2_S5_PA128_S3_99|         array|
|p_ZZN8gdn_bf1617gdn_bf16_top_implEhthhPA128_K7ap_uintILi16EES4_S4_PS2_S5_PA128_S3_99_we0        |  out|    1|   ap_memory|   p_ZZN8gdn_bf1617gdn_bf16_top_implEhthhPA128_K7ap_uintILi16EES4_S4_PS2_S5_PA128_S3_99|         array|
|p_ZZN8gdn_bf1617gdn_bf16_top_implEhthhPA128_K7ap_uintILi16EES4_S4_PS2_S5_PA128_S3_99_d0         |  out|   32|   ap_memory|   p_ZZN8gdn_bf1617gdn_bf16_top_implEhthhPA128_K7ap_uintILi16EES4_S4_PS2_S5_PA128_S3_99|         array|
|p_ZZN8gdn_bf1617gdn_bf16_top_implEhthhPA128_K7ap_uintILi16EES4_S4_PS2_S5_PA128_S3_379_address0  |  out|    5|   ap_memory|  p_ZZN8gdn_bf1617gdn_bf16_top_implEhthhPA128_K7ap_uintILi16EES4_S4_PS2_S5_PA128_S3_379|         array|
|p_ZZN8gdn_bf1617gdn_bf16_top_implEhthhPA128_K7ap_uintILi16EES4_S4_PS2_S5_PA128_S3_379_ce0       |  out|    1|   ap_memory|  p_ZZN8gdn_bf1617gdn_bf16_top_implEhthhPA128_K7ap_uintILi16EES4_S4_PS2_S5_PA128_S3_379|         array|
|p_ZZN8gdn_bf1617gdn_bf16_top_implEhthhPA128_K7ap_uintILi16EES4_S4_PS2_S5_PA128_S3_379_we0       |  out|    1|   ap_memory|  p_ZZN8gdn_bf1617gdn_bf16_top_implEhthhPA128_K7ap_uintILi16EES4_S4_PS2_S5_PA128_S3_379|         array|
|p_ZZN8gdn_bf1617gdn_bf16_top_implEhthhPA128_K7ap_uintILi16EES4_S4_PS2_S5_PA128_S3_379_d0        |  out|   16|   ap_memory|  p_ZZN8gdn_bf1617gdn_bf16_top_implEhthhPA128_K7ap_uintILi16EES4_S4_PS2_S5_PA128_S3_379|         array|
|p_ZZN8gdn_bf1617gdn_bf16_top_implEhthhPA128_K7ap_uintILi16EES4_S4_PS2_S5_PA128_S3_98_address0   |  out|    5|   ap_memory|   p_ZZN8gdn_bf1617gdn_bf16_top_implEhthhPA128_K7ap_uintILi16EES4_S4_PS2_S5_PA128_S3_98|         array|
|p_ZZN8gdn_bf1617gdn_bf16_top_implEhthhPA128_K7ap_uintILi16EES4_S4_PS2_S5_PA128_S3_98_ce0        |  out|    1|   ap_memory|   p_ZZN8gdn_bf1617gdn_bf16_top_implEhthhPA128_K7ap_uintILi16EES4_S4_PS2_S5_PA128_S3_98|         array|
|p_ZZN8gdn_bf1617gdn_bf16_top_implEhthhPA128_K7ap_uintILi16EES4_S4_PS2_S5_PA128_S3_98_we0        |  out|    1|   ap_memory|   p_ZZN8gdn_bf1617gdn_bf16_top_implEhthhPA128_K7ap_uintILi16EES4_S4_PS2_S5_PA128_S3_98|         array|
|p_ZZN8gdn_bf1617gdn_bf16_top_implEhthhPA128_K7ap_uintILi16EES4_S4_PS2_S5_PA128_S3_98_d0         |  out|   32|   ap_memory|   p_ZZN8gdn_bf1617gdn_bf16_top_implEhthhPA128_K7ap_uintILi16EES4_S4_PS2_S5_PA128_S3_98|         array|
|p_ZZN8gdn_bf1617gdn_bf16_top_implEhthhPA128_K7ap_uintILi16EES4_S4_PS2_S5_PA128_S3_380_address0  |  out|    5|   ap_memory|  p_ZZN8gdn_bf1617gdn_bf16_top_implEhthhPA128_K7ap_uintILi16EES4_S4_PS2_S5_PA128_S3_380|         array|
|p_ZZN8gdn_bf1617gdn_bf16_top_implEhthhPA128_K7ap_uintILi16EES4_S4_PS2_S5_PA128_S3_380_ce0       |  out|    1|   ap_memory|  p_ZZN8gdn_bf1617gdn_bf16_top_implEhthhPA128_K7ap_uintILi16EES4_S4_PS2_S5_PA128_S3_380|         array|
|p_ZZN8gdn_bf1617gdn_bf16_top_implEhthhPA128_K7ap_uintILi16EES4_S4_PS2_S5_PA128_S3_380_we0       |  out|    1|   ap_memory|  p_ZZN8gdn_bf1617gdn_bf16_top_implEhthhPA128_K7ap_uintILi16EES4_S4_PS2_S5_PA128_S3_380|         array|
|p_ZZN8gdn_bf1617gdn_bf16_top_implEhthhPA128_K7ap_uintILi16EES4_S4_PS2_S5_PA128_S3_380_d0        |  out|   16|   ap_memory|  p_ZZN8gdn_bf1617gdn_bf16_top_implEhthhPA128_K7ap_uintILi16EES4_S4_PS2_S5_PA128_S3_380|         array|
|p_ZZN8gdn_bf1617gdn_bf16_top_implEhthhPA128_K7ap_uintILi16EES4_S4_PS2_S5_PA128_S3_97_address0   |  out|    5|   ap_memory|   p_ZZN8gdn_bf1617gdn_bf16_top_implEhthhPA128_K7ap_uintILi16EES4_S4_PS2_S5_PA128_S3_97|         array|
|p_ZZN8gdn_bf1617gdn_bf16_top_implEhthhPA128_K7ap_uintILi16EES4_S4_PS2_S5_PA128_S3_97_ce0        |  out|    1|   ap_memory|   p_ZZN8gdn_bf1617gdn_bf16_top_implEhthhPA128_K7ap_uintILi16EES4_S4_PS2_S5_PA128_S3_97|         array|
|p_ZZN8gdn_bf1617gdn_bf16_top_implEhthhPA128_K7ap_uintILi16EES4_S4_PS2_S5_PA128_S3_97_we0        |  out|    1|   ap_memory|   p_ZZN8gdn_bf1617gdn_bf16_top_implEhthhPA128_K7ap_uintILi16EES4_S4_PS2_S5_PA128_S3_97|         array|
|p_ZZN8gdn_bf1617gdn_bf16_top_implEhthhPA128_K7ap_uintILi16EES4_S4_PS2_S5_PA128_S3_97_d0         |  out|   32|   ap_memory|   p_ZZN8gdn_bf1617gdn_bf16_top_implEhthhPA128_K7ap_uintILi16EES4_S4_PS2_S5_PA128_S3_97|         array|
|p_ZZN8gdn_bf1617gdn_bf16_top_implEhthhPA128_K7ap_uintILi16EES4_S4_PS2_S5_PA128_S3_381_address0  |  out|    5|   ap_memory|  p_ZZN8gdn_bf1617gdn_bf16_top_implEhthhPA128_K7ap_uintILi16EES4_S4_PS2_S5_PA128_S3_381|         array|
|p_ZZN8gdn_bf1617gdn_bf16_top_implEhthhPA128_K7ap_uintILi16EES4_S4_PS2_S5_PA128_S3_381_ce0       |  out|    1|   ap_memory|  p_ZZN8gdn_bf1617gdn_bf16_top_implEhthhPA128_K7ap_uintILi16EES4_S4_PS2_S5_PA128_S3_381|         array|
|p_ZZN8gdn_bf1617gdn_bf16_top_implEhthhPA128_K7ap_uintILi16EES4_S4_PS2_S5_PA128_S3_381_we0       |  out|    1|   ap_memory|  p_ZZN8gdn_bf1617gdn_bf16_top_implEhthhPA128_K7ap_uintILi16EES4_S4_PS2_S5_PA128_S3_381|         array|
|p_ZZN8gdn_bf1617gdn_bf16_top_implEhthhPA128_K7ap_uintILi16EES4_S4_PS2_S5_PA128_S3_381_d0        |  out|   16|   ap_memory|  p_ZZN8gdn_bf1617gdn_bf16_top_implEhthhPA128_K7ap_uintILi16EES4_S4_PS2_S5_PA128_S3_381|         array|
|p_ZZN8gdn_bf1617gdn_bf16_top_implEhthhPA128_K7ap_uintILi16EES4_S4_PS2_S5_PA128_S3_96_address0   |  out|    5|   ap_memory|   p_ZZN8gdn_bf1617gdn_bf16_top_implEhthhPA128_K7ap_uintILi16EES4_S4_PS2_S5_PA128_S3_96|         array|
|p_ZZN8gdn_bf1617gdn_bf16_top_implEhthhPA128_K7ap_uintILi16EES4_S4_PS2_S5_PA128_S3_96_ce0        |  out|    1|   ap_memory|   p_ZZN8gdn_bf1617gdn_bf16_top_implEhthhPA128_K7ap_uintILi16EES4_S4_PS2_S5_PA128_S3_96|         array|
|p_ZZN8gdn_bf1617gdn_bf16_top_implEhthhPA128_K7ap_uintILi16EES4_S4_PS2_S5_PA128_S3_96_we0        |  out|    1|   ap_memory|   p_ZZN8gdn_bf1617gdn_bf16_top_implEhthhPA128_K7ap_uintILi16EES4_S4_PS2_S5_PA128_S3_96|         array|
|p_ZZN8gdn_bf1617gdn_bf16_top_implEhthhPA128_K7ap_uintILi16EES4_S4_PS2_S5_PA128_S3_96_d0         |  out|   32|   ap_memory|   p_ZZN8gdn_bf1617gdn_bf16_top_implEhthhPA128_K7ap_uintILi16EES4_S4_PS2_S5_PA128_S3_96|         array|
|p_ZZN8gdn_bf1617gdn_bf16_top_implEhthhPA128_K7ap_uintILi16EES4_S4_PS2_S5_PA128_S3_382_address0  |  out|    5|   ap_memory|  p_ZZN8gdn_bf1617gdn_bf16_top_implEhthhPA128_K7ap_uintILi16EES4_S4_PS2_S5_PA128_S3_382|         array|
|p_ZZN8gdn_bf1617gdn_bf16_top_implEhthhPA128_K7ap_uintILi16EES4_S4_PS2_S5_PA128_S3_382_ce0       |  out|    1|   ap_memory|  p_ZZN8gdn_bf1617gdn_bf16_top_implEhthhPA128_K7ap_uintILi16EES4_S4_PS2_S5_PA128_S3_382|         array|
|p_ZZN8gdn_bf1617gdn_bf16_top_implEhthhPA128_K7ap_uintILi16EES4_S4_PS2_S5_PA128_S3_382_we0       |  out|    1|   ap_memory|  p_ZZN8gdn_bf1617gdn_bf16_top_implEhthhPA128_K7ap_uintILi16EES4_S4_PS2_S5_PA128_S3_382|         array|
|p_ZZN8gdn_bf1617gdn_bf16_top_implEhthhPA128_K7ap_uintILi16EES4_S4_PS2_S5_PA128_S3_382_d0        |  out|   16|   ap_memory|  p_ZZN8gdn_bf1617gdn_bf16_top_implEhthhPA128_K7ap_uintILi16EES4_S4_PS2_S5_PA128_S3_382|         array|
|gdn_bf16_top_impl_unsigned_char_unsigned_short_unsigned_char_unsigned_char_ap_ui_7_address0     |  out|    5|   ap_memory|     gdn_bf16_top_impl_unsigned_char_unsigned_short_unsigned_char_unsigned_char_ap_ui_7|         array|
|gdn_bf16_top_impl_unsigned_char_unsigned_short_unsigned_char_unsigned_char_ap_ui_7_ce0          |  out|    1|   ap_memory|     gdn_bf16_top_impl_unsigned_char_unsigned_short_unsigned_char_unsigned_char_ap_ui_7|         array|
|gdn_bf16_top_impl_unsigned_char_unsigned_short_unsigned_char_unsigned_char_ap_ui_7_we0          |  out|    1|   ap_memory|     gdn_bf16_top_impl_unsigned_char_unsigned_short_unsigned_char_unsigned_char_ap_ui_7|         array|
|gdn_bf16_top_impl_unsigned_char_unsigned_short_unsigned_char_unsigned_char_ap_ui_7_d0           |  out|   32|   ap_memory|     gdn_bf16_top_impl_unsigned_char_unsigned_short_unsigned_char_unsigned_char_ap_ui_7|         array|
|gdn_bf16_top_impl_unsigned_char_unsigned_short_unsigned_char_unsigned_char_ap_ui_15_address0    |  out|    5|   ap_memory|    gdn_bf16_top_impl_unsigned_char_unsigned_short_unsigned_char_unsigned_char_ap_ui_15|         array|
|gdn_bf16_top_impl_unsigned_char_unsigned_short_unsigned_char_unsigned_char_ap_ui_15_ce0         |  out|    1|   ap_memory|    gdn_bf16_top_impl_unsigned_char_unsigned_short_unsigned_char_unsigned_char_ap_ui_15|         array|
|gdn_bf16_top_impl_unsigned_char_unsigned_short_unsigned_char_unsigned_char_ap_ui_15_we0         |  out|    1|   ap_memory|    gdn_bf16_top_impl_unsigned_char_unsigned_short_unsigned_char_unsigned_char_ap_ui_15|         array|
|gdn_bf16_top_impl_unsigned_char_unsigned_short_unsigned_char_unsigned_char_ap_ui_15_d0          |  out|   16|   ap_memory|    gdn_bf16_top_impl_unsigned_char_unsigned_short_unsigned_char_unsigned_char_ap_ui_15|         array|
|gdn_bf16_top_impl_unsigned_char_unsigned_short_unsigned_char_unsigned_char_ap_ui_6_address0     |  out|    5|   ap_memory|     gdn_bf16_top_impl_unsigned_char_unsigned_short_unsigned_char_unsigned_char_ap_ui_6|         array|
|gdn_bf16_top_impl_unsigned_char_unsigned_short_unsigned_char_unsigned_char_ap_ui_6_ce0          |  out|    1|   ap_memory|     gdn_bf16_top_impl_unsigned_char_unsigned_short_unsigned_char_unsigned_char_ap_ui_6|         array|
|gdn_bf16_top_impl_unsigned_char_unsigned_short_unsigned_char_unsigned_char_ap_ui_6_we0          |  out|    1|   ap_memory|     gdn_bf16_top_impl_unsigned_char_unsigned_short_unsigned_char_unsigned_char_ap_ui_6|         array|
|gdn_bf16_top_impl_unsigned_char_unsigned_short_unsigned_char_unsigned_char_ap_ui_6_d0           |  out|   32|   ap_memory|     gdn_bf16_top_impl_unsigned_char_unsigned_short_unsigned_char_unsigned_char_ap_ui_6|         array|
|gdn_bf16_top_impl_unsigned_char_unsigned_short_unsigned_char_unsigned_char_ap_ui_14_address0    |  out|    5|   ap_memory|    gdn_bf16_top_impl_unsigned_char_unsigned_short_unsigned_char_unsigned_char_ap_ui_14|         array|
|gdn_bf16_top_impl_unsigned_char_unsigned_short_unsigned_char_unsigned_char_ap_ui_14_ce0         |  out|    1|   ap_memory|    gdn_bf16_top_impl_unsigned_char_unsigned_short_unsigned_char_unsigned_char_ap_ui_14|         array|
|gdn_bf16_top_impl_unsigned_char_unsigned_short_unsigned_char_unsigned_char_ap_ui_14_we0         |  out|    1|   ap_memory|    gdn_bf16_top_impl_unsigned_char_unsigned_short_unsigned_char_unsigned_char_ap_ui_14|         array|
|gdn_bf16_top_impl_unsigned_char_unsigned_short_unsigned_char_unsigned_char_ap_ui_14_d0          |  out|   16|   ap_memory|    gdn_bf16_top_impl_unsigned_char_unsigned_short_unsigned_char_unsigned_char_ap_ui_14|         array|
|gdn_bf16_top_impl_unsigned_char_unsigned_short_unsigned_char_unsigned_char_ap_ui_5_address0     |  out|    5|   ap_memory|     gdn_bf16_top_impl_unsigned_char_unsigned_short_unsigned_char_unsigned_char_ap_ui_5|         array|
|gdn_bf16_top_impl_unsigned_char_unsigned_short_unsigned_char_unsigned_char_ap_ui_5_ce0          |  out|    1|   ap_memory|     gdn_bf16_top_impl_unsigned_char_unsigned_short_unsigned_char_unsigned_char_ap_ui_5|         array|
|gdn_bf16_top_impl_unsigned_char_unsigned_short_unsigned_char_unsigned_char_ap_ui_5_we0          |  out|    1|   ap_memory|     gdn_bf16_top_impl_unsigned_char_unsigned_short_unsigned_char_unsigned_char_ap_ui_5|         array|
|gdn_bf16_top_impl_unsigned_char_unsigned_short_unsigned_char_unsigned_char_ap_ui_5_d0           |  out|   32|   ap_memory|     gdn_bf16_top_impl_unsigned_char_unsigned_short_unsigned_char_unsigned_char_ap_ui_5|         array|
|gdn_bf16_top_impl_unsigned_char_unsigned_short_unsigned_char_unsigned_char_ap_ui_13_address0    |  out|    5|   ap_memory|    gdn_bf16_top_impl_unsigned_char_unsigned_short_unsigned_char_unsigned_char_ap_ui_13|         array|
|gdn_bf16_top_impl_unsigned_char_unsigned_short_unsigned_char_unsigned_char_ap_ui_13_ce0         |  out|    1|   ap_memory|    gdn_bf16_top_impl_unsigned_char_unsigned_short_unsigned_char_unsigned_char_ap_ui_13|         array|
|gdn_bf16_top_impl_unsigned_char_unsigned_short_unsigned_char_unsigned_char_ap_ui_13_we0         |  out|    1|   ap_memory|    gdn_bf16_top_impl_unsigned_char_unsigned_short_unsigned_char_unsigned_char_ap_ui_13|         array|
|gdn_bf16_top_impl_unsigned_char_unsigned_short_unsigned_char_unsigned_char_ap_ui_13_d0          |  out|   16|   ap_memory|    gdn_bf16_top_impl_unsigned_char_unsigned_short_unsigned_char_unsigned_char_ap_ui_13|         array|
|gdn_bf16_top_impl_unsigned_char_unsigned_short_unsigned_char_unsigned_char_ap_ui_4_address0     |  out|    5|   ap_memory|     gdn_bf16_top_impl_unsigned_char_unsigned_short_unsigned_char_unsigned_char_ap_ui_4|         array|
|gdn_bf16_top_impl_unsigned_char_unsigned_short_unsigned_char_unsigned_char_ap_ui_4_ce0          |  out|    1|   ap_memory|     gdn_bf16_top_impl_unsigned_char_unsigned_short_unsigned_char_unsigned_char_ap_ui_4|         array|
|gdn_bf16_top_impl_unsigned_char_unsigned_short_unsigned_char_unsigned_char_ap_ui_4_we0          |  out|    1|   ap_memory|     gdn_bf16_top_impl_unsigned_char_unsigned_short_unsigned_char_unsigned_char_ap_ui_4|         array|
|gdn_bf16_top_impl_unsigned_char_unsigned_short_unsigned_char_unsigned_char_ap_ui_4_d0           |  out|   32|   ap_memory|     gdn_bf16_top_impl_unsigned_char_unsigned_short_unsigned_char_unsigned_char_ap_ui_4|         array|
|gdn_bf16_top_impl_unsigned_char_unsigned_short_unsigned_char_unsigned_char_ap_ui_12_address0    |  out|    5|   ap_memory|    gdn_bf16_top_impl_unsigned_char_unsigned_short_unsigned_char_unsigned_char_ap_ui_12|         array|
|gdn_bf16_top_impl_unsigned_char_unsigned_short_unsigned_char_unsigned_char_ap_ui_12_ce0         |  out|    1|   ap_memory|    gdn_bf16_top_impl_unsigned_char_unsigned_short_unsigned_char_unsigned_char_ap_ui_12|         array|
|gdn_bf16_top_impl_unsigned_char_unsigned_short_unsigned_char_unsigned_char_ap_ui_12_we0         |  out|    1|   ap_memory|    gdn_bf16_top_impl_unsigned_char_unsigned_short_unsigned_char_unsigned_char_ap_ui_12|         array|
|gdn_bf16_top_impl_unsigned_char_unsigned_short_unsigned_char_unsigned_char_ap_ui_12_d0          |  out|   16|   ap_memory|    gdn_bf16_top_impl_unsigned_char_unsigned_short_unsigned_char_unsigned_char_ap_ui_12|         array|
|gdn_bf16_top_impl_unsigned_char_unsigned_short_unsigned_char_unsigned_char_ap_ui_3_address0     |  out|    5|   ap_memory|     gdn_bf16_top_impl_unsigned_char_unsigned_short_unsigned_char_unsigned_char_ap_ui_3|         array|
|gdn_bf16_top_impl_unsigned_char_unsigned_short_unsigned_char_unsigned_char_ap_ui_3_ce0          |  out|    1|   ap_memory|     gdn_bf16_top_impl_unsigned_char_unsigned_short_unsigned_char_unsigned_char_ap_ui_3|         array|
|gdn_bf16_top_impl_unsigned_char_unsigned_short_unsigned_char_unsigned_char_ap_ui_3_we0          |  out|    1|   ap_memory|     gdn_bf16_top_impl_unsigned_char_unsigned_short_unsigned_char_unsigned_char_ap_ui_3|         array|
|gdn_bf16_top_impl_unsigned_char_unsigned_short_unsigned_char_unsigned_char_ap_ui_3_d0           |  out|   32|   ap_memory|     gdn_bf16_top_impl_unsigned_char_unsigned_short_unsigned_char_unsigned_char_ap_ui_3|         array|
|gdn_bf16_top_impl_unsigned_char_unsigned_short_unsigned_char_unsigned_char_ap_ui_11_address0    |  out|    5|   ap_memory|    gdn_bf16_top_impl_unsigned_char_unsigned_short_unsigned_char_unsigned_char_ap_ui_11|         array|
|gdn_bf16_top_impl_unsigned_char_unsigned_short_unsigned_char_unsigned_char_ap_ui_11_ce0         |  out|    1|   ap_memory|    gdn_bf16_top_impl_unsigned_char_unsigned_short_unsigned_char_unsigned_char_ap_ui_11|         array|
|gdn_bf16_top_impl_unsigned_char_unsigned_short_unsigned_char_unsigned_char_ap_ui_11_we0         |  out|    1|   ap_memory|    gdn_bf16_top_impl_unsigned_char_unsigned_short_unsigned_char_unsigned_char_ap_ui_11|         array|
|gdn_bf16_top_impl_unsigned_char_unsigned_short_unsigned_char_unsigned_char_ap_ui_11_d0          |  out|   16|   ap_memory|    gdn_bf16_top_impl_unsigned_char_unsigned_short_unsigned_char_unsigned_char_ap_ui_11|         array|
|gdn_bf16_top_impl_unsigned_char_unsigned_short_unsigned_char_unsigned_char_ap_ui_2_address0     |  out|    5|   ap_memory|     gdn_bf16_top_impl_unsigned_char_unsigned_short_unsigned_char_unsigned_char_ap_ui_2|         array|
|gdn_bf16_top_impl_unsigned_char_unsigned_short_unsigned_char_unsigned_char_ap_ui_2_ce0          |  out|    1|   ap_memory|     gdn_bf16_top_impl_unsigned_char_unsigned_short_unsigned_char_unsigned_char_ap_ui_2|         array|
|gdn_bf16_top_impl_unsigned_char_unsigned_short_unsigned_char_unsigned_char_ap_ui_2_we0          |  out|    1|   ap_memory|     gdn_bf16_top_impl_unsigned_char_unsigned_short_unsigned_char_unsigned_char_ap_ui_2|         array|
|gdn_bf16_top_impl_unsigned_char_unsigned_short_unsigned_char_unsigned_char_ap_ui_2_d0           |  out|   32|   ap_memory|     gdn_bf16_top_impl_unsigned_char_unsigned_short_unsigned_char_unsigned_char_ap_ui_2|         array|
|gdn_bf16_top_impl_unsigned_char_unsigned_short_unsigned_char_unsigned_char_ap_ui_10_address0    |  out|    5|   ap_memory|    gdn_bf16_top_impl_unsigned_char_unsigned_short_unsigned_char_unsigned_char_ap_ui_10|         array|
|gdn_bf16_top_impl_unsigned_char_unsigned_short_unsigned_char_unsigned_char_ap_ui_10_ce0         |  out|    1|   ap_memory|    gdn_bf16_top_impl_unsigned_char_unsigned_short_unsigned_char_unsigned_char_ap_ui_10|         array|
|gdn_bf16_top_impl_unsigned_char_unsigned_short_unsigned_char_unsigned_char_ap_ui_10_we0         |  out|    1|   ap_memory|    gdn_bf16_top_impl_unsigned_char_unsigned_short_unsigned_char_unsigned_char_ap_ui_10|         array|
|gdn_bf16_top_impl_unsigned_char_unsigned_short_unsigned_char_unsigned_char_ap_ui_10_d0          |  out|   16|   ap_memory|    gdn_bf16_top_impl_unsigned_char_unsigned_short_unsigned_char_unsigned_char_ap_ui_10|         array|
|gdn_bf16_top_impl_unsigned_char_unsigned_short_unsigned_char_unsigned_char_ap_ui_1_address0     |  out|    5|   ap_memory|     gdn_bf16_top_impl_unsigned_char_unsigned_short_unsigned_char_unsigned_char_ap_ui_1|         array|
|gdn_bf16_top_impl_unsigned_char_unsigned_short_unsigned_char_unsigned_char_ap_ui_1_ce0          |  out|    1|   ap_memory|     gdn_bf16_top_impl_unsigned_char_unsigned_short_unsigned_char_unsigned_char_ap_ui_1|         array|
|gdn_bf16_top_impl_unsigned_char_unsigned_short_unsigned_char_unsigned_char_ap_ui_1_we0          |  out|    1|   ap_memory|     gdn_bf16_top_impl_unsigned_char_unsigned_short_unsigned_char_unsigned_char_ap_ui_1|         array|
|gdn_bf16_top_impl_unsigned_char_unsigned_short_unsigned_char_unsigned_char_ap_ui_1_d0           |  out|   32|   ap_memory|     gdn_bf16_top_impl_unsigned_char_unsigned_short_unsigned_char_unsigned_char_ap_ui_1|         array|
|gdn_bf16_top_impl_unsigned_char_unsigned_short_unsigned_char_unsigned_char_ap_ui_9_address0     |  out|    5|   ap_memory|     gdn_bf16_top_impl_unsigned_char_unsigned_short_unsigned_char_unsigned_char_ap_ui_9|         array|
|gdn_bf16_top_impl_unsigned_char_unsigned_short_unsigned_char_unsigned_char_ap_ui_9_ce0          |  out|    1|   ap_memory|     gdn_bf16_top_impl_unsigned_char_unsigned_short_unsigned_char_unsigned_char_ap_ui_9|         array|
|gdn_bf16_top_impl_unsigned_char_unsigned_short_unsigned_char_unsigned_char_ap_ui_9_we0          |  out|    1|   ap_memory|     gdn_bf16_top_impl_unsigned_char_unsigned_short_unsigned_char_unsigned_char_ap_ui_9|         array|
|gdn_bf16_top_impl_unsigned_char_unsigned_short_unsigned_char_unsigned_char_ap_ui_9_d0           |  out|   16|   ap_memory|     gdn_bf16_top_impl_unsigned_char_unsigned_short_unsigned_char_unsigned_char_ap_ui_9|         array|
|gdn_bf16_top_impl_unsigned_char_unsigned_short_unsigned_char_unsigned_char_ap_ui_address0       |  out|    5|   ap_memory|       gdn_bf16_top_impl_unsigned_char_unsigned_short_unsigned_char_unsigned_char_ap_ui|         array|
|gdn_bf16_top_impl_unsigned_char_unsigned_short_unsigned_char_unsigned_char_ap_ui_ce0            |  out|    1|   ap_memory|       gdn_bf16_top_impl_unsigned_char_unsigned_short_unsigned_char_unsigned_char_ap_ui|         array|
|gdn_bf16_top_impl_unsigned_char_unsigned_short_unsigned_char_unsigned_char_ap_ui_we0            |  out|    1|   ap_memory|       gdn_bf16_top_impl_unsigned_char_unsigned_short_unsigned_char_unsigned_char_ap_ui|         array|
|gdn_bf16_top_impl_unsigned_char_unsigned_short_unsigned_char_unsigned_char_ap_ui_d0             |  out|   32|   ap_memory|       gdn_bf16_top_impl_unsigned_char_unsigned_short_unsigned_char_unsigned_char_ap_ui|         array|
|gdn_bf16_top_impl_unsigned_char_unsigned_short_unsigned_char_unsigned_char_ap_ui_8_address0     |  out|    5|   ap_memory|     gdn_bf16_top_impl_unsigned_char_unsigned_short_unsigned_char_unsigned_char_ap_ui_8|         array|
|gdn_bf16_top_impl_unsigned_char_unsigned_short_unsigned_char_unsigned_char_ap_ui_8_ce0          |  out|    1|   ap_memory|     gdn_bf16_top_impl_unsigned_char_unsigned_short_unsigned_char_unsigned_char_ap_ui_8|         array|
|gdn_bf16_top_impl_unsigned_char_unsigned_short_unsigned_char_unsigned_char_ap_ui_8_we0          |  out|    1|   ap_memory|     gdn_bf16_top_impl_unsigned_char_unsigned_short_unsigned_char_unsigned_char_ap_ui_8|         array|
|gdn_bf16_top_impl_unsigned_char_unsigned_short_unsigned_char_unsigned_char_ap_ui_8_d0           |  out|   16|   ap_memory|     gdn_bf16_top_impl_unsigned_char_unsigned_short_unsigned_char_unsigned_char_ap_ui_8|         array|
|p_ZZN8gdn_bf1617gdn_bf16_top_implEhthhPA128_K7ap_uintILi16EES4_S4_PS2_S5_PA128_S3_95_address0   |  out|    5|   ap_memory|   p_ZZN8gdn_bf1617gdn_bf16_top_implEhthhPA128_K7ap_uintILi16EES4_S4_PS2_S5_PA128_S3_95|         array|
|p_ZZN8gdn_bf1617gdn_bf16_top_implEhthhPA128_K7ap_uintILi16EES4_S4_PS2_S5_PA128_S3_95_ce0        |  out|    1|   ap_memory|   p_ZZN8gdn_bf1617gdn_bf16_top_implEhthhPA128_K7ap_uintILi16EES4_S4_PS2_S5_PA128_S3_95|         array|
|p_ZZN8gdn_bf1617gdn_bf16_top_implEhthhPA128_K7ap_uintILi16EES4_S4_PS2_S5_PA128_S3_95_we0        |  out|    1|   ap_memory|   p_ZZN8gdn_bf1617gdn_bf16_top_implEhthhPA128_K7ap_uintILi16EES4_S4_PS2_S5_PA128_S3_95|         array|
|p_ZZN8gdn_bf1617gdn_bf16_top_implEhthhPA128_K7ap_uintILi16EES4_S4_PS2_S5_PA128_S3_95_d0         |  out|   32|   ap_memory|   p_ZZN8gdn_bf1617gdn_bf16_top_implEhthhPA128_K7ap_uintILi16EES4_S4_PS2_S5_PA128_S3_95|         array|
|p_ZZN8gdn_bf1617gdn_bf16_top_implEhthhPA128_K7ap_uintILi16EES4_S4_PS2_S5_PA128_S3_383_address0  |  out|    5|   ap_memory|  p_ZZN8gdn_bf1617gdn_bf16_top_implEhthhPA128_K7ap_uintILi16EES4_S4_PS2_S5_PA128_S3_383|         array|
|p_ZZN8gdn_bf1617gdn_bf16_top_implEhthhPA128_K7ap_uintILi16EES4_S4_PS2_S5_PA128_S3_383_ce0       |  out|    1|   ap_memory|  p_ZZN8gdn_bf1617gdn_bf16_top_implEhthhPA128_K7ap_uintILi16EES4_S4_PS2_S5_PA128_S3_383|         array|
|p_ZZN8gdn_bf1617gdn_bf16_top_implEhthhPA128_K7ap_uintILi16EES4_S4_PS2_S5_PA128_S3_383_we0       |  out|    1|   ap_memory|  p_ZZN8gdn_bf1617gdn_bf16_top_implEhthhPA128_K7ap_uintILi16EES4_S4_PS2_S5_PA128_S3_383|         array|
|p_ZZN8gdn_bf1617gdn_bf16_top_implEhthhPA128_K7ap_uintILi16EES4_S4_PS2_S5_PA128_S3_383_d0        |  out|   16|   ap_memory|  p_ZZN8gdn_bf1617gdn_bf16_top_implEhthhPA128_K7ap_uintILi16EES4_S4_PS2_S5_PA128_S3_383|         array|
|p_ZZN8gdn_bf1617gdn_bf16_top_implEhthhPA128_K7ap_uintILi16EES4_S4_PS2_S5_PA128_S3_94_address0   |  out|    5|   ap_memory|   p_ZZN8gdn_bf1617gdn_bf16_top_implEhthhPA128_K7ap_uintILi16EES4_S4_PS2_S5_PA128_S3_94|         array|
|p_ZZN8gdn_bf1617gdn_bf16_top_implEhthhPA128_K7ap_uintILi16EES4_S4_PS2_S5_PA128_S3_94_ce0        |  out|    1|   ap_memory|   p_ZZN8gdn_bf1617gdn_bf16_top_implEhthhPA128_K7ap_uintILi16EES4_S4_PS2_S5_PA128_S3_94|         array|
|p_ZZN8gdn_bf1617gdn_bf16_top_implEhthhPA128_K7ap_uintILi16EES4_S4_PS2_S5_PA128_S3_94_we0        |  out|    1|   ap_memory|   p_ZZN8gdn_bf1617gdn_bf16_top_implEhthhPA128_K7ap_uintILi16EES4_S4_PS2_S5_PA128_S3_94|         array|
|p_ZZN8gdn_bf1617gdn_bf16_top_implEhthhPA128_K7ap_uintILi16EES4_S4_PS2_S5_PA128_S3_94_d0         |  out|   32|   ap_memory|   p_ZZN8gdn_bf1617gdn_bf16_top_implEhthhPA128_K7ap_uintILi16EES4_S4_PS2_S5_PA128_S3_94|         array|
|p_ZZN8gdn_bf1617gdn_bf16_top_implEhthhPA128_K7ap_uintILi16EES4_S4_PS2_S5_PA128_S3_384_address0  |  out|    5|   ap_memory|  p_ZZN8gdn_bf1617gdn_bf16_top_implEhthhPA128_K7ap_uintILi16EES4_S4_PS2_S5_PA128_S3_384|         array|
|p_ZZN8gdn_bf1617gdn_bf16_top_implEhthhPA128_K7ap_uintILi16EES4_S4_PS2_S5_PA128_S3_384_ce0       |  out|    1|   ap_memory|  p_ZZN8gdn_bf1617gdn_bf16_top_implEhthhPA128_K7ap_uintILi16EES4_S4_PS2_S5_PA128_S3_384|         array|
|p_ZZN8gdn_bf1617gdn_bf16_top_implEhthhPA128_K7ap_uintILi16EES4_S4_PS2_S5_PA128_S3_384_we0       |  out|    1|   ap_memory|  p_ZZN8gdn_bf1617gdn_bf16_top_implEhthhPA128_K7ap_uintILi16EES4_S4_PS2_S5_PA128_S3_384|         array|
|p_ZZN8gdn_bf1617gdn_bf16_top_implEhthhPA128_K7ap_uintILi16EES4_S4_PS2_S5_PA128_S3_384_d0        |  out|   16|   ap_memory|  p_ZZN8gdn_bf1617gdn_bf16_top_implEhthhPA128_K7ap_uintILi16EES4_S4_PS2_S5_PA128_S3_384|         array|
|p_ZZN8gdn_bf1617gdn_bf16_top_implEhthhPA128_K7ap_uintILi16EES4_S4_PS2_S5_PA128_S3_93_address0   |  out|    5|   ap_memory|   p_ZZN8gdn_bf1617gdn_bf16_top_implEhthhPA128_K7ap_uintILi16EES4_S4_PS2_S5_PA128_S3_93|         array|
|p_ZZN8gdn_bf1617gdn_bf16_top_implEhthhPA128_K7ap_uintILi16EES4_S4_PS2_S5_PA128_S3_93_ce0        |  out|    1|   ap_memory|   p_ZZN8gdn_bf1617gdn_bf16_top_implEhthhPA128_K7ap_uintILi16EES4_S4_PS2_S5_PA128_S3_93|         array|
|p_ZZN8gdn_bf1617gdn_bf16_top_implEhthhPA128_K7ap_uintILi16EES4_S4_PS2_S5_PA128_S3_93_we0        |  out|    1|   ap_memory|   p_ZZN8gdn_bf1617gdn_bf16_top_implEhthhPA128_K7ap_uintILi16EES4_S4_PS2_S5_PA128_S3_93|         array|
|p_ZZN8gdn_bf1617gdn_bf16_top_implEhthhPA128_K7ap_uintILi16EES4_S4_PS2_S5_PA128_S3_93_d0         |  out|   32|   ap_memory|   p_ZZN8gdn_bf1617gdn_bf16_top_implEhthhPA128_K7ap_uintILi16EES4_S4_PS2_S5_PA128_S3_93|         array|
|p_ZZN8gdn_bf1617gdn_bf16_top_implEhthhPA128_K7ap_uintILi16EES4_S4_PS2_S5_PA128_S3_385_address0  |  out|    5|   ap_memory|  p_ZZN8gdn_bf1617gdn_bf16_top_implEhthhPA128_K7ap_uintILi16EES4_S4_PS2_S5_PA128_S3_385|         array|
|p_ZZN8gdn_bf1617gdn_bf16_top_implEhthhPA128_K7ap_uintILi16EES4_S4_PS2_S5_PA128_S3_385_ce0       |  out|    1|   ap_memory|  p_ZZN8gdn_bf1617gdn_bf16_top_implEhthhPA128_K7ap_uintILi16EES4_S4_PS2_S5_PA128_S3_385|         array|
|p_ZZN8gdn_bf1617gdn_bf16_top_implEhthhPA128_K7ap_uintILi16EES4_S4_PS2_S5_PA128_S3_385_we0       |  out|    1|   ap_memory|  p_ZZN8gdn_bf1617gdn_bf16_top_implEhthhPA128_K7ap_uintILi16EES4_S4_PS2_S5_PA128_S3_385|         array|
|p_ZZN8gdn_bf1617gdn_bf16_top_implEhthhPA128_K7ap_uintILi16EES4_S4_PS2_S5_PA128_S3_385_d0        |  out|   16|   ap_memory|  p_ZZN8gdn_bf1617gdn_bf16_top_implEhthhPA128_K7ap_uintILi16EES4_S4_PS2_S5_PA128_S3_385|         array|
|p_ZZN8gdn_bf1617gdn_bf16_top_implEhthhPA128_K7ap_uintILi16EES4_S4_PS2_S5_PA128_S3_92_address0   |  out|    5|   ap_memory|   p_ZZN8gdn_bf1617gdn_bf16_top_implEhthhPA128_K7ap_uintILi16EES4_S4_PS2_S5_PA128_S3_92|         array|
|p_ZZN8gdn_bf1617gdn_bf16_top_implEhthhPA128_K7ap_uintILi16EES4_S4_PS2_S5_PA128_S3_92_ce0        |  out|    1|   ap_memory|   p_ZZN8gdn_bf1617gdn_bf16_top_implEhthhPA128_K7ap_uintILi16EES4_S4_PS2_S5_PA128_S3_92|         array|
|p_ZZN8gdn_bf1617gdn_bf16_top_implEhthhPA128_K7ap_uintILi16EES4_S4_PS2_S5_PA128_S3_92_we0        |  out|    1|   ap_memory|   p_ZZN8gdn_bf1617gdn_bf16_top_implEhthhPA128_K7ap_uintILi16EES4_S4_PS2_S5_PA128_S3_92|         array|
|p_ZZN8gdn_bf1617gdn_bf16_top_implEhthhPA128_K7ap_uintILi16EES4_S4_PS2_S5_PA128_S3_92_d0         |  out|   32|   ap_memory|   p_ZZN8gdn_bf1617gdn_bf16_top_implEhthhPA128_K7ap_uintILi16EES4_S4_PS2_S5_PA128_S3_92|         array|
|p_ZZN8gdn_bf1617gdn_bf16_top_implEhthhPA128_K7ap_uintILi16EES4_S4_PS2_S5_PA128_S3_386_address0  |  out|    5|   ap_memory|  p_ZZN8gdn_bf1617gdn_bf16_top_implEhthhPA128_K7ap_uintILi16EES4_S4_PS2_S5_PA128_S3_386|         array|
|p_ZZN8gdn_bf1617gdn_bf16_top_implEhthhPA128_K7ap_uintILi16EES4_S4_PS2_S5_PA128_S3_386_ce0       |  out|    1|   ap_memory|  p_ZZN8gdn_bf1617gdn_bf16_top_implEhthhPA128_K7ap_uintILi16EES4_S4_PS2_S5_PA128_S3_386|         array|
|p_ZZN8gdn_bf1617gdn_bf16_top_implEhthhPA128_K7ap_uintILi16EES4_S4_PS2_S5_PA128_S3_386_we0       |  out|    1|   ap_memory|  p_ZZN8gdn_bf1617gdn_bf16_top_implEhthhPA128_K7ap_uintILi16EES4_S4_PS2_S5_PA128_S3_386|         array|
|p_ZZN8gdn_bf1617gdn_bf16_top_implEhthhPA128_K7ap_uintILi16EES4_S4_PS2_S5_PA128_S3_386_d0        |  out|   16|   ap_memory|  p_ZZN8gdn_bf1617gdn_bf16_top_implEhthhPA128_K7ap_uintILi16EES4_S4_PS2_S5_PA128_S3_386|         array|
|p_ZZN8gdn_bf1617gdn_bf16_top_implEhthhPA128_K7ap_uintILi16EES4_S4_PS2_S5_PA128_S3_91_address0   |  out|    5|   ap_memory|   p_ZZN8gdn_bf1617gdn_bf16_top_implEhthhPA128_K7ap_uintILi16EES4_S4_PS2_S5_PA128_S3_91|         array|
|p_ZZN8gdn_bf1617gdn_bf16_top_implEhthhPA128_K7ap_uintILi16EES4_S4_PS2_S5_PA128_S3_91_ce0        |  out|    1|   ap_memory|   p_ZZN8gdn_bf1617gdn_bf16_top_implEhthhPA128_K7ap_uintILi16EES4_S4_PS2_S5_PA128_S3_91|         array|
|p_ZZN8gdn_bf1617gdn_bf16_top_implEhthhPA128_K7ap_uintILi16EES4_S4_PS2_S5_PA128_S3_91_we0        |  out|    1|   ap_memory|   p_ZZN8gdn_bf1617gdn_bf16_top_implEhthhPA128_K7ap_uintILi16EES4_S4_PS2_S5_PA128_S3_91|         array|
|p_ZZN8gdn_bf1617gdn_bf16_top_implEhthhPA128_K7ap_uintILi16EES4_S4_PS2_S5_PA128_S3_91_d0         |  out|   32|   ap_memory|   p_ZZN8gdn_bf1617gdn_bf16_top_implEhthhPA128_K7ap_uintILi16EES4_S4_PS2_S5_PA128_S3_91|         array|
|p_ZZN8gdn_bf1617gdn_bf16_top_implEhthhPA128_K7ap_uintILi16EES4_S4_PS2_S5_PA128_S3_387_address0  |  out|    5|   ap_memory|  p_ZZN8gdn_bf1617gdn_bf16_top_implEhthhPA128_K7ap_uintILi16EES4_S4_PS2_S5_PA128_S3_387|         array|
|p_ZZN8gdn_bf1617gdn_bf16_top_implEhthhPA128_K7ap_uintILi16EES4_S4_PS2_S5_PA128_S3_387_ce0       |  out|    1|   ap_memory|  p_ZZN8gdn_bf1617gdn_bf16_top_implEhthhPA128_K7ap_uintILi16EES4_S4_PS2_S5_PA128_S3_387|         array|
|p_ZZN8gdn_bf1617gdn_bf16_top_implEhthhPA128_K7ap_uintILi16EES4_S4_PS2_S5_PA128_S3_387_we0       |  out|    1|   ap_memory|  p_ZZN8gdn_bf1617gdn_bf16_top_implEhthhPA128_K7ap_uintILi16EES4_S4_PS2_S5_PA128_S3_387|         array|
|p_ZZN8gdn_bf1617gdn_bf16_top_implEhthhPA128_K7ap_uintILi16EES4_S4_PS2_S5_PA128_S3_387_d0        |  out|   16|   ap_memory|  p_ZZN8gdn_bf1617gdn_bf16_top_implEhthhPA128_K7ap_uintILi16EES4_S4_PS2_S5_PA128_S3_387|         array|
|p_ZZN8gdn_bf1617gdn_bf16_top_implEhthhPA128_K7ap_uintILi16EES4_S4_PS2_S5_PA128_S3_90_address0   |  out|    5|   ap_memory|   p_ZZN8gdn_bf1617gdn_bf16_top_implEhthhPA128_K7ap_uintILi16EES4_S4_PS2_S5_PA128_S3_90|         array|
|p_ZZN8gdn_bf1617gdn_bf16_top_implEhthhPA128_K7ap_uintILi16EES4_S4_PS2_S5_PA128_S3_90_ce0        |  out|    1|   ap_memory|   p_ZZN8gdn_bf1617gdn_bf16_top_implEhthhPA128_K7ap_uintILi16EES4_S4_PS2_S5_PA128_S3_90|         array|
|p_ZZN8gdn_bf1617gdn_bf16_top_implEhthhPA128_K7ap_uintILi16EES4_S4_PS2_S5_PA128_S3_90_we0        |  out|    1|   ap_memory|   p_ZZN8gdn_bf1617gdn_bf16_top_implEhthhPA128_K7ap_uintILi16EES4_S4_PS2_S5_PA128_S3_90|         array|
|p_ZZN8gdn_bf1617gdn_bf16_top_implEhthhPA128_K7ap_uintILi16EES4_S4_PS2_S5_PA128_S3_90_d0         |  out|   32|   ap_memory|   p_ZZN8gdn_bf1617gdn_bf16_top_implEhthhPA128_K7ap_uintILi16EES4_S4_PS2_S5_PA128_S3_90|         array|
|p_ZZN8gdn_bf1617gdn_bf16_top_implEhthhPA128_K7ap_uintILi16EES4_S4_PS2_S5_PA128_S3_388_address0  |  out|    5|   ap_memory|  p_ZZN8gdn_bf1617gdn_bf16_top_implEhthhPA128_K7ap_uintILi16EES4_S4_PS2_S5_PA128_S3_388|         array|
|p_ZZN8gdn_bf1617gdn_bf16_top_implEhthhPA128_K7ap_uintILi16EES4_S4_PS2_S5_PA128_S3_388_ce0       |  out|    1|   ap_memory|  p_ZZN8gdn_bf1617gdn_bf16_top_implEhthhPA128_K7ap_uintILi16EES4_S4_PS2_S5_PA128_S3_388|         array|
|p_ZZN8gdn_bf1617gdn_bf16_top_implEhthhPA128_K7ap_uintILi16EES4_S4_PS2_S5_PA128_S3_388_we0       |  out|    1|   ap_memory|  p_ZZN8gdn_bf1617gdn_bf16_top_implEhthhPA128_K7ap_uintILi16EES4_S4_PS2_S5_PA128_S3_388|         array|
|p_ZZN8gdn_bf1617gdn_bf16_top_implEhthhPA128_K7ap_uintILi16EES4_S4_PS2_S5_PA128_S3_388_d0        |  out|   16|   ap_memory|  p_ZZN8gdn_bf1617gdn_bf16_top_implEhthhPA128_K7ap_uintILi16EES4_S4_PS2_S5_PA128_S3_388|         array|
|p_ZZN8gdn_bf1617gdn_bf16_top_implEhthhPA128_K7ap_uintILi16EES4_S4_PS2_S5_PA128_S3_89_address0   |  out|    5|   ap_memory|   p_ZZN8gdn_bf1617gdn_bf16_top_implEhthhPA128_K7ap_uintILi16EES4_S4_PS2_S5_PA128_S3_89|         array|
|p_ZZN8gdn_bf1617gdn_bf16_top_implEhthhPA128_K7ap_uintILi16EES4_S4_PS2_S5_PA128_S3_89_ce0        |  out|    1|   ap_memory|   p_ZZN8gdn_bf1617gdn_bf16_top_implEhthhPA128_K7ap_uintILi16EES4_S4_PS2_S5_PA128_S3_89|         array|
|p_ZZN8gdn_bf1617gdn_bf16_top_implEhthhPA128_K7ap_uintILi16EES4_S4_PS2_S5_PA128_S3_89_we0        |  out|    1|   ap_memory|   p_ZZN8gdn_bf1617gdn_bf16_top_implEhthhPA128_K7ap_uintILi16EES4_S4_PS2_S5_PA128_S3_89|         array|
|p_ZZN8gdn_bf1617gdn_bf16_top_implEhthhPA128_K7ap_uintILi16EES4_S4_PS2_S5_PA128_S3_89_d0         |  out|   32|   ap_memory|   p_ZZN8gdn_bf1617gdn_bf16_top_implEhthhPA128_K7ap_uintILi16EES4_S4_PS2_S5_PA128_S3_89|         array|
|p_ZZN8gdn_bf1617gdn_bf16_top_implEhthhPA128_K7ap_uintILi16EES4_S4_PS2_S5_PA128_S3_389_address0  |  out|    5|   ap_memory|  p_ZZN8gdn_bf1617gdn_bf16_top_implEhthhPA128_K7ap_uintILi16EES4_S4_PS2_S5_PA128_S3_389|         array|
|p_ZZN8gdn_bf1617gdn_bf16_top_implEhthhPA128_K7ap_uintILi16EES4_S4_PS2_S5_PA128_S3_389_ce0       |  out|    1|   ap_memory|  p_ZZN8gdn_bf1617gdn_bf16_top_implEhthhPA128_K7ap_uintILi16EES4_S4_PS2_S5_PA128_S3_389|         array|
|p_ZZN8gdn_bf1617gdn_bf16_top_implEhthhPA128_K7ap_uintILi16EES4_S4_PS2_S5_PA128_S3_389_we0       |  out|    1|   ap_memory|  p_ZZN8gdn_bf1617gdn_bf16_top_implEhthhPA128_K7ap_uintILi16EES4_S4_PS2_S5_PA128_S3_389|         array|
|p_ZZN8gdn_bf1617gdn_bf16_top_implEhthhPA128_K7ap_uintILi16EES4_S4_PS2_S5_PA128_S3_389_d0        |  out|   16|   ap_memory|  p_ZZN8gdn_bf1617gdn_bf16_top_implEhthhPA128_K7ap_uintILi16EES4_S4_PS2_S5_PA128_S3_389|         array|
|p_ZZN8gdn_bf1617gdn_bf16_top_implEhthhPA128_K7ap_uintILi16EES4_S4_PS2_S5_PA128_S3_88_address0   |  out|    5|   ap_memory|   p_ZZN8gdn_bf1617gdn_bf16_top_implEhthhPA128_K7ap_uintILi16EES4_S4_PS2_S5_PA128_S3_88|         array|
|p_ZZN8gdn_bf1617gdn_bf16_top_implEhthhPA128_K7ap_uintILi16EES4_S4_PS2_S5_PA128_S3_88_ce0        |  out|    1|   ap_memory|   p_ZZN8gdn_bf1617gdn_bf16_top_implEhthhPA128_K7ap_uintILi16EES4_S4_PS2_S5_PA128_S3_88|         array|
|p_ZZN8gdn_bf1617gdn_bf16_top_implEhthhPA128_K7ap_uintILi16EES4_S4_PS2_S5_PA128_S3_88_we0        |  out|    1|   ap_memory|   p_ZZN8gdn_bf1617gdn_bf16_top_implEhthhPA128_K7ap_uintILi16EES4_S4_PS2_S5_PA128_S3_88|         array|
|p_ZZN8gdn_bf1617gdn_bf16_top_implEhthhPA128_K7ap_uintILi16EES4_S4_PS2_S5_PA128_S3_88_d0         |  out|   32|   ap_memory|   p_ZZN8gdn_bf1617gdn_bf16_top_implEhthhPA128_K7ap_uintILi16EES4_S4_PS2_S5_PA128_S3_88|         array|
|p_ZZN8gdn_bf1617gdn_bf16_top_implEhthhPA128_K7ap_uintILi16EES4_S4_PS2_S5_PA128_S3_390_address0  |  out|    5|   ap_memory|  p_ZZN8gdn_bf1617gdn_bf16_top_implEhthhPA128_K7ap_uintILi16EES4_S4_PS2_S5_PA128_S3_390|         array|
|p_ZZN8gdn_bf1617gdn_bf16_top_implEhthhPA128_K7ap_uintILi16EES4_S4_PS2_S5_PA128_S3_390_ce0       |  out|    1|   ap_memory|  p_ZZN8gdn_bf1617gdn_bf16_top_implEhthhPA128_K7ap_uintILi16EES4_S4_PS2_S5_PA128_S3_390|         array|
|p_ZZN8gdn_bf1617gdn_bf16_top_implEhthhPA128_K7ap_uintILi16EES4_S4_PS2_S5_PA128_S3_390_we0       |  out|    1|   ap_memory|  p_ZZN8gdn_bf1617gdn_bf16_top_implEhthhPA128_K7ap_uintILi16EES4_S4_PS2_S5_PA128_S3_390|         array|
|p_ZZN8gdn_bf1617gdn_bf16_top_implEhthhPA128_K7ap_uintILi16EES4_S4_PS2_S5_PA128_S3_390_d0        |  out|   16|   ap_memory|  p_ZZN8gdn_bf1617gdn_bf16_top_implEhthhPA128_K7ap_uintILi16EES4_S4_PS2_S5_PA128_S3_390|         array|
|p_ZZN8gdn_bf1617gdn_bf16_top_implEhthhPA128_K7ap_uintILi16EES4_S4_PS2_S5_PA128_S3_87_address0   |  out|    5|   ap_memory|   p_ZZN8gdn_bf1617gdn_bf16_top_implEhthhPA128_K7ap_uintILi16EES4_S4_PS2_S5_PA128_S3_87|         array|
|p_ZZN8gdn_bf1617gdn_bf16_top_implEhthhPA128_K7ap_uintILi16EES4_S4_PS2_S5_PA128_S3_87_ce0        |  out|    1|   ap_memory|   p_ZZN8gdn_bf1617gdn_bf16_top_implEhthhPA128_K7ap_uintILi16EES4_S4_PS2_S5_PA128_S3_87|         array|
|p_ZZN8gdn_bf1617gdn_bf16_top_implEhthhPA128_K7ap_uintILi16EES4_S4_PS2_S5_PA128_S3_87_we0        |  out|    1|   ap_memory|   p_ZZN8gdn_bf1617gdn_bf16_top_implEhthhPA128_K7ap_uintILi16EES4_S4_PS2_S5_PA128_S3_87|         array|
|p_ZZN8gdn_bf1617gdn_bf16_top_implEhthhPA128_K7ap_uintILi16EES4_S4_PS2_S5_PA128_S3_87_d0         |  out|   32|   ap_memory|   p_ZZN8gdn_bf1617gdn_bf16_top_implEhthhPA128_K7ap_uintILi16EES4_S4_PS2_S5_PA128_S3_87|         array|
|p_ZZN8gdn_bf1617gdn_bf16_top_implEhthhPA128_K7ap_uintILi16EES4_S4_PS2_S5_PA128_S3_391_address0  |  out|    5|   ap_memory|  p_ZZN8gdn_bf1617gdn_bf16_top_implEhthhPA128_K7ap_uintILi16EES4_S4_PS2_S5_PA128_S3_391|         array|
|p_ZZN8gdn_bf1617gdn_bf16_top_implEhthhPA128_K7ap_uintILi16EES4_S4_PS2_S5_PA128_S3_391_ce0       |  out|    1|   ap_memory|  p_ZZN8gdn_bf1617gdn_bf16_top_implEhthhPA128_K7ap_uintILi16EES4_S4_PS2_S5_PA128_S3_391|         array|
|p_ZZN8gdn_bf1617gdn_bf16_top_implEhthhPA128_K7ap_uintILi16EES4_S4_PS2_S5_PA128_S3_391_we0       |  out|    1|   ap_memory|  p_ZZN8gdn_bf1617gdn_bf16_top_implEhthhPA128_K7ap_uintILi16EES4_S4_PS2_S5_PA128_S3_391|         array|
|p_ZZN8gdn_bf1617gdn_bf16_top_implEhthhPA128_K7ap_uintILi16EES4_S4_PS2_S5_PA128_S3_391_d0        |  out|   16|   ap_memory|  p_ZZN8gdn_bf1617gdn_bf16_top_implEhthhPA128_K7ap_uintILi16EES4_S4_PS2_S5_PA128_S3_391|         array|
|p_ZZN8gdn_bf1617gdn_bf16_top_implEhthhPA128_K7ap_uintILi16EES4_S4_PS2_S5_PA128_S3_86_address0   |  out|    5|   ap_memory|   p_ZZN8gdn_bf1617gdn_bf16_top_implEhthhPA128_K7ap_uintILi16EES4_S4_PS2_S5_PA128_S3_86|         array|
|p_ZZN8gdn_bf1617gdn_bf16_top_implEhthhPA128_K7ap_uintILi16EES4_S4_PS2_S5_PA128_S3_86_ce0        |  out|    1|   ap_memory|   p_ZZN8gdn_bf1617gdn_bf16_top_implEhthhPA128_K7ap_uintILi16EES4_S4_PS2_S5_PA128_S3_86|         array|
|p_ZZN8gdn_bf1617gdn_bf16_top_implEhthhPA128_K7ap_uintILi16EES4_S4_PS2_S5_PA128_S3_86_we0        |  out|    1|   ap_memory|   p_ZZN8gdn_bf1617gdn_bf16_top_implEhthhPA128_K7ap_uintILi16EES4_S4_PS2_S5_PA128_S3_86|         array|
|p_ZZN8gdn_bf1617gdn_bf16_top_implEhthhPA128_K7ap_uintILi16EES4_S4_PS2_S5_PA128_S3_86_d0         |  out|   32|   ap_memory|   p_ZZN8gdn_bf1617gdn_bf16_top_implEhthhPA128_K7ap_uintILi16EES4_S4_PS2_S5_PA128_S3_86|         array|
|p_ZZN8gdn_bf1617gdn_bf16_top_implEhthhPA128_K7ap_uintILi16EES4_S4_PS2_S5_PA128_S3_392_address0  |  out|    5|   ap_memory|  p_ZZN8gdn_bf1617gdn_bf16_top_implEhthhPA128_K7ap_uintILi16EES4_S4_PS2_S5_PA128_S3_392|         array|
|p_ZZN8gdn_bf1617gdn_bf16_top_implEhthhPA128_K7ap_uintILi16EES4_S4_PS2_S5_PA128_S3_392_ce0       |  out|    1|   ap_memory|  p_ZZN8gdn_bf1617gdn_bf16_top_implEhthhPA128_K7ap_uintILi16EES4_S4_PS2_S5_PA128_S3_392|         array|
|p_ZZN8gdn_bf1617gdn_bf16_top_implEhthhPA128_K7ap_uintILi16EES4_S4_PS2_S5_PA128_S3_392_we0       |  out|    1|   ap_memory|  p_ZZN8gdn_bf1617gdn_bf16_top_implEhthhPA128_K7ap_uintILi16EES4_S4_PS2_S5_PA128_S3_392|         array|
|p_ZZN8gdn_bf1617gdn_bf16_top_implEhthhPA128_K7ap_uintILi16EES4_S4_PS2_S5_PA128_S3_392_d0        |  out|   16|   ap_memory|  p_ZZN8gdn_bf1617gdn_bf16_top_implEhthhPA128_K7ap_uintILi16EES4_S4_PS2_S5_PA128_S3_392|         array|
|p_ZZN8gdn_bf1617gdn_bf16_top_implEhthhPA128_K7ap_uintILi16EES4_S4_PS2_S5_PA128_S3_85_address0   |  out|    5|   ap_memory|   p_ZZN8gdn_bf1617gdn_bf16_top_implEhthhPA128_K7ap_uintILi16EES4_S4_PS2_S5_PA128_S3_85|         array|
|p_ZZN8gdn_bf1617gdn_bf16_top_implEhthhPA128_K7ap_uintILi16EES4_S4_PS2_S5_PA128_S3_85_ce0        |  out|    1|   ap_memory|   p_ZZN8gdn_bf1617gdn_bf16_top_implEhthhPA128_K7ap_uintILi16EES4_S4_PS2_S5_PA128_S3_85|         array|
|p_ZZN8gdn_bf1617gdn_bf16_top_implEhthhPA128_K7ap_uintILi16EES4_S4_PS2_S5_PA128_S3_85_we0        |  out|    1|   ap_memory|   p_ZZN8gdn_bf1617gdn_bf16_top_implEhthhPA128_K7ap_uintILi16EES4_S4_PS2_S5_PA128_S3_85|         array|
|p_ZZN8gdn_bf1617gdn_bf16_top_implEhthhPA128_K7ap_uintILi16EES4_S4_PS2_S5_PA128_S3_85_d0         |  out|   32|   ap_memory|   p_ZZN8gdn_bf1617gdn_bf16_top_implEhthhPA128_K7ap_uintILi16EES4_S4_PS2_S5_PA128_S3_85|         array|
|p_ZZN8gdn_bf1617gdn_bf16_top_implEhthhPA128_K7ap_uintILi16EES4_S4_PS2_S5_PA128_S3_393_address0  |  out|    5|   ap_memory|  p_ZZN8gdn_bf1617gdn_bf16_top_implEhthhPA128_K7ap_uintILi16EES4_S4_PS2_S5_PA128_S3_393|         array|
|p_ZZN8gdn_bf1617gdn_bf16_top_implEhthhPA128_K7ap_uintILi16EES4_S4_PS2_S5_PA128_S3_393_ce0       |  out|    1|   ap_memory|  p_ZZN8gdn_bf1617gdn_bf16_top_implEhthhPA128_K7ap_uintILi16EES4_S4_PS2_S5_PA128_S3_393|         array|
|p_ZZN8gdn_bf1617gdn_bf16_top_implEhthhPA128_K7ap_uintILi16EES4_S4_PS2_S5_PA128_S3_393_we0       |  out|    1|   ap_memory|  p_ZZN8gdn_bf1617gdn_bf16_top_implEhthhPA128_K7ap_uintILi16EES4_S4_PS2_S5_PA128_S3_393|         array|
|p_ZZN8gdn_bf1617gdn_bf16_top_implEhthhPA128_K7ap_uintILi16EES4_S4_PS2_S5_PA128_S3_393_d0        |  out|   16|   ap_memory|  p_ZZN8gdn_bf1617gdn_bf16_top_implEhthhPA128_K7ap_uintILi16EES4_S4_PS2_S5_PA128_S3_393|         array|
|p_ZZN8gdn_bf1617gdn_bf16_top_implEhthhPA128_K7ap_uintILi16EES4_S4_PS2_S5_PA128_S3_84_address0   |  out|    5|   ap_memory|   p_ZZN8gdn_bf1617gdn_bf16_top_implEhthhPA128_K7ap_uintILi16EES4_S4_PS2_S5_PA128_S3_84|         array|
|p_ZZN8gdn_bf1617gdn_bf16_top_implEhthhPA128_K7ap_uintILi16EES4_S4_PS2_S5_PA128_S3_84_ce0        |  out|    1|   ap_memory|   p_ZZN8gdn_bf1617gdn_bf16_top_implEhthhPA128_K7ap_uintILi16EES4_S4_PS2_S5_PA128_S3_84|         array|
|p_ZZN8gdn_bf1617gdn_bf16_top_implEhthhPA128_K7ap_uintILi16EES4_S4_PS2_S5_PA128_S3_84_we0        |  out|    1|   ap_memory|   p_ZZN8gdn_bf1617gdn_bf16_top_implEhthhPA128_K7ap_uintILi16EES4_S4_PS2_S5_PA128_S3_84|         array|
|p_ZZN8gdn_bf1617gdn_bf16_top_implEhthhPA128_K7ap_uintILi16EES4_S4_PS2_S5_PA128_S3_84_d0         |  out|   32|   ap_memory|   p_ZZN8gdn_bf1617gdn_bf16_top_implEhthhPA128_K7ap_uintILi16EES4_S4_PS2_S5_PA128_S3_84|         array|
|p_ZZN8gdn_bf1617gdn_bf16_top_implEhthhPA128_K7ap_uintILi16EES4_S4_PS2_S5_PA128_S3_394_address0  |  out|    5|   ap_memory|  p_ZZN8gdn_bf1617gdn_bf16_top_implEhthhPA128_K7ap_uintILi16EES4_S4_PS2_S5_PA128_S3_394|         array|
|p_ZZN8gdn_bf1617gdn_bf16_top_implEhthhPA128_K7ap_uintILi16EES4_S4_PS2_S5_PA128_S3_394_ce0       |  out|    1|   ap_memory|  p_ZZN8gdn_bf1617gdn_bf16_top_implEhthhPA128_K7ap_uintILi16EES4_S4_PS2_S5_PA128_S3_394|         array|
|p_ZZN8gdn_bf1617gdn_bf16_top_implEhthhPA128_K7ap_uintILi16EES4_S4_PS2_S5_PA128_S3_394_we0       |  out|    1|   ap_memory|  p_ZZN8gdn_bf1617gdn_bf16_top_implEhthhPA128_K7ap_uintILi16EES4_S4_PS2_S5_PA128_S3_394|         array|
|p_ZZN8gdn_bf1617gdn_bf16_top_implEhthhPA128_K7ap_uintILi16EES4_S4_PS2_S5_PA128_S3_394_d0        |  out|   16|   ap_memory|  p_ZZN8gdn_bf1617gdn_bf16_top_implEhthhPA128_K7ap_uintILi16EES4_S4_PS2_S5_PA128_S3_394|         array|
|p_ZZN8gdn_bf1617gdn_bf16_top_implEhthhPA128_K7ap_uintILi16EES4_S4_PS2_S5_PA128_S3_83_address0   |  out|    5|   ap_memory|   p_ZZN8gdn_bf1617gdn_bf16_top_implEhthhPA128_K7ap_uintILi16EES4_S4_PS2_S5_PA128_S3_83|         array|
|p_ZZN8gdn_bf1617gdn_bf16_top_implEhthhPA128_K7ap_uintILi16EES4_S4_PS2_S5_PA128_S3_83_ce0        |  out|    1|   ap_memory|   p_ZZN8gdn_bf1617gdn_bf16_top_implEhthhPA128_K7ap_uintILi16EES4_S4_PS2_S5_PA128_S3_83|         array|
|p_ZZN8gdn_bf1617gdn_bf16_top_implEhthhPA128_K7ap_uintILi16EES4_S4_PS2_S5_PA128_S3_83_we0        |  out|    1|   ap_memory|   p_ZZN8gdn_bf1617gdn_bf16_top_implEhthhPA128_K7ap_uintILi16EES4_S4_PS2_S5_PA128_S3_83|         array|
|p_ZZN8gdn_bf1617gdn_bf16_top_implEhthhPA128_K7ap_uintILi16EES4_S4_PS2_S5_PA128_S3_83_d0         |  out|   32|   ap_memory|   p_ZZN8gdn_bf1617gdn_bf16_top_implEhthhPA128_K7ap_uintILi16EES4_S4_PS2_S5_PA128_S3_83|         array|
|p_ZZN8gdn_bf1617gdn_bf16_top_implEhthhPA128_K7ap_uintILi16EES4_S4_PS2_S5_PA128_S3_395_address0  |  out|    5|   ap_memory|  p_ZZN8gdn_bf1617gdn_bf16_top_implEhthhPA128_K7ap_uintILi16EES4_S4_PS2_S5_PA128_S3_395|         array|
|p_ZZN8gdn_bf1617gdn_bf16_top_implEhthhPA128_K7ap_uintILi16EES4_S4_PS2_S5_PA128_S3_395_ce0       |  out|    1|   ap_memory|  p_ZZN8gdn_bf1617gdn_bf16_top_implEhthhPA128_K7ap_uintILi16EES4_S4_PS2_S5_PA128_S3_395|         array|
|p_ZZN8gdn_bf1617gdn_bf16_top_implEhthhPA128_K7ap_uintILi16EES4_S4_PS2_S5_PA128_S3_395_we0       |  out|    1|   ap_memory|  p_ZZN8gdn_bf1617gdn_bf16_top_implEhthhPA128_K7ap_uintILi16EES4_S4_PS2_S5_PA128_S3_395|         array|
|p_ZZN8gdn_bf1617gdn_bf16_top_implEhthhPA128_K7ap_uintILi16EES4_S4_PS2_S5_PA128_S3_395_d0        |  out|   16|   ap_memory|  p_ZZN8gdn_bf1617gdn_bf16_top_implEhthhPA128_K7ap_uintILi16EES4_S4_PS2_S5_PA128_S3_395|         array|
|p_ZZN8gdn_bf1617gdn_bf16_top_implEhthhPA128_K7ap_uintILi16EES4_S4_PS2_S5_PA128_S3_82_address0   |  out|    5|   ap_memory|   p_ZZN8gdn_bf1617gdn_bf16_top_implEhthhPA128_K7ap_uintILi16EES4_S4_PS2_S5_PA128_S3_82|         array|
|p_ZZN8gdn_bf1617gdn_bf16_top_implEhthhPA128_K7ap_uintILi16EES4_S4_PS2_S5_PA128_S3_82_ce0        |  out|    1|   ap_memory|   p_ZZN8gdn_bf1617gdn_bf16_top_implEhthhPA128_K7ap_uintILi16EES4_S4_PS2_S5_PA128_S3_82|         array|
|p_ZZN8gdn_bf1617gdn_bf16_top_implEhthhPA128_K7ap_uintILi16EES4_S4_PS2_S5_PA128_S3_82_we0        |  out|    1|   ap_memory|   p_ZZN8gdn_bf1617gdn_bf16_top_implEhthhPA128_K7ap_uintILi16EES4_S4_PS2_S5_PA128_S3_82|         array|
|p_ZZN8gdn_bf1617gdn_bf16_top_implEhthhPA128_K7ap_uintILi16EES4_S4_PS2_S5_PA128_S3_82_d0         |  out|   32|   ap_memory|   p_ZZN8gdn_bf1617gdn_bf16_top_implEhthhPA128_K7ap_uintILi16EES4_S4_PS2_S5_PA128_S3_82|         array|
|p_ZZN8gdn_bf1617gdn_bf16_top_implEhthhPA128_K7ap_uintILi16EES4_S4_PS2_S5_PA128_S3_396_address0  |  out|    5|   ap_memory|  p_ZZN8gdn_bf1617gdn_bf16_top_implEhthhPA128_K7ap_uintILi16EES4_S4_PS2_S5_PA128_S3_396|         array|
|p_ZZN8gdn_bf1617gdn_bf16_top_implEhthhPA128_K7ap_uintILi16EES4_S4_PS2_S5_PA128_S3_396_ce0       |  out|    1|   ap_memory|  p_ZZN8gdn_bf1617gdn_bf16_top_implEhthhPA128_K7ap_uintILi16EES4_S4_PS2_S5_PA128_S3_396|         array|
|p_ZZN8gdn_bf1617gdn_bf16_top_implEhthhPA128_K7ap_uintILi16EES4_S4_PS2_S5_PA128_S3_396_we0       |  out|    1|   ap_memory|  p_ZZN8gdn_bf1617gdn_bf16_top_implEhthhPA128_K7ap_uintILi16EES4_S4_PS2_S5_PA128_S3_396|         array|
|p_ZZN8gdn_bf1617gdn_bf16_top_implEhthhPA128_K7ap_uintILi16EES4_S4_PS2_S5_PA128_S3_396_d0        |  out|   16|   ap_memory|  p_ZZN8gdn_bf1617gdn_bf16_top_implEhthhPA128_K7ap_uintILi16EES4_S4_PS2_S5_PA128_S3_396|         array|
|p_ZZN8gdn_bf1617gdn_bf16_top_implEhthhPA128_K7ap_uintILi16EES4_S4_PS2_S5_PA128_S3_81_address0   |  out|    5|   ap_memory|   p_ZZN8gdn_bf1617gdn_bf16_top_implEhthhPA128_K7ap_uintILi16EES4_S4_PS2_S5_PA128_S3_81|         array|
|p_ZZN8gdn_bf1617gdn_bf16_top_implEhthhPA128_K7ap_uintILi16EES4_S4_PS2_S5_PA128_S3_81_ce0        |  out|    1|   ap_memory|   p_ZZN8gdn_bf1617gdn_bf16_top_implEhthhPA128_K7ap_uintILi16EES4_S4_PS2_S5_PA128_S3_81|         array|
|p_ZZN8gdn_bf1617gdn_bf16_top_implEhthhPA128_K7ap_uintILi16EES4_S4_PS2_S5_PA128_S3_81_we0        |  out|    1|   ap_memory|   p_ZZN8gdn_bf1617gdn_bf16_top_implEhthhPA128_K7ap_uintILi16EES4_S4_PS2_S5_PA128_S3_81|         array|
|p_ZZN8gdn_bf1617gdn_bf16_top_implEhthhPA128_K7ap_uintILi16EES4_S4_PS2_S5_PA128_S3_81_d0         |  out|   32|   ap_memory|   p_ZZN8gdn_bf1617gdn_bf16_top_implEhthhPA128_K7ap_uintILi16EES4_S4_PS2_S5_PA128_S3_81|         array|
|p_ZZN8gdn_bf1617gdn_bf16_top_implEhthhPA128_K7ap_uintILi16EES4_S4_PS2_S5_PA128_S3_397_address0  |  out|    5|   ap_memory|  p_ZZN8gdn_bf1617gdn_bf16_top_implEhthhPA128_K7ap_uintILi16EES4_S4_PS2_S5_PA128_S3_397|         array|
|p_ZZN8gdn_bf1617gdn_bf16_top_implEhthhPA128_K7ap_uintILi16EES4_S4_PS2_S5_PA128_S3_397_ce0       |  out|    1|   ap_memory|  p_ZZN8gdn_bf1617gdn_bf16_top_implEhthhPA128_K7ap_uintILi16EES4_S4_PS2_S5_PA128_S3_397|         array|
|p_ZZN8gdn_bf1617gdn_bf16_top_implEhthhPA128_K7ap_uintILi16EES4_S4_PS2_S5_PA128_S3_397_we0       |  out|    1|   ap_memory|  p_ZZN8gdn_bf1617gdn_bf16_top_implEhthhPA128_K7ap_uintILi16EES4_S4_PS2_S5_PA128_S3_397|         array|
|p_ZZN8gdn_bf1617gdn_bf16_top_implEhthhPA128_K7ap_uintILi16EES4_S4_PS2_S5_PA128_S3_397_d0        |  out|   16|   ap_memory|  p_ZZN8gdn_bf1617gdn_bf16_top_implEhthhPA128_K7ap_uintILi16EES4_S4_PS2_S5_PA128_S3_397|         array|
|p_ZZN8gdn_bf1617gdn_bf16_top_implEhthhPA128_K7ap_uintILi16EES4_S4_PS2_S5_PA128_S3_80_address0   |  out|    5|   ap_memory|   p_ZZN8gdn_bf1617gdn_bf16_top_implEhthhPA128_K7ap_uintILi16EES4_S4_PS2_S5_PA128_S3_80|         array|
|p_ZZN8gdn_bf1617gdn_bf16_top_implEhthhPA128_K7ap_uintILi16EES4_S4_PS2_S5_PA128_S3_80_ce0        |  out|    1|   ap_memory|   p_ZZN8gdn_bf1617gdn_bf16_top_implEhthhPA128_K7ap_uintILi16EES4_S4_PS2_S5_PA128_S3_80|         array|
|p_ZZN8gdn_bf1617gdn_bf16_top_implEhthhPA128_K7ap_uintILi16EES4_S4_PS2_S5_PA128_S3_80_we0        |  out|    1|   ap_memory|   p_ZZN8gdn_bf1617gdn_bf16_top_implEhthhPA128_K7ap_uintILi16EES4_S4_PS2_S5_PA128_S3_80|         array|
|p_ZZN8gdn_bf1617gdn_bf16_top_implEhthhPA128_K7ap_uintILi16EES4_S4_PS2_S5_PA128_S3_80_d0         |  out|   32|   ap_memory|   p_ZZN8gdn_bf1617gdn_bf16_top_implEhthhPA128_K7ap_uintILi16EES4_S4_PS2_S5_PA128_S3_80|         array|
|p_ZZN8gdn_bf1617gdn_bf16_top_implEhthhPA128_K7ap_uintILi16EES4_S4_PS2_S5_PA128_S3_398_address0  |  out|    5|   ap_memory|  p_ZZN8gdn_bf1617gdn_bf16_top_implEhthhPA128_K7ap_uintILi16EES4_S4_PS2_S5_PA128_S3_398|         array|
|p_ZZN8gdn_bf1617gdn_bf16_top_implEhthhPA128_K7ap_uintILi16EES4_S4_PS2_S5_PA128_S3_398_ce0       |  out|    1|   ap_memory|  p_ZZN8gdn_bf1617gdn_bf16_top_implEhthhPA128_K7ap_uintILi16EES4_S4_PS2_S5_PA128_S3_398|         array|
|p_ZZN8gdn_bf1617gdn_bf16_top_implEhthhPA128_K7ap_uintILi16EES4_S4_PS2_S5_PA128_S3_398_we0       |  out|    1|   ap_memory|  p_ZZN8gdn_bf1617gdn_bf16_top_implEhthhPA128_K7ap_uintILi16EES4_S4_PS2_S5_PA128_S3_398|         array|
|p_ZZN8gdn_bf1617gdn_bf16_top_implEhthhPA128_K7ap_uintILi16EES4_S4_PS2_S5_PA128_S3_398_d0        |  out|   16|   ap_memory|  p_ZZN8gdn_bf1617gdn_bf16_top_implEhthhPA128_K7ap_uintILi16EES4_S4_PS2_S5_PA128_S3_398|         array|
|p_ZZN8gdn_bf1617gdn_bf16_top_implEhthhPA128_K7ap_uintILi16EES4_S4_PS2_S5_PA128_S3_79_address0   |  out|    5|   ap_memory|   p_ZZN8gdn_bf1617gdn_bf16_top_implEhthhPA128_K7ap_uintILi16EES4_S4_PS2_S5_PA128_S3_79|         array|
|p_ZZN8gdn_bf1617gdn_bf16_top_implEhthhPA128_K7ap_uintILi16EES4_S4_PS2_S5_PA128_S3_79_ce0        |  out|    1|   ap_memory|   p_ZZN8gdn_bf1617gdn_bf16_top_implEhthhPA128_K7ap_uintILi16EES4_S4_PS2_S5_PA128_S3_79|         array|
|p_ZZN8gdn_bf1617gdn_bf16_top_implEhthhPA128_K7ap_uintILi16EES4_S4_PS2_S5_PA128_S3_79_we0        |  out|    1|   ap_memory|   p_ZZN8gdn_bf1617gdn_bf16_top_implEhthhPA128_K7ap_uintILi16EES4_S4_PS2_S5_PA128_S3_79|         array|
|p_ZZN8gdn_bf1617gdn_bf16_top_implEhthhPA128_K7ap_uintILi16EES4_S4_PS2_S5_PA128_S3_79_d0         |  out|   32|   ap_memory|   p_ZZN8gdn_bf1617gdn_bf16_top_implEhthhPA128_K7ap_uintILi16EES4_S4_PS2_S5_PA128_S3_79|         array|
|p_ZZN8gdn_bf1617gdn_bf16_top_implEhthhPA128_K7ap_uintILi16EES4_S4_PS2_S5_PA128_S3_399_address0  |  out|    5|   ap_memory|  p_ZZN8gdn_bf1617gdn_bf16_top_implEhthhPA128_K7ap_uintILi16EES4_S4_PS2_S5_PA128_S3_399|         array|
|p_ZZN8gdn_bf1617gdn_bf16_top_implEhthhPA128_K7ap_uintILi16EES4_S4_PS2_S5_PA128_S3_399_ce0       |  out|    1|   ap_memory|  p_ZZN8gdn_bf1617gdn_bf16_top_implEhthhPA128_K7ap_uintILi16EES4_S4_PS2_S5_PA128_S3_399|         array|
|p_ZZN8gdn_bf1617gdn_bf16_top_implEhthhPA128_K7ap_uintILi16EES4_S4_PS2_S5_PA128_S3_399_we0       |  out|    1|   ap_memory|  p_ZZN8gdn_bf1617gdn_bf16_top_implEhthhPA128_K7ap_uintILi16EES4_S4_PS2_S5_PA128_S3_399|         array|
|p_ZZN8gdn_bf1617gdn_bf16_top_implEhthhPA128_K7ap_uintILi16EES4_S4_PS2_S5_PA128_S3_399_d0        |  out|   16|   ap_memory|  p_ZZN8gdn_bf1617gdn_bf16_top_implEhthhPA128_K7ap_uintILi16EES4_S4_PS2_S5_PA128_S3_399|         array|
|p_ZZN8gdn_bf1617gdn_bf16_top_implEhthhPA128_K7ap_uintILi16EES4_S4_PS2_S5_PA128_S3_78_address0   |  out|    5|   ap_memory|   p_ZZN8gdn_bf1617gdn_bf16_top_implEhthhPA128_K7ap_uintILi16EES4_S4_PS2_S5_PA128_S3_78|         array|
|p_ZZN8gdn_bf1617gdn_bf16_top_implEhthhPA128_K7ap_uintILi16EES4_S4_PS2_S5_PA128_S3_78_ce0        |  out|    1|   ap_memory|   p_ZZN8gdn_bf1617gdn_bf16_top_implEhthhPA128_K7ap_uintILi16EES4_S4_PS2_S5_PA128_S3_78|         array|
|p_ZZN8gdn_bf1617gdn_bf16_top_implEhthhPA128_K7ap_uintILi16EES4_S4_PS2_S5_PA128_S3_78_we0        |  out|    1|   ap_memory|   p_ZZN8gdn_bf1617gdn_bf16_top_implEhthhPA128_K7ap_uintILi16EES4_S4_PS2_S5_PA128_S3_78|         array|
|p_ZZN8gdn_bf1617gdn_bf16_top_implEhthhPA128_K7ap_uintILi16EES4_S4_PS2_S5_PA128_S3_78_d0         |  out|   32|   ap_memory|   p_ZZN8gdn_bf1617gdn_bf16_top_implEhthhPA128_K7ap_uintILi16EES4_S4_PS2_S5_PA128_S3_78|         array|
|p_ZZN8gdn_bf1617gdn_bf16_top_implEhthhPA128_K7ap_uintILi16EES4_S4_PS2_S5_PA128_S3_400_address0  |  out|    5|   ap_memory|  p_ZZN8gdn_bf1617gdn_bf16_top_implEhthhPA128_K7ap_uintILi16EES4_S4_PS2_S5_PA128_S3_400|         array|
|p_ZZN8gdn_bf1617gdn_bf16_top_implEhthhPA128_K7ap_uintILi16EES4_S4_PS2_S5_PA128_S3_400_ce0       |  out|    1|   ap_memory|  p_ZZN8gdn_bf1617gdn_bf16_top_implEhthhPA128_K7ap_uintILi16EES4_S4_PS2_S5_PA128_S3_400|         array|
|p_ZZN8gdn_bf1617gdn_bf16_top_implEhthhPA128_K7ap_uintILi16EES4_S4_PS2_S5_PA128_S3_400_we0       |  out|    1|   ap_memory|  p_ZZN8gdn_bf1617gdn_bf16_top_implEhthhPA128_K7ap_uintILi16EES4_S4_PS2_S5_PA128_S3_400|         array|
|p_ZZN8gdn_bf1617gdn_bf16_top_implEhthhPA128_K7ap_uintILi16EES4_S4_PS2_S5_PA128_S3_400_d0        |  out|   16|   ap_memory|  p_ZZN8gdn_bf1617gdn_bf16_top_implEhthhPA128_K7ap_uintILi16EES4_S4_PS2_S5_PA128_S3_400|         array|
|p_ZZN8gdn_bf1617gdn_bf16_top_implEhthhPA128_K7ap_uintILi16EES4_S4_PS2_S5_PA128_S3_77_address0   |  out|    5|   ap_memory|   p_ZZN8gdn_bf1617gdn_bf16_top_implEhthhPA128_K7ap_uintILi16EES4_S4_PS2_S5_PA128_S3_77|         array|
|p_ZZN8gdn_bf1617gdn_bf16_top_implEhthhPA128_K7ap_uintILi16EES4_S4_PS2_S5_PA128_S3_77_ce0        |  out|    1|   ap_memory|   p_ZZN8gdn_bf1617gdn_bf16_top_implEhthhPA128_K7ap_uintILi16EES4_S4_PS2_S5_PA128_S3_77|         array|
|p_ZZN8gdn_bf1617gdn_bf16_top_implEhthhPA128_K7ap_uintILi16EES4_S4_PS2_S5_PA128_S3_77_we0        |  out|    1|   ap_memory|   p_ZZN8gdn_bf1617gdn_bf16_top_implEhthhPA128_K7ap_uintILi16EES4_S4_PS2_S5_PA128_S3_77|         array|
|p_ZZN8gdn_bf1617gdn_bf16_top_implEhthhPA128_K7ap_uintILi16EES4_S4_PS2_S5_PA128_S3_77_d0         |  out|   32|   ap_memory|   p_ZZN8gdn_bf1617gdn_bf16_top_implEhthhPA128_K7ap_uintILi16EES4_S4_PS2_S5_PA128_S3_77|         array|
|p_ZZN8gdn_bf1617gdn_bf16_top_implEhthhPA128_K7ap_uintILi16EES4_S4_PS2_S5_PA128_S3_401_address0  |  out|    5|   ap_memory|  p_ZZN8gdn_bf1617gdn_bf16_top_implEhthhPA128_K7ap_uintILi16EES4_S4_PS2_S5_PA128_S3_401|         array|
|p_ZZN8gdn_bf1617gdn_bf16_top_implEhthhPA128_K7ap_uintILi16EES4_S4_PS2_S5_PA128_S3_401_ce0       |  out|    1|   ap_memory|  p_ZZN8gdn_bf1617gdn_bf16_top_implEhthhPA128_K7ap_uintILi16EES4_S4_PS2_S5_PA128_S3_401|         array|
|p_ZZN8gdn_bf1617gdn_bf16_top_implEhthhPA128_K7ap_uintILi16EES4_S4_PS2_S5_PA128_S3_401_we0       |  out|    1|   ap_memory|  p_ZZN8gdn_bf1617gdn_bf16_top_implEhthhPA128_K7ap_uintILi16EES4_S4_PS2_S5_PA128_S3_401|         array|
|p_ZZN8gdn_bf1617gdn_bf16_top_implEhthhPA128_K7ap_uintILi16EES4_S4_PS2_S5_PA128_S3_401_d0        |  out|   16|   ap_memory|  p_ZZN8gdn_bf1617gdn_bf16_top_implEhthhPA128_K7ap_uintILi16EES4_S4_PS2_S5_PA128_S3_401|         array|
|p_ZZN8gdn_bf1617gdn_bf16_top_implEhthhPA128_K7ap_uintILi16EES4_S4_PS2_S5_PA128_S3_76_address0   |  out|    5|   ap_memory|   p_ZZN8gdn_bf1617gdn_bf16_top_implEhthhPA128_K7ap_uintILi16EES4_S4_PS2_S5_PA128_S3_76|         array|
|p_ZZN8gdn_bf1617gdn_bf16_top_implEhthhPA128_K7ap_uintILi16EES4_S4_PS2_S5_PA128_S3_76_ce0        |  out|    1|   ap_memory|   p_ZZN8gdn_bf1617gdn_bf16_top_implEhthhPA128_K7ap_uintILi16EES4_S4_PS2_S5_PA128_S3_76|         array|
|p_ZZN8gdn_bf1617gdn_bf16_top_implEhthhPA128_K7ap_uintILi16EES4_S4_PS2_S5_PA128_S3_76_we0        |  out|    1|   ap_memory|   p_ZZN8gdn_bf1617gdn_bf16_top_implEhthhPA128_K7ap_uintILi16EES4_S4_PS2_S5_PA128_S3_76|         array|
|p_ZZN8gdn_bf1617gdn_bf16_top_implEhthhPA128_K7ap_uintILi16EES4_S4_PS2_S5_PA128_S3_76_d0         |  out|   32|   ap_memory|   p_ZZN8gdn_bf1617gdn_bf16_top_implEhthhPA128_K7ap_uintILi16EES4_S4_PS2_S5_PA128_S3_76|         array|
|p_ZZN8gdn_bf1617gdn_bf16_top_implEhthhPA128_K7ap_uintILi16EES4_S4_PS2_S5_PA128_S3_402_address0  |  out|    5|   ap_memory|  p_ZZN8gdn_bf1617gdn_bf16_top_implEhthhPA128_K7ap_uintILi16EES4_S4_PS2_S5_PA128_S3_402|         array|
|p_ZZN8gdn_bf1617gdn_bf16_top_implEhthhPA128_K7ap_uintILi16EES4_S4_PS2_S5_PA128_S3_402_ce0       |  out|    1|   ap_memory|  p_ZZN8gdn_bf1617gdn_bf16_top_implEhthhPA128_K7ap_uintILi16EES4_S4_PS2_S5_PA128_S3_402|         array|
|p_ZZN8gdn_bf1617gdn_bf16_top_implEhthhPA128_K7ap_uintILi16EES4_S4_PS2_S5_PA128_S3_402_we0       |  out|    1|   ap_memory|  p_ZZN8gdn_bf1617gdn_bf16_top_implEhthhPA128_K7ap_uintILi16EES4_S4_PS2_S5_PA128_S3_402|         array|
|p_ZZN8gdn_bf1617gdn_bf16_top_implEhthhPA128_K7ap_uintILi16EES4_S4_PS2_S5_PA128_S3_402_d0        |  out|   16|   ap_memory|  p_ZZN8gdn_bf1617gdn_bf16_top_implEhthhPA128_K7ap_uintILi16EES4_S4_PS2_S5_PA128_S3_402|         array|
|p_ZZN8gdn_bf1617gdn_bf16_top_implEhthhPA128_K7ap_uintILi16EES4_S4_PS2_S5_PA128_S3_75_address0   |  out|    5|   ap_memory|   p_ZZN8gdn_bf1617gdn_bf16_top_implEhthhPA128_K7ap_uintILi16EES4_S4_PS2_S5_PA128_S3_75|         array|
|p_ZZN8gdn_bf1617gdn_bf16_top_implEhthhPA128_K7ap_uintILi16EES4_S4_PS2_S5_PA128_S3_75_ce0        |  out|    1|   ap_memory|   p_ZZN8gdn_bf1617gdn_bf16_top_implEhthhPA128_K7ap_uintILi16EES4_S4_PS2_S5_PA128_S3_75|         array|
|p_ZZN8gdn_bf1617gdn_bf16_top_implEhthhPA128_K7ap_uintILi16EES4_S4_PS2_S5_PA128_S3_75_we0        |  out|    1|   ap_memory|   p_ZZN8gdn_bf1617gdn_bf16_top_implEhthhPA128_K7ap_uintILi16EES4_S4_PS2_S5_PA128_S3_75|         array|
|p_ZZN8gdn_bf1617gdn_bf16_top_implEhthhPA128_K7ap_uintILi16EES4_S4_PS2_S5_PA128_S3_75_d0         |  out|   32|   ap_memory|   p_ZZN8gdn_bf1617gdn_bf16_top_implEhthhPA128_K7ap_uintILi16EES4_S4_PS2_S5_PA128_S3_75|         array|
|p_ZZN8gdn_bf1617gdn_bf16_top_implEhthhPA128_K7ap_uintILi16EES4_S4_PS2_S5_PA128_S3_403_address0  |  out|    5|   ap_memory|  p_ZZN8gdn_bf1617gdn_bf16_top_implEhthhPA128_K7ap_uintILi16EES4_S4_PS2_S5_PA128_S3_403|         array|
|p_ZZN8gdn_bf1617gdn_bf16_top_implEhthhPA128_K7ap_uintILi16EES4_S4_PS2_S5_PA128_S3_403_ce0       |  out|    1|   ap_memory|  p_ZZN8gdn_bf1617gdn_bf16_top_implEhthhPA128_K7ap_uintILi16EES4_S4_PS2_S5_PA128_S3_403|         array|
|p_ZZN8gdn_bf1617gdn_bf16_top_implEhthhPA128_K7ap_uintILi16EES4_S4_PS2_S5_PA128_S3_403_we0       |  out|    1|   ap_memory|  p_ZZN8gdn_bf1617gdn_bf16_top_implEhthhPA128_K7ap_uintILi16EES4_S4_PS2_S5_PA128_S3_403|         array|
|p_ZZN8gdn_bf1617gdn_bf16_top_implEhthhPA128_K7ap_uintILi16EES4_S4_PS2_S5_PA128_S3_403_d0        |  out|   16|   ap_memory|  p_ZZN8gdn_bf1617gdn_bf16_top_implEhthhPA128_K7ap_uintILi16EES4_S4_PS2_S5_PA128_S3_403|         array|
|p_ZZN8gdn_bf1617gdn_bf16_top_implEhthhPA128_K7ap_uintILi16EES4_S4_PS2_S5_PA128_S3_74_address0   |  out|    5|   ap_memory|   p_ZZN8gdn_bf1617gdn_bf16_top_implEhthhPA128_K7ap_uintILi16EES4_S4_PS2_S5_PA128_S3_74|         array|
|p_ZZN8gdn_bf1617gdn_bf16_top_implEhthhPA128_K7ap_uintILi16EES4_S4_PS2_S5_PA128_S3_74_ce0        |  out|    1|   ap_memory|   p_ZZN8gdn_bf1617gdn_bf16_top_implEhthhPA128_K7ap_uintILi16EES4_S4_PS2_S5_PA128_S3_74|         array|
|p_ZZN8gdn_bf1617gdn_bf16_top_implEhthhPA128_K7ap_uintILi16EES4_S4_PS2_S5_PA128_S3_74_we0        |  out|    1|   ap_memory|   p_ZZN8gdn_bf1617gdn_bf16_top_implEhthhPA128_K7ap_uintILi16EES4_S4_PS2_S5_PA128_S3_74|         array|
|p_ZZN8gdn_bf1617gdn_bf16_top_implEhthhPA128_K7ap_uintILi16EES4_S4_PS2_S5_PA128_S3_74_d0         |  out|   32|   ap_memory|   p_ZZN8gdn_bf1617gdn_bf16_top_implEhthhPA128_K7ap_uintILi16EES4_S4_PS2_S5_PA128_S3_74|         array|
|p_ZZN8gdn_bf1617gdn_bf16_top_implEhthhPA128_K7ap_uintILi16EES4_S4_PS2_S5_PA128_S3_404_address0  |  out|    5|   ap_memory|  p_ZZN8gdn_bf1617gdn_bf16_top_implEhthhPA128_K7ap_uintILi16EES4_S4_PS2_S5_PA128_S3_404|         array|
|p_ZZN8gdn_bf1617gdn_bf16_top_implEhthhPA128_K7ap_uintILi16EES4_S4_PS2_S5_PA128_S3_404_ce0       |  out|    1|   ap_memory|  p_ZZN8gdn_bf1617gdn_bf16_top_implEhthhPA128_K7ap_uintILi16EES4_S4_PS2_S5_PA128_S3_404|         array|
|p_ZZN8gdn_bf1617gdn_bf16_top_implEhthhPA128_K7ap_uintILi16EES4_S4_PS2_S5_PA128_S3_404_we0       |  out|    1|   ap_memory|  p_ZZN8gdn_bf1617gdn_bf16_top_implEhthhPA128_K7ap_uintILi16EES4_S4_PS2_S5_PA128_S3_404|         array|
|p_ZZN8gdn_bf1617gdn_bf16_top_implEhthhPA128_K7ap_uintILi16EES4_S4_PS2_S5_PA128_S3_404_d0        |  out|   16|   ap_memory|  p_ZZN8gdn_bf1617gdn_bf16_top_implEhthhPA128_K7ap_uintILi16EES4_S4_PS2_S5_PA128_S3_404|         array|
|p_ZZN8gdn_bf1617gdn_bf16_top_implEhthhPA128_K7ap_uintILi16EES4_S4_PS2_S5_PA128_S3_73_address0   |  out|    5|   ap_memory|   p_ZZN8gdn_bf1617gdn_bf16_top_implEhthhPA128_K7ap_uintILi16EES4_S4_PS2_S5_PA128_S3_73|         array|
|p_ZZN8gdn_bf1617gdn_bf16_top_implEhthhPA128_K7ap_uintILi16EES4_S4_PS2_S5_PA128_S3_73_ce0        |  out|    1|   ap_memory|   p_ZZN8gdn_bf1617gdn_bf16_top_implEhthhPA128_K7ap_uintILi16EES4_S4_PS2_S5_PA128_S3_73|         array|
|p_ZZN8gdn_bf1617gdn_bf16_top_implEhthhPA128_K7ap_uintILi16EES4_S4_PS2_S5_PA128_S3_73_we0        |  out|    1|   ap_memory|   p_ZZN8gdn_bf1617gdn_bf16_top_implEhthhPA128_K7ap_uintILi16EES4_S4_PS2_S5_PA128_S3_73|         array|
|p_ZZN8gdn_bf1617gdn_bf16_top_implEhthhPA128_K7ap_uintILi16EES4_S4_PS2_S5_PA128_S3_73_d0         |  out|   32|   ap_memory|   p_ZZN8gdn_bf1617gdn_bf16_top_implEhthhPA128_K7ap_uintILi16EES4_S4_PS2_S5_PA128_S3_73|         array|
|p_ZZN8gdn_bf1617gdn_bf16_top_implEhthhPA128_K7ap_uintILi16EES4_S4_PS2_S5_PA128_S3_405_address0  |  out|    5|   ap_memory|  p_ZZN8gdn_bf1617gdn_bf16_top_implEhthhPA128_K7ap_uintILi16EES4_S4_PS2_S5_PA128_S3_405|         array|
|p_ZZN8gdn_bf1617gdn_bf16_top_implEhthhPA128_K7ap_uintILi16EES4_S4_PS2_S5_PA128_S3_405_ce0       |  out|    1|   ap_memory|  p_ZZN8gdn_bf1617gdn_bf16_top_implEhthhPA128_K7ap_uintILi16EES4_S4_PS2_S5_PA128_S3_405|         array|
|p_ZZN8gdn_bf1617gdn_bf16_top_implEhthhPA128_K7ap_uintILi16EES4_S4_PS2_S5_PA128_S3_405_we0       |  out|    1|   ap_memory|  p_ZZN8gdn_bf1617gdn_bf16_top_implEhthhPA128_K7ap_uintILi16EES4_S4_PS2_S5_PA128_S3_405|         array|
|p_ZZN8gdn_bf1617gdn_bf16_top_implEhthhPA128_K7ap_uintILi16EES4_S4_PS2_S5_PA128_S3_405_d0        |  out|   16|   ap_memory|  p_ZZN8gdn_bf1617gdn_bf16_top_implEhthhPA128_K7ap_uintILi16EES4_S4_PS2_S5_PA128_S3_405|         array|
|p_ZZN8gdn_bf1617gdn_bf16_top_implEhthhPA128_K7ap_uintILi16EES4_S4_PS2_S5_PA128_S3_72_address0   |  out|    5|   ap_memory|   p_ZZN8gdn_bf1617gdn_bf16_top_implEhthhPA128_K7ap_uintILi16EES4_S4_PS2_S5_PA128_S3_72|         array|
|p_ZZN8gdn_bf1617gdn_bf16_top_implEhthhPA128_K7ap_uintILi16EES4_S4_PS2_S5_PA128_S3_72_ce0        |  out|    1|   ap_memory|   p_ZZN8gdn_bf1617gdn_bf16_top_implEhthhPA128_K7ap_uintILi16EES4_S4_PS2_S5_PA128_S3_72|         array|
|p_ZZN8gdn_bf1617gdn_bf16_top_implEhthhPA128_K7ap_uintILi16EES4_S4_PS2_S5_PA128_S3_72_we0        |  out|    1|   ap_memory|   p_ZZN8gdn_bf1617gdn_bf16_top_implEhthhPA128_K7ap_uintILi16EES4_S4_PS2_S5_PA128_S3_72|         array|
|p_ZZN8gdn_bf1617gdn_bf16_top_implEhthhPA128_K7ap_uintILi16EES4_S4_PS2_S5_PA128_S3_72_d0         |  out|   32|   ap_memory|   p_ZZN8gdn_bf1617gdn_bf16_top_implEhthhPA128_K7ap_uintILi16EES4_S4_PS2_S5_PA128_S3_72|         array|
|p_ZZN8gdn_bf1617gdn_bf16_top_implEhthhPA128_K7ap_uintILi16EES4_S4_PS2_S5_PA128_S3_406_address0  |  out|    5|   ap_memory|  p_ZZN8gdn_bf1617gdn_bf16_top_implEhthhPA128_K7ap_uintILi16EES4_S4_PS2_S5_PA128_S3_406|         array|
|p_ZZN8gdn_bf1617gdn_bf16_top_implEhthhPA128_K7ap_uintILi16EES4_S4_PS2_S5_PA128_S3_406_ce0       |  out|    1|   ap_memory|  p_ZZN8gdn_bf1617gdn_bf16_top_implEhthhPA128_K7ap_uintILi16EES4_S4_PS2_S5_PA128_S3_406|         array|
|p_ZZN8gdn_bf1617gdn_bf16_top_implEhthhPA128_K7ap_uintILi16EES4_S4_PS2_S5_PA128_S3_406_we0       |  out|    1|   ap_memory|  p_ZZN8gdn_bf1617gdn_bf16_top_implEhthhPA128_K7ap_uintILi16EES4_S4_PS2_S5_PA128_S3_406|         array|
|p_ZZN8gdn_bf1617gdn_bf16_top_implEhthhPA128_K7ap_uintILi16EES4_S4_PS2_S5_PA128_S3_406_d0        |  out|   16|   ap_memory|  p_ZZN8gdn_bf1617gdn_bf16_top_implEhthhPA128_K7ap_uintILi16EES4_S4_PS2_S5_PA128_S3_406|         array|
|p_ZZN8gdn_bf1617gdn_bf16_top_implEhthhPA128_K7ap_uintILi16EES4_S4_PS2_S5_PA128_S3_479_address0  |  out|    5|   ap_memory|  p_ZZN8gdn_bf1617gdn_bf16_top_implEhthhPA128_K7ap_uintILi16EES4_S4_PS2_S5_PA128_S3_479|         array|
|p_ZZN8gdn_bf1617gdn_bf16_top_implEhthhPA128_K7ap_uintILi16EES4_S4_PS2_S5_PA128_S3_479_ce0       |  out|    1|   ap_memory|  p_ZZN8gdn_bf1617gdn_bf16_top_implEhthhPA128_K7ap_uintILi16EES4_S4_PS2_S5_PA128_S3_479|         array|
|p_ZZN8gdn_bf1617gdn_bf16_top_implEhthhPA128_K7ap_uintILi16EES4_S4_PS2_S5_PA128_S3_479_q0        |   in|   32|   ap_memory|  p_ZZN8gdn_bf1617gdn_bf16_top_implEhthhPA128_K7ap_uintILi16EES4_S4_PS2_S5_PA128_S3_479|         array|
|p_ZZN8gdn_bf1617gdn_bf16_top_implEhthhPA128_K7ap_uintILi16EES4_S4_PS2_S5_PA128_S3_480_address0  |  out|    5|   ap_memory|  p_ZZN8gdn_bf1617gdn_bf16_top_implEhthhPA128_K7ap_uintILi16EES4_S4_PS2_S5_PA128_S3_480|         array|
|p_ZZN8gdn_bf1617gdn_bf16_top_implEhthhPA128_K7ap_uintILi16EES4_S4_PS2_S5_PA128_S3_480_ce0       |  out|    1|   ap_memory|  p_ZZN8gdn_bf1617gdn_bf16_top_implEhthhPA128_K7ap_uintILi16EES4_S4_PS2_S5_PA128_S3_480|         array|
|p_ZZN8gdn_bf1617gdn_bf16_top_implEhthhPA128_K7ap_uintILi16EES4_S4_PS2_S5_PA128_S3_480_q0        |   in|   32|   ap_memory|  p_ZZN8gdn_bf1617gdn_bf16_top_implEhthhPA128_K7ap_uintILi16EES4_S4_PS2_S5_PA128_S3_480|         array|
|p_ZZN8gdn_bf1617gdn_bf16_top_implEhthhPA128_K7ap_uintILi16EES4_S4_PS2_S5_PA128_S3_481_address0  |  out|    5|   ap_memory|  p_ZZN8gdn_bf1617gdn_bf16_top_implEhthhPA128_K7ap_uintILi16EES4_S4_PS2_S5_PA128_S3_481|         array|
|p_ZZN8gdn_bf1617gdn_bf16_top_implEhthhPA128_K7ap_uintILi16EES4_S4_PS2_S5_PA128_S3_481_ce0       |  out|    1|   ap_memory|  p_ZZN8gdn_bf1617gdn_bf16_top_implEhthhPA128_K7ap_uintILi16EES4_S4_PS2_S5_PA128_S3_481|         array|
|p_ZZN8gdn_bf1617gdn_bf16_top_implEhthhPA128_K7ap_uintILi16EES4_S4_PS2_S5_PA128_S3_481_q0        |   in|   32|   ap_memory|  p_ZZN8gdn_bf1617gdn_bf16_top_implEhthhPA128_K7ap_uintILi16EES4_S4_PS2_S5_PA128_S3_481|         array|
|p_ZZN8gdn_bf1617gdn_bf16_top_implEhthhPA128_K7ap_uintILi16EES4_S4_PS2_S5_PA128_S3_482_address0  |  out|    5|   ap_memory|  p_ZZN8gdn_bf1617gdn_bf16_top_implEhthhPA128_K7ap_uintILi16EES4_S4_PS2_S5_PA128_S3_482|         array|
|p_ZZN8gdn_bf1617gdn_bf16_top_implEhthhPA128_K7ap_uintILi16EES4_S4_PS2_S5_PA128_S3_482_ce0       |  out|    1|   ap_memory|  p_ZZN8gdn_bf1617gdn_bf16_top_implEhthhPA128_K7ap_uintILi16EES4_S4_PS2_S5_PA128_S3_482|         array|
|p_ZZN8gdn_bf1617gdn_bf16_top_implEhthhPA128_K7ap_uintILi16EES4_S4_PS2_S5_PA128_S3_482_q0        |   in|   32|   ap_memory|  p_ZZN8gdn_bf1617gdn_bf16_top_implEhthhPA128_K7ap_uintILi16EES4_S4_PS2_S5_PA128_S3_482|         array|
|p_ZZN8gdn_bf1617gdn_bf16_top_implEhthhPA128_K7ap_uintILi16EES4_S4_PS2_S5_PA128_S3_483_address0  |  out|    5|   ap_memory|  p_ZZN8gdn_bf1617gdn_bf16_top_implEhthhPA128_K7ap_uintILi16EES4_S4_PS2_S5_PA128_S3_483|         array|
|p_ZZN8gdn_bf1617gdn_bf16_top_implEhthhPA128_K7ap_uintILi16EES4_S4_PS2_S5_PA128_S3_483_ce0       |  out|    1|   ap_memory|  p_ZZN8gdn_bf1617gdn_bf16_top_implEhthhPA128_K7ap_uintILi16EES4_S4_PS2_S5_PA128_S3_483|         array|
|p_ZZN8gdn_bf1617gdn_bf16_top_implEhthhPA128_K7ap_uintILi16EES4_S4_PS2_S5_PA128_S3_483_q0        |   in|   32|   ap_memory|  p_ZZN8gdn_bf1617gdn_bf16_top_implEhthhPA128_K7ap_uintILi16EES4_S4_PS2_S5_PA128_S3_483|         array|
|p_ZZN8gdn_bf1617gdn_bf16_top_implEhthhPA128_K7ap_uintILi16EES4_S4_PS2_S5_PA128_S3_484_address0  |  out|    5|   ap_memory|  p_ZZN8gdn_bf1617gdn_bf16_top_implEhthhPA128_K7ap_uintILi16EES4_S4_PS2_S5_PA128_S3_484|         array|
|p_ZZN8gdn_bf1617gdn_bf16_top_implEhthhPA128_K7ap_uintILi16EES4_S4_PS2_S5_PA128_S3_484_ce0       |  out|    1|   ap_memory|  p_ZZN8gdn_bf1617gdn_bf16_top_implEhthhPA128_K7ap_uintILi16EES4_S4_PS2_S5_PA128_S3_484|         array|
|p_ZZN8gdn_bf1617gdn_bf16_top_implEhthhPA128_K7ap_uintILi16EES4_S4_PS2_S5_PA128_S3_484_q0        |   in|   32|   ap_memory|  p_ZZN8gdn_bf1617gdn_bf16_top_implEhthhPA128_K7ap_uintILi16EES4_S4_PS2_S5_PA128_S3_484|         array|
|p_ZZN8gdn_bf1617gdn_bf16_top_implEhthhPA128_K7ap_uintILi16EES4_S4_PS2_S5_PA128_S3_485_address0  |  out|    5|   ap_memory|  p_ZZN8gdn_bf1617gdn_bf16_top_implEhthhPA128_K7ap_uintILi16EES4_S4_PS2_S5_PA128_S3_485|         array|
|p_ZZN8gdn_bf1617gdn_bf16_top_implEhthhPA128_K7ap_uintILi16EES4_S4_PS2_S5_PA128_S3_485_ce0       |  out|    1|   ap_memory|  p_ZZN8gdn_bf1617gdn_bf16_top_implEhthhPA128_K7ap_uintILi16EES4_S4_PS2_S5_PA128_S3_485|         array|
|p_ZZN8gdn_bf1617gdn_bf16_top_implEhthhPA128_K7ap_uintILi16EES4_S4_PS2_S5_PA128_S3_485_q0        |   in|   32|   ap_memory|  p_ZZN8gdn_bf1617gdn_bf16_top_implEhthhPA128_K7ap_uintILi16EES4_S4_PS2_S5_PA128_S3_485|         array|
|p_ZZN8gdn_bf1617gdn_bf16_top_implEhthhPA128_K7ap_uintILi16EES4_S4_PS2_S5_PA128_S3_486_address0  |  out|    5|   ap_memory|  p_ZZN8gdn_bf1617gdn_bf16_top_implEhthhPA128_K7ap_uintILi16EES4_S4_PS2_S5_PA128_S3_486|         array|
|p_ZZN8gdn_bf1617gdn_bf16_top_implEhthhPA128_K7ap_uintILi16EES4_S4_PS2_S5_PA128_S3_486_ce0       |  out|    1|   ap_memory|  p_ZZN8gdn_bf1617gdn_bf16_top_implEhthhPA128_K7ap_uintILi16EES4_S4_PS2_S5_PA128_S3_486|         array|
|p_ZZN8gdn_bf1617gdn_bf16_top_implEhthhPA128_K7ap_uintILi16EES4_S4_PS2_S5_PA128_S3_486_q0        |   in|   32|   ap_memory|  p_ZZN8gdn_bf1617gdn_bf16_top_implEhthhPA128_K7ap_uintILi16EES4_S4_PS2_S5_PA128_S3_486|         array|
|p_ZZN8gdn_bf1617gdn_bf16_top_implEhthhPA128_K7ap_uintILi16EES4_S4_PS2_S5_PA128_S3_527_address0  |  out|    5|   ap_memory|  p_ZZN8gdn_bf1617gdn_bf16_top_implEhthhPA128_K7ap_uintILi16EES4_S4_PS2_S5_PA128_S3_527|         array|
|p_ZZN8gdn_bf1617gdn_bf16_top_implEhthhPA128_K7ap_uintILi16EES4_S4_PS2_S5_PA128_S3_527_ce0       |  out|    1|   ap_memory|  p_ZZN8gdn_bf1617gdn_bf16_top_implEhthhPA128_K7ap_uintILi16EES4_S4_PS2_S5_PA128_S3_527|         array|
|p_ZZN8gdn_bf1617gdn_bf16_top_implEhthhPA128_K7ap_uintILi16EES4_S4_PS2_S5_PA128_S3_527_q0        |   in|   32|   ap_memory|  p_ZZN8gdn_bf1617gdn_bf16_top_implEhthhPA128_K7ap_uintILi16EES4_S4_PS2_S5_PA128_S3_527|         array|
|p_ZZN8gdn_bf1617gdn_bf16_top_implEhthhPA128_K7ap_uintILi16EES4_S4_PS2_S5_PA128_S3_528_address0  |  out|    5|   ap_memory|  p_ZZN8gdn_bf1617gdn_bf16_top_implEhthhPA128_K7ap_uintILi16EES4_S4_PS2_S5_PA128_S3_528|         array|
|p_ZZN8gdn_bf1617gdn_bf16_top_implEhthhPA128_K7ap_uintILi16EES4_S4_PS2_S5_PA128_S3_528_ce0       |  out|    1|   ap_memory|  p_ZZN8gdn_bf1617gdn_bf16_top_implEhthhPA128_K7ap_uintILi16EES4_S4_PS2_S5_PA128_S3_528|         array|
|p_ZZN8gdn_bf1617gdn_bf16_top_implEhthhPA128_K7ap_uintILi16EES4_S4_PS2_S5_PA128_S3_528_q0        |   in|   32|   ap_memory|  p_ZZN8gdn_bf1617gdn_bf16_top_implEhthhPA128_K7ap_uintILi16EES4_S4_PS2_S5_PA128_S3_528|         array|
|p_ZZN8gdn_bf1617gdn_bf16_top_implEhthhPA128_K7ap_uintILi16EES4_S4_PS2_S5_PA128_S3_529_address0  |  out|    5|   ap_memory|  p_ZZN8gdn_bf1617gdn_bf16_top_implEhthhPA128_K7ap_uintILi16EES4_S4_PS2_S5_PA128_S3_529|         array|
|p_ZZN8gdn_bf1617gdn_bf16_top_implEhthhPA128_K7ap_uintILi16EES4_S4_PS2_S5_PA128_S3_529_ce0       |  out|    1|   ap_memory|  p_ZZN8gdn_bf1617gdn_bf16_top_implEhthhPA128_K7ap_uintILi16EES4_S4_PS2_S5_PA128_S3_529|         array|
|p_ZZN8gdn_bf1617gdn_bf16_top_implEhthhPA128_K7ap_uintILi16EES4_S4_PS2_S5_PA128_S3_529_q0        |   in|   32|   ap_memory|  p_ZZN8gdn_bf1617gdn_bf16_top_implEhthhPA128_K7ap_uintILi16EES4_S4_PS2_S5_PA128_S3_529|         array|
|p_ZZN8gdn_bf1617gdn_bf16_top_implEhthhPA128_K7ap_uintILi16EES4_S4_PS2_S5_PA128_S3_530_address0  |  out|    5|   ap_memory|  p_ZZN8gdn_bf1617gdn_bf16_top_implEhthhPA128_K7ap_uintILi16EES4_S4_PS2_S5_PA128_S3_530|         array|
|p_ZZN8gdn_bf1617gdn_bf16_top_implEhthhPA128_K7ap_uintILi16EES4_S4_PS2_S5_PA128_S3_530_ce0       |  out|    1|   ap_memory|  p_ZZN8gdn_bf1617gdn_bf16_top_implEhthhPA128_K7ap_uintILi16EES4_S4_PS2_S5_PA128_S3_530|         array|
|p_ZZN8gdn_bf1617gdn_bf16_top_implEhthhPA128_K7ap_uintILi16EES4_S4_PS2_S5_PA128_S3_530_q0        |   in|   32|   ap_memory|  p_ZZN8gdn_bf1617gdn_bf16_top_implEhthhPA128_K7ap_uintILi16EES4_S4_PS2_S5_PA128_S3_530|         array|
|p_ZZN8gdn_bf1617gdn_bf16_top_implEhthhPA128_K7ap_uintILi16EES4_S4_PS2_S5_PA128_S3_531_address0  |  out|    5|   ap_memory|  p_ZZN8gdn_bf1617gdn_bf16_top_implEhthhPA128_K7ap_uintILi16EES4_S4_PS2_S5_PA128_S3_531|         array|
|p_ZZN8gdn_bf1617gdn_bf16_top_implEhthhPA128_K7ap_uintILi16EES4_S4_PS2_S5_PA128_S3_531_ce0       |  out|    1|   ap_memory|  p_ZZN8gdn_bf1617gdn_bf16_top_implEhthhPA128_K7ap_uintILi16EES4_S4_PS2_S5_PA128_S3_531|         array|
|p_ZZN8gdn_bf1617gdn_bf16_top_implEhthhPA128_K7ap_uintILi16EES4_S4_PS2_S5_PA128_S3_531_q0        |   in|   32|   ap_memory|  p_ZZN8gdn_bf1617gdn_bf16_top_implEhthhPA128_K7ap_uintILi16EES4_S4_PS2_S5_PA128_S3_531|         array|
|p_ZZN8gdn_bf1617gdn_bf16_top_implEhthhPA128_K7ap_uintILi16EES4_S4_PS2_S5_PA128_S3_532_address0  |  out|    5|   ap_memory|  p_ZZN8gdn_bf1617gdn_bf16_top_implEhthhPA128_K7ap_uintILi16EES4_S4_PS2_S5_PA128_S3_532|         array|
|p_ZZN8gdn_bf1617gdn_bf16_top_implEhthhPA128_K7ap_uintILi16EES4_S4_PS2_S5_PA128_S3_532_ce0       |  out|    1|   ap_memory|  p_ZZN8gdn_bf1617gdn_bf16_top_implEhthhPA128_K7ap_uintILi16EES4_S4_PS2_S5_PA128_S3_532|         array|
|p_ZZN8gdn_bf1617gdn_bf16_top_implEhthhPA128_K7ap_uintILi16EES4_S4_PS2_S5_PA128_S3_532_q0        |   in|   32|   ap_memory|  p_ZZN8gdn_bf1617gdn_bf16_top_implEhthhPA128_K7ap_uintILi16EES4_S4_PS2_S5_PA128_S3_532|         array|
|p_ZZN8gdn_bf1617gdn_bf16_top_implEhthhPA128_K7ap_uintILi16EES4_S4_PS2_S5_PA128_S3_533_address0  |  out|    5|   ap_memory|  p_ZZN8gdn_bf1617gdn_bf16_top_implEhthhPA128_K7ap_uintILi16EES4_S4_PS2_S5_PA128_S3_533|         array|
|p_ZZN8gdn_bf1617gdn_bf16_top_implEhthhPA128_K7ap_uintILi16EES4_S4_PS2_S5_PA128_S3_533_ce0       |  out|    1|   ap_memory|  p_ZZN8gdn_bf1617gdn_bf16_top_implEhthhPA128_K7ap_uintILi16EES4_S4_PS2_S5_PA128_S3_533|         array|
|p_ZZN8gdn_bf1617gdn_bf16_top_implEhthhPA128_K7ap_uintILi16EES4_S4_PS2_S5_PA128_S3_533_q0        |   in|   32|   ap_memory|  p_ZZN8gdn_bf1617gdn_bf16_top_implEhthhPA128_K7ap_uintILi16EES4_S4_PS2_S5_PA128_S3_533|         array|
|p_ZZN8gdn_bf1617gdn_bf16_top_implEhthhPA128_K7ap_uintILi16EES4_S4_PS2_S5_PA128_S3_534_address0  |  out|    5|   ap_memory|  p_ZZN8gdn_bf1617gdn_bf16_top_implEhthhPA128_K7ap_uintILi16EES4_S4_PS2_S5_PA128_S3_534|         array|
|p_ZZN8gdn_bf1617gdn_bf16_top_implEhthhPA128_K7ap_uintILi16EES4_S4_PS2_S5_PA128_S3_534_ce0       |  out|    1|   ap_memory|  p_ZZN8gdn_bf1617gdn_bf16_top_implEhthhPA128_K7ap_uintILi16EES4_S4_PS2_S5_PA128_S3_534|         array|
|p_ZZN8gdn_bf1617gdn_bf16_top_implEhthhPA128_K7ap_uintILi16EES4_S4_PS2_S5_PA128_S3_534_q0        |   in|   32|   ap_memory|  p_ZZN8gdn_bf1617gdn_bf16_top_implEhthhPA128_K7ap_uintILi16EES4_S4_PS2_S5_PA128_S3_534|         array|
|p_ZZN8gdn_bf1617gdn_bf16_top_implEhthhPA128_K7ap_uintILi16EES4_S4_PS2_S5_PA128_S3_535_address0  |  out|    5|   ap_memory|  p_ZZN8gdn_bf1617gdn_bf16_top_implEhthhPA128_K7ap_uintILi16EES4_S4_PS2_S5_PA128_S3_535|         array|
|p_ZZN8gdn_bf1617gdn_bf16_top_implEhthhPA128_K7ap_uintILi16EES4_S4_PS2_S5_PA128_S3_535_ce0       |  out|    1|   ap_memory|  p_ZZN8gdn_bf1617gdn_bf16_top_implEhthhPA128_K7ap_uintILi16EES4_S4_PS2_S5_PA128_S3_535|         array|
|p_ZZN8gdn_bf1617gdn_bf16_top_implEhthhPA128_K7ap_uintILi16EES4_S4_PS2_S5_PA128_S3_535_q0        |   in|   32|   ap_memory|  p_ZZN8gdn_bf1617gdn_bf16_top_implEhthhPA128_K7ap_uintILi16EES4_S4_PS2_S5_PA128_S3_535|         array|
|p_ZZN8gdn_bf1617gdn_bf16_top_implEhthhPA128_K7ap_uintILi16EES4_S4_PS2_S5_PA128_S3_536_address0  |  out|    5|   ap_memory|  p_ZZN8gdn_bf1617gdn_bf16_top_implEhthhPA128_K7ap_uintILi16EES4_S4_PS2_S5_PA128_S3_536|         array|
|p_ZZN8gdn_bf1617gdn_bf16_top_implEhthhPA128_K7ap_uintILi16EES4_S4_PS2_S5_PA128_S3_536_ce0       |  out|    1|   ap_memory|  p_ZZN8gdn_bf1617gdn_bf16_top_implEhthhPA128_K7ap_uintILi16EES4_S4_PS2_S5_PA128_S3_536|         array|
|p_ZZN8gdn_bf1617gdn_bf16_top_implEhthhPA128_K7ap_uintILi16EES4_S4_PS2_S5_PA128_S3_536_q0        |   in|   32|   ap_memory|  p_ZZN8gdn_bf1617gdn_bf16_top_implEhthhPA128_K7ap_uintILi16EES4_S4_PS2_S5_PA128_S3_536|         array|
|p_ZZN8gdn_bf1617gdn_bf16_top_implEhthhPA128_K7ap_uintILi16EES4_S4_PS2_S5_PA128_S3_537_address0  |  out|    5|   ap_memory|  p_ZZN8gdn_bf1617gdn_bf16_top_implEhthhPA128_K7ap_uintILi16EES4_S4_PS2_S5_PA128_S3_537|         array|
|p_ZZN8gdn_bf1617gdn_bf16_top_implEhthhPA128_K7ap_uintILi16EES4_S4_PS2_S5_PA128_S3_537_ce0       |  out|    1|   ap_memory|  p_ZZN8gdn_bf1617gdn_bf16_top_implEhthhPA128_K7ap_uintILi16EES4_S4_PS2_S5_PA128_S3_537|         array|
|p_ZZN8gdn_bf1617gdn_bf16_top_implEhthhPA128_K7ap_uintILi16EES4_S4_PS2_S5_PA128_S3_537_q0        |   in|   32|   ap_memory|  p_ZZN8gdn_bf1617gdn_bf16_top_implEhthhPA128_K7ap_uintILi16EES4_S4_PS2_S5_PA128_S3_537|         array|
|p_ZZN8gdn_bf1617gdn_bf16_top_implEhthhPA128_K7ap_uintILi16EES4_S4_PS2_S5_PA128_S3_538_address0  |  out|    5|   ap_memory|  p_ZZN8gdn_bf1617gdn_bf16_top_implEhthhPA128_K7ap_uintILi16EES4_S4_PS2_S5_PA128_S3_538|         array|
|p_ZZN8gdn_bf1617gdn_bf16_top_implEhthhPA128_K7ap_uintILi16EES4_S4_PS2_S5_PA128_S3_538_ce0       |  out|    1|   ap_memory|  p_ZZN8gdn_bf1617gdn_bf16_top_implEhthhPA128_K7ap_uintILi16EES4_S4_PS2_S5_PA128_S3_538|         array|
|p_ZZN8gdn_bf1617gdn_bf16_top_implEhthhPA128_K7ap_uintILi16EES4_S4_PS2_S5_PA128_S3_538_q0        |   in|   32|   ap_memory|  p_ZZN8gdn_bf1617gdn_bf16_top_implEhthhPA128_K7ap_uintILi16EES4_S4_PS2_S5_PA128_S3_538|         array|
|p_ZZN8gdn_bf1617gdn_bf16_top_implEhthhPA128_K7ap_uintILi16EES4_S4_PS2_S5_PA128_S3_539_address0  |  out|    5|   ap_memory|  p_ZZN8gdn_bf1617gdn_bf16_top_implEhthhPA128_K7ap_uintILi16EES4_S4_PS2_S5_PA128_S3_539|         array|
|p_ZZN8gdn_bf1617gdn_bf16_top_implEhthhPA128_K7ap_uintILi16EES4_S4_PS2_S5_PA128_S3_539_ce0       |  out|    1|   ap_memory|  p_ZZN8gdn_bf1617gdn_bf16_top_implEhthhPA128_K7ap_uintILi16EES4_S4_PS2_S5_PA128_S3_539|         array|
|p_ZZN8gdn_bf1617gdn_bf16_top_implEhthhPA128_K7ap_uintILi16EES4_S4_PS2_S5_PA128_S3_539_q0        |   in|   32|   ap_memory|  p_ZZN8gdn_bf1617gdn_bf16_top_implEhthhPA128_K7ap_uintILi16EES4_S4_PS2_S5_PA128_S3_539|         array|
|p_ZZN8gdn_bf1617gdn_bf16_top_implEhthhPA128_K7ap_uintILi16EES4_S4_PS2_S5_PA128_S3_540_address0  |  out|    5|   ap_memory|  p_ZZN8gdn_bf1617gdn_bf16_top_implEhthhPA128_K7ap_uintILi16EES4_S4_PS2_S5_PA128_S3_540|         array|
|p_ZZN8gdn_bf1617gdn_bf16_top_implEhthhPA128_K7ap_uintILi16EES4_S4_PS2_S5_PA128_S3_540_ce0       |  out|    1|   ap_memory|  p_ZZN8gdn_bf1617gdn_bf16_top_implEhthhPA128_K7ap_uintILi16EES4_S4_PS2_S5_PA128_S3_540|         array|
|p_ZZN8gdn_bf1617gdn_bf16_top_implEhthhPA128_K7ap_uintILi16EES4_S4_PS2_S5_PA128_S3_540_q0        |   in|   32|   ap_memory|  p_ZZN8gdn_bf1617gdn_bf16_top_implEhthhPA128_K7ap_uintILi16EES4_S4_PS2_S5_PA128_S3_540|         array|
|p_ZZN8gdn_bf1617gdn_bf16_top_implEhthhPA128_K7ap_uintILi16EES4_S4_PS2_S5_PA128_S3_541_address0  |  out|    5|   ap_memory|  p_ZZN8gdn_bf1617gdn_bf16_top_implEhthhPA128_K7ap_uintILi16EES4_S4_PS2_S5_PA128_S3_541|         array|
|p_ZZN8gdn_bf1617gdn_bf16_top_implEhthhPA128_K7ap_uintILi16EES4_S4_PS2_S5_PA128_S3_541_ce0       |  out|    1|   ap_memory|  p_ZZN8gdn_bf1617gdn_bf16_top_implEhthhPA128_K7ap_uintILi16EES4_S4_PS2_S5_PA128_S3_541|         array|
|p_ZZN8gdn_bf1617gdn_bf16_top_implEhthhPA128_K7ap_uintILi16EES4_S4_PS2_S5_PA128_S3_541_q0        |   in|   32|   ap_memory|  p_ZZN8gdn_bf1617gdn_bf16_top_implEhthhPA128_K7ap_uintILi16EES4_S4_PS2_S5_PA128_S3_541|         array|
|p_ZZN8gdn_bf1617gdn_bf16_top_implEhthhPA128_K7ap_uintILi16EES4_S4_PS2_S5_PA128_S3_542_address0  |  out|    5|   ap_memory|  p_ZZN8gdn_bf1617gdn_bf16_top_implEhthhPA128_K7ap_uintILi16EES4_S4_PS2_S5_PA128_S3_542|         array|
|p_ZZN8gdn_bf1617gdn_bf16_top_implEhthhPA128_K7ap_uintILi16EES4_S4_PS2_S5_PA128_S3_542_ce0       |  out|    1|   ap_memory|  p_ZZN8gdn_bf1617gdn_bf16_top_implEhthhPA128_K7ap_uintILi16EES4_S4_PS2_S5_PA128_S3_542|         array|
|p_ZZN8gdn_bf1617gdn_bf16_top_implEhthhPA128_K7ap_uintILi16EES4_S4_PS2_S5_PA128_S3_542_q0        |   in|   32|   ap_memory|  p_ZZN8gdn_bf1617gdn_bf16_top_implEhthhPA128_K7ap_uintILi16EES4_S4_PS2_S5_PA128_S3_542|         array|
|p_ZZN8gdn_bf1617gdn_bf16_top_implEhthhPA128_K7ap_uintILi16EES4_S4_PS2_S5_PA128_S3_543_address0  |  out|    5|   ap_memory|  p_ZZN8gdn_bf1617gdn_bf16_top_implEhthhPA128_K7ap_uintILi16EES4_S4_PS2_S5_PA128_S3_543|         array|
|p_ZZN8gdn_bf1617gdn_bf16_top_implEhthhPA128_K7ap_uintILi16EES4_S4_PS2_S5_PA128_S3_543_ce0       |  out|    1|   ap_memory|  p_ZZN8gdn_bf1617gdn_bf16_top_implEhthhPA128_K7ap_uintILi16EES4_S4_PS2_S5_PA128_S3_543|         array|
|p_ZZN8gdn_bf1617gdn_bf16_top_implEhthhPA128_K7ap_uintILi16EES4_S4_PS2_S5_PA128_S3_543_q0        |   in|   32|   ap_memory|  p_ZZN8gdn_bf1617gdn_bf16_top_implEhthhPA128_K7ap_uintILi16EES4_S4_PS2_S5_PA128_S3_543|         array|
|p_ZZN8gdn_bf1617gdn_bf16_top_implEhthhPA128_K7ap_uintILi16EES4_S4_PS2_S5_PA128_S3_544_address0  |  out|    5|   ap_memory|  p_ZZN8gdn_bf1617gdn_bf16_top_implEhthhPA128_K7ap_uintILi16EES4_S4_PS2_S5_PA128_S3_544|         array|
|p_ZZN8gdn_bf1617gdn_bf16_top_implEhthhPA128_K7ap_uintILi16EES4_S4_PS2_S5_PA128_S3_544_ce0       |  out|    1|   ap_memory|  p_ZZN8gdn_bf1617gdn_bf16_top_implEhthhPA128_K7ap_uintILi16EES4_S4_PS2_S5_PA128_S3_544|         array|
|p_ZZN8gdn_bf1617gdn_bf16_top_implEhthhPA128_K7ap_uintILi16EES4_S4_PS2_S5_PA128_S3_544_q0        |   in|   32|   ap_memory|  p_ZZN8gdn_bf1617gdn_bf16_top_implEhthhPA128_K7ap_uintILi16EES4_S4_PS2_S5_PA128_S3_544|         array|
|p_ZZN8gdn_bf1617gdn_bf16_top_implEhthhPA128_K7ap_uintILi16EES4_S4_PS2_S5_PA128_S3_545_address0  |  out|    5|   ap_memory|  p_ZZN8gdn_bf1617gdn_bf16_top_implEhthhPA128_K7ap_uintILi16EES4_S4_PS2_S5_PA128_S3_545|         array|
|p_ZZN8gdn_bf1617gdn_bf16_top_implEhthhPA128_K7ap_uintILi16EES4_S4_PS2_S5_PA128_S3_545_ce0       |  out|    1|   ap_memory|  p_ZZN8gdn_bf1617gdn_bf16_top_implEhthhPA128_K7ap_uintILi16EES4_S4_PS2_S5_PA128_S3_545|         array|
|p_ZZN8gdn_bf1617gdn_bf16_top_implEhthhPA128_K7ap_uintILi16EES4_S4_PS2_S5_PA128_S3_545_q0        |   in|   32|   ap_memory|  p_ZZN8gdn_bf1617gdn_bf16_top_implEhthhPA128_K7ap_uintILi16EES4_S4_PS2_S5_PA128_S3_545|         array|
|p_ZZN8gdn_bf1617gdn_bf16_top_implEhthhPA128_K7ap_uintILi16EES4_S4_PS2_S5_PA128_S3_546_address0  |  out|    5|   ap_memory|  p_ZZN8gdn_bf1617gdn_bf16_top_implEhthhPA128_K7ap_uintILi16EES4_S4_PS2_S5_PA128_S3_546|         array|
|p_ZZN8gdn_bf1617gdn_bf16_top_implEhthhPA128_K7ap_uintILi16EES4_S4_PS2_S5_PA128_S3_546_ce0       |  out|    1|   ap_memory|  p_ZZN8gdn_bf1617gdn_bf16_top_implEhthhPA128_K7ap_uintILi16EES4_S4_PS2_S5_PA128_S3_546|         array|
|p_ZZN8gdn_bf1617gdn_bf16_top_implEhthhPA128_K7ap_uintILi16EES4_S4_PS2_S5_PA128_S3_546_q0        |   in|   32|   ap_memory|  p_ZZN8gdn_bf1617gdn_bf16_top_implEhthhPA128_K7ap_uintILi16EES4_S4_PS2_S5_PA128_S3_546|         array|
|p_ZZN8gdn_bf1617gdn_bf16_top_implEhthhPA128_K7ap_uintILi16EES4_S4_PS2_S5_PA128_S3_547_address0  |  out|    5|   ap_memory|  p_ZZN8gdn_bf1617gdn_bf16_top_implEhthhPA128_K7ap_uintILi16EES4_S4_PS2_S5_PA128_S3_547|         array|
|p_ZZN8gdn_bf1617gdn_bf16_top_implEhthhPA128_K7ap_uintILi16EES4_S4_PS2_S5_PA128_S3_547_ce0       |  out|    1|   ap_memory|  p_ZZN8gdn_bf1617gdn_bf16_top_implEhthhPA128_K7ap_uintILi16EES4_S4_PS2_S5_PA128_S3_547|         array|
|p_ZZN8gdn_bf1617gdn_bf16_top_implEhthhPA128_K7ap_uintILi16EES4_S4_PS2_S5_PA128_S3_547_q0        |   in|   32|   ap_memory|  p_ZZN8gdn_bf1617gdn_bf16_top_implEhthhPA128_K7ap_uintILi16EES4_S4_PS2_S5_PA128_S3_547|         array|
|p_ZZN8gdn_bf1617gdn_bf16_top_implEhthhPA128_K7ap_uintILi16EES4_S4_PS2_S5_PA128_S3_548_address0  |  out|    5|   ap_memory|  p_ZZN8gdn_bf1617gdn_bf16_top_implEhthhPA128_K7ap_uintILi16EES4_S4_PS2_S5_PA128_S3_548|         array|
|p_ZZN8gdn_bf1617gdn_bf16_top_implEhthhPA128_K7ap_uintILi16EES4_S4_PS2_S5_PA128_S3_548_ce0       |  out|    1|   ap_memory|  p_ZZN8gdn_bf1617gdn_bf16_top_implEhthhPA128_K7ap_uintILi16EES4_S4_PS2_S5_PA128_S3_548|         array|
|p_ZZN8gdn_bf1617gdn_bf16_top_implEhthhPA128_K7ap_uintILi16EES4_S4_PS2_S5_PA128_S3_548_q0        |   in|   32|   ap_memory|  p_ZZN8gdn_bf1617gdn_bf16_top_implEhthhPA128_K7ap_uintILi16EES4_S4_PS2_S5_PA128_S3_548|         array|
|p_ZZN8gdn_bf1617gdn_bf16_top_implEhthhPA128_K7ap_uintILi16EES4_S4_PS2_S5_PA128_S3_549_address0  |  out|    5|   ap_memory|  p_ZZN8gdn_bf1617gdn_bf16_top_implEhthhPA128_K7ap_uintILi16EES4_S4_PS2_S5_PA128_S3_549|         array|
|p_ZZN8gdn_bf1617gdn_bf16_top_implEhthhPA128_K7ap_uintILi16EES4_S4_PS2_S5_PA128_S3_549_ce0       |  out|    1|   ap_memory|  p_ZZN8gdn_bf1617gdn_bf16_top_implEhthhPA128_K7ap_uintILi16EES4_S4_PS2_S5_PA128_S3_549|         array|
|p_ZZN8gdn_bf1617gdn_bf16_top_implEhthhPA128_K7ap_uintILi16EES4_S4_PS2_S5_PA128_S3_549_q0        |   in|   32|   ap_memory|  p_ZZN8gdn_bf1617gdn_bf16_top_implEhthhPA128_K7ap_uintILi16EES4_S4_PS2_S5_PA128_S3_549|         array|
|p_ZZN8gdn_bf1617gdn_bf16_top_implEhthhPA128_K7ap_uintILi16EES4_S4_PS2_S5_PA128_S3_550_address0  |  out|    5|   ap_memory|  p_ZZN8gdn_bf1617gdn_bf16_top_implEhthhPA128_K7ap_uintILi16EES4_S4_PS2_S5_PA128_S3_550|         array|
|p_ZZN8gdn_bf1617gdn_bf16_top_implEhthhPA128_K7ap_uintILi16EES4_S4_PS2_S5_PA128_S3_550_ce0       |  out|    1|   ap_memory|  p_ZZN8gdn_bf1617gdn_bf16_top_implEhthhPA128_K7ap_uintILi16EES4_S4_PS2_S5_PA128_S3_550|         array|
|p_ZZN8gdn_bf1617gdn_bf16_top_implEhthhPA128_K7ap_uintILi16EES4_S4_PS2_S5_PA128_S3_550_q0        |   in|   32|   ap_memory|  p_ZZN8gdn_bf1617gdn_bf16_top_implEhthhPA128_K7ap_uintILi16EES4_S4_PS2_S5_PA128_S3_550|         array|
|p_ZZN8gdn_bf1617gdn_bf16_top_implEhthhPA128_K7ap_uintILi16EES4_S4_PS2_S5_PA128_S3_551_address0  |  out|    5|   ap_memory|  p_ZZN8gdn_bf1617gdn_bf16_top_implEhthhPA128_K7ap_uintILi16EES4_S4_PS2_S5_PA128_S3_551|         array|
|p_ZZN8gdn_bf1617gdn_bf16_top_implEhthhPA128_K7ap_uintILi16EES4_S4_PS2_S5_PA128_S3_551_ce0       |  out|    1|   ap_memory|  p_ZZN8gdn_bf1617gdn_bf16_top_implEhthhPA128_K7ap_uintILi16EES4_S4_PS2_S5_PA128_S3_551|         array|
|p_ZZN8gdn_bf1617gdn_bf16_top_implEhthhPA128_K7ap_uintILi16EES4_S4_PS2_S5_PA128_S3_551_q0        |   in|   32|   ap_memory|  p_ZZN8gdn_bf1617gdn_bf16_top_implEhthhPA128_K7ap_uintILi16EES4_S4_PS2_S5_PA128_S3_551|         array|
|p_ZZN8gdn_bf1617gdn_bf16_top_implEhthhPA128_K7ap_uintILi16EES4_S4_PS2_S5_PA128_S3_552_address0  |  out|    5|   ap_memory|  p_ZZN8gdn_bf1617gdn_bf16_top_implEhthhPA128_K7ap_uintILi16EES4_S4_PS2_S5_PA128_S3_552|         array|
|p_ZZN8gdn_bf1617gdn_bf16_top_implEhthhPA128_K7ap_uintILi16EES4_S4_PS2_S5_PA128_S3_552_ce0       |  out|    1|   ap_memory|  p_ZZN8gdn_bf1617gdn_bf16_top_implEhthhPA128_K7ap_uintILi16EES4_S4_PS2_S5_PA128_S3_552|         array|
|p_ZZN8gdn_bf1617gdn_bf16_top_implEhthhPA128_K7ap_uintILi16EES4_S4_PS2_S5_PA128_S3_552_q0        |   in|   32|   ap_memory|  p_ZZN8gdn_bf1617gdn_bf16_top_implEhthhPA128_K7ap_uintILi16EES4_S4_PS2_S5_PA128_S3_552|         array|
|p_ZZN8gdn_bf1617gdn_bf16_top_implEhthhPA128_K7ap_uintILi16EES4_S4_PS2_S5_PA128_S3_553_address0  |  out|    5|   ap_memory|  p_ZZN8gdn_bf1617gdn_bf16_top_implEhthhPA128_K7ap_uintILi16EES4_S4_PS2_S5_PA128_S3_553|         array|
|p_ZZN8gdn_bf1617gdn_bf16_top_implEhthhPA128_K7ap_uintILi16EES4_S4_PS2_S5_PA128_S3_553_ce0       |  out|    1|   ap_memory|  p_ZZN8gdn_bf1617gdn_bf16_top_implEhthhPA128_K7ap_uintILi16EES4_S4_PS2_S5_PA128_S3_553|         array|
|p_ZZN8gdn_bf1617gdn_bf16_top_implEhthhPA128_K7ap_uintILi16EES4_S4_PS2_S5_PA128_S3_553_q0        |   in|   32|   ap_memory|  p_ZZN8gdn_bf1617gdn_bf16_top_implEhthhPA128_K7ap_uintILi16EES4_S4_PS2_S5_PA128_S3_553|         array|
|p_ZZN8gdn_bf1617gdn_bf16_top_implEhthhPA128_K7ap_uintILi16EES4_S4_PS2_S5_PA128_S3_554_address0  |  out|    5|   ap_memory|  p_ZZN8gdn_bf1617gdn_bf16_top_implEhthhPA128_K7ap_uintILi16EES4_S4_PS2_S5_PA128_S3_554|         array|
|p_ZZN8gdn_bf1617gdn_bf16_top_implEhthhPA128_K7ap_uintILi16EES4_S4_PS2_S5_PA128_S3_554_ce0       |  out|    1|   ap_memory|  p_ZZN8gdn_bf1617gdn_bf16_top_implEhthhPA128_K7ap_uintILi16EES4_S4_PS2_S5_PA128_S3_554|         array|
|p_ZZN8gdn_bf1617gdn_bf16_top_implEhthhPA128_K7ap_uintILi16EES4_S4_PS2_S5_PA128_S3_554_q0        |   in|   32|   ap_memory|  p_ZZN8gdn_bf1617gdn_bf16_top_implEhthhPA128_K7ap_uintILi16EES4_S4_PS2_S5_PA128_S3_554|         array|
|p_ZZN8gdn_bf1617gdn_bf16_top_implEhthhPA128_K7ap_uintILi16EES4_S4_PS2_S5_PA128_S3_555_address0  |  out|    5|   ap_memory|  p_ZZN8gdn_bf1617gdn_bf16_top_implEhthhPA128_K7ap_uintILi16EES4_S4_PS2_S5_PA128_S3_555|         array|
|p_ZZN8gdn_bf1617gdn_bf16_top_implEhthhPA128_K7ap_uintILi16EES4_S4_PS2_S5_PA128_S3_555_ce0       |  out|    1|   ap_memory|  p_ZZN8gdn_bf1617gdn_bf16_top_implEhthhPA128_K7ap_uintILi16EES4_S4_PS2_S5_PA128_S3_555|         array|
|p_ZZN8gdn_bf1617gdn_bf16_top_implEhthhPA128_K7ap_uintILi16EES4_S4_PS2_S5_PA128_S3_555_q0        |   in|   32|   ap_memory|  p_ZZN8gdn_bf1617gdn_bf16_top_implEhthhPA128_K7ap_uintILi16EES4_S4_PS2_S5_PA128_S3_555|         array|
|p_ZZN8gdn_bf1617gdn_bf16_top_implEhthhPA128_K7ap_uintILi16EES4_S4_PS2_S5_PA128_S3_556_address0  |  out|    5|   ap_memory|  p_ZZN8gdn_bf1617gdn_bf16_top_implEhthhPA128_K7ap_uintILi16EES4_S4_PS2_S5_PA128_S3_556|         array|
|p_ZZN8gdn_bf1617gdn_bf16_top_implEhthhPA128_K7ap_uintILi16EES4_S4_PS2_S5_PA128_S3_556_ce0       |  out|    1|   ap_memory|  p_ZZN8gdn_bf1617gdn_bf16_top_implEhthhPA128_K7ap_uintILi16EES4_S4_PS2_S5_PA128_S3_556|         array|
|p_ZZN8gdn_bf1617gdn_bf16_top_implEhthhPA128_K7ap_uintILi16EES4_S4_PS2_S5_PA128_S3_556_q0        |   in|   32|   ap_memory|  p_ZZN8gdn_bf1617gdn_bf16_top_implEhthhPA128_K7ap_uintILi16EES4_S4_PS2_S5_PA128_S3_556|         array|
|p_ZZN8gdn_bf1617gdn_bf16_top_implEhthhPA128_K7ap_uintILi16EES4_S4_PS2_S5_PA128_S3_557_address0  |  out|    5|   ap_memory|  p_ZZN8gdn_bf1617gdn_bf16_top_implEhthhPA128_K7ap_uintILi16EES4_S4_PS2_S5_PA128_S3_557|         array|
|p_ZZN8gdn_bf1617gdn_bf16_top_implEhthhPA128_K7ap_uintILi16EES4_S4_PS2_S5_PA128_S3_557_ce0       |  out|    1|   ap_memory|  p_ZZN8gdn_bf1617gdn_bf16_top_implEhthhPA128_K7ap_uintILi16EES4_S4_PS2_S5_PA128_S3_557|         array|
|p_ZZN8gdn_bf1617gdn_bf16_top_implEhthhPA128_K7ap_uintILi16EES4_S4_PS2_S5_PA128_S3_557_q0        |   in|   32|   ap_memory|  p_ZZN8gdn_bf1617gdn_bf16_top_implEhthhPA128_K7ap_uintILi16EES4_S4_PS2_S5_PA128_S3_557|         array|
|p_ZZN8gdn_bf1617gdn_bf16_top_implEhthhPA128_K7ap_uintILi16EES4_S4_PS2_S5_PA128_S3_558_address0  |  out|    5|   ap_memory|  p_ZZN8gdn_bf1617gdn_bf16_top_implEhthhPA128_K7ap_uintILi16EES4_S4_PS2_S5_PA128_S3_558|         array|
|p_ZZN8gdn_bf1617gdn_bf16_top_implEhthhPA128_K7ap_uintILi16EES4_S4_PS2_S5_PA128_S3_558_ce0       |  out|    1|   ap_memory|  p_ZZN8gdn_bf1617gdn_bf16_top_implEhthhPA128_K7ap_uintILi16EES4_S4_PS2_S5_PA128_S3_558|         array|
|p_ZZN8gdn_bf1617gdn_bf16_top_implEhthhPA128_K7ap_uintILi16EES4_S4_PS2_S5_PA128_S3_558_q0        |   in|   32|   ap_memory|  p_ZZN8gdn_bf1617gdn_bf16_top_implEhthhPA128_K7ap_uintILi16EES4_S4_PS2_S5_PA128_S3_558|         array|
|p_ZZN8gdn_bf1617gdn_bf16_top_implEhthhPA128_K7ap_uintILi16EES4_S4_PS2_S5_PA128_S3_559_address0  |  out|    5|   ap_memory|  p_ZZN8gdn_bf1617gdn_bf16_top_implEhthhPA128_K7ap_uintILi16EES4_S4_PS2_S5_PA128_S3_559|         array|
|p_ZZN8gdn_bf1617gdn_bf16_top_implEhthhPA128_K7ap_uintILi16EES4_S4_PS2_S5_PA128_S3_559_ce0       |  out|    1|   ap_memory|  p_ZZN8gdn_bf1617gdn_bf16_top_implEhthhPA128_K7ap_uintILi16EES4_S4_PS2_S5_PA128_S3_559|         array|
|p_ZZN8gdn_bf1617gdn_bf16_top_implEhthhPA128_K7ap_uintILi16EES4_S4_PS2_S5_PA128_S3_559_q0        |   in|   32|   ap_memory|  p_ZZN8gdn_bf1617gdn_bf16_top_implEhthhPA128_K7ap_uintILi16EES4_S4_PS2_S5_PA128_S3_559|         array|
|p_ZZN8gdn_bf1617gdn_bf16_top_implEhthhPA128_K7ap_uintILi16EES4_S4_PS2_S5_PA128_S3_560_address0  |  out|    5|   ap_memory|  p_ZZN8gdn_bf1617gdn_bf16_top_implEhthhPA128_K7ap_uintILi16EES4_S4_PS2_S5_PA128_S3_560|         array|
|p_ZZN8gdn_bf1617gdn_bf16_top_implEhthhPA128_K7ap_uintILi16EES4_S4_PS2_S5_PA128_S3_560_ce0       |  out|    1|   ap_memory|  p_ZZN8gdn_bf1617gdn_bf16_top_implEhthhPA128_K7ap_uintILi16EES4_S4_PS2_S5_PA128_S3_560|         array|
|p_ZZN8gdn_bf1617gdn_bf16_top_implEhthhPA128_K7ap_uintILi16EES4_S4_PS2_S5_PA128_S3_560_q0        |   in|   32|   ap_memory|  p_ZZN8gdn_bf1617gdn_bf16_top_implEhthhPA128_K7ap_uintILi16EES4_S4_PS2_S5_PA128_S3_560|         array|
|p_ZZN8gdn_bf1617gdn_bf16_top_implEhthhPA128_K7ap_uintILi16EES4_S4_PS2_S5_PA128_S3_561_address0  |  out|    5|   ap_memory|  p_ZZN8gdn_bf1617gdn_bf16_top_implEhthhPA128_K7ap_uintILi16EES4_S4_PS2_S5_PA128_S3_561|         array|
|p_ZZN8gdn_bf1617gdn_bf16_top_implEhthhPA128_K7ap_uintILi16EES4_S4_PS2_S5_PA128_S3_561_ce0       |  out|    1|   ap_memory|  p_ZZN8gdn_bf1617gdn_bf16_top_implEhthhPA128_K7ap_uintILi16EES4_S4_PS2_S5_PA128_S3_561|         array|
|p_ZZN8gdn_bf1617gdn_bf16_top_implEhthhPA128_K7ap_uintILi16EES4_S4_PS2_S5_PA128_S3_561_q0        |   in|   32|   ap_memory|  p_ZZN8gdn_bf1617gdn_bf16_top_implEhthhPA128_K7ap_uintILi16EES4_S4_PS2_S5_PA128_S3_561|         array|
|p_ZZN8gdn_bf1617gdn_bf16_top_implEhthhPA128_K7ap_uintILi16EES4_S4_PS2_S5_PA128_S3_562_address0  |  out|    5|   ap_memory|  p_ZZN8gdn_bf1617gdn_bf16_top_implEhthhPA128_K7ap_uintILi16EES4_S4_PS2_S5_PA128_S3_562|         array|
|p_ZZN8gdn_bf1617gdn_bf16_top_implEhthhPA128_K7ap_uintILi16EES4_S4_PS2_S5_PA128_S3_562_ce0       |  out|    1|   ap_memory|  p_ZZN8gdn_bf1617gdn_bf16_top_implEhthhPA128_K7ap_uintILi16EES4_S4_PS2_S5_PA128_S3_562|         array|
|p_ZZN8gdn_bf1617gdn_bf16_top_implEhthhPA128_K7ap_uintILi16EES4_S4_PS2_S5_PA128_S3_562_q0        |   in|   32|   ap_memory|  p_ZZN8gdn_bf1617gdn_bf16_top_implEhthhPA128_K7ap_uintILi16EES4_S4_PS2_S5_PA128_S3_562|         array|
|p_ZZN8gdn_bf1617gdn_bf16_top_implEhthhPA128_K7ap_uintILi16EES4_S4_PS2_S5_PA128_S3_563_address0  |  out|    5|   ap_memory|  p_ZZN8gdn_bf1617gdn_bf16_top_implEhthhPA128_K7ap_uintILi16EES4_S4_PS2_S5_PA128_S3_563|         array|
|p_ZZN8gdn_bf1617gdn_bf16_top_implEhthhPA128_K7ap_uintILi16EES4_S4_PS2_S5_PA128_S3_563_ce0       |  out|    1|   ap_memory|  p_ZZN8gdn_bf1617gdn_bf16_top_implEhthhPA128_K7ap_uintILi16EES4_S4_PS2_S5_PA128_S3_563|         array|
|p_ZZN8gdn_bf1617gdn_bf16_top_implEhthhPA128_K7ap_uintILi16EES4_S4_PS2_S5_PA128_S3_563_q0        |   in|   32|   ap_memory|  p_ZZN8gdn_bf1617gdn_bf16_top_implEhthhPA128_K7ap_uintILi16EES4_S4_PS2_S5_PA128_S3_563|         array|
|p_ZZN8gdn_bf1617gdn_bf16_top_implEhthhPA128_K7ap_uintILi16EES4_S4_PS2_S5_PA128_S3_564_address0  |  out|    5|   ap_memory|  p_ZZN8gdn_bf1617gdn_bf16_top_implEhthhPA128_K7ap_uintILi16EES4_S4_PS2_S5_PA128_S3_564|         array|
|p_ZZN8gdn_bf1617gdn_bf16_top_implEhthhPA128_K7ap_uintILi16EES4_S4_PS2_S5_PA128_S3_564_ce0       |  out|    1|   ap_memory|  p_ZZN8gdn_bf1617gdn_bf16_top_implEhthhPA128_K7ap_uintILi16EES4_S4_PS2_S5_PA128_S3_564|         array|
|p_ZZN8gdn_bf1617gdn_bf16_top_implEhthhPA128_K7ap_uintILi16EES4_S4_PS2_S5_PA128_S3_564_q0        |   in|   32|   ap_memory|  p_ZZN8gdn_bf1617gdn_bf16_top_implEhthhPA128_K7ap_uintILi16EES4_S4_PS2_S5_PA128_S3_564|         array|
|p_ZZN8gdn_bf1617gdn_bf16_top_implEhthhPA128_K7ap_uintILi16EES4_S4_PS2_S5_PA128_S3_565_address0  |  out|    5|   ap_memory|  p_ZZN8gdn_bf1617gdn_bf16_top_implEhthhPA128_K7ap_uintILi16EES4_S4_PS2_S5_PA128_S3_565|         array|
|p_ZZN8gdn_bf1617gdn_bf16_top_implEhthhPA128_K7ap_uintILi16EES4_S4_PS2_S5_PA128_S3_565_ce0       |  out|    1|   ap_memory|  p_ZZN8gdn_bf1617gdn_bf16_top_implEhthhPA128_K7ap_uintILi16EES4_S4_PS2_S5_PA128_S3_565|         array|
|p_ZZN8gdn_bf1617gdn_bf16_top_implEhthhPA128_K7ap_uintILi16EES4_S4_PS2_S5_PA128_S3_565_q0        |   in|   32|   ap_memory|  p_ZZN8gdn_bf1617gdn_bf16_top_implEhthhPA128_K7ap_uintILi16EES4_S4_PS2_S5_PA128_S3_565|         array|
|p_ZZN8gdn_bf1617gdn_bf16_top_implEhthhPA128_K7ap_uintILi16EES4_S4_PS2_S5_PA128_S3_566_address0  |  out|    5|   ap_memory|  p_ZZN8gdn_bf1617gdn_bf16_top_implEhthhPA128_K7ap_uintILi16EES4_S4_PS2_S5_PA128_S3_566|         array|
|p_ZZN8gdn_bf1617gdn_bf16_top_implEhthhPA128_K7ap_uintILi16EES4_S4_PS2_S5_PA128_S3_566_ce0       |  out|    1|   ap_memory|  p_ZZN8gdn_bf1617gdn_bf16_top_implEhthhPA128_K7ap_uintILi16EES4_S4_PS2_S5_PA128_S3_566|         array|
|p_ZZN8gdn_bf1617gdn_bf16_top_implEhthhPA128_K7ap_uintILi16EES4_S4_PS2_S5_PA128_S3_566_q0        |   in|   32|   ap_memory|  p_ZZN8gdn_bf1617gdn_bf16_top_implEhthhPA128_K7ap_uintILi16EES4_S4_PS2_S5_PA128_S3_566|         array|
|p_ZZN8gdn_bf1617gdn_bf16_top_implEhthhPA128_K7ap_uintILi16EES4_S4_PS2_S5_PA128_S3_567_address0  |  out|    5|   ap_memory|  p_ZZN8gdn_bf1617gdn_bf16_top_implEhthhPA128_K7ap_uintILi16EES4_S4_PS2_S5_PA128_S3_567|         array|
|p_ZZN8gdn_bf1617gdn_bf16_top_implEhthhPA128_K7ap_uintILi16EES4_S4_PS2_S5_PA128_S3_567_ce0       |  out|    1|   ap_memory|  p_ZZN8gdn_bf1617gdn_bf16_top_implEhthhPA128_K7ap_uintILi16EES4_S4_PS2_S5_PA128_S3_567|         array|
|p_ZZN8gdn_bf1617gdn_bf16_top_implEhthhPA128_K7ap_uintILi16EES4_S4_PS2_S5_PA128_S3_567_q0        |   in|   32|   ap_memory|  p_ZZN8gdn_bf1617gdn_bf16_top_implEhthhPA128_K7ap_uintILi16EES4_S4_PS2_S5_PA128_S3_567|         array|
|p_ZZN8gdn_bf1617gdn_bf16_top_implEhthhPA128_K7ap_uintILi16EES4_S4_PS2_S5_PA128_S3_568_address0  |  out|    5|   ap_memory|  p_ZZN8gdn_bf1617gdn_bf16_top_implEhthhPA128_K7ap_uintILi16EES4_S4_PS2_S5_PA128_S3_568|         array|
|p_ZZN8gdn_bf1617gdn_bf16_top_implEhthhPA128_K7ap_uintILi16EES4_S4_PS2_S5_PA128_S3_568_ce0       |  out|    1|   ap_memory|  p_ZZN8gdn_bf1617gdn_bf16_top_implEhthhPA128_K7ap_uintILi16EES4_S4_PS2_S5_PA128_S3_568|         array|
|p_ZZN8gdn_bf1617gdn_bf16_top_implEhthhPA128_K7ap_uintILi16EES4_S4_PS2_S5_PA128_S3_568_q0        |   in|   32|   ap_memory|  p_ZZN8gdn_bf1617gdn_bf16_top_implEhthhPA128_K7ap_uintILi16EES4_S4_PS2_S5_PA128_S3_568|         array|
|p_ZZN8gdn_bf1617gdn_bf16_top_implEhthhPA128_K7ap_uintILi16EES4_S4_PS2_S5_PA128_S3_569_address0  |  out|    5|   ap_memory|  p_ZZN8gdn_bf1617gdn_bf16_top_implEhthhPA128_K7ap_uintILi16EES4_S4_PS2_S5_PA128_S3_569|         array|
|p_ZZN8gdn_bf1617gdn_bf16_top_implEhthhPA128_K7ap_uintILi16EES4_S4_PS2_S5_PA128_S3_569_ce0       |  out|    1|   ap_memory|  p_ZZN8gdn_bf1617gdn_bf16_top_implEhthhPA128_K7ap_uintILi16EES4_S4_PS2_S5_PA128_S3_569|         array|
|p_ZZN8gdn_bf1617gdn_bf16_top_implEhthhPA128_K7ap_uintILi16EES4_S4_PS2_S5_PA128_S3_569_q0        |   in|   32|   ap_memory|  p_ZZN8gdn_bf1617gdn_bf16_top_implEhthhPA128_K7ap_uintILi16EES4_S4_PS2_S5_PA128_S3_569|         array|
|p_ZZN8gdn_bf1617gdn_bf16_top_implEhthhPA128_K7ap_uintILi16EES4_S4_PS2_S5_PA128_S3_570_address0  |  out|    5|   ap_memory|  p_ZZN8gdn_bf1617gdn_bf16_top_implEhthhPA128_K7ap_uintILi16EES4_S4_PS2_S5_PA128_S3_570|         array|
|p_ZZN8gdn_bf1617gdn_bf16_top_implEhthhPA128_K7ap_uintILi16EES4_S4_PS2_S5_PA128_S3_570_ce0       |  out|    1|   ap_memory|  p_ZZN8gdn_bf1617gdn_bf16_top_implEhthhPA128_K7ap_uintILi16EES4_S4_PS2_S5_PA128_S3_570|         array|
|p_ZZN8gdn_bf1617gdn_bf16_top_implEhthhPA128_K7ap_uintILi16EES4_S4_PS2_S5_PA128_S3_570_q0        |   in|   32|   ap_memory|  p_ZZN8gdn_bf1617gdn_bf16_top_implEhthhPA128_K7ap_uintILi16EES4_S4_PS2_S5_PA128_S3_570|         array|
|p_ZZN8gdn_bf1617gdn_bf16_top_implEhthhPA128_K7ap_uintILi16EES4_S4_PS2_S5_PA128_S3_571_address0  |  out|    5|   ap_memory|  p_ZZN8gdn_bf1617gdn_bf16_top_implEhthhPA128_K7ap_uintILi16EES4_S4_PS2_S5_PA128_S3_571|         array|
|p_ZZN8gdn_bf1617gdn_bf16_top_implEhthhPA128_K7ap_uintILi16EES4_S4_PS2_S5_PA128_S3_571_ce0       |  out|    1|   ap_memory|  p_ZZN8gdn_bf1617gdn_bf16_top_implEhthhPA128_K7ap_uintILi16EES4_S4_PS2_S5_PA128_S3_571|         array|
|p_ZZN8gdn_bf1617gdn_bf16_top_implEhthhPA128_K7ap_uintILi16EES4_S4_PS2_S5_PA128_S3_571_q0        |   in|   32|   ap_memory|  p_ZZN8gdn_bf1617gdn_bf16_top_implEhthhPA128_K7ap_uintILi16EES4_S4_PS2_S5_PA128_S3_571|         array|
|p_ZZN8gdn_bf1617gdn_bf16_top_implEhthhPA128_K7ap_uintILi16EES4_S4_PS2_S5_PA128_S3_572_address0  |  out|    5|   ap_memory|  p_ZZN8gdn_bf1617gdn_bf16_top_implEhthhPA128_K7ap_uintILi16EES4_S4_PS2_S5_PA128_S3_572|         array|
|p_ZZN8gdn_bf1617gdn_bf16_top_implEhthhPA128_K7ap_uintILi16EES4_S4_PS2_S5_PA128_S3_572_ce0       |  out|    1|   ap_memory|  p_ZZN8gdn_bf1617gdn_bf16_top_implEhthhPA128_K7ap_uintILi16EES4_S4_PS2_S5_PA128_S3_572|         array|
|p_ZZN8gdn_bf1617gdn_bf16_top_implEhthhPA128_K7ap_uintILi16EES4_S4_PS2_S5_PA128_S3_572_q0        |   in|   32|   ap_memory|  p_ZZN8gdn_bf1617gdn_bf16_top_implEhthhPA128_K7ap_uintILi16EES4_S4_PS2_S5_PA128_S3_572|         array|
|p_ZZN8gdn_bf1617gdn_bf16_top_implEhthhPA128_K7ap_uintILi16EES4_S4_PS2_S5_PA128_S3_573_address0  |  out|    5|   ap_memory|  p_ZZN8gdn_bf1617gdn_bf16_top_implEhthhPA128_K7ap_uintILi16EES4_S4_PS2_S5_PA128_S3_573|         array|
|p_ZZN8gdn_bf1617gdn_bf16_top_implEhthhPA128_K7ap_uintILi16EES4_S4_PS2_S5_PA128_S3_573_ce0       |  out|    1|   ap_memory|  p_ZZN8gdn_bf1617gdn_bf16_top_implEhthhPA128_K7ap_uintILi16EES4_S4_PS2_S5_PA128_S3_573|         array|
|p_ZZN8gdn_bf1617gdn_bf16_top_implEhthhPA128_K7ap_uintILi16EES4_S4_PS2_S5_PA128_S3_573_q0        |   in|   32|   ap_memory|  p_ZZN8gdn_bf1617gdn_bf16_top_implEhthhPA128_K7ap_uintILi16EES4_S4_PS2_S5_PA128_S3_573|         array|
|p_ZZN8gdn_bf1617gdn_bf16_top_implEhthhPA128_K7ap_uintILi16EES4_S4_PS2_S5_PA128_S3_574_address0  |  out|    5|   ap_memory|  p_ZZN8gdn_bf1617gdn_bf16_top_implEhthhPA128_K7ap_uintILi16EES4_S4_PS2_S5_PA128_S3_574|         array|
|p_ZZN8gdn_bf1617gdn_bf16_top_implEhthhPA128_K7ap_uintILi16EES4_S4_PS2_S5_PA128_S3_574_ce0       |  out|    1|   ap_memory|  p_ZZN8gdn_bf1617gdn_bf16_top_implEhthhPA128_K7ap_uintILi16EES4_S4_PS2_S5_PA128_S3_574|         array|
|p_ZZN8gdn_bf1617gdn_bf16_top_implEhthhPA128_K7ap_uintILi16EES4_S4_PS2_S5_PA128_S3_574_q0        |   in|   32|   ap_memory|  p_ZZN8gdn_bf1617gdn_bf16_top_implEhthhPA128_K7ap_uintILi16EES4_S4_PS2_S5_PA128_S3_574|         array|
|p_ZZN8gdn_bf1617gdn_bf16_top_implEhthhPA128_K7ap_uintILi16EES4_S4_PS2_S5_PA128_S3_575_address0  |  out|    5|   ap_memory|  p_ZZN8gdn_bf1617gdn_bf16_top_implEhthhPA128_K7ap_uintILi16EES4_S4_PS2_S5_PA128_S3_575|         array|
|p_ZZN8gdn_bf1617gdn_bf16_top_implEhthhPA128_K7ap_uintILi16EES4_S4_PS2_S5_PA128_S3_575_ce0       |  out|    1|   ap_memory|  p_ZZN8gdn_bf1617gdn_bf16_top_implEhthhPA128_K7ap_uintILi16EES4_S4_PS2_S5_PA128_S3_575|         array|
|p_ZZN8gdn_bf1617gdn_bf16_top_implEhthhPA128_K7ap_uintILi16EES4_S4_PS2_S5_PA128_S3_575_q0        |   in|   32|   ap_memory|  p_ZZN8gdn_bf1617gdn_bf16_top_implEhthhPA128_K7ap_uintILi16EES4_S4_PS2_S5_PA128_S3_575|         array|
|p_ZZN8gdn_bf1617gdn_bf16_top_implEhthhPA128_K7ap_uintILi16EES4_S4_PS2_S5_PA128_S3_576_address0  |  out|    5|   ap_memory|  p_ZZN8gdn_bf1617gdn_bf16_top_implEhthhPA128_K7ap_uintILi16EES4_S4_PS2_S5_PA128_S3_576|         array|
|p_ZZN8gdn_bf1617gdn_bf16_top_implEhthhPA128_K7ap_uintILi16EES4_S4_PS2_S5_PA128_S3_576_ce0       |  out|    1|   ap_memory|  p_ZZN8gdn_bf1617gdn_bf16_top_implEhthhPA128_K7ap_uintILi16EES4_S4_PS2_S5_PA128_S3_576|         array|
|p_ZZN8gdn_bf1617gdn_bf16_top_implEhthhPA128_K7ap_uintILi16EES4_S4_PS2_S5_PA128_S3_576_q0        |   in|   32|   ap_memory|  p_ZZN8gdn_bf1617gdn_bf16_top_implEhthhPA128_K7ap_uintILi16EES4_S4_PS2_S5_PA128_S3_576|         array|
|p_ZZN8gdn_bf1617gdn_bf16_top_implEhthhPA128_K7ap_uintILi16EES4_S4_PS2_S5_PA128_S3_577_address0  |  out|    5|   ap_memory|  p_ZZN8gdn_bf1617gdn_bf16_top_implEhthhPA128_K7ap_uintILi16EES4_S4_PS2_S5_PA128_S3_577|         array|
|p_ZZN8gdn_bf1617gdn_bf16_top_implEhthhPA128_K7ap_uintILi16EES4_S4_PS2_S5_PA128_S3_577_ce0       |  out|    1|   ap_memory|  p_ZZN8gdn_bf1617gdn_bf16_top_implEhthhPA128_K7ap_uintILi16EES4_S4_PS2_S5_PA128_S3_577|         array|
|p_ZZN8gdn_bf1617gdn_bf16_top_implEhthhPA128_K7ap_uintILi16EES4_S4_PS2_S5_PA128_S3_577_q0        |   in|   32|   ap_memory|  p_ZZN8gdn_bf1617gdn_bf16_top_implEhthhPA128_K7ap_uintILi16EES4_S4_PS2_S5_PA128_S3_577|         array|
|p_ZZN8gdn_bf1617gdn_bf16_top_implEhthhPA128_K7ap_uintILi16EES4_S4_PS2_S5_PA128_S3_578_address0  |  out|    5|   ap_memory|  p_ZZN8gdn_bf1617gdn_bf16_top_implEhthhPA128_K7ap_uintILi16EES4_S4_PS2_S5_PA128_S3_578|         array|
|p_ZZN8gdn_bf1617gdn_bf16_top_implEhthhPA128_K7ap_uintILi16EES4_S4_PS2_S5_PA128_S3_578_ce0       |  out|    1|   ap_memory|  p_ZZN8gdn_bf1617gdn_bf16_top_implEhthhPA128_K7ap_uintILi16EES4_S4_PS2_S5_PA128_S3_578|         array|
|p_ZZN8gdn_bf1617gdn_bf16_top_implEhthhPA128_K7ap_uintILi16EES4_S4_PS2_S5_PA128_S3_578_q0        |   in|   32|   ap_memory|  p_ZZN8gdn_bf1617gdn_bf16_top_implEhthhPA128_K7ap_uintILi16EES4_S4_PS2_S5_PA128_S3_578|         array|
|p_ZZN8gdn_bf1617gdn_bf16_top_implEhthhPA128_K7ap_uintILi16EES4_S4_PS2_S5_PA128_S3_579_address0  |  out|    5|   ap_memory|  p_ZZN8gdn_bf1617gdn_bf16_top_implEhthhPA128_K7ap_uintILi16EES4_S4_PS2_S5_PA128_S3_579|         array|
|p_ZZN8gdn_bf1617gdn_bf16_top_implEhthhPA128_K7ap_uintILi16EES4_S4_PS2_S5_PA128_S3_579_ce0       |  out|    1|   ap_memory|  p_ZZN8gdn_bf1617gdn_bf16_top_implEhthhPA128_K7ap_uintILi16EES4_S4_PS2_S5_PA128_S3_579|         array|
|p_ZZN8gdn_bf1617gdn_bf16_top_implEhthhPA128_K7ap_uintILi16EES4_S4_PS2_S5_PA128_S3_579_q0        |   in|   32|   ap_memory|  p_ZZN8gdn_bf1617gdn_bf16_top_implEhthhPA128_K7ap_uintILi16EES4_S4_PS2_S5_PA128_S3_579|         array|
|p_ZZN8gdn_bf1617gdn_bf16_top_implEhthhPA128_K7ap_uintILi16EES4_S4_PS2_S5_PA128_S3_580_address0  |  out|    5|   ap_memory|  p_ZZN8gdn_bf1617gdn_bf16_top_implEhthhPA128_K7ap_uintILi16EES4_S4_PS2_S5_PA128_S3_580|         array|
|p_ZZN8gdn_bf1617gdn_bf16_top_implEhthhPA128_K7ap_uintILi16EES4_S4_PS2_S5_PA128_S3_580_ce0       |  out|    1|   ap_memory|  p_ZZN8gdn_bf1617gdn_bf16_top_implEhthhPA128_K7ap_uintILi16EES4_S4_PS2_S5_PA128_S3_580|         array|
|p_ZZN8gdn_bf1617gdn_bf16_top_implEhthhPA128_K7ap_uintILi16EES4_S4_PS2_S5_PA128_S3_580_q0        |   in|   32|   ap_memory|  p_ZZN8gdn_bf1617gdn_bf16_top_implEhthhPA128_K7ap_uintILi16EES4_S4_PS2_S5_PA128_S3_580|         array|
|p_ZZN8gdn_bf1617gdn_bf16_top_implEhthhPA128_K7ap_uintILi16EES4_S4_PS2_S5_PA128_S3_581_address0  |  out|    5|   ap_memory|  p_ZZN8gdn_bf1617gdn_bf16_top_implEhthhPA128_K7ap_uintILi16EES4_S4_PS2_S5_PA128_S3_581|         array|
|p_ZZN8gdn_bf1617gdn_bf16_top_implEhthhPA128_K7ap_uintILi16EES4_S4_PS2_S5_PA128_S3_581_ce0       |  out|    1|   ap_memory|  p_ZZN8gdn_bf1617gdn_bf16_top_implEhthhPA128_K7ap_uintILi16EES4_S4_PS2_S5_PA128_S3_581|         array|
|p_ZZN8gdn_bf1617gdn_bf16_top_implEhthhPA128_K7ap_uintILi16EES4_S4_PS2_S5_PA128_S3_581_q0        |   in|   32|   ap_memory|  p_ZZN8gdn_bf1617gdn_bf16_top_implEhthhPA128_K7ap_uintILi16EES4_S4_PS2_S5_PA128_S3_581|         array|
|p_ZZN8gdn_bf1617gdn_bf16_top_implEhthhPA128_K7ap_uintILi16EES4_S4_PS2_S5_PA128_S3_582_address0  |  out|    5|   ap_memory|  p_ZZN8gdn_bf1617gdn_bf16_top_implEhthhPA128_K7ap_uintILi16EES4_S4_PS2_S5_PA128_S3_582|         array|
|p_ZZN8gdn_bf1617gdn_bf16_top_implEhthhPA128_K7ap_uintILi16EES4_S4_PS2_S5_PA128_S3_582_ce0       |  out|    1|   ap_memory|  p_ZZN8gdn_bf1617gdn_bf16_top_implEhthhPA128_K7ap_uintILi16EES4_S4_PS2_S5_PA128_S3_582|         array|
|p_ZZN8gdn_bf1617gdn_bf16_top_implEhthhPA128_K7ap_uintILi16EES4_S4_PS2_S5_PA128_S3_582_q0        |   in|   32|   ap_memory|  p_ZZN8gdn_bf1617gdn_bf16_top_implEhthhPA128_K7ap_uintILi16EES4_S4_PS2_S5_PA128_S3_582|         array|
|p_ZZN8gdn_bf1617gdn_bf16_top_implEhthhPA128_K7ap_uintILi16EES4_S4_PS2_S5_PA128_S3_583_address0  |  out|    5|   ap_memory|  p_ZZN8gdn_bf1617gdn_bf16_top_implEhthhPA128_K7ap_uintILi16EES4_S4_PS2_S5_PA128_S3_583|         array|
|p_ZZN8gdn_bf1617gdn_bf16_top_implEhthhPA128_K7ap_uintILi16EES4_S4_PS2_S5_PA128_S3_583_ce0       |  out|    1|   ap_memory|  p_ZZN8gdn_bf1617gdn_bf16_top_implEhthhPA128_K7ap_uintILi16EES4_S4_PS2_S5_PA128_S3_583|         array|
|p_ZZN8gdn_bf1617gdn_bf16_top_implEhthhPA128_K7ap_uintILi16EES4_S4_PS2_S5_PA128_S3_583_q0        |   in|   32|   ap_memory|  p_ZZN8gdn_bf1617gdn_bf16_top_implEhthhPA128_K7ap_uintILi16EES4_S4_PS2_S5_PA128_S3_583|         array|
|p_ZZN8gdn_bf1617gdn_bf16_top_implEhthhPA128_K7ap_uintILi16EES4_S4_PS2_S5_PA128_S3_584_address0  |  out|    5|   ap_memory|  p_ZZN8gdn_bf1617gdn_bf16_top_implEhthhPA128_K7ap_uintILi16EES4_S4_PS2_S5_PA128_S3_584|         array|
|p_ZZN8gdn_bf1617gdn_bf16_top_implEhthhPA128_K7ap_uintILi16EES4_S4_PS2_S5_PA128_S3_584_ce0       |  out|    1|   ap_memory|  p_ZZN8gdn_bf1617gdn_bf16_top_implEhthhPA128_K7ap_uintILi16EES4_S4_PS2_S5_PA128_S3_584|         array|
|p_ZZN8gdn_bf1617gdn_bf16_top_implEhthhPA128_K7ap_uintILi16EES4_S4_PS2_S5_PA128_S3_584_q0        |   in|   32|   ap_memory|  p_ZZN8gdn_bf1617gdn_bf16_top_implEhthhPA128_K7ap_uintILi16EES4_S4_PS2_S5_PA128_S3_584|         array|
|p_ZZN8gdn_bf1617gdn_bf16_top_implEhthhPA128_K7ap_uintILi16EES4_S4_PS2_S5_PA128_S3_585_address0  |  out|    5|   ap_memory|  p_ZZN8gdn_bf1617gdn_bf16_top_implEhthhPA128_K7ap_uintILi16EES4_S4_PS2_S5_PA128_S3_585|         array|
|p_ZZN8gdn_bf1617gdn_bf16_top_implEhthhPA128_K7ap_uintILi16EES4_S4_PS2_S5_PA128_S3_585_ce0       |  out|    1|   ap_memory|  p_ZZN8gdn_bf1617gdn_bf16_top_implEhthhPA128_K7ap_uintILi16EES4_S4_PS2_S5_PA128_S3_585|         array|
|p_ZZN8gdn_bf1617gdn_bf16_top_implEhthhPA128_K7ap_uintILi16EES4_S4_PS2_S5_PA128_S3_585_q0        |   in|   32|   ap_memory|  p_ZZN8gdn_bf1617gdn_bf16_top_implEhthhPA128_K7ap_uintILi16EES4_S4_PS2_S5_PA128_S3_585|         array|
|p_ZZN8gdn_bf1617gdn_bf16_top_implEhthhPA128_K7ap_uintILi16EES4_S4_PS2_S5_PA128_S3_586_address0  |  out|    5|   ap_memory|  p_ZZN8gdn_bf1617gdn_bf16_top_implEhthhPA128_K7ap_uintILi16EES4_S4_PS2_S5_PA128_S3_586|         array|
|p_ZZN8gdn_bf1617gdn_bf16_top_implEhthhPA128_K7ap_uintILi16EES4_S4_PS2_S5_PA128_S3_586_ce0       |  out|    1|   ap_memory|  p_ZZN8gdn_bf1617gdn_bf16_top_implEhthhPA128_K7ap_uintILi16EES4_S4_PS2_S5_PA128_S3_586|         array|
|p_ZZN8gdn_bf1617gdn_bf16_top_implEhthhPA128_K7ap_uintILi16EES4_S4_PS2_S5_PA128_S3_586_q0        |   in|   32|   ap_memory|  p_ZZN8gdn_bf1617gdn_bf16_top_implEhthhPA128_K7ap_uintILi16EES4_S4_PS2_S5_PA128_S3_586|         array|
|p_ZZN8gdn_bf1617gdn_bf16_top_implEhthhPA128_K7ap_uintILi16EES4_S4_PS2_S5_PA128_S3_587_address0  |  out|    5|   ap_memory|  p_ZZN8gdn_bf1617gdn_bf16_top_implEhthhPA128_K7ap_uintILi16EES4_S4_PS2_S5_PA128_S3_587|         array|
|p_ZZN8gdn_bf1617gdn_bf16_top_implEhthhPA128_K7ap_uintILi16EES4_S4_PS2_S5_PA128_S3_587_ce0       |  out|    1|   ap_memory|  p_ZZN8gdn_bf1617gdn_bf16_top_implEhthhPA128_K7ap_uintILi16EES4_S4_PS2_S5_PA128_S3_587|         array|
|p_ZZN8gdn_bf1617gdn_bf16_top_implEhthhPA128_K7ap_uintILi16EES4_S4_PS2_S5_PA128_S3_587_q0        |   in|   32|   ap_memory|  p_ZZN8gdn_bf1617gdn_bf16_top_implEhthhPA128_K7ap_uintILi16EES4_S4_PS2_S5_PA128_S3_587|         array|
|p_ZZN8gdn_bf1617gdn_bf16_top_implEhthhPA128_K7ap_uintILi16EES4_S4_PS2_S5_PA128_S3_588_address0  |  out|    5|   ap_memory|  p_ZZN8gdn_bf1617gdn_bf16_top_implEhthhPA128_K7ap_uintILi16EES4_S4_PS2_S5_PA128_S3_588|         array|
|p_ZZN8gdn_bf1617gdn_bf16_top_implEhthhPA128_K7ap_uintILi16EES4_S4_PS2_S5_PA128_S3_588_ce0       |  out|    1|   ap_memory|  p_ZZN8gdn_bf1617gdn_bf16_top_implEhthhPA128_K7ap_uintILi16EES4_S4_PS2_S5_PA128_S3_588|         array|
|p_ZZN8gdn_bf1617gdn_bf16_top_implEhthhPA128_K7ap_uintILi16EES4_S4_PS2_S5_PA128_S3_588_q0        |   in|   32|   ap_memory|  p_ZZN8gdn_bf1617gdn_bf16_top_implEhthhPA128_K7ap_uintILi16EES4_S4_PS2_S5_PA128_S3_588|         array|
|p_ZZN8gdn_bf1617gdn_bf16_top_implEhthhPA128_K7ap_uintILi16EES4_S4_PS2_S5_PA128_S3_589_address0  |  out|    5|   ap_memory|  p_ZZN8gdn_bf1617gdn_bf16_top_implEhthhPA128_K7ap_uintILi16EES4_S4_PS2_S5_PA128_S3_589|         array|
|p_ZZN8gdn_bf1617gdn_bf16_top_implEhthhPA128_K7ap_uintILi16EES4_S4_PS2_S5_PA128_S3_589_ce0       |  out|    1|   ap_memory|  p_ZZN8gdn_bf1617gdn_bf16_top_implEhthhPA128_K7ap_uintILi16EES4_S4_PS2_S5_PA128_S3_589|         array|
|p_ZZN8gdn_bf1617gdn_bf16_top_implEhthhPA128_K7ap_uintILi16EES4_S4_PS2_S5_PA128_S3_589_q0        |   in|   32|   ap_memory|  p_ZZN8gdn_bf1617gdn_bf16_top_implEhthhPA128_K7ap_uintILi16EES4_S4_PS2_S5_PA128_S3_589|         array|
|p_ZZN8gdn_bf1617gdn_bf16_top_implEhthhPA128_K7ap_uintILi16EES4_S4_PS2_S5_PA128_S3_590_address0  |  out|    5|   ap_memory|  p_ZZN8gdn_bf1617gdn_bf16_top_implEhthhPA128_K7ap_uintILi16EES4_S4_PS2_S5_PA128_S3_590|         array|
|p_ZZN8gdn_bf1617gdn_bf16_top_implEhthhPA128_K7ap_uintILi16EES4_S4_PS2_S5_PA128_S3_590_ce0       |  out|    1|   ap_memory|  p_ZZN8gdn_bf1617gdn_bf16_top_implEhthhPA128_K7ap_uintILi16EES4_S4_PS2_S5_PA128_S3_590|         array|
|p_ZZN8gdn_bf1617gdn_bf16_top_implEhthhPA128_K7ap_uintILi16EES4_S4_PS2_S5_PA128_S3_590_q0        |   in|   32|   ap_memory|  p_ZZN8gdn_bf1617gdn_bf16_top_implEhthhPA128_K7ap_uintILi16EES4_S4_PS2_S5_PA128_S3_590|         array|
|p_ZZN8gdn_bf1617gdn_bf16_top_implEhthhPA128_K7ap_uintILi16EES4_S4_PS2_S5_PA128_S3_591_address0  |  out|    5|   ap_memory|  p_ZZN8gdn_bf1617gdn_bf16_top_implEhthhPA128_K7ap_uintILi16EES4_S4_PS2_S5_PA128_S3_591|         array|
|p_ZZN8gdn_bf1617gdn_bf16_top_implEhthhPA128_K7ap_uintILi16EES4_S4_PS2_S5_PA128_S3_591_ce0       |  out|    1|   ap_memory|  p_ZZN8gdn_bf1617gdn_bf16_top_implEhthhPA128_K7ap_uintILi16EES4_S4_PS2_S5_PA128_S3_591|         array|
|p_ZZN8gdn_bf1617gdn_bf16_top_implEhthhPA128_K7ap_uintILi16EES4_S4_PS2_S5_PA128_S3_591_q0        |   in|   32|   ap_memory|  p_ZZN8gdn_bf1617gdn_bf16_top_implEhthhPA128_K7ap_uintILi16EES4_S4_PS2_S5_PA128_S3_591|         array|
|p_ZZN8gdn_bf1617gdn_bf16_top_implEhthhPA128_K7ap_uintILi16EES4_S4_PS2_S5_PA128_S3_592_address0  |  out|    5|   ap_memory|  p_ZZN8gdn_bf1617gdn_bf16_top_implEhthhPA128_K7ap_uintILi16EES4_S4_PS2_S5_PA128_S3_592|         array|
|p_ZZN8gdn_bf1617gdn_bf16_top_implEhthhPA128_K7ap_uintILi16EES4_S4_PS2_S5_PA128_S3_592_ce0       |  out|    1|   ap_memory|  p_ZZN8gdn_bf1617gdn_bf16_top_implEhthhPA128_K7ap_uintILi16EES4_S4_PS2_S5_PA128_S3_592|         array|
|p_ZZN8gdn_bf1617gdn_bf16_top_implEhthhPA128_K7ap_uintILi16EES4_S4_PS2_S5_PA128_S3_592_q0        |   in|   32|   ap_memory|  p_ZZN8gdn_bf1617gdn_bf16_top_implEhthhPA128_K7ap_uintILi16EES4_S4_PS2_S5_PA128_S3_592|         array|
|p_ZZN8gdn_bf1617gdn_bf16_top_implEhthhPA128_K7ap_uintILi16EES4_S4_PS2_S5_PA128_S3_593_address0  |  out|    5|   ap_memory|  p_ZZN8gdn_bf1617gdn_bf16_top_implEhthhPA128_K7ap_uintILi16EES4_S4_PS2_S5_PA128_S3_593|         array|
|p_ZZN8gdn_bf1617gdn_bf16_top_implEhthhPA128_K7ap_uintILi16EES4_S4_PS2_S5_PA128_S3_593_ce0       |  out|    1|   ap_memory|  p_ZZN8gdn_bf1617gdn_bf16_top_implEhthhPA128_K7ap_uintILi16EES4_S4_PS2_S5_PA128_S3_593|         array|
|p_ZZN8gdn_bf1617gdn_bf16_top_implEhthhPA128_K7ap_uintILi16EES4_S4_PS2_S5_PA128_S3_593_q0        |   in|   32|   ap_memory|  p_ZZN8gdn_bf1617gdn_bf16_top_implEhthhPA128_K7ap_uintILi16EES4_S4_PS2_S5_PA128_S3_593|         array|
|p_ZZN8gdn_bf1617gdn_bf16_top_implEhthhPA128_K7ap_uintILi16EES4_S4_PS2_S5_PA128_S3_594_address0  |  out|    5|   ap_memory|  p_ZZN8gdn_bf1617gdn_bf16_top_implEhthhPA128_K7ap_uintILi16EES4_S4_PS2_S5_PA128_S3_594|         array|
|p_ZZN8gdn_bf1617gdn_bf16_top_implEhthhPA128_K7ap_uintILi16EES4_S4_PS2_S5_PA128_S3_594_ce0       |  out|    1|   ap_memory|  p_ZZN8gdn_bf1617gdn_bf16_top_implEhthhPA128_K7ap_uintILi16EES4_S4_PS2_S5_PA128_S3_594|         array|
|p_ZZN8gdn_bf1617gdn_bf16_top_implEhthhPA128_K7ap_uintILi16EES4_S4_PS2_S5_PA128_S3_594_q0        |   in|   32|   ap_memory|  p_ZZN8gdn_bf1617gdn_bf16_top_implEhthhPA128_K7ap_uintILi16EES4_S4_PS2_S5_PA128_S3_594|         array|
|p_ZZN8gdn_bf1617gdn_bf16_top_implEhthhPA128_K7ap_uintILi16EES4_S4_PS2_S5_PA128_S3_595_address0  |  out|    5|   ap_memory|  p_ZZN8gdn_bf1617gdn_bf16_top_implEhthhPA128_K7ap_uintILi16EES4_S4_PS2_S5_PA128_S3_595|         array|
|p_ZZN8gdn_bf1617gdn_bf16_top_implEhthhPA128_K7ap_uintILi16EES4_S4_PS2_S5_PA128_S3_595_ce0       |  out|    1|   ap_memory|  p_ZZN8gdn_bf1617gdn_bf16_top_implEhthhPA128_K7ap_uintILi16EES4_S4_PS2_S5_PA128_S3_595|         array|
|p_ZZN8gdn_bf1617gdn_bf16_top_implEhthhPA128_K7ap_uintILi16EES4_S4_PS2_S5_PA128_S3_595_q0        |   in|   32|   ap_memory|  p_ZZN8gdn_bf1617gdn_bf16_top_implEhthhPA128_K7ap_uintILi16EES4_S4_PS2_S5_PA128_S3_595|         array|
|p_ZZN8gdn_bf1617gdn_bf16_top_implEhthhPA128_K7ap_uintILi16EES4_S4_PS2_S5_PA128_S3_596_address0  |  out|    5|   ap_memory|  p_ZZN8gdn_bf1617gdn_bf16_top_implEhthhPA128_K7ap_uintILi16EES4_S4_PS2_S5_PA128_S3_596|         array|
|p_ZZN8gdn_bf1617gdn_bf16_top_implEhthhPA128_K7ap_uintILi16EES4_S4_PS2_S5_PA128_S3_596_ce0       |  out|    1|   ap_memory|  p_ZZN8gdn_bf1617gdn_bf16_top_implEhthhPA128_K7ap_uintILi16EES4_S4_PS2_S5_PA128_S3_596|         array|
|p_ZZN8gdn_bf1617gdn_bf16_top_implEhthhPA128_K7ap_uintILi16EES4_S4_PS2_S5_PA128_S3_596_q0        |   in|   32|   ap_memory|  p_ZZN8gdn_bf1617gdn_bf16_top_implEhthhPA128_K7ap_uintILi16EES4_S4_PS2_S5_PA128_S3_596|         array|
|p_ZZN8gdn_bf1617gdn_bf16_top_implEhthhPA128_K7ap_uintILi16EES4_S4_PS2_S5_PA128_S3_597_address0  |  out|    5|   ap_memory|  p_ZZN8gdn_bf1617gdn_bf16_top_implEhthhPA128_K7ap_uintILi16EES4_S4_PS2_S5_PA128_S3_597|         array|
|p_ZZN8gdn_bf1617gdn_bf16_top_implEhthhPA128_K7ap_uintILi16EES4_S4_PS2_S5_PA128_S3_597_ce0       |  out|    1|   ap_memory|  p_ZZN8gdn_bf1617gdn_bf16_top_implEhthhPA128_K7ap_uintILi16EES4_S4_PS2_S5_PA128_S3_597|         array|
|p_ZZN8gdn_bf1617gdn_bf16_top_implEhthhPA128_K7ap_uintILi16EES4_S4_PS2_S5_PA128_S3_597_q0        |   in|   32|   ap_memory|  p_ZZN8gdn_bf1617gdn_bf16_top_implEhthhPA128_K7ap_uintILi16EES4_S4_PS2_S5_PA128_S3_597|         array|
|p_ZZN8gdn_bf1617gdn_bf16_top_implEhthhPA128_K7ap_uintILi16EES4_S4_PS2_S5_PA128_S3_598_address0  |  out|    5|   ap_memory|  p_ZZN8gdn_bf1617gdn_bf16_top_implEhthhPA128_K7ap_uintILi16EES4_S4_PS2_S5_PA128_S3_598|         array|
|p_ZZN8gdn_bf1617gdn_bf16_top_implEhthhPA128_K7ap_uintILi16EES4_S4_PS2_S5_PA128_S3_598_ce0       |  out|    1|   ap_memory|  p_ZZN8gdn_bf1617gdn_bf16_top_implEhthhPA128_K7ap_uintILi16EES4_S4_PS2_S5_PA128_S3_598|         array|
|p_ZZN8gdn_bf1617gdn_bf16_top_implEhthhPA128_K7ap_uintILi16EES4_S4_PS2_S5_PA128_S3_598_q0        |   in|   32|   ap_memory|  p_ZZN8gdn_bf1617gdn_bf16_top_implEhthhPA128_K7ap_uintILi16EES4_S4_PS2_S5_PA128_S3_598|         array|
|p_ZZN8gdn_bf1617gdn_bf16_top_implEhthhPA128_K7ap_uintILi16EES4_S4_PS2_S5_PA128_S3_487_address0  |  out|    5|   ap_memory|  p_ZZN8gdn_bf1617gdn_bf16_top_implEhthhPA128_K7ap_uintILi16EES4_S4_PS2_S5_PA128_S3_487|         array|
|p_ZZN8gdn_bf1617gdn_bf16_top_implEhthhPA128_K7ap_uintILi16EES4_S4_PS2_S5_PA128_S3_487_ce0       |  out|    1|   ap_memory|  p_ZZN8gdn_bf1617gdn_bf16_top_implEhthhPA128_K7ap_uintILi16EES4_S4_PS2_S5_PA128_S3_487|         array|
|p_ZZN8gdn_bf1617gdn_bf16_top_implEhthhPA128_K7ap_uintILi16EES4_S4_PS2_S5_PA128_S3_487_q0        |   in|   32|   ap_memory|  p_ZZN8gdn_bf1617gdn_bf16_top_implEhthhPA128_K7ap_uintILi16EES4_S4_PS2_S5_PA128_S3_487|         array|
|p_ZZN8gdn_bf1617gdn_bf16_top_implEhthhPA128_K7ap_uintILi16EES4_S4_PS2_S5_PA128_S3_488_address0  |  out|    5|   ap_memory|  p_ZZN8gdn_bf1617gdn_bf16_top_implEhthhPA128_K7ap_uintILi16EES4_S4_PS2_S5_PA128_S3_488|         array|
|p_ZZN8gdn_bf1617gdn_bf16_top_implEhthhPA128_K7ap_uintILi16EES4_S4_PS2_S5_PA128_S3_488_ce0       |  out|    1|   ap_memory|  p_ZZN8gdn_bf1617gdn_bf16_top_implEhthhPA128_K7ap_uintILi16EES4_S4_PS2_S5_PA128_S3_488|         array|
|p_ZZN8gdn_bf1617gdn_bf16_top_implEhthhPA128_K7ap_uintILi16EES4_S4_PS2_S5_PA128_S3_488_q0        |   in|   32|   ap_memory|  p_ZZN8gdn_bf1617gdn_bf16_top_implEhthhPA128_K7ap_uintILi16EES4_S4_PS2_S5_PA128_S3_488|         array|
|p_ZZN8gdn_bf1617gdn_bf16_top_implEhthhPA128_K7ap_uintILi16EES4_S4_PS2_S5_PA128_S3_489_address0  |  out|    5|   ap_memory|  p_ZZN8gdn_bf1617gdn_bf16_top_implEhthhPA128_K7ap_uintILi16EES4_S4_PS2_S5_PA128_S3_489|         array|
|p_ZZN8gdn_bf1617gdn_bf16_top_implEhthhPA128_K7ap_uintILi16EES4_S4_PS2_S5_PA128_S3_489_ce0       |  out|    1|   ap_memory|  p_ZZN8gdn_bf1617gdn_bf16_top_implEhthhPA128_K7ap_uintILi16EES4_S4_PS2_S5_PA128_S3_489|         array|
|p_ZZN8gdn_bf1617gdn_bf16_top_implEhthhPA128_K7ap_uintILi16EES4_S4_PS2_S5_PA128_S3_489_q0        |   in|   32|   ap_memory|  p_ZZN8gdn_bf1617gdn_bf16_top_implEhthhPA128_K7ap_uintILi16EES4_S4_PS2_S5_PA128_S3_489|         array|
|p_ZZN8gdn_bf1617gdn_bf16_top_implEhthhPA128_K7ap_uintILi16EES4_S4_PS2_S5_PA128_S3_490_address0  |  out|    5|   ap_memory|  p_ZZN8gdn_bf1617gdn_bf16_top_implEhthhPA128_K7ap_uintILi16EES4_S4_PS2_S5_PA128_S3_490|         array|
|p_ZZN8gdn_bf1617gdn_bf16_top_implEhthhPA128_K7ap_uintILi16EES4_S4_PS2_S5_PA128_S3_490_ce0       |  out|    1|   ap_memory|  p_ZZN8gdn_bf1617gdn_bf16_top_implEhthhPA128_K7ap_uintILi16EES4_S4_PS2_S5_PA128_S3_490|         array|
|p_ZZN8gdn_bf1617gdn_bf16_top_implEhthhPA128_K7ap_uintILi16EES4_S4_PS2_S5_PA128_S3_490_q0        |   in|   32|   ap_memory|  p_ZZN8gdn_bf1617gdn_bf16_top_implEhthhPA128_K7ap_uintILi16EES4_S4_PS2_S5_PA128_S3_490|         array|
|p_ZZN8gdn_bf1617gdn_bf16_top_implEhthhPA128_K7ap_uintILi16EES4_S4_PS2_S5_PA128_S3_491_address0  |  out|    5|   ap_memory|  p_ZZN8gdn_bf1617gdn_bf16_top_implEhthhPA128_K7ap_uintILi16EES4_S4_PS2_S5_PA128_S3_491|         array|
|p_ZZN8gdn_bf1617gdn_bf16_top_implEhthhPA128_K7ap_uintILi16EES4_S4_PS2_S5_PA128_S3_491_ce0       |  out|    1|   ap_memory|  p_ZZN8gdn_bf1617gdn_bf16_top_implEhthhPA128_K7ap_uintILi16EES4_S4_PS2_S5_PA128_S3_491|         array|
|p_ZZN8gdn_bf1617gdn_bf16_top_implEhthhPA128_K7ap_uintILi16EES4_S4_PS2_S5_PA128_S3_491_q0        |   in|   32|   ap_memory|  p_ZZN8gdn_bf1617gdn_bf16_top_implEhthhPA128_K7ap_uintILi16EES4_S4_PS2_S5_PA128_S3_491|         array|
|p_ZZN8gdn_bf1617gdn_bf16_top_implEhthhPA128_K7ap_uintILi16EES4_S4_PS2_S5_PA128_S3_492_address0  |  out|    5|   ap_memory|  p_ZZN8gdn_bf1617gdn_bf16_top_implEhthhPA128_K7ap_uintILi16EES4_S4_PS2_S5_PA128_S3_492|         array|
|p_ZZN8gdn_bf1617gdn_bf16_top_implEhthhPA128_K7ap_uintILi16EES4_S4_PS2_S5_PA128_S3_492_ce0       |  out|    1|   ap_memory|  p_ZZN8gdn_bf1617gdn_bf16_top_implEhthhPA128_K7ap_uintILi16EES4_S4_PS2_S5_PA128_S3_492|         array|
|p_ZZN8gdn_bf1617gdn_bf16_top_implEhthhPA128_K7ap_uintILi16EES4_S4_PS2_S5_PA128_S3_492_q0        |   in|   32|   ap_memory|  p_ZZN8gdn_bf1617gdn_bf16_top_implEhthhPA128_K7ap_uintILi16EES4_S4_PS2_S5_PA128_S3_492|         array|
|p_ZZN8gdn_bf1617gdn_bf16_top_implEhthhPA128_K7ap_uintILi16EES4_S4_PS2_S5_PA128_S3_493_address0  |  out|    5|   ap_memory|  p_ZZN8gdn_bf1617gdn_bf16_top_implEhthhPA128_K7ap_uintILi16EES4_S4_PS2_S5_PA128_S3_493|         array|
|p_ZZN8gdn_bf1617gdn_bf16_top_implEhthhPA128_K7ap_uintILi16EES4_S4_PS2_S5_PA128_S3_493_ce0       |  out|    1|   ap_memory|  p_ZZN8gdn_bf1617gdn_bf16_top_implEhthhPA128_K7ap_uintILi16EES4_S4_PS2_S5_PA128_S3_493|         array|
|p_ZZN8gdn_bf1617gdn_bf16_top_implEhthhPA128_K7ap_uintILi16EES4_S4_PS2_S5_PA128_S3_493_q0        |   in|   32|   ap_memory|  p_ZZN8gdn_bf1617gdn_bf16_top_implEhthhPA128_K7ap_uintILi16EES4_S4_PS2_S5_PA128_S3_493|         array|
|p_ZZN8gdn_bf1617gdn_bf16_top_implEhthhPA128_K7ap_uintILi16EES4_S4_PS2_S5_PA128_S3_494_address0  |  out|    5|   ap_memory|  p_ZZN8gdn_bf1617gdn_bf16_top_implEhthhPA128_K7ap_uintILi16EES4_S4_PS2_S5_PA128_S3_494|         array|
|p_ZZN8gdn_bf1617gdn_bf16_top_implEhthhPA128_K7ap_uintILi16EES4_S4_PS2_S5_PA128_S3_494_ce0       |  out|    1|   ap_memory|  p_ZZN8gdn_bf1617gdn_bf16_top_implEhthhPA128_K7ap_uintILi16EES4_S4_PS2_S5_PA128_S3_494|         array|
|p_ZZN8gdn_bf1617gdn_bf16_top_implEhthhPA128_K7ap_uintILi16EES4_S4_PS2_S5_PA128_S3_494_q0        |   in|   32|   ap_memory|  p_ZZN8gdn_bf1617gdn_bf16_top_implEhthhPA128_K7ap_uintILi16EES4_S4_PS2_S5_PA128_S3_494|         array|
|p_ZZN8gdn_bf1617gdn_bf16_top_implEhthhPA128_K7ap_uintILi16EES4_S4_PS2_S5_PA128_S3_495_address0  |  out|    5|   ap_memory|  p_ZZN8gdn_bf1617gdn_bf16_top_implEhthhPA128_K7ap_uintILi16EES4_S4_PS2_S5_PA128_S3_495|         array|
|p_ZZN8gdn_bf1617gdn_bf16_top_implEhthhPA128_K7ap_uintILi16EES4_S4_PS2_S5_PA128_S3_495_ce0       |  out|    1|   ap_memory|  p_ZZN8gdn_bf1617gdn_bf16_top_implEhthhPA128_K7ap_uintILi16EES4_S4_PS2_S5_PA128_S3_495|         array|
|p_ZZN8gdn_bf1617gdn_bf16_top_implEhthhPA128_K7ap_uintILi16EES4_S4_PS2_S5_PA128_S3_495_q0        |   in|   32|   ap_memory|  p_ZZN8gdn_bf1617gdn_bf16_top_implEhthhPA128_K7ap_uintILi16EES4_S4_PS2_S5_PA128_S3_495|         array|
|p_ZZN8gdn_bf1617gdn_bf16_top_implEhthhPA128_K7ap_uintILi16EES4_S4_PS2_S5_PA128_S3_496_address0  |  out|    5|   ap_memory|  p_ZZN8gdn_bf1617gdn_bf16_top_implEhthhPA128_K7ap_uintILi16EES4_S4_PS2_S5_PA128_S3_496|         array|
|p_ZZN8gdn_bf1617gdn_bf16_top_implEhthhPA128_K7ap_uintILi16EES4_S4_PS2_S5_PA128_S3_496_ce0       |  out|    1|   ap_memory|  p_ZZN8gdn_bf1617gdn_bf16_top_implEhthhPA128_K7ap_uintILi16EES4_S4_PS2_S5_PA128_S3_496|         array|
|p_ZZN8gdn_bf1617gdn_bf16_top_implEhthhPA128_K7ap_uintILi16EES4_S4_PS2_S5_PA128_S3_496_q0        |   in|   32|   ap_memory|  p_ZZN8gdn_bf1617gdn_bf16_top_implEhthhPA128_K7ap_uintILi16EES4_S4_PS2_S5_PA128_S3_496|         array|
|p_ZZN8gdn_bf1617gdn_bf16_top_implEhthhPA128_K7ap_uintILi16EES4_S4_PS2_S5_PA128_S3_497_address0  |  out|    5|   ap_memory|  p_ZZN8gdn_bf1617gdn_bf16_top_implEhthhPA128_K7ap_uintILi16EES4_S4_PS2_S5_PA128_S3_497|         array|
|p_ZZN8gdn_bf1617gdn_bf16_top_implEhthhPA128_K7ap_uintILi16EES4_S4_PS2_S5_PA128_S3_497_ce0       |  out|    1|   ap_memory|  p_ZZN8gdn_bf1617gdn_bf16_top_implEhthhPA128_K7ap_uintILi16EES4_S4_PS2_S5_PA128_S3_497|         array|
|p_ZZN8gdn_bf1617gdn_bf16_top_implEhthhPA128_K7ap_uintILi16EES4_S4_PS2_S5_PA128_S3_497_q0        |   in|   32|   ap_memory|  p_ZZN8gdn_bf1617gdn_bf16_top_implEhthhPA128_K7ap_uintILi16EES4_S4_PS2_S5_PA128_S3_497|         array|
|p_ZZN8gdn_bf1617gdn_bf16_top_implEhthhPA128_K7ap_uintILi16EES4_S4_PS2_S5_PA128_S3_498_address0  |  out|    5|   ap_memory|  p_ZZN8gdn_bf1617gdn_bf16_top_implEhthhPA128_K7ap_uintILi16EES4_S4_PS2_S5_PA128_S3_498|         array|
|p_ZZN8gdn_bf1617gdn_bf16_top_implEhthhPA128_K7ap_uintILi16EES4_S4_PS2_S5_PA128_S3_498_ce0       |  out|    1|   ap_memory|  p_ZZN8gdn_bf1617gdn_bf16_top_implEhthhPA128_K7ap_uintILi16EES4_S4_PS2_S5_PA128_S3_498|         array|
|p_ZZN8gdn_bf1617gdn_bf16_top_implEhthhPA128_K7ap_uintILi16EES4_S4_PS2_S5_PA128_S3_498_q0        |   in|   32|   ap_memory|  p_ZZN8gdn_bf1617gdn_bf16_top_implEhthhPA128_K7ap_uintILi16EES4_S4_PS2_S5_PA128_S3_498|         array|
|p_ZZN8gdn_bf1617gdn_bf16_top_implEhthhPA128_K7ap_uintILi16EES4_S4_PS2_S5_PA128_S3_499_address0  |  out|    5|   ap_memory|  p_ZZN8gdn_bf1617gdn_bf16_top_implEhthhPA128_K7ap_uintILi16EES4_S4_PS2_S5_PA128_S3_499|         array|
|p_ZZN8gdn_bf1617gdn_bf16_top_implEhthhPA128_K7ap_uintILi16EES4_S4_PS2_S5_PA128_S3_499_ce0       |  out|    1|   ap_memory|  p_ZZN8gdn_bf1617gdn_bf16_top_implEhthhPA128_K7ap_uintILi16EES4_S4_PS2_S5_PA128_S3_499|         array|
|p_ZZN8gdn_bf1617gdn_bf16_top_implEhthhPA128_K7ap_uintILi16EES4_S4_PS2_S5_PA128_S3_499_q0        |   in|   32|   ap_memory|  p_ZZN8gdn_bf1617gdn_bf16_top_implEhthhPA128_K7ap_uintILi16EES4_S4_PS2_S5_PA128_S3_499|         array|
|p_ZZN8gdn_bf1617gdn_bf16_top_implEhthhPA128_K7ap_uintILi16EES4_S4_PS2_S5_PA128_S3_500_address0  |  out|    5|   ap_memory|  p_ZZN8gdn_bf1617gdn_bf16_top_implEhthhPA128_K7ap_uintILi16EES4_S4_PS2_S5_PA128_S3_500|         array|
|p_ZZN8gdn_bf1617gdn_bf16_top_implEhthhPA128_K7ap_uintILi16EES4_S4_PS2_S5_PA128_S3_500_ce0       |  out|    1|   ap_memory|  p_ZZN8gdn_bf1617gdn_bf16_top_implEhthhPA128_K7ap_uintILi16EES4_S4_PS2_S5_PA128_S3_500|         array|
|p_ZZN8gdn_bf1617gdn_bf16_top_implEhthhPA128_K7ap_uintILi16EES4_S4_PS2_S5_PA128_S3_500_q0        |   in|   32|   ap_memory|  p_ZZN8gdn_bf1617gdn_bf16_top_implEhthhPA128_K7ap_uintILi16EES4_S4_PS2_S5_PA128_S3_500|         array|
|p_ZZN8gdn_bf1617gdn_bf16_top_implEhthhPA128_K7ap_uintILi16EES4_S4_PS2_S5_PA128_S3_501_address0  |  out|    5|   ap_memory|  p_ZZN8gdn_bf1617gdn_bf16_top_implEhthhPA128_K7ap_uintILi16EES4_S4_PS2_S5_PA128_S3_501|         array|
|p_ZZN8gdn_bf1617gdn_bf16_top_implEhthhPA128_K7ap_uintILi16EES4_S4_PS2_S5_PA128_S3_501_ce0       |  out|    1|   ap_memory|  p_ZZN8gdn_bf1617gdn_bf16_top_implEhthhPA128_K7ap_uintILi16EES4_S4_PS2_S5_PA128_S3_501|         array|
|p_ZZN8gdn_bf1617gdn_bf16_top_implEhthhPA128_K7ap_uintILi16EES4_S4_PS2_S5_PA128_S3_501_q0        |   in|   32|   ap_memory|  p_ZZN8gdn_bf1617gdn_bf16_top_implEhthhPA128_K7ap_uintILi16EES4_S4_PS2_S5_PA128_S3_501|         array|
|p_ZZN8gdn_bf1617gdn_bf16_top_implEhthhPA128_K7ap_uintILi16EES4_S4_PS2_S5_PA128_S3_502_address0  |  out|    5|   ap_memory|  p_ZZN8gdn_bf1617gdn_bf16_top_implEhthhPA128_K7ap_uintILi16EES4_S4_PS2_S5_PA128_S3_502|         array|
|p_ZZN8gdn_bf1617gdn_bf16_top_implEhthhPA128_K7ap_uintILi16EES4_S4_PS2_S5_PA128_S3_502_ce0       |  out|    1|   ap_memory|  p_ZZN8gdn_bf1617gdn_bf16_top_implEhthhPA128_K7ap_uintILi16EES4_S4_PS2_S5_PA128_S3_502|         array|
|p_ZZN8gdn_bf1617gdn_bf16_top_implEhthhPA128_K7ap_uintILi16EES4_S4_PS2_S5_PA128_S3_502_q0        |   in|   32|   ap_memory|  p_ZZN8gdn_bf1617gdn_bf16_top_implEhthhPA128_K7ap_uintILi16EES4_S4_PS2_S5_PA128_S3_502|         array|
|gdn_bf16_top_impl_unsigned_char_unsigned_short_unsigned_char_unsigned_char_ap_ui_25_address0    |  out|    5|   ap_memory|    gdn_bf16_top_impl_unsigned_char_unsigned_short_unsigned_char_unsigned_char_ap_ui_25|         array|
|gdn_bf16_top_impl_unsigned_char_unsigned_short_unsigned_char_unsigned_char_ap_ui_25_ce0         |  out|    1|   ap_memory|    gdn_bf16_top_impl_unsigned_char_unsigned_short_unsigned_char_unsigned_char_ap_ui_25|         array|
|gdn_bf16_top_impl_unsigned_char_unsigned_short_unsigned_char_unsigned_char_ap_ui_25_q0          |   in|   32|   ap_memory|    gdn_bf16_top_impl_unsigned_char_unsigned_short_unsigned_char_unsigned_char_ap_ui_25|         array|
|gdn_bf16_top_impl_unsigned_char_unsigned_short_unsigned_char_unsigned_char_ap_ui_19_address0    |  out|    5|   ap_memory|    gdn_bf16_top_impl_unsigned_char_unsigned_short_unsigned_char_unsigned_char_ap_ui_19|         array|
|gdn_bf16_top_impl_unsigned_char_unsigned_short_unsigned_char_unsigned_char_ap_ui_19_ce0         |  out|    1|   ap_memory|    gdn_bf16_top_impl_unsigned_char_unsigned_short_unsigned_char_unsigned_char_ap_ui_19|         array|
|gdn_bf16_top_impl_unsigned_char_unsigned_short_unsigned_char_unsigned_char_ap_ui_19_q0          |   in|   32|   ap_memory|    gdn_bf16_top_impl_unsigned_char_unsigned_short_unsigned_char_unsigned_char_ap_ui_19|         array|
|gdn_bf16_top_impl_unsigned_char_unsigned_short_unsigned_char_unsigned_char_ap_ui_18_address0    |  out|    5|   ap_memory|    gdn_bf16_top_impl_unsigned_char_unsigned_short_unsigned_char_unsigned_char_ap_ui_18|         array|
|gdn_bf16_top_impl_unsigned_char_unsigned_short_unsigned_char_unsigned_char_ap_ui_18_ce0         |  out|    1|   ap_memory|    gdn_bf16_top_impl_unsigned_char_unsigned_short_unsigned_char_unsigned_char_ap_ui_18|         array|
|gdn_bf16_top_impl_unsigned_char_unsigned_short_unsigned_char_unsigned_char_ap_ui_18_q0          |   in|   32|   ap_memory|    gdn_bf16_top_impl_unsigned_char_unsigned_short_unsigned_char_unsigned_char_ap_ui_18|         array|
|gdn_bf16_top_impl_unsigned_char_unsigned_short_unsigned_char_unsigned_char_ap_ui_24_address0    |  out|    5|   ap_memory|    gdn_bf16_top_impl_unsigned_char_unsigned_short_unsigned_char_unsigned_char_ap_ui_24|         array|
|gdn_bf16_top_impl_unsigned_char_unsigned_short_unsigned_char_unsigned_char_ap_ui_24_ce0         |  out|    1|   ap_memory|    gdn_bf16_top_impl_unsigned_char_unsigned_short_unsigned_char_unsigned_char_ap_ui_24|         array|
|gdn_bf16_top_impl_unsigned_char_unsigned_short_unsigned_char_unsigned_char_ap_ui_24_q0          |   in|   32|   ap_memory|    gdn_bf16_top_impl_unsigned_char_unsigned_short_unsigned_char_unsigned_char_ap_ui_24|         array|
|gdn_bf16_top_impl_unsigned_char_unsigned_short_unsigned_char_unsigned_char_ap_ui_23_address0    |  out|    5|   ap_memory|    gdn_bf16_top_impl_unsigned_char_unsigned_short_unsigned_char_unsigned_char_ap_ui_23|         array|
|gdn_bf16_top_impl_unsigned_char_unsigned_short_unsigned_char_unsigned_char_ap_ui_23_ce0         |  out|    1|   ap_memory|    gdn_bf16_top_impl_unsigned_char_unsigned_short_unsigned_char_unsigned_char_ap_ui_23|         array|
|gdn_bf16_top_impl_unsigned_char_unsigned_short_unsigned_char_unsigned_char_ap_ui_23_q0          |   in|   32|   ap_memory|    gdn_bf16_top_impl_unsigned_char_unsigned_short_unsigned_char_unsigned_char_ap_ui_23|         array|
|gdn_bf16_top_impl_unsigned_char_unsigned_short_unsigned_char_unsigned_char_ap_ui_22_address0    |  out|    5|   ap_memory|    gdn_bf16_top_impl_unsigned_char_unsigned_short_unsigned_char_unsigned_char_ap_ui_22|         array|
|gdn_bf16_top_impl_unsigned_char_unsigned_short_unsigned_char_unsigned_char_ap_ui_22_ce0         |  out|    1|   ap_memory|    gdn_bf16_top_impl_unsigned_char_unsigned_short_unsigned_char_unsigned_char_ap_ui_22|         array|
|gdn_bf16_top_impl_unsigned_char_unsigned_short_unsigned_char_unsigned_char_ap_ui_22_q0          |   in|   32|   ap_memory|    gdn_bf16_top_impl_unsigned_char_unsigned_short_unsigned_char_unsigned_char_ap_ui_22|         array|
|gdn_bf16_top_impl_unsigned_char_unsigned_short_unsigned_char_unsigned_char_ap_ui_21_address0    |  out|    5|   ap_memory|    gdn_bf16_top_impl_unsigned_char_unsigned_short_unsigned_char_unsigned_char_ap_ui_21|         array|
|gdn_bf16_top_impl_unsigned_char_unsigned_short_unsigned_char_unsigned_char_ap_ui_21_ce0         |  out|    1|   ap_memory|    gdn_bf16_top_impl_unsigned_char_unsigned_short_unsigned_char_unsigned_char_ap_ui_21|         array|
|gdn_bf16_top_impl_unsigned_char_unsigned_short_unsigned_char_unsigned_char_ap_ui_21_q0          |   in|   32|   ap_memory|    gdn_bf16_top_impl_unsigned_char_unsigned_short_unsigned_char_unsigned_char_ap_ui_21|         array|
|gdn_bf16_top_impl_unsigned_char_unsigned_short_unsigned_char_unsigned_char_ap_ui_20_address0    |  out|    5|   ap_memory|    gdn_bf16_top_impl_unsigned_char_unsigned_short_unsigned_char_unsigned_char_ap_ui_20|         array|
|gdn_bf16_top_impl_unsigned_char_unsigned_short_unsigned_char_unsigned_char_ap_ui_20_ce0         |  out|    1|   ap_memory|    gdn_bf16_top_impl_unsigned_char_unsigned_short_unsigned_char_unsigned_char_ap_ui_20|         array|
|gdn_bf16_top_impl_unsigned_char_unsigned_short_unsigned_char_unsigned_char_ap_ui_20_q0          |   in|   32|   ap_memory|    gdn_bf16_top_impl_unsigned_char_unsigned_short_unsigned_char_unsigned_char_ap_ui_20|         array|
|p_ZZN8gdn_bf1617gdn_bf16_top_implEhthhPA128_K7ap_uintILi16EES4_S4_PS2_S5_PA128_S3_503_address0  |  out|    5|   ap_memory|  p_ZZN8gdn_bf1617gdn_bf16_top_implEhthhPA128_K7ap_uintILi16EES4_S4_PS2_S5_PA128_S3_503|         array|
|p_ZZN8gdn_bf1617gdn_bf16_top_implEhthhPA128_K7ap_uintILi16EES4_S4_PS2_S5_PA128_S3_503_ce0       |  out|    1|   ap_memory|  p_ZZN8gdn_bf1617gdn_bf16_top_implEhthhPA128_K7ap_uintILi16EES4_S4_PS2_S5_PA128_S3_503|         array|
|p_ZZN8gdn_bf1617gdn_bf16_top_implEhthhPA128_K7ap_uintILi16EES4_S4_PS2_S5_PA128_S3_503_q0        |   in|   32|   ap_memory|  p_ZZN8gdn_bf1617gdn_bf16_top_implEhthhPA128_K7ap_uintILi16EES4_S4_PS2_S5_PA128_S3_503|         array|
|p_ZZN8gdn_bf1617gdn_bf16_top_implEhthhPA128_K7ap_uintILi16EES4_S4_PS2_S5_PA128_S3_504_address0  |  out|    5|   ap_memory|  p_ZZN8gdn_bf1617gdn_bf16_top_implEhthhPA128_K7ap_uintILi16EES4_S4_PS2_S5_PA128_S3_504|         array|
|p_ZZN8gdn_bf1617gdn_bf16_top_implEhthhPA128_K7ap_uintILi16EES4_S4_PS2_S5_PA128_S3_504_ce0       |  out|    1|   ap_memory|  p_ZZN8gdn_bf1617gdn_bf16_top_implEhthhPA128_K7ap_uintILi16EES4_S4_PS2_S5_PA128_S3_504|         array|
|p_ZZN8gdn_bf1617gdn_bf16_top_implEhthhPA128_K7ap_uintILi16EES4_S4_PS2_S5_PA128_S3_504_q0        |   in|   32|   ap_memory|  p_ZZN8gdn_bf1617gdn_bf16_top_implEhthhPA128_K7ap_uintILi16EES4_S4_PS2_S5_PA128_S3_504|         array|
|p_ZZN8gdn_bf1617gdn_bf16_top_implEhthhPA128_K7ap_uintILi16EES4_S4_PS2_S5_PA128_S3_505_address0  |  out|    5|   ap_memory|  p_ZZN8gdn_bf1617gdn_bf16_top_implEhthhPA128_K7ap_uintILi16EES4_S4_PS2_S5_PA128_S3_505|         array|
|p_ZZN8gdn_bf1617gdn_bf16_top_implEhthhPA128_K7ap_uintILi16EES4_S4_PS2_S5_PA128_S3_505_ce0       |  out|    1|   ap_memory|  p_ZZN8gdn_bf1617gdn_bf16_top_implEhthhPA128_K7ap_uintILi16EES4_S4_PS2_S5_PA128_S3_505|         array|
|p_ZZN8gdn_bf1617gdn_bf16_top_implEhthhPA128_K7ap_uintILi16EES4_S4_PS2_S5_PA128_S3_505_q0        |   in|   32|   ap_memory|  p_ZZN8gdn_bf1617gdn_bf16_top_implEhthhPA128_K7ap_uintILi16EES4_S4_PS2_S5_PA128_S3_505|         array|
|p_ZZN8gdn_bf1617gdn_bf16_top_implEhthhPA128_K7ap_uintILi16EES4_S4_PS2_S5_PA128_S3_506_address0  |  out|    5|   ap_memory|  p_ZZN8gdn_bf1617gdn_bf16_top_implEhthhPA128_K7ap_uintILi16EES4_S4_PS2_S5_PA128_S3_506|         array|
|p_ZZN8gdn_bf1617gdn_bf16_top_implEhthhPA128_K7ap_uintILi16EES4_S4_PS2_S5_PA128_S3_506_ce0       |  out|    1|   ap_memory|  p_ZZN8gdn_bf1617gdn_bf16_top_implEhthhPA128_K7ap_uintILi16EES4_S4_PS2_S5_PA128_S3_506|         array|
|p_ZZN8gdn_bf1617gdn_bf16_top_implEhthhPA128_K7ap_uintILi16EES4_S4_PS2_S5_PA128_S3_506_q0        |   in|   32|   ap_memory|  p_ZZN8gdn_bf1617gdn_bf16_top_implEhthhPA128_K7ap_uintILi16EES4_S4_PS2_S5_PA128_S3_506|         array|
|p_ZZN8gdn_bf1617gdn_bf16_top_implEhthhPA128_K7ap_uintILi16EES4_S4_PS2_S5_PA128_S3_507_address0  |  out|    5|   ap_memory|  p_ZZN8gdn_bf1617gdn_bf16_top_implEhthhPA128_K7ap_uintILi16EES4_S4_PS2_S5_PA128_S3_507|         array|
|p_ZZN8gdn_bf1617gdn_bf16_top_implEhthhPA128_K7ap_uintILi16EES4_S4_PS2_S5_PA128_S3_507_ce0       |  out|    1|   ap_memory|  p_ZZN8gdn_bf1617gdn_bf16_top_implEhthhPA128_K7ap_uintILi16EES4_S4_PS2_S5_PA128_S3_507|         array|
|p_ZZN8gdn_bf1617gdn_bf16_top_implEhthhPA128_K7ap_uintILi16EES4_S4_PS2_S5_PA128_S3_507_q0        |   in|   32|   ap_memory|  p_ZZN8gdn_bf1617gdn_bf16_top_implEhthhPA128_K7ap_uintILi16EES4_S4_PS2_S5_PA128_S3_507|         array|
|p_ZZN8gdn_bf1617gdn_bf16_top_implEhthhPA128_K7ap_uintILi16EES4_S4_PS2_S5_PA128_S3_508_address0  |  out|    5|   ap_memory|  p_ZZN8gdn_bf1617gdn_bf16_top_implEhthhPA128_K7ap_uintILi16EES4_S4_PS2_S5_PA128_S3_508|         array|
|p_ZZN8gdn_bf1617gdn_bf16_top_implEhthhPA128_K7ap_uintILi16EES4_S4_PS2_S5_PA128_S3_508_ce0       |  out|    1|   ap_memory|  p_ZZN8gdn_bf1617gdn_bf16_top_implEhthhPA128_K7ap_uintILi16EES4_S4_PS2_S5_PA128_S3_508|         array|
|p_ZZN8gdn_bf1617gdn_bf16_top_implEhthhPA128_K7ap_uintILi16EES4_S4_PS2_S5_PA128_S3_508_q0        |   in|   32|   ap_memory|  p_ZZN8gdn_bf1617gdn_bf16_top_implEhthhPA128_K7ap_uintILi16EES4_S4_PS2_S5_PA128_S3_508|         array|
|p_ZZN8gdn_bf1617gdn_bf16_top_implEhthhPA128_K7ap_uintILi16EES4_S4_PS2_S5_PA128_S3_509_address0  |  out|    5|   ap_memory|  p_ZZN8gdn_bf1617gdn_bf16_top_implEhthhPA128_K7ap_uintILi16EES4_S4_PS2_S5_PA128_S3_509|         array|
|p_ZZN8gdn_bf1617gdn_bf16_top_implEhthhPA128_K7ap_uintILi16EES4_S4_PS2_S5_PA128_S3_509_ce0       |  out|    1|   ap_memory|  p_ZZN8gdn_bf1617gdn_bf16_top_implEhthhPA128_K7ap_uintILi16EES4_S4_PS2_S5_PA128_S3_509|         array|
|p_ZZN8gdn_bf1617gdn_bf16_top_implEhthhPA128_K7ap_uintILi16EES4_S4_PS2_S5_PA128_S3_509_q0        |   in|   32|   ap_memory|  p_ZZN8gdn_bf1617gdn_bf16_top_implEhthhPA128_K7ap_uintILi16EES4_S4_PS2_S5_PA128_S3_509|         array|
|p_ZZN8gdn_bf1617gdn_bf16_top_implEhthhPA128_K7ap_uintILi16EES4_S4_PS2_S5_PA128_S3_510_address0  |  out|    5|   ap_memory|  p_ZZN8gdn_bf1617gdn_bf16_top_implEhthhPA128_K7ap_uintILi16EES4_S4_PS2_S5_PA128_S3_510|         array|
|p_ZZN8gdn_bf1617gdn_bf16_top_implEhthhPA128_K7ap_uintILi16EES4_S4_PS2_S5_PA128_S3_510_ce0       |  out|    1|   ap_memory|  p_ZZN8gdn_bf1617gdn_bf16_top_implEhthhPA128_K7ap_uintILi16EES4_S4_PS2_S5_PA128_S3_510|         array|
|p_ZZN8gdn_bf1617gdn_bf16_top_implEhthhPA128_K7ap_uintILi16EES4_S4_PS2_S5_PA128_S3_510_q0        |   in|   32|   ap_memory|  p_ZZN8gdn_bf1617gdn_bf16_top_implEhthhPA128_K7ap_uintILi16EES4_S4_PS2_S5_PA128_S3_510|         array|
|p_ZZN8gdn_bf1617gdn_bf16_top_implEhthhPA128_K7ap_uintILi16EES4_S4_PS2_S5_PA128_S3_511_address0  |  out|    5|   ap_memory|  p_ZZN8gdn_bf1617gdn_bf16_top_implEhthhPA128_K7ap_uintILi16EES4_S4_PS2_S5_PA128_S3_511|         array|
|p_ZZN8gdn_bf1617gdn_bf16_top_implEhthhPA128_K7ap_uintILi16EES4_S4_PS2_S5_PA128_S3_511_ce0       |  out|    1|   ap_memory|  p_ZZN8gdn_bf1617gdn_bf16_top_implEhthhPA128_K7ap_uintILi16EES4_S4_PS2_S5_PA128_S3_511|         array|
|p_ZZN8gdn_bf1617gdn_bf16_top_implEhthhPA128_K7ap_uintILi16EES4_S4_PS2_S5_PA128_S3_511_q0        |   in|   32|   ap_memory|  p_ZZN8gdn_bf1617gdn_bf16_top_implEhthhPA128_K7ap_uintILi16EES4_S4_PS2_S5_PA128_S3_511|         array|
|p_ZZN8gdn_bf1617gdn_bf16_top_implEhthhPA128_K7ap_uintILi16EES4_S4_PS2_S5_PA128_S3_512_address0  |  out|    5|   ap_memory|  p_ZZN8gdn_bf1617gdn_bf16_top_implEhthhPA128_K7ap_uintILi16EES4_S4_PS2_S5_PA128_S3_512|         array|
|p_ZZN8gdn_bf1617gdn_bf16_top_implEhthhPA128_K7ap_uintILi16EES4_S4_PS2_S5_PA128_S3_512_ce0       |  out|    1|   ap_memory|  p_ZZN8gdn_bf1617gdn_bf16_top_implEhthhPA128_K7ap_uintILi16EES4_S4_PS2_S5_PA128_S3_512|         array|
|p_ZZN8gdn_bf1617gdn_bf16_top_implEhthhPA128_K7ap_uintILi16EES4_S4_PS2_S5_PA128_S3_512_q0        |   in|   32|   ap_memory|  p_ZZN8gdn_bf1617gdn_bf16_top_implEhthhPA128_K7ap_uintILi16EES4_S4_PS2_S5_PA128_S3_512|         array|
|p_ZZN8gdn_bf1617gdn_bf16_top_implEhthhPA128_K7ap_uintILi16EES4_S4_PS2_S5_PA128_S3_513_address0  |  out|    5|   ap_memory|  p_ZZN8gdn_bf1617gdn_bf16_top_implEhthhPA128_K7ap_uintILi16EES4_S4_PS2_S5_PA128_S3_513|         array|
|p_ZZN8gdn_bf1617gdn_bf16_top_implEhthhPA128_K7ap_uintILi16EES4_S4_PS2_S5_PA128_S3_513_ce0       |  out|    1|   ap_memory|  p_ZZN8gdn_bf1617gdn_bf16_top_implEhthhPA128_K7ap_uintILi16EES4_S4_PS2_S5_PA128_S3_513|         array|
|p_ZZN8gdn_bf1617gdn_bf16_top_implEhthhPA128_K7ap_uintILi16EES4_S4_PS2_S5_PA128_S3_513_q0        |   in|   32|   ap_memory|  p_ZZN8gdn_bf1617gdn_bf16_top_implEhthhPA128_K7ap_uintILi16EES4_S4_PS2_S5_PA128_S3_513|         array|
|p_ZZN8gdn_bf1617gdn_bf16_top_implEhthhPA128_K7ap_uintILi16EES4_S4_PS2_S5_PA128_S3_514_address0  |  out|    5|   ap_memory|  p_ZZN8gdn_bf1617gdn_bf16_top_implEhthhPA128_K7ap_uintILi16EES4_S4_PS2_S5_PA128_S3_514|         array|
|p_ZZN8gdn_bf1617gdn_bf16_top_implEhthhPA128_K7ap_uintILi16EES4_S4_PS2_S5_PA128_S3_514_ce0       |  out|    1|   ap_memory|  p_ZZN8gdn_bf1617gdn_bf16_top_implEhthhPA128_K7ap_uintILi16EES4_S4_PS2_S5_PA128_S3_514|         array|
|p_ZZN8gdn_bf1617gdn_bf16_top_implEhthhPA128_K7ap_uintILi16EES4_S4_PS2_S5_PA128_S3_514_q0        |   in|   32|   ap_memory|  p_ZZN8gdn_bf1617gdn_bf16_top_implEhthhPA128_K7ap_uintILi16EES4_S4_PS2_S5_PA128_S3_514|         array|
|p_ZZN8gdn_bf1617gdn_bf16_top_implEhthhPA128_K7ap_uintILi16EES4_S4_PS2_S5_PA128_S3_515_address0  |  out|    5|   ap_memory|  p_ZZN8gdn_bf1617gdn_bf16_top_implEhthhPA128_K7ap_uintILi16EES4_S4_PS2_S5_PA128_S3_515|         array|
|p_ZZN8gdn_bf1617gdn_bf16_top_implEhthhPA128_K7ap_uintILi16EES4_S4_PS2_S5_PA128_S3_515_ce0       |  out|    1|   ap_memory|  p_ZZN8gdn_bf1617gdn_bf16_top_implEhthhPA128_K7ap_uintILi16EES4_S4_PS2_S5_PA128_S3_515|         array|
|p_ZZN8gdn_bf1617gdn_bf16_top_implEhthhPA128_K7ap_uintILi16EES4_S4_PS2_S5_PA128_S3_515_q0        |   in|   32|   ap_memory|  p_ZZN8gdn_bf1617gdn_bf16_top_implEhthhPA128_K7ap_uintILi16EES4_S4_PS2_S5_PA128_S3_515|         array|
|p_ZZN8gdn_bf1617gdn_bf16_top_implEhthhPA128_K7ap_uintILi16EES4_S4_PS2_S5_PA128_S3_516_address0  |  out|    5|   ap_memory|  p_ZZN8gdn_bf1617gdn_bf16_top_implEhthhPA128_K7ap_uintILi16EES4_S4_PS2_S5_PA128_S3_516|         array|
|p_ZZN8gdn_bf1617gdn_bf16_top_implEhthhPA128_K7ap_uintILi16EES4_S4_PS2_S5_PA128_S3_516_ce0       |  out|    1|   ap_memory|  p_ZZN8gdn_bf1617gdn_bf16_top_implEhthhPA128_K7ap_uintILi16EES4_S4_PS2_S5_PA128_S3_516|         array|
|p_ZZN8gdn_bf1617gdn_bf16_top_implEhthhPA128_K7ap_uintILi16EES4_S4_PS2_S5_PA128_S3_516_q0        |   in|   32|   ap_memory|  p_ZZN8gdn_bf1617gdn_bf16_top_implEhthhPA128_K7ap_uintILi16EES4_S4_PS2_S5_PA128_S3_516|         array|
|p_ZZN8gdn_bf1617gdn_bf16_top_implEhthhPA128_K7ap_uintILi16EES4_S4_PS2_S5_PA128_S3_517_address0  |  out|    5|   ap_memory|  p_ZZN8gdn_bf1617gdn_bf16_top_implEhthhPA128_K7ap_uintILi16EES4_S4_PS2_S5_PA128_S3_517|         array|
|p_ZZN8gdn_bf1617gdn_bf16_top_implEhthhPA128_K7ap_uintILi16EES4_S4_PS2_S5_PA128_S3_517_ce0       |  out|    1|   ap_memory|  p_ZZN8gdn_bf1617gdn_bf16_top_implEhthhPA128_K7ap_uintILi16EES4_S4_PS2_S5_PA128_S3_517|         array|
|p_ZZN8gdn_bf1617gdn_bf16_top_implEhthhPA128_K7ap_uintILi16EES4_S4_PS2_S5_PA128_S3_517_q0        |   in|   32|   ap_memory|  p_ZZN8gdn_bf1617gdn_bf16_top_implEhthhPA128_K7ap_uintILi16EES4_S4_PS2_S5_PA128_S3_517|         array|
|p_ZZN8gdn_bf1617gdn_bf16_top_implEhthhPA128_K7ap_uintILi16EES4_S4_PS2_S5_PA128_S3_518_address0  |  out|    5|   ap_memory|  p_ZZN8gdn_bf1617gdn_bf16_top_implEhthhPA128_K7ap_uintILi16EES4_S4_PS2_S5_PA128_S3_518|         array|
|p_ZZN8gdn_bf1617gdn_bf16_top_implEhthhPA128_K7ap_uintILi16EES4_S4_PS2_S5_PA128_S3_518_ce0       |  out|    1|   ap_memory|  p_ZZN8gdn_bf1617gdn_bf16_top_implEhthhPA128_K7ap_uintILi16EES4_S4_PS2_S5_PA128_S3_518|         array|
|p_ZZN8gdn_bf1617gdn_bf16_top_implEhthhPA128_K7ap_uintILi16EES4_S4_PS2_S5_PA128_S3_518_q0        |   in|   32|   ap_memory|  p_ZZN8gdn_bf1617gdn_bf16_top_implEhthhPA128_K7ap_uintILi16EES4_S4_PS2_S5_PA128_S3_518|         array|
|p_ZZN8gdn_bf1617gdn_bf16_top_implEhthhPA128_K7ap_uintILi16EES4_S4_PS2_S5_PA128_S3_519_address0  |  out|    5|   ap_memory|  p_ZZN8gdn_bf1617gdn_bf16_top_implEhthhPA128_K7ap_uintILi16EES4_S4_PS2_S5_PA128_S3_519|         array|
|p_ZZN8gdn_bf1617gdn_bf16_top_implEhthhPA128_K7ap_uintILi16EES4_S4_PS2_S5_PA128_S3_519_ce0       |  out|    1|   ap_memory|  p_ZZN8gdn_bf1617gdn_bf16_top_implEhthhPA128_K7ap_uintILi16EES4_S4_PS2_S5_PA128_S3_519|         array|
|p_ZZN8gdn_bf1617gdn_bf16_top_implEhthhPA128_K7ap_uintILi16EES4_S4_PS2_S5_PA128_S3_519_q0        |   in|   32|   ap_memory|  p_ZZN8gdn_bf1617gdn_bf16_top_implEhthhPA128_K7ap_uintILi16EES4_S4_PS2_S5_PA128_S3_519|         array|
|p_ZZN8gdn_bf1617gdn_bf16_top_implEhthhPA128_K7ap_uintILi16EES4_S4_PS2_S5_PA128_S3_520_address0  |  out|    5|   ap_memory|  p_ZZN8gdn_bf1617gdn_bf16_top_implEhthhPA128_K7ap_uintILi16EES4_S4_PS2_S5_PA128_S3_520|         array|
|p_ZZN8gdn_bf1617gdn_bf16_top_implEhthhPA128_K7ap_uintILi16EES4_S4_PS2_S5_PA128_S3_520_ce0       |  out|    1|   ap_memory|  p_ZZN8gdn_bf1617gdn_bf16_top_implEhthhPA128_K7ap_uintILi16EES4_S4_PS2_S5_PA128_S3_520|         array|
|p_ZZN8gdn_bf1617gdn_bf16_top_implEhthhPA128_K7ap_uintILi16EES4_S4_PS2_S5_PA128_S3_520_q0        |   in|   32|   ap_memory|  p_ZZN8gdn_bf1617gdn_bf16_top_implEhthhPA128_K7ap_uintILi16EES4_S4_PS2_S5_PA128_S3_520|         array|
|p_ZZN8gdn_bf1617gdn_bf16_top_implEhthhPA128_K7ap_uintILi16EES4_S4_PS2_S5_PA128_S3_521_address0  |  out|    5|   ap_memory|  p_ZZN8gdn_bf1617gdn_bf16_top_implEhthhPA128_K7ap_uintILi16EES4_S4_PS2_S5_PA128_S3_521|         array|
|p_ZZN8gdn_bf1617gdn_bf16_top_implEhthhPA128_K7ap_uintILi16EES4_S4_PS2_S5_PA128_S3_521_ce0       |  out|    1|   ap_memory|  p_ZZN8gdn_bf1617gdn_bf16_top_implEhthhPA128_K7ap_uintILi16EES4_S4_PS2_S5_PA128_S3_521|         array|
|p_ZZN8gdn_bf1617gdn_bf16_top_implEhthhPA128_K7ap_uintILi16EES4_S4_PS2_S5_PA128_S3_521_q0        |   in|   32|   ap_memory|  p_ZZN8gdn_bf1617gdn_bf16_top_implEhthhPA128_K7ap_uintILi16EES4_S4_PS2_S5_PA128_S3_521|         array|
|p_ZZN8gdn_bf1617gdn_bf16_top_implEhthhPA128_K7ap_uintILi16EES4_S4_PS2_S5_PA128_S3_522_address0  |  out|    5|   ap_memory|  p_ZZN8gdn_bf1617gdn_bf16_top_implEhthhPA128_K7ap_uintILi16EES4_S4_PS2_S5_PA128_S3_522|         array|
|p_ZZN8gdn_bf1617gdn_bf16_top_implEhthhPA128_K7ap_uintILi16EES4_S4_PS2_S5_PA128_S3_522_ce0       |  out|    1|   ap_memory|  p_ZZN8gdn_bf1617gdn_bf16_top_implEhthhPA128_K7ap_uintILi16EES4_S4_PS2_S5_PA128_S3_522|         array|
|p_ZZN8gdn_bf1617gdn_bf16_top_implEhthhPA128_K7ap_uintILi16EES4_S4_PS2_S5_PA128_S3_522_q0        |   in|   32|   ap_memory|  p_ZZN8gdn_bf1617gdn_bf16_top_implEhthhPA128_K7ap_uintILi16EES4_S4_PS2_S5_PA128_S3_522|         array|
|p_ZZN8gdn_bf1617gdn_bf16_top_implEhthhPA128_K7ap_uintILi16EES4_S4_PS2_S5_PA128_S3_523_address0  |  out|    5|   ap_memory|  p_ZZN8gdn_bf1617gdn_bf16_top_implEhthhPA128_K7ap_uintILi16EES4_S4_PS2_S5_PA128_S3_523|         array|
|p_ZZN8gdn_bf1617gdn_bf16_top_implEhthhPA128_K7ap_uintILi16EES4_S4_PS2_S5_PA128_S3_523_ce0       |  out|    1|   ap_memory|  p_ZZN8gdn_bf1617gdn_bf16_top_implEhthhPA128_K7ap_uintILi16EES4_S4_PS2_S5_PA128_S3_523|         array|
|p_ZZN8gdn_bf1617gdn_bf16_top_implEhthhPA128_K7ap_uintILi16EES4_S4_PS2_S5_PA128_S3_523_q0        |   in|   32|   ap_memory|  p_ZZN8gdn_bf1617gdn_bf16_top_implEhthhPA128_K7ap_uintILi16EES4_S4_PS2_S5_PA128_S3_523|         array|
|p_ZZN8gdn_bf1617gdn_bf16_top_implEhthhPA128_K7ap_uintILi16EES4_S4_PS2_S5_PA128_S3_524_address0  |  out|    5|   ap_memory|  p_ZZN8gdn_bf1617gdn_bf16_top_implEhthhPA128_K7ap_uintILi16EES4_S4_PS2_S5_PA128_S3_524|         array|
|p_ZZN8gdn_bf1617gdn_bf16_top_implEhthhPA128_K7ap_uintILi16EES4_S4_PS2_S5_PA128_S3_524_ce0       |  out|    1|   ap_memory|  p_ZZN8gdn_bf1617gdn_bf16_top_implEhthhPA128_K7ap_uintILi16EES4_S4_PS2_S5_PA128_S3_524|         array|
|p_ZZN8gdn_bf1617gdn_bf16_top_implEhthhPA128_K7ap_uintILi16EES4_S4_PS2_S5_PA128_S3_524_q0        |   in|   32|   ap_memory|  p_ZZN8gdn_bf1617gdn_bf16_top_implEhthhPA128_K7ap_uintILi16EES4_S4_PS2_S5_PA128_S3_524|         array|
|p_ZZN8gdn_bf1617gdn_bf16_top_implEhthhPA128_K7ap_uintILi16EES4_S4_PS2_S5_PA128_S3_525_address0  |  out|    5|   ap_memory|  p_ZZN8gdn_bf1617gdn_bf16_top_implEhthhPA128_K7ap_uintILi16EES4_S4_PS2_S5_PA128_S3_525|         array|
|p_ZZN8gdn_bf1617gdn_bf16_top_implEhthhPA128_K7ap_uintILi16EES4_S4_PS2_S5_PA128_S3_525_ce0       |  out|    1|   ap_memory|  p_ZZN8gdn_bf1617gdn_bf16_top_implEhthhPA128_K7ap_uintILi16EES4_S4_PS2_S5_PA128_S3_525|         array|
|p_ZZN8gdn_bf1617gdn_bf16_top_implEhthhPA128_K7ap_uintILi16EES4_S4_PS2_S5_PA128_S3_525_q0        |   in|   32|   ap_memory|  p_ZZN8gdn_bf1617gdn_bf16_top_implEhthhPA128_K7ap_uintILi16EES4_S4_PS2_S5_PA128_S3_525|         array|
|p_ZZN8gdn_bf1617gdn_bf16_top_implEhthhPA128_K7ap_uintILi16EES4_S4_PS2_S5_PA128_S3_526_address0  |  out|    5|   ap_memory|  p_ZZN8gdn_bf1617gdn_bf16_top_implEhthhPA128_K7ap_uintILi16EES4_S4_PS2_S5_PA128_S3_526|         array|
|p_ZZN8gdn_bf1617gdn_bf16_top_implEhthhPA128_K7ap_uintILi16EES4_S4_PS2_S5_PA128_S3_526_ce0       |  out|    1|   ap_memory|  p_ZZN8gdn_bf1617gdn_bf16_top_implEhthhPA128_K7ap_uintILi16EES4_S4_PS2_S5_PA128_S3_526|         array|
|p_ZZN8gdn_bf1617gdn_bf16_top_implEhthhPA128_K7ap_uintILi16EES4_S4_PS2_S5_PA128_S3_526_q0        |   in|   32|   ap_memory|  p_ZZN8gdn_bf1617gdn_bf16_top_implEhthhPA128_K7ap_uintILi16EES4_S4_PS2_S5_PA128_S3_526|         array|
+------------------------------------------------------------------------------------------------+-----+-----+------------+---------------------------------------------------------------------------------------+--------------+

