token,mxfp4_output_rel_l2,mxfp4_output_max_abs,mxfp4_output_cosine,mxfp4_state_rel_l2,mxfp4_state_max_abs,mxfp4_state_cosine,mxfp8_output_rel_l2,mxfp8_output_max_abs,mxfp8_output_cosine,mxfp8_state_rel_l2,mxfp8_state_max_abs,mxfp8_state_cosine
1.0,0.1844315379858017,0.030341457575559616,0.9830254316329956,0.11612655967473984,0.04865802824497223,0.9932419657707214,0.1523585021495819,0.0230172760784626,0.9884496927261353,0.04280273616313934,0.05162271857261658,0.9990839958190918
2.0,0.20650431513786316,0.03812606632709503,0.9786990880966187,0.14443042874336243,0.06817418336868286,0.9895305037498474,0.16188213229179382,0.03826455771923065,0.9870488047599792,0.06397232413291931,0.05060290917754173,0.9979530572891235
3.0,0.2300170660018921,0.039830248802900314,0.9738535284996033,0.1696559488773346,0.082392118871212,0.9855225682258606,0.17384956777095795,0.0385696142911911,0.9852848649024963,0.07714466750621796,0.05150102451443672,0.9970222115516663
4.0,0.24373723566532135,0.04774780571460724,0.9704208374023438,0.18960097432136536,0.08933012932538986,0.9818863868713379,0.1753295361995697,0.04800976812839508,0.9848836064338684,0.08790457993745804,0.05407847464084625,0.9961313605308533
5.0,0.25877973437309265,0.049555085599422455,0.9663873314857483,0.20663219690322876,0.09354905784130096,0.9784491658210754,0.176853209733963,0.03606002777814865,0.9844866394996643,0.09625419229269028,0.05478900671005249,0.9953601956367493
6.0,0.2617175281047821,0.047038353979587555,0.9653310775756836,0.22130966186523438,0.10760954022407532,0.9752390384674072,0.17908364534378052,0.03613989055156708,0.9838719964027405,0.1041019856929779,0.06049829721450806,0.9945710301399231
7.0,0.27779078483581543,0.0767863318324089,0.9610389471054077,0.23418453335762024,0.10322283208370209,0.9722384214401245,0.1844109445810318,0.03561776131391525,0.9829663634300232,0.1110515296459198,0.08850181102752686,0.9938205480575562
8.0,0.28702011704444885,0.059346556663513184,0.9582664370536804,0.24603760242462158,0.13693569600582123,0.969310462474823,0.18948791921138763,0.03456444293260574,0.9820694327354431,0.11551674455404282,0.08914047479629517,0.993311882019043
9.0,0.2866140305995941,0.07469992339611053,0.9582430124282837,0.25460872054100037,0.1331910341978073,0.9671012163162231,0.1903189718723297,0.03641919791698456,0.9818287491798401,0.12099972367286682,0.08853955566883087,0.9926583170890808
10.0,0.3079644441604614,0.0637877807021141,0.9519217014312744,0.2644428312778473,0.14441636204719543,0.9644598364830017,0.199975848197937,0.040684543550014496,0.9800706505775452,0.12601788341999054,0.07867442071437836,0.9920343160629272
11.0,0.3177815079689026,0.08126485347747803,0.948593258857727,0.27422428131103516,0.14442534744739532,0.9617298245429993,0.20440024137496948,0.03994864597916603,0.9790331125259399,0.130040243268013,0.08210115134716034,0.9915157556533813
12.0,0.31496626138687134,0.0792461708188057,0.9497522115707397,0.28134578466415405,0.15325307846069336,0.9596803188323975,0.20084026455879211,0.04626724123954773,0.9800297021865845,0.1338682472705841,0.08353103697299957,0.991007924079895
13.0,0.3162594437599182,0.0870380699634552,0.9492756128311157,0.2890104353427887,0.152372807264328,0.9574028253555298,0.2005133330821991,0.04451620206236839,0.9799140095710754,0.1377023607492447,0.08869379758834839,0.9904821515083313
14.0,0.33156782388687134,0.08050107210874557,0.943612813949585,0.2971855401992798,0.1736445426940918,0.9549021124839783,0.20847877860069275,0.0463765524327755,0.9781183004379272,0.14064720273017883,0.08966769278049469,0.9900696873664856
15.0,0.3336567282676697,0.06822928041219711,0.943365752696991,0.3025653660297394,0.17400673031806946,0.9532217383384705,0.21013130247592926,0.052216969430446625,0.9782770872116089,0.14355705678462982,0.09127895534038544,0.9896532297134399
16.0,0.33666253089904785,0.08257279545068741,0.9420575499534607,0.3105696141719818,0.1750970035791397,0.9506505727767944,0.20509964227676392,0.055553823709487915,0.978894054889679,0.1460578739643097,0.09863214194774628,0.9892876744270325
17.0,0.3417423367500305,0.07349701970815659,0.9402790665626526,0.3156779408454895,0.1733907163143158,0.9489738345146179,0.20486901700496674,0.05627945065498352,0.9790613651275635,0.14836977422237396,0.10552670061588287,0.9889437556266785
18.0,0.34495875239372253,0.0740819200873375,0.9388213157653809,0.3207570016384125,0.18570241332054138,0.9472801089286804,0.2108325958251953,0.04988807439804077,0.9775871634483337,0.15109679102897644,0.10628078877925873,0.9885319471359253
19.0,0.35708358883857727,0.08041360974311829,0.9350032806396484,0.32617664337158203,0.19326041638851166,0.9454342126846313,0.21612611413002014,0.053231701254844666,0.976674497127533,0.1534174233675003,0.10607314109802246,0.9881752133369446
20.0,0.3754703998565674,0.10655179619789124,0.9280367493629456,0.3328184187412262,0.19140419363975525,0.9431251883506775,0.22667929530143738,0.06122133880853653,0.9749286770820618,0.15558715164661407,0.10768558084964752,0.9878361225128174
21.0,0.3670101463794708,0.1025482788681984,0.9306700825691223,0.3369668424129486,0.18408998847007751,0.9416635036468506,0.22362102568149567,0.05018816143274307,0.9750085473060608,0.15771183371543884,0.09214480221271515,0.9874997735023499
22.0,0.37554818391799927,0.10777325928211212,0.9276182055473328,0.34154921770095825,0.18222948908805847,0.9400160312652588,0.22036589682102203,0.05378303676843643,0.9757539629936218,0.15950311720371246,0.10375718772411346,0.9872121810913086
23.0,0.3741336762905121,0.11321495473384857,0.9281548261642456,0.3461410403251648,0.18708015978336334,0.9383388757705688,0.22137197852134705,0.05419391393661499,0.9753161668777466,0.1615404337644577,0.10740745067596436,0.9868807792663574
24.0,0.40322357416152954,0.1301470696926117,0.9161117076873779,0.3503336012363434,0.1972920298576355,0.936794102191925,0.23461797833442688,0.06526008248329163,0.972294807434082,0.16332246363162994,0.110831618309021,0.9865883588790894
25.0,0.38876476883888245,0.11123459041118622,0.9220789074897766,0.35519593954086304,0.1969194859266281,0.93498295545578,0.22082878649234772,0.05881722271442413,0.9756577610969543,0.16515441238880157,0.11002784967422485,0.9862868189811707
26.0,0.37417858839035034,0.0936966985464096,0.9276553988456726,0.3588670492172241,0.1977313905954361,0.9335950016975403,0.2248481810092926,0.07760128378868103,0.9745330810546875,0.16672544181346893,0.11492809653282166,0.9860250353813171
27.0,0.37643295526504517,0.1198195070028305,0.9269082546234131,0.3628517687320709,0.20153971016407013,0.932058572769165,0.2239397168159485,0.059354618191719055,0.9747418761253357,0.16852417588233948,0.1226770430803299,0.9857189059257507
28.0,0.39024075865745544,0.09687549620866776,0.921026349067688,0.36819571256637573,0.2042272984981537,0.9299616813659668,0.23031561076641083,0.06313449144363403,0.9733795523643494,0.17006751894950867,0.11997638642787933,0.9854534268379211
29.0,0.39435145258903503,0.1029880940914154,0.9197395443916321,0.36995986104011536,0.2131212055683136,0.929273247718811,0.23372936248779297,0.07398778200149536,0.9727655053138733,0.1715846210718155,0.12100920081138611,0.9851911664009094
30.0,0.39429986476898193,0.09309017658233643,0.9204003214836121,0.3742488622665405,0.2237282544374466,0.9275636076927185,0.2247682511806488,0.07875023782253265,0.9746425747871399,0.17312487959861755,0.12590481340885162,0.9849218130111694
31.0,0.39567145705223083,0.11372184008359909,0.9192631840705872,0.3796539306640625,0.2308725118637085,0.9253777265548706,0.22391216456890106,0.058078616857528687,0.9749209880828857,0.17465391755104065,0.14007218182086945,0.9846526980400085
32.0,0.41478538513183594,0.10352447628974915,0.9111239910125732,0.3821389377117157,0.23627907037734985,0.9243663549423218,0.23061543703079224,0.05345996469259262,0.9734336137771606,0.1758962720632553,0.1407877653837204,0.9844292402267456
33.0,0.42331334948539734,0.11319441348314285,0.9081555008888245,0.38605427742004395,0.26724696159362793,0.9227539896965027,0.23651233315467834,0.08045114576816559,0.9722607731819153,0.17726662755012512,0.13560394942760468,0.9841831922531128
34.0,0.40692394971847534,0.11674904823303223,0.9139220714569092,0.38883423805236816,0.29425248503685,0.9216008186340332,0.2307274043560028,0.0669807493686676,0.9734344482421875,0.1785304695367813,0.13324563205242157,0.9839544296264648
35.0,0.4159824252128601,0.12782050669193268,0.9108023047447205,0.3921116888523102,0.28083062171936035,0.920215904712677,0.2331070750951767,0.06456634402275085,0.9729068279266357,0.17963021993637085,0.13295458257198334,0.9837542772293091
36.0,0.4103683829307556,0.12325587868690491,0.9121508002281189,0.3965070843696594,0.2656521499156952,0.9183526635169983,0.23017360270023346,0.062108881771564484,0.9733383059501648,0.18086235225200653,0.13184230029582977,0.9835283756256104
37.0,0.4135160744190216,0.15439411997795105,0.9110085368156433,0.3985518515110016,0.2655740976333618,0.9174874424934387,0.2273707389831543,0.06526704132556915,0.9740276336669922,0.1818285435438156,0.1347966343164444,0.9833508133888245
38.0,0.4210367798805237,0.09997586905956268,0.9079179167747498,0.4020862579345703,0.2656277120113373,0.9159652590751648,0.2279282510280609,0.07426850497722626,0.9741739630699158,0.1830035299062729,0.12757864594459534,0.9831337928771973
39.0,0.4143519997596741,0.11051629483699799,0.9109550714492798,0.4054025709629059,0.2657164931297302,0.9145283699035645,0.23171056807041168,0.07477964460849762,0.9732984900474548,0.18412050604820251,0.12446245551109314,0.9829254150390625
40.0,0.44262340664863586,0.1445210874080658,0.897819459438324,0.40766093134880066,0.26240378618240356,0.91353839635849,0.2365444451570511,0.06607763469219208,0.9718198180198669,0.1852397322654724,0.12459459900856018,0.9827173352241516
41.0,0.4275283217430115,0.12748368084430695,0.9044612050056458,0.40996861457824707,0.2619727849960327,0.9125275015830994,0.2355469912290573,0.06698959320783615,0.9720673561096191,0.18650014698505402,0.13850854337215424,0.9824810028076172
42.0,0.44365325570106506,0.16812005639076233,0.897222638130188,0.41246360540390015,0.262561172246933,0.9114170074462891,0.23637686669826508,0.06747183948755264,0.9719165563583374,0.18756203353405,0.14776170253753662,0.9822781682014465
43.0,0.432400107383728,0.11902017891407013,0.9025498032569885,0.4161928594112396,0.26459771394729614,0.9097394943237305,0.24334770441055298,0.06410657614469528,0.970211386680603,0.18876191973686218,0.1478959321975708,0.9820482134819031
44.0,0.4491097629070282,0.13299928605556488,0.8950223326683044,0.4183449447154999,0.26804056763648987,0.9087685942649841,0.2389470785856247,0.08568167686462402,0.9712649583816528,0.1897883117198944,0.1471131443977356,0.9818500280380249
45.0,0.4447348415851593,0.14287671446800232,0.8976123929023743,0.42238134145736694,0.24933454394340515,0.9069188237190247,0.24666771292686462,0.07365516573190689,0.9696502089500427,0.1909836232662201,0.1477591097354889,0.9816176295280457
46.0,0.44288691878318787,0.16150352358818054,0.8974158763885498,0.42330828309059143,0.26244017481803894,0.9065108895301819,0.256801038980484,0.0743449479341507,0.9668118357658386,0.1916954219341278,0.15082861483097076,0.9814811944961548
47.0,0.46223607659339905,0.13428407907485962,0.8875356912612915,0.4259259104728699,0.25951287150382996,0.9053025245666504,0.2562141716480255,0.07081423699855804,0.9667478799819946,0.19259122014045715,0.13947008550167084,0.9813052415847778
48.0,0.4546310603618622,0.1506238877773285,0.8918452858924866,0.4279795289039612,0.2832593023777008,0.9043483734130859,0.25178298354148865,0.08111746609210968,0.968170166015625,0.19344791769981384,0.13948604464530945,0.9811376929283142
49.0,0.44364994764328003,0.14610671997070312,0.8976234197616577,0.4300151765346527,0.2772176265716553,0.9034093618392944,0.23663228750228882,0.09272965788841248,0.9718420505523682,0.1944064199924469,0.14307531714439392,0.9809491038322449
50.0,0.4550192952156067,0.16770541667938232,0.8909962177276611,0.43372219800949097,0.277830570936203,0.9016602039337158,0.2451028674840927,0.06959513574838638,0.9697679877281189,0.1954842358827591,0.1429579257965088,0.9807353019714355
51.0,0.45594897866249084,0.13742628693580627,0.8926500678062439,0.4349041283130646,0.26840025186538696,0.9011103510856628,0.25368794798851013,0.08836997300386429,0.9682079553604126,0.19611763954162598,0.141715869307518,0.9806098937988281
52.0,0.45593348145484924,0.1574254184961319,0.8914423584938049,0.4363442361354828,0.32139283418655396,0.9004396200180054,0.2427426427602768,0.10575360059738159,0.9704158306121826,0.1968601942062378,0.1538507640361786,0.980462372303009
53.0,0.46930333971977234,0.18767613172531128,0.8847011923789978,0.4392091631889343,0.30605757236480713,0.8990725874900818,0.2494722604751587,0.10806184262037277,0.9685343503952026,0.19772644340991974,0.1531473696231842,0.98028963804245
54.0,0.45381006598472595,0.12674669921398163,0.8924506902694702,0.4423055648803711,0.27364519238471985,0.8975727558135986,0.2420012503862381,0.07191814482212067,0.9705401062965393,0.198616161942482,0.1539876013994217,0.980109691619873
55.0,0.46453970670700073,0.14880332350730896,0.8871239423751831,0.44411903619766235,0.27292996644973755,0.8966984748840332,0.24745067954063416,0.09014695882797241,0.9691607356071472,0.1992952525615692,0.15007136762142181,0.9799721837043762
56.0,0.48431649804115295,0.15599440038204193,0.8773764371871948,0.44604170322418213,0.28614017367362976,0.8957560658454895,0.25107380747795105,0.08737552165985107,0.9682347774505615,0.20005284249782562,0.14895528554916382,0.9798175096511841
57.0,0.46896156668663025,0.15002219378948212,0.8843700885772705,0.4471637010574341,0.2906414568424225,0.8951995372772217,0.25052911043167114,0.09009961783885956,0.9683951735496521,0.20078468322753906,0.15961603820323944,0.9796677827835083
58.0,0.4635070264339447,0.15831975638866425,0.8864120841026306,0.44959110021591187,0.2900821566581726,0.8939995765686035,0.2480144500732422,0.08195704221725464,0.9688038229942322,0.20158644020557404,0.15824246406555176,0.9795037508010864
59.0,0.4841921925544739,0.17275673151016235,0.8765774369239807,0.45145827531814575,0.29083052277565,0.8930726051330566,0.2621893286705017,0.08400126546621323,0.9654476642608643,0.20237500965595245,0.16974034905433655,0.9793397784233093
60.0,0.4859102964401245,0.1496845781803131,0.8766605257987976,0.45332804322242737,0.29174765944480896,0.8921548128128052,0.25597813725471497,0.07542389631271362,0.9672002792358398,0.203084796667099,0.17076776921749115,0.9791949987411499
61.0,0.46248239278793335,0.19026416540145874,0.8876712322235107,0.45512986183166504,0.29295238852500916,0.8912551999092102,0.24848324060440063,0.0803946703672409,0.9690551161766052,0.20369958877563477,0.16639381647109985,0.9790670871734619
62.0,0.4885060787200928,0.13761989772319794,0.8744085431098938,0.4569718539714813,0.31446534395217896,0.8903436064720154,0.2577844560146332,0.09537550806999207,0.9664596915245056,0.20438827574253082,0.15711571276187897,0.9789254069328308
63.0,0.4789222478866577,0.15099595487117767,0.8799633979797363,0.4594016373157501,0.30387234687805176,0.8891206979751587,0.2478523552417755,0.08356420695781708,0.9692480564117432,0.20534275472164154,0.15113656222820282,0.9787267446517944
64.0,0.4862925112247467,0.14483141899108887,0.8781836032867432,0.4616489112377167,0.3217103183269501,0.8879779577255249,0.26227080821990967,0.09268894791603088,0.9663228988647461,0.20611335337162018,0.15223564207553864,0.978564441204071
65.0,0.5132271647453308,0.21705925464630127,0.860938549041748,0.4639989137649536,0.3312881290912628,0.8867835998535156,0.264561265707016,0.08835169672966003,0.9645891785621643,0.206936314702034,0.15274778008460999,0.9783919453620911
66.0,0.49152711033821106,0.14990180730819702,0.8733766674995422,0.4649468958377838,0.32963117957115173,0.8863123655319214,0.2577599287033081,0.07326477020978928,0.9666294455528259,0.20762094855308533,0.15209893882274628,0.9782488346099854
67.0,0.5002432465553284,0.16864529252052307,0.8690813779830933,0.46704259514808655,0.32847538590431213,0.8852227330207825,0.26057693362236023,0.08433286845684052,0.966011106967926,0.20833545923233032,0.14966687560081482,0.9780969619750977
68.0,0.49464404582977295,0.1758987307548523,0.8715665340423584,0.4691110849380493,0.3322937488555908,0.8841586112976074,0.25390398502349854,0.10005784034729004,0.9675478339195251,0.20902074873447418,0.15238447487354279,0.9779512882232666
69.0,0.490377277135849,0.1553541123867035,0.8736206889152527,0.4695698618888855,0.3295823633670807,0.8839449286460876,0.2649477422237396,0.08116957545280457,0.9648891687393188,0.20960325002670288,0.14978787302970886,0.9778269529342651
70.0,0.5017041563987732,0.18685686588287354,0.8675535321235657,0.4718467593193054,0.32169947028160095,0.8827642798423767,0.2594909965991974,0.11393342912197113,0.9660928249359131,0.210351824760437,0.14400330185890198,0.9776661396026611
71.0,0.5002487301826477,0.163561150431633,0.8693683743476868,0.47445791959762573,0.3268899917602539,0.8813968896865845,0.26103755831718445,0.1160268783569336,0.965920090675354,0.21111902594566345,0.14942742884159088,0.9775002002716064
72.0,0.5071032643318176,0.18349036574363708,0.8639028072357178,0.47605541348457336,0.33640891313552856,0.8805617094039917,0.25814303755760193,0.08595053851604462,0.9664757251739502,0.21168628334999084,0.15029454231262207,0.9773774743080139
73.0,0.5076707005500793,0.15830615162849426,0.8647562265396118,0.4770751893520355,0.33219924569129944,0.8800379037857056,0.25973737239837646,0.07771650701761246,0.9658022522926331,0.21230480074882507,0.15323162078857422,0.9772447943687439
74.0,0.49045780301094055,0.19425758719444275,0.8733381032943726,0.478722482919693,0.32730740308761597,0.8791518807411194,0.258937269449234,0.10273827612400055,0.9661899209022522,0.2129431813955307,0.15420612692832947,0.977106511592865
75.0,0.48032787442207336,0.17000114917755127,0.8789191246032715,0.48034584522247314,0.33835747838020325,0.8782858848571777,0.2619088292121887,0.11271175742149353,0.9653864502906799,0.2134733945131302,0.15595325827598572,0.9769900441169739
76.0,0.49224013090133667,0.20343180000782013,0.8724101185798645,0.4834078848361969,0.33671241998672485,0.8766289949417114,0.2598448097705841,0.08711403608322144,0.965843915939331,0.21434588730335236,0.15778426826000214,0.976799726486206
77.0,0.49818673729896545,0.20793426036834717,0.8693086504936218,0.4846947193145752,0.3488258421421051,0.8759483098983765,0.2600760757923126,0.0794457346200943,0.9660079479217529,0.2149343341588974,0.15327157080173492,0.9766708016395569
78.0,0.5201218128204346,0.1737411916255951,0.8576919436454773,0.4867507219314575,0.34135860204696655,0.8748494982719421,0.261766642332077,0.10301607847213745,0.9656807780265808,0.21561338007450104,0.16073332726955414,0.9765221476554871
79.0,0.51319420337677,0.1733243614435196,0.8599790930747986,0.48730945587158203,0.34438103437423706,0.8745723366737366,0.26189306378364563,0.08828079700469971,0.9651607275009155,0.21615566313266754,0.15918579697608948,0.9764025807380676
80.0,0.5234643816947937,0.17919006943702698,0.8561522960662842,0.48931634426116943,0.3584475517272949,0.8734821081161499,0.27686744928359985,0.09649385511875153,0.9615399837493896,0.21674306690692902,0.16281536221504211,0.9762731790542603
81.0,0.5215044617652893,0.19636571407318115,0.8559224605560303,0.4913124740123749,0.3479633331298828,0.8724015951156616,0.2630087435245514,0.09643399715423584,0.9652762413024902,0.2174661010503769,0.16275091469287872,0.9761128425598145
82.0,0.4907294809818268,0.1862291693687439,0.8724029660224915,0.49231719970703125,0.34628045558929443,0.8718691468238831,0.26053330302238464,0.10617177933454514,0.9657192230224609,0.21804073452949524,0.16976986825466156,0.975986123085022
83.0,0.5131917595863342,0.17574654519557953,0.8610891699790955,0.49463194608688354,0.35033485293388367,0.8706066608428955,0.2594034969806671,0.08368818461894989,0.9661855697631836,0.2187855839729309,0.17695464193820953,0.9758197665214539
84.0,0.5004639625549316,0.17343290150165558,0.8681033849716187,0.4964892864227295,0.32993805408477783,0.869594156742096,0.26187217235565186,0.09670878946781158,0.9653099775314331,0.21948568522930145,0.17411968111991882,0.9756636023521423
85.0,0.5208049416542053,0.2004380226135254,0.8569273948669434,0.4981098473072052,0.3416345417499542,0.8687098622322083,0.26435139775276184,0.10304471105337143,0.9648474454879761,0.22011786699295044,0.17567293345928192,0.9755224585533142
86.0,0.5080130100250244,0.21008290350437164,0.8629295229911804,0.49977508187294006,0.3329251706600189,0.8677903413772583,0.2651730179786682,0.0965154767036438,0.9645982980728149,0.2207251489162445,0.17430077493190765,0.9753867983818054
87.0,0.5067646503448486,0.17866750061511993,0.8638616800308228,0.5010449886322021,0.35833317041397095,0.8671051859855652,0.26531359553337097,0.11525173485279083,0.9645057320594788,0.2212882786989212,0.17854759097099304,0.97525954246521
88.0,0.5252107381820679,0.16804921627044678,0.8531903028488159,0.5025062561035156,0.35989242792129517,0.8662748336791992,0.26563477516174316,0.11125312000513077,0.9643197655677795,0.2219177484512329,0.18170249462127686,0.975117564201355
89.0,0.5396071076393127,0.18943244218826294,0.8450049161911011,0.502947986125946,0.36940503120422363,0.8660358190536499,0.2839732766151428,0.1076730415225029,0.9591866731643677,0.2222827970981598,0.18611621856689453,0.9750356078147888
90.0,0.5246667861938477,0.19292448461055756,0.8540570735931396,0.5053168535232544,0.37134498357772827,0.8646860122680664,0.2733139097690582,0.10127879679203033,0.9621464610099792,0.2229761779308319,0.17610697448253632,0.9748772382736206
91.0,0.5236886739730835,0.16080309450626373,0.8559558987617493,0.5070750713348389,0.3744009733200073,0.863714337348938,0.2639484405517578,0.09666398167610168,0.9648893475532532,0.22358882427215576,0.18059389293193817,0.9747369885444641
92.0,0.5148116946220398,0.23468373715877533,0.8590989708900452,0.5073770880699158,0.3719809949398041,0.8635721802711487,0.26471924781799316,0.09715348482131958,0.9644692540168762,0.2239719033241272,0.1807601898908615,0.9746513962745667
93.0,0.5263996720314026,0.21652895212173462,0.8531302213668823,0.508819043636322,0.3557566702365875,0.862744152545929,0.26652291417121887,0.09237059950828552,0.9644392728805542,0.2244977504014969,0.1781468391418457,0.9745322465896606
94.0,0.5250895023345947,0.20376908779144287,0.8537830710411072,0.5098587274551392,0.3612198233604431,0.8621411323547363,0.268340528011322,0.11062115430831909,0.9637659788131714,0.2249499261379242,0.17100684344768524,0.9744282364845276
95.0,0.5298358201980591,0.22289550304412842,0.8507601022720337,0.5121182799339294,0.3767127990722656,0.8608490228652954,0.26447781920433044,0.09384270012378693,0.9649291038513184,0.22568537294864655,0.17142054438591003,0.9742578268051147
96.0,0.5225956439971924,0.1638966202735901,0.8551648855209351,0.513108491897583,0.38068491220474243,0.8602977991104126,0.2746094763278961,0.10832145810127258,0.9620289206504822,0.22610503435134888,0.1753271222114563,0.9741616249084473
97.0,0.5503957271575928,0.23978041112422943,0.8395820260047913,0.5143743753433228,0.38367754220962524,0.8595701456069946,0.270790696144104,0.11141809821128845,0.963560938835144,0.22654755413532257,0.17496280372142792,0.9740580320358276
98.0,0.5324146151542664,0.20699408650398254,0.8500469326972961,0.5158171653747559,0.3836175799369812,0.8587248921394348,0.27151575684547424,0.11110009253025055,0.9628775119781494,0.22709552943706512,0.1751752346754074,0.9739317297935486
99.0,0.5355175733566284,0.1894845813512802,0.8473007678985596,0.5169677734375,0.4131026864051819,0.8580501079559326,0.2756614685058594,0.10248374938964844,0.9616853594779968,0.22756671905517578,0.18960970640182495,0.9738207459449768
100.0,0.5418486595153809,0.19078032672405243,0.8448867797851562,0.5187535285949707,0.4329582154750824,0.8570086359977722,0.2634907066822052,0.10388866066932678,0.965309202671051,0.22821111977100372,0.18960845470428467,0.9736692309379578
101.0,0.5396398901939392,0.2094082534313202,0.8448150157928467,0.5189980864524841,0.45586997270584106,0.8568889498710632,0.27261069416999817,0.10690227150917053,0.9626574516296387,0.22858582437038422,0.18844930827617645,0.9735820889472961
102.0,0.5525493621826172,0.22372688353061676,0.8366979360580444,0.5212092399597168,0.45229488611221313,0.8555593490600586,0.2765701115131378,0.0988902747631073,0.9613788723945618,0.22934184968471527,0.1869167983531952,0.9734049439430237
103.0,0.5351033806800842,0.20127324759960175,0.8477902412414551,0.5219231247901917,0.4643107056617737,0.8551737666130066,0.2709577977657318,0.09098225831985474,0.9627959728240967,0.22969801723957062,0.19120261073112488,0.9733220934867859
104.0,0.5747228264808655,0.2889726758003235,0.8238080739974976,0.5233767628669739,0.4545357823371887,0.854314386844635,0.28285452723503113,0.10634738951921463,0.9594128131866455,0.23030227422714233,0.19435033202171326,0.9731795787811279
105.0,0.5533401966094971,0.25179994106292725,0.8368851542472839,0.5247195363044739,0.46019476652145386,0.8535229563713074,0.2785130739212036,0.12897427380084991,0.9610294103622437,0.23091748356819153,0.19372501969337463,0.9730353355407715
106.0,0.5608111619949341,0.22837376594543457,0.8324556350708008,0.5265257358551025,0.45480334758758545,0.8524562120437622,0.27993735671043396,0.1076267659664154,0.9605070948600769,0.23150746524333954,0.20177395641803741,0.9728942513465881
107.0,0.5488466024398804,0.18456344306468964,0.8393348455429077,0.5269353985786438,0.4571092426776886,0.8522341847419739,0.27479127049446106,0.10608339309692383,0.962040364742279,0.23180437088012695,0.19384342432022095,0.9728232026100159
108.0,0.5504529476165771,0.2295648753643036,0.8400648236274719,0.5286245942115784,0.4591571092605591,0.8512024283409119,0.2774401009082794,0.11770480126142502,0.9616961479187012,0.23242716491222382,0.20601463317871094,0.9726758003234863
109.0,0.5412309765815735,0.20297175645828247,0.8429610729217529,0.5299700498580933,0.45837390422821045,0.8504182696342468,0.2796907424926758,0.09919530153274536,0.9604533910751343,0.23294194042682648,0.206735759973526,0.9725533723831177
110.0,0.5547951459884644,0.2625472843647003,0.836679995059967,0.530454695224762,0.46217626333236694,0.850134015083313,0.2786889970302582,0.10718351602554321,0.9609290957450867,0.23326018452644348,0.2042439579963684,0.9724762439727783
111.0,0.5542294979095459,0.1836138665676117,0.8368094563484192,0.5314663648605347,0.4669727683067322,0.849510908126831,0.2764057517051697,0.11387640982866287,0.9614105224609375,0.23382200300693512,0.20955729484558105,0.9723411798477173
112.0,0.5463371872901917,0.25986748933792114,0.8404854536056519,0.5328353047370911,0.4891306161880493,0.848676860332489,0.2698526978492737,0.09824836999177933,0.963280975818634,0.2342773824930191,0.21564596891403198,0.9722323417663574
113.0,0.5546340346336365,0.19816400110721588,0.8362941145896912,0.533966064453125,0.49324631690979004,0.8480008840560913,0.27637746930122375,0.09885953366756439,0.9613556861877441,0.23472975194454193,0.236314058303833,0.9721227288246155
114.0,0.5517277717590332,0.21385866403579712,0.8381955623626709,0.5346627831459045,0.48631131649017334,0.8475925922393799,0.2820868492126465,0.0967610776424408,0.9600659012794495,0.23504947125911713,0.2374567985534668,0.9720466732978821
115.0,0.5634616613388062,0.1895352005958557,0.8305561542510986,0.5354169607162476,0.49589431285858154,0.8471311926841736,0.2759871780872345,0.12434148788452148,0.9614939093589783,0.2354828119277954,0.24936753511428833,0.9719425439834595
116.0,0.5662123560905457,0.2841472625732422,0.8290023803710938,0.5366973280906677,0.4905197024345398,0.8463652729988098,0.2771366834640503,0.09722073376178741,0.9610170722007751,0.23586741089820862,0.24981987476348877,0.9718498587608337
117.0,0.5643734335899353,0.2369481474161148,0.8300988078117371,0.5376904606819153,0.4745285212993622,0.8457646369934082,0.27823713421821594,0.11402695626020432,0.9606437087059021,0.23638348281383514,0.24838930368423462,0.9717242121696472
118.0,0.5395044088363647,0.2512807250022888,0.8445532321929932,0.5385187864303589,0.4779689610004425,0.845273494720459,0.2729925513267517,0.10102000832557678,0.9623651504516602,0.23670978844165802,0.24623966217041016,0.9716469645500183
119.0,0.5631807446479797,0.2420743703842163,0.8323747515678406,0.5396003723144531,0.4867250621318817,0.8445901870727539,0.2813534438610077,0.11597299575805664,0.9602193236351013,0.2371019870042801,0.25176388025283813,0.9715513586997986
120.0,0.5627818703651428,0.25653085112571716,0.8311153054237366,0.541200578212738,0.4879845380783081,0.8435981869697571,0.28918954730033875,0.12360817193984985,0.9578487277030945,0.23757974803447723,0.24932920932769775,0.9714356660842896
121.0,0.5576576590538025,0.2526354491710663,0.834575891494751,0.5422086119651794,0.48769113421440125,0.8430162072181702,0.28427594900131226,0.13737960159778595,0.9589636921882629,0.23806090652942657,0.2513786554336548,0.9713190793991089
122.0,0.5411505699157715,0.21964487433433533,0.8448172807693481,0.5434156656265259,0.4851546287536621,0.8422868251800537,0.2746628224849701,0.10699989646673203,0.9622558355331421,0.23846973478794098,0.23569226264953613,0.9712193012237549
123.0,0.5611218810081482,0.2917361259460449,0.8343390226364136,0.5455528497695923,0.48527130484580994,0.8409779667854309,0.2856443226337433,0.13289056718349457,0.9591479301452637,0.23911434412002563,0.23942658305168152,0.9710611701011658
124.0,0.5821799039840698,0.278542160987854,0.8194670677185059,0.5464940071105957,0.4835885167121887,0.8404265642166138,0.2837570607662201,0.12155991792678833,0.959293007850647,0.23958425223827362,0.2418285608291626,0.9709460735321045
125.0,0.5628771185874939,0.29516488313674927,0.8309212327003479,0.5478910803794861,0.4808913767337799,0.8395573496818542,0.2827393412590027,0.11742181330919266,0.9598348140716553,0.24013574421405792,0.24663889408111572,0.9708117842674255
126.0,0.5526289343833923,0.21695350110530853,0.8377653956413269,0.5483563542366028,0.4815236032009125,0.83929443359375,0.2728720009326935,0.11608736217021942,0.9628019332885742,0.24049712717533112,0.24970155954360962,0.9707217812538147
127.0,0.5528508424758911,0.2754766345024109,0.8367164134979248,0.5494967699050903,0.4892483353614807,0.8386059999465942,0.2781459391117096,0.10575011372566223,0.9610588550567627,0.24094390869140625,0.24604910612106323,0.9706131219863892
128.0,0.5667122006416321,0.21479958295822144,0.8285129070281982,0.5499014854431152,0.4902842044830322,0.8383833765983582,0.28383371233940125,0.12121380865573883,0.9595329165458679,0.24132969975471497,0.26430371403694153,0.9705206155776978
129.0,0.5507435202598572,0.27919113636016846,0.8400205969810486,0.5504536032676697,0.4920021891593933,0.8380293250083923,0.27692267298698425,0.11704478412866592,0.961712658405304,0.24154776334762573,0.2648025155067444,0.9704654812812805
130.0,0.5557775497436523,0.32659056782722473,0.8367015719413757,0.5514723658561707,0.4973015785217285,0.837385892868042,0.28390225768089294,0.11772587895393372,0.9593014717102051,0.2419634610414505,0.263570636510849,0.97036212682724
131.0,0.5756558775901794,0.23692470788955688,0.8228012323379517,0.5531144142150879,0.49474263191223145,0.836328387260437,0.2771666646003723,0.11415702104568481,0.9613057971000671,0.2425697296857834,0.2729860544204712,0.970211386680603
132.0,0.5607694387435913,0.22961455583572388,0.8315805196762085,0.5552775263786316,0.4878882169723511,0.8349809646606445,0.2791111469268799,0.11007647216320038,0.9607817530632019,0.24313145875930786,0.2717522978782654,0.9700711369514465
133.0,0.5504508018493652,0.23982684314250946,0.8382382392883301,0.5549318194389343,0.4873257577419281,0.8352299332618713,0.2744038701057434,0.11890235543251038,0.9618814587593079,0.2432986944913864,0.28220850229263306,0.9700306057929993
134.0,0.5588214993476868,0.25205960869789124,0.8328889608383179,0.5563466548919678,0.48653629422187805,0.8343228101730347,0.27701663970947266,0.12187503278255463,0.9614736437797546,0.24380087852478027,0.2987505793571472,0.9699062705039978
135.0,0.5826843976974487,0.2747572958469391,0.8188566565513611,0.5559040904045105,0.487840473651886,0.8346156477928162,0.2804289758205414,0.12449441850185394,0.9602054357528687,0.24390661716461182,0.2988147437572479,0.9698797464370728
136.0,0.5763174295425415,0.23394441604614258,0.8218472003936768,0.5580853819847107,0.4829956293106079,0.8332144618034363,0.2841261923313141,0.13830111920833588,0.9593327045440674,0.24462702870368958,0.297651469707489,0.9696993827819824
137.0,0.5732482075691223,0.22489793598651886,0.8244810104370117,0.5585548877716064,0.48614683747291565,0.8329233527183533,0.2842508852481842,0.11643923819065094,0.9591721892356873,0.24493835866451263,0.31425929069519043,0.9696224331855774
138.0,0.5847643613815308,0.2181674987077713,0.8175572156906128,0.5593132972717285,0.48078882694244385,0.8324373960494995,0.29129135608673096,0.12668371200561523,0.9573751091957092,0.24529118835926056,0.3003378212451935,0.9695337414741516
139.0,0.5837836265563965,0.22372587025165558,0.8173261284828186,0.5610604286193848,0.5036701560020447,0.8313090801239014,0.2871602177619934,0.1253931224346161,0.9581752419471741,0.24580146372318268,0.29369524121284485,0.9694055318832397
140.0,0.5980076193809509,0.2547544538974762,0.8069643974304199,0.5616210699081421,0.5051597952842712,0.8310051560401917,0.288741797208786,0.12300475686788559,0.9579448699951172,0.24619582295417786,0.2858700454235077,0.9693078398704529
141.0,0.5803120732307434,0.24754831194877625,0.8191272616386414,0.5627465844154358,0.49883928894996643,0.8302929401397705,0.2937435209751129,0.1150730550289154,0.9562902450561523,0.24667547643184662,0.28387290239334106,0.9691874384880066
142.0,0.5856785774230957,0.24876651167869568,0.8163518309593201,0.5633451342582703,0.49619847536087036,0.82994145154953,0.2912645936012268,0.14133408665657043,0.9572587609291077,0.2470501810312271,0.2839367389678955,0.9690936207771301
143.0,0.5873267650604248,0.2557918131351471,0.8149248361587524,0.5640521049499512,0.4930970370769501,0.8294932842254639,0.29212620854377747,0.12098164111375809,0.956987202167511,0.24748574197292328,0.2537529766559601,0.9689854979515076
144.0,0.5886734127998352,0.24081037938594818,0.8130042552947998,0.5641494393348694,0.48588085174560547,0.8294671773910522,0.28749462962150574,0.13305915892124176,0.9580051898956299,0.24774354696273804,0.2644495666027069,0.9689213037490845
145.0,0.569259524345398,0.28115707635879517,0.8266587257385254,0.565291166305542,0.4943723678588867,0.8287042379379272,0.2823103666305542,0.1270434409379959,0.9598293304443359,0.24818181991577148,0.27279019355773926,0.9688090682029724
146.0,0.600358247756958,0.27543145418167114,0.8068742752075195,0.5664112567901611,0.49094489216804504,0.8279992938041687,0.29888463020324707,0.10476954281330109,0.9549872279167175,0.2485901266336441,0.2804048955440521,0.9687044024467468
147.0,0.6028647422790527,0.22213196754455566,0.8063808679580688,0.566928505897522,0.49509233236312866,0.8276826739311218,0.3021022081375122,0.13266359269618988,0.9539352655410767,0.24884049594402313,0.2803562879562378,0.9686395525932312
148.0,0.6084367036819458,0.2953723669052124,0.8022659420967102,0.5679357647895813,0.4701438248157501,0.8270306587219238,0.292754590511322,0.12456546723842621,0.9568350315093994,0.2492203712463379,0.2715175747871399,0.9685430526733398
149.0,0.5775887966156006,0.2330268919467926,0.8221328854560852,0.5686879754066467,0.48991650342941284,0.8265459537506104,0.2872169315814972,0.13772332668304443,0.9584899544715881,0.24949921667575836,0.279741495847702,0.96847003698349
150.0,0.5733723044395447,0.2371710240840912,0.8255363702774048,0.5694396495819092,0.4930177927017212,0.8260781764984131,0.2941349744796753,0.11736392974853516,0.9564800262451172,0.24982234835624695,0.2680127024650574,0.9683883190155029
151.0,0.5833244323730469,0.23257742822170258,0.8179980516433716,0.5702728629112244,0.4839456379413605,0.8255456686019897,0.28174108266830444,0.1271974742412567,0.9598233699798584,0.25014859437942505,0.24568593502044678,0.9683054089546204
152.0,0.574529767036438,0.233069509267807,0.8219302296638489,0.5713691115379333,0.47212812304496765,0.8248482942581177,0.2841445803642273,0.11331643164157867,0.959080159664154,0.2506628930568695,0.23787462711334229,0.968174397945404
153.0,0.5911474823951721,0.2526000738143921,0.8127279281616211,0.5724007487297058,0.4635813236236572,0.8242051601409912,0.2855082154273987,0.1379174143075943,0.9588422179222107,0.25109243392944336,0.2378837764263153,0.9680636525154114
154.0,0.5936301946640015,0.2515769600868225,0.8108479380607605,0.5731310248374939,0.4676564335823059,0.8237242102622986,0.29013964533805847,0.11120772361755371,0.9577168822288513,0.2514970302581787,0.24778778851032257,0.9679584503173828
155.0,0.5760467648506165,0.26922160387039185,0.8216579556465149,0.5742328763008118,0.4800202548503876,0.823015570640564,0.28945329785346985,0.13287004828453064,0.9575145840644836,0.25187110900878906,0.2522077262401581,0.9678633213043213
156.0,0.5902016162872314,0.23240767419338226,0.8162925839424133,0.574663519859314,0.4819873869419098,0.8227477073669434,0.2868657112121582,0.10745652765035629,0.959039568901062,0.2521360218524933,0.2503475844860077,0.9677940011024475
157.0,0.6027887463569641,0.2671513855457306,0.8042871356010437,0.5756128430366516,0.4821467101573944,0.8221192359924316,0.2950989603996277,0.12749212980270386,0.9559834599494934,0.25248122215270996,0.2500110864639282,0.9677049517631531
158.0,0.5930076837539673,0.21559827029705048,0.8121797442436218,0.576448380947113,0.4811285734176636,0.8215613961219788,0.2988199293613434,0.12055864930152893,0.9550639390945435,0.252797394990921,0.25835350155830383,0.9676229357719421
159.0,0.5880901217460632,0.25047820806503296,0.8151425719261169,0.5771620869636536,0.49176132678985596,0.8210831880569458,0.2958907186985016,0.12420637905597687,0.9559996128082275,0.2531358003616333,0.26181626319885254,0.9675342440605164
160.0,0.6053352355957031,0.26908957958221436,0.8045738339424133,0.5783228278160095,0.48369842767715454,0.8203028440475464,0.29591941833496094,0.14098261296749115,0.9558166265487671,0.2535274922847748,0.280804306268692,0.9674310684204102
161.0,0.5838565230369568,0.24554692208766937,0.8171998262405396,0.5792547464370728,0.4899113178253174,0.8196907043457031,0.2937145233154297,0.14137865602970123,0.9562903046607971,0.25391045212745667,0.2691887319087982,0.9673308730125427
162.0,0.5862215161323547,0.28554224967956543,0.8166306018829346,0.5794970989227295,0.48432934284210205,0.8195388913154602,0.2891959846019745,0.1299363076686859,0.9579758048057556,0.25408294796943665,0.2910413444042206,0.967284083366394
163.0,0.5876247882843018,0.283376008272171,0.814714789390564,0.5812451839447021,0.5104456543922424,0.818354606628418,0.29363903403282166,0.14050041139125824,0.9565473794937134,0.2546174228191376,0.2919817864894867,0.9671448469161987
164.0,0.5855668783187866,0.2477673888206482,0.8150846362113953,0.5818522572517395,0.5100656747817993,0.8180119395256042,0.284435510635376,0.15551069378852844,0.9590413570404053,0.2549857199192047,0.28604456782341003,0.9670488834381104
165.0,0.590362012386322,0.2269471138715744,0.8120740652084351,0.5831844806671143,0.5095856189727783,0.8171367645263672,0.2959151864051819,0.1280122995376587,0.9556744694709778,0.2554183602333069,0.3058551549911499,0.9669366478919983
166.0,0.5840659141540527,0.27184394001960754,0.8161160349845886,0.5834485292434692,0.507095456123352,0.8169840574264526,0.27850526571273804,0.11929655820131302,0.9608218669891357,0.2557302415370941,0.30184221267700195,0.9668567180633545
167.0,0.5985384583473206,0.31595367193222046,0.8063657283782959,0.5845398306846619,0.5083345174789429,0.8162708878517151,0.28895506262779236,0.12778568267822266,0.957660973072052,0.25619930028915405,0.2876954972743988,0.9667341709136963
168.0,0.6190963983535767,0.2667280435562134,0.7945456504821777,0.5852027535438538,0.5273483991622925,0.8158570528030396,0.29935741424560547,0.12144516408443451,0.9547618627548218,0.2565329968929291,0.28843915462493896,0.9666481018066406
169.0,0.5891678333282471,0.23133859038352966,0.8142638206481934,0.5863479375839233,0.5256431698799133,0.8151042461395264,0.2937336564064026,0.138565331697464,0.9560756683349609,0.25695356726646423,0.27725109457969666,0.9665376543998718
170.0,0.5987980961799622,0.2905677556991577,0.8079875707626343,0.5873185396194458,0.5504497289657593,0.8144423365592957,0.29289427399635315,0.12085524201393127,0.9564738273620605,0.2572956681251526,0.2727663815021515,0.9664462208747864
171.0,0.6037836670875549,0.39163750410079956,0.8052939176559448,0.588347315788269,0.5497738718986511,0.8137363195419312,0.2930271327495575,0.12394827604293823,0.9565674662590027,0.2576999068260193,0.2709175944328308,0.9663400053977966
172.0,0.6073352098464966,0.2814503014087677,0.8019937872886658,0.5894907116889954,0.5452349781990051,0.8129774928092957,0.29755210876464844,0.13263872265815735,0.9553091526031494,0.25812700390815735,0.28379976749420166,0.9662258625030518
173.0,0.5788159370422363,0.308138906955719,0.8206011652946472,0.5899789333343506,0.5899285674095154,0.8126686215400696,0.2996068596839905,0.14020489156246185,0.9548655152320862,0.25840264558792114,0.30483368039131165,0.9661540985107422
174.0,0.600387692451477,0.28269949555397034,0.8080154657363892,0.5910615921020508,0.5915384292602539,0.8119776248931885,0.29995203018188477,0.13742968440055847,0.9546577334403992,0.25892308354377747,0.32097598910331726,0.9660151600837708
175.0,0.6153314709663391,0.27270257472991943,0.7961612343788147,0.5910641551017761,0.5935680866241455,0.8119989037513733,0.308130145072937,0.14390483498573303,0.9521346092224121,0.25898876786231995,0.3201163709163666,0.9659982919692993
176.0,0.5981336832046509,0.35596731305122375,0.8103790283203125,0.59246426820755,0.5804369449615479,0.8110305070877075,0.3010345697402954,0.12667424976825714,0.9546704292297363,0.2594168782234192,0.31945809721946716,0.9658833146095276
177.0,0.6000986099243164,0.2759130299091339,0.8058009743690491,0.5929679274559021,0.573929488658905,0.8107194304466248,0.30057787895202637,0.14195480942726135,0.9540369510650635,0.2596902549266815,0.32146942615509033,0.9658136963844299
178.0,0.6047378778457642,0.2415233850479126,0.8051124811172485,0.5934556722640991,0.5640763640403748,0.8104036450386047,0.30525436997413635,0.12830093502998352,0.952993631362915,0.25988441705703735,0.31952759623527527,0.9657620191574097
179.0,0.6098171472549438,0.2914915978908539,0.8021838068962097,0.5940495133399963,0.5627619028091431,0.8100064396858215,0.2982705235481262,0.1356932669878006,0.955047607421875,0.2601225972175598,0.3419928550720215,0.9656972289085388
180.0,0.6199936270713806,0.3239053189754486,0.7921368479728699,0.5957027077674866,0.6059364080429077,0.8088501691818237,0.3102532625198364,0.16630160808563232,0.9511396884918213,0.2606631815433502,0.3532768487930298,0.9655497074127197
181.0,0.6117996573448181,0.27524057030677795,0.8008935451507568,0.5959647297859192,0.5845603942871094,0.8087204694747925,0.29532456398010254,0.1422519087791443,0.9560359120368958,0.2608330547809601,0.35261842608451843,0.9655043482780457
182.0,0.6194514632225037,0.2662508487701416,0.7920498251914978,0.5971361994743347,0.6105231046676636,0.8079514503479004,0.2987211346626282,0.1487065851688385,0.9547710418701172,0.261165052652359,0.3509162366390228,0.9654164910316467
183.0,0.6109132170677185,0.289597749710083,0.8005238771438599,0.598003089427948,0.610542356967926,0.8073767423629761,0.29940131306648254,0.13191014528274536,0.9547945857048035,0.26150190830230713,0.3299286663532257,0.9653259515762329
184.0,0.6078502535820007,0.28640806674957275,0.803908109664917,0.5986026525497437,0.6103070378303528,0.8070071935653687,0.2962394058704376,0.12120608985424042,0.9561659693717957,0.26184794306755066,0.2977205216884613,0.9652349948883057
185.0,0.6291484236717224,0.2710508108139038,0.7862763404846191,0.5990079641342163,0.6127211451530457,0.8067693114280701,0.30747780203819275,0.1371031403541565,0.952477753162384,0.2619859576225281,0.30652207136154175,0.965196967124939
186.0,0.624375581741333,0.2712092399597168,0.7912312746047974,0.6002467274665833,0.6070836186408997,0.8059084415435791,0.30435094237327576,0.12849555909633636,0.9532305002212524,0.2624799311161041,0.28870099782943726,0.9650639891624451
187.0,0.6430287957191467,0.2948872447013855,0.7764456272125244,0.6006000638008118,0.6019670963287354,0.8057118654251099,0.3101100027561188,0.12424561381340027,0.95182865858078,0.26268672943115234,0.2916085422039032,0.9650115370750427
188.0,0.6110696792602539,0.33423468470573425,0.7973607778549194,0.6007166504859924,0.59816575050354,0.8056206703186035,0.2979200482368469,0.1611378788948059,0.9551542401313782,0.26293590664863586,0.2998613715171814,0.9649463891983032
189.0,0.6126583814620972,0.2794114947319031,0.7987515926361084,0.6013316512107849,0.6159312725067139,0.8051795959472656,0.29344943165779114,0.12683862447738647,0.9563213586807251,0.26302939653396606,0.3001401722431183,0.9649187326431274
190.0,0.5932486653327942,0.2715701162815094,0.8109915852546692,0.6025143265724182,0.625781774520874,0.8043859601020813,0.2952231764793396,0.156406968832016,0.9560297727584839,0.26342734694480896,0.27830246090888977,0.9648119807243347
191.0,0.6257839798927307,0.38063377141952515,0.7883599996566772,0.6028918623924255,0.6241986751556396,0.804179847240448,0.30399033427238464,0.12777887284755707,0.9529062509536743,0.26358291506767273,0.27749893069267273,0.9647702574729919
192.0,0.6210381984710693,0.2708645462989807,0.7940047979354858,0.603536069393158,0.6541585922241211,0.8037241101264954,0.29354527592658997,0.11496806144714355,0.9562980532646179,0.26388365030288696,0.28070035576820374,0.9646913409233093
193.0,0.6312597393989563,0.27408260107040405,0.7847269177436829,0.604181706905365,0.5932461023330688,0.8032838106155396,0.3117982745170593,0.15007804334163666,0.9507858753204346,0.26414597034454346,0.2735888957977295,0.9646221995353699
194.0,0.6291236877441406,0.259003221988678,0.7873260974884033,0.6061342358589172,0.5593193173408508,0.8019170165061951,0.30587238073349,0.12589652836322784,0.9526329040527344,0.2646823525428772,0.2808551788330078,0.9644741415977478
195.0,0.6414281129837036,0.36628836393356323,0.7793972492218018,0.6061615943908691,0.5626730918884277,0.8019824624061584,0.30172914266586304,0.13628853857517242,0.9538313746452332,0.26479798555374146,0.286211222410202,0.9644454717636108
196.0,0.6159003973007202,0.28043505549430847,0.7960467338562012,0.6064360737800598,0.5715060234069824,0.8018180131912231,0.3028644919395447,0.13194400072097778,0.9534935355186462,0.26504871249198914,0.2808014154434204,0.9643788933753967
197.0,0.6027361750602722,0.2750413417816162,0.8043312430381775,0.6074609160423279,0.5698690414428711,0.8011053800582886,0.30513250827789307,0.13673663139343262,0.9531078934669495,0.26545974612236023,0.29360395669937134,0.9642686247825623
198.0,0.6262758374214172,0.37975966930389404,0.7888145446777344,0.6071744561195374,0.5725246071815491,0.8013437986373901,0.30526089668273926,0.13735580444335938,0.9527420997619629,0.2655763030052185,0.2930050492286682,0.9642388224601746
199.0,0.6075263619422913,0.26437753438949585,0.8017018437385559,0.6077110767364502,0.5825609564781189,0.800959050655365,0.3000054657459259,0.13236674666404724,0.9545366764068604,0.2658511996269226,0.2932001054286957,0.9641633033752441
200.0,0.6357420682907104,0.2759230434894562,0.7816829085350037,0.6087931990623474,0.571533203125,0.80021071434021,0.30920353531837463,0.16291716694831848,0.9514514207839966,0.26627057790756226,0.30129846930503845,0.9640501737594604
201.0,0.6159624457359314,0.25504791736602783,0.7938361763954163,0.6097447276115417,0.5675050020217896,0.7995574474334717,0.30644944310188293,0.15785327553749084,0.9521900415420532,0.2666102647781372,0.30013135075569153,0.9639575481414795
202.0,0.62319415807724,0.3058691918849945,0.7914218306541443,0.6096475124359131,0.5683630108833313,0.7996869683265686,0.31125378608703613,0.13334187865257263,0.9507355093955994,0.266706258058548,0.3018125891685486,0.963931143283844
203.0,0.6198175549507141,0.3327205181121826,0.7925649881362915,0.610930323600769,0.5754697322845459,0.7987755537033081,0.3069751560688019,0.15875452756881714,0.952298641204834,0.26709654927253723,0.3051036596298218,0.9638213515281677
204.0,0.623170793056488,0.2649190425872803,0.7918489575386047,0.6117480993270874,0.6065045595169067,0.7982381582260132,0.30835819244384766,0.1406410038471222,0.9518909454345703,0.26738786697387695,0.31450575590133667,0.9637431502342224
205.0,0.612594485282898,0.29212164878845215,0.795233964920044,0.613069474697113,0.611376941204071,0.7973437905311584,0.3003016412258148,0.13491663336753845,0.9541067481040955,0.26782694458961487,0.3223205506801605,0.9636224508285522
206.0,0.6141340732574463,0.30348822474479675,0.7958917021751404,0.6139090061187744,0.612629771232605,0.796800434589386,0.31062543392181396,0.15032942593097687,0.9512367844581604,0.2682146728038788,0.32271823287010193,0.9635162353515625
207.0,0.6183980703353882,0.3369663953781128,0.795340359210968,0.6143744587898254,0.5964148640632629,0.7965383529663086,0.29705607891082764,0.1378115713596344,0.9551378488540649,0.2684328854084015,0.32768023014068604,0.9634585380554199
208.0,0.6174429655075073,0.31386783719062805,0.7950637936592102,0.6148175597190857,0.6056334376335144,0.7962360978126526,0.3015214204788208,0.1236053928732872,0.9543206095695496,0.2687269449234009,0.3401395082473755,0.9633762240409851
209.0,0.6151999831199646,0.3821316361427307,0.7967668175697327,0.616004467010498,0.6032504439353943,0.7954216003417969,0.29816633462905884,0.14675623178482056,0.9550065398216248,0.26909151673316956,0.3318646550178528,0.9632741212844849
210.0,0.6335447430610657,0.32002168893814087,0.7828072905540466,0.617336630821228,0.6042970418930054,0.7945302128791809,0.31592920422554016,0.1828039288520813,0.9495714902877808,0.26954010128974915,0.3397805690765381,0.963151216506958
211.0,0.6312374472618103,0.30436715483665466,0.7867486476898193,0.6176599264144897,0.6000113487243652,0.7943445444107056,0.316912442445755,0.13392134010791779,0.9490729570388794,0.26975321769714355,0.34331393241882324,0.9630941152572632
212.0,0.6408636569976807,0.2983105182647705,0.7757618427276611,0.6182756423950195,0.5983878970146179,0.7939441800117493,0.3083840012550354,0.16884219646453857,0.9518980979919434,0.27003204822540283,0.3333674967288971,0.9630178213119507
213.0,0.6208269000053406,0.30460816621780396,0.78992760181427,0.6182043552398682,0.592718780040741,0.7940192818641663,0.3009118437767029,0.17738644778728485,0.9540674090385437,0.2701157331466675,0.3354155123233795,0.9629952907562256
214.0,0.6467966437339783,0.3595437705516815,0.7746872305870056,0.6188154816627502,0.5940461158752441,0.7935929298400879,0.3169493079185486,0.13503791391849518,0.9489350318908691,0.27030354738235474,0.327962726354599,0.962944746017456
215.0,0.642507016658783,0.3028777241706848,0.7768462300300598,0.6195947527885437,0.5947065949440002,0.7930643558502197,0.30288320779800415,0.1764851063489914,0.9536381959915161,0.2706007659435272,0.344894677400589,0.9628607034683228
216.0,0.6513466835021973,0.310100257396698,0.7720333337783813,0.6196376085281372,0.5947712659835815,0.7930675745010376,0.30850186944007874,0.15245649218559265,0.9516294598579407,0.2707435190677643,0.3356747329235077,0.9628236293792725
217.0,0.6542302966117859,0.40140974521636963,0.7692888975143433,0.6202751398086548,0.592420220375061,0.7926141023635864,0.3264920711517334,0.14825987815856934,0.9460305571556091,0.2710762917995453,0.3608258366584778,0.9627305269241333
218.0,0.6214019060134888,0.2872055172920227,0.7924197316169739,0.6218767166137695,0.5865924954414368,0.7914913892745972,0.31869474053382874,0.15170687437057495,0.9485119581222534,0.27154529094696045,0.3635599613189697,0.9625994563102722
219.0,0.6236960887908936,0.2790094316005707,0.7909836173057556,0.6227445006370544,0.5897934436798096,0.7909477949142456,0.30917084217071533,0.14276593923568726,0.952002763748169,0.2719202935695648,0.3614654541015625,0.962496280670166
220.0,0.6107805371284485,0.28305721282958984,0.799900472164154,0.6239213347434998,0.5908927917480469,0.790147066116333,0.30953145027160645,0.13741229474544525,0.951535165309906,0.27233949303627014,0.37447789311408997,0.9623775482177734
221.0,0.6601719260215759,0.41421008110046387,0.7688546180725098,0.6235921382904053,0.5940344333648682,0.7905005812644958,0.3226649761199951,0.14978791773319244,0.9474580883979797,0.272422730922699,0.37100163102149963,0.962357223033905
222.0,0.6274237036705017,0.2922549247741699,0.7870795130729675,0.6243393421173096,0.5996732711791992,0.7899718880653381,0.30755099654197693,0.1394011378288269,0.9522601366043091,0.27274757623672485,0.37419188022613525,0.9622657299041748
223.0,0.6109408140182495,0.293048620223999,0.799902081489563,0.6253498196601868,0.6075456738471985,0.7892853021621704,0.3003906011581421,0.1464902013540268,0.9546810984611511,0.27312764525413513,0.36885660886764526,0.9621579647064209
224.0,0.6458617448806763,0.3357425630092621,0.7772887945175171,0.6260085105895996,0.6236463785171509,0.7888523936271667,0.31141653656959534,0.1569012850522995,0.9508451223373413,0.2733663320541382,0.3736479878425598,0.9620919227600098
225.0,0.6489173769950867,0.36212897300720215,0.7766088843345642,0.6265982985496521,0.6241676211357117,0.7884352803230286,0.31313028931617737,0.15788909792900085,0.9506932497024536,0.2735562026500702,0.37818053364753723,0.9620377421379089
226.0,0.6389238834381104,0.29357609152793884,0.7794741988182068,0.628387987613678,0.6221936345100403,0.7871845364570618,0.3180333971977234,0.14340689778327942,0.9484654068946838,0.2740328311920166,0.36726999282836914,0.9619022011756897
227.0,0.6421088576316833,0.28642216324806213,0.7785521149635315,0.6281396150588989,0.6349184513092041,0.7874354124069214,0.31008675694465637,0.1375596970319748,0.9514137506484985,0.2740262746810913,0.35221463441848755,0.9619039297103882
228.0,0.6446768641471863,0.34834733605384827,0.775690495967865,0.6290403008460999,0.6354483366012573,0.7867860794067383,0.3003537952899933,0.15712395310401917,0.9546410441398621,0.2743750214576721,0.33717530965805054,0.9618070125579834
229.0,0.65142422914505,0.3373667597770691,0.7721341848373413,0.6289037466049194,0.6322055459022522,0.7869463562965393,0.31338417530059814,0.17576882243156433,0.9500832557678223,0.2744635045528412,0.3401287794113159,0.9617835879325867
230.0,0.6505116820335388,0.357111394405365,0.7775786519050598,0.6297535300254822,0.6390308737754822,0.7863181233406067,0.3126271665096283,0.1291772574186325,0.9512434601783752,0.27478137612342834,0.3443211019039154,0.9616946578025818
231.0,0.6426209211349487,0.2858920991420746,0.7775035500526428,0.6301057934761047,0.6455532908439636,0.7861286997795105,0.31149545311927795,0.15085318684577942,0.9503837823867798,0.275049090385437,0.33696675300598145,0.9616206288337708
232.0,0.6228459477424622,0.36118656396865845,0.7917347550392151,0.6307809352874756,0.6895563006401062,0.785666823387146,0.3005683124065399,0.17650359869003296,0.9545163512229919,0.27528876066207886,0.3395324945449829,0.9615536332130432
233.0,0.6651045083999634,0.3547355532646179,0.7641627192497253,0.6313926577568054,0.6862314343452454,0.7852622866630554,0.31810227036476135,0.15515953302383423,0.948721170425415,0.27558785676956177,0.3405740559101105,0.9614698886871338
234.0,0.6431746482849121,0.28370362520217896,0.7779590487480164,0.6323217153549194,0.6873086094856262,0.7846364974975586,0.3089117705821991,0.1606147587299347,0.9516414999961853,0.27600616216659546,0.3414338231086731,0.9613500833511353
235.0,0.6381015777587891,0.3088202476501465,0.7835240364074707,0.6326878070831299,0.6864539980888367,0.7844357490539551,0.31461575627326965,0.1616378128528595,0.9501543045043945,0.2761699855327606,0.3433002233505249,0.9613069891929626
236.0,0.641400158405304,0.3088339865207672,0.7762690782546997,0.6342780590057373,0.6896732449531555,0.7832707166671753,0.3048485517501831,0.1474241465330124,0.9527775645256042,0.2765512764453888,0.3626217842102051,0.9611968398094177
237.0,0.6576308608055115,0.3357607126235962,0.7729251980781555,0.6337039470672607,0.6744580268859863,0.7837581634521484,0.31510838866233826,0.15493394434452057,0.950002908706665,0.27657759189605713,0.364396333694458,0.961190938949585
238.0,0.6700006127357483,0.4063294529914856,0.7619420289993286,0.6340397000312805,0.6890342235565186,0.7835351824760437,0.32028716802597046,0.14543069899082184,0.9481514692306519,0.27677667140960693,0.3691045045852661,0.9611352682113647
239.0,0.6563165783882141,0.30535346269607544,0.7687543034553528,0.6351178288459778,0.7194682359695435,0.7827222347259521,0.31122681498527527,0.1342168152332306,0.9510331153869629,0.27715054154396057,0.36878111958503723,0.9610291719436646
240.0,0.6430519223213196,0.2729392647743225,0.7810045480728149,0.6359419226646423,0.7231746315956116,0.7821966409683228,0.32185351848602295,0.1578134298324585,0.947376012802124,0.2774185836315155,0.3698943853378296,0.960956871509552
241.0,0.647991418838501,0.28264397382736206,0.7723310589790344,0.636455774307251,0.7398823499679565,0.7818514704704285,0.30896344780921936,0.12542156875133514,0.9518023729324341,0.2776011526584625,0.3694646656513214,0.9609045386314392
242.0,0.6568766832351685,0.31687983870506287,0.7711776494979858,0.637084424495697,0.7393219470977783,0.7814257740974426,0.31559157371520996,0.15005341172218323,0.9500752687454224,0.2777884006500244,0.36863312125205994,0.9608503580093384
243.0,0.6592819690704346,0.3150523900985718,0.7639538049697876,0.6372153162956238,0.7350497245788574,0.7813738584518433,0.3062085509300232,0.14359106123447418,0.9523590803146362,0.27797070145606995,0.37437915802001953,0.9608016014099121
244.0,0.654025673866272,0.35438072681427,0.7732529640197754,0.6384176015853882,0.7434030771255493,0.7804954051971436,0.31466925144195557,0.16814103722572327,0.9502582550048828,0.2782933712005615,0.3489377200603485,0.9607070088386536
245.0,0.651054859161377,0.3105182647705078,0.7723468542098999,0.6387767195701599,0.7467573881149292,0.7803025841712952,0.3130834102630615,0.18949851393699646,0.9505237340927124,0.2784774899482727,0.3265014886856079,0.9606548547744751
246.0,0.6361039280891418,0.2756468653678894,0.781671941280365,0.6404159665107727,0.7226858139038086,0.7791168093681335,0.31980326771736145,0.16304448246955872,0.9485419392585754,0.27890706062316895,0.3335186541080475,0.9605324268341064
247.0,0.6781558990478516,0.2903901934623718,0.7574372887611389,0.6406545639038086,0.7098861932754517,0.7790314555168152,0.3334284722805023,0.19852419197559357,0.943668782711029,0.2790778577327728,0.34106558561325073,0.9604864716529846
248.0,0.651168942451477,0.3748682141304016,0.7732798457145691,0.641395092010498,0.7182551026344299,0.7785366177558899,0.3193361461162567,0.14180120825767517,0.9481237530708313,0.2794038653373718,0.3439660966396332,0.9603945016860962
249.0,0.648047924041748,0.2971249222755432,0.7774674892425537,0.6421838402748108,0.6990584135055542,0.7779881358146667,0.312916100025177,0.14538274705410004,0.951278805732727,0.2797151505947113,0.33680057525634766,0.9603061676025391
250.0,0.6478365659713745,0.2801342308521271,0.7734493017196655,0.6427314877510071,0.7291563153266907,0.7776499390602112,0.32209235429763794,0.1521005481481552,0.9475477933883667,0.27995333075523376,0.3383638560771942,0.9602405428886414
251.0,0.6425319910049438,0.35899847745895386,0.7797107100486755,0.6436865925788879,0.7361277937889099,0.7769851088523865,0.30808982253074646,0.1670457422733307,0.9518976211547852,0.2803620398044586,0.33516210317611694,0.9601249098777771
252.0,0.6631031632423401,0.4234340786933899,0.7656317949295044,0.6437857151031494,0.7348369359970093,0.7769293189048767,0.3178258538246155,0.15489569306373596,0.9490075707435608,0.2805333137512207,0.34195804595947266,0.9600762128829956
253.0,0.6653087735176086,0.4112589955329895,0.7629228830337524,0.6445935368537903,0.7349626421928406,0.7763859033584595,0.3215728998184204,0.19415733218193054,0.9472991228103638,0.28094980120658875,0.3226531147956848,0.9599553346633911
254.0,0.6685476899147034,0.3428131937980652,0.761496901512146,0.6453855037689209,0.7352756857872009,0.7758147120475769,0.32321879267692566,0.15578237175941467,0.9472779035568237,0.2812708020210266,0.32104766368865967,0.9598605632781982
255.0,0.6842681169509888,0.36690086126327515,0.7530468702316284,0.6460767984390259,0.7271192073822021,0.7753769755363464,0.321760356426239,0.16469982266426086,0.9478952884674072,0.281549870967865,0.3303382098674774,0.9597823023796082
256.0,0.6840369701385498,0.3673003911972046,0.7474572658538818,0.6465960144996643,0.7452957034111023,0.7750627398490906,0.32863911986351013,0.16129432618618011,0.9454095363616943,0.2818739414215088,0.33076271414756775,0.9596901535987854
257.0,0.6553770303726196,0.3322402834892273,0.7689754366874695,0.64658123254776,0.7439775466918945,0.7751035690307617,0.3136235773563385,0.15074633061885834,0.9502499103546143,0.28191131353378296,0.33705076575279236,0.9596811532974243
258.0,0.6624589562416077,0.33953940868377686,0.7654199600219727,0.6469942927360535,0.7607734203338623,0.7747940421104431,0.3125082850456238,0.15355485677719116,0.9508635401725769,0.2821865379810333,0.3373534679412842,0.9596019387245178
259.0,0.6835940480232239,0.4242870509624481,0.7514063119888306,0.6475037932395935,0.7616659998893738,0.774455189704895,0.3256177008152008,0.1584050953388214,0.946203887462616,0.28244921565055847,0.33896297216415405,0.9595238566398621
260.0,0.6615760326385498,0.3498848080635071,0.7650352120399475,0.648432195186615,0.7610862255096436,0.7738102078437805,0.31871625781059265,0.17142416536808014,0.9493343234062195,0.2826836109161377,0.33926379680633545,0.9594581723213196
261.0,0.6430857181549072,0.365550696849823,0.7796156406402588,0.6484088897705078,0.760491669178009,0.7739067077636719,0.31873035430908203,0.1557609587907791,0.9482995271682739,0.28276628255844116,0.3394271731376648,0.9594331979751587
262.0,0.6602368950843811,0.36922937631607056,0.7651230096817017,0.6491386294364929,0.7581745386123657,0.7733626365661621,0.31567421555519104,0.17128030955791473,0.9496438503265381,0.28304946422576904,0.33886533975601196,0.9593503475189209
263.0,0.6719664931297302,0.37085750699043274,0.7536230683326721,0.6492648124694824,0.7582263946533203,0.7732968330383301,0.31969916820526123,0.1791263073682785,0.948332667350769,0.283131867647171,0.3378061354160309,0.9593267440795898
264.0,0.6589118242263794,0.3119674324989319,0.7666199803352356,0.6499658823013306,0.7289259433746338,0.7727240920066833,0.3160351812839508,0.13584530353546143,0.9495067596435547,0.28331297636032104,0.3496687710285187,0.9592709541320801
265.0,0.6722319722175598,0.3516002893447876,0.7564945816993713,0.65068519115448,0.7593936920166016,0.7722296118736267,0.3235855996608734,0.1650422215461731,0.9467227458953857,0.2835363447666168,0.37768474221229553,0.9592063426971436
266.0,0.683110237121582,0.33656638860702515,0.7485780119895935,0.6513077616691589,0.7577756643295288,0.7718190550804138,0.3321862816810608,0.16234475374221802,0.943801760673523,0.28377604484558105,0.38020041584968567,0.959136426448822
267.0,0.6656715869903564,0.3021492063999176,0.761870801448822,0.652185320854187,0.7407927513122559,0.7711923122406006,0.31383705139160156,0.1515725553035736,0.9502735137939453,0.2840462625026703,0.3825029134750366,0.9590567350387573
268.0,0.6731239557266235,0.4247514307498932,0.7568538188934326,0.652773916721344,0.7572790384292603,0.7708170413970947,0.3246139883995056,0.15133190155029297,0.946851909160614,0.28418418765068054,0.3612028956413269,0.9590172171592712
269.0,0.6330007910728455,0.31418609619140625,0.7838811278343201,0.6531838774681091,0.7588100433349609,0.7705305814743042,0.30586695671081543,0.15670046210289001,0.9526916742324829,0.28438347578048706,0.36376601457595825,0.9589594602584839
270.0,0.6423815488815308,0.30174848437309265,0.7774587273597717,0.6541451811790466,0.7506303787231445,0.7698245048522949,0.3146211802959442,0.15254129469394684,0.9498527646064758,0.28465259075164795,0.3682079017162323,0.9588824510574341
271.0,0.6753606200218201,0.3053075969219208,0.752182126045227,0.6538563370704651,0.7454582452774048,0.7701365351676941,0.31531813740730286,0.1577533483505249,0.9495931267738342,0.2846822738647461,0.3674922585487366,0.9588757157325745
272.0,0.6542924642562866,0.3433226943016052,0.7702060341835022,0.6555349826812744,0.7462458610534668,0.7688252329826355,0.3115712106227875,0.15299497544765472,0.9510385394096375,0.28511011600494385,0.37468641996383667,0.9587457180023193
273.0,0.6806561350822449,0.35180339217185974,0.7530468106269836,0.6560407280921936,0.7536764144897461,0.7685257792472839,0.32818010449409485,0.1712886095046997,0.9457399249076843,0.2853652834892273,0.3905174136161804,0.9586701989173889
274.0,0.6746378540992737,0.3553580045700073,0.7546666860580444,0.6563202142715454,0.7441706657409668,0.7683601975440979,0.3227536678314209,0.16361427307128906,0.947547972202301,0.2855566143989563,0.39104411005973816,0.9586148262023926
275.0,0.6735169291496277,0.3346059322357178,0.7532864809036255,0.656856119632721,0.7501744627952576,0.7679880857467651,0.3146599233150482,0.1612786203622818,0.9499294757843018,0.28575125336647034,0.38986432552337646,0.9585581421852112
276.0,0.6771038770675659,0.33836817741394043,0.7543925642967224,0.6575640439987183,0.7457380890846252,0.7674835324287415,0.3226567804813385,0.14437617361545563,0.9476525783538818,0.2860569953918457,0.3892468810081482,0.9584685564041138
277.0,0.6608598828315735,0.30671384930610657,0.7673107385635376,0.6583918333053589,0.7470029592514038,0.7669044137001038,0.3235536217689514,0.14385715126991272,0.9470083713531494,0.2862827479839325,0.39767172932624817,0.9584020376205444
278.0,0.6720977425575256,0.36284565925598145,0.7581445574760437,0.6590801477432251,0.7473541498184204,0.7664206027984619,0.31696903705596924,0.18084989488124847,0.9490582346916199,0.28652364015579224,0.39957278966903687,0.9583286046981812
279.0,0.6663237810134888,0.3390533924102783,0.7628679871559143,0.6595975756645203,0.7449030876159668,0.7661161422729492,0.32751938700675964,0.15187129378318787,0.9456824660301208,0.2867579162120819,0.3994485139846802,0.9582625031471252
280.0,0.6777746081352234,0.35884425044059753,0.7565270662307739,0.6594653129577637,0.7437896728515625,0.7662714123725891,0.3289474546909332,0.21176785230636597,0.9458797574043274,0.2868192493915558,0.3950566351413727,0.9582473039627075
281.0,0.6708824038505554,0.3063250482082367,0.7591662406921387,0.6597141027450562,0.7429741621017456,0.7660877108573914,0.32605648040771484,0.16405445337295532,0.9461502432823181,0.28684160113334656,0.40020179748535156,0.9582416415214539
282.0,0.6632698774337769,0.30344876646995544,0.7657009959220886,0.6606384515762329,0.7445549964904785,0.7653611898422241,0.3220050632953644,0.16017338633537292,0.947418749332428,0.28714752197265625,0.405312180519104,0.9581491351127625
283.0,0.6674553751945496,0.3241950273513794,0.7615072727203369,0.6610450744628906,0.7431461811065674,0.7650721073150635,0.3190039396286011,0.15463441610336304,0.9482226371765137,0.2873447835445404,0.4009075462818146,0.9580907225608826
284.0,0.6682236790657043,0.33923909068107605,0.7616853713989258,0.6615062355995178,0.7685540914535522,0.7647740244865417,0.3179038465023041,0.15107743442058563,0.9489928483963013,0.2876126766204834,0.3987741470336914,0.9580132365226746
285.0,0.6906418204307556,0.3533438742160797,0.7446739673614502,0.6627572178840637,0.7440764904022217,0.7638503313064575,0.3252217173576355,0.13752904534339905,0.9464844465255737,0.28798598051071167,0.3982556164264679,0.9578982591629028
286.0,0.6684126257896423,0.33610689640045166,0.7578793168067932,0.6627637147903442,0.7562261819839478,0.7639337182044983,0.32198581099510193,0.18095780909061432,0.9478036165237427,0.28819140791893005,0.399761438369751,0.9578402638435364
287.0,0.6488213539123535,0.3278689980506897,0.774776041507721,0.6632020473480225,0.7623277902603149,0.7636058330535889,0.3173538148403168,0.1483231782913208,0.9489586353302002,0.28836843371391296,0.39949116110801697,0.9577898383140564
288.0,0.6881784796714783,0.33953559398651123,0.7457090020179749,0.6637186408042908,0.7595164179801941,0.7632697224617004,0.33167344331741333,0.2240721434354782,0.9443401098251343,0.28851452469825745,0.3976253867149353,0.9577489495277405
289.0,0.6828957200050354,0.3513522148132324,0.75327467918396,0.6638678312301636,0.7455379366874695,0.7632192373275757,0.3290640413761139,0.15387243032455444,0.9452505707740784,0.28857189416885376,0.3823361396789551,0.9577332139015198
290.0,0.6765861511230469,0.4247441291809082,0.759798526763916,0.6650584936141968,0.7391641736030579,0.76227205991745,0.3217083215713501,0.1614571511745453,0.9478141069412231,0.28903356194496155,0.384933739900589,0.9575903415679932
291.0,0.6933209896087646,0.3600602149963379,0.7431934475898743,0.6660774350166321,0.7382547855377197,0.7615672945976257,0.3193393647670746,0.16979549825191498,0.9479974508285522,0.2894684970378876,0.38854163885116577,0.957463800907135
292.0,0.6628599166870117,0.3961625099182129,0.7614662647247314,0.6667352318763733,0.7315825819969177,0.7610951066017151,0.3211152255535126,0.16106867790222168,0.9480887055397034,0.289779394865036,0.38553333282470703,0.957370400428772
293.0,0.6600503325462341,0.43169522285461426,0.7650594711303711,0.667255163192749,0.7179365754127502,0.7608097791671753,0.3173515796661377,0.15690487623214722,0.9492378234863281,0.29001015424728394,0.3836110830307007,0.9573014378547668
294.0,0.6960898637771606,0.329332172870636,0.7443736791610718,0.6673638224601746,0.7217214107513428,0.7607517838478088,0.3310515582561493,0.17039147019386292,0.9446892142295837,0.2901298403739929,0.3838047385215759,0.9572677612304688
295.0,0.6728532910346985,0.33401957154273987,0.7587805390357971,0.6681488156318665,0.7203273177146912,0.7601656913757324,0.32603374123573303,0.16723108291625977,0.9468088150024414,0.29046154022216797,0.4014841616153717,0.9571692943572998
296.0,0.7039755582809448,0.3652012348175049,0.7327943444252014,0.6687408089637756,0.715968132019043,0.7598033547401428,0.33437463641166687,0.15506678819656372,0.9430697560310364,0.2906734049320221,0.39466553926467896,0.9571064710617065
297.0,0.6825372576713562,0.33031022548675537,0.7567495107650757,0.6688953042030334,0.7205204367637634,0.7597447037696838,0.3304775655269623,0.14180569350719452,0.9447810649871826,0.290858656167984,0.40747928619384766,0.9570527672767639
298.0,0.6823391914367676,0.3410654664039612,0.7466395497322083,0.6703852415084839,0.7229422330856323,0.7585901618003845,0.3260115087032318,0.1450420767068863,0.9466317892074585,0.29124364256858826,0.4132055342197418,0.9569372534751892
299.0,0.6771830320358276,0.3762584626674652,0.7567180395126343,0.6702892780303955,0.7132571935653687,0.7587489485740662,0.325009822845459,0.14712777733802795,0.9467442631721497,0.2913340628147125,0.4126056432723999,0.9569138288497925
300.0,0.6624119281768799,0.33987686038017273,0.7646694183349609,0.6705511212348938,0.7144129276275635,0.7585866451263428,0.31302666664123535,0.15518838167190552,0.9508315920829773,0.29150083661079407,0.4086153507232666,0.9568645358085632
301.0,0.6606244444847107,0.3791652321815491,0.7643667459487915,0.671389639377594,0.714090883731842,0.7579831480979919,0.32676708698272705,0.19233568012714386,0.9464951753616333,0.29178059101104736,0.4087154269218445,0.9567795991897583
302.0,0.6677148342132568,0.342434287071228,0.760322630405426,0.6719390153884888,0.7254530787467957,0.7576205134391785,0.32229548692703247,0.19321541488170624,0.9476418495178223,0.2919943630695343,0.40977734327316284,0.9567192196846008
303.0,0.6782223582267761,0.34791067242622375,0.7540343999862671,0.672336220741272,0.7016153335571289,0.7573811411857605,0.3248593807220459,0.14882242679595947,0.9464500546455383,0.29217076301574707,0.41863584518432617,0.9566689729690552
304.0,0.670674204826355,0.3167576789855957,0.75516676902771,0.673499584197998,0.7053862810134888,0.756499707698822,0.3214603662490845,0.17172987759113312,0.9475162029266357,0.29256993532180786,0.4132770895957947,0.9565480947494507
305.0,0.6805669069290161,0.3582514524459839,0.750461995601654,0.6742602586746216,0.7345808148384094,0.7559834122657776,0.3329276740550995,0.18440350890159607,0.9435364007949829,0.2928018867969513,0.41296786069869995,0.9564786553382874
306.0,0.6861233115196228,0.3209000825881958,0.7473588585853577,0.6744377017021179,0.7251676321029663,0.755918025970459,0.33017054200172424,0.2261335253715515,0.9447702765464783,0.2929142117500305,0.4141002297401428,0.9564447999000549
307.0,0.7001951336860657,0.3340942859649658,0.73665452003479,0.6749430298805237,0.7832105755805969,0.7555354833602905,0.3285132348537445,0.16279514133930206,0.9456049203872681,0.2931249141693115,0.4149135947227478,0.9563762545585632
308.0,0.6947043538093567,0.3336074948310852,0.744519829750061,0.6760076284408569,0.7836788892745972,0.7547317147254944,0.3392374515533447,0.1633472740650177,0.9417809247970581,0.29341602325439453,0.4038110077381134,0.9562897086143494
309.0,0.6987760663032532,0.31972837448120117,0.7445456981658936,0.6762672662734985,0.7834222316741943,0.7546650171279907,0.3365386724472046,0.15072810649871826,0.9432083964347839,0.2935689091682434,0.4150336980819702,0.956245481967926
310.0,0.6662521362304688,0.28944268822669983,0.7675577402114868,0.6770253777503967,0.7737884521484375,0.7540873289108276,0.3305678963661194,0.14794132113456726,0.9449852108955383,0.29384762048721313,0.4211708903312683,0.9561592936515808
311.0,0.685749888420105,0.3511746823787689,0.7521737813949585,0.6772283315658569,0.7645238637924194,0.7539870738983154,0.32952043414115906,0.15536293387413025,0.9459158182144165,0.29387167096138,0.4323546886444092,0.9561543464660645
312.0,0.6801928281784058,0.37283945083618164,0.7519619464874268,0.6776226758956909,0.7665755152702332,0.7537302374839783,0.3264853060245514,0.16339612007141113,0.9459921717643738,0.29404574632644653,0.42538273334503174,0.9561036229133606
313.0,0.7220112085342407,0.3500756323337555,0.7222919464111328,0.6782470345497131,0.8121737241744995,0.7532258629798889,0.33239224553108215,0.17409570515155792,0.943874716758728,0.29431799054145813,0.42412036657333374,0.9560171961784363
314.0,0.7158626317977905,0.481741726398468,0.7247793674468994,0.6784288287162781,0.7954020500183105,0.7530995607376099,0.33624500036239624,0.15867851674556732,0.942446768283844,0.29438015818595886,0.4408020079135895,0.955997109413147
315.0,0.7165462374687195,0.34203463792800903,0.7294718027114868,0.6791733503341675,0.7680865526199341,0.7525702714920044,0.3359029293060303,0.17129278182983398,0.9433579444885254,0.29455187916755676,0.44107502698898315,0.9559444785118103
316.0,0.7012900710105896,0.3544160723686218,0.7378395795822144,0.6794660687446594,0.7670179605484009,0.7523608803749084,0.3267837166786194,0.1703627109527588,0.9458301067352295,0.29466044902801514,0.44506868720054626,0.9559129476547241
317.0,0.6861489415168762,0.358551025390625,0.7492578625679016,0.679828941822052,0.7584888935089111,0.7521183490753174,0.32862409949302673,0.1558060646057129,0.9452764391899109,0.2948935031890869,0.4419466257095337,0.9558449983596802
318.0,0.6972078680992126,0.3292682468891144,0.7410997748374939,0.6803925037384033,0.7673633694648743,0.7517163157463074,0.33622291684150696,0.16234855353832245,0.9427955150604248,0.29505228996276855,0.44266483187675476,0.9557962417602539
319.0,0.7163736820220947,0.32671546936035156,0.7311602830886841,0.680774986743927,0.7733438014984131,0.7514698505401611,0.3428516685962677,0.17845559120178223,0.9410601854324341,0.2952655851840973,0.4292674660682678,0.955735445022583
320.0,0.7017777562141418,0.350852906703949,0.7364442348480225,0.6813406348228455,0.7743852734565735,0.7510469555854797,0.3325594663619995,0.1754278540611267,0.9444028735160828,0.29549962282180786,0.4241914451122284,0.9556663632392883
321.0,0.6916940808296204,0.37496253848075867,0.7393905520439148,0.6814041137695312,0.7873813509941101,0.7510684132575989,0.324993759393692,0.1790696382522583,0.9466701745986938,0.29561716318130493,0.41095834970474243,0.9556329250335693
322.0,0.6688594818115234,0.3067479133605957,0.7646784782409668,0.6818008422851562,0.7835754156112671,0.7508218288421631,0.3160000741481781,0.16311845183372498,0.9494296908378601,0.2956852614879608,0.38674426078796387,0.9556130766868591
323.0,0.7045925855636597,0.37926584482192993,0.7340346574783325,0.6821451783180237,0.7898286581039429,0.7505592703819275,0.32444724440574646,0.16707786917686462,0.9465157389640808,0.2958182096481323,0.38520973920822144,0.9555736780166626
324.0,0.6930348873138428,0.34619835019111633,0.7445357441902161,0.682854413986206,0.7961087226867676,0.7500419020652771,0.3313312828540802,0.15071572363376617,0.9450795650482178,0.2960013747215271,0.36117345094680786,0.9555152654647827
325.0,0.7097508311271667,0.363582968711853,0.7297400832176208,0.6835066676139832,0.8440276980400085,0.7495652437210083,0.3315832018852234,0.16419246792793274,0.9440792202949524,0.296261727809906,0.36273860931396484,0.9554350972175598
326.0,0.7023136019706726,0.41088438034057617,0.7338765859603882,0.6839919686317444,0.8531059622764587,0.7492626905441284,0.3317713141441345,0.17624984681606293,0.944361686706543,0.2963862717151642,0.3636046350002289,0.9553980231285095
327.0,0.6931998133659363,0.35468199849128723,0.7423015236854553,0.6839492321014404,0.8713934421539307,0.7493739724159241,0.3200904130935669,0.1624242216348648,0.9483307600021362,0.29649806022644043,0.35992956161499023,0.9553667306900024
328.0,0.6948975324630737,0.38374781608581543,0.7425279021263123,0.6849948763847351,0.8359692096710205,0.7485582828521729,0.3385255038738251,0.18418075144290924,0.9421041011810303,0.29669389128685,0.36616358160972595,0.9553036689758301
329.0,0.6945857405662537,0.3445741534233093,0.7373980283737183,0.6852631568908691,0.8324846029281616,0.7484620213508606,0.32788631319999695,0.14980511367321014,0.9453637599945068,0.2968047559261322,0.36151567101478577,0.9552707672119141
330.0,0.7034509181976318,0.3576200008392334,0.7354614734649658,0.6851446628570557,0.8399298191070557,0.7485636472702026,0.3450433909893036,0.15671493113040924,0.939410388469696,0.2967713177204132,0.36159467697143555,0.9552822709083557
331.0,0.6863369941711426,0.38657158613204956,0.7473539113998413,0.6854563355445862,0.9010258316993713,0.7483026385307312,0.3353179395198822,0.16871947050094604,0.9433035850524902,0.2968932092189789,0.35833993554115295,0.9552485942840576
332.0,0.6930385828018188,0.38427287340164185,0.7451217770576477,0.6858041882514954,0.8997981548309326,0.747998833656311,0.3224950432777405,0.17524661123752594,0.9472660422325134,0.29699385166168213,0.3456723392009735,0.9552175998687744
333.0,0.7035925984382629,0.3115905821323395,0.7348995208740234,0.6868730187416077,0.9089007377624512,0.7472426295280457,0.3313065767288208,0.2189856618642807,0.9446605443954468,0.2973537743091583,0.3652481436729431,0.9551067352294922
334.0,0.6849099397659302,0.33164116740226746,0.7509921789169312,0.6872250437736511,0.9073507785797119,0.7470329403877258,0.33064576983451843,0.17567063868045807,0.9460232853889465,0.2974860370159149,0.36790531873703003,0.9550682902336121
335.0,0.6956570744514465,0.4116601347923279,0.7428389191627502,0.687557578086853,0.9069372415542603,0.7468702793121338,0.3319345712661743,0.19427286088466644,0.9445193409919739,0.29754024744033813,0.3704332709312439,0.9550535678863525
336.0,0.6963503956794739,0.479275643825531,0.7393925189971924,0.6878368258476257,0.8979551196098328,0.7466689944267273,0.3294126093387604,0.1586291342973709,0.9449834227561951,0.29766562581062317,0.38534924387931824,0.955016016960144
337.0,0.7089864611625671,0.3985512852668762,0.7319597601890564,0.688642680644989,0.910580039024353,0.7460563778877258,0.33150714635849,0.19867685437202454,0.9440824389457703,0.2980053126811981,0.3626410961151123,0.9549116492271423
338.0,0.6814202666282654,0.3740597367286682,0.7529222369194031,0.6882864236831665,0.8971271514892578,0.7463916540145874,0.32623621821403503,0.15809282660484314,0.946260392665863,0.2978665232658386,0.35069358348846436,0.9549556374549866
339.0,0.6921035051345825,0.36383211612701416,0.7429614067077637,0.6890386343002319,0.884540319442749,0.7458065748214722,0.3249072730541229,0.16386185586452484,0.9463711977005005,0.2980305850505829,0.3467748463153839,0.9549081325531006
340.0,0.6989702582359314,0.3542976379394531,0.74052494764328,0.6898751854896545,0.8850812911987305,0.7451719641685486,0.3279430568218231,0.16886240243911743,0.9454867839813232,0.2981836497783661,0.36562493443489075,0.9548619389533997
341.0,0.7118973731994629,0.39785027503967285,0.731276273727417,0.6900051832199097,0.8843564987182617,0.7450819611549377,0.33854275941848755,0.1822359412908554,0.9419377446174622,0.29825201630592346,0.36990365386009216,0.9548401236534119
342.0,0.6900933980941772,0.3769451975822449,0.7466070652008057,0.6912464499473572,0.8909538984298706,0.7441626191139221,0.3237588107585907,0.147344708442688,0.9468084573745728,0.2986660301685333,0.36979466676712036,0.9547128677368164
343.0,0.7081431150436401,0.32389336824417114,0.7329204082489014,0.6915158033370972,0.9138550162315369,0.7440479397773743,0.33522841334342957,0.1665131151676178,0.9433400630950928,0.2988494634628296,0.3697676956653595,0.9546582102775574
344.0,0.7154482007026672,0.38383328914642334,0.732733964920044,0.6919897198677063,0.9023427963256836,0.7436991930007935,0.3354443311691284,0.17732930183410645,0.9425838589668274,0.29899832606315613,0.3888540267944336,0.9546119570732117
345.0,0.7065401077270508,0.3488551378250122,0.7313821911811829,0.6931588053703308,0.9105589389801025,0.7428364157676697,0.33815646171569824,0.15809649229049683,0.9426206946372986,0.29936450719833374,0.3940790295600891,0.954499363899231
346.0,0.7248622179031372,0.3565096855163574,0.7224829792976379,0.6931430697441101,0.91005539894104,0.7429611682891846,0.34140124917030334,0.1534254252910614,0.941597580909729,0.2994219660758972,0.37861359119415283,0.9544826149940491
347.0,0.7114717364311218,0.29905152320861816,0.7309834361076355,0.693666398525238,0.9049471020698547,0.7425903677940369,0.3291396200656891,0.16485604643821716,0.9454582929611206,0.2996256649494171,0.3896997570991516,0.9544211030006409
348.0,0.7243353128433228,0.3881078362464905,0.7212595343589783,0.693499743938446,0.9034698605537415,0.7428176999092102,0.3310242295265198,0.1961296945810318,0.9445262551307678,0.2997070550918579,0.38777464628219604,0.9543978571891785
349.0,0.6868720650672913,0.3180527091026306,0.7481350302696228,0.6942854523658752,0.9013481736183167,0.7421977519989014,0.3376082479953766,0.19522243738174438,0.9423091411590576,0.29996436834335327,0.387068510055542,0.9543195366859436
350.0,0.7129805684089661,0.4512840807437897,0.7328214049339294,0.6946976184844971,0.8942935466766357,0.7419595122337341,0.33132320642471313,0.20449569821357727,0.9448103904724121,0.300199955701828,0.4090692102909088,0.9542473554611206
351.0,0.7010097503662109,0.3475198745727539,0.735771894454956,0.6949658989906311,0.88813316822052,0.7417998313903809,0.32625383138656616,0.16347424685955048,0.9458305835723877,0.3002682328224182,0.40701931715011597,0.9542260766029358
352.0,0.7014153599739075,0.43032002449035645,0.7355569005012512,0.6959773302078247,0.9251010417938232,0.7410160899162292,0.3390849530696869,0.18803918361663818,0.9420529007911682,0.30063629150390625,0.4019801616668701,0.9541139602661133
353.0,0.7026993632316589,0.3730006217956543,0.7356765866279602,0.6956714391708374,0.8983139991760254,0.7413458824157715,0.32463666796684265,0.1519440859556198,0.9466227293014526,0.3005530536174774,0.40171974897384644,0.9541428685188293
354.0,0.6779016256332397,0.3969746232032776,0.7512182593345642,0.6965770721435547,0.8996154069900513,0.7406823635101318,0.325735867023468,0.2020147293806076,0.945996880531311,0.30090704560279846,0.4106508195400238,0.9540348052978516
355.0,0.7143542170524597,0.34955012798309326,0.7251570820808411,0.6973061561584473,0.9007577896118164,0.7402157783508301,0.33490023016929626,0.18703676760196686,0.9430100917816162,0.3011748492717743,0.40901461243629456,0.9539567828178406
356.0,0.7167107462882996,0.36376142501831055,0.731187641620636,0.6974722743034363,0.9029339551925659,0.740175724029541,0.3419352173805237,0.19463926553726196,0.9409952163696289,0.3012428283691406,0.4054957628250122,0.9539384245872498
357.0,0.7002847790718079,0.36923736333847046,0.7372790575027466,0.6978106498718262,0.8820886611938477,0.7399201393127441,0.3342726230621338,0.19506992399692535,0.9432850480079651,0.30131882429122925,0.39466410875320435,0.9539174437522888
358.0,0.7228097319602966,0.41746920347213745,0.722690999507904,0.698607861995697,0.8801706433296204,0.7393196225166321,0.34129422903060913,0.17090976238250732,0.9411264657974243,0.3015185296535492,0.410841166973114,0.9538543224334717
359.0,0.727899968624115,0.3864448368549347,0.717149019241333,0.6989926099777222,0.8774604797363281,0.7391147017478943,0.3326694369316101,0.19012831151485443,0.9444088935852051,0.30163663625717163,0.40484189987182617,0.9538190960884094
360.0,0.7430496215820312,0.4350654184818268,0.704239010810852,0.6989344954490662,0.8863022327423096,0.7392403483390808,0.3344270884990692,0.1869959831237793,0.9430234432220459,0.30171066522598267,0.3883886933326721,0.95379638671875
361.0,0.7126006484031677,0.3802686035633087,0.7297419905662537,0.6998131275177002,0.8856829404830933,0.7385744452476501,0.33797624707221985,0.17788635194301605,0.9423262476921082,0.30192452669143677,0.3653261065483093,0.9537263512611389
362.0,0.7002518177032471,0.3439787030220032,0.7394509315490723,0.700016975402832,0.8853633999824524,0.7385251522064209,0.3323405683040619,0.19683364033699036,0.9442117214202881,0.30199921131134033,0.36607086658477783,0.9537068009376526
363.0,0.7032498717308044,0.4609002470970154,0.7332679629325867,0.7003403306007385,0.8945165872573853,0.7383207082748413,0.32379329204559326,0.18748509883880615,0.946941077709198,0.30210405588150024,0.35847997665405273,0.9536736011505127
364.0,0.723131000995636,0.35527560114860535,0.7166032791137695,0.7003626823425293,0.8989052176475525,0.738349199295044,0.3383963704109192,0.18445351719856262,0.9426077604293823,0.3021512031555176,0.36376044154167175,0.953658938407898
365.0,0.7309044599533081,0.3395629823207855,0.7163530588150024,0.700410008430481,0.8954034447669983,0.7383494973182678,0.3368719518184662,0.17882110178470612,0.9425641298294067,0.30224189162254333,0.36249974370002747,0.9536351561546326
366.0,0.7124744653701782,0.3593895137310028,0.7299432754516602,0.7015200257301331,0.8717376589775085,0.7375008463859558,0.3419222831726074,0.16010314226150513,0.9405321478843689,0.30250200629234314,0.3636501729488373,0.9535558223724365
367.0,0.71187824010849,0.38892459869384766,0.733928382396698,0.7020933628082275,0.8868310451507568,0.737122654914856,0.3376065492630005,0.17644314467906952,0.9423100352287292,0.30273428559303284,0.37324970960617065,0.9534832835197449
368.0,0.7335731387138367,0.34067556262016296,0.7226818203926086,0.7022120952606201,0.8676259517669678,0.7371385097503662,0.3331359326839447,0.19660475850105286,0.9443639516830444,0.3028722107410431,0.38539034128189087,0.953443706035614
369.0,0.7261627912521362,0.46384650468826294,0.7214721441268921,0.7024370431900024,0.8732054829597473,0.7370027303695679,0.33979278802871704,0.17210353910923004,0.9417597055435181,0.30299362540245056,0.3940475285053253,0.9534105062484741
370.0,0.7239859104156494,0.3755386471748352,0.71636962890625,0.7028128504753113,0.8811856508255005,0.7367277145385742,0.3421919643878937,0.1502417027950287,0.9403409957885742,0.30316799879074097,0.36893171072006226,0.9533548951148987
371.0,0.6982488632202148,0.3497558832168579,0.7392287850379944,0.7027795314788818,0.8837878704071045,0.736817479133606,0.3298201858997345,0.1641721874475479,0.9448241591453552,0.30321574211120605,0.3691346049308777,0.9533389210700989
372.0,0.7061965465545654,0.33252406120300293,0.7327070832252502,0.7037246823310852,0.884645938873291,0.7360327243804932,0.33724021911621094,0.21810904145240784,0.9424245357513428,0.3034549057483673,0.374762624502182,0.9532613158226013
373.0,0.7103090882301331,0.42572373151779175,0.7340579032897949,0.7041354179382324,0.9002227783203125,0.7357971668243408,0.32454246282577515,0.16376157104969025,0.9466091394424438,0.3035772442817688,0.37331104278564453,0.9532267451286316
374.0,0.7281038761138916,0.39118316769599915,0.7199532389640808,0.7046821117401123,0.8425220847129822,0.735413670539856,0.3323240578174591,0.15413515269756317,0.9442347884178162,0.3038095235824585,0.39205896854400635,0.9531545639038086
375.0,0.7156405448913574,0.36550256609916687,0.7309176921844482,0.7060786485671997,0.8519638776779175,0.7343662977218628,0.3384377062320709,0.17862311005592346,0.9421795010566711,0.304243266582489,0.3908211588859558,0.9530191421508789
376.0,0.7065195441246033,0.3879075348377228,0.7389018535614014,0.7063404321670532,0.8518712520599365,0.7343055009841919,0.3377751111984253,0.20799170434474945,0.942501425743103,0.3043452501296997,0.3919338881969452,0.9529897570610046
377.0,0.7128250002861023,0.3715207278728485,0.7284206748008728,0.7073318362236023,0.8460195064544678,0.733570396900177,0.332660436630249,0.17963962256908417,0.9440206289291382,0.3046336770057678,0.40792223811149597,0.9528979659080505
378.0,0.7037233114242554,0.4640118479728699,0.7372441291809082,0.7075319290161133,0.8417772054672241,0.7335548400878906,0.33410435914993286,0.1767229437828064,0.9441889524459839,0.3048034906387329,0.4094489514827728,0.9528481960296631
379.0,0.7355102300643921,0.43043631315231323,0.7141088843345642,0.7082602381706238,0.8479769825935364,0.732961893081665,0.35200735926628113,0.19104032218456268,0.9376477003097534,0.3050016462802887,0.4127531945705414,0.9527866244316101
380.0,0.729889988899231,0.442104309797287,0.7143184542655945,0.7081971764564514,0.8453059196472168,0.7330932021141052,0.33991739153862,0.1794481873512268,0.9416363835334778,0.3050641119480133,0.41843757033348083,0.9527680277824402
381.0,0.727057933807373,0.41577279567718506,0.7194417715072632,0.7091209888458252,0.8372568488121033,0.7323657274246216,0.33770057559013367,0.16996830701828003,0.9423990249633789,0.30532655119895935,0.41803228855133057,0.9526856541633606
382.0,0.713370144367218,0.4042402505874634,0.7320218682289124,0.7090864777565002,0.8337643146514893,0.732491135597229,0.3316501975059509,0.19636967778205872,0.94498610496521,0.30535563826560974,0.4139709174633026,0.9526782035827637
383.0,0.7046969532966614,0.3596372604370117,0.7330734133720398,0.709896445274353,0.8760926723480225,0.7318977117538452,0.33230653405189514,0.1909433901309967,0.9444746375083923,0.30550068616867065,0.4196892976760864,0.9526315927505493
384.0,0.7255284190177917,0.35855618119239807,0.7210085391998291,0.7106199264526367,0.8970764875411987,0.7313704490661621,0.33604052662849426,0.1741202473640442,0.9426007866859436,0.30566686391830444,0.4085537791252136,0.9525782465934753
385.0,0.7022104859352112,0.41664642095565796,0.7354109883308411,0.7113457918167114,0.875880777835846,0.7308982610702515,0.3393963873386383,0.18150991201400757,0.9422277212142944,0.3059554100036621,0.404075026512146,0.9524887204170227
386.0,0.7270880937576294,0.37460023164749146,0.7232193350791931,0.7115198969841003,0.9073100090026855,0.7308580279350281,0.34451472759246826,0.1876852661371231,0.9400075078010559,0.3060353100299835,0.4050564765930176,0.9524624943733215
387.0,0.7323814034461975,0.3870522379875183,0.7194721698760986,0.7119513750076294,0.9055334329605103,0.730539858341217,0.34990212321281433,0.21166151762008667,0.9380627274513245,0.3062264025211334,0.40985289216041565,0.9524049758911133
388.0,0.6997917294502258,0.3880191743373871,0.7413365840911865,0.712002694606781,0.9012037515640259,0.730570375919342,0.3236677944660187,0.1776849925518036,0.9476670622825623,0.30629515647888184,0.41579872369766235,0.952385425567627
389.0,0.7246509194374084,0.3769061863422394,0.7203943729400635,0.7121440172195435,0.924162745475769,0.7304517030715942,0.3402040898799896,0.18180398643016815,0.941925585269928,0.3064328134059906,0.3922978639602661,0.9523418545722961
390.0,0.6996237635612488,0.4382651448249817,0.7398641705513,0.7130175232887268,0.92406165599823,0.729828953742981,0.3341902196407318,0.23250159621238708,0.9431467652320862,0.30671027302742004,0.392223060131073,0.9522583484649658
391.0,0.702467143535614,0.3593536615371704,0.7345739006996155,0.7127542495727539,0.9198950529098511,0.7300827503204346,0.33825960755348206,0.20029768347740173,0.9418988823890686,0.30675819516181946,0.3934658467769623,0.9522428512573242
392.0,0.7508260607719421,0.3721262216567993,0.7048277854919434,0.7135462164878845,0.9405108094215393,0.7294349074363708,0.34001776576042175,0.18130183219909668,0.9416483640670776,0.30702823400497437,0.37618401646614075,0.9521588087081909
393.0,0.7250689268112183,0.3917276859283447,0.7185407876968384,0.7140722870826721,0.9392929077148438,0.7290782928466797,0.34059229493141174,0.16381561756134033,0.9412299394607544,0.3072323203086853,0.37315645813941956,0.952093780040741
394.0,0.7042922377586365,0.45667433738708496,0.7376675605773926,0.7145854234695435,0.9271578788757324,0.7287262678146362,0.3388765752315521,0.16507206857204437,0.9419293999671936,0.30743497610092163,0.3759217858314514,0.9520319700241089
395.0,0.7242573499679565,0.44695717096328735,0.7222394347190857,0.7147924304008484,0.9254339933395386,0.7286527156829834,0.33745962381362915,0.2010156214237213,0.9427318572998047,0.3075896203517914,0.392588347196579,0.9519858956336975
396.0,0.7400884032249451,0.4696495532989502,0.7162545323371887,0.7154870629310608,0.954674243927002,0.7281500101089478,0.3482925295829773,0.16997107863426208,0.9389851093292236,0.3077676594257355,0.3941771984100342,0.9519273638725281
397.0,0.7207692861557007,0.44727811217308044,0.7240831851959229,0.7164520025253296,0.9549917578697205,0.7274513840675354,0.3324339985847473,0.18115390837192535,0.9440154433250427,0.30803224444389343,0.40147659182548523,0.9518439173698425
398.0,0.7294632196426392,0.3680458664894104,0.7203529477119446,0.7165719866752625,0.9430885910987854,0.7274471521377563,0.34062492847442627,0.17249378561973572,0.9409975409507751,0.3080652058124542,0.4016100764274597,0.951835036277771
399.0,0.7256523370742798,0.4220470190048218,0.7175165414810181,0.7172096967697144,0.9425379633903503,0.7270371913909912,0.3466174900531769,0.17869746685028076,0.9390579462051392,0.3082694709300995,0.38376256823539734,0.9517700672149658
400.0,0.7296711206436157,0.3321937620639801,0.7180608510971069,0.7169026732444763,0.9258182048797607,0.7272830009460449,0.33983755111694336,0.18488478660583496,0.9424735903739929,0.30821216106414795,0.4069768488407135,0.9517900347709656
401.0,0.7449994683265686,0.38739243149757385,0.7078849673271179,0.7180720567703247,0.925583004951477,0.7263772487640381,0.3406198024749756,0.1865273267030716,0.9414159059524536,0.3085113763809204,0.40533068776130676,0.9516962766647339
402.0,0.723965585231781,0.4479907751083374,0.7263455986976624,0.7182884216308594,0.9235023260116577,0.7263633012771606,0.34300756454467773,0.18997591733932495,0.9405302405357361,0.30861207842826843,0.40899747610092163,0.9516669511795044
403.0,0.7429928183555603,0.38556748628616333,0.7062756419181824,0.718418538570404,0.9333255290985107,0.7263182401657104,0.34331199526786804,0.18002024292945862,0.9407479166984558,0.30862957239151,0.4051375985145569,0.9516629576683044
404.0,0.7276789546012878,0.422512412071228,0.7153286337852478,0.7190096378326416,0.9231326580047607,0.7258742451667786,0.3401578962802887,0.18375304341316223,0.9410358667373657,0.30872100591659546,0.40773606300354004,0.9516304135322571
405.0,0.7284615635871887,0.3768030107021332,0.7177060842514038,0.7199972867965698,0.9166092872619629,0.725124180316925,0.3423883020877838,0.19035227596759796,0.9407944083213806,0.30907395482063293,0.40392830967903137,0.9515168070793152
406.0,0.7478135228157043,0.3697739839553833,0.7104057669639587,0.7206054925918579,0.9144337177276611,0.7247365117073059,0.35354313254356384,0.1845243275165558,0.9370142817497253,0.3092859983444214,0.40825438499450684,0.951451301574707
407.0,0.7526344656944275,0.41699331998825073,0.7029955983161926,0.72102952003479,0.9288285374641418,0.7245152592658997,0.35410505533218384,0.1857159435749054,0.9367337226867676,0.30943503975868225,0.405627578496933,0.951404869556427
408.0,0.7241532206535339,0.4096151292324066,0.7237212061882019,0.7211451530456543,0.9163271188735962,0.7244625687599182,0.3314509689807892,0.17214684188365936,0.9445090889930725,0.30956345796585083,0.4032739996910095,0.9513639211654663
409.0,0.7465270161628723,0.391202449798584,0.7001426219940186,0.7213719487190247,0.9087803363800049,0.7242891788482666,0.3500664234161377,0.17829491198062897,0.9379702210426331,0.30966246128082275,0.4034000635147095,0.9513325691223145
410.0,0.7387285232543945,0.5396023988723755,0.7122975587844849,0.7221216559410095,0.9132544994354248,0.7236790060997009,0.3390119969844818,0.16272838413715363,0.9415256977081299,0.3098757266998291,0.4039670526981354,0.9512602686882019
411.0,0.7251263856887817,0.41128093004226685,0.7214259505271912,0.7222093939781189,0.9128029346466064,0.7236697673797607,0.338925302028656,0.18073420226573944,0.9414291977882385,0.30994293093681335,0.4181705415248871,0.9512411952018738
412.0,0.7396275997161865,0.3779887557029724,0.7126116156578064,0.7223765254020691,0.8772793412208557,0.7235868573188782,0.3415040671825409,0.15317820012569427,0.9405316114425659,0.31006041169166565,0.41138631105422974,0.9512038230895996
413.0,0.7028600573539734,0.3856745958328247,0.7364805340766907,0.7232663631439209,0.865492045879364,0.7229030132293701,0.33447694778442383,0.22781676054000854,0.943560004234314,0.31032148003578186,0.4196508526802063,0.9511206150054932
414.0,0.7720013856887817,0.3855804204940796,0.6856996417045593,0.7237802147865295,0.8669813871383667,0.7225655317306519,0.3547704815864563,0.17797747254371643,0.936201810836792,0.3104977011680603,0.4473498463630676,0.9510639905929565
415.0,0.7420011758804321,0.3678792715072632,0.7148260474205017,0.7242147326469421,0.8639158010482788,0.7223223447799683,0.3453696668148041,0.1717648208141327,0.9404228329658508,0.3106791377067566,0.432571142911911,0.9510066509246826
416.0,0.7442571520805359,0.4035458564758301,0.7122533321380615,0.724530816078186,0.8665663003921509,0.7222049236297607,0.3441765308380127,0.1579870581626892,0.940302848815918,0.31079861521720886,0.4337424039840698,0.9509701132774353
417.0,0.7235212326049805,0.35843417048454285,0.7299767732620239,0.7245675325393677,0.8306337594985962,0.7222564220428467,0.35525190830230713,0.17995129525661469,0.9371217489242554,0.3109011650085449,0.4386800527572632,0.9509406089782715
418.0,0.7394956946372986,0.3576706051826477,0.712062656879425,0.7253847718238831,0.8224592208862305,0.7216560244560242,0.3521714508533478,0.18337641656398773,0.9372240900993347,0.3110848367214203,0.43859201669692993,0.9508829116821289
419.0,0.7487275004386902,0.40273529291152954,0.7030407190322876,0.7264199256896973,0.8254305124282837,0.7209100127220154,0.3544629216194153,0.19581691920757294,0.9372032880783081,0.3113071322441101,0.44015854597091675,0.9508105516433716
420.0,0.7476583123207092,0.4251629710197449,0.703186571598053,0.7266465425491333,0.8195301294326782,0.7208924889564514,0.3527993857860565,0.1827784776687622,0.9373488426208496,0.3113880753517151,0.421851247549057,0.9507888555526733
421.0,0.7362790107727051,0.3702511787414551,0.7160019278526306,0.7273197770118713,0.8179762363433838,0.7203919887542725,0.35298916697502136,0.18514390289783478,0.9375529885292053,0.3115065097808838,0.43171265721321106,0.9507485032081604
422.0,0.7334529757499695,0.3886428475379944,0.7100534439086914,0.7274926900863647,0.8347303867340088,0.7203003168106079,0.3372109830379486,0.2176104038953781,0.9426928162574768,0.31156161427497864,0.4291488230228424,0.9507308602333069
423.0,0.7271993160247803,0.46393656730651855,0.7200537919998169,0.7277656197547913,0.8801243901252747,0.7201441526412964,0.3389996588230133,0.1707564890384674,0.9423672556877136,0.3115590810775757,0.42954903841018677,0.9507296085357666
424.0,0.7332966327667236,0.3989540636539459,0.7180231809616089,0.7282285094261169,0.8718937635421753,0.7197925448417664,0.35079047083854675,0.1875828057527542,0.9377365708351135,0.311745285987854,0.4156753718852997,0.9506701827049255
425.0,0.7624616622924805,0.4614144265651703,0.6898684501647949,0.7285203337669373,0.8804517388343811,0.7196424603462219,0.35694387555122375,0.16464319825172424,0.9359971880912781,0.31173890829086304,0.41409239172935486,0.9506745934486389
426.0,0.7430493831634521,0.5637456774711609,0.7073634266853333,0.7292007803916931,0.8779507875442505,0.7191193699836731,0.3432859182357788,0.21232059597969055,0.9401043057441711,0.31199121475219727,0.42069700360298157,0.9505950808525085
427.0,0.7424797415733337,0.40938282012939453,0.715768575668335,0.7291911840438843,0.855935275554657,0.7191644906997681,0.344683974981308,0.21704444289207458,0.9404596090316772,0.31202414631843567,0.4169217646121979,0.9505888223648071
428.0,0.7598520517349243,0.43072277307510376,0.7013649344444275,0.7294517755508423,0.9131641983985901,0.7189961075782776,0.34985536336898804,0.16802382469177246,0.9387948513031006,0.31208962202072144,0.4254022240638733,0.950569748878479
429.0,0.7417492270469666,0.4020816385746002,0.7076930403709412,0.7300076484680176,0.9086164832115173,0.7186405658721924,0.3450007140636444,0.20740418136119843,0.9395879507064819,0.31225866079330444,0.43741530179977417,0.9505150318145752
430.0,0.7388665676116943,0.3440215587615967,0.7141796946525574,0.7299841642379761,0.8816293478012085,0.7186676263809204,0.34623274207115173,0.1824282556772232,0.9390884041786194,0.31229111552238464,0.44327303767204285,0.9505063891410828
431.0,0.7554582953453064,0.40718817710876465,0.6993277668952942,0.730840265750885,0.8487958908081055,0.7180253863334656,0.34383806586265564,0.19380255043506622,0.9400370717048645,0.31252357363700867,0.4468328356742859,0.9504320621490479
432.0,0.7574912905693054,0.3809429705142975,0.6975905895233154,0.7312295436859131,0.81981360912323,0.7178173065185547,0.3466409146785736,0.1750291883945465,0.9390656352043152,0.3126413822174072,0.4476841390132904,0.9503929018974304
433.0,0.75754314661026,0.3465999662876129,0.6981152892112732,0.7322841882705688,0.8326593041419983,0.7170313596725464,0.35161179304122925,0.16592121124267578,0.9374525547027588,0.3129221498966217,0.4445585310459137,0.9503079652786255
434.0,0.744709312915802,0.35869693756103516,0.7104495763778687,0.73268061876297,0.8357479572296143,0.716840922832489,0.34518110752105713,0.19887825846672058,0.9399799108505249,0.3130049705505371,0.4351491332054138,0.9502844214439392
435.0,0.7471036314964294,0.3692849278450012,0.7030853033065796,0.7333029508590698,0.830661416053772,0.7164113521575928,0.34905609488487244,0.1993262767791748,0.9377939701080322,0.3132445812225342,0.4337884187698364,0.9502047896385193
436.0,0.7277384400367737,0.3569987714290619,0.7218690514564514,0.7330597639083862,0.8292482495307922,0.7166714668273926,0.34955549240112305,0.18764129281044006,0.9385002851486206,0.31330645084381104,0.4357142150402069,0.9501879811286926
437.0,0.7276374697685242,0.44573014974594116,0.7233026623725891,0.7335225939750671,0.8364546895027161,0.7163597941398621,0.34247130155563354,0.1870601922273636,0.9410423636436462,0.31347984075546265,0.44297343492507935,0.9501341581344604
438.0,0.7347670793533325,0.40192747116088867,0.7133183479309082,0.7331731915473938,0.8366007804870605,0.7166894674301147,0.33696720004081726,0.18716077506542206,0.9424211978912354,0.3134452700614929,0.4554935395717621,0.9501517415046692
439.0,0.7485647201538086,0.47874507308006287,0.7042301297187805,0.7341952919960022,0.8466694355010986,0.7158685922622681,0.34278175234794617,0.18533797562122345,0.940562903881073,0.31371498107910156,0.4631974399089813,0.9500641822814941
440.0,0.7533696889877319,0.4377036988735199,0.7054697871208191,0.7342930436134338,0.8426821231842041,0.7159301042556763,0.34562623500823975,0.17468558251857758,0.9400210976600647,0.313758909702301,0.4633926749229431,0.9500540494918823
441.0,0.7465610504150391,0.3904072940349579,0.7088136076927185,0.7346562743186951,0.8453847765922546,0.7156665921211243,0.34363043308258057,0.2634009122848511,0.9402636289596558,0.313843309879303,0.4513520300388336,0.9500293135643005
442.0,0.7634056806564331,0.41475731134414673,0.699710488319397,0.7348815202713013,0.82552570104599,0.7155287265777588,0.35306471586227417,0.1824350655078888,0.936616837978363,0.3138548731803894,0.46250665187835693,0.9500250220298767
443.0,0.755868136882782,0.35695090889930725,0.7051596641540527,0.7358385920524597,0.8400423526763916,0.7147735357284546,0.34323787689208984,0.2094608098268509,0.9405080080032349,0.3140885829925537,0.462668240070343,0.9499497413635254
444.0,0.7379814386367798,0.39462870359420776,0.7163512110710144,0.736642599105835,0.8584110736846924,0.7142449021339417,0.3508414924144745,0.180257186293602,0.937889039516449,0.3141980469226837,0.4576622247695923,0.9499135613441467
445.0,0.7478995323181152,0.3572637736797333,0.7042512893676758,0.7362686991691589,0.839269757270813,0.7146352529525757,0.3433949649333954,0.17722851037979126,0.9400286078453064,0.31416502594947815,0.4544631242752075,0.9499260783195496
446.0,0.7284907698631287,0.3319658637046814,0.7214008569717407,0.737241268157959,0.8313711881637573,0.7138975262641907,0.3426429033279419,0.1772766262292862,0.9404329657554626,0.31438663601875305,0.4526415169239044,0.949852705001831
447.0,0.746659517288208,0.37778720259666443,0.7061027884483337,0.7377479076385498,0.8277764320373535,0.7135149240493774,0.3481859862804413,0.18102024495601654,0.938909113407135,0.31455546617507935,0.460035502910614,0.9498026967048645
448.0,0.7426109313964844,0.44676709175109863,0.7089906334877014,0.7380728721618652,0.8539128303527832,0.7133955359458923,0.34295758605003357,0.16701163351535797,0.9406798481941223,0.31460535526275635,0.4605289697647095,0.9497919678688049
449.0,0.7256648540496826,0.3612506687641144,0.7229675054550171,0.7385430335998535,0.8613805174827576,0.7130342721939087,0.33637598156929016,0.16178588569164276,0.9425455331802368,0.314667671918869,0.4694049656391144,0.9497743248939514
450.0,0.7459820508956909,0.37102147936820984,0.7138543128967285,0.7390323877334595,0.8481781482696533,0.7126865386962891,0.35116079449653625,0.18629682064056396,0.938582181930542,0.3148120045661926,0.47572410106658936,0.949725866317749
451.0,0.7390187382698059,0.4827410578727722,0.7161881923675537,0.7392454147338867,0.8492584824562073,0.7125616669654846,0.350068062543869,0.22852875292301178,0.9381476044654846,0.3148895800113678,0.47625958919525146,0.949705958366394
452.0,0.7563539743423462,0.44368401169776917,0.6993208527565002,0.7399057745933533,0.8482084274291992,0.712070882320404,0.34109678864479065,0.23965521156787872,0.9414898753166199,0.3150896728038788,0.47519007325172424,0.9496439099311829
453.0,0.737719714641571,0.47972291707992554,0.7115747332572937,0.7396324872970581,0.8622217178344727,0.7123323082923889,0.34050270915031433,0.20118309557437897,0.9410637617111206,0.3149513304233551,0.4640209972858429,0.9496884942054749
454.0,0.7529844641685486,0.4192986488342285,0.7021257281303406,0.7406617403030396,0.8603700399398804,0.7114732265472412,0.34262722730636597,0.15728944540023804,0.9403877258300781,0.3152494728565216,0.46916496753692627,0.9495912790298462
455.0,0.7347244620323181,0.4743610620498657,0.7154573202133179,0.7410334348678589,0.8512377142906189,0.7112188339233398,0.34209972620010376,0.1796085238456726,0.9414454102516174,0.31540200114250183,0.4631667733192444,0.9495423436164856
456.0,0.7821061611175537,0.4639483094215393,0.6837566494941711,0.7418321371078491,0.8516015410423279,0.7107071876525879,0.36119335889816284,0.18554919958114624,0.9344289898872375,0.31567445397377014,0.4696653485298157,0.9494544863700867
457.0,0.7541228532791138,0.47103816270828247,0.7019075155258179,0.7417619228363037,0.8517948389053345,0.7108561992645264,0.33990374207496643,0.175897479057312,0.9411666393280029,0.3157655894756317,0.48515626788139343,0.9494256377220154
458.0,0.7854328155517578,0.484310507774353,0.677219808101654,0.7424110174179077,0.8326097726821899,0.7104169726371765,0.35877305269241333,0.16801464557647705,0.9342467784881592,0.315949022769928,0.4837862551212311,0.9493680000305176
459.0,0.7592834234237671,0.44632792472839355,0.7069618701934814,0.7428976893424988,0.8508841395378113,0.7100265622138977,0.34744635224342346,0.16290488839149475,0.9404202103614807,0.3160729706287384,0.49073195457458496,0.9493292570114136
460.0,0.7875584363937378,0.4443495571613312,0.6760289669036865,0.7434950470924377,0.848550021648407,0.7096371054649353,0.357494592666626,0.20143483579158783,0.9357994794845581,0.3163204491138458,0.49165207147598267,0.9492508172988892
461.0,0.7520672678947449,0.5060789585113525,0.7016581892967224,0.7440576553344727,0.8524401187896729,0.7092303037643433,0.3433266282081604,0.17512841522693634,0.9407258629798889,0.31658118963241577,0.48977550864219666,0.9491674304008484
462.0,0.7678889632225037,0.43825533986091614,0.6915455460548401,0.7445729970932007,0.8333193063735962,0.7089002728462219,0.34702590107917786,0.21077589690685272,0.9393508434295654,0.31675904989242554,0.5113659501075745,0.9491125345230103
463.0,0.7517619729042053,0.4486904740333557,0.7072545289993286,0.744849443435669,0.8383206129074097,0.7087856531143188,0.3461341857910156,0.17394068837165833,0.9397385120391846,0.3168857991695404,0.5325427055358887,0.9490711092948914
464.0,0.731476902961731,0.4167853891849518,0.7220098376274109,0.7445459961891174,0.8387939929962158,0.7091280221939087,0.33501413464546204,0.264638751745224,0.9437243938446045,0.3168301284313202,0.5262730121612549,0.9490935206413269
465.0,0.7499739527702332,0.47108444571495056,0.7069590091705322,0.7448768615722656,0.8548487424850464,0.7089011669158936,0.3544727861881256,0.18001990020275116,0.9368541240692139,0.3169329762458801,0.515621542930603,0.9490610957145691
466.0,0.7440164685249329,0.41182559728622437,0.7082327604293823,0.7448642253875732,0.8876193165779114,0.70892733335495,0.35004428029060364,0.18866801261901855,0.9378618001937866,0.3169143795967102,0.5427200198173523,0.9490689039230347
467.0,0.751024603843689,0.44507238268852234,0.7075255513191223,0.7455008625984192,0.8862895369529724,0.7084562182426453,0.35401859879493713,0.19046618044376373,0.9370284676551819,0.31715744733810425,0.5323464870452881,0.9489889144897461
468.0,0.7671444416046143,0.4201585650444031,0.6913997530937195,0.7457097768783569,0.8863046169281006,0.7083415389060974,0.3485727310180664,0.2014007568359375,0.93892902135849,0.31727880239486694,0.515788197517395,0.9489486813545227
469.0,0.773668110370636,0.4930746555328369,0.690952479839325,0.7461828589439392,0.8917219042778015,0.7080109715461731,0.355105996131897,0.1969868540763855,0.9358499050140381,0.31728595495224,0.5159719586372375,0.9489457607269287
470.0,0.758673369884491,0.514457643032074,0.6980640292167664,0.7459850907325745,0.8528759479522705,0.7081745266914368,0.3538859486579895,0.1905936896800995,0.9362843036651611,0.31723201274871826,0.5078835487365723,0.948963463306427
471.0,0.7687920331954956,0.4350460171699524,0.6882253885269165,0.7467055320739746,0.8999671936035156,0.7076295614242554,0.3550477921962738,0.182348370552063,0.9362491369247437,0.31735774874687195,0.5172879695892334,0.9489203691482544
472.0,0.7448158264160156,0.42092978954315186,0.7066251635551453,0.7470369935035706,0.8991485238075256,0.7074597477912903,0.3428824543952942,0.17837268114089966,0.9404426217079163,0.3174879252910614,0.5181330442428589,0.94887775182724
473.0,0.752286970615387,0.47477033734321594,0.7001277804374695,0.7464919090270996,0.8966885805130005,0.7080007195472717,0.35681697726249695,0.18000000715255737,0.9356094598770142,0.31741729378700256,0.5141313672065735,0.9489033222198486
474.0,0.7669046521186829,0.4693489670753479,0.6934714317321777,0.7477598786354065,0.9010651707649231,0.7069600820541382,0.3476954996585846,0.17602424323558807,0.9384716749191284,0.3176945149898529,0.5158934593200684,0.9488139748573303
475.0,0.7880910038948059,0.37627217173576355,0.6688134670257568,0.747637152671814,0.8707990050315857,0.7071542739868164,0.3570097088813782,0.20686295628547668,0.9349691867828369,0.31764835119247437,0.5143296718597412,0.9488292336463928
476.0,0.7680398225784302,0.3533971309661865,0.6977447271347046,0.7481313943862915,0.8270598649978638,0.706777811050415,0.35424190759658813,0.18854129314422607,0.9365456700325012,0.31777700781822205,0.5230028629302979,0.9487885236740112
477.0,0.7635957598686218,0.44381263852119446,0.7017418146133423,0.748687207698822,0.8389765024185181,0.7063807249069214,0.3637729287147522,0.2061634510755539,0.9336268305778503,0.31798118352890015,0.5019057393074036,0.94871985912323
478.0,0.7679935097694397,0.39714881777763367,0.6902534365653992,0.749237596988678,0.8379508256912231,0.7060039639472961,0.35043245553970337,0.21457767486572266,0.937690258026123,0.3181934058666229,0.5251277089118958,0.9486472606658936
479.0,0.7597824335098267,0.4600914716720581,0.7015459537506104,0.7499057054519653,0.834971010684967,0.7055476903915405,0.3504304587841034,0.1824362426996231,0.9378923773765564,0.3183403015136719,0.5262231826782227,0.9486015439033508
480.0,0.740648627281189,0.38528138399124146,0.7116571664810181,0.7504390478134155,0.8624520301818848,0.7051709294319153,0.34564584493637085,0.24954502284526825,0.9401935935020447,0.31851038336753845,0.5328301191329956,0.948546290397644
481.0,0.7732959389686584,0.3918423354625702,0.6876629590988159,0.7510000467300415,0.8606972694396973,0.7048040628433228,0.3555049002170563,0.181532084941864,0.9356606006622314,0.31862446665763855,0.5169153809547424,0.9485129714012146
482.0,0.7732981443405151,0.5674423575401306,0.6877501606941223,0.7507094144821167,0.8717585802078247,0.7051495313644409,0.3602279722690582,0.20189693570137024,0.9340718984603882,0.31860339641571045,0.5127753019332886,0.9485243558883667
483.0,0.7664331197738647,0.38162481784820557,0.6925720572471619,0.7511885762214661,0.8696824312210083,0.7047697305679321,0.3513181507587433,0.23309241235256195,0.9376851916313171,0.3187885284423828,0.5106236338615417,0.9484639763832092
484.0,0.7672805786132812,0.3789435029029846,0.6946118474006653,0.7516152858734131,0.8734588027000427,0.7045727372169495,0.34647321701049805,0.2259158343076706,0.9393674731254578,0.31883659958839417,0.5320308804512024,0.948451817035675
485.0,0.7500833868980408,0.3967781066894531,0.7086743712425232,0.7518442273139954,0.8712697625160217,0.7044388055801392,0.34585532546043396,0.1923941671848297,0.9393318891525269,0.3189599812030792,0.5325042605400085,0.9484120607376099
486.0,0.7556299567222595,0.41769319772720337,0.6993502378463745,0.7525336146354675,0.8544328212738037,0.7039325833320618,0.341571182012558,0.19605597853660583,0.941028892993927,0.31915807723999023,0.5451264977455139,0.948350727558136
487.0,0.7798551917076111,0.4210333228111267,0.683965265750885,0.7521641254425049,0.8433769941329956,0.7043474316596985,0.3523043692111969,0.17575682699680328,0.9373046159744263,0.3191166818141937,0.5450687408447266,0.9483664035797119
488.0,0.759667158126831,0.3616049885749817,0.7045292854309082,0.7525463700294495,0.8472864031791687,0.7040912508964539,0.34523478150367737,0.1999983936548233,0.9409249424934387,0.3192743957042694,0.5449009537696838,0.9483147859573364
489.0,0.7452168464660645,0.38208454847335815,0.7142885327339172,0.753381073474884,0.8516862988471985,0.7034803032875061,0.34758567810058594,0.18359911441802979,0.939319908618927,0.3194759488105774,0.5425471067428589,0.9482507109642029
490.0,0.7762156128883362,0.4700557589530945,0.694942057132721,0.7532019019126892,0.8447381258010864,0.703745424747467,0.3584831953048706,0.19174134731292725,0.9353387951850891,0.31940722465515137,0.543446958065033,0.9482775926589966
491.0,0.7449598908424377,0.4441155195236206,0.7075619101524353,0.7536128759384155,0.84322589635849,0.7034042477607727,0.3435318171977997,0.1776338666677475,0.9399897456169128,0.3195178210735321,0.5419433116912842,0.9482320547103882
492.0,0.7506383061408997,0.4297415614128113,0.7057219743728638,0.7541100978851318,0.8447688221931458,0.7031087279319763,0.34925034642219543,0.17458659410476685,0.9384591579437256,0.31962481141090393,0.5498365163803101,0.9481984972953796
493.0,0.733654260635376,0.419962614774704,0.7201828360557556,0.7541828751564026,0.82716304063797,0.7030868530273438,0.33893927931785583,0.19285453855991364,0.9418104290962219,0.3197139799594879,0.5429916977882385,0.9481712579727173
494.0,0.7909696698188782,0.4443390965461731,0.6750137805938721,0.7542334794998169,0.88198322057724,0.7030442953109741,0.35471463203430176,0.20545488595962524,0.93681401014328,0.3197747766971588,0.5358225703239441,0.9481515884399414
495.0,0.7736377120018005,0.3774871826171875,0.6907802820205688,0.7543097734451294,0.8647154569625854,0.7031019926071167,0.35683268308639526,0.1773122400045395,0.9355091452598572,0.31974902749061584,0.5419260263442993,0.9481594562530518
496.0,0.7725078463554382,0.49869877099990845,0.6927919387817383,0.755709707736969,0.8861646056175232,0.7019678354263306,0.35238784551620483,0.19343891739845276,0.9374063611030579,0.32010841369628906,0.5446242094039917,0.948038637638092
497.0,0.7733609676361084,0.4152987599372864,0.6943475604057312,0.7560573816299438,0.8867406845092773,0.7018869519233704,0.3450826406478882,0.16108658909797668,0.9400496482849121,0.3202536106109619,0.5391652584075928,0.9479970932006836
498.0,0.766147255897522,0.3974865674972534,0.6922931671142578,0.7559345960617065,0.8822470903396606,0.70208740234375,0.35074687004089355,0.18304294347763062,0.9384456872940063,0.3202674984931946,0.5345380306243896,0.9479926824569702
499.0,0.7606112957000732,0.41063445806503296,0.6984300017356873,0.7561425566673279,0.863509476184845,0.7019917964935303,0.3481403589248657,0.19787392020225525,0.9384128451347351,0.32029300928115845,0.5396595597267151,0.9479862451553345
500.0,0.7346513867378235,0.4468145966529846,0.7133322358131409,0.7564978003501892,0.8678789138793945,0.7017310857772827,0.34264230728149414,0.2155844271183014,0.9402742981910706,0.3204598128795624,0.5508445501327515,0.9479318261146545
501.0,0.7715330719947815,0.45507508516311646,0.6932161450386047,0.7571716904640198,0.8557488322257996,0.7012850642204285,0.34632962942123413,0.20376524329185486,0.9398664832115173,0.320705771446228,0.5285385847091675,0.947853147983551
502.0,0.7728250026702881,0.39039158821105957,0.6887694001197815,0.7575374841690063,0.8827818632125854,0.7010610103607178,0.3565930426120758,0.18857166171073914,0.9356375932693481,0.3208085596561432,0.5246806144714355,0.9478188157081604
503.0,0.7900435328483582,0.48428288102149963,0.6773866415023804,0.7578490376472473,0.8945189714431763,0.7008806467056274,0.366519570350647,0.17565594613552094,0.9321356415748596,0.3209187388420105,0.5242121815681458,0.9477856159210205
504.0,0.7736759185791016,0.5013250708580017,0.6931830048561096,0.7578468918800354,0.8949674367904663,0.7009289264678955,0.35939937829971313,0.2094634622335434,0.9343097805976868,0.3210221827030182,0.5390611290931702,0.9477545022964478
505.0,0.7828256487846375,0.4219634234905243,0.6904264688491821,0.7582791447639465,0.9027897715568542,0.7006691098213196,0.36252114176750183,0.1585901379585266,0.9342362880706787,0.32107728719711304,0.5409238338470459,0.9477345943450928
506.0,0.7603884339332581,0.4215550124645233,0.6975317001342773,0.7584924697875977,0.8893529176712036,0.700531005859375,0.34899187088012695,0.1859094202518463,0.9382157325744629,0.321165531873703,0.528712809085846,0.9476994872093201
507.0,0.7914493680000305,0.45145168900489807,0.678767204284668,0.7591441869735718,0.8890353441238403,0.700096845626831,0.3591669201850891,0.2089608609676361,0.9350373148918152,0.32131221890449524,0.5233575105667114,0.9476485848426819
508.0,0.7838756442070007,0.5061944723129272,0.6824471354484558,0.759951651096344,0.8932328224182129,0.6995395421981812,0.3490971624851227,0.18178245425224304,0.9388470649719238,0.32157695293426514,0.5184707641601562,0.94756019115448
509.0,0.8016583323478699,0.38512617349624634,0.6669749021530151,0.7600905895233154,0.8850833177566528,0.6995830535888672,0.3595444858074188,0.18854498863220215,0.9341199994087219,0.3216589093208313,0.536719560623169,0.947535514831543
510.0,0.7995489835739136,0.46653351187705994,0.66841059923172,0.7604798078536987,0.8979278206825256,0.699313759803772,0.3568306565284729,0.19066093862056732,0.9361274838447571,0.32176175713539124,0.536850094795227,0.9474999308586121
511.0,0.7729958891868591,0.4325632154941559,0.6917725205421448,0.7612266540527344,0.8855397701263428,0.6987248063087463,0.3577987253665924,0.22451850771903992,0.9350191950798035,0.3220584988594055,0.5375595092773438,0.9474015831947327
512.0,0.7601184248924255,0.4674021601676941,0.6978594064712524,0.7609683275222778,0.8871535658836365,0.6990624070167542,0.3599222004413605,0.17482204735279083,0.9342182278633118,0.32201603055000305,0.5405794382095337,0.947415292263031
513.0,0.7877639532089233,0.4950205087661743,0.6732174158096313,0.7613710165023804,0.8964918255805969,0.6987392902374268,0.3631340265274048,0.19363561272621155,0.9334920048713684,0.32205113768577576,0.5383867025375366,0.9473983645439148
514.0,0.7504029870033264,0.5250604152679443,0.7074620127677917,0.761878490447998,0.895819365978241,0.6983798146247864,0.3521672487258911,0.20341582596302032,0.9377216696739197,0.32219555974006653,0.5344694256782532,0.9473535418510437
515.0,0.7581208944320679,0.3595733344554901,0.7058236598968506,0.7618598937988281,0.897415280342102,0.6985170245170593,0.35773563385009766,0.21628689765930176,0.9358263611793518,0.3221982419490814,0.5466017127037048,0.9473528861999512
516.0,0.7476456761360168,0.37986984848976135,0.7099437713623047,0.7620371580123901,0.9183242917060852,0.6983361840248108,0.34569674730300903,0.18528786301612854,0.9397432804107666,0.3222900629043579,0.5513782501220703,0.9473164081573486
517.0,0.7662299871444702,0.4234948456287384,0.6902310252189636,0.7621197700500488,0.8987492918968201,0.6983343362808228,0.3492160737514496,0.21509146690368652,0.937899649143219,0.3223336637020111,0.5598925352096558,0.9473013877868652
518.0,0.7552618384361267,0.3855897784233093,0.7049874067306519,0.762427031993866,0.8978068828582764,0.6981057524681091,0.3449852168560028,0.2080126404762268,0.9393373727798462,0.32238373160362244,0.5725379586219788,0.947285532951355
519.0,0.7669379711151123,0.3738958537578583,0.6874340772628784,0.763056218624115,0.9029700756072998,0.6976337432861328,0.35429060459136963,0.24573124945163727,0.93644118309021,0.32241296768188477,0.5725142359733582,0.9472706913948059
520.0,0.7844254374504089,0.4491509199142456,0.679437518119812,0.7634842395782471,0.8692343235015869,0.6973516941070557,0.35903656482696533,0.16063325107097626,0.9346567988395691,0.32248878479003906,0.5698457956314087,0.9472479224205017
521.0,0.7494682669639587,0.3986799120903015,0.7108306884765625,0.7633714079856873,0.8632208704948425,0.6974983215332031,0.35043326020240784,0.20469626784324646,0.9381974339485168,0.3225247859954834,0.5625949501991272,0.9472382068634033
522.0,0.7812516093254089,0.41013574600219727,0.6854078769683838,0.7642552256584167,0.8703358173370361,0.6968176960945129,0.3612663149833679,0.20181353390216827,0.9350178837776184,0.32277825474739075,0.5899812579154968,0.9471571445465088
523.0,0.7870808243751526,0.4342997670173645,0.6780337691307068,0.7649108171463013,0.8693247437477112,0.6964131593704224,0.34987133741378784,0.1904725432395935,0.9377393126487732,0.3229179382324219,0.577035665512085,0.9471109509468079
524.0,0.768170952796936,0.4137624502182007,0.6886706948280334,0.7653393745422363,0.8641842603683472,0.6960931420326233,0.3519348204135895,0.20112991333007812,0.9374481439590454,0.32302629947662354,0.5678346157073975,0.9470755457878113
525.0,0.7787986993789673,0.4430231750011444,0.6851289868354797,0.765289843082428,0.8556942343711853,0.6962172985076904,0.3596515953540802,0.23427416384220123,0.9351840615272522,0.32302623987197876,0.5488672852516174,0.9470727443695068
526.0,0.780767560005188,0.4240429401397705,0.68333500623703,0.7661470770835876,0.8493840098381042,0.6955773830413818,0.36577168107032776,0.24911272525787354,0.9326735138893127,0.323302298784256,0.5493305325508118,0.9469826817512512
527.0,0.7791426777839661,0.4964730143547058,0.6825914978981018,0.7659053206443787,0.8437585830688477,0.6959174871444702,0.35220301151275635,0.22092090547084808,0.9374192357063293,0.3233509957790375,0.552745521068573,0.9469699263572693
528.0,0.7611002326011658,0.41006624698638916,0.695412814617157,0.7660622000694275,0.8386948108673096,0.6958363056182861,0.34823229908943176,0.18959440290927887,0.9384910464286804,0.32344773411750793,0.5506289601325989,0.9469373226165771
529.0,0.7611061930656433,0.3853236138820648,0.6969641447067261,0.7667364478111267,0.8360625505447388,0.6953021287918091,0.3511720299720764,0.2110249102115631,0.9377673864364624,0.3236323595046997,0.5496301651000977,0.9468715786933899
530.0,0.7733214497566223,0.4266078472137451,0.6903072595596313,0.7670125365257263,0.8404829502105713,0.6951534748077393,0.3603101372718811,0.21328669786453247,0.9349319338798523,0.3237091600894928,0.5560178756713867,0.9468483328819275
531.0,0.7688482999801636,0.4060046672821045,0.6947847008705139,0.7664233446121216,0.8375428915023804,0.6956906318664551,0.3524417579174042,0.20597165822982788,0.9373228549957275,0.3235056698322296,0.585405707359314,0.9469190239906311
532.0,0.8142711520195007,0.43451327085494995,0.6590232849121094,0.7661592960357666,0.8407544493675232,0.6958993673324585,0.36702901124954224,0.19518908858299255,0.9318695664405823,0.32351863384246826,0.5824224948883057,0.9469191431999207
533.0,0.7993617057800293,0.43116921186447144,0.6714105606079102,0.7670129537582397,0.8431774973869324,0.6951358914375305,0.36666133999824524,0.1939164251089096,0.9320595860481262,0.323698490858078,0.5746546387672424,0.9468514323234558
534.0,0.8075633645057678,0.5029900670051575,0.6694270372390747,0.7675327658653259,0.8449079990386963,0.6947957873344421,0.36513662338256836,0.20168429613113403,0.9329310655593872,0.32383233308792114,0.5765950083732605,0.9468094706535339
535.0,0.7795273065567017,0.49124136567115784,0.6880530714988708,0.7680670022964478,0.8461812138557434,0.6945114135742188,0.3660436272621155,0.17220011353492737,0.9322531819343567,0.32402798533439636,0.5777564644813538,0.9467486143112183
536.0,0.7970064878463745,0.4291522800922394,0.6661520004272461,0.7678752541542053,0.8462128043174744,0.6947663426399231,0.36407721042633057,0.19093099236488342,0.9338847994804382,0.32403239607810974,0.5798600316047668,0.9467481374740601
537.0,0.7826918363571167,0.4437468945980072,0.6800313591957092,0.767399251461029,0.8590811491012573,0.6951789259910583,0.3550204634666443,0.2246071845293045,0.9361368417739868,0.3239165246486664,0.5852836966514587,0.9467865228652954
538.0,0.7962440848350525,0.4419183135032654,0.6737631559371948,0.7687065005302429,0.8662324547767639,0.6940634846687317,0.3633049428462982,0.2132626175880432,0.9332460165023804,0.3243038058280945,0.5937625169754028,0.9466543793678284
539.0,0.7955408096313477,0.4649759531021118,0.675760805606842,0.769101083278656,0.8675597906112671,0.6938604712486267,0.35474348068237305,0.1991865634918213,0.9367439150810242,0.32444384694099426,0.5758690237998962,0.9466075897216797
540.0,0.7812342643737793,0.4984724521636963,0.6851300001144409,0.7691627740859985,0.8644808530807495,0.6938602328300476,0.3497615456581116,0.21875809133052826,0.9383929967880249,0.324506551027298,0.5762557983398438,0.9465862512588501
541.0,0.7944722771644592,0.529650092124939,0.6780521869659424,0.7695953249931335,0.84538334608078,0.6935737133026123,0.35844600200653076,0.19255687296390533,0.9352618455886841,0.3246023952960968,0.5757318735122681,0.9465578198432922
542.0,0.7890475988388062,0.48275622725486755,0.6893621683120728,0.7702261209487915,0.8944686055183411,0.6931551694869995,0.3599812984466553,0.19237886369228363,0.9351188540458679,0.32472342252731323,0.5914539098739624,0.9465200304985046
543.0,0.7794175148010254,0.4303470253944397,0.6817505359649658,0.7704532146453857,0.8972545862197876,0.693058431148529,0.36141952872276306,0.20791727304458618,0.9344689846038818,0.32486554980278015,0.5917531251907349,0.9464751482009888
544.0,0.8006749153137207,0.5072348117828369,0.674271821975708,0.7702614068984985,0.8955402970314026,0.6933136582374573,0.36673158407211304,0.19064398109912872,0.9320522546768188,0.32476168870925903,0.5927435159683228,0.9465055465698242
545.0,0.7678911089897156,0.39183565974235535,0.7035805583000183,0.7709072828292847,0.8775675296783447,0.6927486658096313,0.3544168770313263,0.24954737722873688,0.9371422529220581,0.3248777985572815,0.592084527015686,0.9464635848999023
546.0,0.7641572952270508,0.47247588634490967,0.6990584135055542,0.7707209587097168,0.8818615674972534,0.6929441690444946,0.34597983956336975,0.18120263516902924,0.9395307898521423,0.3247354030609131,0.6021356582641602,0.9465090036392212
547.0,0.7631098628044128,0.4184172451496124,0.701098620891571,0.7716503739356995,0.881290078163147,0.6921910643577576,0.3585105240345001,0.1934269368648529,0.9354175925254822,0.32497355341911316,0.5895923376083374,0.9464261531829834
548.0,0.7937199473381042,0.36469265818595886,0.6791501045227051,0.7721030712127686,0.8778091073036194,0.6919378638267517,0.3748556673526764,0.22480252385139465,0.9288098216056824,0.3251452147960663,0.5901044607162476,0.9463722109794617
549.0,0.7693471312522888,0.4323587417602539,0.6913675665855408,0.7724395990371704,0.903915524482727,0.691796064376831,0.3488956093788147,0.19619490206241608,0.9384180307388306,0.3252149224281311,0.5907847881317139,0.9463467001914978
550.0,0.7685274481773376,0.43519482016563416,0.6933210492134094,0.7729461193084717,0.9045509099960327,0.691463828086853,0.3549642264842987,0.19582435488700867,0.9363014101982117,0.32540130615234375,0.5920912027359009,0.9462895393371582
551.0,0.7882991433143616,0.43972650170326233,0.6805902719497681,0.7730740904808044,0.9047822952270508,0.6914066076278687,0.34312793612480164,0.16973581910133362,0.9399517774581909,0.3254696726799011,0.5899062156677246,0.9462677836418152
552.0,0.8056381344795227,0.420312762260437,0.6698645949363708,0.7733756303787231,0.9046149849891663,0.6912210583686829,0.3648492693901062,0.19682882726192474,0.9329872131347656,0.3255229592323303,0.5889648795127869,0.946251630783081
553.0,0.7797343730926514,0.3930850028991699,0.6926752328872681,0.7727100253105164,0.8794590830802917,0.6917576193809509,0.35301730036735535,0.16532263159751892,0.9371627569198608,0.3252794146537781,0.5883944034576416,0.9463322758674622
554.0,0.7763565182685852,0.42159876227378845,0.6895379424095154,0.7728074193000793,0.8782669901847839,0.6916055679321289,0.35175737738609314,0.1842605024576187,0.937430739402771,0.32523635029792786,0.5872549414634705,0.946342408657074
555.0,0.8293920755386353,0.4815480709075928,0.6597468256950378,0.7732415795326233,0.8869625926017761,0.6913083791732788,0.3577178120613098,0.20514973998069763,0.9356857538223267,0.32527637481689453,0.5880662798881531,0.9463274478912354
556.0,0.807518720626831,0.5127694606781006,0.66920006275177,0.7727667093276978,0.882832407951355,0.691702127456665,0.3632277846336365,0.23390138149261475,0.9332528710365295,0.3251291811466217,0.5533678531646729,0.9463747143745422
557.0,0.790328323841095,0.4184805452823639,0.6757107973098755,0.7736592888832092,0.8798192739486694,0.6909173727035522,0.3509461581707001,0.19585877656936646,0.938105046749115,0.32541704177856445,0.5488060116767883,0.9462776184082031
558.0,0.7792941927909851,0.3699605464935303,0.6870487332344055,0.7734177112579346,0.877296507358551,0.6912244558334351,0.3601122200489044,0.20464615523815155,0.9345831274986267,0.3253769874572754,0.5542575120925903,0.9462953805923462
559.0,0.7753826975822449,0.5000549554824829,0.6927180290222168,0.7740110754966736,0.8863648176193237,0.6907345056533813,0.3616378605365753,0.1873091459274292,0.9342013597488403,0.32538533210754395,0.5542374849319458,0.9462876319885254
560.0,0.814221203327179,0.5312973260879517,0.664332926273346,0.7741086483001709,0.8869622349739075,0.6907328367233276,0.3659716248512268,0.19601772725582123,0.9316825270652771,0.32542505860328674,0.5554198622703552,0.9462773203849792
561.0,0.7771075963973999,0.39712101221084595,0.6883537173271179,0.7747324705123901,0.8832475543022156,0.6902636885643005,0.36133915185928345,0.21003863215446472,0.9337269067764282,0.3255044221878052,0.5482934713363647,0.9462497234344482
562.0,0.7907655239105225,0.4015372693538666,0.6810503602027893,0.7745566368103027,0.8865463137626648,0.6905354261398315,0.3544337749481201,0.22532159090042114,0.9372889995574951,0.3254909813404083,0.5438323020935059,0.9462598562240601
563.0,0.7819861173629761,0.39452266693115234,0.6892711520195007,0.7749699950218201,0.8848339319229126,0.6901943683624268,0.3501342833042145,0.2034517228603363,0.9384903907775879,0.32557037472724915,0.5361757278442383,0.9462356567382812
564.0,0.8026556968688965,0.44854408502578735,0.674527108669281,0.7752344608306885,0.8803784847259521,0.6900492310523987,0.3593449890613556,0.21995481848716736,0.934955894947052,0.32573381066322327,0.5355960726737976,0.9461832642555237
565.0,0.7833283543586731,0.41954463720321655,0.687528669834137,0.775006890296936,0.8694778680801392,0.690301775932312,0.3477451801300049,0.16787835955619812,0.9388449788093567,0.32569214701652527,0.5355316996574402,0.9461995959281921
566.0,0.7881426811218262,0.38065266609191895,0.6814176440238953,0.7757794260978699,0.8510828614234924,0.689657986164093,0.36317920684814453,0.2105857878923416,0.9330841302871704,0.32580846548080444,0.5409942865371704,0.9461575746536255
567.0,0.7659395933151245,0.5285278558731079,0.6967799663543701,0.7755788564682007,0.8524725437164307,0.6899070143699646,0.3469628095626831,0.19546295702457428,0.9394501447677612,0.3257445693016052,0.5409822463989258,0.9461813569068909
568.0,0.7846265435218811,0.453399121761322,0.6857277750968933,0.775967001914978,0.8639576435089111,0.6896386742591858,0.3606627285480499,0.2427854686975479,0.9342700839042664,0.32582148909568787,0.5569313764572144,0.9461575746536255
569.0,0.8076654672622681,0.5356342792510986,0.6661549210548401,0.7766780853271484,0.8548296093940735,0.689102828502655,0.36293113231658936,0.2004755139350891,0.9331356883049011,0.32602187991142273,0.5562856793403625,0.9460899233818054
570.0,0.7831284403800964,0.5813859701156616,0.6801469326019287,0.7773324251174927,0.8518805503845215,0.6887054443359375,0.3563063144683838,0.18149562180042267,0.9355181455612183,0.32620954513549805,0.5373735427856445,0.9460318088531494
571.0,0.7742530107498169,0.46763885021209717,0.6922996640205383,0.7774150967597961,0.87050461769104,0.6887972950935364,0.33865803480148315,0.18810680508613586,0.9419212937355042,0.3262898027896881,0.5340509414672852,0.946007490158081
572.0,0.797183096408844,0.4292508363723755,0.6723136305809021,0.778377115726471,0.8710148334503174,0.6880658864974976,0.360850989818573,0.17564880847930908,0.9348288774490356,0.32655683159828186,0.5362952947616577,0.9459183216094971
573.0,0.7917993664741516,0.4538803994655609,0.6794196367263794,0.7782560586929321,0.8673750162124634,0.6883038282394409,0.3700661361217499,0.1899489462375641,0.9311977624893188,0.3265606164932251,0.5377932786941528,0.9459200501441956
574.0,0.773664116859436,0.43998339772224426,0.7006239891052246,0.7787029147148132,0.8712584376335144,0.6879661679267883,0.3528915047645569,0.18391062319278717,0.9383835792541504,0.32672449946403503,0.5387243628501892,0.9458641409873962
575.0,0.810197114944458,0.49834519624710083,0.6668253540992737,0.7790319919586182,0.8668673038482666,0.6878863573074341,0.3622473180294037,0.2012500762939453,0.9329778552055359,0.3267914056777954,0.5400308966636658,0.945849597454071
576.0,0.7963276505470276,0.4564874768257141,0.6788744330406189,0.7791558504104614,0.8774003982543945,0.687850296497345,0.3631524443626404,0.20259389281272888,0.9332988858222961,0.32683828473091125,0.5319429039955139,0.9458343982696533
577.0,0.7658708691596985,0.44040173292160034,0.699787974357605,0.7792123556137085,0.865041971206665,0.6878095865249634,0.35834643244743347,0.20464743673801422,0.935566782951355,0.32684072852134705,0.5330601930618286,0.9458364248275757
578.0,0.7895834445953369,0.41608166694641113,0.6828950047492981,0.7794234752655029,0.8993695974349976,0.6876246929168701,0.3508499264717102,0.19471672177314758,0.9378495216369629,0.32684242725372314,0.5303076505661011,0.945833683013916
579.0,0.7917201519012451,0.49981439113616943,0.685073733329773,0.7792153358459473,0.8832770586013794,0.6879252791404724,0.36218953132629395,0.1893424093723297,0.9336695671081543,0.32681137323379517,0.5289927124977112,0.9458455443382263
580.0,0.798632025718689,0.6112231612205505,0.669307291507721,0.780010998249054,0.8937881588935852,0.6872513890266418,0.3566049337387085,0.21608968079090118,0.9351218938827515,0.32695913314819336,0.5288718938827515,0.9457912445068359
581.0,0.7884424924850464,0.46016329526901245,0.6739622354507446,0.7800256013870239,0.9023701548576355,0.6872599124908447,0.357535719871521,0.1727897822856903,0.9354601502418518,0.3269229233264923,0.5248626470565796,0.9458097219467163
582.0,0.7878900766372681,0.46818017959594727,0.6804951429367065,0.77940833568573,0.9046542644500732,0.6877918243408203,0.35381919145584106,0.1936066746711731,0.9363893270492554,0.3268239200115204,0.5199710726737976,0.9458420276641846
583.0,0.7924227118492126,0.4424753487110138,0.682999849319458,0.7798823714256287,0.9068554043769836,0.687347948551178,0.35696175694465637,0.188338965177536,0.9365663528442383,0.32683977484703064,0.5254986882209778,0.9458358287811279
584.0,0.7865528464317322,0.43551355600357056,0.681867778301239,0.7802857160568237,0.9062182307243347,0.6870653629302979,0.35347798466682434,0.1751837134361267,0.9368241429328918,0.32691723108291626,0.5274388790130615,0.9458065032958984
585.0,0.7974451184272766,0.43571358919143677,0.6741900444030762,0.7801345586776733,0.9125091433525085,0.6872496008872986,0.367259681224823,0.189099982380867,0.9322589635848999,0.3268234133720398,0.5268976092338562,0.9458378553390503
586.0,0.7563571929931641,0.4984169006347656,0.7016833424568176,0.7804790735244751,0.91213059425354,0.6870134472846985,0.3433545231819153,0.18564137816429138,0.9405562877655029,0.3268340229988098,0.5122479796409607,0.9458348155021667
587.0,0.8173102140426636,0.4259945750236511,0.666191577911377,0.7802420854568481,0.9131397008895874,0.6872275471687317,0.36271166801452637,0.1998882293701172,0.9334856867790222,0.3268382251262665,0.497281014919281,0.94583660364151
588.0,0.7749913334846497,0.4843868613243103,0.6878257393836975,0.7810025811195374,0.9207150936126709,0.6865570545196533,0.35484209656715393,0.1955094039440155,0.9362619519233704,0.3271162807941437,0.516326367855072,0.9457393288612366
589.0,0.7857248187065125,0.5141473412513733,0.6781197786331177,0.7815259695053101,0.8993530869483948,0.6862284541130066,0.3434516191482544,0.18542973697185516,0.9400045275688171,0.32719776034355164,0.5243833661079407,0.945709764957428
590.0,0.7937058806419373,0.44191184639930725,0.6761935949325562,0.7810789346694946,0.8896322250366211,0.6866961121559143,0.35820120573043823,0.18710049986839294,0.9361525774002075,0.3271080553531647,0.5195783376693726,0.9457453489303589
591.0,0.7961919903755188,0.4633408188819885,0.6750736832618713,0.7820351123809814,0.9324229955673218,0.6858522891998291,0.3546447455883026,0.16465765237808228,0.9364413619041443,0.3273478150367737,0.5208057165145874,0.9456586241722107
592.0,0.7897922396659851,0.5353559851646423,0.6839434504508972,0.7823277711868286,0.9408779740333557,0.6857064962387085,0.36272290349006653,0.23872260749340057,0.9332788586616516,0.3273729383945465,0.5189841389656067,0.9456550478935242
593.0,0.7837631702423096,0.45184314250946045,0.6750792264938354,0.782268762588501,0.9526659846305847,0.685834527015686,0.3484637439250946,0.22161293029785156,0.9384180307388306,0.3273850083351135,0.5167344212532043,0.9456520080566406
594.0,0.8141759037971497,0.43901005387306213,0.6562733054161072,0.7827987670898438,0.9536283016204834,0.6854532361030579,0.3569907248020172,0.17791743576526642,0.9349814653396606,0.3275446593761444,0.5227198600769043,0.9455981850624084
595.0,0.8145347833633423,0.3933548033237457,0.6698673963546753,0.7825457453727722,0.9529266953468323,0.6856669783592224,0.35902318358421326,0.17230652272701263,0.9346600770950317,0.3274923264980316,0.5004480481147766,0.9456180334091187
596.0,0.7776461243629456,0.5254424214363098,0.6919496059417725,0.783152163028717,1.0261403322219849,0.6852102875709534,0.3525557816028595,0.17872533202171326,0.936965823173523,0.32765039801597595,0.5124601125717163,0.9455645084381104
597.0,0.7946373820304871,0.4189574122428894,0.6779382824897766,0.7834736704826355,1.0005396604537964,0.6850563883781433,0.35607898235321045,0.21620891988277435,0.9356870055198669,0.3277304768562317,0.5051234364509583,0.9455388784408569
598.0,0.7727864384651184,0.3869994878768921,0.6914728283882141,0.7832062244415283,1.0092464685440063,0.6853699088096619,0.3548191785812378,0.18312592804431915,0.9359079003334045,0.32763609290122986,0.522138774394989,0.9455703496932983
599.0,0.7703545093536377,0.39045676589012146,0.7033213376998901,0.7831379175186157,0.998218834400177,0.6854634881019592,0.35674113035202026,0.20756478607654572,0.935566782951355,0.32752132415771484,0.533298909664154,0.9456096887588501
600.0,0.8155427575111389,0.4700470566749573,0.6673352122306824,0.7838805317878723,0.9982129335403442,0.6848520040512085,0.36444517970085144,0.2089845985174179,0.9333891868591309,0.3276004493236542,0.5311362147331238,0.9455805420875549
601.0,0.8090711236000061,0.43342462182044983,0.6647086143493652,0.7846066951751709,0.9924762845039368,0.6843233108520508,0.3632763922214508,0.21232686936855316,0.9337563514709473,0.3278754949569702,0.5313631296157837,0.9454880952835083
602.0,0.7981659770011902,0.41627612709999084,0.6744660139083862,0.7845184206962585,0.9900338053703308,0.684553861618042,0.3588038682937622,0.179586261510849,0.9350143671035767,0.32786402106285095,0.5314033031463623,0.9454957842826843
603.0,0.8143545389175415,0.5193772912025452,0.6627596616744995,0.7846390604972839,0.9748823046684265,0.6845152974128723,0.3680115342140198,0.18659043312072754,0.932279646396637,0.3278648257255554,0.5193210244178772,0.945497453212738
604.0,0.8152526021003723,0.4267232120037079,0.665440559387207,0.7851417660713196,0.9768426418304443,0.6841519474983215,0.3578866124153137,0.24043147265911102,0.9352725148200989,0.3279687762260437,0.5383221507072449,0.9454624652862549
605.0,0.7967554926872253,0.417657732963562,0.6738207936286926,0.7851626873016357,0.9727704524993896,0.6841875314712524,0.3556917607784271,0.15880171954631805,0.9363391399383545,0.32790157198905945,0.5367234349250793,0.945482611656189
606.0,0.8085276484489441,0.5664819478988647,0.6700378656387329,0.7854070067405701,0.9666222333908081,0.6839911937713623,0.3695630431175232,0.25986024737358093,0.9314315319061279,0.32786521315574646,0.5607936382293701,0.9454963803291321
607.0,0.7677494883537292,0.4275803565979004,0.6912590265274048,0.784862756729126,0.9749312996864319,0.6844119429588318,0.35455167293548584,0.17167775332927704,0.9367647171020508,0.327735960483551,0.5655765533447266,0.9455401301383972
608.0,0.7939808964729309,0.4220813512802124,0.6821851134300232,0.7851092219352722,0.9606815576553345,0.684269368648529,0.3614145815372467,0.19867366552352905,0.9345969557762146,0.3277404010295868,0.5633086562156677,0.9455344080924988
609.0,0.7603120803833008,0.3845840394496918,0.7022202610969543,0.7856366634368896,0.9497606754302979,0.6838567852973938,0.3514600396156311,0.21931827068328857,0.9379698038101196,0.3277971148490906,0.5711178183555603,0.9455143213272095
610.0,0.7946388125419617,0.5314537882804871,0.6752768158912659,0.7856336236000061,0.9488783478736877,0.6839926838874817,0.3565473258495331,0.19916081428527832,0.9358104467391968,0.3278598189353943,0.5658226013183594,0.9454949498176575
611.0,0.7933734059333801,0.4429592490196228,0.6869102120399475,0.7855700254440308,0.9633413553237915,0.684072732925415,0.3693206012248993,0.19644740223884583,0.9322845935821533,0.32777199149131775,0.5498395562171936,0.9455230832099915
612.0,0.7892189025878906,0.5096508264541626,0.6863157153129578,0.7860684394836426,0.9431962370872498,0.6836565136909485,0.3643186092376709,0.21677395701408386,0.9328474998474121,0.32787492871284485,0.545367956161499,0.9454846382141113
613.0,0.8167749643325806,0.4575677216053009,0.6651647090911865,0.7864083051681519,0.9794151186943054,0.6834773421287537,0.3757791519165039,0.2140907496213913,0.9287146329879761,0.32808005809783936,0.5482000708580017,0.9454173445701599
614.0,0.8322675228118896,0.5231214165687561,0.6549617648124695,0.7861626744270325,0.9779531955718994,0.6836633086204529,0.3735068142414093,0.20495203137397766,0.9292014837265015,0.3280341625213623,0.5446975231170654,0.9454297423362732
615.0,0.7977442741394043,0.4935401678085327,0.6762386560440063,0.7872490286827087,0.9746960401535034,0.6828159093856812,0.3592193126678467,0.21834273636341095,0.935562789440155,0.328401654958725,0.546954870223999,0.9453070759773254
616.0,0.7997402548789978,0.4630908966064453,0.6711466908454895,0.7869850993156433,0.961676836013794,0.6831458806991577,0.35301312804222107,0.18629129230976105,0.9370216727256775,0.3283335566520691,0.5417813062667847,0.945330023765564
617.0,0.8208513259887695,0.5197545289993286,0.6554710268974304,0.7874168157577515,0.9646205902099609,0.6827951073646545,0.37223705649375916,0.1863929033279419,0.9309500455856323,0.3285042941570282,0.5459057688713074,0.9452762007713318
618.0,0.8111875057220459,0.5094936490058899,0.6641968488693237,0.7877025008201599,0.9595967531204224,0.6826474666595459,0.37126612663269043,0.21824361383914948,0.9303821325302124,0.3285735547542572,0.5457092523574829,0.9452517032623291
619.0,0.8013309240341187,0.41429510712623596,0.6716566681861877,0.7878516316413879,0.9595890045166016,0.6824967861175537,0.357159823179245,0.1853429675102234,0.9361715316772461,0.32864150404930115,0.5440716743469238,0.9452295303344727
620.0,0.8009697198867798,0.4356769025325775,0.6758723258972168,0.7876397371292114,0.9557279944419861,0.6827589273452759,0.3558615744113922,0.16983440518379211,0.9365810751914978,0.32858142256736755,0.5438164472579956,0.9452500343322754
621.0,0.7948585748672485,0.4224429130554199,0.6782370805740356,0.7883418798446655,0.9423052072525024,0.6822225451469421,0.36855730414390564,0.18401968479156494,0.9304304122924805,0.3285899758338928,0.5468246340751648,0.9452470541000366
622.0,0.8137446045875549,0.5024251341819763,0.664085865020752,0.7883652448654175,0.9436445236206055,0.6822544932365417,0.36982861161231995,0.19825294613838196,0.930986762046814,0.3285927176475525,0.5178647637367249,0.9452515244483948
623.0,0.8175356984138489,0.4488458037376404,0.6633679866790771,0.7891970276832581,0.9496961236000061,0.6815965175628662,0.36410224437713623,0.18035458028316498,0.9335700273513794,0.32886093854904175,0.49772897362709045,0.9451593160629272
624.0,0.8085603713989258,0.4665082097053528,0.6684541702270508,0.7884625196456909,0.9409206509590149,0.6823733448982239,0.3626841902732849,0.21741528809070587,0.93378746509552,0.32874539494514465,0.5048036575317383,0.9452016949653625
625.0,0.8229773044586182,0.44917410612106323,0.6699214577674866,0.7893533110618591,0.9585505723953247,0.681544303894043,0.37250980734825134,0.22569264471530914,0.9303145408630371,0.32885587215423584,0.5064231157302856,0.945158839225769
626.0,0.7796187400817871,0.41457200050354004,0.6886655688285828,0.789301335811615,0.9352041482925415,0.681733250617981,0.35145634412765503,0.21925336122512817,0.9377636313438416,0.3288772702217102,0.512026309967041,0.9451534748077393
627.0,0.811901867389679,0.4468063414096832,0.6663181185722351,0.7896124720573425,0.9523589015007019,0.6815211176872253,0.36578768491744995,0.19181890785694122,0.9329630136489868,0.32900723814964294,0.5061612725257874,0.945111095905304
628.0,0.7931584715843201,0.4410790205001831,0.6797282099723816,0.7901442050933838,0.9461964964866638,0.681111752986908,0.3640395402908325,0.20608769357204437,0.9329074025154114,0.3291703760623932,0.5379661917686462,0.9450553059577942
629.0,0.7851949334144592,0.49066656827926636,0.6829006671905518,0.7907226085662842,1.0241111516952515,0.6807090640068054,0.35919269919395447,0.2118249237537384,0.9344863891601562,0.32925257086753845,0.5528203248977661,0.9450274705886841
630.0,0.8115873336791992,0.5022071599960327,0.6686797738075256,0.7909685373306274,1.0400986671447754,0.6805815100669861,0.3649691641330719,0.20655399560928345,0.9336107969284058,0.3293153643608093,0.5435245037078857,0.9450097680091858
631.0,0.7550110816955566,0.428101122379303,0.7104359865188599,0.7906562685966492,1.0333958864212036,0.6809508800506592,0.3571968972682953,0.18007463216781616,0.9354346990585327,0.3291608989238739,0.5494027733802795,0.9450613856315613
632.0,0.7977822422981262,0.5618557929992676,0.6749693155288696,0.7907028794288635,1.0418254137039185,0.6808837652206421,0.3580479025840759,0.22627606987953186,0.9354874491691589,0.3291627764701843,0.567486584186554,0.9450626373291016
633.0,0.802976667881012,0.42923200130462646,0.6672223210334778,0.7916711568832397,1.0402339696884155,0.6801194548606873,0.36516323685646057,0.18942974507808685,0.9328382015228271,0.3293929100036621,0.5852987170219421,0.9449817538261414
634.0,0.8007637858390808,0.42820388078689575,0.6687250137329102,0.7916932702064514,1.039678931236267,0.680246114730835,0.3616028130054474,0.2177693396806717,0.9338966012001038,0.3294646739959717,0.5872081518173218,0.9449619054794312
635.0,0.8197959661483765,0.5216250419616699,0.6579335331916809,0.7921162843704224,1.0340116024017334,0.6799635887145996,0.359851598739624,0.20286765694618225,0.9347834587097168,0.3295476734638214,0.5653203725814819,0.944935142993927
636.0,0.8349887728691101,0.5381193161010742,0.6423965692520142,0.7915074229240417,1.041695475578308,0.680534839630127,0.36215388774871826,0.1934085190296173,0.933444082736969,0.32935139536857605,0.5355268120765686,0.9450026154518127
637.0,0.7642361521720886,0.4819718897342682,0.694311797618866,0.7922161221504211,1.0393143892288208,0.6798678040504456,0.3494192063808441,0.182101309299469,0.9380942583084106,0.32953065633773804,0.5278308987617493,0.9449405074119568
638.0,0.802745521068573,0.49216559529304504,0.6749581098556519,0.7918506264686584,1.0389081239700317,0.6802607178688049,0.3529486358165741,0.19026032090187073,0.9373236298561096,0.32948562502861023,0.5218616127967834,0.9449591040611267
639.0,0.8021022081375122,0.4716174602508545,0.6753353476524353,0.7920325994491577,1.0376334190368652,0.6801187992095947,0.3594127893447876,0.20452052354812622,0.9346023201942444,0.3294450342655182,0.5222880840301514,0.9449737071990967
640.0,0.8285201191902161,0.5492314100265503,0.6552527546882629,0.7926511764526367,1.0660793781280518,0.6796056032180786,0.37077248096466064,0.1944400519132614,0.9310728311538696,0.3296471834182739,0.5100364685058594,0.9449000954627991
641.0,0.7983325719833374,0.39394164085388184,0.6732982397079468,0.7922506928443909,1.0635242462158203,0.6800605058670044,0.3665144741535187,0.18795301020145416,0.9323995113372803,0.329555481672287,0.5079466104507446,0.9449303150177002
642.0,0.8048877120018005,0.5625483393669128,0.6642730236053467,0.7923850417137146,1.0645443201065063,0.6799972653388977,0.3631904721260071,0.2123798429965973,0.9333593845367432,0.32957175374031067,0.5053697228431702,0.9449207782745361
643.0,0.808374285697937,0.4670462906360626,0.6682813763618469,0.7926875948905945,1.0621058940887451,0.6797810196876526,0.36544981598854065,0.19058756530284882,0.9330349564552307,0.32965075969696045,0.5066449046134949,0.9448959231376648
644.0,0.7899312973022461,0.4709118902683258,0.682510256767273,0.7932920455932617,1.0619511604309082,0.6793691515922546,0.36240336298942566,0.21054276823997498,0.9334567785263062,0.32982155680656433,0.5084502696990967,0.9448376893997192
645.0,0.7902477979660034,0.4304046928882599,0.6842959523200989,0.7927752137184143,1.0622079372406006,0.6798760294914246,0.36026257276535034,0.19111521542072296,0.9345472455024719,0.3297587037086487,0.5044653415679932,0.944862961769104
646.0,0.8212177157402039,0.44722044467926025,0.6615217328071594,0.7936703562736511,1.0636544227600098,0.6791368126869202,0.3592687249183655,0.18145936727523804,0.9349182844161987,0.3300265371799469,0.5224958062171936,0.944766104221344
647.0,0.7908000946044922,0.4856341779232025,0.6807445883750916,0.793861985206604,1.0681827068328857,0.6790280938148499,0.3588186204433441,0.1836271435022354,0.9347307682037354,0.3300851285457611,0.5177968144416809,0.944750189781189
648.0,0.7941609025001526,0.5677163600921631,0.6764088869094849,0.7939441800117493,1.085553765296936,0.6790418028831482,0.3537144362926483,0.19715283811092377,0.9367470145225525,0.33007556200027466,0.5054003000259399,0.9447510838508606
649.0,0.7933826446533203,0.4251217842102051,0.6886097192764282,0.7948847413063049,1.0676063299179077,0.6783589720726013,0.3669160306453705,0.23423311114311218,0.931981086730957,0.3302861750125885,0.4964427053928375,0.9446825981140137
650.0,0.8086673021316528,0.50106281042099,0.6710202693939209,0.7949618101119995,1.0675880908966064,0.6783875823020935,0.35717588663101196,0.20643529295921326,0.935612142086029,0.3303088843822479,0.4996297061443329,0.9446741938591003
651.0,0.8263030648231506,0.5241665244102478,0.6554474234580994,0.7947211861610413,1.0617952346801758,0.6787261366844177,0.3647930324077606,0.20213240385055542,0.9333524107933044,0.33024632930755615,0.5021802186965942,0.9446993470191956
652.0,0.832408607006073,0.4783143103122711,0.6661896705627441,0.7950689792633057,1.0546364784240723,0.6784085035324097,0.3760177493095398,0.19156749546527863,0.9302066564559937,0.3304029703140259,0.503244161605835,0.9446446895599365
653.0,0.7999424934387207,0.3942401111125946,0.6755535006523132,0.7952775955200195,1.0369230508804321,0.678317666053772,0.354251891374588,0.1892697960138321,0.9364436864852905,0.33037203550338745,0.5171695947647095,0.9446531534194946
654.0,0.7914945483207703,0.4733116924762726,0.6819763779640198,0.7952809929847717,1.0366195440292358,0.6783740520477295,0.35041582584381104,0.28494468331336975,0.9376471638679504,0.33032160997390747,0.5238545536994934,0.9446707963943481
655.0,0.8030807971954346,0.3954918384552002,0.6720811128616333,0.794550895690918,1.0359262228012085,0.6789747476577759,0.357661634683609,0.18132361769676208,0.9348383545875549,0.33013662695884705,0.5134555101394653,0.944733738899231
656.0,0.8020146489143372,0.46770238876342773,0.676621675491333,0.796136200428009,1.0390641689300537,0.6776666045188904,0.3565449118614197,0.2202073633670807,0.9361565113067627,0.33056560158729553,0.5280801057815552,0.9445840120315552
657.0,0.7742530107498169,0.5539544820785522,0.6909992694854736,0.7958205938339233,1.0392265319824219,0.6781245470046997,0.3541243374347687,0.20476287603378296,0.9367249608039856,0.33046093583106995,0.5237604379653931,0.944627046585083
658.0,0.7842780947685242,0.46916455030441284,0.6871579885482788,0.7960011959075928,1.039105772972107,0.6780410408973694,0.3647784888744354,0.188871368765831,0.9334182739257812,0.3305070102214813,0.518058180809021,0.9446143507957458
659.0,0.804871678352356,0.47059962153434753,0.6694746613502502,0.7966393232345581,1.0385288000106812,0.6775459051132202,0.3649590015411377,0.20677150785923004,0.9330359697341919,0.33069339394569397,0.5204019546508789,0.9445489048957825
660.0,0.8458705544471741,0.47548654675483704,0.645754337310791,0.7967269420623779,1.040549874305725,0.6775804162025452,0.3802613317966461,0.2854796051979065,0.9269098043441772,0.33071064949035645,0.5524939298629761,0.9445480108261108
661.0,0.8182694911956787,0.42337319254875183,0.6708288788795471,0.796962320804596,1.0346064567565918,0.6774921417236328,0.3640884459018707,0.228606179356575,0.9331410527229309,0.33069729804992676,0.5552563667297363,0.9445551633834839
662.0,0.8265084624290466,0.5270864367485046,0.6601439714431763,0.7966055274009705,1.039536952972412,0.6777921319007874,0.3714296519756317,0.25103136897087097,0.9305264353752136,0.33061736822128296,0.564204216003418,0.9445823431015015
663.0,0.81476891040802,0.4646490812301636,0.6631255149841309,0.7972453832626343,1.0271754264831543,0.6772335767745972,0.36529213190078735,0.18737143278121948,0.9325606226921082,0.3306478261947632,0.5696450471878052,0.9445686340332031
664.0,0.8077595233917236,0.42645132541656494,0.6685022711753845,0.7976319789886475,1.0169328451156616,0.676947832107544,0.35977157950401306,0.2287849634885788,0.9354711174964905,0.3307834565639496,0.5675125122070312,0.9445267915725708
665.0,0.815066933631897,0.5147032141685486,0.6687155961990356,0.797625720500946,1.0215641260147095,0.6770058870315552,0.36168143153190613,0.1883988380432129,0.9346607327461243,0.3307676613330841,0.5586605072021484,0.944532573223114
666.0,0.8064464926719666,0.49790072441101074,0.6709662675857544,0.7978346943855286,1.0231825113296509,0.6768978834152222,0.36256730556488037,0.20499077439308167,0.9332725405693054,0.3307325541973114,0.5633195042610168,0.9445440173149109
667.0,0.7965529561042786,0.48303502798080444,0.6845587491989136,0.7980481386184692,1.0244927406311035,0.6767009496688843,0.3631942570209503,0.20182591676712036,0.9339900016784668,0.33073627948760986,0.5585543513298035,0.9445412755012512
668.0,0.8024453520774841,0.4494159519672394,0.6715521216392517,0.7979333400726318,1.0079872608184814,0.6768717765808105,0.3554927706718445,0.17865684628486633,0.9360731244087219,0.3307519853115082,0.559479832649231,0.9445412755012512
669.0,0.7966842651367188,0.43150001764297485,0.6751768589019775,0.7980571985244751,1.013942837715149,0.6767933368682861,0.3558651804924011,0.20639660954475403,0.9360320568084717,0.33084237575531006,0.5380216836929321,0.9445074796676636
670.0,0.817436933517456,0.5252001881599426,0.6628738641738892,0.7982016801834106,1.0261497497558594,0.6767086386680603,0.3695879280567169,0.19930198788642883,0.9313806295394897,0.33091387152671814,0.5558611154556274,0.9444913268089294
671.0,0.8115999698638916,0.5336658954620361,0.6687685251235962,0.7986323833465576,1.0189365148544312,0.676395833492279,0.35776644945144653,0.2193140685558319,0.935431182384491,0.3310573697090149,0.5447945594787598,0.9444392919540405
672.0,0.8031702041625977,0.48585399985313416,0.6691635847091675,0.7990828156471252,1.0155208110809326,0.6761194467544556,0.3577114939689636,0.19212397933006287,0.9349180459976196,0.3311465382575989,0.5353152751922607,0.9444112181663513
673.0,0.7911472320556641,0.43294697999954224,0.6855726838111877,0.7996607422828674,1.0148234367370605,0.6757121682167053,0.36252981424331665,0.19027487933635712,0.9335340857505798,0.3313561975955963,0.5202001333236694,0.9443411827087402
674.0,0.8108123540878296,0.4065408408641815,0.6760297417640686,0.7999022603034973,1.0132815837860107,0.6756724715232849,0.3493110239505768,0.2222372591495514,0.9381601810455322,0.33136114478111267,0.5452890396118164,0.9443439245223999
675.0,0.803668737411499,0.5212411284446716,0.6781964898109436,0.8004747629165649,1.0133706331253052,0.6752705574035645,0.3753563463687897,0.1739981472492218,0.9299126267433167,0.3314921259880066,0.5463465452194214,0.9442986845970154
676.0,0.8151134252548218,0.5310922265052795,0.6667589545249939,0.7998830676078796,1.0272469520568848,0.6759097576141357,0.3632214069366455,0.19845885038375854,0.9336010217666626,0.33132654428482056,0.5377100706100464,0.9443551898002625
677.0,0.780126690864563,0.38056400418281555,0.6871522068977356,0.8001947402954102,1.0104771852493286,0.6756322979927063,0.3588753342628479,0.21975824236869812,0.9344791769981384,0.331379234790802,0.5151809453964233,0.9443358778953552
678.0,0.8005965948104858,0.449968546628952,0.6812788248062134,0.8010594248771667,0.9958959221839905,0.6749451160430908,0.35973498225212097,0.203499436378479,0.9350940585136414,0.33153218030929565,0.5050559639930725,0.9442786574363708
679.0,0.8099505305290222,0.44674456119537354,0.6711975932121277,0.8011457324028015,0.9867162704467773,0.6749521493911743,0.3631024658679962,0.22456273436546326,0.9339508414268494,0.3315791189670563,0.5107305645942688,0.9442652463912964
680.0,0.8151235580444336,0.4028744101524353,0.6703783869743347,0.8011094331741333,0.9850323796272278,0.6751017570495605,0.3621990382671356,0.18424071371555328,0.9341768026351929,0.3315613567829132,0.516436755657196,0.9442769885063171
681.0,0.8384701609611511,0.5441287755966187,0.6488133668899536,0.8020306825637817,0.9960491061210632,0.6744082570075989,0.3717803359031677,0.22186064720153809,0.9299633502960205,0.3317091464996338,0.5188484191894531,0.944225013256073
682.0,0.8033140301704407,0.4942682385444641,0.6708529591560364,0.8016260862350464,1.00028657913208,0.6747843027114868,0.35140854120254517,0.20422956347465515,0.937233567237854,0.3315529525279999,0.51641845703125,0.9442788362503052
683.0,0.815330982208252,0.3970077931880951,0.6642751097679138,0.8007856607437134,0.9983001947402954,0.6753464937210083,0.36088109016418457,0.22952431440353394,0.9337009191513062,0.3312993347644806,0.5183461904525757,0.9443601369857788
684.0,0.8073774576187134,0.46340492367744446,0.6673441529273987,0.8019577264785767,0.9966437816619873,0.6742743849754333,0.3726976215839386,0.2864663004875183,0.9294895529747009,0.3314312696456909,0.5115680694580078,0.9443110227584839
685.0,0.7998338937759399,0.4134815037250519,0.6850237846374512,0.8018164038658142,1.0025900602340698,0.6745433807373047,0.3586336374282837,0.2246699333190918,0.9365713596343994,0.3313969373703003,0.5102359056472778,0.9443225860595703
686.0,0.8228546977043152,0.46016499400138855,0.6695884466171265,0.8028450608253479,0.9965329170227051,0.6737246513366699,0.36507225036621094,0.24889051914215088,0.93330979347229,0.3316207230091095,0.5086730718612671,0.9442419409751892
687.0,0.8236293792724609,0.44419175386428833,0.6559200286865234,0.8026061654090881,0.9933158159255981,0.6741054058074951,0.3672507405281067,0.20164479315280914,0.9318127632141113,0.33164680004119873,0.5096181035041809,0.9442393183708191
688.0,0.8271222710609436,0.49287182092666626,0.6589769721031189,0.8024526238441467,0.9990105628967285,0.6742691397666931,0.3684244751930237,0.2107847034931183,0.9318158626556396,0.3317069709300995,0.4821113049983978,0.944225549697876
689.0,0.8181813955307007,0.4814574122428894,0.6651873588562012,0.8027380704879761,0.9984215497970581,0.6740121245384216,0.3707340657711029,0.18591737747192383,0.9307276606559753,0.331719309091568,0.47926974296569824,0.9442197680473328
690.0,0.8314375281333923,0.5634415745735168,0.6619763970375061,0.8027167320251465,0.9985750913619995,0.6739882826805115,0.37795916199684143,0.20901057124137878,0.9282644987106323,0.3317389488220215,0.477232426404953,0.9442118406295776
691.0,0.8536901473999023,0.5524128675460815,0.6384506821632385,0.8034655451774597,0.9994385242462158,0.6733981370925903,0.37055572867393494,0.18017546832561493,0.9302941560745239,0.33194583654403687,0.4774695336818695,0.9441445469856262
692.0,0.7928355932235718,0.4958817958831787,0.6813310980796814,0.8031641244888306,1.004641056060791,0.6737598180770874,0.35497087240219116,0.2174822837114334,0.936225950717926,0.3319302201271057,0.45619967579841614,0.9441532492637634
693.0,0.797458291053772,0.4748656451702118,0.6758316159248352,0.8034903407096863,1.0114099979400635,0.673515260219574,0.3634697198867798,0.20312446355819702,0.9328750967979431,0.3320041596889496,0.47137710452079773,0.944130539894104
694.0,0.7736721038818359,0.44759613275527954,0.6988798379898071,0.8036761283874512,1.0133758783340454,0.6734381318092346,0.3572101891040802,0.199783593416214,0.9359424114227295,0.33216461539268494,0.47474801540374756,0.9440760612487793
695.0,0.8099937438964844,0.4402637481689453,0.6713041663169861,0.8039190173149109,1.0107176303863525,0.6732403039932251,0.36308127641677856,0.18991026282310486,0.9335964322090149,0.33217090368270874,0.46828341484069824,0.9440726637840271
696.0,0.8136376142501831,0.544163167476654,0.6648685932159424,0.8047889471054077,1.0092965364456177,0.6725763082504272,0.35744866728782654,0.28985053300857544,0.9364676475524902,0.3323681950569153,0.49831119179725647,0.944007396697998
697.0,0.7890835404396057,0.5078023076057434,0.6847511529922485,0.8054123520851135,1.012918472290039,0.6721988916397095,0.3572295308113098,0.1807321012020111,0.9366614818572998,0.33255502581596375,0.49712666869163513,0.9439482688903809
698.0,0.805960476398468,0.5269988775253296,0.6660288572311401,0.8051990270614624,1.0019322633743286,0.6725158095359802,0.35657206177711487,0.1647913008928299,0.9352057576179504,0.33251306414604187,0.4876824915409088,0.9439635276794434
699.0,0.7983880639076233,0.3964201509952545,0.6755746603012085,0.805655300617218,1.0059564113616943,0.6721869707107544,0.37069690227508545,0.18810565769672394,0.9304429292678833,0.33262214064598083,0.4944646656513214,0.9439273476600647
700.0,0.8097601532936096,0.4408111572265625,0.671653687953949,0.8060935735702515,0.9989414215087891,0.6719583868980408,0.3576487600803375,0.232236847281456,0.9354900121688843,0.33272120356559753,0.5000600218772888,0.9438943266868591
701.0,0.8242000937461853,0.4924048185348511,0.6642042398452759,0.8060983419418335,1.0539042949676514,0.6720491647720337,0.3614296317100525,0.19731956720352173,0.9351752400398254,0.3327291011810303,0.5004177689552307,0.943893313407898
702.0,0.8336747288703918,0.4193212389945984,0.6516774296760559,0.8066450953483582,1.0818686485290527,0.6717329025268555,0.36922645568847656,0.243173748254776,0.9314005970954895,0.3329493999481201,0.47202983498573303,0.9438226819038391
703.0,0.8161992430686951,0.501644492149353,0.6687756776809692,0.8067358732223511,1.0759727954864502,0.6717331409454346,0.3616303503513336,0.2177436649799347,0.9343758821487427,0.3330799639225006,0.46420958638191223,0.9437804222106934
704.0,0.8382382988929749,0.4574572443962097,0.64313805103302,0.8076826333999634,1.072890281677246,0.6710014939308167,0.36861321330070496,0.22359570860862732,0.9310951828956604,0.33339473605155945,0.4609822630882263,0.9436720609664917
705.0,0.823237419128418,0.48883476853370667,0.6595309376716614,0.8071936368942261,1.082302451133728,0.6715635061264038,0.35992956161499023,0.18519112467765808,0.9353148341178894,0.33335331082344055,0.48025429248809814,0.9436910152435303
706.0,0.8213135004043579,0.3958323299884796,0.6697759628295898,0.8079245686531067,1.0444247722625732,0.6710003614425659,0.36980268359184265,0.18712922930717468,0.9311254620552063,0.33351394534111023,0.4939648509025574,0.9436348080635071
707.0,0.8074508905410767,0.42692190408706665,0.6770037412643433,0.8077501654624939,1.0235004425048828,0.671339213848114,0.37222805619239807,0.23810186982154846,0.9301885366439819,0.3335060775279999,0.49146774411201477,0.9436415433883667
708.0,0.8197733759880066,0.45769667625427246,0.6598858833312988,0.8080175518989563,1.033994197845459,0.6711221933364868,0.36715152859687805,0.19953566789627075,0.9319414496421814,0.33366474509239197,0.5032435059547424,0.9435902237892151
709.0,0.8045307993888855,0.5473009943962097,0.6691433787345886,0.8085047602653503,1.0441408157348633,0.6708082556724548,0.36745685338974,0.21701689064502716,0.9320650100708008,0.3338020443916321,0.4916650652885437,0.9435458183288574
710.0,0.8345189094543457,0.5500966310501099,0.6559450626373291,0.808380663394928,1.0535874366760254,0.6710351705551147,0.3622862994670868,0.17444615066051483,0.9336467981338501,0.3338199555873871,0.5215216875076294,0.943535327911377
711.0,0.8177198767662048,0.519228458404541,0.6695414185523987,0.8086208701133728,1.0356736183166504,0.6708213090896606,0.37102600932121277,0.19906944036483765,0.9300411939620972,0.3338465690612793,0.5167513489723206,0.9435240626335144
712.0,0.8300483822822571,0.5147076845169067,0.6570874452590942,0.8090348243713379,1.0479495525360107,0.6705233454704285,0.3761381208896637,0.2243722379207611,0.9290456175804138,0.3339807391166687,0.5311740636825562,0.9434807300567627
713.0,0.8309078812599182,0.4968302249908447,0.6673180460929871,0.8084232211112976,1.0502634048461914,0.6710547804832458,0.3753490447998047,0.2144208699464798,0.9295806884765625,0.33375874161720276,0.5131257772445679,0.9435593485832214
714.0,0.8467394113540649,0.5245746970176697,0.6478029489517212,0.8086696863174438,1.040106177330017,0.6708852648735046,0.3619254529476166,0.19846834242343903,0.9339958429336548,0.33381009101867676,0.511177659034729,0.9435407519340515
715.0,0.8158319592475891,0.4314596354961395,0.6691809892654419,0.808976948261261,1.0509637594223022,0.6706138253211975,0.3664095103740692,0.18272659182548523,0.932547926902771,0.33382555842399597,0.48328110575675964,0.9435321688652039
716.0,0.8031435608863831,0.4638015329837799,0.6793396472930908,0.8097233772277832,1.0489212274551392,0.6701585054397583,0.3537784516811371,0.18646188080310822,0.9368314743041992,0.33402442932128906,0.48177218437194824,0.9434612989425659
717.0,0.8184793591499329,0.4473382532596588,0.6685556173324585,0.8098821640014648,1.0509822368621826,0.6701518893241882,0.37177056074142456,0.1950257569551468,0.9302917718887329,0.3340814709663391,0.49300268292427063,0.9434454441070557
718.0,0.826837956905365,0.4568094313144684,0.6570390462875366,0.8100805282592773,1.0215506553649902,0.6700806021690369,0.37273138761520386,0.2430160939693451,0.9302534461021423,0.3341551125049591,0.4945732355117798,0.9434227347373962
719.0,0.8141781091690063,0.36127713322639465,0.6675183773040771,0.8104750514030457,1.0193042755126953,0.6698123812675476,0.36006420850753784,0.1817384511232376,0.9351707100868225,0.33418455719947815,0.4940199553966522,0.9434090852737427
720.0,0.8060514330863953,0.42199206352233887,0.6660974025726318,0.8115102052688599,1.0237939357757568,0.669083297252655,0.36082857847213745,0.2103957235813141,0.9344657063484192,0.33442091941833496,0.49800390005111694,0.9433277249336243
721.0,0.8339312672615051,0.47166872024536133,0.6543669104576111,0.8114509582519531,1.0242304801940918,0.6692371368408203,0.35794633626937866,0.19378508627414703,0.9350788593292236,0.33444347977638245,0.49346163868904114,0.9433273673057556
722.0,0.8368404507637024,0.4558275640010834,0.6600067019462585,0.811975359916687,1.0314491987228394,0.6688068509101868,0.37597599625587463,0.19472485780715942,0.9293293356895447,0.3345686197280884,0.4992668926715851,0.943286120891571
723.0,0.8101928234100342,0.4073163568973541,0.6711934208869934,0.8119359612464905,1.0257289409637451,0.6690157055854797,0.36000487208366394,0.1986730545759201,0.9345116019248962,0.3345828652381897,0.5016095042228699,0.9432845115661621
724.0,0.8235684633255005,0.5716058611869812,0.6632474660873413,0.8121623992919922,1.0170340538024902,0.6688836812973022,0.35783571004867554,0.26528996229171753,0.935096800327301,0.3346810042858124,0.49484601616859436,0.9432554244995117
725.0,0.8375403881072998,0.4414544701576233,0.6585002541542053,0.8120032548904419,1.0053107738494873,0.6690772771835327,0.3674411177635193,0.29370254278182983,0.9330453872680664,0.33463621139526367,0.5003548860549927,0.943269670009613
726.0,0.8259490132331848,0.46449950337409973,0.6610828042030334,0.8121916651725769,1.0123002529144287,0.6689437627792358,0.37421780824661255,0.2764512002468109,0.9299627542495728,0.3345942199230194,0.5057985782623291,0.9432834982872009
727.0,0.8120848536491394,0.49868735671043396,0.6638906002044678,0.8121258616447449,1.0115443468093872,0.6690449118614197,0.3555087745189667,0.1684633195400238,0.9364181756973267,0.3345542550086975,0.5244589447975159,0.943298876285553
728.0,0.7870204448699951,0.4438978135585785,0.6858033537864685,0.8127735257148743,0.9891456365585327,0.668570876121521,0.35673150420188904,0.2771952152252197,0.9358550310134888,0.3347484767436981,0.5400158762931824,0.9432317614555359
729.0,0.8219570517539978,0.44079524278640747,0.6675680875778198,0.8127452731132507,0.990731954574585,0.6687421798706055,0.3585873544216156,0.181228369474411,0.9353058934211731,0.33465903997421265,0.5455359816551208,0.9432638883590698
730.0,0.8403628468513489,0.41663309931755066,0.6464207768440247,0.8130961060523987,0.9923927783966064,0.6683827638626099,0.36732688546180725,0.21899735927581787,0.9319658279418945,0.33468180894851685,0.5453972220420837,0.9432576298713684
731.0,0.8289613127708435,0.4633711576461792,0.6696550846099854,0.8133267164230347,1.0286933183670044,0.6683207154273987,0.3676565885543823,0.20836983621120453,0.9316876530647278,0.3347381353378296,0.555984377861023,0.9432392120361328
732.0,0.8195490837097168,0.46016255021095276,0.660126268863678,0.8133721351623535,1.0162560939788818,0.668403148651123,0.3600555956363678,0.21757394075393677,0.9349106550216675,0.33469709753990173,0.5748593211174011,0.9432518482208252
733.0,0.8137457370758057,0.5145728588104248,0.6735821962356567,0.8137760162353516,1.0223734378814697,0.6680633425712585,0.3664119243621826,0.22737538814544678,0.9326385855674744,0.3347213566303253,0.5712605714797974,0.9432460069656372
734.0,0.8103883266448975,0.4684029817581177,0.6654211282730103,0.8144987225532532,1.0171551704406738,0.6675147414207458,0.3518159091472626,0.23752230405807495,0.9372014999389648,0.3349764943122864,0.5664628148078918,0.9431583285331726
735.0,0.8294945359230042,0.5395343899726868,0.6556946635246277,0.8143091201782227,1.0206236839294434,0.6678566932678223,0.3637690842151642,0.27441298961639404,0.9333019256591797,0.3349634110927582,0.5793164372444153,0.9431611895561218
736.0,0.8227261304855347,0.5587900280952454,0.6652198433876038,0.8149301409721375,1.0208263397216797,0.6674376130104065,0.3607823848724365,0.18496879935264587,0.9350625276565552,0.33518028259277344,0.5739381909370422,0.9430882334709167
737.0,0.8534008860588074,0.42436790466308594,0.6317535042762756,0.8150632977485657,1.0433036088943481,0.6673677563667297,0.372902512550354,0.22882439196109772,0.9298328161239624,0.3352130651473999,0.5407041311264038,0.9430789351463318
738.0,0.8008782863616943,0.4368080496788025,0.6791187524795532,0.8148370385169983,1.0201935768127441,0.6676064133644104,0.36849403381347656,0.1861904263496399,0.9315977096557617,0.3351435363292694,0.5440168976783752,0.9431058168411255
739.0,0.8310559988021851,0.4880668520927429,0.6468126773834229,0.8147242665290833,0.9862793684005737,0.6677075624465942,0.3568238317966461,0.19943702220916748,0.9359501600265503,0.3351316452026367,0.5374999046325684,0.9431118965148926
740.0,0.8305596113204956,0.48213404417037964,0.65328049659729,0.8153747320175171,1.0681802034378052,0.6672051548957825,0.37143388390541077,0.18691010773181915,0.9299805760383606,0.33522117137908936,0.5377578139305115,0.9430752992630005
741.0,0.821389377117157,0.5386574268341064,0.6629049181938171,0.8153347969055176,1.1896603107452393,0.6673677563667297,0.3637552559375763,0.19972488284111023,0.9333509206771851,0.33513927459716797,0.5350774526596069,0.9431034326553345
742.0,0.8267500996589661,0.4399832487106323,0.6567862629890442,0.8160958290100098,1.1893001794815063,0.6667696237564087,0.36519280076026917,0.22474171221256256,0.9336804747581482,0.33530193567276,0.5445107221603394,0.9430481791496277
743.0,0.825456440448761,0.4591939151287079,0.6534026265144348,0.8165895938873291,1.1917957067489624,0.666519045829773,0.37388497591018677,0.22470685839653015,0.9288346171379089,0.33540546894073486,0.5394678115844727,0.943011999130249
744.0,0.8324969410896301,0.47992607951164246,0.6532041430473328,0.8165486454963684,1.1903035640716553,0.6666268706321716,0.3776659369468689,0.22025348246097565,0.9274181723594666,0.3353542387485504,0.5509480237960815,0.9430273771286011
745.0,0.8038293719291687,0.4745926260948181,0.6685587167739868,0.8173762559890747,1.1926239728927612,0.6659553647041321,0.36779770255088806,0.25317373871803284,0.9319354295730591,0.3355695307254791,0.5485390424728394,0.9429503083229065
746.0,0.830628514289856,0.5478782653808594,0.6646702885627747,0.8168972134590149,1.2009398937225342,0.6664645075798035,0.3566265404224396,0.20555531978607178,0.9360476136207581,0.33545032143592834,0.55359947681427,0.942999541759491
747.0,0.8214901685714722,0.5155640840530396,0.6644149422645569,0.8170440196990967,1.181556224822998,0.6663598418235779,0.3463599681854248,0.19665613770484924,0.9395191669464111,0.33545950055122375,0.5486007332801819,0.9429945349693298
748.0,0.8201441168785095,0.6123970150947571,0.6682170629501343,0.8174405097961426,1.1849228143692017,0.6660333871841431,0.3721589744091034,0.21605327725410461,0.9299399256706238,0.3355501890182495,0.5448492765426636,0.9429612159729004
749.0,0.8090263605117798,0.4210638105869293,0.6766901016235352,0.8174821138381958,1.1814037561416626,0.6660555005073547,0.36712610721588135,0.20434537529945374,0.9323705434799194,0.33551156520843506,0.5523238778114319,0.9429697394371033
750.0,0.8400178551673889,0.44456183910369873,0.6561256051063538,0.8179191946983337,1.187300205230713,0.665692150592804,0.370675653219223,0.2103973627090454,0.9306958317756653,0.3355153799057007,0.57135409116745,0.9429618716239929
751.0,0.8370882272720337,0.4489412009716034,0.6540549397468567,0.8180939555168152,1.1929197311401367,0.665635883808136,0.3689960539340973,0.18981337547302246,0.9311977028846741,0.3356259763240814,0.5688216090202332,0.9429193139076233
752.0,0.8409438729286194,0.42644810676574707,0.657963216304779,0.8180753588676453,1.1877999305725098,0.6657339334487915,0.3769385516643524,0.2090378701686859,0.9285788536071777,0.33558088541030884,0.5659106969833374,0.9429376721382141
753.0,0.8318073749542236,0.44665616750717163,0.6568033695220947,0.8186686038970947,1.1894240379333496,0.6651676297187805,0.36854469776153564,0.22191452980041504,0.9311464428901672,0.3357333242893219,0.5769508481025696,0.9428828954696655
754.0,0.8381307125091553,0.41814854741096497,0.6550313234329224,0.8180927038192749,1.1734724044799805,0.6657544374465942,0.36584046483039856,0.1929682046175003,0.9330108761787415,0.33555904030799866,0.5730223059654236,0.9429488778114319
755.0,0.8470397591590881,0.5328466892242432,0.6375399231910706,0.8186274170875549,1.2054396867752075,0.6652556657791138,0.36917802691459656,0.2406114935874939,0.9306696653366089,0.33573204278945923,0.5823744535446167,0.9428893327713013
756.0,0.8228118419647217,0.5547993183135986,0.667572021484375,0.8191973567008972,1.2080479860305786,0.6648629307746887,0.36827021837234497,0.21076872944831848,0.931816577911377,0.3357844948768616,0.5809725522994995,0.9428715109825134
757.0,0.8162016868591309,0.4920181334018707,0.6643424034118652,0.8193331360816956,1.2082306146621704,0.6648608446121216,0.3677523732185364,0.21768581867218018,0.9323624968528748,0.3357400894165039,0.5791641473770142,0.9428864121437073
758.0,0.833856999874115,0.47287166118621826,0.6581310033798218,0.8198259472846985,1.2082232236862183,0.6644765734672546,0.36652231216430664,0.22139126062393188,0.9321581721305847,0.33587825298309326,0.5762531161308289,0.9428382515907288
759.0,0.8235963582992554,0.42836254835128784,0.662809431552887,0.8200743198394775,1.2220081090927124,0.6644071936607361,0.36742904782295227,0.2441428154706955,0.9324694275856018,0.3358129560947418,0.5744640231132507,0.9428625106811523
760.0,0.8212484121322632,0.4625583589076996,0.6734704971313477,0.8199412226676941,1.2116649150848389,0.6646283864974976,0.3631061017513275,0.1951557844877243,0.9344635009765625,0.3357612192630768,0.5698989629745483,0.9428814053535461
761.0,0.8230003714561462,0.5887980461120605,0.6608882546424866,0.8204472661018372,1.2836335897445679,0.6641777157783508,0.368175745010376,0.23400305211544037,0.9312947988510132,0.3358513116836548,0.5623345971107483,0.9428503513336182
762.0,0.8465978503227234,0.43242159485816956,0.648815393447876,0.8198174238204956,1.2754898071289062,0.6647894978523254,0.3768848180770874,0.20492228865623474,0.9295956492424011,0.3357227146625519,0.5650646686553955,0.9428992867469788
763.0,0.8452765941619873,0.4828224182128906,0.6470556259155273,0.8198351860046387,1.2831858396530151,0.6646834015846252,0.373635470867157,0.23085635900497437,0.9291752576828003,0.33573806285858154,0.5601838827133179,0.9428887367248535
764.0,0.8530036211013794,0.4723372757434845,0.6416932940483093,0.8201431035995483,1.2629050016403198,0.6645254492759705,0.3673078715801239,0.1825471818447113,0.9318522810935974,0.33591094613075256,0.5612606406211853,0.9428288340568542
765.0,0.8236871957778931,0.5282862186431885,0.6538386344909668,0.8204736113548279,1.2938834428787231,0.6642955541610718,0.3673306107521057,0.2192050814628601,0.9315676689147949,0.33600443601608276,0.5859261751174927,0.9427974820137024
766.0,0.8210951089859009,0.5825991630554199,0.6660389304161072,0.8207787275314331,1.299593210220337,0.6641055941581726,0.36511391401290894,0.1893737018108368,0.9333442449569702,0.3361116349697113,0.605341374874115,0.9427593946456909
767.0,0.8387231230735779,0.49537110328674316,0.6528750061988831,0.8204636573791504,1.3189753293991089,0.664332926273346,0.37466925382614136,0.23129303753376007,0.9294824600219727,0.33606356382369995,0.6077673435211182,0.9427767395973206
768.0,0.8206359148025513,0.4239141345024109,0.6687701344490051,0.8213353157043457,1.2919780015945435,0.6636025309562683,0.36367905139923096,0.27153098583221436,0.9344925284385681,0.3363395631313324,0.6035187244415283,0.9426835775375366
769.0,0.8525470495223999,0.43593382835388184,0.6438969969749451,0.8216097950935364,1.3125041723251343,0.6635833978652954,0.3607466518878937,0.21153110265731812,0.9344538450241089,0.33644357323646545,0.5997857451438904,0.9426507353782654
770.0,0.8514788746833801,0.4730687141418457,0.6450486779212952,0.821364164352417,1.3168940544128418,0.663933277130127,0.37921908497810364,0.21303968131542206,0.9279316663742065,0.3363395631313324,0.615558385848999,0.9426909685134888
771.0,0.8261595964431763,0.6349092721939087,0.659691572189331,0.8210397958755493,1.3155626058578491,0.6641096472740173,0.3633700907230377,0.1767338514328003,0.9334307312965393,0.3361578583717346,0.6191474795341492,0.9427520036697388
772.0,0.8374201059341431,0.4828105866909027,0.6517801284790039,0.8218965530395508,1.3097827434539795,0.6633849143981934,0.3658204674720764,0.19046428799629211,0.9318802952766418,0.3362836539745331,0.6197067499160767,0.9427083134651184
773.0,0.8357163667678833,0.4903724193572998,0.6574512720108032,0.8223886489868164,1.375477910041809,0.6630806922912598,0.3625473082065582,0.2099045217037201,0.9339877367019653,0.33649274706840515,0.605581521987915,0.9426392912864685
774.0,0.8423869013786316,0.4591916501522064,0.6569940447807312,0.8222348690032959,1.3705530166625977,0.6633689403533936,0.3724874258041382,0.21432280540466309,0.9302428960800171,0.3364669382572174,0.5831344723701477,0.9426472187042236
775.0,0.8217039108276367,0.41394734382629395,0.6652218699455261,0.8226839303970337,1.370078444480896,0.6630397439002991,0.3712906539440155,0.2208920270204544,0.930164635181427,0.3365291357040405,0.5786352157592773,0.9426260590553284
776.0,0.8371988534927368,0.4502376914024353,0.6566643714904785,0.8232779502868652,1.3683133125305176,0.6626419425010681,0.3691154420375824,0.20530927181243896,0.9313648343086243,0.3366977870464325,0.5861594676971436,0.9425674080848694
777.0,0.8326534032821655,0.6133154630661011,0.6574264764785767,0.8232955932617188,1.3718196153640747,0.662835419178009,0.3629024922847748,0.23490965366363525,0.9336718320846558,0.33666354417800903,0.6068417429924011,0.9425752758979797
778.0,0.8672781586647034,0.520963728427887,0.6234524250030518,0.8235730528831482,1.3539295196533203,0.6626519560813904,0.36902058124542236,0.19775518774986267,0.9311046004295349,0.336689293384552,0.6068963408470154,0.9425641894340515
779.0,0.8193961381912231,0.49365511536598206,0.6740736365318298,0.8239277601242065,1.3571727275848389,0.6624376177787781,0.36892169713974,0.21078795194625854,0.9314200282096863,0.3368295729160309,0.6163688898086548,0.9425153136253357
780.0,0.8083962202072144,0.4601009488105774,0.6727614998817444,0.823701024055481,1.3583672046661377,0.6626741886138916,0.35185351967811584,0.19066043198108673,0.9377229809761047,0.3367924988269806,0.6161555051803589,0.9425348043441772
781.0,0.8208304047584534,0.45626479387283325,0.6765488386154175,0.8242254257202148,1.3383444547653198,0.6622721552848816,0.3739449083805084,0.1885676085948944,0.9297447204589844,0.3369438946247101,0.6231861114501953,0.9424834847450256
782.0,0.8553093075752258,0.46253514289855957,0.6401273012161255,0.8244897127151489,1.330930233001709,0.6622183918952942,0.3690931797027588,0.20035457611083984,0.9315114617347717,0.33702173829078674,0.6254215240478516,0.9424539804458618
783.0,0.8569783568382263,0.463265597820282,0.6351931095123291,0.8241991400718689,1.330183982849121,0.6625149846076965,0.3709752857685089,0.21863096952438354,0.9301391839981079,0.33691656589508057,0.6291720271110535,0.9424979090690613
784.0,0.839763879776001,0.4681568145751953,0.6485525369644165,0.8242972493171692,1.3254610300064087,0.6623604893684387,0.3732176721096039,0.21658019721508026,0.9302753210067749,0.3369640111923218,0.6261370778083801,0.9424833059310913
785.0,0.8422216773033142,0.48226550221443176,0.6537453532218933,0.8244212865829468,1.3202875852584839,0.6623743176460266,0.37474358081817627,0.22030216455459595,0.9287416934967041,0.33693087100982666,0.6338135004043579,0.94249427318573
786.0,0.85878586769104,0.48984625935554504,0.6455455422401428,0.8247783780097961,1.273179531097412,0.6620755195617676,0.3728051781654358,0.2893734574317932,0.9304856657981873,0.3370237648487091,0.6342241168022156,0.9424617886543274
787.0,0.8490138649940491,0.45360448956489563,0.6466688513755798,0.8254191875457764,1.294663429260254,0.6615852117538452,0.37069061398506165,0.18706360459327698,0.9310937523841858,0.3372688889503479,0.6375311017036438,0.9423732757568359
788.0,0.8289567232131958,0.5953482389450073,0.6524918079376221,0.8256502747535706,1.292097568511963,0.6614537239074707,0.36162760853767395,0.21649479866027832,0.9336292147636414,0.33729663491249084,0.6318436861038208,0.942366361618042
789.0,0.8550154566764832,0.5404885411262512,0.639961302280426,0.825887143611908,1.2888554334640503,0.6613245010375977,0.3735499978065491,0.19947071373462677,0.9293888807296753,0.3373093008995056,0.6241968870162964,0.9423635005950928
790.0,0.8165378570556641,0.5019664764404297,0.6630879640579224,0.8261799216270447,1.2875375747680664,0.6610502600669861,0.3623501658439636,0.22401008009910583,0.9335018396377563,0.3373914062976837,0.6312993168830872,0.9423373937606812
791.0,0.8150431513786316,0.5235440135002136,0.6697201132774353,0.8266972899436951,1.2875301837921143,0.6607447266578674,0.3644979000091553,0.2400960475206375,0.9340223073959351,0.3375309109687805,0.635080099105835,0.9422894716262817
792.0,0.8411778807640076,0.40865692496299744,0.6465062499046326,0.8272822499275208,1.3110672235488892,0.660480797290802,0.3740074038505554,0.1865449696779251,0.9294081926345825,0.33776652812957764,0.6085591316223145,0.9422120451927185
793.0,0.8333864212036133,0.46066415309906006,0.6531027555465698,0.8274623155593872,1.248402714729309,0.6604562997817993,0.3684716522693634,0.20758499205112457,0.9311292767524719,0.33788564801216125,0.6007129549980164,0.9421764016151428
794.0,0.8501449823379517,0.48806193470954895,0.6504086852073669,0.8279551267623901,1.2530441284179688,0.6600918769836426,0.36821648478507996,0.2452695667743683,0.9313191175460815,0.33797499537467957,0.5955929160118103,0.9421455264091492
795.0,0.8388681411743164,0.5070441961288452,0.6510173082351685,0.8275744915008545,1.2538378238677979,0.6605348587036133,0.3735755681991577,0.33447086811065674,0.9299730062484741,0.33786940574645996,0.5789560079574585,0.94218510389328
796.0,0.8550728559494019,0.4748728573322296,0.6442914009094238,0.8280960917472839,1.2474582195281982,0.6601552367210388,0.36935684084892273,0.1928427666425705,0.9311491250991821,0.3379053771495819,0.5598901510238647,0.9421699047088623
797.0,0.8356330990791321,0.4867634177207947,0.6558309197425842,0.8288261294364929,1.305931568145752,0.6596999168395996,0.3701336979866028,0.23491600155830383,0.9316369295120239,0.3380894660949707,0.5774690508842468,0.9421058297157288
798.0,0.8190725445747375,0.4670843482017517,0.6688305735588074,0.8280599117279053,1.306614637374878,0.6604275107383728,0.36775755882263184,0.18180818855762482,0.9313516616821289,0.3379167318344116,0.5723541378974915,0.9421671032905579
799.0,0.8327180743217468,0.45118993520736694,0.657518208026886,0.828434407711029,1.3063490390777588,0.6601003408432007,0.3601294159889221,0.19483602046966553,0.9343672394752502,0.33800438046455383,0.5852461457252502,0.9421348571777344
800.0,0.8455535173416138,0.4955527186393738,0.6497538089752197,0.8288864493370056,1.2946995496749878,0.6598625779151917,0.3696881830692291,0.1937752217054367,0.9310051202774048,0.3381561040878296,0.5783177018165588,0.9420836567878723
801.0,0.8562605977058411,0.463947057723999,0.6411249041557312,0.82896488904953,1.2546460628509521,0.6599462628364563,0.3692818880081177,0.2453346997499466,0.9305204749107361,0.33826744556427,0.5623044967651367,0.9420484304428101
802.0,0.8535459041595459,0.46491456031799316,0.6427916288375854,0.8286158442497253,1.2964227199554443,0.6601723432540894,0.37555521726608276,0.20469769835472107,0.9290876388549805,0.33822208642959595,0.5641024112701416,0.9420643448829651
803.0,0.8528035879135132,0.5085908770561218,0.6504296660423279,0.8284426927566528,1.2257022857666016,0.6602700352668762,0.38437315821647644,0.2362259477376938,0.9265104532241821,0.3381398022174835,0.5629280805587769,0.942085325717926
804.0,0.8524304628372192,0.5021485090255737,0.6545907855033875,0.8291072249412537,1.2277864217758179,0.6596938371658325,0.37890180945396423,0.22555023431777954,0.9282554984092712,0.33819013833999634,0.5544220209121704,0.9420652389526367
805.0,0.8324753642082214,0.6582759618759155,0.6614027619361877,0.828616201877594,1.2393229007720947,0.660107433795929,0.374085396528244,0.18899992108345032,0.9290831089019775,0.33801791071891785,0.5414276719093323,0.9421269297599792
806.0,0.8461560010910034,0.4512285590171814,0.646622896194458,0.828663170337677,1.2474771738052368,0.6601688265800476,0.37202417850494385,0.22307564318180084,0.930566668510437,0.3380028307437897,0.5330487489700317,0.9421310424804688
807.0,0.8391934037208557,0.599810004234314,0.6610546112060547,0.828974187374115,1.2482720613479614,0.6599636673927307,0.3529341220855713,0.21207277476787567,0.9369563460350037,0.3379763960838318,0.5343921184539795,0.9421375393867493
808.0,0.827226996421814,0.513129711151123,0.6581889986991882,0.8294193744659424,1.2411376237869263,0.659706175327301,0.36007824540138245,0.17887434363365173,0.93412846326828,0.3381277918815613,0.5509825944900513,0.9420871734619141
809.0,0.8543882966041565,0.5125568509101868,0.6295300126075745,0.8290693163871765,1.2329461574554443,0.6599974036216736,0.3667545020580292,0.20757058262825012,0.931285560131073,0.33802270889282227,0.5488146543502808,0.9421287775039673
810.0,0.8247804641723633,0.511744499206543,0.6663394570350647,0.8292843699455261,1.2310454845428467,0.6598673462867737,0.35769543051719666,0.20688816905021667,0.9354462623596191,0.338016539812088,0.5459292531013489,0.9421266317367554
811.0,0.8673331141471863,0.45126011967658997,0.6288519501686096,0.8295081257820129,1.2217835187911987,0.6597174406051636,0.37428581714630127,0.2101764976978302,0.9295687079429626,0.3380792438983917,0.5524699687957764,0.9421085715293884
812.0,0.8514983654022217,0.4606049060821533,0.6447628140449524,0.8297687768936157,1.1825743913650513,0.6595475673675537,0.37577784061431885,0.21915078163146973,0.9292061924934387,0.33812326192855835,0.5504596829414368,0.9420931339263916
813.0,0.8579371571540833,0.568687915802002,0.6493638753890991,0.8297750353813171,1.1771434545516968,0.6596156358718872,0.3754670023918152,0.27034392952919006,0.9291723966598511,0.33809810876846313,0.5361999869346619,0.9421074390411377
814.0,0.8594422340393066,0.49139028787612915,0.6467111110687256,0.8297361135482788,1.1621841192245483,0.659618079662323,0.3739311099052429,0.2122163325548172,0.9296061992645264,0.3380829095840454,0.5357368588447571,0.9421144723892212
815.0,0.8540042638778687,0.5885524153709412,0.6393619775772095,0.8301051259040833,1.1616356372833252,0.6593711972236633,0.36150696873664856,0.19878773391246796,0.933968186378479,0.3381926715373993,0.5492244958877563,0.9420768618583679
816.0,0.8483466506004333,0.4513302445411682,0.6495490074157715,0.8299024701118469,1.18035089969635,0.6596714854240417,0.3735552132129669,0.215892493724823,0.9300400614738464,0.3380380868911743,0.5615581274032593,0.9421287775039673
817.0,0.8475850224494934,0.44826701283454895,0.6501289010047913,0.8303652405738831,1.1869910955429077,0.6591513156890869,0.3714921474456787,0.20003265142440796,0.9318390488624573,0.33812838792800903,0.5617468357086182,0.9420955777168274
818.0,0.8303428888320923,0.5364397168159485,0.6574212312698364,0.8305129408836365,1.1868484020233154,0.6591530442237854,0.36339232325553894,0.2136896550655365,0.9335448145866394,0.33806177973747253,0.562644362449646,0.9421224594116211
819.0,0.8462972640991211,0.41546279191970825,0.6462415456771851,0.8306944966316223,1.1870038509368896,0.6590161919593811,0.3646182119846344,0.2284335494041443,0.9328877329826355,0.33809271454811096,0.5626279711723328,0.942105233669281
820.0,0.8716049790382385,0.5882521867752075,0.6289802193641663,0.8303789496421814,1.1842559576034546,0.6592223644256592,0.3742418885231018,0.18630799651145935,0.9292120933532715,0.3379710912704468,0.5661252737045288,0.9421423673629761
821.0,0.8078281283378601,0.46033212542533875,0.676311731338501,0.8299490809440613,1.1933451890945435,0.6595879793167114,0.3634384274482727,0.23337474465370178,0.9332887530326843,0.3377901315689087,0.5616506338119507,0.9421983957290649
822.0,0.8479915857315063,0.5060662031173706,0.6459981203079224,0.8306465148925781,1.1798564195632935,0.6589093804359436,0.36499863862991333,0.1915556788444519,0.9322502613067627,0.3379609286785126,0.5630194544792175,0.942138135433197
823.0,0.8340378403663635,0.4336584508419037,0.6638057827949524,0.8304550647735596,1.17850923538208,0.65915846824646,0.36707136034965515,0.19933831691741943,0.9317680597305298,0.3378623127937317,0.5611523389816284,0.9421738386154175
824.0,0.8561489582061768,0.4975276589393616,0.6426925659179688,0.8302640318870544,1.1675834655761719,0.6593846678733826,0.3576710820198059,0.2062177062034607,0.9359968900680542,0.33777114748954773,0.5648378729820251,0.9422019720077515
825.0,0.8492147922515869,0.460383802652359,0.6399975419044495,0.8303545117378235,1.1730650663375854,0.6593316197395325,0.3714911937713623,0.21940873563289642,0.9302077293395996,0.3377431333065033,0.5618882179260254,0.9422084093093872
826.0,0.8336756229400635,0.5074305534362793,0.657609760761261,0.8306970000267029,1.1842529773712158,0.659044086933136,0.3689558207988739,0.22318243980407715,0.9307147264480591,0.33782708644866943,0.5605969429016113,0.9421765208244324
827.0,0.8234558701515198,0.5196024179458618,0.6641737222671509,0.8311713933944702,1.1881346702575684,0.658685564994812,0.3610144257545471,0.1960446834564209,0.9348654747009277,0.3379383385181427,0.5575209856033325,0.9421399831771851
828.0,0.8332222104072571,0.47782838344573975,0.6506088376045227,0.8314998745918274,1.1838692426681519,0.6585136651992798,0.36905330419540405,0.23893146216869354,0.9308192729949951,0.3380082845687866,0.5571553111076355,0.9421135187149048
829.0,0.8259523510932922,0.510866641998291,0.6718899011611938,0.8319790363311768,1.1823484897613525,0.6582764983177185,0.36279869079589844,0.1942490190267563,0.9342949986457825,0.3381032943725586,0.558171272277832,0.942086935043335
830.0,0.8748457431793213,0.4871060848236084,0.6286725401878357,0.8322029709815979,1.1794142723083496,0.6581531763076782,0.3735320568084717,0.18663650751113892,0.9300216436386108,0.33815568685531616,0.5696513652801514,0.9420731663703918
831.0,0.8412679433822632,0.5044159889221191,0.6525148749351501,0.8329598903656006,1.199937105178833,0.6576026082038879,0.3623109459877014,0.20231962203979492,0.933660089969635,0.33836719393730164,0.5725775957107544,0.9419979453086853
832.0,0.8713045716285706,0.4841802716255188,0.6245615482330322,0.8316746950149536,1.1918047666549683,0.6588303446769714,0.36906975507736206,0.2083791047334671,0.9303188920021057,0.3380194902420044,0.5725004076957703,0.9421254396438599
833.0,0.8448640704154968,0.5287429094314575,0.6548309326171875,0.8320096731185913,1.2477315664291382,0.6584420204162598,0.37349748611450195,0.2200985550880432,0.9304945468902588,0.33805492520332336,0.5971183180809021,0.9421069025993347
834.0,0.8291347026824951,0.5654062032699585,0.6630277037620544,0.8311882615089417,1.159967064857483,0.6591739654541016,0.36371296644210815,0.24375629425048828,0.9330318570137024,0.33782967925071716,0.6175683736801147,0.9421898722648621
835.0,0.8431437611579895,0.5060465335845947,0.6467058658599854,0.8321449160575867,1.175112247467041,0.658367395401001,0.3660707473754883,0.1949234902858734,0.9323022365570068,0.33793753385543823,0.628268837928772,0.9421488642692566
836.0,0.8323266506195068,0.44135767221450806,0.6599543690681458,0.8321880102157593,1.1802400350570679,0.6584537029266357,0.3681098520755768,0.19869402050971985,0.9319173693656921,0.33794936537742615,0.6231856942176819,0.9421517848968506
837.0,0.8554596900939941,0.48313432931900024,0.6494041681289673,0.8321355581283569,1.1781859397888184,0.6585280895233154,0.3753933012485504,0.20016637444496155,0.9289979934692383,0.33785876631736755,0.648613452911377,0.9421845078468323
838.0,0.8472201228141785,0.44336003065109253,0.6559083461761475,0.8327072858810425,1.1980488300323486,0.6580110192298889,0.36333873867988586,0.19379600882530212,0.9342179298400879,0.33788934350013733,0.6459991931915283,0.9421736598014832
839.0,0.8355626463890076,0.46446719765663147,0.6494792699813843,0.8333974480628967,1.1978750228881836,0.6575064659118652,0.35803186893463135,0.20177602767944336,0.9345731735229492,0.33810290694236755,0.6434193253517151,0.9420998692512512
840.0,0.8818669319152832,0.47811126708984375,0.6320082545280457,0.8334208726882935,1.2057340145111084,0.6576524376869202,0.37954750657081604,0.22659587860107422,0.9282293915748596,0.3381110429763794,0.6448242664337158,0.942096471786499
841.0,0.83451908826828,0.4421705901622772,0.6622399687767029,0.8337924480438232,1.2092485427856445,0.6574116945266724,0.36595985293388367,0.22312113642692566,0.9329272508621216,0.33806169033050537,0.6153092980384827,0.9421130418777466
842.0,0.854747474193573,0.49363189935684204,0.6489947438240051,0.8340747952461243,1.1996206045150757,0.6571823358535767,0.3572756350040436,0.20799808204174042,0.9354349970817566,0.3380436599254608,0.6047658324241638,0.9421136975288391
843.0,0.8512649536132812,0.4624895751476288,0.6482586860656738,0.8346903324127197,1.2114510536193848,0.6567245125770569,0.3732473850250244,0.22160743176937103,0.9294582009315491,0.33831787109375,0.5975649356842041,0.9420206546783447
844.0,0.8452781438827515,0.498243510723114,0.6502314209938049,0.8343095183372498,1.2056431770324707,0.6571681499481201,0.3712614178657532,0.1914244145154953,0.9299432039260864,0.33819130063056946,0.5999656319618225,0.9420655369758606
845.0,0.8363772034645081,0.5130749940872192,0.6618779897689819,0.8342127799987793,1.204818844795227,0.6572079062461853,0.368440717458725,0.22564545273780823,0.9319960474967957,0.3382210433483124,0.5950973033905029,0.9420531988143921
846.0,0.8626237511634827,0.4856521189212799,0.6412627100944519,0.834746241569519,1.2120575904846191,0.6567606329917908,0.3675090968608856,0.21992170810699463,0.9315251708030701,0.3382922112941742,0.5927045941352844,0.9420229196548462
847.0,0.8585251569747925,0.5602294206619263,0.6364821195602417,0.8357970714569092,1.1918071508407593,0.65599125623703,0.36477574706077576,0.2394445836544037,0.9338311553001404,0.33849743008613586,0.590347170829773,0.9419523477554321
848.0,0.8649691939353943,0.5125095844268799,0.6440352201461792,0.8348789215087891,1.184428095817566,0.656923234462738,0.36449354887008667,0.20881284773349762,0.9323371052742004,0.3382722735404968,0.5901651382446289,0.9420367479324341
849.0,0.8483178615570068,0.4973279535770416,0.6498185396194458,0.8351823687553406,1.1845108270645142,0.656676709651947,0.3587919771671295,0.19979137182235718,0.9349787831306458,0.3382408320903778,0.5944141149520874,0.9420492649078369
850.0,0.8193376660346985,0.46998733282089233,0.6615865230560303,0.8350650072097778,1.1596534252166748,0.6567451357841492,0.3663175404071808,0.20077672600746155,0.9327267408370972,0.33821815252304077,0.5949859023094177,0.94205242395401
851.0,0.8356699347496033,0.4712846279144287,0.6639984250068665,0.8358330726623535,1.1440279483795166,0.6561336517333984,0.3642599284648895,0.2001069337129593,0.9334105253219604,0.33838677406311035,0.571025013923645,0.9419919848442078
852.0,0.8567753434181213,0.5605587959289551,0.6512622237205505,0.835148274898529,1.1534600257873535,0.6567749977111816,0.375817209482193,0.200666606426239,0.9294755458831787,0.33810344338417053,0.5762340426445007,0.9420899152755737
853.0,0.8382359147071838,0.4457845091819763,0.6626964807510376,0.835818350315094,1.1279066801071167,0.6561941504478455,0.36581242084503174,0.21984979510307312,0.9330720901489258,0.33826208114624023,0.5904836654663086,0.9420367479324341
854.0,0.8483104705810547,0.4986732602119446,0.6393777132034302,0.8360581994056702,1.1290466785430908,0.6560928821563721,0.3610253930091858,0.21718661487102509,0.9339736700057983,0.33831238746643066,0.5554803013801575,0.9420179128646851
855.0,0.8577415943145752,0.4800606071949005,0.6483398675918579,0.835825502872467,1.128371000289917,0.6562389731407166,0.3726828098297119,0.2401176244020462,0.9295186400413513,0.3382450342178345,0.54615318775177,0.9420388340950012
856.0,0.8230475187301636,0.46682122349739075,0.669316291809082,0.8364802002906799,1.1274076700210571,0.6557580232620239,0.3660103380680084,0.22243857383728027,0.9322635531425476,0.3384072184562683,0.5579798221588135,0.941982090473175
857.0,0.8471550941467285,0.431693434715271,0.6537657380104065,0.8371615409851074,1.1255022287368774,0.6552727818489075,0.3632779121398926,0.1902628242969513,0.9334074258804321,0.3385818600654602,0.5565658211708069,0.9419214129447937
858.0,0.8750398755073547,0.4775521755218506,0.6222234964370728,0.837144672870636,1.1315330266952515,0.655476987361908,0.3733375072479248,0.2602670192718506,0.9296724200248718,0.33858710527420044,0.565048098564148,0.941919207572937
859.0,0.8389161229133606,0.4558091163635254,0.6455934643745422,0.8378245830535889,1.133415699005127,0.6548650860786438,0.3582199513912201,0.19294586777687073,0.9347642064094543,0.33876854181289673,0.560083270072937,0.9418559670448303
860.0,0.8639453053474426,0.4812641739845276,0.6408519148826599,0.8380067944526672,1.1389918327331543,0.6549122929573059,0.37456151843070984,0.23755687475204468,0.9292300343513489,0.3388882279396057,0.5660750865936279,0.94181889295578
861.0,0.8463732004165649,0.5669046640396118,0.6547902226448059,0.8374131321907043,1.1430743932724,0.6554960608482361,0.37040475010871887,0.17301666736602783,0.9310662746429443,0.33872392773628235,0.5682377219200134,0.9418807029724121
862.0,0.8538764715194702,0.49057987332344055,0.6426056027412415,0.838077962398529,1.137688159942627,0.6548746824264526,0.36677029728889465,0.18371139466762543,0.9322910308837891,0.3389047086238861,0.5440117120742798,0.941818356513977
863.0,0.8377491235733032,0.5264232754707336,0.6598539352416992,0.8380925059318542,1.1415770053863525,0.6549316048622131,0.3698137700557709,0.24626027047634125,0.9317450523376465,0.3389713168144226,0.5652102828025818,0.9417961239814758
864.0,0.8457466959953308,0.45789140462875366,0.6306577324867249,0.8383121490478516,1.126358151435852,0.6547562479972839,0.3653425872325897,0.18594267964363098,0.932551383972168,0.3390578329563141,0.5640993118286133,0.9417710304260254
865.0,0.8497564792633057,0.636415958404541,0.6411136388778687,0.8386769890785217,1.1396825313568115,0.6545106172561646,0.3712741434574127,0.2072293758392334,0.9311302304267883,0.33910974860191345,0.5700992345809937,0.9417514204978943
866.0,0.8334255218505859,0.44172775745391846,0.6606788635253906,0.8380292654037476,1.1371562480926514,0.6551020741462708,0.35716837644577026,0.24842791259288788,0.9354172348976135,0.3389919698238373,0.5793742537498474,0.9417977333068848
867.0,0.8875532746315002,0.581481397151947,0.6290040016174316,0.8381760716438293,1.1411609649658203,0.6549873352050781,0.3757914900779724,0.18867312371730804,0.9294417500495911,0.3389962315559387,0.5703104138374329,0.9417943954467773
868.0,0.8377942442893982,0.42883461713790894,0.6532490253448486,0.8377704620361328,1.1095809936523438,0.6553475856781006,0.3637460172176361,0.21654552221298218,0.933557391166687,0.33885908126831055,0.5466556549072266,0.941838800907135
869.0,0.8742767572402954,0.48605042695999146,0.6362277865409851,0.838675856590271,1.105246663093567,0.6546024680137634,0.37415435910224915,0.1971796452999115,0.9293387532234192,0.33909979462623596,0.5378543734550476,0.941757082939148
870.0,0.8336959481239319,0.49296876788139343,0.6551897525787354,0.8387168645858765,1.1010589599609375,0.6546331644058228,0.3715079426765442,0.18827976286411285,0.9310263991355896,0.33911025524139404,0.5637738108634949,0.9417513012886047
871.0,0.8523068428039551,0.5065413117408752,0.6485403180122375,0.8390046954154968,1.1364408731460571,0.6544305086135864,0.3846934735774994,0.20340104401111603,0.9260554909706116,0.339221328496933,0.5681489706039429,0.9417173862457275
872.0,0.8526654243469238,0.6080576181411743,0.6479959487915039,0.8390101194381714,1.0995004177093506,0.654530942440033,0.36197400093078613,0.1820208579301834,0.9340417385101318,0.3392328917980194,0.5648829340934753,0.9417152404785156
873.0,0.8865416049957275,0.5032064318656921,0.6178666353225708,0.8391374945640564,1.1155484914779663,0.6545605659484863,0.3805461823940277,0.19802874326705933,0.9274682402610779,0.33927953243255615,0.5776796936988831,0.941702127456665
874.0,0.8579654097557068,0.5383778214454651,0.6448987126350403,0.839710533618927,1.1179587841033936,0.6541209816932678,0.36578187346458435,0.21331048011779785,0.9328005313873291,0.3394542932510376,0.5773099660873413,0.941641092300415
875.0,0.8126348853111267,0.4618609845638275,0.6692679524421692,0.8406814932823181,1.1141831874847412,0.6534656286239624,0.36495912075042725,0.2355060875415802,0.9331438541412354,0.33968889713287354,0.5839198231697083,0.9415599703788757
876.0,0.8684402108192444,0.4541158676147461,0.6224812269210815,0.8410612940788269,1.1312509775161743,0.6533751487731934,0.3682953715324402,0.18772269785404205,0.9312458634376526,0.3398447036743164,0.5625583529472351,0.9415133595466614
877.0,0.8679622411727905,0.45283323526382446,0.6450802087783813,0.840882420539856,1.125626564025879,0.6535747051239014,0.37390103936195374,0.25418996810913086,0.9303855299949646,0.3398486375808716,0.560035765171051,0.9415097236633301
878.0,0.8474100232124329,0.4254079759120941,0.6526404619216919,0.841968297958374,1.171674370765686,0.6527138352394104,0.36817407608032227,0.22262653708457947,0.931847095489502,0.3401554822921753,0.5612776279449463,0.9414002299308777
879.0,0.8672218918800354,0.6039498448371887,0.637932538986206,0.8420236110687256,1.1796019077301025,0.6529082655906677,0.36957642436027527,0.22184675931930542,0.9309631586074829,0.34024423360824585,0.5590870976448059,0.9413745403289795
880.0,0.8477599024772644,0.5203921794891357,0.6524393558502197,0.8421661853790283,1.178468942642212,0.6528171300888062,0.36508479714393616,0.19175688922405243,0.9324914216995239,0.34029433131217957,0.5606271028518677,0.9413568377494812
881.0,0.8376831412315369,0.5394911170005798,0.6571660041809082,0.8421552777290344,1.1868599653244019,0.6528719067573547,0.35988789796829224,0.20506064593791962,0.9351940751075745,0.3402436673641205,0.5403170585632324,0.9413729310035706
882.0,0.8788744211196899,0.4483625888824463,0.6285696029663086,0.8425946235656738,1.2264772653579712,0.6525720953941345,0.3913567364215851,0.21652752161026,0.9232769012451172,0.34036141633987427,0.547254741191864,0.941336452960968
883.0,0.8417084813117981,0.489532470703125,0.6533198356628418,0.8431185483932495,1.2254693508148193,0.6521770358085632,0.3686406910419464,0.2231711447238922,0.9307283759117126,0.34047433733940125,0.5488108396530151,0.9413025975227356
884.0,0.8579801917076111,0.5208210945129395,0.6482903957366943,0.8429223895072937,1.2182685136795044,0.6524762511253357,0.369375616312027,0.19501589238643646,0.9316004514694214,0.3404359221458435,0.5448315143585205,0.9413158297538757
885.0,0.8602312803268433,0.4326971173286438,0.643500566482544,0.8437132835388184,1.2381234169006348,0.6518247127532959,0.3688499331474304,0.19886265695095062,0.9316999316215515,0.3406592309474945,0.5451585054397583,0.9412360191345215
886.0,0.8627464175224304,0.5146671533584595,0.6421749591827393,0.8431292772293091,1.2367969751358032,0.6524646878242493,0.36979103088378906,0.19966092705726624,0.930898129940033,0.3405102789402008,0.5464048385620117,0.9412921667098999
887.0,0.8483437895774841,0.5858713984489441,0.6502788066864014,0.8439266681671143,1.2369929552078247,0.6517243981361389,0.3760303854942322,0.17618024349212646,0.9291208386421204,0.3406529724597931,0.5458288192749023,0.9412387609481812
888.0,0.8458980917930603,0.4768546521663666,0.6547961831092834,0.8443101644515991,1.209241509437561,0.6515563130378723,0.3575628399848938,0.18366692960262299,0.9358830451965332,0.3407774567604065,0.5442582368850708,0.9411941170692444
889.0,0.8755383491516113,0.5474957227706909,0.6259918808937073,0.8446441888809204,1.2332054376602173,0.6513387560844421,0.3849707245826721,0.20548518002033234,0.9251148104667664,0.3407939374446869,0.5433577299118042,0.9411909580230713
890.0,0.8707631826400757,0.45213696360588074,0.6302092671394348,0.8443057537078857,1.2334285974502563,0.6516222953796387,0.38015976548194885,0.19761349260807037,0.9269140362739563,0.3406916558742523,0.5459715127944946,0.9412246942520142
891.0,0.8734588623046875,0.5153998136520386,0.6351515650749207,0.8452227115631104,1.233659267425537,0.6508376598358154,0.38015925884246826,0.20081737637519836,0.9273406863212585,0.34094637632369995,0.5451110601425171,0.9411307573318481
892.0,0.858137309551239,0.49293529987335205,0.638211190700531,0.845417857170105,1.2065999507904053,0.6508643627166748,0.36625826358795166,0.17965902388095856,0.9328731298446655,0.341056227684021,0.5422765016555786,0.9410934448242188
893.0,0.8639053106307983,0.49960505962371826,0.6455925107002258,0.8451859951019287,1.2100149393081665,0.651120662689209,0.372441828250885,0.21207791566848755,0.9314822554588318,0.34090757369995117,0.538489580154419,0.9411419630050659
894.0,0.8651018142700195,0.5946390628814697,0.6398481726646423,0.8458083271980286,1.2103221416473389,0.6505428552627563,0.36919379234313965,0.21524769067764282,0.9315623044967651,0.34112805128097534,0.552592396736145,0.9410686492919922
895.0,0.8697327375411987,0.4582839906215668,0.6319512724876404,0.8457124829292297,1.1718672513961792,0.6507559418678284,0.3795037865638733,0.23290346562862396,0.9281375408172607,0.3410966396331787,0.5608501434326172,0.941083550453186
896.0,0.8660582304000854,0.6364037990570068,0.6500326991081238,0.8468484878540039,1.1805071830749512,0.6499338746070862,0.37562698125839233,0.21137115359306335,0.9296795129776001,0.34142279624938965,0.5612302422523499,0.9409698843955994
897.0,0.838700532913208,0.4492214620113373,0.6580144762992859,0.8470262289047241,1.2323893308639526,0.6500076055526733,0.3781832754611969,0.19900038838386536,0.9281817674636841,0.34138840436935425,0.5737895369529724,0.9409852027893066
898.0,0.8185871839523315,0.4246547818183899,0.669059693813324,0.8476707339286804,1.2252800464630127,0.6495336890220642,0.367387592792511,0.24088963866233826,0.9322030544281006,0.34159842133522034,0.580642819404602,0.9409134984016418
899.0,0.8543927073478699,0.5076246857643127,0.6462944149971008,0.8483629822731018,1.2193303108215332,0.6491377353668213,0.37000739574432373,0.19469062983989716,0.9312185049057007,0.3417719900608063,0.5805633068084717,0.9408547878265381
900.0,0.8863057494163513,0.5084191560745239,0.6216166615486145,0.8485194444656372,1.222942590713501,0.64912348985672,0.38016995787620544,0.2305741161108017,0.9275470972061157,0.34178900718688965,0.5789592266082764,0.9408528804779053
901.0,0.8755604028701782,0.5288950204849243,0.6325042247772217,0.8481565713882446,1.1777887344360352,0.649427592754364,0.3653583824634552,0.19398123025894165,0.9319034814834595,0.3416924476623535,0.5729204416275024,0.9408902525901794
902.0,0.8659218549728394,0.4796111583709717,0.6365861296653748,0.8485384583473206,1.2767646312713623,0.6491031646728516,0.3828997313976288,0.20125068724155426,0.925838828086853,0.3417212665081024,0.5799931287765503,0.9408743381500244
903.0,0.8518161773681641,0.5808840394020081,0.6503270268440247,0.8482897281646729,1.2538206577301025,0.6493203043937683,0.36442843079566956,0.19057059288024902,0.9332932233810425,0.34162789583206177,0.5870686173439026,0.9409040808677673
904.0,0.8483983874320984,0.5114425420761108,0.6537877917289734,0.8489363789558411,1.2375437021255493,0.6487360596656799,0.385522723197937,0.22520089149475098,0.9262901544570923,0.3418099582195282,0.61090087890625,0.9408447742462158
905.0,0.8663411140441895,0.43546560406684875,0.6383511424064636,0.848081648349762,1.2784137725830078,0.6495433449745178,0.37356290221214294,0.22801965475082397,0.9296029210090637,0.34163737297058105,0.5765174031257629,0.9409038424491882
906.0,0.8466880917549133,0.5339933633804321,0.6501474380493164,0.8489065766334534,1.269608497619629,0.6488692164421082,0.37022092938423157,0.21385452151298523,0.931012749671936,0.3418542146682739,0.5768120884895325,0.9408228397369385
907.0,0.8632884621620178,0.46303850412368774,0.6426876187324524,0.8491237163543701,1.2810126543045044,0.6488040089607239,0.3849055767059326,0.21652984619140625,0.9260064363479614,0.34188756346702576,0.5711466670036316,0.9408125877380371
908.0,0.8798601627349854,0.49275025725364685,0.6282151341438293,0.8493749499320984,1.2786598205566406,0.6486831307411194,0.3842415511608124,0.26044175028800964,0.9264516234397888,0.3419667184352875,0.5691749453544617,0.9407925605773926
909.0,0.850113034248352,0.5514829158782959,0.6488712430000305,0.8496725559234619,1.2775400876998901,0.6485300660133362,0.36327311396598816,0.22219696640968323,0.9338939785957336,0.342073529958725,0.5950668454170227,0.940753698348999
910.0,0.8890745043754578,0.44573017954826355,0.627415120601654,0.8500574231147766,1.2742197513580322,0.6483323574066162,0.3799995183944702,0.18834348022937775,0.9275808930397034,0.34219324588775635,0.5959427952766418,0.9407153725624084
911.0,0.8714000582695007,0.6062794923782349,0.6378198266029358,0.8498186469078064,1.2715363502502441,0.6486526131629944,0.3734380304813385,0.21435458958148956,0.9308515787124634,0.3421310782432556,0.6199249029159546,0.9407387971878052
912.0,0.8800263404846191,0.5784605741500854,0.6308966279029846,0.8505070209503174,1.2680366039276123,0.6481046080589294,0.38530340790748596,0.22782012820243835,0.9251499176025391,0.3423348665237427,0.6286541223526001,0.9406666159629822
913.0,0.855720043182373,0.456881582736969,0.6445359587669373,0.8504164218902588,1.255461573600769,0.6482488512992859,0.3732432425022125,0.20545202493667603,0.9300075173377991,0.34233593940734863,0.6323150396347046,0.940667986869812
914.0,0.8638891577720642,0.5117505192756653,0.6418306827545166,0.8511040210723877,1.2755988836288452,0.647632360458374,0.37183693051338196,0.2296186238527298,0.9306780695915222,0.3424648940563202,0.6410760879516602,0.9406214356422424
915.0,0.8777840733528137,0.5016964673995972,0.6363498568534851,0.8507505059242249,1.2746174335479736,0.6480472683906555,0.3657994866371155,0.18099632859230042,0.9326298236846924,0.3423728942871094,0.5994104743003845,0.9406550526618958
916.0,0.8920393586158752,0.5789485573768616,0.6160656213760376,0.8518258929252625,1.2894797325134277,0.6471355557441711,0.37970075011253357,0.21311283111572266,0.9278652667999268,0.34255844354629517,0.6338183879852295,0.9405829310417175
917.0,0.8569148778915405,0.6631109714508057,0.6513973474502563,0.8515809774398804,1.285381555557251,0.6474380493164062,0.35791733860969543,0.18293419480323792,0.9361301064491272,0.3425028920173645,0.6451596021652222,0.940608024597168
918.0,0.83492112159729,0.4837883412837982,0.6500981450080872,0.8517110347747803,1.3167080879211426,0.6473382115364075,0.3635835647583008,0.18539340794086456,0.9329873919487,0.3424868583679199,0.6428667902946472,0.9406124353408813
919.0,0.8782482147216797,0.583317756652832,0.6335914731025696,0.8520012497901917,1.3183906078338623,0.6471530199050903,0.3768821358680725,0.20613326132297516,0.9290222525596619,0.3425820469856262,0.631993293762207,0.9405763745307922
920.0,0.8508328199386597,0.5041601657867432,0.648181676864624,0.8522987961769104,1.3464155197143555,0.6468857526779175,0.3808535039424896,0.24851636588573456,0.9259194135665894,0.3426530361175537,0.6302823424339294,0.9405497908592224
921.0,0.8842672109603882,0.46223628520965576,0.6149197220802307,0.852573573589325,1.3452556133270264,0.646680474281311,0.37937211990356445,0.1897881031036377,0.927653431892395,0.34265780448913574,0.6210232377052307,0.9405453205108643
922.0,0.8833599090576172,0.4530985355377197,0.6213279366493225,0.8530929684638977,1.343622088432312,0.6462408304214478,0.38581347465515137,0.21027348935604095,0.9254019260406494,0.3427484631538391,0.6210820078849792,0.9405116438865662
923.0,0.8693565130233765,0.41996756196022034,0.6405702829360962,0.8523439168930054,1.3556301593780518,0.6469687819480896,0.3620341122150421,0.17297276854515076,0.9339919686317444,0.34251007437705994,0.5854218602180481,0.9405982494354248
924.0,0.8651862740516663,0.5984183549880981,0.6424965262413025,0.8523693680763245,1.4096653461456299,0.646780788898468,0.3612980544567108,0.18069343268871307,0.9339503645896912,0.3425244092941284,0.5766236186027527,0.9405850768089294
925.0,0.8554883599281311,0.49084290862083435,0.6439143419265747,0.8523609638214111,1.3972077369689941,0.6468223333358765,0.3794679343700409,0.21835362911224365,0.9266685843467712,0.3424707353115082,0.5980744957923889,0.9406092166900635
926.0,0.8482011556625366,0.5378822684288025,0.6476245522499084,0.8529108166694641,1.4148869514465332,0.6463963389396667,0.36250099539756775,0.22310686111450195,0.9336129426956177,0.342608779668808,0.5912730693817139,0.9405598044395447
927.0,0.8567248582839966,0.570293128490448,0.6346303224563599,0.8533384203910828,1.4131171703338623,0.6461375951766968,0.38428741693496704,0.262864887714386,0.9256142973899841,0.34268608689308167,0.5882169008255005,0.9405331611633301
928.0,0.8701808452606201,0.4739147424697876,0.6251071691513062,0.853643000125885,1.4162921905517578,0.645991325378418,0.3653876483440399,0.19914355874061584,0.9327744245529175,0.34276583790779114,0.6035007238388062,0.9405068159103394
929.0,0.8478553295135498,0.479654997587204,0.6425278782844543,0.853415310382843,1.4730894565582275,0.6462062001228333,0.3771664500236511,0.21009446680545807,0.9281339645385742,0.3427346646785736,0.599704384803772,0.9405204653739929
930.0,0.8604975342750549,0.4618217349052429,0.6349015831947327,0.8535482883453369,1.4017895460128784,0.6461894512176514,0.3671172857284546,0.20474855601787567,0.9323986768722534,0.3427495062351227,0.5911382436752319,0.94051593542099
931.0,0.8772135376930237,0.47539326548576355,0.6357080340385437,0.8539878726005554,1.4149301052093506,0.6458055973052979,0.3751641809940338,0.2195783257484436,0.9292935729026794,0.3429567515850067,0.5950299501419067,0.9404432773590088
932.0,0.8697816133499146,0.5324222445487976,0.6360663771629333,0.8536934852600098,1.412798523902893,0.6461815237998962,0.3795630931854248,0.23106670379638672,0.9277411103248596,0.3429574966430664,0.5786463618278503,0.9404522776603699
933.0,0.8887355327606201,0.4947877526283264,0.6200656890869141,0.854335606098175,1.4131991863250732,0.6456344127655029,0.3749867379665375,0.2151746302843094,0.9292426705360413,0.34309694170951843,0.5847552418708801,0.9404050707817078
934.0,0.8941481709480286,0.4267004132270813,0.6241666078567505,0.853920578956604,1.4057228565216064,0.646094799041748,0.3924487829208374,0.21212947368621826,0.9231236577033997,0.3429127335548401,0.583311915397644,0.9404718279838562
935.0,0.8769853115081787,0.4435703754425049,0.6274774074554443,0.8545377850532532,1.3922390937805176,0.6456478238105774,0.38291242718696594,0.22137705981731415,0.9261876344680786,0.3431144058704376,0.5831136703491211,0.9404053688049316
936.0,0.8521643280982971,0.5714577436447144,0.6586436033248901,0.8547384738922119,1.3864449262619019,0.6456074118614197,0.3803021013736725,0.2202128767967224,0.9291983246803284,0.34321358799934387,0.5767394304275513,0.9403749704360962
937.0,0.8561490178108215,0.5835975408554077,0.6419322490692139,0.8550275564193726,1.3895586729049683,0.6454322338104248,0.36415180563926697,0.2547181248664856,0.9327983856201172,0.34323814511299133,0.5791371464729309,0.9403719305992126
938.0,0.8766593337059021,0.5342296361923218,0.6424475908279419,0.8548466563224792,1.408530831336975,0.6456696391105652,0.3847416639328003,0.20097166299819946,0.9259896874427795,0.34308961033821106,0.5786378383636475,0.9404220581054688
939.0,0.8605272769927979,0.4742182493209839,0.6424153447151184,0.8554733991622925,1.4169270992279053,0.6452013254165649,0.3734756410121918,0.20415976643562317,0.9296666979789734,0.34322258830070496,0.5780195593833923,0.9403754472732544
940.0,0.843536376953125,0.5369611978530884,0.6525678634643555,0.8551973700523376,1.4168494939804077,0.6455734372138977,0.37283027172088623,0.2462916374206543,0.9295060038566589,0.34320417046546936,0.5755701065063477,0.9403873085975647
941.0,0.8908165097236633,0.512395441532135,0.620527446269989,0.8556912541389465,1.3809502124786377,0.6452412605285645,0.3874187767505646,0.25945550203323364,0.9244717955589294,0.3432450294494629,0.5914320349693298,0.9403721690177917
942.0,0.8718253374099731,0.5357755422592163,0.6280621290206909,0.8559380173683167,1.3778523206710815,0.6451435685157776,0.3834092617034912,0.23048871755599976,0.926903486251831,0.34323418140411377,0.587678074836731,0.9403756856918335
943.0,0.8755961656570435,0.5474321246147156,0.6446482539176941,0.8564327955245972,1.3785150051116943,0.6448050737380981,0.3885585367679596,0.20891046524047852,0.9239659905433655,0.3433566987514496,0.5868509411811829,0.9403301477432251
944.0,0.8762809038162231,0.5208595991134644,0.6250927448272705,0.8566006422042847,1.3802162408828735,0.6447433233261108,0.37758320569992065,0.2081671804189682,0.9276828765869141,0.3434928059577942,0.5902270078659058,0.9402874708175659
945.0,0.8581872582435608,0.4809339940547943,0.6471247673034668,0.8565018773078918,1.432030439376831,0.6449669003486633,0.3697686195373535,0.23089581727981567,0.9309377074241638,0.34332361817359924,0.6073037981987,0.9403484463691711
946.0,0.866988480091095,0.5233374834060669,0.641115128993988,0.8573780655860901,1.4448798894882202,0.6443251967430115,0.37147578597068787,0.20297586917877197,0.9311573505401611,0.3435676097869873,0.6044727563858032,0.9402621984481812
947.0,0.8462159037590027,0.5534837245941162,0.6601252555847168,0.8572280406951904,1.4471535682678223,0.6445318460464478,0.3740560710430145,0.23164397478103638,0.9310203194618225,0.34354642033576965,0.6007729768753052,0.9402686357498169
948.0,0.871894359588623,0.4663547873497009,0.6309439539909363,0.8579362034797668,1.449812650680542,0.64399653673172,0.37819334864616394,0.20401203632354736,0.9281258583068848,0.3436976671218872,0.5977757573127747,0.940213680267334
949.0,0.8753352761268616,0.5587338209152222,0.6300923824310303,0.858485221862793,1.4454394578933716,0.6436546444892883,0.37456461787223816,0.18659763038158417,0.9288344979286194,0.34378135204315186,0.6068507432937622,0.9401845335960388
950.0,0.8676059246063232,0.4450960159301758,0.6406034827232361,0.8575457334518433,1.4521007537841797,0.6445048451423645,0.36841413378715515,0.21846500039100647,0.9309555292129517,0.34352946281433105,0.6006576418876648,0.9402799606323242
951.0,0.8865689635276794,0.44515007734298706,0.6217834949493408,0.8573741316795349,1.4520035982131958,0.6444960832595825,0.37185654044151306,0.19539539515972137,0.9304392337799072,0.343447208404541,0.6004027128219604,0.9403072595596313
952.0,0.8476535081863403,0.5460605621337891,0.6481579542160034,0.8582074642181396,1.450960397720337,0.6438366174697876,0.3670899271965027,0.2151573896408081,0.9322139620780945,0.34367838501930237,0.6030274629592896,0.9402218461036682
953.0,0.8542198538780212,0.42453622817993164,0.6429151892662048,0.8580731749534607,1.441840410232544,0.6441552639007568,0.3761906325817108,0.24226567149162292,0.9287313222885132,0.343729168176651,0.593538761138916,0.9402087926864624
954.0,0.8581680655479431,0.5118444561958313,0.637995183467865,0.858637273311615,1.4521572589874268,0.6437203288078308,0.3694732189178467,0.21585716307163239,0.9321820735931396,0.3439309000968933,0.5892302989959717,0.9401374459266663
955.0,0.8898265361785889,0.5269473195075989,0.6264811754226685,0.8585975170135498,1.4611235857009888,0.643847644329071,0.3933700919151306,0.22088202834129333,0.9223405718803406,0.34395503997802734,0.5601150989532471,0.9401311874389648
956.0,0.8788210153579712,0.4781204164028168,0.6302160620689392,0.8593865036964417,1.4631563425064087,0.643272876739502,0.39060795307159424,0.20899251103401184,0.9238175749778748,0.34408146142959595,0.555128812789917,0.9400886297225952
957.0,0.8666713833808899,0.6203759908676147,0.6335083246231079,0.8592345118522644,1.4633666276931763,0.6435323357582092,0.3679005801677704,0.21520833671092987,0.9320296049118042,0.34419864416122437,0.5506812334060669,0.9400517344474792
958.0,0.8609496355056763,0.45935773849487305,0.6401490569114685,0.8590403199195862,1.4811193943023682,0.643659234046936,0.3740231394767761,0.1904899626970291,0.9295482635498047,0.3442143201828003,0.5658543109893799,0.9400474429130554
959.0,0.8620908856391907,0.5349118709564209,0.6405079960823059,0.8595911860466003,1.4817441701889038,0.6431920528411865,0.37343230843544006,0.22107478976249695,0.9298027157783508,0.34429964423179626,0.5739830732345581,0.9400139451026917
960.0,0.8598886728286743,0.4990132749080658,0.6449849605560303,0.860194206237793,1.4765987396240234,0.6428508162498474,0.3698132634162903,0.257990300655365,0.9311421513557434,0.34445732831954956,0.5810268521308899,0.9399612545967102
961.0,0.8608567118644714,0.4750571846961975,0.6425981521606445,0.8595170974731445,1.489492416381836,0.6434443593025208,0.38157567381858826,0.2294904589653015,0.926956057548523,0.3442573845386505,0.5751029253005981,0.9400310516357422
962.0,0.8846427798271179,0.5512844324111938,0.6302512884140015,0.8596088886260986,1.490410566329956,0.6432370543479919,0.3875589072704315,0.21188244223594666,0.9238240718841553,0.3443075716495514,0.5763920545578003,0.9400120377540588
963.0,0.8839331865310669,0.5673577785491943,0.6239613890647888,0.8593711256980896,1.4911741018295288,0.6433462500572205,0.37851640582084656,0.21879318356513977,0.9286859035491943,0.34423205256462097,0.5768042206764221,0.9400392770767212
964.0,0.8297684192657471,0.5283355116844177,0.6714608669281006,0.8599753379821777,1.478255271911621,0.6428564190864563,0.35979771614074707,0.22512634098529816,0.9350646734237671,0.3443029820919037,0.5726766586303711,0.9400117993354797
965.0,0.8797056674957275,0.48163577914237976,0.6220513582229614,0.8599699139595032,1.4948315620422363,0.642987847328186,0.3723030090332031,0.1814648061990738,0.9299628138542175,0.3443301320075989,0.584365725517273,0.9400060176849365
966.0,0.8781940340995789,0.602295994758606,0.6301000118255615,0.8601356148719788,1.4534095525741577,0.6428521275520325,0.37741923332214355,0.20951448380947113,0.9290725588798523,0.3442593216896057,0.5984037518501282,0.9400294423103333
967.0,0.9064534306526184,0.5211032032966614,0.6083434820175171,0.8599448800086975,1.4374356269836426,0.643001914024353,0.38341444730758667,0.20275157690048218,0.9259231686592102,0.3441462218761444,0.6026886105537415,0.9400695562362671
968.0,0.8920201659202576,0.4448224902153015,0.6174564361572266,0.8606029152870178,1.4160890579223633,0.642463743686676,0.38600462675094604,0.2047353982925415,0.9251388311386108,0.3443325161933899,0.6021618843078613,0.9400061964988708
969.0,0.853489339351654,0.4137718379497528,0.6512869596481323,0.8603288531303406,1.4125880002975464,0.6428156495094299,0.35770389437675476,0.19156403839588165,0.9355913996696472,0.34410300850868225,0.6021788716316223,0.9400872588157654
970.0,0.8681844472885132,0.5242420434951782,0.6428278684616089,0.8601399660110474,1.4132428169250488,0.6428821086883545,0.3823068141937256,0.2059766799211502,0.926533579826355,0.3439805209636688,0.60148686170578,0.9401236176490784
971.0,0.8764429092407227,0.4668670892715454,0.6268039345741272,0.8604506850242615,1.4088659286499023,0.6426663398742676,0.3832939863204956,0.20255112648010254,0.9264435768127441,0.3440074324607849,0.5845973491668701,0.9401100873947144
972.0,0.8590536117553711,0.4374867379665375,0.6484591364860535,0.8601920008659363,1.4229940176010132,0.6428356766700745,0.3751433193683624,0.19678238034248352,0.9304848909378052,0.34402769804000854,0.6180793046951294,0.9401050806045532
973.0,0.8786250352859497,0.6335691809654236,0.633743166923523,0.8602995276451111,1.402662754058838,0.6427237391471863,0.3766772449016571,0.18271812796592712,0.9293347597122192,0.34395647048950195,0.625687837600708,0.9401316046714783
974.0,0.85986328125,0.48767489194869995,0.6366661190986633,0.8600856065750122,1.4137835502624512,0.6429186463356018,0.3674832582473755,0.2042074352502823,0.9324024319648743,0.3438061475753784,0.6126438975334167,0.9401839375495911
975.0,0.8520447015762329,0.5037341117858887,0.640009343624115,0.8600519895553589,1.409668207168579,0.6429771780967712,0.37961435317993164,0.21411952376365662,0.9271203279495239,0.3438073694705963,0.5687786340713501,0.9401842355728149
976.0,0.8386725783348083,0.4518047869205475,0.6609448194503784,0.8600428700447083,1.4164490699768066,0.6429538130760193,0.3660850524902344,0.20226694643497467,0.9322670102119446,0.34371137619018555,0.5707106590270996,0.940205991268158
977.0,0.8682602047920227,0.46229618787765503,0.6413501501083374,0.8602432012557983,1.4126516580581665,0.6427839994430542,0.37974613904953003,0.20940187573432922,0.9270785450935364,0.34375882148742676,0.5671830177307129,0.9401876926422119
978.0,0.888691246509552,0.49672168493270874,0.6279072761535645,0.8601784706115723,1.3997347354888916,0.6428011655807495,0.3676617443561554,0.2131740152835846,0.9321088790893555,0.34366124868392944,0.564917802810669,0.9402203559875488
979.0,0.8575608730316162,0.5680859684944153,0.6394950151443481,0.8603355884552002,1.409976840019226,0.6426262259483337,0.38857877254486084,0.2728866934776306,0.9247192144393921,0.3436819016933441,0.5633562207221985,0.940212607383728
980.0,0.8797415494918823,0.4502078890800476,0.6328831911087036,0.861143171787262,1.4428001642227173,0.6420226693153381,0.377006471157074,0.2360064685344696,0.9289869070053101,0.34390872716903687,0.560731828212738,0.9401333332061768
981.0,0.8801934719085693,0.5365421772003174,0.6327956318855286,0.8609609603881836,1.4754709005355835,0.6422601342201233,0.3734053671360016,0.22295211255550385,0.9296676516532898,0.3439055383205414,0.5578885078430176,0.9401384592056274
982.0,0.8893726468086243,0.523593008518219,0.626756489276886,0.86075359582901,1.4327902793884277,0.6424182653427124,0.3781764805316925,0.18754053115844727,0.9279430508613586,0.3437993824481964,0.5494073629379272,0.9401770234107971
983.0,0.8761658668518066,0.523849606513977,0.639967143535614,0.8611811995506287,1.462528944015503,0.6420257091522217,0.3664778470993042,0.20058034360408783,0.9329562187194824,0.34389322996139526,0.536261796951294,0.9401346445083618
984.0,0.8920149207115173,0.5893537998199463,0.6229270696640015,0.8612135052680969,1.4619672298431396,0.6420617699623108,0.36876723170280457,0.24771487712860107,0.9316776990890503,0.34391018748283386,0.5358834862709045,0.9401295185089111
985.0,0.8856880068778992,0.5850746035575867,0.6254550814628601,0.8615000247955322,1.4628219604492188,0.6418395042419434,0.3646834194660187,0.18341225385665894,0.9331801533699036,0.3438762426376343,0.5439732074737549,0.9401410222053528
986.0,0.8953532576560974,0.46439218521118164,0.6154688000679016,0.8609774112701416,1.4654814004898071,0.6422784328460693,0.37225234508514404,0.19333095848560333,0.9310221672058105,0.34370529651641846,0.5392361283302307,0.9401984810829163
987.0,0.8730543255805969,0.514024019241333,0.6364637017250061,0.8619011044502258,1.4554940462112427,0.6415097117424011,0.37660154700279236,0.21567025780677795,0.9283829927444458,0.343813955783844,0.5394172668457031,0.9401509165763855
988.0,0.878394603729248,0.47156891226768494,0.6340064406394958,0.8613407611846924,1.4686107635498047,0.6420760154724121,0.3821507692337036,0.19049057364463806,0.9268234968185425,0.3437100350856781,0.5340451598167419,0.9401853680610657
989.0,0.8569626808166504,0.4456650912761688,0.6427708268165588,0.8611409664154053,1.468291997909546,0.642259418964386,0.3678649067878723,0.19097116589546204,0.9316607117652893,0.34361857175827026,0.5472157597541809,0.9402183294296265
990.0,0.8768754005432129,0.5206572413444519,0.6293275356292725,0.8622094392776489,1.447737455368042,0.6413745284080505,0.3681190609931946,0.20670929551124573,0.9313961267471313,0.34378716349601746,0.5490895509719849,0.9401527047157288
991.0,0.8535998463630676,0.45991191267967224,0.6462192535400391,0.8619241714477539,1.4565446376800537,0.6417226791381836,0.3820878267288208,0.22861626744270325,0.9261518120765686,0.34374070167541504,0.5511370301246643,0.9401726722717285
992.0,0.8600375652313232,0.4979095458984375,0.6387014389038086,0.8618045449256897,1.470716953277588,0.6418748497962952,0.37551918625831604,0.22452287375926971,0.9283522367477417,0.34362488985061646,0.5539454817771912,0.9402133226394653
993.0,0.8391141891479492,0.5196758508682251,0.6533246636390686,0.8616005778312683,1.457550287246704,0.6419007182121277,0.3598921298980713,0.23808053135871887,0.934169590473175,0.34346455335617065,0.5595203638076782,0.9402670860290527
994.0,0.8724426627159119,0.5079882740974426,0.6303040981292725,0.8606425523757935,1.4503793716430664,0.6426471471786499,0.3727428615093231,0.1829586774110794,0.9293686151504517,0.3431061804294586,0.5529677271842957,0.9403954148292542
995.0,0.9059759974479675,0.4845391511917114,0.6139489412307739,0.8616528511047363,1.4626573324203491,0.6416701674461365,0.377738893032074,0.22406736016273499,0.9290037155151367,0.34341949224472046,0.5596380829811096,0.9402782917022705
996.0,0.897140622138977,0.5636393427848816,0.6202529072761536,0.8616775870323181,1.455269694328308,0.6417868137359619,0.3836733400821686,0.2175295501947403,0.9257631301879883,0.34345096349716187,0.5651342272758484,0.9402680993080139
997.0,0.9012495279312134,0.5185739994049072,0.6169996857643127,0.8616057634353638,1.4383037090301514,0.6419011354446411,0.3773847818374634,0.23143264651298523,0.9284263253211975,0.34347009658813477,0.562659502029419,0.9402604699134827
998.0,0.8807410001754761,0.5538737177848816,0.6296952962875366,0.8618461489677429,1.4523036479949951,0.6416296362876892,0.3741177022457123,0.20100443065166473,0.9298282265663147,0.3435341417789459,0.556016743183136,0.9402393698692322
999.0,0.872494637966156,0.4488307535648346,0.6409755945205688,0.8622738122940063,1.4470014572143555,0.6413652896881104,0.3835342824459076,0.20666611194610596,0.927064836025238,0.3436017334461212,0.5603188276290894,0.9402158856391907
1000.0,0.8824833631515503,0.5371655225753784,0.6196603775024414,0.8633333444595337,1.4394397735595703,0.6405383348464966,0.36998140811920166,0.19476380944252014,0.9303770661354065,0.34394100308418274,0.5616621971130371,0.9400945901870728
1001.0,0.8629588484764099,0.5273445844650269,0.6383629441261292,0.8634031414985657,1.4443578720092773,0.6407253742218018,0.36983561515808105,0.20114953815937042,0.9315571188926697,0.3439769744873047,0.5618987679481506,0.9400891065597534
1002.0,0.8805519938468933,0.48926788568496704,0.6358307003974915,0.862993061542511,1.454930305480957,0.6411536335945129,0.3799678683280945,0.20975704491138458,0.9269827008247375,0.34381404519081116,0.5845750570297241,0.940150797367096
1003.0,0.8749971985816956,0.6180848479270935,0.6467639207839966,0.863111674785614,1.44546377658844,0.6410730481147766,0.39077848196029663,0.23386219143867493,0.9239502549171448,0.3438190519809723,0.556804895401001,0.9401522874832153
1004.0,0.8921905755996704,0.4484395980834961,0.6213443875312805,0.8638867735862732,1.4646836519241333,0.6404004693031311,0.3876437842845917,0.20141242444515228,0.9235823154449463,0.34394368529319763,0.5700200200080872,0.9401036500930786
1005.0,0.8804905414581299,0.547500729560852,0.627678632736206,0.8637564182281494,1.4656651020050049,0.6405625343322754,0.3740498721599579,0.20381365716457367,0.9294266104698181,0.34385553002357483,0.5438733100891113,0.9401368498802185
1006.0,0.8825167417526245,0.4931659698486328,0.6251453161239624,0.8638953566551208,1.4703023433685303,0.640471875667572,0.3731613755226135,0.19999706745147705,0.9294115900993347,0.3438892960548401,0.5451077222824097,0.9401313066482544
1007.0,0.8707157373428345,0.43957197666168213,0.6412375569343567,0.8638867735862732,1.473030924797058,0.6407297849655151,0.37817999720573425,0.1987781673669815,0.9279884696006775,0.34385374188423157,0.5437707901000977,0.9401474595069885
1008.0,0.8973054885864258,0.5107253193855286,0.6228668689727783,0.8646371960639954,1.4702799320220947,0.6401469707489014,0.3712427020072937,0.20738713443279266,0.9305515885353088,0.3440238833427429,0.537179708480835,0.9400917887687683
1009.0,0.8663751482963562,0.5604430437088013,0.6442059278488159,0.8644683957099915,1.4654719829559326,0.6404291391372681,0.371871680021286,0.19671964645385742,0.9298450946807861,0.3439246416091919,0.5410522222518921,0.9401283264160156
1010.0,0.8578732013702393,0.5808864831924438,0.6343384981155396,0.8639625906944275,1.4651165008544922,0.6408169269561768,0.37456753849983215,0.2553176283836365,0.9285892248153687,0.3437638282775879,0.5503464937210083,0.9401867985725403
1011.0,0.9113571643829346,0.5290333032608032,0.5938509702682495,0.8641207814216614,1.3942950963974,0.6404926180839539,0.38671448826789856,0.20399007201194763,0.9239651560783386,0.3438175916671753,0.531636655330658,0.9401605725288391
1012.0,0.8993070125579834,0.4848329722881317,0.6144636869430542,0.8638612627983093,1.4633629322052002,0.6407564282417297,0.39173418283462524,0.2193274199962616,0.9224380850791931,0.34364596009254456,0.5260573625564575,0.9402186870574951
1013.0,0.8703799843788147,0.5134552717208862,0.6409874558448792,0.8641735315322876,1.4395503997802734,0.6403637528419495,0.3818606734275818,0.23686784505844116,0.9265872836112976,0.343597412109375,0.5241659879684448,0.9402328133583069
1014.0,0.8764164447784424,0.5051406621932983,0.6417275071144104,0.8648654222488403,1.4520033597946167,0.6397491097450256,0.3841535449028015,0.22565984725952148,0.9263243079185486,0.34368500113487244,0.5240263938903809,0.9402022957801819
1015.0,0.8482005000114441,0.559349000453949,0.6528201103210449,0.8651588559150696,1.4495060443878174,0.6396903991699219,0.3671354651451111,0.2365301549434662,0.9317340850830078,0.3437751829624176,0.5298487544059753,0.940174400806427
1016.0,0.8737183809280396,0.4992453455924988,0.6343417763710022,0.865212082862854,1.4504679441452026,0.639673113822937,0.3717537522315979,0.1973436176776886,0.9299391508102417,0.3437115252017975,0.5599887371063232,0.9401968717575073
1017.0,0.8673577904701233,0.5393166542053223,0.6317391395568848,0.8654568791389465,1.4535695314407349,0.6394711136817932,0.3869989514350891,0.19286784529685974,0.924237072467804,0.34379804134368896,0.5513714551925659,0.9401697516441345
1018.0,0.8685452938079834,0.46298933029174805,0.6463226079940796,0.8654668927192688,1.3986999988555908,0.6394743919372559,0.37550297379493713,0.2542598843574524,0.9296509623527527,0.34387731552124023,0.5583730936050415,0.9401462078094482
1019.0,0.8895891308784485,0.5236997008323669,0.6231870055198669,0.8651780486106873,1.3935787677764893,0.6397629380226135,0.38168323040008545,0.20368161797523499,0.9270888566970825,0.34384655952453613,0.5632597208023071,0.9401662945747375
1020.0,0.8746412396430969,0.47924309968948364,0.640265166759491,0.8654680252075195,1.4043570756912231,0.6395037770271301,0.366232305765152,0.2390548288822174,0.9320759177207947,0.34387704730033875,0.5587590336799622,0.9401514530181885
1021.0,0.8802335858345032,0.5127120018005371,0.6296005845069885,0.8651278018951416,1.432199239730835,0.6398535966873169,0.37248149514198303,0.19725388288497925,0.9300797581672668,0.3436717092990875,0.5711051225662231,0.9402267336845398
1022.0,0.85364830493927,0.49592819809913635,0.6438208818435669,0.8651897311210632,1.4622308015823364,0.6398067474365234,0.3733346164226532,0.20835688710212708,0.9296834468841553,0.3436378240585327,0.5721070170402527,0.9402382373809814
1023.0,0.8444743156433105,0.5362353324890137,0.6571044325828552,0.8651103973388672,1.4576232433319092,0.6398876309394836,0.36317548155784607,0.18769299983978271,0.9335164427757263,0.3436846435070038,0.564126193523407,0.9402195811271667
1024.0,0.8632243871688843,0.4733853042125702,0.6432613730430603,0.8649489283561707,1.4607646465301514,0.6400706171989441,0.3658709228038788,0.24255189299583435,0.9325875639915466,0.3435991704463959,0.5598161816596985,0.9402453899383545
