

================================================================
== Vitis HLS Report for 'p_anonymous_namespace_quantize_update_block'
================================================================
* Date:           Sun Aug  2 05:05:58 2026

* Version:        2025.2 (Build 6295257 on Nov 14 2025)
* Project:        gdn_e2m0_hls
* Solution:       u55c_250mhz (Vivado IP Flow Target)
* Product family: virtexuplusHBM
* Target device:  xcu55c-fsvh2892-2L-e


================================================================
== Performance Estimates
================================================================
+ Timing: 
    * Summary: 
    +--------+---------+----------+------------+
    |  Clock |  Target | Estimated| Uncertainty|
    +--------+---------+----------+------------+
    |ap_clk  |  4.00 ns|  3.106 ns|     1.08 ns|
    +--------+---------+----------+------------+

+ Latency: 
    * Summary: 
    +---------+---------+----------+----------+-----+------+---------+
    |  Latency (cycles) |  Latency (absolute) |  Interval  | Pipeline|
    |   min   |   max   |    min   |    max   | min |  max |   Type  |
    +---------+---------+----------+----------+-----+------+---------+
    |      508|     2106|  2.032 us|  8.424 us|  508|  2106|       no|
    +---------+---------+----------+----------+-----+------+---------+

    + Detail: 
        * Instance: 
        +------------------------------------------------------------------------------------------+-----------------------------------------------------------------------------+---------+---------+-----------+-----------+-----+-----+-------------------+
        |                                                                                          |                                                                             |  Latency (cycles) |   Latency (absolute)  |  Interval |      Pipeline     |
        |                                         Instance                                         |                                    Module                                   |   min   |   max   |    min    |    max    | min | max |        Type       |
        +------------------------------------------------------------------------------------------+-----------------------------------------------------------------------------+---------+---------+-----------+-----------+-----+-----+-------------------+
        |grp_aligned_sum_guarded_2_1_fu_21503                                                      |aligned_sum_guarded_2_1                                                      |        7|       15|  28.000 ns|  60.000 ns|    7|   15|                 no|
        |grp_p_anonymous_namespace_quantize_update_block_Pipeline_quantize_update_second_fu_21513  |p_anonymous_namespace_quantize_update_block_Pipeline_quantize_update_second  |       55|       55|   0.220 us|   0.220 us|    0|    0|  loop pipeline stp|
        +------------------------------------------------------------------------------------------+-----------------------------------------------------------------------------+---------+---------+-----------+-----------+-----+-----+-------------------+

        * Loop: 
        +-------------------------+---------+---------+----------+-----------+-----------+------+----------+
        |                         |  Latency (cycles) | Iteration|  Initiation Interval  | Trip |          |
        |        Loop Name        |   min   |   max   |  Latency |  achieved |   target  | Count| Pipelined|
        +-------------------------+---------+---------+----------+-----------+-----------+------+----------+
        |- quantize_update_first  |      384|     1728|   12 ~ 54|          -|          -|    32|        no|
        +-------------------------+---------+---------+----------+-----------+-----------+------+----------+



================================================================
== Utilization Estimates
================================================================
* Summary: 
+---------------------+---------+------+---------+---------+-----+
|         Name        | BRAM_18K|  DSP |    FF   |   LUT   | URAM|
+---------------------+---------+------+---------+---------+-----+
|DSP                  |        -|     -|        -|        -|    -|
|Expression           |        -|     -|        0|   116549|    -|
|FIFO                 |        -|     -|        -|        -|    -|
|Instance             |        -|     -|     6809|    16216|    -|
|Memory               |        -|     -|        -|        -|    -|
|Multiplexer          |        -|     -|        0|    24654|    -|
|Register             |        -|     -|    22084|        -|    -|
+---------------------+---------+------+---------+---------+-----+
|Total                |        0|     0|    28893|   157419|    0|
+---------------------+---------+------+---------+---------+-----+
|Available SLR        |     1344|  3008|   869120|   434560|  320|
+---------------------+---------+------+---------+---------+-----+
|Utilization SLR (%)  |        0|     0|        3|       36|    0|
+---------------------+---------+------+---------+---------+-----+
|Available            |     4032|  9024|  2607360|  1303680|  960|
+---------------------+---------+------+---------+---------+-----+
|Utilization (%)      |        0|     0|        1|       12|    0|
+---------------------+---------+------+---------+---------+-----+

+ Detail: 
    * Instance: 
    +------------------------------------------------------------------------------------------+-----------------------------------------------------------------------------+---------+----+------+-------+-----+
    |                                         Instance                                         |                                    Module                                   | BRAM_18K| DSP|  FF  |  LUT  | URAM|
    +------------------------------------------------------------------------------------------+-----------------------------------------------------------------------------+---------+----+------+-------+-----+
    |grp_p_anonymous_namespace_quantize_update_block_Pipeline_quantize_update_second_fu_21513  |p_anonymous_namespace_quantize_update_block_Pipeline_quantize_update_second  |        0|   0|  6809|  15445|    0|
    |partset_128ns_128ns_4ns_7ns_128_1_1_U961                                                  |partset_128ns_128ns_4ns_7ns_128_1_1                                          |        0|   0|     0|    144|    0|
    |partset_32ns_32ns_8ns_5ns_32_1_1_U962                                                     |partset_32ns_32ns_8ns_5ns_32_1_1                                             |        0|   0|     0|    144|    0|
    |partset_32ns_32ns_8ns_5ns_32_1_1_U963                                                     |partset_32ns_32ns_8ns_5ns_32_1_1                                             |        0|   0|     0|    144|    0|
    |sparsemux_17_3_4_1_1_U960                                                                 |sparsemux_17_3_4_1_1                                                         |        0|   0|     0|     43|    0|
    |sparsemux_65_5_16_1_1_x_U959                                                              |sparsemux_65_5_16_1_1_x                                                      |        0|   0|     0|    148|    0|
    |sparsemux_65_5_32_1_1_U958                                                                |sparsemux_65_5_32_1_1                                                        |        0|   0|     0|    148|    0|
    +------------------------------------------------------------------------------------------+-----------------------------------------------------------------------------+---------+----+------+-------+-----+
    |Total                                                                                     |                                                                             |        0|   0|  6809|  16216|    0|
    +------------------------------------------------------------------------------------------+-----------------------------------------------------------------------------+---------+----+------+-------+-----+

    * DSP: 
    N/A

    * Memory: 
    N/A

    * FIFO: 
    N/A

    * Expression: 
    +---------------------------------+----------+----+---+------+------------+------------+
    |          Variable Name          | Operation| DSP| FF|  LUT | Bitwidth P0| Bitwidth P1|
    +---------------------------------+----------+----+---+------+------------+------------+
    |add_ln113_3_fu_71755_p2          |         +|   0|  0|    17|          17|           2|
    |add_ln113_fu_45279_p2            |         +|   0|  0|    17|          17|           2|
    |add_ln120_fu_71985_p2            |         +|   0|  0|    16|           9|           2|
    |add_ln241_1_fu_71744_p2          |         +|   0|  0|    24|          17|          17|
    |add_ln241_fu_45268_p2            |         +|   0|  0|    24|          17|          17|
    |add_ln243_2_fu_71749_p2          |         +|   0|  0|    24|          17|           4|
    |add_ln243_fu_45273_p2            |         +|   0|  0|    24|          17|           4|
    |add_ln278_fu_71979_p2            |         +|   0|  0|    15|           8|           2|
    |add_ln287_fu_47657_p2            |         +|   0|  0|    71|          64|           1|
    |add_ln40_1_fu_48242_p2           |         +|   0|  0|    23|          16|          16|
    |add_ln40_2_fu_72038_p2           |         +|   0|  0|    16|          16|           8|
    |add_ln40_3_fu_72043_p2           |         +|   0|  0|    16|          16|          16|
    |add_ln40_fu_46163_p2             |         +|   0|  0|    23|          16|          16|
    |add_ln44_100_fu_62681_p2         |         +|   0|  0|    17|          17|           2|
    |add_ln44_102_fu_63421_p2         |         +|   0|  0|    17|          17|           2|
    |add_ln44_104_fu_64161_p2         |         +|   0|  0|    17|          17|           2|
    |add_ln44_106_fu_64901_p2         |         +|   0|  0|    17|          17|           2|
    |add_ln44_108_fu_65641_p2         |         +|   0|  0|    17|          17|           2|
    |add_ln44_10_fu_26069_p2          |         +|   0|  0|    17|          17|           2|
    |add_ln44_110_fu_66381_p2         |         +|   0|  0|    17|          17|           2|
    |add_ln44_112_fu_67121_p2         |         +|   0|  0|    17|          17|           2|
    |add_ln44_114_fu_67861_p2         |         +|   0|  0|    17|          17|           2|
    |add_ln44_116_fu_68601_p2         |         +|   0|  0|    17|          17|           2|
    |add_ln44_118_fu_69341_p2         |         +|   0|  0|    17|          17|           2|
    |add_ln44_120_fu_70081_p2         |         +|   0|  0|    17|          17|           2|
    |add_ln44_122_fu_70821_p2         |         +|   0|  0|    17|          17|           2|
    |add_ln44_12_fu_26800_p2          |         +|   0|  0|    17|          17|           2|
    |add_ln44_14_fu_27531_p2          |         +|   0|  0|    17|          17|           2|
    |add_ln44_16_fu_28262_p2          |         +|   0|  0|    17|          17|           2|
    |add_ln44_18_fu_28993_p2          |         +|   0|  0|    17|          17|           2|
    |add_ln44_20_fu_29724_p2          |         +|   0|  0|    17|          17|           2|
    |add_ln44_22_fu_30455_p2          |         +|   0|  0|    17|          17|           2|
    |add_ln44_24_fu_31186_p2          |         +|   0|  0|    17|          17|           2|
    |add_ln44_26_fu_31917_p2          |         +|   0|  0|    17|          17|           2|
    |add_ln44_28_fu_32648_p2          |         +|   0|  0|    17|          17|           2|
    |add_ln44_2_fu_23145_p2           |         +|   0|  0|    17|          17|           2|
    |add_ln44_30_fu_33379_p2          |         +|   0|  0|    17|          17|           2|
    |add_ln44_32_fu_34110_p2          |         +|   0|  0|    17|          17|           2|
    |add_ln44_34_fu_34841_p2          |         +|   0|  0|    17|          17|           2|
    |add_ln44_36_fu_35572_p2          |         +|   0|  0|    17|          17|           2|
    |add_ln44_38_fu_36303_p2          |         +|   0|  0|    17|          17|           2|
    |add_ln44_40_fu_37034_p2          |         +|   0|  0|    17|          17|           2|
    |add_ln44_42_fu_37765_p2          |         +|   0|  0|    17|          17|           2|
    |add_ln44_44_fu_38496_p2          |         +|   0|  0|    17|          17|           2|
    |add_ln44_46_fu_39227_p2          |         +|   0|  0|    17|          17|           2|
    |add_ln44_48_fu_39958_p2          |         +|   0|  0|    17|          17|           2|
    |add_ln44_4_fu_23876_p2           |         +|   0|  0|    17|          17|           2|
    |add_ln44_50_fu_40689_p2          |         +|   0|  0|    17|          17|           2|
    |add_ln44_52_fu_41420_p2          |         +|   0|  0|    17|          17|           2|
    |add_ln44_54_fu_42151_p2          |         +|   0|  0|    17|          17|           2|
    |add_ln44_56_fu_42882_p2          |         +|   0|  0|    17|          17|           2|
    |add_ln44_58_fu_43613_p2          |         +|   0|  0|    17|          17|           2|
    |add_ln44_60_fu_44344_p2          |         +|   0|  0|    17|          17|           2|
    |add_ln44_62_fu_48626_p2          |         +|   0|  0|    17|          17|           2|
    |add_ln44_64_fu_49361_p2          |         +|   0|  0|    17|          17|           2|
    |add_ln44_66_fu_50101_p2          |         +|   0|  0|    17|          17|           2|
    |add_ln44_68_fu_50841_p2          |         +|   0|  0|    17|          17|           2|
    |add_ln44_6_fu_24607_p2           |         +|   0|  0|    17|          17|           2|
    |add_ln44_70_fu_51581_p2          |         +|   0|  0|    17|          17|           2|
    |add_ln44_72_fu_52321_p2          |         +|   0|  0|    17|          17|           2|
    |add_ln44_74_fu_53061_p2          |         +|   0|  0|    17|          17|           2|
    |add_ln44_76_fu_53801_p2          |         +|   0|  0|    17|          17|           2|
    |add_ln44_78_fu_54541_p2          |         +|   0|  0|    17|          17|           2|
    |add_ln44_80_fu_55281_p2          |         +|   0|  0|    17|          17|           2|
    |add_ln44_82_fu_56021_p2          |         +|   0|  0|    17|          17|           2|
    |add_ln44_84_fu_56761_p2          |         +|   0|  0|    17|          17|           2|
    |add_ln44_86_fu_57501_p2          |         +|   0|  0|    17|          17|           2|
    |add_ln44_88_fu_58241_p2          |         +|   0|  0|    17|          17|           2|
    |add_ln44_8_fu_25338_p2           |         +|   0|  0|    17|          17|           2|
    |add_ln44_90_fu_58981_p2          |         +|   0|  0|    17|          17|           2|
    |add_ln44_92_fu_59721_p2          |         +|   0|  0|    17|          17|           2|
    |add_ln44_94_fu_60461_p2          |         +|   0|  0|    17|          17|           2|
    |add_ln44_96_fu_61201_p2          |         +|   0|  0|    17|          17|           2|
    |add_ln44_98_fu_61941_p2          |         +|   0|  0|    17|          17|           2|
    |add_ln44_fu_22419_p2             |         +|   0|  0|    17|          17|           2|
    |add_ln45_100_fu_62924_p2         |         +|   0|  0|    17|          17|           2|
    |add_ln45_102_fu_63664_p2         |         +|   0|  0|    17|          17|           2|
    |add_ln45_104_fu_64404_p2         |         +|   0|  0|    17|          17|           2|
    |add_ln45_106_fu_65144_p2         |         +|   0|  0|    17|          17|           2|
    |add_ln45_108_fu_65884_p2         |         +|   0|  0|    17|          17|           2|
    |add_ln45_10_fu_26312_p2          |         +|   0|  0|    17|          17|           2|
    |add_ln45_110_fu_66624_p2         |         +|   0|  0|    17|          17|           2|
    |add_ln45_112_fu_67364_p2         |         +|   0|  0|    17|          17|           2|
    |add_ln45_114_fu_68104_p2         |         +|   0|  0|    17|          17|           2|
    |add_ln45_116_fu_68844_p2         |         +|   0|  0|    17|          17|           2|
    |add_ln45_118_fu_69584_p2         |         +|   0|  0|    17|          17|           2|
    |add_ln45_120_fu_70324_p2         |         +|   0|  0|    17|          17|           2|
    |add_ln45_122_fu_71064_p2         |         +|   0|  0|    17|          17|           2|
    |add_ln45_12_fu_27043_p2          |         +|   0|  0|    17|          17|           2|
    |add_ln45_14_fu_27774_p2          |         +|   0|  0|    17|          17|           2|
    |add_ln45_16_fu_28505_p2          |         +|   0|  0|    17|          17|           2|
    |add_ln45_18_fu_29236_p2          |         +|   0|  0|    17|          17|           2|
    |add_ln45_20_fu_29967_p2          |         +|   0|  0|    17|          17|           2|
    |add_ln45_22_fu_30698_p2          |         +|   0|  0|    17|          17|           2|
    |add_ln45_24_fu_31429_p2          |         +|   0|  0|    17|          17|           2|
    |add_ln45_26_fu_32160_p2          |         +|   0|  0|    17|          17|           2|
    |add_ln45_28_fu_32891_p2          |         +|   0|  0|    17|          17|           2|
    |add_ln45_2_fu_23388_p2           |         +|   0|  0|    17|          17|           2|
    |add_ln45_30_fu_33622_p2          |         +|   0|  0|    17|          17|           2|
    |add_ln45_32_fu_34353_p2          |         +|   0|  0|    17|          17|           2|
    |add_ln45_34_fu_35084_p2          |         +|   0|  0|    17|          17|           2|
    |add_ln45_36_fu_35815_p2          |         +|   0|  0|    17|          17|           2|
    |add_ln45_38_fu_36546_p2          |         +|   0|  0|    17|          17|           2|
    |add_ln45_40_fu_37277_p2          |         +|   0|  0|    17|          17|           2|
    |add_ln45_42_fu_38008_p2          |         +|   0|  0|    17|          17|           2|
    |add_ln45_44_fu_38739_p2          |         +|   0|  0|    17|          17|           2|
    |add_ln45_46_fu_39470_p2          |         +|   0|  0|    17|          17|           2|
    |add_ln45_48_fu_40201_p2          |         +|   0|  0|    17|          17|           2|
    |add_ln45_4_fu_24119_p2           |         +|   0|  0|    17|          17|           2|
    |add_ln45_50_fu_40932_p2          |         +|   0|  0|    17|          17|           2|
    |add_ln45_52_fu_41663_p2          |         +|   0|  0|    17|          17|           2|
    |add_ln45_54_fu_42394_p2          |         +|   0|  0|    17|          17|           2|
    |add_ln45_56_fu_43125_p2          |         +|   0|  0|    17|          17|           2|
    |add_ln45_58_fu_43856_p2          |         +|   0|  0|    17|          17|           2|
    |add_ln45_60_fu_44587_p2          |         +|   0|  0|    17|          17|           2|
    |add_ln45_62_fu_48868_p2          |         +|   0|  0|    17|          17|           2|
    |add_ln45_64_fu_49604_p2          |         +|   0|  0|    17|          17|           2|
    |add_ln45_66_fu_50344_p2          |         +|   0|  0|    17|          17|           2|
    |add_ln45_68_fu_51084_p2          |         +|   0|  0|    17|          17|           2|
    |add_ln45_6_fu_24850_p2           |         +|   0|  0|    17|          17|           2|
    |add_ln45_70_fu_51824_p2          |         +|   0|  0|    17|          17|           2|
    |add_ln45_72_fu_52564_p2          |         +|   0|  0|    17|          17|           2|
    |add_ln45_74_fu_53304_p2          |         +|   0|  0|    17|          17|           2|
    |add_ln45_76_fu_54044_p2          |         +|   0|  0|    17|          17|           2|
    |add_ln45_78_fu_54784_p2          |         +|   0|  0|    17|          17|           2|
    |add_ln45_80_fu_55524_p2          |         +|   0|  0|    17|          17|           2|
    |add_ln45_82_fu_56264_p2          |         +|   0|  0|    17|          17|           2|
    |add_ln45_84_fu_57004_p2          |         +|   0|  0|    17|          17|           2|
    |add_ln45_86_fu_57744_p2          |         +|   0|  0|    17|          17|           2|
    |add_ln45_88_fu_58484_p2          |         +|   0|  0|    17|          17|           2|
    |add_ln45_8_fu_25581_p2           |         +|   0|  0|    17|          17|           2|
    |add_ln45_90_fu_59224_p2          |         +|   0|  0|    17|          17|           2|
    |add_ln45_92_fu_59964_p2          |         +|   0|  0|    17|          17|           2|
    |add_ln45_94_fu_60704_p2          |         +|   0|  0|    17|          17|           2|
    |add_ln45_96_fu_61444_p2          |         +|   0|  0|    17|          17|           2|
    |add_ln45_98_fu_62184_p2          |         +|   0|  0|    17|          17|           2|
    |add_ln45_fu_22661_p2             |         +|   0|  0|    17|          17|           2|
    |add_ln464_fu_45585_p2            |         +|   0|  0|    13|           6|           1|
    |add_ln478_1_fu_46136_p2          |         +|   0|  0|    27|          20|          20|
    |add_ln478_fu_46119_p2            |         +|   0|  0|    27|          20|          20|
    |add_ln493_1_fu_72022_p2          |         +|   0|  0|    20|          20|          20|
    |add_ln493_fu_72003_p2            |         +|   0|  0|    20|          20|          20|
    |add_ln85_fu_46172_p2             |         +|   0|  0|    24|          17|           2|
    |add_ln86_3_fu_71997_p2           |         +|   0|  0|    16|           9|           2|
    |add_ln86_fu_71991_p2             |         +|   0|  0|    16|           9|           1|
    |candidate_top_1_fu_45531_p2      |         +|   0|  0|    16|           9|           2|
    |candidate_top_2_fu_71766_p2      |         +|   0|  0|    24|          17|           2|
    |candidate_top_fu_45290_p2        |         +|   0|  0|    24|          17|           2|
    |grp_fu_21590_p2                  |         +|   0|  0|    71|          64|           1|
    |grp_fu_22079_p2                  |         +|   0|  0|    71|          64|           1|
    |left_top_100_fu_48631_p2         |         +|   0|  0|    17|          17|          17|
    |left_top_101_fu_46373_p2         |         +|   0|  0|    24|          17|          17|
    |left_top_102_fu_49366_p2         |         +|   0|  0|    17|          17|          17|
    |left_top_103_fu_46567_p2         |         +|   0|  0|    24|          17|          17|
    |left_top_104_fu_46753_p2         |         +|   0|  0|    24|          17|          17|
    |left_top_105_fu_50106_p2         |         +|   0|  0|    17|          17|          17|
    |left_top_106_fu_46947_p2         |         +|   0|  0|    24|          17|          17|
    |left_top_107_fu_47133_p2         |         +|   0|  0|    24|          17|          17|
    |left_top_108_fu_50846_p2         |         +|   0|  0|    17|          17|          17|
    |left_top_109_fu_47327_p2         |         +|   0|  0|    24|          17|          17|
    |left_top_110_fu_51586_p2         |         +|   0|  0|    17|          17|          17|
    |left_top_111_fu_52326_p2         |         +|   0|  0|    17|          17|          17|
    |left_top_112_fu_53066_p2         |         +|   0|  0|    17|          17|          17|
    |left_top_113_fu_53806_p2         |         +|   0|  0|    17|          17|          17|
    |left_top_114_fu_54546_p2         |         +|   0|  0|    17|          17|          17|
    |left_top_115_fu_55286_p2         |         +|   0|  0|    17|          17|          17|
    |left_top_116_fu_56026_p2         |         +|   0|  0|    17|          17|          17|
    |left_top_117_fu_56766_p2         |         +|   0|  0|    17|          17|          17|
    |left_top_118_fu_57506_p2         |         +|   0|  0|    17|          17|          17|
    |left_top_119_fu_58246_p2         |         +|   0|  0|    17|          17|          17|
    |left_top_120_fu_58986_p2         |         +|   0|  0|    17|          17|          17|
    |left_top_121_fu_59726_p2         |         +|   0|  0|    17|          17|          17|
    |left_top_122_fu_60466_p2         |         +|   0|  0|    17|          17|          17|
    |left_top_123_fu_61206_p2         |         +|   0|  0|    17|          17|          17|
    |left_top_124_fu_61946_p2         |         +|   0|  0|    17|          17|          17|
    |left_top_125_fu_62686_p2         |         +|   0|  0|    17|          17|          17|
    |left_top_126_fu_63426_p2         |         +|   0|  0|    17|          17|          17|
    |left_top_127_fu_64166_p2         |         +|   0|  0|    17|          17|          17|
    |left_top_128_fu_64906_p2         |         +|   0|  0|    17|          17|          17|
    |left_top_129_fu_65646_p2         |         +|   0|  0|    17|          17|          17|
    |left_top_130_fu_66386_p2         |         +|   0|  0|    17|          17|          17|
    |left_top_131_fu_67126_p2         |         +|   0|  0|    17|          17|          17|
    |left_top_132_fu_67866_p2         |         +|   0|  0|    17|          17|          17|
    |left_top_133_fu_68606_p2         |         +|   0|  0|    17|          17|          17|
    |left_top_134_fu_69346_p2         |         +|   0|  0|    17|          17|          17|
    |left_top_135_fu_70086_p2         |         +|   0|  0|    17|          17|          17|
    |left_top_136_fu_70826_p2         |         +|   0|  0|    17|          17|          17|
    |left_top_69_fu_23150_p2          |         +|   0|  0|    17|          17|          17|
    |left_top_70_fu_23881_p2          |         +|   0|  0|    17|          17|          17|
    |left_top_71_fu_24612_p2          |         +|   0|  0|    17|          17|          17|
    |left_top_72_fu_25343_p2          |         +|   0|  0|    17|          17|          17|
    |left_top_73_fu_26074_p2          |         +|   0|  0|    17|          17|          17|
    |left_top_74_fu_26805_p2          |         +|   0|  0|    17|          17|          17|
    |left_top_75_fu_27536_p2          |         +|   0|  0|    17|          17|          17|
    |left_top_76_fu_28267_p2          |         +|   0|  0|    17|          17|          17|
    |left_top_77_fu_28998_p2          |         +|   0|  0|    17|          17|          17|
    |left_top_78_fu_29729_p2          |         +|   0|  0|    17|          17|          17|
    |left_top_79_fu_30460_p2          |         +|   0|  0|    17|          17|          17|
    |left_top_80_fu_31191_p2          |         +|   0|  0|    17|          17|          17|
    |left_top_81_fu_31922_p2          |         +|   0|  0|    17|          17|          17|
    |left_top_82_fu_32653_p2          |         +|   0|  0|    17|          17|          17|
    |left_top_83_fu_33384_p2          |         +|   0|  0|    17|          17|          17|
    |left_top_84_fu_34115_p2          |         +|   0|  0|    17|          17|          17|
    |left_top_85_fu_34846_p2          |         +|   0|  0|    17|          17|          17|
    |left_top_86_fu_35577_p2          |         +|   0|  0|    17|          17|          17|
    |left_top_87_fu_36308_p2          |         +|   0|  0|    17|          17|          17|
    |left_top_88_fu_37039_p2          |         +|   0|  0|    17|          17|          17|
    |left_top_89_fu_37770_p2          |         +|   0|  0|    17|          17|          17|
    |left_top_90_fu_38501_p2          |         +|   0|  0|    17|          17|          17|
    |left_top_91_fu_39232_p2          |         +|   0|  0|    17|          17|          17|
    |left_top_92_fu_39963_p2          |         +|   0|  0|    17|          17|          17|
    |left_top_93_fu_40694_p2          |         +|   0|  0|    17|          17|          17|
    |left_top_94_fu_41425_p2          |         +|   0|  0|    17|          17|          17|
    |left_top_95_fu_42156_p2          |         +|   0|  0|    17|          17|          17|
    |left_top_96_fu_42887_p2          |         +|   0|  0|    17|          17|          17|
    |left_top_97_fu_43618_p2          |         +|   0|  0|    17|          17|          17|
    |left_top_98_fu_44349_p2          |         +|   0|  0|    17|          17|          17|
    |left_top_99_fu_46177_p2          |         +|   0|  0|    24|          17|          17|
    |left_top_fu_22424_p2             |         +|   0|  0|    17|          17|          17|
    |pair_x_1_fu_45507_p2             |         +|   0|  0|    15|           8|           2|
    |power_1_fu_71930_p2              |         +|   0|  0|    24|          17|          17|
    |power_fu_45454_p2                |         +|   0|  0|    24|          17|          17|
    |right_top_10_fu_29972_p2         |         +|   0|  0|    17|          17|          17|
    |right_top_11_fu_30703_p2         |         +|   0|  0|    17|          17|          17|
    |right_top_12_fu_31434_p2         |         +|   0|  0|    17|          17|          17|
    |right_top_13_fu_32165_p2         |         +|   0|  0|    17|          17|          17|
    |right_top_14_fu_32896_p2         |         +|   0|  0|    17|          17|          17|
    |right_top_15_fu_33627_p2         |         +|   0|  0|    17|          17|          17|
    |right_top_16_fu_34358_p2         |         +|   0|  0|    17|          17|          17|
    |right_top_17_fu_35089_p2         |         +|   0|  0|    17|          17|          17|
    |right_top_18_fu_35820_p2         |         +|   0|  0|    17|          17|          17|
    |right_top_19_fu_36551_p2         |         +|   0|  0|    17|          17|          17|
    |right_top_1_fu_23393_p2          |         +|   0|  0|    17|          17|          17|
    |right_top_20_fu_37282_p2         |         +|   0|  0|    17|          17|          17|
    |right_top_21_fu_38013_p2         |         +|   0|  0|    17|          17|          17|
    |right_top_22_fu_38744_p2         |         +|   0|  0|    17|          17|          17|
    |right_top_23_fu_39475_p2         |         +|   0|  0|    17|          17|          17|
    |right_top_24_fu_40206_p2         |         +|   0|  0|    17|          17|          17|
    |right_top_25_fu_40937_p2         |         +|   0|  0|    17|          17|          17|
    |right_top_26_fu_41668_p2         |         +|   0|  0|    17|          17|          17|
    |right_top_27_fu_42399_p2         |         +|   0|  0|    17|          17|          17|
    |right_top_28_fu_43130_p2         |         +|   0|  0|    17|          17|          17|
    |right_top_29_fu_43861_p2         |         +|   0|  0|    17|          17|          17|
    |right_top_2_fu_24124_p2          |         +|   0|  0|    17|          17|          17|
    |right_top_30_fu_44592_p2         |         +|   0|  0|    17|          17|          17|
    |right_top_32_fu_48873_p2         |         +|   0|  0|    17|          17|          17|
    |right_top_34_fu_45521_p2         |         +|   0|  0|    16|           9|           1|
    |right_top_35_fu_49609_p2         |         +|   0|  0|    17|          17|          17|
    |right_top_37_fu_50349_p2         |         +|   0|  0|    17|          17|          17|
    |right_top_38_fu_45541_p2         |         +|   0|  0|    16|           9|           2|
    |right_top_39_fu_51089_p2         |         +|   0|  0|    17|          17|          17|
    |right_top_3_fu_24855_p2          |         +|   0|  0|    17|          17|          17|
    |right_top_40_fu_51829_p2         |         +|   0|  0|    17|          17|          17|
    |right_top_41_fu_52569_p2         |         +|   0|  0|    17|          17|          17|
    |right_top_42_fu_53309_p2         |         +|   0|  0|    17|          17|          17|
    |right_top_43_fu_54049_p2         |         +|   0|  0|    17|          17|          17|
    |right_top_44_fu_54789_p2         |         +|   0|  0|    17|          17|          17|
    |right_top_45_fu_55529_p2         |         +|   0|  0|    17|          17|          17|
    |right_top_46_fu_56269_p2         |         +|   0|  0|    17|          17|          17|
    |right_top_47_fu_57009_p2         |         +|   0|  0|    17|          17|          17|
    |right_top_48_fu_57749_p2         |         +|   0|  0|    17|          17|          17|
    |right_top_49_fu_58489_p2         |         +|   0|  0|    17|          17|          17|
    |right_top_4_fu_25586_p2          |         +|   0|  0|    17|          17|          17|
    |right_top_50_fu_59229_p2         |         +|   0|  0|    17|          17|          17|
    |right_top_51_fu_59969_p2         |         +|   0|  0|    17|          17|          17|
    |right_top_52_fu_60709_p2         |         +|   0|  0|    17|          17|          17|
    |right_top_53_fu_61449_p2         |         +|   0|  0|    17|          17|          17|
    |right_top_54_fu_62189_p2         |         +|   0|  0|    17|          17|          17|
    |right_top_55_fu_62929_p2         |         +|   0|  0|    17|          17|          17|
    |right_top_56_fu_63669_p2         |         +|   0|  0|    17|          17|          17|
    |right_top_57_fu_64409_p2         |         +|   0|  0|    17|          17|          17|
    |right_top_58_fu_65149_p2         |         +|   0|  0|    17|          17|          17|
    |right_top_59_fu_65889_p2         |         +|   0|  0|    17|          17|          17|
    |right_top_5_fu_26317_p2          |         +|   0|  0|    17|          17|          17|
    |right_top_60_fu_66629_p2         |         +|   0|  0|    17|          17|          17|
    |right_top_61_fu_67369_p2         |         +|   0|  0|    17|          17|          17|
    |right_top_62_fu_68109_p2         |         +|   0|  0|    17|          17|          17|
    |right_top_63_fu_68849_p2         |         +|   0|  0|    17|          17|          17|
    |right_top_64_fu_69589_p2         |         +|   0|  0|    17|          17|          17|
    |right_top_65_fu_70329_p2         |         +|   0|  0|    17|          17|          17|
    |right_top_66_fu_71069_p2         |         +|   0|  0|    17|          17|          17|
    |right_top_6_fu_27048_p2          |         +|   0|  0|    17|          17|          17|
    |right_top_7_fu_27779_p2          |         +|   0|  0|    17|          17|          17|
    |right_top_8_fu_28510_p2          |         +|   0|  0|    17|          17|          17|
    |right_top_9_fu_29241_p2          |         +|   0|  0|    17|          17|          17|
    |right_top_fu_22666_p2            |         +|   0|  0|    17|          17|          17|
    |tmp_2425_fu_48269_p2             |         +|   0|  0|    15|           8|           7|
    |tmp_4799_fu_72068_p2             |         +|   0|  0|    15|           8|           7|
    |value_top_1_fu_47525_p2          |         +|   0|  0|    24|          17|          17|
    |value_top_2_fu_71760_p2          |         +|   0|  0|    17|          17|          17|
    |value_top_fu_45284_p2            |         +|   0|  0|    17|          17|          17|
    |left_103_fu_37456_p2             |         -|   0|  0|    39|           1|          32|
    |left_107_fu_38187_p2             |         -|   0|  0|    39|           1|          32|
    |left_111_fu_38918_p2             |         -|   0|  0|    39|           1|          32|
    |left_115_fu_39649_p2             |         -|   0|  0|    39|           1|          32|
    |left_119_fu_40380_p2             |         -|   0|  0|    39|           1|          32|
    |left_123_fu_41111_p2             |         -|   0|  0|    39|           1|          32|
    |left_127_fu_41842_p2             |         -|   0|  0|    39|           1|          32|
    |left_131_fu_42573_p2             |         -|   0|  0|    39|           1|          32|
    |left_135_fu_43304_p2             |         -|   0|  0|    39|           1|          32|
    |left_138_fu_44035_p2             |         -|   0|  0|    39|           1|          32|
    |left_140_fu_48311_p2             |         -|   0|  0|    39|           1|          32|
    |left_142_fu_49043_p2             |         -|   0|  0|    39|           1|          32|
    |left_144_fu_49783_p2             |         -|   0|  0|    39|           1|          32|
    |left_146_fu_50523_p2             |         -|   0|  0|    39|           1|          32|
    |left_148_fu_51263_p2             |         -|   0|  0|    39|           1|          32|
    |left_150_fu_52003_p2             |         -|   0|  0|    39|           1|          32|
    |left_16_fu_22836_p2              |         -|   0|  0|    39|           1|          32|
    |left_177_fu_52743_p2             |         -|   0|  0|    39|           1|          32|
    |left_179_fu_53483_p2             |         -|   0|  0|    39|           1|          32|
    |left_181_fu_54223_p2             |         -|   0|  0|    39|           1|          32|
    |left_183_fu_54963_p2             |         -|   0|  0|    39|           1|          32|
    |left_185_fu_55703_p2             |         -|   0|  0|    39|           1|          32|
    |left_187_fu_56443_p2             |         -|   0|  0|    39|           1|          32|
    |left_189_fu_57183_p2             |         -|   0|  0|    39|           1|          32|
    |left_191_fu_57923_p2             |         -|   0|  0|    39|           1|          32|
    |left_193_fu_58663_p2             |         -|   0|  0|    39|           1|          32|
    |left_195_fu_59403_p2             |         -|   0|  0|    39|           1|          32|
    |left_197_fu_60143_p2             |         -|   0|  0|    39|           1|          32|
    |left_199_fu_60883_p2             |         -|   0|  0|    39|           1|          32|
    |left_201_fu_61623_p2             |         -|   0|  0|    39|           1|          32|
    |left_203_fu_62363_p2             |         -|   0|  0|    39|           1|          32|
    |left_205_fu_63103_p2             |         -|   0|  0|    39|           1|          32|
    |left_207_fu_63843_p2             |         -|   0|  0|    39|           1|          32|
    |left_209_fu_64583_p2             |         -|   0|  0|    39|           1|          32|
    |left_20_fu_23567_p2              |         -|   0|  0|    39|           1|          32|
    |left_211_fu_65323_p2             |         -|   0|  0|    39|           1|          32|
    |left_213_fu_66063_p2             |         -|   0|  0|    39|           1|          32|
    |left_215_fu_66803_p2             |         -|   0|  0|    39|           1|          32|
    |left_217_fu_67543_p2             |         -|   0|  0|    39|           1|          32|
    |left_219_fu_68283_p2             |         -|   0|  0|    39|           1|          32|
    |left_221_fu_69023_p2             |         -|   0|  0|    39|           1|          32|
    |left_223_fu_69763_p2             |         -|   0|  0|    39|           1|          32|
    |left_225_fu_70503_p2             |         -|   0|  0|    39|           1|          32|
    |left_24_fu_24298_p2              |         -|   0|  0|    39|           1|          32|
    |left_28_fu_25029_p2              |         -|   0|  0|    39|           1|          32|
    |left_32_fu_25760_p2              |         -|   0|  0|    39|           1|          32|
    |left_36_fu_26491_p2              |         -|   0|  0|    39|           1|          32|
    |left_40_fu_27222_p2              |         -|   0|  0|    39|           1|          32|
    |left_44_fu_27953_p2              |         -|   0|  0|    39|           1|          32|
    |left_48_fu_28684_p2              |         -|   0|  0|    39|           1|          32|
    |left_52_fu_29415_p2              |         -|   0|  0|    39|           1|          32|
    |left_56_fu_30146_p2              |         -|   0|  0|    39|           1|          32|
    |left_60_fu_30877_p2              |         -|   0|  0|    39|           1|          32|
    |left_64_fu_31608_p2              |         -|   0|  0|    39|           1|          32|
    |left_68_fu_32339_p2              |         -|   0|  0|    39|           1|          32|
    |left_73_fu_33070_p2              |         -|   0|  0|    39|           1|          32|
    |left_81_fu_33801_p2              |         -|   0|  0|    39|           1|          32|
    |left_87_fu_34532_p2              |         -|   0|  0|    39|           1|          32|
    |left_91_fu_35263_p2              |         -|   0|  0|    39|           1|          32|
    |left_95_fu_35994_p2              |         -|   0|  0|    39|           1|          32|
    |left_99_fu_36725_p2              |         -|   0|  0|    39|           1|          32|
    |left_fu_22107_p2                 |         -|   0|  0|    39|           1|          32|
    |pair_m_1_fu_47763_p2             |         -|   0|  0|    12|           1|           5|
    |right_100_fu_38207_p2            |         -|   0|  0|    39|           1|          32|
    |right_104_fu_38938_p2            |         -|   0|  0|    39|           1|          32|
    |right_108_fu_39669_p2            |         -|   0|  0|    39|           1|          32|
    |right_112_fu_40400_p2            |         -|   0|  0|    39|           1|          32|
    |right_116_fu_41131_p2            |         -|   0|  0|    39|           1|          32|
    |right_120_fu_41862_p2            |         -|   0|  0|    39|           1|          32|
    |right_124_fu_42593_p2            |         -|   0|  0|    39|           1|          32|
    |right_128_fu_43324_p2            |         -|   0|  0|    39|           1|          32|
    |right_131_fu_44055_p2            |         -|   0|  0|    39|           1|          32|
    |right_133_fu_48332_p2            |         -|   0|  0|    39|           1|          32|
    |right_135_fu_49065_p2            |         -|   0|  0|    39|           1|          32|
    |right_137_fu_49805_p2            |         -|   0|  0|    39|           1|          32|
    |right_139_fu_50545_p2            |         -|   0|  0|    39|           1|          32|
    |right_13_fu_23587_p2             |         -|   0|  0|    39|           1|          32|
    |right_141_fu_51285_p2            |         -|   0|  0|    39|           1|          32|
    |right_143_fu_52025_p2            |         -|   0|  0|    39|           1|          32|
    |right_170_fu_52765_p2            |         -|   0|  0|    39|           1|          32|
    |right_172_fu_53505_p2            |         -|   0|  0|    39|           1|          32|
    |right_174_fu_54245_p2            |         -|   0|  0|    39|           1|          32|
    |right_176_fu_54985_p2            |         -|   0|  0|    39|           1|          32|
    |right_178_fu_55725_p2            |         -|   0|  0|    39|           1|          32|
    |right_17_fu_24318_p2             |         -|   0|  0|    39|           1|          32|
    |right_180_fu_56465_p2            |         -|   0|  0|    39|           1|          32|
    |right_182_fu_57205_p2            |         -|   0|  0|    39|           1|          32|
    |right_184_fu_57945_p2            |         -|   0|  0|    39|           1|          32|
    |right_186_fu_58685_p2            |         -|   0|  0|    39|           1|          32|
    |right_188_fu_59425_p2            |         -|   0|  0|    39|           1|          32|
    |right_190_fu_60165_p2            |         -|   0|  0|    39|           1|          32|
    |right_192_fu_60905_p2            |         -|   0|  0|    39|           1|          32|
    |right_194_fu_61645_p2            |         -|   0|  0|    39|           1|          32|
    |right_196_fu_62385_p2            |         -|   0|  0|    39|           1|          32|
    |right_198_fu_63125_p2            |         -|   0|  0|    39|           1|          32|
    |right_200_fu_63865_p2            |         -|   0|  0|    39|           1|          32|
    |right_202_fu_64605_p2            |         -|   0|  0|    39|           1|          32|
    |right_204_fu_65345_p2            |         -|   0|  0|    39|           1|          32|
    |right_206_fu_66085_p2            |         -|   0|  0|    39|           1|          32|
    |right_208_fu_66825_p2            |         -|   0|  0|    39|           1|          32|
    |right_210_fu_67565_p2            |         -|   0|  0|    39|           1|          32|
    |right_212_fu_68305_p2            |         -|   0|  0|    39|           1|          32|
    |right_214_fu_69045_p2            |         -|   0|  0|    39|           1|          32|
    |right_216_fu_69785_p2            |         -|   0|  0|    39|           1|          32|
    |right_218_fu_70525_p2            |         -|   0|  0|    39|           1|          32|
    |right_21_fu_25049_p2             |         -|   0|  0|    39|           1|          32|
    |right_25_fu_25780_p2             |         -|   0|  0|    39|           1|          32|
    |right_29_fu_26511_p2             |         -|   0|  0|    39|           1|          32|
    |right_33_fu_27242_p2             |         -|   0|  0|    39|           1|          32|
    |right_37_fu_27973_p2             |         -|   0|  0|    39|           1|          32|
    |right_41_fu_28704_p2             |         -|   0|  0|    39|           1|          32|
    |right_45_fu_29435_p2             |         -|   0|  0|    39|           1|          32|
    |right_49_fu_30166_p2             |         -|   0|  0|    39|           1|          32|
    |right_53_fu_30897_p2             |         -|   0|  0|    39|           1|          32|
    |right_57_fu_31628_p2             |         -|   0|  0|    39|           1|          32|
    |right_61_fu_32359_p2             |         -|   0|  0|    39|           1|          32|
    |right_66_fu_33090_p2             |         -|   0|  0|    39|           1|          32|
    |right_74_fu_33821_p2             |         -|   0|  0|    39|           1|          32|
    |right_80_fu_34552_p2             |         -|   0|  0|    39|           1|          32|
    |right_84_fu_35283_p2             |         -|   0|  0|    39|           1|          32|
    |right_88_fu_36014_p2             |         -|   0|  0|    39|           1|          32|
    |right_92_fu_36745_p2             |         -|   0|  0|    39|           1|          32|
    |right_96_fu_37476_p2             |         -|   0|  0|    39|           1|          32|
    |right_9_fu_22856_p2              |         -|   0|  0|    39|           1|          32|
    |right_fu_22129_p2                |         -|   0|  0|    39|           1|          32|
    |sub_ln10_3_fu_45817_p2           |         -|   0|  0|    39|           1|          32|
    |sub_ln10_64_fu_71259_p2          |         -|   0|  0|    39|           1|          32|
    |sub_ln10_fu_44783_p2             |         -|   0|  0|    39|           1|          32|
    |sub_ln128_1_fu_47549_p2          |         -|   0|  0|    24|           1|          17|
    |sub_ln128_2_fu_71824_p2          |         -|   0|  0|    25|           1|          18|
    |sub_ln128_fu_45348_p2            |         -|   0|  0|    25|           1|          18|
    |sub_ln129_1_fu_47544_p2          |         -|   0|  0|    24|          17|          17|
    |sub_ln129_2_fu_71805_p2          |         -|   0|  0|    25|          18|          18|
    |sub_ln129_fu_45329_p2            |         -|   0|  0|    25|          18|          18|
    |sub_ln131_1_fu_47560_p2          |         -|   0|  0|    24|           1|          17|
    |sub_ln131_2_fu_71864_p2          |         -|   0|  0|    25|           1|          18|
    |sub_ln131_fu_45388_p2            |         -|   0|  0|    25|           1|          18|
    |sub_ln132_1_fu_47555_p2          |         -|   0|  0|    24|          17|          17|
    |sub_ln132_2_fu_71844_p2          |         -|   0|  0|    25|          18|          18|
    |sub_ln132_fu_45368_p2            |         -|   0|  0|    25|          18|          18|
    |sub_ln189_fu_47749_p2            |         -|   0|  0|    12|           1|           5|
    |sub_ln53_10_fu_30009_p2          |         -|   0|  0|    24|           1|          17|
    |sub_ln53_11_fu_30740_p2          |         -|   0|  0|    24|           1|          17|
    |sub_ln53_12_fu_31471_p2          |         -|   0|  0|    24|           1|          17|
    |sub_ln53_13_fu_32202_p2          |         -|   0|  0|    24|           1|          17|
    |sub_ln53_14_fu_32933_p2          |         -|   0|  0|    24|           1|          17|
    |sub_ln53_15_fu_33664_p2          |         -|   0|  0|    24|           1|          17|
    |sub_ln53_16_fu_34395_p2          |         -|   0|  0|    24|           1|          17|
    |sub_ln53_17_fu_35126_p2          |         -|   0|  0|    24|           1|          17|
    |sub_ln53_18_fu_35857_p2          |         -|   0|  0|    24|           1|          17|
    |sub_ln53_19_fu_36588_p2          |         -|   0|  0|    24|           1|          17|
    |sub_ln53_1_fu_23430_p2           |         -|   0|  0|    24|           1|          17|
    |sub_ln53_20_fu_37319_p2          |         -|   0|  0|    24|           1|          17|
    |sub_ln53_21_fu_38050_p2          |         -|   0|  0|    24|           1|          17|
    |sub_ln53_22_fu_38781_p2          |         -|   0|  0|    24|           1|          17|
    |sub_ln53_23_fu_39512_p2          |         -|   0|  0|    24|           1|          17|
    |sub_ln53_24_fu_40243_p2          |         -|   0|  0|    24|           1|          17|
    |sub_ln53_25_fu_40974_p2          |         -|   0|  0|    24|           1|          17|
    |sub_ln53_26_fu_41705_p2          |         -|   0|  0|    24|           1|          17|
    |sub_ln53_27_fu_42436_p2          |         -|   0|  0|    24|           1|          17|
    |sub_ln53_28_fu_43167_p2          |         -|   0|  0|    24|           1|          17|
    |sub_ln53_29_fu_43898_p2          |         -|   0|  0|    24|           1|          17|
    |sub_ln53_2_fu_24161_p2           |         -|   0|  0|    24|           1|          17|
    |sub_ln53_30_fu_44629_p2          |         -|   0|  0|    24|           1|          17|
    |sub_ln53_31_fu_48910_p2          |         -|   0|  0|    24|           1|          17|
    |sub_ln53_32_fu_49648_p2          |         -|   0|  0|    24|           1|          17|
    |sub_ln53_33_fu_50388_p2          |         -|   0|  0|    24|           1|          17|
    |sub_ln53_34_fu_51128_p2          |         -|   0|  0|    24|           1|          17|
    |sub_ln53_35_fu_51868_p2          |         -|   0|  0|    24|           1|          17|
    |sub_ln53_36_fu_52608_p2          |         -|   0|  0|    24|           1|          17|
    |sub_ln53_37_fu_53348_p2          |         -|   0|  0|    24|           1|          17|
    |sub_ln53_38_fu_54088_p2          |         -|   0|  0|    24|           1|          17|
    |sub_ln53_39_fu_54828_p2          |         -|   0|  0|    24|           1|          17|
    |sub_ln53_3_fu_24892_p2           |         -|   0|  0|    24|           1|          17|
    |sub_ln53_40_fu_55568_p2          |         -|   0|  0|    24|           1|          17|
    |sub_ln53_41_fu_56308_p2          |         -|   0|  0|    24|           1|          17|
    |sub_ln53_42_fu_57048_p2          |         -|   0|  0|    24|           1|          17|
    |sub_ln53_43_fu_57788_p2          |         -|   0|  0|    24|           1|          17|
    |sub_ln53_44_fu_58528_p2          |         -|   0|  0|    24|           1|          17|
    |sub_ln53_45_fu_59268_p2          |         -|   0|  0|    24|           1|          17|
    |sub_ln53_46_fu_60008_p2          |         -|   0|  0|    24|           1|          17|
    |sub_ln53_47_fu_60748_p2          |         -|   0|  0|    24|           1|          17|
    |sub_ln53_48_fu_61488_p2          |         -|   0|  0|    24|           1|          17|
    |sub_ln53_49_fu_62228_p2          |         -|   0|  0|    24|           1|          17|
    |sub_ln53_4_fu_25623_p2           |         -|   0|  0|    24|           1|          17|
    |sub_ln53_50_fu_62968_p2          |         -|   0|  0|    24|           1|          17|
    |sub_ln53_51_fu_63708_p2          |         -|   0|  0|    24|           1|          17|
    |sub_ln53_52_fu_64448_p2          |         -|   0|  0|    24|           1|          17|
    |sub_ln53_53_fu_65188_p2          |         -|   0|  0|    24|           1|          17|
    |sub_ln53_54_fu_65928_p2          |         -|   0|  0|    24|           1|          17|
    |sub_ln53_55_fu_66668_p2          |         -|   0|  0|    24|           1|          17|
    |sub_ln53_56_fu_67408_p2          |         -|   0|  0|    24|           1|          17|
    |sub_ln53_57_fu_68148_p2          |         -|   0|  0|    24|           1|          17|
    |sub_ln53_58_fu_68888_p2          |         -|   0|  0|    24|           1|          17|
    |sub_ln53_59_fu_69628_p2          |         -|   0|  0|    24|           1|          17|
    |sub_ln53_5_fu_26354_p2           |         -|   0|  0|    24|           1|          17|
    |sub_ln53_60_fu_70368_p2          |         -|   0|  0|    24|           1|          17|
    |sub_ln53_61_fu_71108_p2          |         -|   0|  0|    24|           1|          17|
    |sub_ln53_6_fu_27085_p2           |         -|   0|  0|    24|           1|          17|
    |sub_ln53_7_fu_27816_p2           |         -|   0|  0|    24|           1|          17|
    |sub_ln53_8_fu_28547_p2           |         -|   0|  0|    24|           1|          17|
    |sub_ln53_9_fu_29278_p2           |         -|   0|  0|    24|           1|          17|
    |sub_ln53_fu_22701_p2             |         -|   0|  0|    24|           1|          17|
    |sub_ln54_10_fu_30004_p2          |         -|   0|  0|    24|          17|          17|
    |sub_ln54_11_fu_30735_p2          |         -|   0|  0|    24|          17|          17|
    |sub_ln54_12_fu_31466_p2          |         -|   0|  0|    24|          17|          17|
    |sub_ln54_13_fu_32197_p2          |         -|   0|  0|    24|          17|          17|
    |sub_ln54_14_fu_32928_p2          |         -|   0|  0|    24|          17|          17|
    |sub_ln54_15_fu_33659_p2          |         -|   0|  0|    24|          17|          17|
    |sub_ln54_16_fu_34390_p2          |         -|   0|  0|    24|          17|          17|
    |sub_ln54_17_fu_35121_p2          |         -|   0|  0|    24|          17|          17|
    |sub_ln54_18_fu_35852_p2          |         -|   0|  0|    24|          17|          17|
    |sub_ln54_19_fu_36583_p2          |         -|   0|  0|    24|          17|          17|
    |sub_ln54_1_fu_23425_p2           |         -|   0|  0|    24|          17|          17|
    |sub_ln54_20_fu_37314_p2          |         -|   0|  0|    24|          17|          17|
    |sub_ln54_21_fu_38045_p2          |         -|   0|  0|    24|          17|          17|
    |sub_ln54_22_fu_38776_p2          |         -|   0|  0|    24|          17|          17|
    |sub_ln54_23_fu_39507_p2          |         -|   0|  0|    24|          17|          17|
    |sub_ln54_24_fu_40238_p2          |         -|   0|  0|    24|          17|          17|
    |sub_ln54_25_fu_40969_p2          |         -|   0|  0|    24|          17|          17|
    |sub_ln54_26_fu_41700_p2          |         -|   0|  0|    24|          17|          17|
    |sub_ln54_27_fu_42431_p2          |         -|   0|  0|    24|          17|          17|
    |sub_ln54_28_fu_43162_p2          |         -|   0|  0|    24|          17|          17|
    |sub_ln54_29_fu_43893_p2          |         -|   0|  0|    24|          17|          17|
    |sub_ln54_2_fu_24156_p2           |         -|   0|  0|    24|          17|          17|
    |sub_ln54_30_fu_44624_p2          |         -|   0|  0|    24|          17|          17|
    |sub_ln54_31_fu_48905_p2          |         -|   0|  0|    24|          17|          17|
    |sub_ln54_32_fu_49643_p2          |         -|   0|  0|    24|          17|          17|
    |sub_ln54_33_fu_50383_p2          |         -|   0|  0|    24|          17|          17|
    |sub_ln54_34_fu_51123_p2          |         -|   0|  0|    24|          17|          17|
    |sub_ln54_35_fu_51863_p2          |         -|   0|  0|    24|          17|          17|
    |sub_ln54_36_fu_52603_p2          |         -|   0|  0|    24|          17|          17|
    |sub_ln54_37_fu_53343_p2          |         -|   0|  0|    24|          17|          17|
    |sub_ln54_38_fu_54083_p2          |         -|   0|  0|    24|          17|          17|
    |sub_ln54_39_fu_54823_p2          |         -|   0|  0|    24|          17|          17|
    |sub_ln54_3_fu_24887_p2           |         -|   0|  0|    24|          17|          17|
    |sub_ln54_40_fu_55563_p2          |         -|   0|  0|    24|          17|          17|
    |sub_ln54_41_fu_56303_p2          |         -|   0|  0|    24|          17|          17|
    |sub_ln54_42_fu_57043_p2          |         -|   0|  0|    24|          17|          17|
    |sub_ln54_43_fu_57783_p2          |         -|   0|  0|    24|          17|          17|
    |sub_ln54_44_fu_58523_p2          |         -|   0|  0|    24|          17|          17|
    |sub_ln54_45_fu_59263_p2          |         -|   0|  0|    24|          17|          17|
    |sub_ln54_46_fu_60003_p2          |         -|   0|  0|    24|          17|          17|
    |sub_ln54_47_fu_60743_p2          |         -|   0|  0|    24|          17|          17|
    |sub_ln54_48_fu_61483_p2          |         -|   0|  0|    24|          17|          17|
    |sub_ln54_49_fu_62223_p2          |         -|   0|  0|    24|          17|          17|
    |sub_ln54_4_fu_25618_p2           |         -|   0|  0|    24|          17|          17|
    |sub_ln54_50_fu_62963_p2          |         -|   0|  0|    24|          17|          17|
    |sub_ln54_51_fu_63703_p2          |         -|   0|  0|    24|          17|          17|
    |sub_ln54_52_fu_64443_p2          |         -|   0|  0|    24|          17|          17|
    |sub_ln54_53_fu_65183_p2          |         -|   0|  0|    24|          17|          17|
    |sub_ln54_54_fu_65923_p2          |         -|   0|  0|    24|          17|          17|
    |sub_ln54_55_fu_66663_p2          |         -|   0|  0|    24|          17|          17|
    |sub_ln54_56_fu_67403_p2          |         -|   0|  0|    24|          17|          17|
    |sub_ln54_57_fu_68143_p2          |         -|   0|  0|    24|          17|          17|
    |sub_ln54_58_fu_68883_p2          |         -|   0|  0|    24|          17|          17|
    |sub_ln54_59_fu_69623_p2          |         -|   0|  0|    24|          17|          17|
    |sub_ln54_5_fu_26349_p2           |         -|   0|  0|    24|          17|          17|
    |sub_ln54_60_fu_70363_p2          |         -|   0|  0|    24|          17|          17|
    |sub_ln54_61_fu_71103_p2          |         -|   0|  0|    24|          17|          17|
    |sub_ln54_6_fu_27080_p2           |         -|   0|  0|    24|          17|          17|
    |sub_ln54_7_fu_27811_p2           |         -|   0|  0|    24|          17|          17|
    |sub_ln54_8_fu_28542_p2           |         -|   0|  0|    24|          17|          17|
    |sub_ln54_9_fu_29273_p2           |         -|   0|  0|    24|          17|          17|
    |sub_ln54_fu_22696_p2             |         -|   0|  0|    24|          17|          17|
    |sub_ln56_10_fu_30020_p2          |         -|   0|  0|    24|           1|          17|
    |sub_ln56_11_fu_30751_p2          |         -|   0|  0|    24|           1|          17|
    |sub_ln56_12_fu_31482_p2          |         -|   0|  0|    24|           1|          17|
    |sub_ln56_13_fu_32213_p2          |         -|   0|  0|    24|           1|          17|
    |sub_ln56_14_fu_32944_p2          |         -|   0|  0|    24|           1|          17|
    |sub_ln56_15_fu_33675_p2          |         -|   0|  0|    24|           1|          17|
    |sub_ln56_16_fu_34406_p2          |         -|   0|  0|    24|           1|          17|
    |sub_ln56_17_fu_35137_p2          |         -|   0|  0|    24|           1|          17|
    |sub_ln56_18_fu_35868_p2          |         -|   0|  0|    24|           1|          17|
    |sub_ln56_19_fu_36599_p2          |         -|   0|  0|    24|           1|          17|
    |sub_ln56_1_fu_23441_p2           |         -|   0|  0|    24|           1|          17|
    |sub_ln56_20_fu_37330_p2          |         -|   0|  0|    24|           1|          17|
    |sub_ln56_21_fu_38061_p2          |         -|   0|  0|    24|           1|          17|
    |sub_ln56_22_fu_38792_p2          |         -|   0|  0|    24|           1|          17|
    |sub_ln56_23_fu_39523_p2          |         -|   0|  0|    24|           1|          17|
    |sub_ln56_24_fu_40254_p2          |         -|   0|  0|    24|           1|          17|
    |sub_ln56_25_fu_40985_p2          |         -|   0|  0|    24|           1|          17|
    |sub_ln56_26_fu_41716_p2          |         -|   0|  0|    24|           1|          17|
    |sub_ln56_27_fu_42447_p2          |         -|   0|  0|    24|           1|          17|
    |sub_ln56_28_fu_43178_p2          |         -|   0|  0|    24|           1|          17|
    |sub_ln56_29_fu_43909_p2          |         -|   0|  0|    24|           1|          17|
    |sub_ln56_2_fu_24172_p2           |         -|   0|  0|    24|           1|          17|
    |sub_ln56_30_fu_44640_p2          |         -|   0|  0|    24|           1|          17|
    |sub_ln56_31_fu_48921_p2          |         -|   0|  0|    24|           1|          17|
    |sub_ln56_32_fu_49659_p2          |         -|   0|  0|    24|           1|          17|
    |sub_ln56_33_fu_50399_p2          |         -|   0|  0|    24|           1|          17|
    |sub_ln56_34_fu_51139_p2          |         -|   0|  0|    24|           1|          17|
    |sub_ln56_35_fu_51879_p2          |         -|   0|  0|    24|           1|          17|
    |sub_ln56_36_fu_52619_p2          |         -|   0|  0|    24|           1|          17|
    |sub_ln56_37_fu_53359_p2          |         -|   0|  0|    24|           1|          17|
    |sub_ln56_38_fu_54099_p2          |         -|   0|  0|    24|           1|          17|
    |sub_ln56_39_fu_54839_p2          |         -|   0|  0|    24|           1|          17|
    |sub_ln56_3_fu_24903_p2           |         -|   0|  0|    24|           1|          17|
    |sub_ln56_40_fu_55579_p2          |         -|   0|  0|    24|           1|          17|
    |sub_ln56_41_fu_56319_p2          |         -|   0|  0|    24|           1|          17|
    |sub_ln56_42_fu_57059_p2          |         -|   0|  0|    24|           1|          17|
    |sub_ln56_43_fu_57799_p2          |         -|   0|  0|    24|           1|          17|
    |sub_ln56_44_fu_58539_p2          |         -|   0|  0|    24|           1|          17|
    |sub_ln56_45_fu_59279_p2          |         -|   0|  0|    24|           1|          17|
    |sub_ln56_46_fu_60019_p2          |         -|   0|  0|    24|           1|          17|
    |sub_ln56_47_fu_60759_p2          |         -|   0|  0|    24|           1|          17|
    |sub_ln56_48_fu_61499_p2          |         -|   0|  0|    24|           1|          17|
    |sub_ln56_49_fu_62239_p2          |         -|   0|  0|    24|           1|          17|
    |sub_ln56_4_fu_25634_p2           |         -|   0|  0|    24|           1|          17|
    |sub_ln56_50_fu_62979_p2          |         -|   0|  0|    24|           1|          17|
    |sub_ln56_51_fu_63719_p2          |         -|   0|  0|    24|           1|          17|
    |sub_ln56_52_fu_64459_p2          |         -|   0|  0|    24|           1|          17|
    |sub_ln56_53_fu_65199_p2          |         -|   0|  0|    24|           1|          17|
    |sub_ln56_54_fu_65939_p2          |         -|   0|  0|    24|           1|          17|
    |sub_ln56_55_fu_66679_p2          |         -|   0|  0|    24|           1|          17|
    |sub_ln56_56_fu_67419_p2          |         -|   0|  0|    24|           1|          17|
    |sub_ln56_57_fu_68159_p2          |         -|   0|  0|    24|           1|          17|
    |sub_ln56_58_fu_68899_p2          |         -|   0|  0|    24|           1|          17|
    |sub_ln56_59_fu_69639_p2          |         -|   0|  0|    24|           1|          17|
    |sub_ln56_5_fu_26365_p2           |         -|   0|  0|    24|           1|          17|
    |sub_ln56_60_fu_70379_p2          |         -|   0|  0|    24|           1|          17|
    |sub_ln56_61_fu_71119_p2          |         -|   0|  0|    24|           1|          17|
    |sub_ln56_6_fu_27096_p2           |         -|   0|  0|    24|           1|          17|
    |sub_ln56_7_fu_27827_p2           |         -|   0|  0|    24|           1|          17|
    |sub_ln56_8_fu_28558_p2           |         -|   0|  0|    24|           1|          17|
    |sub_ln56_9_fu_29289_p2           |         -|   0|  0|    24|           1|          17|
    |sub_ln56_fu_22712_p2             |         -|   0|  0|    24|           1|          17|
    |sub_ln57_10_fu_30015_p2          |         -|   0|  0|    24|          17|          17|
    |sub_ln57_11_fu_30746_p2          |         -|   0|  0|    24|          17|          17|
    |sub_ln57_12_fu_31477_p2          |         -|   0|  0|    24|          17|          17|
    |sub_ln57_13_fu_32208_p2          |         -|   0|  0|    24|          17|          17|
    |sub_ln57_14_fu_32939_p2          |         -|   0|  0|    24|          17|          17|
    |sub_ln57_15_fu_33670_p2          |         -|   0|  0|    24|          17|          17|
    |sub_ln57_16_fu_34401_p2          |         -|   0|  0|    24|          17|          17|
    |sub_ln57_17_fu_35132_p2          |         -|   0|  0|    24|          17|          17|
    |sub_ln57_18_fu_35863_p2          |         -|   0|  0|    24|          17|          17|
    |sub_ln57_19_fu_36594_p2          |         -|   0|  0|    24|          17|          17|
    |sub_ln57_1_fu_23436_p2           |         -|   0|  0|    24|          17|          17|
    |sub_ln57_20_fu_37325_p2          |         -|   0|  0|    24|          17|          17|
    |sub_ln57_21_fu_38056_p2          |         -|   0|  0|    24|          17|          17|
    |sub_ln57_22_fu_38787_p2          |         -|   0|  0|    24|          17|          17|
    |sub_ln57_23_fu_39518_p2          |         -|   0|  0|    24|          17|          17|
    |sub_ln57_24_fu_40249_p2          |         -|   0|  0|    24|          17|          17|
    |sub_ln57_25_fu_40980_p2          |         -|   0|  0|    24|          17|          17|
    |sub_ln57_26_fu_41711_p2          |         -|   0|  0|    24|          17|          17|
    |sub_ln57_27_fu_42442_p2          |         -|   0|  0|    24|          17|          17|
    |sub_ln57_28_fu_43173_p2          |         -|   0|  0|    24|          17|          17|
    |sub_ln57_29_fu_43904_p2          |         -|   0|  0|    24|          17|          17|
    |sub_ln57_2_fu_24167_p2           |         -|   0|  0|    24|          17|          17|
    |sub_ln57_30_fu_44635_p2          |         -|   0|  0|    24|          17|          17|
    |sub_ln57_31_fu_48916_p2          |         -|   0|  0|    24|          17|          17|
    |sub_ln57_32_fu_49654_p2          |         -|   0|  0|    24|          17|          17|
    |sub_ln57_33_fu_50394_p2          |         -|   0|  0|    24|          17|          17|
    |sub_ln57_34_fu_51134_p2          |         -|   0|  0|    24|          17|          17|
    |sub_ln57_35_fu_51874_p2          |         -|   0|  0|    24|          17|          17|
    |sub_ln57_36_fu_52614_p2          |         -|   0|  0|    24|          17|          17|
    |sub_ln57_37_fu_53354_p2          |         -|   0|  0|    24|          17|          17|
    |sub_ln57_38_fu_54094_p2          |         -|   0|  0|    24|          17|          17|
    |sub_ln57_39_fu_54834_p2          |         -|   0|  0|    24|          17|          17|
    |sub_ln57_3_fu_24898_p2           |         -|   0|  0|    24|          17|          17|
    |sub_ln57_40_fu_55574_p2          |         -|   0|  0|    24|          17|          17|
    |sub_ln57_41_fu_56314_p2          |         -|   0|  0|    24|          17|          17|
    |sub_ln57_42_fu_57054_p2          |         -|   0|  0|    24|          17|          17|
    |sub_ln57_43_fu_57794_p2          |         -|   0|  0|    24|          17|          17|
    |sub_ln57_44_fu_58534_p2          |         -|   0|  0|    24|          17|          17|
    |sub_ln57_45_fu_59274_p2          |         -|   0|  0|    24|          17|          17|
    |sub_ln57_46_fu_60014_p2          |         -|   0|  0|    24|          17|          17|
    |sub_ln57_47_fu_60754_p2          |         -|   0|  0|    24|          17|          17|
    |sub_ln57_48_fu_61494_p2          |         -|   0|  0|    24|          17|          17|
    |sub_ln57_49_fu_62234_p2          |         -|   0|  0|    24|          17|          17|
    |sub_ln57_4_fu_25629_p2           |         -|   0|  0|    24|          17|          17|
    |sub_ln57_50_fu_62974_p2          |         -|   0|  0|    24|          17|          17|
    |sub_ln57_51_fu_63714_p2          |         -|   0|  0|    24|          17|          17|
    |sub_ln57_52_fu_64454_p2          |         -|   0|  0|    24|          17|          17|
    |sub_ln57_53_fu_65194_p2          |         -|   0|  0|    24|          17|          17|
    |sub_ln57_54_fu_65934_p2          |         -|   0|  0|    24|          17|          17|
    |sub_ln57_55_fu_66674_p2          |         -|   0|  0|    24|          17|          17|
    |sub_ln57_56_fu_67414_p2          |         -|   0|  0|    24|          17|          17|
    |sub_ln57_57_fu_68154_p2          |         -|   0|  0|    24|          17|          17|
    |sub_ln57_58_fu_68894_p2          |         -|   0|  0|    24|          17|          17|
    |sub_ln57_59_fu_69634_p2          |         -|   0|  0|    24|          17|          17|
    |sub_ln57_5_fu_26360_p2           |         -|   0|  0|    24|          17|          17|
    |sub_ln57_60_fu_70374_p2          |         -|   0|  0|    24|          17|          17|
    |sub_ln57_61_fu_71114_p2          |         -|   0|  0|    24|          17|          17|
    |sub_ln57_6_fu_27091_p2           |         -|   0|  0|    24|          17|          17|
    |sub_ln57_7_fu_27822_p2           |         -|   0|  0|    24|          17|          17|
    |sub_ln57_8_fu_28553_p2           |         -|   0|  0|    24|          17|          17|
    |sub_ln57_9_fu_29284_p2           |         -|   0|  0|    24|          17|          17|
    |sub_ln57_fu_22707_p2             |         -|   0|  0|    24|          17|          17|
    |sub_ln94_10_fu_47152_p2          |         -|   0|  0|    24|          17|          17|
    |sub_ln94_11_fu_47165_p2          |         -|   0|  0|    24|           1|          17|
    |sub_ln94_12_fu_47346_p2          |         -|   0|  0|    24|          17|          17|
    |sub_ln94_13_fu_47359_p2          |         -|   0|  0|    24|           1|          17|
    |sub_ln94_1_fu_46210_p2           |         -|   0|  0|    24|           1|          17|
    |sub_ln94_2_fu_46392_p2           |         -|   0|  0|    24|          17|          17|
    |sub_ln94_3_fu_46405_p2           |         -|   0|  0|    24|           1|          17|
    |sub_ln94_4_fu_46586_p2           |         -|   0|  0|    24|          17|          17|
    |sub_ln94_5_fu_46599_p2           |         -|   0|  0|    24|           1|          17|
    |sub_ln94_6_fu_46772_p2           |         -|   0|  0|    24|          17|          17|
    |sub_ln94_7_fu_46785_p2           |         -|   0|  0|    24|           1|          17|
    |sub_ln94_8_fu_46966_p2           |         -|   0|  0|    24|          17|          17|
    |sub_ln94_9_fu_46979_p2           |         -|   0|  0|    24|           1|          17|
    |sub_ln94_fu_46197_p2             |         -|   0|  0|    24|          17|          17|
    |sub_ln96_10_fu_47171_p2          |         -|   0|  0|    24|          17|          17|
    |sub_ln96_11_fu_47184_p2          |         -|   0|  0|    24|           1|          17|
    |sub_ln96_12_fu_47365_p2          |         -|   0|  0|    24|          17|          17|
    |sub_ln96_13_fu_47378_p2          |         -|   0|  0|    24|           1|          17|
    |sub_ln96_1_fu_46229_p2           |         -|   0|  0|    24|           1|          17|
    |sub_ln96_2_fu_46411_p2           |         -|   0|  0|    24|          17|          17|
    |sub_ln96_3_fu_46424_p2           |         -|   0|  0|    24|           1|          17|
    |sub_ln96_4_fu_46605_p2           |         -|   0|  0|    24|          17|          17|
    |sub_ln96_5_fu_46618_p2           |         -|   0|  0|    24|           1|          17|
    |sub_ln96_6_fu_46791_p2           |         -|   0|  0|    24|          17|          17|
    |sub_ln96_7_fu_46804_p2           |         -|   0|  0|    24|           1|          17|
    |sub_ln96_8_fu_46985_p2           |         -|   0|  0|    24|          17|          17|
    |sub_ln96_9_fu_46998_p2           |         -|   0|  0|    24|           1|          17|
    |sub_ln96_fu_46216_p2             |         -|   0|  0|    24|          17|          17|
    |and_ln188_fu_47743_p2            |       and|   0|  0|     2|           1|           1|
    |ap_condition_100189              |       and|   0|  0|     2|           1|           1|
    |ap_condition_100194              |       and|   0|  0|     2|           1|           1|
    |ap_condition_100199              |       and|   0|  0|     2|           1|           1|
    |ap_condition_100205              |       and|   0|  0|     2|           1|           1|
    |ap_condition_100212              |       and|   0|  0|     2|           1|           1|
    |ap_condition_100220              |       and|   0|  0|     2|           1|           1|
    |ap_condition_100229              |       and|   0|  0|     2|           1|           1|
    |ap_condition_100239              |       and|   0|  0|     2|           1|           1|
    |ap_condition_100250              |       and|   0|  0|     2|           1|           1|
    |ap_condition_100262              |       and|   0|  0|     2|           1|           1|
    |ap_condition_100275              |       and|   0|  0|     2|           1|           1|
    |ap_condition_100289              |       and|   0|  0|     2|           1|           1|
    |ap_condition_100304              |       and|   0|  0|     2|           1|           1|
    |ap_condition_100320              |       and|   0|  0|     2|           1|           1|
    |ap_condition_100337              |       and|   0|  0|     2|           1|           1|
    |ap_condition_100355              |       and|   0|  0|     2|           1|           1|
    |ap_condition_100374              |       and|   0|  0|     2|           1|           1|
    |ap_condition_100394              |       and|   0|  0|     2|           1|           1|
    |ap_condition_100415              |       and|   0|  0|     2|           1|           1|
    |ap_condition_100437              |       and|   0|  0|     2|           1|           1|
    |ap_condition_100460              |       and|   0|  0|     2|           1|           1|
    |ap_condition_100484              |       and|   0|  0|     2|           1|           1|
    |ap_condition_100509              |       and|   0|  0|     2|           1|           1|
    |ap_condition_100535              |       and|   0|  0|     2|           1|           1|
    |ap_condition_100562              |       and|   0|  0|     2|           1|           1|
    |ap_condition_100590              |       and|   0|  0|     2|           1|           1|
    |ap_condition_100619              |       and|   0|  0|     2|           1|           1|
    |ap_condition_100649              |       and|   0|  0|     2|           1|           1|
    |ap_condition_100680              |       and|   0|  0|     2|           1|           1|
    |ap_condition_100712              |       and|   0|  0|     2|           1|           1|
    |ap_condition_101794              |       and|   0|  0|     2|           1|           1|
    |ap_condition_101799              |       and|   0|  0|     2|           1|           1|
    |ap_condition_101804              |       and|   0|  0|     2|           1|           1|
    |ap_condition_101810              |       and|   0|  0|     2|           1|           1|
    |ap_condition_101817              |       and|   0|  0|     2|           1|           1|
    |ap_condition_101825              |       and|   0|  0|     2|           1|           1|
    |ap_condition_101834              |       and|   0|  0|     2|           1|           1|
    |ap_condition_101844              |       and|   0|  0|     2|           1|           1|
    |ap_condition_101855              |       and|   0|  0|     2|           1|           1|
    |ap_condition_101867              |       and|   0|  0|     2|           1|           1|
    |ap_condition_101880              |       and|   0|  0|     2|           1|           1|
    |ap_condition_101894              |       and|   0|  0|     2|           1|           1|
    |ap_condition_101909              |       and|   0|  0|     2|           1|           1|
    |ap_condition_101925              |       and|   0|  0|     2|           1|           1|
    |ap_condition_101942              |       and|   0|  0|     2|           1|           1|
    |ap_condition_101960              |       and|   0|  0|     2|           1|           1|
    |ap_condition_101979              |       and|   0|  0|     2|           1|           1|
    |ap_condition_101999              |       and|   0|  0|     2|           1|           1|
    |ap_condition_102020              |       and|   0|  0|     2|           1|           1|
    |ap_condition_102042              |       and|   0|  0|     2|           1|           1|
    |ap_condition_102065              |       and|   0|  0|     2|           1|           1|
    |ap_condition_102089              |       and|   0|  0|     2|           1|           1|
    |ap_condition_102114              |       and|   0|  0|     2|           1|           1|
    |ap_condition_102140              |       and|   0|  0|     2|           1|           1|
    |ap_condition_102167              |       and|   0|  0|     2|           1|           1|
    |ap_condition_102195              |       and|   0|  0|     2|           1|           1|
    |ap_condition_102224              |       and|   0|  0|     2|           1|           1|
    |ap_condition_102254              |       and|   0|  0|     2|           1|           1|
    |ap_condition_102285              |       and|   0|  0|     2|           1|           1|
    |ap_condition_102317              |       and|   0|  0|     2|           1|           1|
    |ap_condition_10241               |       and|   0|  0|     2|           1|           1|
    |ap_condition_10247               |       and|   0|  0|     2|           1|           1|
    |ap_condition_10250               |       and|   0|  0|     2|           1|           1|
    |ap_condition_10253               |       and|   0|  0|     2|           1|           1|
    |ap_condition_10256               |       and|   0|  0|     2|           1|           1|
    |ap_condition_10259               |       and|   0|  0|     2|           1|           1|
    |ap_condition_10262               |       and|   0|  0|     2|           1|           1|
    |ap_condition_10265               |       and|   0|  0|     2|           1|           1|
    |ap_condition_10268               |       and|   0|  0|     2|           1|           1|
    |ap_condition_10271               |       and|   0|  0|     2|           1|           1|
    |ap_condition_10274               |       and|   0|  0|     2|           1|           1|
    |ap_condition_10277               |       and|   0|  0|     2|           1|           1|
    |ap_condition_10280               |       and|   0|  0|     2|           1|           1|
    |ap_condition_10283               |       and|   0|  0|     2|           1|           1|
    |ap_condition_10286               |       and|   0|  0|     2|           1|           1|
    |ap_condition_102875              |       and|   0|  0|     2|           1|           1|
    |ap_condition_102880              |       and|   0|  0|     2|           1|           1|
    |ap_condition_102885              |       and|   0|  0|     2|           1|           1|
    |ap_condition_10289               |       and|   0|  0|     2|           1|           1|
    |ap_condition_102891              |       and|   0|  0|     2|           1|           1|
    |ap_condition_102898              |       and|   0|  0|     2|           1|           1|
    |ap_condition_102906              |       and|   0|  0|     2|           1|           1|
    |ap_condition_102915              |       and|   0|  0|     2|           1|           1|
    |ap_condition_10292               |       and|   0|  0|     2|           1|           1|
    |ap_condition_102925              |       and|   0|  0|     2|           1|           1|
    |ap_condition_102936              |       and|   0|  0|     2|           1|           1|
    |ap_condition_102948              |       and|   0|  0|     2|           1|           1|
    |ap_condition_10295               |       and|   0|  0|     2|           1|           1|
    |ap_condition_102961              |       and|   0|  0|     2|           1|           1|
    |ap_condition_102975              |       and|   0|  0|     2|           1|           1|
    |ap_condition_10298               |       and|   0|  0|     2|           1|           1|
    |ap_condition_102990              |       and|   0|  0|     2|           1|           1|
    |ap_condition_103006              |       and|   0|  0|     2|           1|           1|
    |ap_condition_10301               |       and|   0|  0|     2|           1|           1|
    |ap_condition_103023              |       and|   0|  0|     2|           1|           1|
    |ap_condition_10304               |       and|   0|  0|     2|           1|           1|
    |ap_condition_103041              |       and|   0|  0|     2|           1|           1|
    |ap_condition_103060              |       and|   0|  0|     2|           1|           1|
    |ap_condition_10307               |       and|   0|  0|     2|           1|           1|
    |ap_condition_103080              |       and|   0|  0|     2|           1|           1|
    |ap_condition_10310               |       and|   0|  0|     2|           1|           1|
    |ap_condition_103101              |       and|   0|  0|     2|           1|           1|
    |ap_condition_103123              |       and|   0|  0|     2|           1|           1|
    |ap_condition_10313               |       and|   0|  0|     2|           1|           1|
    |ap_condition_103146              |       and|   0|  0|     2|           1|           1|
    |ap_condition_10316               |       and|   0|  0|     2|           1|           1|
    |ap_condition_103170              |       and|   0|  0|     2|           1|           1|
    |ap_condition_10319               |       and|   0|  0|     2|           1|           1|
    |ap_condition_103195              |       and|   0|  0|     2|           1|           1|
    |ap_condition_10322               |       and|   0|  0|     2|           1|           1|
    |ap_condition_103221              |       and|   0|  0|     2|           1|           1|
    |ap_condition_103248              |       and|   0|  0|     2|           1|           1|
    |ap_condition_10325               |       and|   0|  0|     2|           1|           1|
    |ap_condition_103276              |       and|   0|  0|     2|           1|           1|
    |ap_condition_10328               |       and|   0|  0|     2|           1|           1|
    |ap_condition_103305              |       and|   0|  0|     2|           1|           1|
    |ap_condition_10331               |       and|   0|  0|     2|           1|           1|
    |ap_condition_103335              |       and|   0|  0|     2|           1|           1|
    |ap_condition_103366              |       and|   0|  0|     2|           1|           1|
    |ap_condition_103398              |       and|   0|  0|     2|           1|           1|
    |ap_condition_103956              |       and|   0|  0|     2|           1|           1|
    |ap_condition_103961              |       and|   0|  0|     2|           1|           1|
    |ap_condition_103966              |       and|   0|  0|     2|           1|           1|
    |ap_condition_103972              |       and|   0|  0|     2|           1|           1|
    |ap_condition_103979              |       and|   0|  0|     2|           1|           1|
    |ap_condition_103987              |       and|   0|  0|     2|           1|           1|
    |ap_condition_103996              |       and|   0|  0|     2|           1|           1|
    |ap_condition_104006              |       and|   0|  0|     2|           1|           1|
    |ap_condition_104017              |       and|   0|  0|     2|           1|           1|
    |ap_condition_104029              |       and|   0|  0|     2|           1|           1|
    |ap_condition_104042              |       and|   0|  0|     2|           1|           1|
    |ap_condition_104056              |       and|   0|  0|     2|           1|           1|
    |ap_condition_104071              |       and|   0|  0|     2|           1|           1|
    |ap_condition_104087              |       and|   0|  0|     2|           1|           1|
    |ap_condition_104104              |       and|   0|  0|     2|           1|           1|
    |ap_condition_104122              |       and|   0|  0|     2|           1|           1|
    |ap_condition_104141              |       and|   0|  0|     2|           1|           1|
    |ap_condition_104161              |       and|   0|  0|     2|           1|           1|
    |ap_condition_104182              |       and|   0|  0|     2|           1|           1|
    |ap_condition_104204              |       and|   0|  0|     2|           1|           1|
    |ap_condition_104227              |       and|   0|  0|     2|           1|           1|
    |ap_condition_104251              |       and|   0|  0|     2|           1|           1|
    |ap_condition_104276              |       and|   0|  0|     2|           1|           1|
    |ap_condition_104302              |       and|   0|  0|     2|           1|           1|
    |ap_condition_104329              |       and|   0|  0|     2|           1|           1|
    |ap_condition_104357              |       and|   0|  0|     2|           1|           1|
    |ap_condition_104386              |       and|   0|  0|     2|           1|           1|
    |ap_condition_104416              |       and|   0|  0|     2|           1|           1|
    |ap_condition_104447              |       and|   0|  0|     2|           1|           1|
    |ap_condition_104479              |       and|   0|  0|     2|           1|           1|
    |ap_condition_105037              |       and|   0|  0|     2|           1|           1|
    |ap_condition_105042              |       and|   0|  0|     2|           1|           1|
    |ap_condition_105047              |       and|   0|  0|     2|           1|           1|
    |ap_condition_105053              |       and|   0|  0|     2|           1|           1|
    |ap_condition_105060              |       and|   0|  0|     2|           1|           1|
    |ap_condition_105068              |       and|   0|  0|     2|           1|           1|
    |ap_condition_105077              |       and|   0|  0|     2|           1|           1|
    |ap_condition_105087              |       and|   0|  0|     2|           1|           1|
    |ap_condition_105098              |       and|   0|  0|     2|           1|           1|
    |ap_condition_105110              |       and|   0|  0|     2|           1|           1|
    |ap_condition_105123              |       and|   0|  0|     2|           1|           1|
    |ap_condition_105137              |       and|   0|  0|     2|           1|           1|
    |ap_condition_105152              |       and|   0|  0|     2|           1|           1|
    |ap_condition_105168              |       and|   0|  0|     2|           1|           1|
    |ap_condition_105185              |       and|   0|  0|     2|           1|           1|
    |ap_condition_105203              |       and|   0|  0|     2|           1|           1|
    |ap_condition_105222              |       and|   0|  0|     2|           1|           1|
    |ap_condition_105242              |       and|   0|  0|     2|           1|           1|
    |ap_condition_105263              |       and|   0|  0|     2|           1|           1|
    |ap_condition_105285              |       and|   0|  0|     2|           1|           1|
    |ap_condition_105308              |       and|   0|  0|     2|           1|           1|
    |ap_condition_105332              |       and|   0|  0|     2|           1|           1|
    |ap_condition_105357              |       and|   0|  0|     2|           1|           1|
    |ap_condition_105383              |       and|   0|  0|     2|           1|           1|
    |ap_condition_105410              |       and|   0|  0|     2|           1|           1|
    |ap_condition_105438              |       and|   0|  0|     2|           1|           1|
    |ap_condition_105467              |       and|   0|  0|     2|           1|           1|
    |ap_condition_105497              |       and|   0|  0|     2|           1|           1|
    |ap_condition_105528              |       and|   0|  0|     2|           1|           1|
    |ap_condition_105560              |       and|   0|  0|     2|           1|           1|
    |ap_condition_106118              |       and|   0|  0|     2|           1|           1|
    |ap_condition_106123              |       and|   0|  0|     2|           1|           1|
    |ap_condition_106128              |       and|   0|  0|     2|           1|           1|
    |ap_condition_106134              |       and|   0|  0|     2|           1|           1|
    |ap_condition_106141              |       and|   0|  0|     2|           1|           1|
    |ap_condition_106149              |       and|   0|  0|     2|           1|           1|
    |ap_condition_106158              |       and|   0|  0|     2|           1|           1|
    |ap_condition_106168              |       and|   0|  0|     2|           1|           1|
    |ap_condition_106179              |       and|   0|  0|     2|           1|           1|
    |ap_condition_106191              |       and|   0|  0|     2|           1|           1|
    |ap_condition_106204              |       and|   0|  0|     2|           1|           1|
    |ap_condition_106218              |       and|   0|  0|     2|           1|           1|
    |ap_condition_106233              |       and|   0|  0|     2|           1|           1|
    |ap_condition_106249              |       and|   0|  0|     2|           1|           1|
    |ap_condition_106266              |       and|   0|  0|     2|           1|           1|
    |ap_condition_106284              |       and|   0|  0|     2|           1|           1|
    |ap_condition_106303              |       and|   0|  0|     2|           1|           1|
    |ap_condition_106323              |       and|   0|  0|     2|           1|           1|
    |ap_condition_10634               |       and|   0|  0|     2|           1|           1|
    |ap_condition_106344              |       and|   0|  0|     2|           1|           1|
    |ap_condition_106366              |       and|   0|  0|     2|           1|           1|
    |ap_condition_106389              |       and|   0|  0|     2|           1|           1|
    |ap_condition_10640               |       and|   0|  0|     2|           1|           1|
    |ap_condition_106413              |       and|   0|  0|     2|           1|           1|
    |ap_condition_10643               |       and|   0|  0|     2|           1|           1|
    |ap_condition_106438              |       and|   0|  0|     2|           1|           1|
    |ap_condition_10646               |       and|   0|  0|     2|           1|           1|
    |ap_condition_106464              |       and|   0|  0|     2|           1|           1|
    |ap_condition_10649               |       and|   0|  0|     2|           1|           1|
    |ap_condition_106491              |       and|   0|  0|     2|           1|           1|
    |ap_condition_106519              |       and|   0|  0|     2|           1|           1|
    |ap_condition_10652               |       and|   0|  0|     2|           1|           1|
    |ap_condition_106548              |       and|   0|  0|     2|           1|           1|
    |ap_condition_10655               |       and|   0|  0|     2|           1|           1|
    |ap_condition_106578              |       and|   0|  0|     2|           1|           1|
    |ap_condition_10658               |       and|   0|  0|     2|           1|           1|
    |ap_condition_106609              |       and|   0|  0|     2|           1|           1|
    |ap_condition_10661               |       and|   0|  0|     2|           1|           1|
    |ap_condition_10664               |       and|   0|  0|     2|           1|           1|
    |ap_condition_106641              |       and|   0|  0|     2|           1|           1|
    |ap_condition_10667               |       and|   0|  0|     2|           1|           1|
    |ap_condition_10670               |       and|   0|  0|     2|           1|           1|
    |ap_condition_10673               |       and|   0|  0|     2|           1|           1|
    |ap_condition_10676               |       and|   0|  0|     2|           1|           1|
    |ap_condition_10679               |       and|   0|  0|     2|           1|           1|
    |ap_condition_10682               |       and|   0|  0|     2|           1|           1|
    |ap_condition_10685               |       and|   0|  0|     2|           1|           1|
    |ap_condition_10688               |       and|   0|  0|     2|           1|           1|
    |ap_condition_10691               |       and|   0|  0|     2|           1|           1|
    |ap_condition_10694               |       and|   0|  0|     2|           1|           1|
    |ap_condition_10697               |       and|   0|  0|     2|           1|           1|
    |ap_condition_10700               |       and|   0|  0|     2|           1|           1|
    |ap_condition_10703               |       and|   0|  0|     2|           1|           1|
    |ap_condition_10706               |       and|   0|  0|     2|           1|           1|
    |ap_condition_10709               |       and|   0|  0|     2|           1|           1|
    |ap_condition_10712               |       and|   0|  0|     2|           1|           1|
    |ap_condition_10715               |       and|   0|  0|     2|           1|           1|
    |ap_condition_10718               |       and|   0|  0|     2|           1|           1|
    |ap_condition_107199              |       and|   0|  0|     2|           1|           1|
    |ap_condition_107204              |       and|   0|  0|     2|           1|           1|
    |ap_condition_107209              |       and|   0|  0|     2|           1|           1|
    |ap_condition_10721               |       and|   0|  0|     2|           1|           1|
    |ap_condition_107215              |       and|   0|  0|     2|           1|           1|
    |ap_condition_107222              |       and|   0|  0|     2|           1|           1|
    |ap_condition_107230              |       and|   0|  0|     2|           1|           1|
    |ap_condition_107239              |       and|   0|  0|     2|           1|           1|
    |ap_condition_10724               |       and|   0|  0|     2|           1|           1|
    |ap_condition_107249              |       and|   0|  0|     2|           1|           1|
    |ap_condition_107260              |       and|   0|  0|     2|           1|           1|
    |ap_condition_107272              |       and|   0|  0|     2|           1|           1|
    |ap_condition_107285              |       and|   0|  0|     2|           1|           1|
    |ap_condition_107299              |       and|   0|  0|     2|           1|           1|
    |ap_condition_107314              |       and|   0|  0|     2|           1|           1|
    |ap_condition_107330              |       and|   0|  0|     2|           1|           1|
    |ap_condition_107347              |       and|   0|  0|     2|           1|           1|
    |ap_condition_107365              |       and|   0|  0|     2|           1|           1|
    |ap_condition_107384              |       and|   0|  0|     2|           1|           1|
    |ap_condition_107404              |       and|   0|  0|     2|           1|           1|
    |ap_condition_107425              |       and|   0|  0|     2|           1|           1|
    |ap_condition_107447              |       and|   0|  0|     2|           1|           1|
    |ap_condition_107470              |       and|   0|  0|     2|           1|           1|
    |ap_condition_107494              |       and|   0|  0|     2|           1|           1|
    |ap_condition_107519              |       and|   0|  0|     2|           1|           1|
    |ap_condition_107545              |       and|   0|  0|     2|           1|           1|
    |ap_condition_107572              |       and|   0|  0|     2|           1|           1|
    |ap_condition_107600              |       and|   0|  0|     2|           1|           1|
    |ap_condition_107629              |       and|   0|  0|     2|           1|           1|
    |ap_condition_107659              |       and|   0|  0|     2|           1|           1|
    |ap_condition_107690              |       and|   0|  0|     2|           1|           1|
    |ap_condition_107722              |       and|   0|  0|     2|           1|           1|
    |ap_condition_107756              |       and|   0|  0|     2|           1|           1|
    |ap_condition_107761              |       and|   0|  0|     2|           1|           1|
    |ap_condition_107766              |       and|   0|  0|     2|           1|           1|
    |ap_condition_107772              |       and|   0|  0|     2|           1|           1|
    |ap_condition_107779              |       and|   0|  0|     2|           1|           1|
    |ap_condition_107787              |       and|   0|  0|     2|           1|           1|
    |ap_condition_107796              |       and|   0|  0|     2|           1|           1|
    |ap_condition_107806              |       and|   0|  0|     2|           1|           1|
    |ap_condition_107817              |       and|   0|  0|     2|           1|           1|
    |ap_condition_107829              |       and|   0|  0|     2|           1|           1|
    |ap_condition_107842              |       and|   0|  0|     2|           1|           1|
    |ap_condition_107856              |       and|   0|  0|     2|           1|           1|
    |ap_condition_107871              |       and|   0|  0|     2|           1|           1|
    |ap_condition_107887              |       and|   0|  0|     2|           1|           1|
    |ap_condition_107904              |       and|   0|  0|     2|           1|           1|
    |ap_condition_107922              |       and|   0|  0|     2|           1|           1|
    |ap_condition_107941              |       and|   0|  0|     2|           1|           1|
    |ap_condition_107961              |       and|   0|  0|     2|           1|           1|
    |ap_condition_107982              |       and|   0|  0|     2|           1|           1|
    |ap_condition_108004              |       and|   0|  0|     2|           1|           1|
    |ap_condition_108027              |       and|   0|  0|     2|           1|           1|
    |ap_condition_108051              |       and|   0|  0|     2|           1|           1|
    |ap_condition_108076              |       and|   0|  0|     2|           1|           1|
    |ap_condition_108102              |       and|   0|  0|     2|           1|           1|
    |ap_condition_108129              |       and|   0|  0|     2|           1|           1|
    |ap_condition_108157              |       and|   0|  0|     2|           1|           1|
    |ap_condition_108186              |       and|   0|  0|     2|           1|           1|
    |ap_condition_108216              |       and|   0|  0|     2|           1|           1|
    |ap_condition_108247              |       and|   0|  0|     2|           1|           1|
    |ap_condition_108279              |       and|   0|  0|     2|           1|           1|
    |ap_condition_108837              |       and|   0|  0|     2|           1|           1|
    |ap_condition_108842              |       and|   0|  0|     2|           1|           1|
    |ap_condition_108847              |       and|   0|  0|     2|           1|           1|
    |ap_condition_108853              |       and|   0|  0|     2|           1|           1|
    |ap_condition_108860              |       and|   0|  0|     2|           1|           1|
    |ap_condition_108868              |       and|   0|  0|     2|           1|           1|
    |ap_condition_108877              |       and|   0|  0|     2|           1|           1|
    |ap_condition_108887              |       and|   0|  0|     2|           1|           1|
    |ap_condition_108898              |       and|   0|  0|     2|           1|           1|
    |ap_condition_108910              |       and|   0|  0|     2|           1|           1|
    |ap_condition_108923              |       and|   0|  0|     2|           1|           1|
    |ap_condition_108937              |       and|   0|  0|     2|           1|           1|
    |ap_condition_108952              |       and|   0|  0|     2|           1|           1|
    |ap_condition_108968              |       and|   0|  0|     2|           1|           1|
    |ap_condition_108985              |       and|   0|  0|     2|           1|           1|
    |ap_condition_109003              |       and|   0|  0|     2|           1|           1|
    |ap_condition_109022              |       and|   0|  0|     2|           1|           1|
    |ap_condition_109042              |       and|   0|  0|     2|           1|           1|
    |ap_condition_109063              |       and|   0|  0|     2|           1|           1|
    |ap_condition_109085              |       and|   0|  0|     2|           1|           1|
    |ap_condition_109108              |       and|   0|  0|     2|           1|           1|
    |ap_condition_109132              |       and|   0|  0|     2|           1|           1|
    |ap_condition_109157              |       and|   0|  0|     2|           1|           1|
    |ap_condition_109183              |       and|   0|  0|     2|           1|           1|
    |ap_condition_109210              |       and|   0|  0|     2|           1|           1|
    |ap_condition_109238              |       and|   0|  0|     2|           1|           1|
    |ap_condition_109267              |       and|   0|  0|     2|           1|           1|
    |ap_condition_109297              |       and|   0|  0|     2|           1|           1|
    |ap_condition_109328              |       and|   0|  0|     2|           1|           1|
    |ap_condition_109360              |       and|   0|  0|     2|           1|           1|
    |ap_condition_109918              |       and|   0|  0|     2|           1|           1|
    |ap_condition_109923              |       and|   0|  0|     2|           1|           1|
    |ap_condition_109928              |       and|   0|  0|     2|           1|           1|
    |ap_condition_109934              |       and|   0|  0|     2|           1|           1|
    |ap_condition_109941              |       and|   0|  0|     2|           1|           1|
    |ap_condition_109949              |       and|   0|  0|     2|           1|           1|
    |ap_condition_109958              |       and|   0|  0|     2|           1|           1|
    |ap_condition_109968              |       and|   0|  0|     2|           1|           1|
    |ap_condition_109979              |       and|   0|  0|     2|           1|           1|
    |ap_condition_109991              |       and|   0|  0|     2|           1|           1|
    |ap_condition_110004              |       and|   0|  0|     2|           1|           1|
    |ap_condition_110018              |       and|   0|  0|     2|           1|           1|
    |ap_condition_110033              |       and|   0|  0|     2|           1|           1|
    |ap_condition_110049              |       and|   0|  0|     2|           1|           1|
    |ap_condition_110066              |       and|   0|  0|     2|           1|           1|
    |ap_condition_110084              |       and|   0|  0|     2|           1|           1|
    |ap_condition_110103              |       and|   0|  0|     2|           1|           1|
    |ap_condition_110123              |       and|   0|  0|     2|           1|           1|
    |ap_condition_110144              |       and|   0|  0|     2|           1|           1|
    |ap_condition_110166              |       and|   0|  0|     2|           1|           1|
    |ap_condition_110189              |       and|   0|  0|     2|           1|           1|
    |ap_condition_110213              |       and|   0|  0|     2|           1|           1|
    |ap_condition_110238              |       and|   0|  0|     2|           1|           1|
    |ap_condition_110264              |       and|   0|  0|     2|           1|           1|
    |ap_condition_11027               |       and|   0|  0|     2|           1|           1|
    |ap_condition_110291              |       and|   0|  0|     2|           1|           1|
    |ap_condition_110319              |       and|   0|  0|     2|           1|           1|
    |ap_condition_11033               |       and|   0|  0|     2|           1|           1|
    |ap_condition_110348              |       and|   0|  0|     2|           1|           1|
    |ap_condition_11036               |       and|   0|  0|     2|           1|           1|
    |ap_condition_110378              |       and|   0|  0|     2|           1|           1|
    |ap_condition_11039               |       and|   0|  0|     2|           1|           1|
    |ap_condition_110409              |       and|   0|  0|     2|           1|           1|
    |ap_condition_11042               |       and|   0|  0|     2|           1|           1|
    |ap_condition_110441              |       and|   0|  0|     2|           1|           1|
    |ap_condition_11045               |       and|   0|  0|     2|           1|           1|
    |ap_condition_11048               |       and|   0|  0|     2|           1|           1|
    |ap_condition_11051               |       and|   0|  0|     2|           1|           1|
    |ap_condition_11054               |       and|   0|  0|     2|           1|           1|
    |ap_condition_11057               |       and|   0|  0|     2|           1|           1|
    |ap_condition_11060               |       and|   0|  0|     2|           1|           1|
    |ap_condition_11063               |       and|   0|  0|     2|           1|           1|
    |ap_condition_11066               |       and|   0|  0|     2|           1|           1|
    |ap_condition_11069               |       and|   0|  0|     2|           1|           1|
    |ap_condition_11072               |       and|   0|  0|     2|           1|           1|
    |ap_condition_11075               |       and|   0|  0|     2|           1|           1|
    |ap_condition_11078               |       and|   0|  0|     2|           1|           1|
    |ap_condition_11081               |       and|   0|  0|     2|           1|           1|
    |ap_condition_11084               |       and|   0|  0|     2|           1|           1|
    |ap_condition_11087               |       and|   0|  0|     2|           1|           1|
    |ap_condition_11090               |       and|   0|  0|     2|           1|           1|
    |ap_condition_11093               |       and|   0|  0|     2|           1|           1|
    |ap_condition_11096               |       and|   0|  0|     2|           1|           1|
    |ap_condition_11099               |       and|   0|  0|     2|           1|           1|
    |ap_condition_110999              |       and|   0|  0|     2|           1|           1|
    |ap_condition_111004              |       and|   0|  0|     2|           1|           1|
    |ap_condition_111009              |       and|   0|  0|     2|           1|           1|
    |ap_condition_111015              |       and|   0|  0|     2|           1|           1|
    |ap_condition_11102               |       and|   0|  0|     2|           1|           1|
    |ap_condition_111022              |       and|   0|  0|     2|           1|           1|
    |ap_condition_111030              |       and|   0|  0|     2|           1|           1|
    |ap_condition_111039              |       and|   0|  0|     2|           1|           1|
    |ap_condition_111049              |       and|   0|  0|     2|           1|           1|
    |ap_condition_11105               |       and|   0|  0|     2|           1|           1|
    |ap_condition_111060              |       and|   0|  0|     2|           1|           1|
    |ap_condition_111072              |       and|   0|  0|     2|           1|           1|
    |ap_condition_11108               |       and|   0|  0|     2|           1|           1|
    |ap_condition_111085              |       and|   0|  0|     2|           1|           1|
    |ap_condition_111099              |       and|   0|  0|     2|           1|           1|
    |ap_condition_11111               |       and|   0|  0|     2|           1|           1|
    |ap_condition_111114              |       and|   0|  0|     2|           1|           1|
    |ap_condition_111130              |       and|   0|  0|     2|           1|           1|
    |ap_condition_11114               |       and|   0|  0|     2|           1|           1|
    |ap_condition_111147              |       and|   0|  0|     2|           1|           1|
    |ap_condition_111165              |       and|   0|  0|     2|           1|           1|
    |ap_condition_11117               |       and|   0|  0|     2|           1|           1|
    |ap_condition_111184              |       and|   0|  0|     2|           1|           1|
    |ap_condition_111204              |       and|   0|  0|     2|           1|           1|
    |ap_condition_111225              |       and|   0|  0|     2|           1|           1|
    |ap_condition_111247              |       and|   0|  0|     2|           1|           1|
    |ap_condition_111270              |       and|   0|  0|     2|           1|           1|
    |ap_condition_111294              |       and|   0|  0|     2|           1|           1|
    |ap_condition_111319              |       and|   0|  0|     2|           1|           1|
    |ap_condition_111345              |       and|   0|  0|     2|           1|           1|
    |ap_condition_111372              |       and|   0|  0|     2|           1|           1|
    |ap_condition_111400              |       and|   0|  0|     2|           1|           1|
    |ap_condition_111429              |       and|   0|  0|     2|           1|           1|
    |ap_condition_111459              |       and|   0|  0|     2|           1|           1|
    |ap_condition_111490              |       and|   0|  0|     2|           1|           1|
    |ap_condition_111522              |       and|   0|  0|     2|           1|           1|
    |ap_condition_112080              |       and|   0|  0|     2|           1|           1|
    |ap_condition_112085              |       and|   0|  0|     2|           1|           1|
    |ap_condition_112090              |       and|   0|  0|     2|           1|           1|
    |ap_condition_112096              |       and|   0|  0|     2|           1|           1|
    |ap_condition_112103              |       and|   0|  0|     2|           1|           1|
    |ap_condition_112111              |       and|   0|  0|     2|           1|           1|
    |ap_condition_112120              |       and|   0|  0|     2|           1|           1|
    |ap_condition_112130              |       and|   0|  0|     2|           1|           1|
    |ap_condition_112141              |       and|   0|  0|     2|           1|           1|
    |ap_condition_112153              |       and|   0|  0|     2|           1|           1|
    |ap_condition_112166              |       and|   0|  0|     2|           1|           1|
    |ap_condition_112180              |       and|   0|  0|     2|           1|           1|
    |ap_condition_112195              |       and|   0|  0|     2|           1|           1|
    |ap_condition_112211              |       and|   0|  0|     2|           1|           1|
    |ap_condition_112228              |       and|   0|  0|     2|           1|           1|
    |ap_condition_112246              |       and|   0|  0|     2|           1|           1|
    |ap_condition_112265              |       and|   0|  0|     2|           1|           1|
    |ap_condition_112285              |       and|   0|  0|     2|           1|           1|
    |ap_condition_112306              |       and|   0|  0|     2|           1|           1|
    |ap_condition_112328              |       and|   0|  0|     2|           1|           1|
    |ap_condition_112351              |       and|   0|  0|     2|           1|           1|
    |ap_condition_112375              |       and|   0|  0|     2|           1|           1|
    |ap_condition_112400              |       and|   0|  0|     2|           1|           1|
    |ap_condition_112426              |       and|   0|  0|     2|           1|           1|
    |ap_condition_112453              |       and|   0|  0|     2|           1|           1|
    |ap_condition_112481              |       and|   0|  0|     2|           1|           1|
    |ap_condition_112510              |       and|   0|  0|     2|           1|           1|
    |ap_condition_112540              |       and|   0|  0|     2|           1|           1|
    |ap_condition_112571              |       and|   0|  0|     2|           1|           1|
    |ap_condition_112603              |       and|   0|  0|     2|           1|           1|
    |ap_condition_113685              |       and|   0|  0|     2|           1|           1|
    |ap_condition_113690              |       and|   0|  0|     2|           1|           1|
    |ap_condition_113695              |       and|   0|  0|     2|           1|           1|
    |ap_condition_113701              |       and|   0|  0|     2|           1|           1|
    |ap_condition_113708              |       and|   0|  0|     2|           1|           1|
    |ap_condition_113716              |       and|   0|  0|     2|           1|           1|
    |ap_condition_113725              |       and|   0|  0|     2|           1|           1|
    |ap_condition_113735              |       and|   0|  0|     2|           1|           1|
    |ap_condition_113746              |       and|   0|  0|     2|           1|           1|
    |ap_condition_113758              |       and|   0|  0|     2|           1|           1|
    |ap_condition_113771              |       and|   0|  0|     2|           1|           1|
    |ap_condition_113785              |       and|   0|  0|     2|           1|           1|
    |ap_condition_113800              |       and|   0|  0|     2|           1|           1|
    |ap_condition_113816              |       and|   0|  0|     2|           1|           1|
    |ap_condition_113833              |       and|   0|  0|     2|           1|           1|
    |ap_condition_113851              |       and|   0|  0|     2|           1|           1|
    |ap_condition_113870              |       and|   0|  0|     2|           1|           1|
    |ap_condition_113890              |       and|   0|  0|     2|           1|           1|
    |ap_condition_113911              |       and|   0|  0|     2|           1|           1|
    |ap_condition_113933              |       and|   0|  0|     2|           1|           1|
    |ap_condition_113956              |       and|   0|  0|     2|           1|           1|
    |ap_condition_113980              |       and|   0|  0|     2|           1|           1|
    |ap_condition_114005              |       and|   0|  0|     2|           1|           1|
    |ap_condition_114031              |       and|   0|  0|     2|           1|           1|
    |ap_condition_114058              |       and|   0|  0|     2|           1|           1|
    |ap_condition_114086              |       and|   0|  0|     2|           1|           1|
    |ap_condition_114115              |       and|   0|  0|     2|           1|           1|
    |ap_condition_114145              |       and|   0|  0|     2|           1|           1|
    |ap_condition_114176              |       and|   0|  0|     2|           1|           1|
    |ap_condition_11420               |       and|   0|  0|     2|           1|           1|
    |ap_condition_114208              |       and|   0|  0|     2|           1|           1|
    |ap_condition_11426               |       and|   0|  0|     2|           1|           1|
    |ap_condition_11429               |       and|   0|  0|     2|           1|           1|
    |ap_condition_11432               |       and|   0|  0|     2|           1|           1|
    |ap_condition_11435               |       and|   0|  0|     2|           1|           1|
    |ap_condition_11438               |       and|   0|  0|     2|           1|           1|
    |ap_condition_11441               |       and|   0|  0|     2|           1|           1|
    |ap_condition_11444               |       and|   0|  0|     2|           1|           1|
    |ap_condition_11447               |       and|   0|  0|     2|           1|           1|
    |ap_condition_11450               |       and|   0|  0|     2|           1|           1|
    |ap_condition_11453               |       and|   0|  0|     2|           1|           1|
    |ap_condition_11456               |       and|   0|  0|     2|           1|           1|
    |ap_condition_11459               |       and|   0|  0|     2|           1|           1|
    |ap_condition_11462               |       and|   0|  0|     2|           1|           1|
    |ap_condition_11465               |       and|   0|  0|     2|           1|           1|
    |ap_condition_11468               |       and|   0|  0|     2|           1|           1|
    |ap_condition_11471               |       and|   0|  0|     2|           1|           1|
    |ap_condition_11474               |       and|   0|  0|     2|           1|           1|
    |ap_condition_114766              |       and|   0|  0|     2|           1|           1|
    |ap_condition_11477               |       and|   0|  0|     2|           1|           1|
    |ap_condition_114771              |       and|   0|  0|     2|           1|           1|
    |ap_condition_114776              |       and|   0|  0|     2|           1|           1|
    |ap_condition_114782              |       and|   0|  0|     2|           1|           1|
    |ap_condition_114789              |       and|   0|  0|     2|           1|           1|
    |ap_condition_114797              |       and|   0|  0|     2|           1|           1|
    |ap_condition_11480               |       and|   0|  0|     2|           1|           1|
    |ap_condition_114806              |       and|   0|  0|     2|           1|           1|
    |ap_condition_114816              |       and|   0|  0|     2|           1|           1|
    |ap_condition_114827              |       and|   0|  0|     2|           1|           1|
    |ap_condition_11483               |       and|   0|  0|     2|           1|           1|
    |ap_condition_114839              |       and|   0|  0|     2|           1|           1|
    |ap_condition_114852              |       and|   0|  0|     2|           1|           1|
    |ap_condition_11486               |       and|   0|  0|     2|           1|           1|
    |ap_condition_114866              |       and|   0|  0|     2|           1|           1|
    |ap_condition_114881              |       and|   0|  0|     2|           1|           1|
    |ap_condition_11489               |       and|   0|  0|     2|           1|           1|
    |ap_condition_114897              |       and|   0|  0|     2|           1|           1|
    |ap_condition_114914              |       and|   0|  0|     2|           1|           1|
    |ap_condition_11492               |       and|   0|  0|     2|           1|           1|
    |ap_condition_114932              |       and|   0|  0|     2|           1|           1|
    |ap_condition_11495               |       and|   0|  0|     2|           1|           1|
    |ap_condition_114951              |       and|   0|  0|     2|           1|           1|
    |ap_condition_114971              |       and|   0|  0|     2|           1|           1|
    |ap_condition_11498               |       and|   0|  0|     2|           1|           1|
    |ap_condition_114992              |       and|   0|  0|     2|           1|           1|
    |ap_condition_11501               |       and|   0|  0|     2|           1|           1|
    |ap_condition_115014              |       and|   0|  0|     2|           1|           1|
    |ap_condition_115037              |       and|   0|  0|     2|           1|           1|
    |ap_condition_11504               |       and|   0|  0|     2|           1|           1|
    |ap_condition_115061              |       and|   0|  0|     2|           1|           1|
    |ap_condition_11507               |       and|   0|  0|     2|           1|           1|
    |ap_condition_115086              |       and|   0|  0|     2|           1|           1|
    |ap_condition_11510               |       and|   0|  0|     2|           1|           1|
    |ap_condition_115112              |       and|   0|  0|     2|           1|           1|
    |ap_condition_115139              |       and|   0|  0|     2|           1|           1|
    |ap_condition_115167              |       and|   0|  0|     2|           1|           1|
    |ap_condition_115196              |       and|   0|  0|     2|           1|           1|
    |ap_condition_115226              |       and|   0|  0|     2|           1|           1|
    |ap_condition_115257              |       and|   0|  0|     2|           1|           1|
    |ap_condition_115289              |       and|   0|  0|     2|           1|           1|
    |ap_condition_115847              |       and|   0|  0|     2|           1|           1|
    |ap_condition_115852              |       and|   0|  0|     2|           1|           1|
    |ap_condition_115857              |       and|   0|  0|     2|           1|           1|
    |ap_condition_115863              |       and|   0|  0|     2|           1|           1|
    |ap_condition_115870              |       and|   0|  0|     2|           1|           1|
    |ap_condition_115878              |       and|   0|  0|     2|           1|           1|
    |ap_condition_115887              |       and|   0|  0|     2|           1|           1|
    |ap_condition_115897              |       and|   0|  0|     2|           1|           1|
    |ap_condition_115908              |       and|   0|  0|     2|           1|           1|
    |ap_condition_115920              |       and|   0|  0|     2|           1|           1|
    |ap_condition_115933              |       and|   0|  0|     2|           1|           1|
    |ap_condition_115947              |       and|   0|  0|     2|           1|           1|
    |ap_condition_115962              |       and|   0|  0|     2|           1|           1|
    |ap_condition_115978              |       and|   0|  0|     2|           1|           1|
    |ap_condition_115995              |       and|   0|  0|     2|           1|           1|
    |ap_condition_116013              |       and|   0|  0|     2|           1|           1|
    |ap_condition_116032              |       and|   0|  0|     2|           1|           1|
    |ap_condition_116052              |       and|   0|  0|     2|           1|           1|
    |ap_condition_116073              |       and|   0|  0|     2|           1|           1|
    |ap_condition_116095              |       and|   0|  0|     2|           1|           1|
    |ap_condition_116118              |       and|   0|  0|     2|           1|           1|
    |ap_condition_116142              |       and|   0|  0|     2|           1|           1|
    |ap_condition_116167              |       and|   0|  0|     2|           1|           1|
    |ap_condition_116193              |       and|   0|  0|     2|           1|           1|
    |ap_condition_116220              |       and|   0|  0|     2|           1|           1|
    |ap_condition_116248              |       and|   0|  0|     2|           1|           1|
    |ap_condition_116277              |       and|   0|  0|     2|           1|           1|
    |ap_condition_116307              |       and|   0|  0|     2|           1|           1|
    |ap_condition_116338              |       and|   0|  0|     2|           1|           1|
    |ap_condition_116370              |       and|   0|  0|     2|           1|           1|
    |ap_condition_116928              |       and|   0|  0|     2|           1|           1|
    |ap_condition_116933              |       and|   0|  0|     2|           1|           1|
    |ap_condition_116938              |       and|   0|  0|     2|           1|           1|
    |ap_condition_116944              |       and|   0|  0|     2|           1|           1|
    |ap_condition_116951              |       and|   0|  0|     2|           1|           1|
    |ap_condition_116959              |       and|   0|  0|     2|           1|           1|
    |ap_condition_116968              |       and|   0|  0|     2|           1|           1|
    |ap_condition_116978              |       and|   0|  0|     2|           1|           1|
    |ap_condition_116989              |       and|   0|  0|     2|           1|           1|
    |ap_condition_117001              |       and|   0|  0|     2|           1|           1|
    |ap_condition_117014              |       and|   0|  0|     2|           1|           1|
    |ap_condition_117028              |       and|   0|  0|     2|           1|           1|
    |ap_condition_117043              |       and|   0|  0|     2|           1|           1|
    |ap_condition_117059              |       and|   0|  0|     2|           1|           1|
    |ap_condition_117076              |       and|   0|  0|     2|           1|           1|
    |ap_condition_117094              |       and|   0|  0|     2|           1|           1|
    |ap_condition_117113              |       and|   0|  0|     2|           1|           1|
    |ap_condition_117133              |       and|   0|  0|     2|           1|           1|
    |ap_condition_117154              |       and|   0|  0|     2|           1|           1|
    |ap_condition_117176              |       and|   0|  0|     2|           1|           1|
    |ap_condition_117199              |       and|   0|  0|     2|           1|           1|
    |ap_condition_117223              |       and|   0|  0|     2|           1|           1|
    |ap_condition_117248              |       and|   0|  0|     2|           1|           1|
    |ap_condition_117274              |       and|   0|  0|     2|           1|           1|
    |ap_condition_117301              |       and|   0|  0|     2|           1|           1|
    |ap_condition_117329              |       and|   0|  0|     2|           1|           1|
    |ap_condition_117358              |       and|   0|  0|     2|           1|           1|
    |ap_condition_117388              |       and|   0|  0|     2|           1|           1|
    |ap_condition_117419              |       and|   0|  0|     2|           1|           1|
    |ap_condition_117451              |       and|   0|  0|     2|           1|           1|
    |ap_condition_118009              |       and|   0|  0|     2|           1|           1|
    |ap_condition_118014              |       and|   0|  0|     2|           1|           1|
    |ap_condition_118019              |       and|   0|  0|     2|           1|           1|
    |ap_condition_118025              |       and|   0|  0|     2|           1|           1|
    |ap_condition_118032              |       and|   0|  0|     2|           1|           1|
    |ap_condition_118040              |       and|   0|  0|     2|           1|           1|
    |ap_condition_118049              |       and|   0|  0|     2|           1|           1|
    |ap_condition_118059              |       and|   0|  0|     2|           1|           1|
    |ap_condition_118070              |       and|   0|  0|     2|           1|           1|
    |ap_condition_118082              |       and|   0|  0|     2|           1|           1|
    |ap_condition_118095              |       and|   0|  0|     2|           1|           1|
    |ap_condition_118109              |       and|   0|  0|     2|           1|           1|
    |ap_condition_118124              |       and|   0|  0|     2|           1|           1|
    |ap_condition_11813               |       and|   0|  0|     2|           1|           1|
    |ap_condition_118140              |       and|   0|  0|     2|           1|           1|
    |ap_condition_118157              |       and|   0|  0|     2|           1|           1|
    |ap_condition_118175              |       and|   0|  0|     2|           1|           1|
    |ap_condition_11819               |       and|   0|  0|     2|           1|           1|
    |ap_condition_118194              |       and|   0|  0|     2|           1|           1|
    |ap_condition_118214              |       and|   0|  0|     2|           1|           1|
    |ap_condition_11822               |       and|   0|  0|     2|           1|           1|
    |ap_condition_118235              |       and|   0|  0|     2|           1|           1|
    |ap_condition_11825               |       and|   0|  0|     2|           1|           1|
    |ap_condition_118257              |       and|   0|  0|     2|           1|           1|
    |ap_condition_11828               |       and|   0|  0|     2|           1|           1|
    |ap_condition_118280              |       and|   0|  0|     2|           1|           1|
    |ap_condition_118304              |       and|   0|  0|     2|           1|           1|
    |ap_condition_11831               |       and|   0|  0|     2|           1|           1|
    |ap_condition_118329              |       and|   0|  0|     2|           1|           1|
    |ap_condition_11834               |       and|   0|  0|     2|           1|           1|
    |ap_condition_118355              |       and|   0|  0|     2|           1|           1|
    |ap_condition_11837               |       and|   0|  0|     2|           1|           1|
    |ap_condition_118382              |       and|   0|  0|     2|           1|           1|
    |ap_condition_11840               |       and|   0|  0|     2|           1|           1|
    |ap_condition_118410              |       and|   0|  0|     2|           1|           1|
    |ap_condition_11843               |       and|   0|  0|     2|           1|           1|
    |ap_condition_118439              |       and|   0|  0|     2|           1|           1|
    |ap_condition_11846               |       and|   0|  0|     2|           1|           1|
    |ap_condition_118469              |       and|   0|  0|     2|           1|           1|
    |ap_condition_11849               |       and|   0|  0|     2|           1|           1|
    |ap_condition_118500              |       and|   0|  0|     2|           1|           1|
    |ap_condition_11852               |       and|   0|  0|     2|           1|           1|
    |ap_condition_118532              |       and|   0|  0|     2|           1|           1|
    |ap_condition_11855               |       and|   0|  0|     2|           1|           1|
    |ap_condition_11858               |       and|   0|  0|     2|           1|           1|
    |ap_condition_11861               |       and|   0|  0|     2|           1|           1|
    |ap_condition_11864               |       and|   0|  0|     2|           1|           1|
    |ap_condition_11867               |       and|   0|  0|     2|           1|           1|
    |ap_condition_11870               |       and|   0|  0|     2|           1|           1|
    |ap_condition_11873               |       and|   0|  0|     2|           1|           1|
    |ap_condition_11876               |       and|   0|  0|     2|           1|           1|
    |ap_condition_11879               |       and|   0|  0|     2|           1|           1|
    |ap_condition_11882               |       and|   0|  0|     2|           1|           1|
    |ap_condition_11885               |       and|   0|  0|     2|           1|           1|
    |ap_condition_11888               |       and|   0|  0|     2|           1|           1|
    |ap_condition_11891               |       and|   0|  0|     2|           1|           1|
    |ap_condition_11894               |       and|   0|  0|     2|           1|           1|
    |ap_condition_11897               |       and|   0|  0|     2|           1|           1|
    |ap_condition_11900               |       and|   0|  0|     2|           1|           1|
    |ap_condition_11903               |       and|   0|  0|     2|           1|           1|
    |ap_condition_119090              |       and|   0|  0|     2|           1|           1|
    |ap_condition_119095              |       and|   0|  0|     2|           1|           1|
    |ap_condition_119100              |       and|   0|  0|     2|           1|           1|
    |ap_condition_119106              |       and|   0|  0|     2|           1|           1|
    |ap_condition_119113              |       and|   0|  0|     2|           1|           1|
    |ap_condition_119121              |       and|   0|  0|     2|           1|           1|
    |ap_condition_119130              |       and|   0|  0|     2|           1|           1|
    |ap_condition_119140              |       and|   0|  0|     2|           1|           1|
    |ap_condition_119151              |       and|   0|  0|     2|           1|           1|
    |ap_condition_119163              |       and|   0|  0|     2|           1|           1|
    |ap_condition_119176              |       and|   0|  0|     2|           1|           1|
    |ap_condition_119190              |       and|   0|  0|     2|           1|           1|
    |ap_condition_119205              |       and|   0|  0|     2|           1|           1|
    |ap_condition_119221              |       and|   0|  0|     2|           1|           1|
    |ap_condition_119238              |       and|   0|  0|     2|           1|           1|
    |ap_condition_119256              |       and|   0|  0|     2|           1|           1|
    |ap_condition_119275              |       and|   0|  0|     2|           1|           1|
    |ap_condition_119295              |       and|   0|  0|     2|           1|           1|
    |ap_condition_119316              |       and|   0|  0|     2|           1|           1|
    |ap_condition_119338              |       and|   0|  0|     2|           1|           1|
    |ap_condition_119361              |       and|   0|  0|     2|           1|           1|
    |ap_condition_119385              |       and|   0|  0|     2|           1|           1|
    |ap_condition_119410              |       and|   0|  0|     2|           1|           1|
    |ap_condition_119436              |       and|   0|  0|     2|           1|           1|
    |ap_condition_119463              |       and|   0|  0|     2|           1|           1|
    |ap_condition_119491              |       and|   0|  0|     2|           1|           1|
    |ap_condition_119520              |       and|   0|  0|     2|           1|           1|
    |ap_condition_119550              |       and|   0|  0|     2|           1|           1|
    |ap_condition_119581              |       and|   0|  0|     2|           1|           1|
    |ap_condition_119613              |       and|   0|  0|     2|           1|           1|
    |ap_condition_119647              |       and|   0|  0|     2|           1|           1|
    |ap_condition_119652              |       and|   0|  0|     2|           1|           1|
    |ap_condition_119657              |       and|   0|  0|     2|           1|           1|
    |ap_condition_119663              |       and|   0|  0|     2|           1|           1|
    |ap_condition_119670              |       and|   0|  0|     2|           1|           1|
    |ap_condition_119678              |       and|   0|  0|     2|           1|           1|
    |ap_condition_119687              |       and|   0|  0|     2|           1|           1|
    |ap_condition_119697              |       and|   0|  0|     2|           1|           1|
    |ap_condition_119708              |       and|   0|  0|     2|           1|           1|
    |ap_condition_119720              |       and|   0|  0|     2|           1|           1|
    |ap_condition_119733              |       and|   0|  0|     2|           1|           1|
    |ap_condition_119747              |       and|   0|  0|     2|           1|           1|
    |ap_condition_119762              |       and|   0|  0|     2|           1|           1|
    |ap_condition_119778              |       and|   0|  0|     2|           1|           1|
    |ap_condition_119795              |       and|   0|  0|     2|           1|           1|
    |ap_condition_119813              |       and|   0|  0|     2|           1|           1|
    |ap_condition_119832              |       and|   0|  0|     2|           1|           1|
    |ap_condition_119852              |       and|   0|  0|     2|           1|           1|
    |ap_condition_119873              |       and|   0|  0|     2|           1|           1|
    |ap_condition_119895              |       and|   0|  0|     2|           1|           1|
    |ap_condition_119918              |       and|   0|  0|     2|           1|           1|
    |ap_condition_119942              |       and|   0|  0|     2|           1|           1|
    |ap_condition_119967              |       and|   0|  0|     2|           1|           1|
    |ap_condition_119993              |       and|   0|  0|     2|           1|           1|
    |ap_condition_120020              |       and|   0|  0|     2|           1|           1|
    |ap_condition_120048              |       and|   0|  0|     2|           1|           1|
    |ap_condition_120077              |       and|   0|  0|     2|           1|           1|
    |ap_condition_120107              |       and|   0|  0|     2|           1|           1|
    |ap_condition_120138              |       and|   0|  0|     2|           1|           1|
    |ap_condition_120170              |       and|   0|  0|     2|           1|           1|
    |ap_condition_120728              |       and|   0|  0|     2|           1|           1|
    |ap_condition_120733              |       and|   0|  0|     2|           1|           1|
    |ap_condition_120738              |       and|   0|  0|     2|           1|           1|
    |ap_condition_120744              |       and|   0|  0|     2|           1|           1|
    |ap_condition_120751              |       and|   0|  0|     2|           1|           1|
    |ap_condition_120759              |       and|   0|  0|     2|           1|           1|
    |ap_condition_120768              |       and|   0|  0|     2|           1|           1|
    |ap_condition_120778              |       and|   0|  0|     2|           1|           1|
    |ap_condition_120789              |       and|   0|  0|     2|           1|           1|
    |ap_condition_120801              |       and|   0|  0|     2|           1|           1|
    |ap_condition_120814              |       and|   0|  0|     2|           1|           1|
    |ap_condition_120828              |       and|   0|  0|     2|           1|           1|
    |ap_condition_120843              |       and|   0|  0|     2|           1|           1|
    |ap_condition_120859              |       and|   0|  0|     2|           1|           1|
    |ap_condition_120876              |       and|   0|  0|     2|           1|           1|
    |ap_condition_120894              |       and|   0|  0|     2|           1|           1|
    |ap_condition_120913              |       and|   0|  0|     2|           1|           1|
    |ap_condition_120933              |       and|   0|  0|     2|           1|           1|
    |ap_condition_120954              |       and|   0|  0|     2|           1|           1|
    |ap_condition_120976              |       and|   0|  0|     2|           1|           1|
    |ap_condition_120999              |       and|   0|  0|     2|           1|           1|
    |ap_condition_121023              |       and|   0|  0|     2|           1|           1|
    |ap_condition_121048              |       and|   0|  0|     2|           1|           1|
    |ap_condition_121074              |       and|   0|  0|     2|           1|           1|
    |ap_condition_121101              |       and|   0|  0|     2|           1|           1|
    |ap_condition_121129              |       and|   0|  0|     2|           1|           1|
    |ap_condition_121158              |       and|   0|  0|     2|           1|           1|
    |ap_condition_121188              |       and|   0|  0|     2|           1|           1|
    |ap_condition_121219              |       and|   0|  0|     2|           1|           1|
    |ap_condition_121251              |       and|   0|  0|     2|           1|           1|
    |ap_condition_121809              |       and|   0|  0|     2|           1|           1|
    |ap_condition_121814              |       and|   0|  0|     2|           1|           1|
    |ap_condition_121819              |       and|   0|  0|     2|           1|           1|
    |ap_condition_121825              |       and|   0|  0|     2|           1|           1|
    |ap_condition_121832              |       and|   0|  0|     2|           1|           1|
    |ap_condition_121840              |       and|   0|  0|     2|           1|           1|
    |ap_condition_121849              |       and|   0|  0|     2|           1|           1|
    |ap_condition_121859              |       and|   0|  0|     2|           1|           1|
    |ap_condition_121870              |       and|   0|  0|     2|           1|           1|
    |ap_condition_121882              |       and|   0|  0|     2|           1|           1|
    |ap_condition_121895              |       and|   0|  0|     2|           1|           1|
    |ap_condition_121909              |       and|   0|  0|     2|           1|           1|
    |ap_condition_121924              |       and|   0|  0|     2|           1|           1|
    |ap_condition_121940              |       and|   0|  0|     2|           1|           1|
    |ap_condition_121957              |       and|   0|  0|     2|           1|           1|
    |ap_condition_121975              |       and|   0|  0|     2|           1|           1|
    |ap_condition_121994              |       and|   0|  0|     2|           1|           1|
    |ap_condition_122014              |       and|   0|  0|     2|           1|           1|
    |ap_condition_122035              |       and|   0|  0|     2|           1|           1|
    |ap_condition_122057              |       and|   0|  0|     2|           1|           1|
    |ap_condition_12206               |       and|   0|  0|     2|           1|           1|
    |ap_condition_122080              |       and|   0|  0|     2|           1|           1|
    |ap_condition_122104              |       and|   0|  0|     2|           1|           1|
    |ap_condition_12212               |       and|   0|  0|     2|           1|           1|
    |ap_condition_122129              |       and|   0|  0|     2|           1|           1|
    |ap_condition_12215               |       and|   0|  0|     2|           1|           1|
    |ap_condition_122155              |       and|   0|  0|     2|           1|           1|
    |ap_condition_12218               |       and|   0|  0|     2|           1|           1|
    |ap_condition_122182              |       and|   0|  0|     2|           1|           1|
    |ap_condition_12221               |       and|   0|  0|     2|           1|           1|
    |ap_condition_122210              |       and|   0|  0|     2|           1|           1|
    |ap_condition_122239              |       and|   0|  0|     2|           1|           1|
    |ap_condition_12224               |       and|   0|  0|     2|           1|           1|
    |ap_condition_122269              |       and|   0|  0|     2|           1|           1|
    |ap_condition_12227               |       and|   0|  0|     2|           1|           1|
    |ap_condition_12230               |       and|   0|  0|     2|           1|           1|
    |ap_condition_122300              |       and|   0|  0|     2|           1|           1|
    |ap_condition_12233               |       and|   0|  0|     2|           1|           1|
    |ap_condition_122332              |       and|   0|  0|     2|           1|           1|
    |ap_condition_12236               |       and|   0|  0|     2|           1|           1|
    |ap_condition_12239               |       and|   0|  0|     2|           1|           1|
    |ap_condition_12242               |       and|   0|  0|     2|           1|           1|
    |ap_condition_12245               |       and|   0|  0|     2|           1|           1|
    |ap_condition_12248               |       and|   0|  0|     2|           1|           1|
    |ap_condition_12251               |       and|   0|  0|     2|           1|           1|
    |ap_condition_12254               |       and|   0|  0|     2|           1|           1|
    |ap_condition_12257               |       and|   0|  0|     2|           1|           1|
    |ap_condition_12260               |       and|   0|  0|     2|           1|           1|
    |ap_condition_12263               |       and|   0|  0|     2|           1|           1|
    |ap_condition_12266               |       and|   0|  0|     2|           1|           1|
    |ap_condition_12269               |       and|   0|  0|     2|           1|           1|
    |ap_condition_12272               |       and|   0|  0|     2|           1|           1|
    |ap_condition_12275               |       and|   0|  0|     2|           1|           1|
    |ap_condition_12278               |       and|   0|  0|     2|           1|           1|
    |ap_condition_12281               |       and|   0|  0|     2|           1|           1|
    |ap_condition_12284               |       and|   0|  0|     2|           1|           1|
    |ap_condition_12287               |       and|   0|  0|     2|           1|           1|
    |ap_condition_122890              |       and|   0|  0|     2|           1|           1|
    |ap_condition_122895              |       and|   0|  0|     2|           1|           1|
    |ap_condition_12290               |       and|   0|  0|     2|           1|           1|
    |ap_condition_122900              |       and|   0|  0|     2|           1|           1|
    |ap_condition_122906              |       and|   0|  0|     2|           1|           1|
    |ap_condition_122913              |       and|   0|  0|     2|           1|           1|
    |ap_condition_122921              |       and|   0|  0|     2|           1|           1|
    |ap_condition_12293               |       and|   0|  0|     2|           1|           1|
    |ap_condition_122930              |       and|   0|  0|     2|           1|           1|
    |ap_condition_122940              |       and|   0|  0|     2|           1|           1|
    |ap_condition_122951              |       and|   0|  0|     2|           1|           1|
    |ap_condition_12296               |       and|   0|  0|     2|           1|           1|
    |ap_condition_122963              |       and|   0|  0|     2|           1|           1|
    |ap_condition_122976              |       and|   0|  0|     2|           1|           1|
    |ap_condition_122990              |       and|   0|  0|     2|           1|           1|
    |ap_condition_123005              |       and|   0|  0|     2|           1|           1|
    |ap_condition_123021              |       and|   0|  0|     2|           1|           1|
    |ap_condition_123038              |       and|   0|  0|     2|           1|           1|
    |ap_condition_123056              |       and|   0|  0|     2|           1|           1|
    |ap_condition_123075              |       and|   0|  0|     2|           1|           1|
    |ap_condition_123095              |       and|   0|  0|     2|           1|           1|
    |ap_condition_123116              |       and|   0|  0|     2|           1|           1|
    |ap_condition_123138              |       and|   0|  0|     2|           1|           1|
    |ap_condition_123161              |       and|   0|  0|     2|           1|           1|
    |ap_condition_123185              |       and|   0|  0|     2|           1|           1|
    |ap_condition_123210              |       and|   0|  0|     2|           1|           1|
    |ap_condition_123236              |       and|   0|  0|     2|           1|           1|
    |ap_condition_123263              |       and|   0|  0|     2|           1|           1|
    |ap_condition_123291              |       and|   0|  0|     2|           1|           1|
    |ap_condition_123320              |       and|   0|  0|     2|           1|           1|
    |ap_condition_123350              |       and|   0|  0|     2|           1|           1|
    |ap_condition_123381              |       and|   0|  0|     2|           1|           1|
    |ap_condition_123413              |       and|   0|  0|     2|           1|           1|
    |ap_condition_123971              |       and|   0|  0|     2|           1|           1|
    |ap_condition_123976              |       and|   0|  0|     2|           1|           1|
    |ap_condition_123981              |       and|   0|  0|     2|           1|           1|
    |ap_condition_123987              |       and|   0|  0|     2|           1|           1|
    |ap_condition_123994              |       and|   0|  0|     2|           1|           1|
    |ap_condition_124002              |       and|   0|  0|     2|           1|           1|
    |ap_condition_124011              |       and|   0|  0|     2|           1|           1|
    |ap_condition_124021              |       and|   0|  0|     2|           1|           1|
    |ap_condition_124032              |       and|   0|  0|     2|           1|           1|
    |ap_condition_124044              |       and|   0|  0|     2|           1|           1|
    |ap_condition_124057              |       and|   0|  0|     2|           1|           1|
    |ap_condition_124071              |       and|   0|  0|     2|           1|           1|
    |ap_condition_124086              |       and|   0|  0|     2|           1|           1|
    |ap_condition_124102              |       and|   0|  0|     2|           1|           1|
    |ap_condition_124119              |       and|   0|  0|     2|           1|           1|
    |ap_condition_124137              |       and|   0|  0|     2|           1|           1|
    |ap_condition_124156              |       and|   0|  0|     2|           1|           1|
    |ap_condition_124176              |       and|   0|  0|     2|           1|           1|
    |ap_condition_124197              |       and|   0|  0|     2|           1|           1|
    |ap_condition_124219              |       and|   0|  0|     2|           1|           1|
    |ap_condition_124242              |       and|   0|  0|     2|           1|           1|
    |ap_condition_124266              |       and|   0|  0|     2|           1|           1|
    |ap_condition_124291              |       and|   0|  0|     2|           1|           1|
    |ap_condition_124317              |       and|   0|  0|     2|           1|           1|
    |ap_condition_124344              |       and|   0|  0|     2|           1|           1|
    |ap_condition_124372              |       and|   0|  0|     2|           1|           1|
    |ap_condition_124401              |       and|   0|  0|     2|           1|           1|
    |ap_condition_124431              |       and|   0|  0|     2|           1|           1|
    |ap_condition_124462              |       and|   0|  0|     2|           1|           1|
    |ap_condition_124494              |       and|   0|  0|     2|           1|           1|
    |ap_condition_125576              |       and|   0|  0|     2|           1|           1|
    |ap_condition_125581              |       and|   0|  0|     2|           1|           1|
    |ap_condition_125586              |       and|   0|  0|     2|           1|           1|
    |ap_condition_125592              |       and|   0|  0|     2|           1|           1|
    |ap_condition_125599              |       and|   0|  0|     2|           1|           1|
    |ap_condition_125607              |       and|   0|  0|     2|           1|           1|
    |ap_condition_125616              |       and|   0|  0|     2|           1|           1|
    |ap_condition_125626              |       and|   0|  0|     2|           1|           1|
    |ap_condition_125637              |       and|   0|  0|     2|           1|           1|
    |ap_condition_125649              |       and|   0|  0|     2|           1|           1|
    |ap_condition_125662              |       and|   0|  0|     2|           1|           1|
    |ap_condition_125676              |       and|   0|  0|     2|           1|           1|
    |ap_condition_125691              |       and|   0|  0|     2|           1|           1|
    |ap_condition_125707              |       and|   0|  0|     2|           1|           1|
    |ap_condition_125724              |       and|   0|  0|     2|           1|           1|
    |ap_condition_125742              |       and|   0|  0|     2|           1|           1|
    |ap_condition_125761              |       and|   0|  0|     2|           1|           1|
    |ap_condition_125781              |       and|   0|  0|     2|           1|           1|
    |ap_condition_125802              |       and|   0|  0|     2|           1|           1|
    |ap_condition_125824              |       and|   0|  0|     2|           1|           1|
    |ap_condition_125847              |       and|   0|  0|     2|           1|           1|
    |ap_condition_125871              |       and|   0|  0|     2|           1|           1|
    |ap_condition_125896              |       and|   0|  0|     2|           1|           1|
    |ap_condition_125922              |       and|   0|  0|     2|           1|           1|
    |ap_condition_125949              |       and|   0|  0|     2|           1|           1|
    |ap_condition_125977              |       and|   0|  0|     2|           1|           1|
    |ap_condition_12599               |       and|   0|  0|     2|           1|           1|
    |ap_condition_126006              |       and|   0|  0|     2|           1|           1|
    |ap_condition_126036              |       and|   0|  0|     2|           1|           1|
    |ap_condition_12605               |       and|   0|  0|     2|           1|           1|
    |ap_condition_126067              |       and|   0|  0|     2|           1|           1|
    |ap_condition_12608               |       and|   0|  0|     2|           1|           1|
    |ap_condition_126099              |       and|   0|  0|     2|           1|           1|
    |ap_condition_12611               |       and|   0|  0|     2|           1|           1|
    |ap_condition_126133              |       and|   0|  0|     2|           1|           1|
    |ap_condition_126138              |       and|   0|  0|     2|           1|           1|
    |ap_condition_12614               |       and|   0|  0|     2|           1|           1|
    |ap_condition_126143              |       and|   0|  0|     2|           1|           1|
    |ap_condition_126149              |       and|   0|  0|     2|           1|           1|
    |ap_condition_126156              |       and|   0|  0|     2|           1|           1|
    |ap_condition_126164              |       and|   0|  0|     2|           1|           1|
    |ap_condition_12617               |       and|   0|  0|     2|           1|           1|
    |ap_condition_126173              |       and|   0|  0|     2|           1|           1|
    |ap_condition_126183              |       and|   0|  0|     2|           1|           1|
    |ap_condition_126194              |       and|   0|  0|     2|           1|           1|
    |ap_condition_12620               |       and|   0|  0|     2|           1|           1|
    |ap_condition_126206              |       and|   0|  0|     2|           1|           1|
    |ap_condition_126219              |       and|   0|  0|     2|           1|           1|
    |ap_condition_12623               |       and|   0|  0|     2|           1|           1|
    |ap_condition_126233              |       and|   0|  0|     2|           1|           1|
    |ap_condition_126248              |       and|   0|  0|     2|           1|           1|
    |ap_condition_12626               |       and|   0|  0|     2|           1|           1|
    |ap_condition_126264              |       and|   0|  0|     2|           1|           1|
    |ap_condition_126281              |       and|   0|  0|     2|           1|           1|
    |ap_condition_12629               |       and|   0|  0|     2|           1|           1|
    |ap_condition_126299              |       and|   0|  0|     2|           1|           1|
    |ap_condition_126318              |       and|   0|  0|     2|           1|           1|
    |ap_condition_12632               |       and|   0|  0|     2|           1|           1|
    |ap_condition_126338              |       and|   0|  0|     2|           1|           1|
    |ap_condition_12635               |       and|   0|  0|     2|           1|           1|
    |ap_condition_126359              |       and|   0|  0|     2|           1|           1|
    |ap_condition_12638               |       and|   0|  0|     2|           1|           1|
    |ap_condition_126381              |       and|   0|  0|     2|           1|           1|
    |ap_condition_126404              |       and|   0|  0|     2|           1|           1|
    |ap_condition_12641               |       and|   0|  0|     2|           1|           1|
    |ap_condition_126428              |       and|   0|  0|     2|           1|           1|
    |ap_condition_12644               |       and|   0|  0|     2|           1|           1|
    |ap_condition_126453              |       and|   0|  0|     2|           1|           1|
    |ap_condition_12647               |       and|   0|  0|     2|           1|           1|
    |ap_condition_126479              |       and|   0|  0|     2|           1|           1|
    |ap_condition_12650               |       and|   0|  0|     2|           1|           1|
    |ap_condition_126506              |       and|   0|  0|     2|           1|           1|
    |ap_condition_12653               |       and|   0|  0|     2|           1|           1|
    |ap_condition_126534              |       and|   0|  0|     2|           1|           1|
    |ap_condition_12656               |       and|   0|  0|     2|           1|           1|
    |ap_condition_126563              |       and|   0|  0|     2|           1|           1|
    |ap_condition_12659               |       and|   0|  0|     2|           1|           1|
    |ap_condition_126593              |       and|   0|  0|     2|           1|           1|
    |ap_condition_12662               |       and|   0|  0|     2|           1|           1|
    |ap_condition_126627              |       and|   0|  0|     2|           1|           1|
    |ap_condition_126632              |       and|   0|  0|     2|           1|           1|
    |ap_condition_126637              |       and|   0|  0|     2|           1|           1|
    |ap_condition_126643              |       and|   0|  0|     2|           1|           1|
    |ap_condition_12665               |       and|   0|  0|     2|           1|           1|
    |ap_condition_126650              |       and|   0|  0|     2|           1|           1|
    |ap_condition_126658              |       and|   0|  0|     2|           1|           1|
    |ap_condition_126667              |       and|   0|  0|     2|           1|           1|
    |ap_condition_126677              |       and|   0|  0|     2|           1|           1|
    |ap_condition_12668               |       and|   0|  0|     2|           1|           1|
    |ap_condition_126688              |       and|   0|  0|     2|           1|           1|
    |ap_condition_126700              |       and|   0|  0|     2|           1|           1|
    |ap_condition_12671               |       and|   0|  0|     2|           1|           1|
    |ap_condition_126713              |       and|   0|  0|     2|           1|           1|
    |ap_condition_126727              |       and|   0|  0|     2|           1|           1|
    |ap_condition_12674               |       and|   0|  0|     2|           1|           1|
    |ap_condition_126742              |       and|   0|  0|     2|           1|           1|
    |ap_condition_126758              |       and|   0|  0|     2|           1|           1|
    |ap_condition_12677               |       and|   0|  0|     2|           1|           1|
    |ap_condition_126775              |       and|   0|  0|     2|           1|           1|
    |ap_condition_126793              |       and|   0|  0|     2|           1|           1|
    |ap_condition_12680               |       and|   0|  0|     2|           1|           1|
    |ap_condition_126812              |       and|   0|  0|     2|           1|           1|
    |ap_condition_12683               |       and|   0|  0|     2|           1|           1|
    |ap_condition_126832              |       and|   0|  0|     2|           1|           1|
    |ap_condition_126853              |       and|   0|  0|     2|           1|           1|
    |ap_condition_12686               |       and|   0|  0|     2|           1|           1|
    |ap_condition_126875              |       and|   0|  0|     2|           1|           1|
    |ap_condition_12689               |       and|   0|  0|     2|           1|           1|
    |ap_condition_126898              |       and|   0|  0|     2|           1|           1|
    |ap_condition_126922              |       and|   0|  0|     2|           1|           1|
    |ap_condition_126947              |       and|   0|  0|     2|           1|           1|
    |ap_condition_126973              |       and|   0|  0|     2|           1|           1|
    |ap_condition_127000              |       and|   0|  0|     2|           1|           1|
    |ap_condition_127028              |       and|   0|  0|     2|           1|           1|
    |ap_condition_127057              |       and|   0|  0|     2|           1|           1|
    |ap_condition_127087              |       and|   0|  0|     2|           1|           1|
    |ap_condition_12992               |       and|   0|  0|     2|           1|           1|
    |ap_condition_12998               |       and|   0|  0|     2|           1|           1|
    |ap_condition_13001               |       and|   0|  0|     2|           1|           1|
    |ap_condition_13004               |       and|   0|  0|     2|           1|           1|
    |ap_condition_13007               |       and|   0|  0|     2|           1|           1|
    |ap_condition_13010               |       and|   0|  0|     2|           1|           1|
    |ap_condition_13013               |       and|   0|  0|     2|           1|           1|
    |ap_condition_13016               |       and|   0|  0|     2|           1|           1|
    |ap_condition_13019               |       and|   0|  0|     2|           1|           1|
    |ap_condition_13022               |       and|   0|  0|     2|           1|           1|
    |ap_condition_13025               |       and|   0|  0|     2|           1|           1|
    |ap_condition_13028               |       and|   0|  0|     2|           1|           1|
    |ap_condition_13031               |       and|   0|  0|     2|           1|           1|
    |ap_condition_13034               |       and|   0|  0|     2|           1|           1|
    |ap_condition_13037               |       and|   0|  0|     2|           1|           1|
    |ap_condition_13040               |       and|   0|  0|     2|           1|           1|
    |ap_condition_13043               |       and|   0|  0|     2|           1|           1|
    |ap_condition_13046               |       and|   0|  0|     2|           1|           1|
    |ap_condition_13049               |       and|   0|  0|     2|           1|           1|
    |ap_condition_13052               |       and|   0|  0|     2|           1|           1|
    |ap_condition_13055               |       and|   0|  0|     2|           1|           1|
    |ap_condition_13058               |       and|   0|  0|     2|           1|           1|
    |ap_condition_13061               |       and|   0|  0|     2|           1|           1|
    |ap_condition_13064               |       and|   0|  0|     2|           1|           1|
    |ap_condition_13067               |       and|   0|  0|     2|           1|           1|
    |ap_condition_13070               |       and|   0|  0|     2|           1|           1|
    |ap_condition_13073               |       and|   0|  0|     2|           1|           1|
    |ap_condition_13076               |       and|   0|  0|     2|           1|           1|
    |ap_condition_13079               |       and|   0|  0|     2|           1|           1|
    |ap_condition_13082               |       and|   0|  0|     2|           1|           1|
    |ap_condition_13385               |       and|   0|  0|     2|           1|           1|
    |ap_condition_13391               |       and|   0|  0|     2|           1|           1|
    |ap_condition_13394               |       and|   0|  0|     2|           1|           1|
    |ap_condition_13397               |       and|   0|  0|     2|           1|           1|
    |ap_condition_13400               |       and|   0|  0|     2|           1|           1|
    |ap_condition_13403               |       and|   0|  0|     2|           1|           1|
    |ap_condition_13406               |       and|   0|  0|     2|           1|           1|
    |ap_condition_13409               |       and|   0|  0|     2|           1|           1|
    |ap_condition_13412               |       and|   0|  0|     2|           1|           1|
    |ap_condition_13415               |       and|   0|  0|     2|           1|           1|
    |ap_condition_13418               |       and|   0|  0|     2|           1|           1|
    |ap_condition_13421               |       and|   0|  0|     2|           1|           1|
    |ap_condition_13424               |       and|   0|  0|     2|           1|           1|
    |ap_condition_13427               |       and|   0|  0|     2|           1|           1|
    |ap_condition_13430               |       and|   0|  0|     2|           1|           1|
    |ap_condition_13433               |       and|   0|  0|     2|           1|           1|
    |ap_condition_13436               |       and|   0|  0|     2|           1|           1|
    |ap_condition_13439               |       and|   0|  0|     2|           1|           1|
    |ap_condition_13442               |       and|   0|  0|     2|           1|           1|
    |ap_condition_13445               |       and|   0|  0|     2|           1|           1|
    |ap_condition_13448               |       and|   0|  0|     2|           1|           1|
    |ap_condition_13451               |       and|   0|  0|     2|           1|           1|
    |ap_condition_13454               |       and|   0|  0|     2|           1|           1|
    |ap_condition_13457               |       and|   0|  0|     2|           1|           1|
    |ap_condition_13460               |       and|   0|  0|     2|           1|           1|
    |ap_condition_13463               |       and|   0|  0|     2|           1|           1|
    |ap_condition_13466               |       and|   0|  0|     2|           1|           1|
    |ap_condition_13469               |       and|   0|  0|     2|           1|           1|
    |ap_condition_13472               |       and|   0|  0|     2|           1|           1|
    |ap_condition_13475               |       and|   0|  0|     2|           1|           1|
    |ap_condition_13778               |       and|   0|  0|     2|           1|           1|
    |ap_condition_13784               |       and|   0|  0|     2|           1|           1|
    |ap_condition_13787               |       and|   0|  0|     2|           1|           1|
    |ap_condition_13790               |       and|   0|  0|     2|           1|           1|
    |ap_condition_13793               |       and|   0|  0|     2|           1|           1|
    |ap_condition_13796               |       and|   0|  0|     2|           1|           1|
    |ap_condition_13799               |       and|   0|  0|     2|           1|           1|
    |ap_condition_13802               |       and|   0|  0|     2|           1|           1|
    |ap_condition_13805               |       and|   0|  0|     2|           1|           1|
    |ap_condition_13808               |       and|   0|  0|     2|           1|           1|
    |ap_condition_13811               |       and|   0|  0|     2|           1|           1|
    |ap_condition_13814               |       and|   0|  0|     2|           1|           1|
    |ap_condition_13817               |       and|   0|  0|     2|           1|           1|
    |ap_condition_13820               |       and|   0|  0|     2|           1|           1|
    |ap_condition_13823               |       and|   0|  0|     2|           1|           1|
    |ap_condition_13826               |       and|   0|  0|     2|           1|           1|
    |ap_condition_13829               |       and|   0|  0|     2|           1|           1|
    |ap_condition_13832               |       and|   0|  0|     2|           1|           1|
    |ap_condition_13835               |       and|   0|  0|     2|           1|           1|
    |ap_condition_13838               |       and|   0|  0|     2|           1|           1|
    |ap_condition_13841               |       and|   0|  0|     2|           1|           1|
    |ap_condition_13844               |       and|   0|  0|     2|           1|           1|
    |ap_condition_13847               |       and|   0|  0|     2|           1|           1|
    |ap_condition_13850               |       and|   0|  0|     2|           1|           1|
    |ap_condition_13853               |       and|   0|  0|     2|           1|           1|
    |ap_condition_13856               |       and|   0|  0|     2|           1|           1|
    |ap_condition_13859               |       and|   0|  0|     2|           1|           1|
    |ap_condition_13862               |       and|   0|  0|     2|           1|           1|
    |ap_condition_13865               |       and|   0|  0|     2|           1|           1|
    |ap_condition_13868               |       and|   0|  0|     2|           1|           1|
    |ap_condition_14171               |       and|   0|  0|     2|           1|           1|
    |ap_condition_14177               |       and|   0|  0|     2|           1|           1|
    |ap_condition_14180               |       and|   0|  0|     2|           1|           1|
    |ap_condition_14183               |       and|   0|  0|     2|           1|           1|
    |ap_condition_14186               |       and|   0|  0|     2|           1|           1|
    |ap_condition_14189               |       and|   0|  0|     2|           1|           1|
    |ap_condition_14192               |       and|   0|  0|     2|           1|           1|
    |ap_condition_14195               |       and|   0|  0|     2|           1|           1|
    |ap_condition_14198               |       and|   0|  0|     2|           1|           1|
    |ap_condition_14201               |       and|   0|  0|     2|           1|           1|
    |ap_condition_14204               |       and|   0|  0|     2|           1|           1|
    |ap_condition_14207               |       and|   0|  0|     2|           1|           1|
    |ap_condition_14210               |       and|   0|  0|     2|           1|           1|
    |ap_condition_14213               |       and|   0|  0|     2|           1|           1|
    |ap_condition_14216               |       and|   0|  0|     2|           1|           1|
    |ap_condition_14219               |       and|   0|  0|     2|           1|           1|
    |ap_condition_14222               |       and|   0|  0|     2|           1|           1|
    |ap_condition_14225               |       and|   0|  0|     2|           1|           1|
    |ap_condition_14228               |       and|   0|  0|     2|           1|           1|
    |ap_condition_14231               |       and|   0|  0|     2|           1|           1|
    |ap_condition_14234               |       and|   0|  0|     2|           1|           1|
    |ap_condition_14237               |       and|   0|  0|     2|           1|           1|
    |ap_condition_14240               |       and|   0|  0|     2|           1|           1|
    |ap_condition_14243               |       and|   0|  0|     2|           1|           1|
    |ap_condition_14246               |       and|   0|  0|     2|           1|           1|
    |ap_condition_14249               |       and|   0|  0|     2|           1|           1|
    |ap_condition_14252               |       and|   0|  0|     2|           1|           1|
    |ap_condition_14255               |       and|   0|  0|     2|           1|           1|
    |ap_condition_14258               |       and|   0|  0|     2|           1|           1|
    |ap_condition_14261               |       and|   0|  0|     2|           1|           1|
    |ap_condition_14564               |       and|   0|  0|     2|           1|           1|
    |ap_condition_14570               |       and|   0|  0|     2|           1|           1|
    |ap_condition_14573               |       and|   0|  0|     2|           1|           1|
    |ap_condition_14576               |       and|   0|  0|     2|           1|           1|
    |ap_condition_14579               |       and|   0|  0|     2|           1|           1|
    |ap_condition_14582               |       and|   0|  0|     2|           1|           1|
    |ap_condition_14585               |       and|   0|  0|     2|           1|           1|
    |ap_condition_14588               |       and|   0|  0|     2|           1|           1|
    |ap_condition_14591               |       and|   0|  0|     2|           1|           1|
    |ap_condition_14594               |       and|   0|  0|     2|           1|           1|
    |ap_condition_14597               |       and|   0|  0|     2|           1|           1|
    |ap_condition_14600               |       and|   0|  0|     2|           1|           1|
    |ap_condition_14603               |       and|   0|  0|     2|           1|           1|
    |ap_condition_14606               |       and|   0|  0|     2|           1|           1|
    |ap_condition_14609               |       and|   0|  0|     2|           1|           1|
    |ap_condition_14612               |       and|   0|  0|     2|           1|           1|
    |ap_condition_14615               |       and|   0|  0|     2|           1|           1|
    |ap_condition_14618               |       and|   0|  0|     2|           1|           1|
    |ap_condition_14621               |       and|   0|  0|     2|           1|           1|
    |ap_condition_14624               |       and|   0|  0|     2|           1|           1|
    |ap_condition_14627               |       and|   0|  0|     2|           1|           1|
    |ap_condition_14630               |       and|   0|  0|     2|           1|           1|
    |ap_condition_14633               |       and|   0|  0|     2|           1|           1|
    |ap_condition_14636               |       and|   0|  0|     2|           1|           1|
    |ap_condition_14639               |       and|   0|  0|     2|           1|           1|
    |ap_condition_14642               |       and|   0|  0|     2|           1|           1|
    |ap_condition_14645               |       and|   0|  0|     2|           1|           1|
    |ap_condition_14648               |       and|   0|  0|     2|           1|           1|
    |ap_condition_14651               |       and|   0|  0|     2|           1|           1|
    |ap_condition_14654               |       and|   0|  0|     2|           1|           1|
    |ap_condition_14957               |       and|   0|  0|     2|           1|           1|
    |ap_condition_14963               |       and|   0|  0|     2|           1|           1|
    |ap_condition_14966               |       and|   0|  0|     2|           1|           1|
    |ap_condition_14969               |       and|   0|  0|     2|           1|           1|
    |ap_condition_14972               |       and|   0|  0|     2|           1|           1|
    |ap_condition_14975               |       and|   0|  0|     2|           1|           1|
    |ap_condition_14978               |       and|   0|  0|     2|           1|           1|
    |ap_condition_14981               |       and|   0|  0|     2|           1|           1|
    |ap_condition_14984               |       and|   0|  0|     2|           1|           1|
    |ap_condition_14987               |       and|   0|  0|     2|           1|           1|
    |ap_condition_14990               |       and|   0|  0|     2|           1|           1|
    |ap_condition_14993               |       and|   0|  0|     2|           1|           1|
    |ap_condition_14996               |       and|   0|  0|     2|           1|           1|
    |ap_condition_14999               |       and|   0|  0|     2|           1|           1|
    |ap_condition_15002               |       and|   0|  0|     2|           1|           1|
    |ap_condition_15005               |       and|   0|  0|     2|           1|           1|
    |ap_condition_15008               |       and|   0|  0|     2|           1|           1|
    |ap_condition_15011               |       and|   0|  0|     2|           1|           1|
    |ap_condition_15014               |       and|   0|  0|     2|           1|           1|
    |ap_condition_15017               |       and|   0|  0|     2|           1|           1|
    |ap_condition_15020               |       and|   0|  0|     2|           1|           1|
    |ap_condition_15023               |       and|   0|  0|     2|           1|           1|
    |ap_condition_15026               |       and|   0|  0|     2|           1|           1|
    |ap_condition_15029               |       and|   0|  0|     2|           1|           1|
    |ap_condition_15032               |       and|   0|  0|     2|           1|           1|
    |ap_condition_15035               |       and|   0|  0|     2|           1|           1|
    |ap_condition_15038               |       and|   0|  0|     2|           1|           1|
    |ap_condition_15041               |       and|   0|  0|     2|           1|           1|
    |ap_condition_15044               |       and|   0|  0|     2|           1|           1|
    |ap_condition_15047               |       and|   0|  0|     2|           1|           1|
    |ap_condition_15350               |       and|   0|  0|     2|           1|           1|
    |ap_condition_15356               |       and|   0|  0|     2|           1|           1|
    |ap_condition_15359               |       and|   0|  0|     2|           1|           1|
    |ap_condition_15362               |       and|   0|  0|     2|           1|           1|
    |ap_condition_15365               |       and|   0|  0|     2|           1|           1|
    |ap_condition_15368               |       and|   0|  0|     2|           1|           1|
    |ap_condition_15371               |       and|   0|  0|     2|           1|           1|
    |ap_condition_15374               |       and|   0|  0|     2|           1|           1|
    |ap_condition_15377               |       and|   0|  0|     2|           1|           1|
    |ap_condition_15380               |       and|   0|  0|     2|           1|           1|
    |ap_condition_15383               |       and|   0|  0|     2|           1|           1|
    |ap_condition_15386               |       and|   0|  0|     2|           1|           1|
    |ap_condition_15389               |       and|   0|  0|     2|           1|           1|
    |ap_condition_15392               |       and|   0|  0|     2|           1|           1|
    |ap_condition_15395               |       and|   0|  0|     2|           1|           1|
    |ap_condition_15398               |       and|   0|  0|     2|           1|           1|
    |ap_condition_15401               |       and|   0|  0|     2|           1|           1|
    |ap_condition_15404               |       and|   0|  0|     2|           1|           1|
    |ap_condition_15407               |       and|   0|  0|     2|           1|           1|
    |ap_condition_15410               |       and|   0|  0|     2|           1|           1|
    |ap_condition_15413               |       and|   0|  0|     2|           1|           1|
    |ap_condition_15416               |       and|   0|  0|     2|           1|           1|
    |ap_condition_15419               |       and|   0|  0|     2|           1|           1|
    |ap_condition_15422               |       and|   0|  0|     2|           1|           1|
    |ap_condition_15425               |       and|   0|  0|     2|           1|           1|
    |ap_condition_15428               |       and|   0|  0|     2|           1|           1|
    |ap_condition_15431               |       and|   0|  0|     2|           1|           1|
    |ap_condition_15434               |       and|   0|  0|     2|           1|           1|
    |ap_condition_15437               |       and|   0|  0|     2|           1|           1|
    |ap_condition_15440               |       and|   0|  0|     2|           1|           1|
    |ap_condition_15743               |       and|   0|  0|     2|           1|           1|
    |ap_condition_15749               |       and|   0|  0|     2|           1|           1|
    |ap_condition_15752               |       and|   0|  0|     2|           1|           1|
    |ap_condition_15755               |       and|   0|  0|     2|           1|           1|
    |ap_condition_15758               |       and|   0|  0|     2|           1|           1|
    |ap_condition_15761               |       and|   0|  0|     2|           1|           1|
    |ap_condition_15764               |       and|   0|  0|     2|           1|           1|
    |ap_condition_15767               |       and|   0|  0|     2|           1|           1|
    |ap_condition_15770               |       and|   0|  0|     2|           1|           1|
    |ap_condition_15773               |       and|   0|  0|     2|           1|           1|
    |ap_condition_15776               |       and|   0|  0|     2|           1|           1|
    |ap_condition_15779               |       and|   0|  0|     2|           1|           1|
    |ap_condition_15782               |       and|   0|  0|     2|           1|           1|
    |ap_condition_15785               |       and|   0|  0|     2|           1|           1|
    |ap_condition_15788               |       and|   0|  0|     2|           1|           1|
    |ap_condition_15791               |       and|   0|  0|     2|           1|           1|
    |ap_condition_15794               |       and|   0|  0|     2|           1|           1|
    |ap_condition_15797               |       and|   0|  0|     2|           1|           1|
    |ap_condition_15800               |       and|   0|  0|     2|           1|           1|
    |ap_condition_15803               |       and|   0|  0|     2|           1|           1|
    |ap_condition_15806               |       and|   0|  0|     2|           1|           1|
    |ap_condition_15809               |       and|   0|  0|     2|           1|           1|
    |ap_condition_15812               |       and|   0|  0|     2|           1|           1|
    |ap_condition_15815               |       and|   0|  0|     2|           1|           1|
    |ap_condition_15818               |       and|   0|  0|     2|           1|           1|
    |ap_condition_15821               |       and|   0|  0|     2|           1|           1|
    |ap_condition_15824               |       and|   0|  0|     2|           1|           1|
    |ap_condition_15827               |       and|   0|  0|     2|           1|           1|
    |ap_condition_15830               |       and|   0|  0|     2|           1|           1|
    |ap_condition_15833               |       and|   0|  0|     2|           1|           1|
    |ap_condition_16136               |       and|   0|  0|     2|           1|           1|
    |ap_condition_16142               |       and|   0|  0|     2|           1|           1|
    |ap_condition_16145               |       and|   0|  0|     2|           1|           1|
    |ap_condition_16148               |       and|   0|  0|     2|           1|           1|
    |ap_condition_16151               |       and|   0|  0|     2|           1|           1|
    |ap_condition_16154               |       and|   0|  0|     2|           1|           1|
    |ap_condition_16157               |       and|   0|  0|     2|           1|           1|
    |ap_condition_16160               |       and|   0|  0|     2|           1|           1|
    |ap_condition_16163               |       and|   0|  0|     2|           1|           1|
    |ap_condition_16166               |       and|   0|  0|     2|           1|           1|
    |ap_condition_16169               |       and|   0|  0|     2|           1|           1|
    |ap_condition_16172               |       and|   0|  0|     2|           1|           1|
    |ap_condition_16175               |       and|   0|  0|     2|           1|           1|
    |ap_condition_16178               |       and|   0|  0|     2|           1|           1|
    |ap_condition_16181               |       and|   0|  0|     2|           1|           1|
    |ap_condition_16184               |       and|   0|  0|     2|           1|           1|
    |ap_condition_16187               |       and|   0|  0|     2|           1|           1|
    |ap_condition_16190               |       and|   0|  0|     2|           1|           1|
    |ap_condition_16193               |       and|   0|  0|     2|           1|           1|
    |ap_condition_16196               |       and|   0|  0|     2|           1|           1|
    |ap_condition_16199               |       and|   0|  0|     2|           1|           1|
    |ap_condition_16202               |       and|   0|  0|     2|           1|           1|
    |ap_condition_16205               |       and|   0|  0|     2|           1|           1|
    |ap_condition_16208               |       and|   0|  0|     2|           1|           1|
    |ap_condition_16211               |       and|   0|  0|     2|           1|           1|
    |ap_condition_16214               |       and|   0|  0|     2|           1|           1|
    |ap_condition_16217               |       and|   0|  0|     2|           1|           1|
    |ap_condition_16220               |       and|   0|  0|     2|           1|           1|
    |ap_condition_16223               |       and|   0|  0|     2|           1|           1|
    |ap_condition_16226               |       and|   0|  0|     2|           1|           1|
    |ap_condition_16529               |       and|   0|  0|     2|           1|           1|
    |ap_condition_16535               |       and|   0|  0|     2|           1|           1|
    |ap_condition_16538               |       and|   0|  0|     2|           1|           1|
    |ap_condition_16541               |       and|   0|  0|     2|           1|           1|
    |ap_condition_16544               |       and|   0|  0|     2|           1|           1|
    |ap_condition_16547               |       and|   0|  0|     2|           1|           1|
    |ap_condition_16550               |       and|   0|  0|     2|           1|           1|
    |ap_condition_16553               |       and|   0|  0|     2|           1|           1|
    |ap_condition_16556               |       and|   0|  0|     2|           1|           1|
    |ap_condition_16559               |       and|   0|  0|     2|           1|           1|
    |ap_condition_16562               |       and|   0|  0|     2|           1|           1|
    |ap_condition_16565               |       and|   0|  0|     2|           1|           1|
    |ap_condition_16568               |       and|   0|  0|     2|           1|           1|
    |ap_condition_16571               |       and|   0|  0|     2|           1|           1|
    |ap_condition_16574               |       and|   0|  0|     2|           1|           1|
    |ap_condition_16577               |       and|   0|  0|     2|           1|           1|
    |ap_condition_16580               |       and|   0|  0|     2|           1|           1|
    |ap_condition_16583               |       and|   0|  0|     2|           1|           1|
    |ap_condition_16586               |       and|   0|  0|     2|           1|           1|
    |ap_condition_16589               |       and|   0|  0|     2|           1|           1|
    |ap_condition_16592               |       and|   0|  0|     2|           1|           1|
    |ap_condition_16595               |       and|   0|  0|     2|           1|           1|
    |ap_condition_16598               |       and|   0|  0|     2|           1|           1|
    |ap_condition_16601               |       and|   0|  0|     2|           1|           1|
    |ap_condition_16604               |       and|   0|  0|     2|           1|           1|
    |ap_condition_16607               |       and|   0|  0|     2|           1|           1|
    |ap_condition_16610               |       and|   0|  0|     2|           1|           1|
    |ap_condition_16613               |       and|   0|  0|     2|           1|           1|
    |ap_condition_16616               |       and|   0|  0|     2|           1|           1|
    |ap_condition_16619               |       and|   0|  0|     2|           1|           1|
    |ap_condition_16922               |       and|   0|  0|     2|           1|           1|
    |ap_condition_16928               |       and|   0|  0|     2|           1|           1|
    |ap_condition_16931               |       and|   0|  0|     2|           1|           1|
    |ap_condition_16934               |       and|   0|  0|     2|           1|           1|
    |ap_condition_16937               |       and|   0|  0|     2|           1|           1|
    |ap_condition_16940               |       and|   0|  0|     2|           1|           1|
    |ap_condition_16943               |       and|   0|  0|     2|           1|           1|
    |ap_condition_16946               |       and|   0|  0|     2|           1|           1|
    |ap_condition_16949               |       and|   0|  0|     2|           1|           1|
    |ap_condition_16952               |       and|   0|  0|     2|           1|           1|
    |ap_condition_16955               |       and|   0|  0|     2|           1|           1|
    |ap_condition_16958               |       and|   0|  0|     2|           1|           1|
    |ap_condition_16961               |       and|   0|  0|     2|           1|           1|
    |ap_condition_16964               |       and|   0|  0|     2|           1|           1|
    |ap_condition_16967               |       and|   0|  0|     2|           1|           1|
    |ap_condition_16970               |       and|   0|  0|     2|           1|           1|
    |ap_condition_16973               |       and|   0|  0|     2|           1|           1|
    |ap_condition_16976               |       and|   0|  0|     2|           1|           1|
    |ap_condition_16979               |       and|   0|  0|     2|           1|           1|
    |ap_condition_16982               |       and|   0|  0|     2|           1|           1|
    |ap_condition_16985               |       and|   0|  0|     2|           1|           1|
    |ap_condition_16988               |       and|   0|  0|     2|           1|           1|
    |ap_condition_16991               |       and|   0|  0|     2|           1|           1|
    |ap_condition_16994               |       and|   0|  0|     2|           1|           1|
    |ap_condition_16997               |       and|   0|  0|     2|           1|           1|
    |ap_condition_17000               |       and|   0|  0|     2|           1|           1|
    |ap_condition_17003               |       and|   0|  0|     2|           1|           1|
    |ap_condition_17006               |       and|   0|  0|     2|           1|           1|
    |ap_condition_17009               |       and|   0|  0|     2|           1|           1|
    |ap_condition_17012               |       and|   0|  0|     2|           1|           1|
    |ap_condition_17313               |       and|   0|  0|     2|           1|           1|
    |ap_condition_17319               |       and|   0|  0|     2|           1|           1|
    |ap_condition_17322               |       and|   0|  0|     2|           1|           1|
    |ap_condition_17325               |       and|   0|  0|     2|           1|           1|
    |ap_condition_17328               |       and|   0|  0|     2|           1|           1|
    |ap_condition_17331               |       and|   0|  0|     2|           1|           1|
    |ap_condition_17334               |       and|   0|  0|     2|           1|           1|
    |ap_condition_17337               |       and|   0|  0|     2|           1|           1|
    |ap_condition_17340               |       and|   0|  0|     2|           1|           1|
    |ap_condition_17343               |       and|   0|  0|     2|           1|           1|
    |ap_condition_17346               |       and|   0|  0|     2|           1|           1|
    |ap_condition_17349               |       and|   0|  0|     2|           1|           1|
    |ap_condition_17352               |       and|   0|  0|     2|           1|           1|
    |ap_condition_17355               |       and|   0|  0|     2|           1|           1|
    |ap_condition_17358               |       and|   0|  0|     2|           1|           1|
    |ap_condition_17361               |       and|   0|  0|     2|           1|           1|
    |ap_condition_17364               |       and|   0|  0|     2|           1|           1|
    |ap_condition_17367               |       and|   0|  0|     2|           1|           1|
    |ap_condition_17370               |       and|   0|  0|     2|           1|           1|
    |ap_condition_17373               |       and|   0|  0|     2|           1|           1|
    |ap_condition_17376               |       and|   0|  0|     2|           1|           1|
    |ap_condition_17379               |       and|   0|  0|     2|           1|           1|
    |ap_condition_17382               |       and|   0|  0|     2|           1|           1|
    |ap_condition_17385               |       and|   0|  0|     2|           1|           1|
    |ap_condition_17388               |       and|   0|  0|     2|           1|           1|
    |ap_condition_17391               |       and|   0|  0|     2|           1|           1|
    |ap_condition_17394               |       and|   0|  0|     2|           1|           1|
    |ap_condition_17397               |       and|   0|  0|     2|           1|           1|
    |ap_condition_17400               |       and|   0|  0|     2|           1|           1|
    |ap_condition_17403               |       and|   0|  0|     2|           1|           1|
    |ap_condition_18849               |       and|   0|  0|     2|           1|           1|
    |ap_condition_18854               |       and|   0|  0|     2|           1|           1|
    |ap_condition_18856               |       and|   0|  0|     2|           1|           1|
    |ap_condition_18858               |       and|   0|  0|     2|           1|           1|
    |ap_condition_18860               |       and|   0|  0|     2|           1|           1|
    |ap_condition_18862               |       and|   0|  0|     2|           1|           1|
    |ap_condition_18864               |       and|   0|  0|     2|           1|           1|
    |ap_condition_18866               |       and|   0|  0|     2|           1|           1|
    |ap_condition_18868               |       and|   0|  0|     2|           1|           1|
    |ap_condition_18870               |       and|   0|  0|     2|           1|           1|
    |ap_condition_18872               |       and|   0|  0|     2|           1|           1|
    |ap_condition_18874               |       and|   0|  0|     2|           1|           1|
    |ap_condition_18876               |       and|   0|  0|     2|           1|           1|
    |ap_condition_18878               |       and|   0|  0|     2|           1|           1|
    |ap_condition_18880               |       and|   0|  0|     2|           1|           1|
    |ap_condition_18882               |       and|   0|  0|     2|           1|           1|
    |ap_condition_18884               |       and|   0|  0|     2|           1|           1|
    |ap_condition_18886               |       and|   0|  0|     2|           1|           1|
    |ap_condition_18888               |       and|   0|  0|     2|           1|           1|
    |ap_condition_18890               |       and|   0|  0|     2|           1|           1|
    |ap_condition_18892               |       and|   0|  0|     2|           1|           1|
    |ap_condition_18894               |       and|   0|  0|     2|           1|           1|
    |ap_condition_18896               |       and|   0|  0|     2|           1|           1|
    |ap_condition_18898               |       and|   0|  0|     2|           1|           1|
    |ap_condition_18900               |       and|   0|  0|     2|           1|           1|
    |ap_condition_18902               |       and|   0|  0|     2|           1|           1|
    |ap_condition_18904               |       and|   0|  0|     2|           1|           1|
    |ap_condition_18906               |       and|   0|  0|     2|           1|           1|
    |ap_condition_18908               |       and|   0|  0|     2|           1|           1|
    |ap_condition_18910               |       and|   0|  0|     2|           1|           1|
    |ap_condition_19235               |       and|   0|  0|     2|           1|           1|
    |ap_condition_19241               |       and|   0|  0|     2|           1|           1|
    |ap_condition_19244               |       and|   0|  0|     2|           1|           1|
    |ap_condition_19247               |       and|   0|  0|     2|           1|           1|
    |ap_condition_19250               |       and|   0|  0|     2|           1|           1|
    |ap_condition_19253               |       and|   0|  0|     2|           1|           1|
    |ap_condition_19256               |       and|   0|  0|     2|           1|           1|
    |ap_condition_19259               |       and|   0|  0|     2|           1|           1|
    |ap_condition_19262               |       and|   0|  0|     2|           1|           1|
    |ap_condition_19265               |       and|   0|  0|     2|           1|           1|
    |ap_condition_19268               |       and|   0|  0|     2|           1|           1|
    |ap_condition_19271               |       and|   0|  0|     2|           1|           1|
    |ap_condition_19274               |       and|   0|  0|     2|           1|           1|
    |ap_condition_19277               |       and|   0|  0|     2|           1|           1|
    |ap_condition_19280               |       and|   0|  0|     2|           1|           1|
    |ap_condition_19283               |       and|   0|  0|     2|           1|           1|
    |ap_condition_19286               |       and|   0|  0|     2|           1|           1|
    |ap_condition_19289               |       and|   0|  0|     2|           1|           1|
    |ap_condition_19292               |       and|   0|  0|     2|           1|           1|
    |ap_condition_19295               |       and|   0|  0|     2|           1|           1|
    |ap_condition_19298               |       and|   0|  0|     2|           1|           1|
    |ap_condition_19301               |       and|   0|  0|     2|           1|           1|
    |ap_condition_19304               |       and|   0|  0|     2|           1|           1|
    |ap_condition_19307               |       and|   0|  0|     2|           1|           1|
    |ap_condition_19310               |       and|   0|  0|     2|           1|           1|
    |ap_condition_19313               |       and|   0|  0|     2|           1|           1|
    |ap_condition_19316               |       and|   0|  0|     2|           1|           1|
    |ap_condition_19319               |       and|   0|  0|     2|           1|           1|
    |ap_condition_19322               |       and|   0|  0|     2|           1|           1|
    |ap_condition_19325               |       and|   0|  0|     2|           1|           1|
    |ap_condition_19630               |       and|   0|  0|     2|           1|           1|
    |ap_condition_19636               |       and|   0|  0|     2|           1|           1|
    |ap_condition_19639               |       and|   0|  0|     2|           1|           1|
    |ap_condition_19642               |       and|   0|  0|     2|           1|           1|
    |ap_condition_19645               |       and|   0|  0|     2|           1|           1|
    |ap_condition_19648               |       and|   0|  0|     2|           1|           1|
    |ap_condition_19651               |       and|   0|  0|     2|           1|           1|
    |ap_condition_19654               |       and|   0|  0|     2|           1|           1|
    |ap_condition_19657               |       and|   0|  0|     2|           1|           1|
    |ap_condition_19660               |       and|   0|  0|     2|           1|           1|
    |ap_condition_19663               |       and|   0|  0|     2|           1|           1|
    |ap_condition_19666               |       and|   0|  0|     2|           1|           1|
    |ap_condition_19669               |       and|   0|  0|     2|           1|           1|
    |ap_condition_19672               |       and|   0|  0|     2|           1|           1|
    |ap_condition_19675               |       and|   0|  0|     2|           1|           1|
    |ap_condition_19678               |       and|   0|  0|     2|           1|           1|
    |ap_condition_19681               |       and|   0|  0|     2|           1|           1|
    |ap_condition_19684               |       and|   0|  0|     2|           1|           1|
    |ap_condition_19687               |       and|   0|  0|     2|           1|           1|
    |ap_condition_19690               |       and|   0|  0|     2|           1|           1|
    |ap_condition_19693               |       and|   0|  0|     2|           1|           1|
    |ap_condition_19696               |       and|   0|  0|     2|           1|           1|
    |ap_condition_19699               |       and|   0|  0|     2|           1|           1|
    |ap_condition_19702               |       and|   0|  0|     2|           1|           1|
    |ap_condition_19705               |       and|   0|  0|     2|           1|           1|
    |ap_condition_19708               |       and|   0|  0|     2|           1|           1|
    |ap_condition_19711               |       and|   0|  0|     2|           1|           1|
    |ap_condition_19714               |       and|   0|  0|     2|           1|           1|
    |ap_condition_19717               |       and|   0|  0|     2|           1|           1|
    |ap_condition_19720               |       and|   0|  0|     2|           1|           1|
    |ap_condition_20025               |       and|   0|  0|     2|           1|           1|
    |ap_condition_20031               |       and|   0|  0|     2|           1|           1|
    |ap_condition_20034               |       and|   0|  0|     2|           1|           1|
    |ap_condition_20037               |       and|   0|  0|     2|           1|           1|
    |ap_condition_20040               |       and|   0|  0|     2|           1|           1|
    |ap_condition_20043               |       and|   0|  0|     2|           1|           1|
    |ap_condition_20046               |       and|   0|  0|     2|           1|           1|
    |ap_condition_20049               |       and|   0|  0|     2|           1|           1|
    |ap_condition_20052               |       and|   0|  0|     2|           1|           1|
    |ap_condition_20055               |       and|   0|  0|     2|           1|           1|
    |ap_condition_20058               |       and|   0|  0|     2|           1|           1|
    |ap_condition_20061               |       and|   0|  0|     2|           1|           1|
    |ap_condition_20064               |       and|   0|  0|     2|           1|           1|
    |ap_condition_20067               |       and|   0|  0|     2|           1|           1|
    |ap_condition_20070               |       and|   0|  0|     2|           1|           1|
    |ap_condition_20073               |       and|   0|  0|     2|           1|           1|
    |ap_condition_20076               |       and|   0|  0|     2|           1|           1|
    |ap_condition_20079               |       and|   0|  0|     2|           1|           1|
    |ap_condition_20082               |       and|   0|  0|     2|           1|           1|
    |ap_condition_20085               |       and|   0|  0|     2|           1|           1|
    |ap_condition_20088               |       and|   0|  0|     2|           1|           1|
    |ap_condition_20091               |       and|   0|  0|     2|           1|           1|
    |ap_condition_20094               |       and|   0|  0|     2|           1|           1|
    |ap_condition_20097               |       and|   0|  0|     2|           1|           1|
    |ap_condition_20100               |       and|   0|  0|     2|           1|           1|
    |ap_condition_20103               |       and|   0|  0|     2|           1|           1|
    |ap_condition_20106               |       and|   0|  0|     2|           1|           1|
    |ap_condition_20109               |       and|   0|  0|     2|           1|           1|
    |ap_condition_20112               |       and|   0|  0|     2|           1|           1|
    |ap_condition_20115               |       and|   0|  0|     2|           1|           1|
    |ap_condition_20420               |       and|   0|  0|     2|           1|           1|
    |ap_condition_20426               |       and|   0|  0|     2|           1|           1|
    |ap_condition_20429               |       and|   0|  0|     2|           1|           1|
    |ap_condition_20432               |       and|   0|  0|     2|           1|           1|
    |ap_condition_20435               |       and|   0|  0|     2|           1|           1|
    |ap_condition_20438               |       and|   0|  0|     2|           1|           1|
    |ap_condition_20441               |       and|   0|  0|     2|           1|           1|
    |ap_condition_20444               |       and|   0|  0|     2|           1|           1|
    |ap_condition_20447               |       and|   0|  0|     2|           1|           1|
    |ap_condition_20450               |       and|   0|  0|     2|           1|           1|
    |ap_condition_20453               |       and|   0|  0|     2|           1|           1|
    |ap_condition_20456               |       and|   0|  0|     2|           1|           1|
    |ap_condition_20459               |       and|   0|  0|     2|           1|           1|
    |ap_condition_20462               |       and|   0|  0|     2|           1|           1|
    |ap_condition_20465               |       and|   0|  0|     2|           1|           1|
    |ap_condition_20468               |       and|   0|  0|     2|           1|           1|
    |ap_condition_20471               |       and|   0|  0|     2|           1|           1|
    |ap_condition_20474               |       and|   0|  0|     2|           1|           1|
    |ap_condition_20477               |       and|   0|  0|     2|           1|           1|
    |ap_condition_20480               |       and|   0|  0|     2|           1|           1|
    |ap_condition_20483               |       and|   0|  0|     2|           1|           1|
    |ap_condition_20486               |       and|   0|  0|     2|           1|           1|
    |ap_condition_20489               |       and|   0|  0|     2|           1|           1|
    |ap_condition_20492               |       and|   0|  0|     2|           1|           1|
    |ap_condition_20495               |       and|   0|  0|     2|           1|           1|
    |ap_condition_20498               |       and|   0|  0|     2|           1|           1|
    |ap_condition_20501               |       and|   0|  0|     2|           1|           1|
    |ap_condition_20504               |       and|   0|  0|     2|           1|           1|
    |ap_condition_20507               |       and|   0|  0|     2|           1|           1|
    |ap_condition_20510               |       and|   0|  0|     2|           1|           1|
    |ap_condition_20815               |       and|   0|  0|     2|           1|           1|
    |ap_condition_20821               |       and|   0|  0|     2|           1|           1|
    |ap_condition_20824               |       and|   0|  0|     2|           1|           1|
    |ap_condition_20827               |       and|   0|  0|     2|           1|           1|
    |ap_condition_20830               |       and|   0|  0|     2|           1|           1|
    |ap_condition_20833               |       and|   0|  0|     2|           1|           1|
    |ap_condition_20836               |       and|   0|  0|     2|           1|           1|
    |ap_condition_20839               |       and|   0|  0|     2|           1|           1|
    |ap_condition_20842               |       and|   0|  0|     2|           1|           1|
    |ap_condition_20845               |       and|   0|  0|     2|           1|           1|
    |ap_condition_20848               |       and|   0|  0|     2|           1|           1|
    |ap_condition_20851               |       and|   0|  0|     2|           1|           1|
    |ap_condition_20854               |       and|   0|  0|     2|           1|           1|
    |ap_condition_20857               |       and|   0|  0|     2|           1|           1|
    |ap_condition_20860               |       and|   0|  0|     2|           1|           1|
    |ap_condition_20863               |       and|   0|  0|     2|           1|           1|
    |ap_condition_20866               |       and|   0|  0|     2|           1|           1|
    |ap_condition_20869               |       and|   0|  0|     2|           1|           1|
    |ap_condition_20872               |       and|   0|  0|     2|           1|           1|
    |ap_condition_20875               |       and|   0|  0|     2|           1|           1|
    |ap_condition_20878               |       and|   0|  0|     2|           1|           1|
    |ap_condition_20881               |       and|   0|  0|     2|           1|           1|
    |ap_condition_20884               |       and|   0|  0|     2|           1|           1|
    |ap_condition_20887               |       and|   0|  0|     2|           1|           1|
    |ap_condition_20890               |       and|   0|  0|     2|           1|           1|
    |ap_condition_20893               |       and|   0|  0|     2|           1|           1|
    |ap_condition_20896               |       and|   0|  0|     2|           1|           1|
    |ap_condition_20899               |       and|   0|  0|     2|           1|           1|
    |ap_condition_20902               |       and|   0|  0|     2|           1|           1|
    |ap_condition_20905               |       and|   0|  0|     2|           1|           1|
    |ap_condition_21210               |       and|   0|  0|     2|           1|           1|
    |ap_condition_21216               |       and|   0|  0|     2|           1|           1|
    |ap_condition_21219               |       and|   0|  0|     2|           1|           1|
    |ap_condition_21222               |       and|   0|  0|     2|           1|           1|
    |ap_condition_21225               |       and|   0|  0|     2|           1|           1|
    |ap_condition_21228               |       and|   0|  0|     2|           1|           1|
    |ap_condition_21231               |       and|   0|  0|     2|           1|           1|
    |ap_condition_21234               |       and|   0|  0|     2|           1|           1|
    |ap_condition_21237               |       and|   0|  0|     2|           1|           1|
    |ap_condition_21240               |       and|   0|  0|     2|           1|           1|
    |ap_condition_21243               |       and|   0|  0|     2|           1|           1|
    |ap_condition_21246               |       and|   0|  0|     2|           1|           1|
    |ap_condition_21249               |       and|   0|  0|     2|           1|           1|
    |ap_condition_21252               |       and|   0|  0|     2|           1|           1|
    |ap_condition_21255               |       and|   0|  0|     2|           1|           1|
    |ap_condition_21258               |       and|   0|  0|     2|           1|           1|
    |ap_condition_21261               |       and|   0|  0|     2|           1|           1|
    |ap_condition_21264               |       and|   0|  0|     2|           1|           1|
    |ap_condition_21267               |       and|   0|  0|     2|           1|           1|
    |ap_condition_21270               |       and|   0|  0|     2|           1|           1|
    |ap_condition_21273               |       and|   0|  0|     2|           1|           1|
    |ap_condition_21276               |       and|   0|  0|     2|           1|           1|
    |ap_condition_21279               |       and|   0|  0|     2|           1|           1|
    |ap_condition_21282               |       and|   0|  0|     2|           1|           1|
    |ap_condition_21285               |       and|   0|  0|     2|           1|           1|
    |ap_condition_21288               |       and|   0|  0|     2|           1|           1|
    |ap_condition_21291               |       and|   0|  0|     2|           1|           1|
    |ap_condition_21294               |       and|   0|  0|     2|           1|           1|
    |ap_condition_21297               |       and|   0|  0|     2|           1|           1|
    |ap_condition_21300               |       and|   0|  0|     2|           1|           1|
    |ap_condition_21605               |       and|   0|  0|     2|           1|           1|
    |ap_condition_21611               |       and|   0|  0|     2|           1|           1|
    |ap_condition_21614               |       and|   0|  0|     2|           1|           1|
    |ap_condition_21617               |       and|   0|  0|     2|           1|           1|
    |ap_condition_21620               |       and|   0|  0|     2|           1|           1|
    |ap_condition_21623               |       and|   0|  0|     2|           1|           1|
    |ap_condition_21626               |       and|   0|  0|     2|           1|           1|
    |ap_condition_21629               |       and|   0|  0|     2|           1|           1|
    |ap_condition_21632               |       and|   0|  0|     2|           1|           1|
    |ap_condition_21635               |       and|   0|  0|     2|           1|           1|
    |ap_condition_21638               |       and|   0|  0|     2|           1|           1|
    |ap_condition_21641               |       and|   0|  0|     2|           1|           1|
    |ap_condition_21644               |       and|   0|  0|     2|           1|           1|
    |ap_condition_21647               |       and|   0|  0|     2|           1|           1|
    |ap_condition_21650               |       and|   0|  0|     2|           1|           1|
    |ap_condition_21653               |       and|   0|  0|     2|           1|           1|
    |ap_condition_21656               |       and|   0|  0|     2|           1|           1|
    |ap_condition_21659               |       and|   0|  0|     2|           1|           1|
    |ap_condition_21662               |       and|   0|  0|     2|           1|           1|
    |ap_condition_21665               |       and|   0|  0|     2|           1|           1|
    |ap_condition_21668               |       and|   0|  0|     2|           1|           1|
    |ap_condition_21671               |       and|   0|  0|     2|           1|           1|
    |ap_condition_21674               |       and|   0|  0|     2|           1|           1|
    |ap_condition_21677               |       and|   0|  0|     2|           1|           1|
    |ap_condition_21680               |       and|   0|  0|     2|           1|           1|
    |ap_condition_21683               |       and|   0|  0|     2|           1|           1|
    |ap_condition_21686               |       and|   0|  0|     2|           1|           1|
    |ap_condition_21689               |       and|   0|  0|     2|           1|           1|
    |ap_condition_21692               |       and|   0|  0|     2|           1|           1|
    |ap_condition_21695               |       and|   0|  0|     2|           1|           1|
    |ap_condition_22000               |       and|   0|  0|     2|           1|           1|
    |ap_condition_22006               |       and|   0|  0|     2|           1|           1|
    |ap_condition_22009               |       and|   0|  0|     2|           1|           1|
    |ap_condition_22012               |       and|   0|  0|     2|           1|           1|
    |ap_condition_22015               |       and|   0|  0|     2|           1|           1|
    |ap_condition_22018               |       and|   0|  0|     2|           1|           1|
    |ap_condition_22021               |       and|   0|  0|     2|           1|           1|
    |ap_condition_22024               |       and|   0|  0|     2|           1|           1|
    |ap_condition_22027               |       and|   0|  0|     2|           1|           1|
    |ap_condition_22030               |       and|   0|  0|     2|           1|           1|
    |ap_condition_22033               |       and|   0|  0|     2|           1|           1|
    |ap_condition_22036               |       and|   0|  0|     2|           1|           1|
    |ap_condition_22039               |       and|   0|  0|     2|           1|           1|
    |ap_condition_22042               |       and|   0|  0|     2|           1|           1|
    |ap_condition_22045               |       and|   0|  0|     2|           1|           1|
    |ap_condition_22048               |       and|   0|  0|     2|           1|           1|
    |ap_condition_22051               |       and|   0|  0|     2|           1|           1|
    |ap_condition_22054               |       and|   0|  0|     2|           1|           1|
    |ap_condition_22057               |       and|   0|  0|     2|           1|           1|
    |ap_condition_22060               |       and|   0|  0|     2|           1|           1|
    |ap_condition_22063               |       and|   0|  0|     2|           1|           1|
    |ap_condition_22066               |       and|   0|  0|     2|           1|           1|
    |ap_condition_22069               |       and|   0|  0|     2|           1|           1|
    |ap_condition_22072               |       and|   0|  0|     2|           1|           1|
    |ap_condition_22075               |       and|   0|  0|     2|           1|           1|
    |ap_condition_22078               |       and|   0|  0|     2|           1|           1|
    |ap_condition_22081               |       and|   0|  0|     2|           1|           1|
    |ap_condition_22084               |       and|   0|  0|     2|           1|           1|
    |ap_condition_22087               |       and|   0|  0|     2|           1|           1|
    |ap_condition_22090               |       and|   0|  0|     2|           1|           1|
    |ap_condition_22395               |       and|   0|  0|     2|           1|           1|
    |ap_condition_22401               |       and|   0|  0|     2|           1|           1|
    |ap_condition_22404               |       and|   0|  0|     2|           1|           1|
    |ap_condition_22407               |       and|   0|  0|     2|           1|           1|
    |ap_condition_22410               |       and|   0|  0|     2|           1|           1|
    |ap_condition_22413               |       and|   0|  0|     2|           1|           1|
    |ap_condition_22416               |       and|   0|  0|     2|           1|           1|
    |ap_condition_22419               |       and|   0|  0|     2|           1|           1|
    |ap_condition_22422               |       and|   0|  0|     2|           1|           1|
    |ap_condition_22425               |       and|   0|  0|     2|           1|           1|
    |ap_condition_22428               |       and|   0|  0|     2|           1|           1|
    |ap_condition_22431               |       and|   0|  0|     2|           1|           1|
    |ap_condition_22434               |       and|   0|  0|     2|           1|           1|
    |ap_condition_22437               |       and|   0|  0|     2|           1|           1|
    |ap_condition_22440               |       and|   0|  0|     2|           1|           1|
    |ap_condition_22443               |       and|   0|  0|     2|           1|           1|
    |ap_condition_22446               |       and|   0|  0|     2|           1|           1|
    |ap_condition_22449               |       and|   0|  0|     2|           1|           1|
    |ap_condition_22452               |       and|   0|  0|     2|           1|           1|
    |ap_condition_22455               |       and|   0|  0|     2|           1|           1|
    |ap_condition_22458               |       and|   0|  0|     2|           1|           1|
    |ap_condition_22461               |       and|   0|  0|     2|           1|           1|
    |ap_condition_22464               |       and|   0|  0|     2|           1|           1|
    |ap_condition_22467               |       and|   0|  0|     2|           1|           1|
    |ap_condition_22470               |       and|   0|  0|     2|           1|           1|
    |ap_condition_22473               |       and|   0|  0|     2|           1|           1|
    |ap_condition_22476               |       and|   0|  0|     2|           1|           1|
    |ap_condition_22479               |       and|   0|  0|     2|           1|           1|
    |ap_condition_22482               |       and|   0|  0|     2|           1|           1|
    |ap_condition_22485               |       and|   0|  0|     2|           1|           1|
    |ap_condition_22790               |       and|   0|  0|     2|           1|           1|
    |ap_condition_22796               |       and|   0|  0|     2|           1|           1|
    |ap_condition_22799               |       and|   0|  0|     2|           1|           1|
    |ap_condition_22802               |       and|   0|  0|     2|           1|           1|
    |ap_condition_22805               |       and|   0|  0|     2|           1|           1|
    |ap_condition_22808               |       and|   0|  0|     2|           1|           1|
    |ap_condition_22811               |       and|   0|  0|     2|           1|           1|
    |ap_condition_22814               |       and|   0|  0|     2|           1|           1|
    |ap_condition_22817               |       and|   0|  0|     2|           1|           1|
    |ap_condition_22820               |       and|   0|  0|     2|           1|           1|
    |ap_condition_22823               |       and|   0|  0|     2|           1|           1|
    |ap_condition_22826               |       and|   0|  0|     2|           1|           1|
    |ap_condition_22829               |       and|   0|  0|     2|           1|           1|
    |ap_condition_22832               |       and|   0|  0|     2|           1|           1|
    |ap_condition_22835               |       and|   0|  0|     2|           1|           1|
    |ap_condition_22838               |       and|   0|  0|     2|           1|           1|
    |ap_condition_22841               |       and|   0|  0|     2|           1|           1|
    |ap_condition_22844               |       and|   0|  0|     2|           1|           1|
    |ap_condition_22847               |       and|   0|  0|     2|           1|           1|
    |ap_condition_22850               |       and|   0|  0|     2|           1|           1|
    |ap_condition_22853               |       and|   0|  0|     2|           1|           1|
    |ap_condition_22856               |       and|   0|  0|     2|           1|           1|
    |ap_condition_22859               |       and|   0|  0|     2|           1|           1|
    |ap_condition_22862               |       and|   0|  0|     2|           1|           1|
    |ap_condition_22865               |       and|   0|  0|     2|           1|           1|
    |ap_condition_22868               |       and|   0|  0|     2|           1|           1|
    |ap_condition_22871               |       and|   0|  0|     2|           1|           1|
    |ap_condition_22874               |       and|   0|  0|     2|           1|           1|
    |ap_condition_22877               |       and|   0|  0|     2|           1|           1|
    |ap_condition_22880               |       and|   0|  0|     2|           1|           1|
    |ap_condition_23185               |       and|   0|  0|     2|           1|           1|
    |ap_condition_23191               |       and|   0|  0|     2|           1|           1|
    |ap_condition_23194               |       and|   0|  0|     2|           1|           1|
    |ap_condition_23197               |       and|   0|  0|     2|           1|           1|
    |ap_condition_23200               |       and|   0|  0|     2|           1|           1|
    |ap_condition_23203               |       and|   0|  0|     2|           1|           1|
    |ap_condition_23206               |       and|   0|  0|     2|           1|           1|
    |ap_condition_23209               |       and|   0|  0|     2|           1|           1|
    |ap_condition_23212               |       and|   0|  0|     2|           1|           1|
    |ap_condition_23215               |       and|   0|  0|     2|           1|           1|
    |ap_condition_23218               |       and|   0|  0|     2|           1|           1|
    |ap_condition_23221               |       and|   0|  0|     2|           1|           1|
    |ap_condition_23224               |       and|   0|  0|     2|           1|           1|
    |ap_condition_23227               |       and|   0|  0|     2|           1|           1|
    |ap_condition_23230               |       and|   0|  0|     2|           1|           1|
    |ap_condition_23233               |       and|   0|  0|     2|           1|           1|
    |ap_condition_23236               |       and|   0|  0|     2|           1|           1|
    |ap_condition_23239               |       and|   0|  0|     2|           1|           1|
    |ap_condition_23242               |       and|   0|  0|     2|           1|           1|
    |ap_condition_23245               |       and|   0|  0|     2|           1|           1|
    |ap_condition_23248               |       and|   0|  0|     2|           1|           1|
    |ap_condition_23251               |       and|   0|  0|     2|           1|           1|
    |ap_condition_23254               |       and|   0|  0|     2|           1|           1|
    |ap_condition_23257               |       and|   0|  0|     2|           1|           1|
    |ap_condition_23260               |       and|   0|  0|     2|           1|           1|
    |ap_condition_23263               |       and|   0|  0|     2|           1|           1|
    |ap_condition_23266               |       and|   0|  0|     2|           1|           1|
    |ap_condition_23269               |       and|   0|  0|     2|           1|           1|
    |ap_condition_23272               |       and|   0|  0|     2|           1|           1|
    |ap_condition_23275               |       and|   0|  0|     2|           1|           1|
    |ap_condition_23580               |       and|   0|  0|     2|           1|           1|
    |ap_condition_23586               |       and|   0|  0|     2|           1|           1|
    |ap_condition_23589               |       and|   0|  0|     2|           1|           1|
    |ap_condition_23592               |       and|   0|  0|     2|           1|           1|
    |ap_condition_23595               |       and|   0|  0|     2|           1|           1|
    |ap_condition_23598               |       and|   0|  0|     2|           1|           1|
    |ap_condition_23601               |       and|   0|  0|     2|           1|           1|
    |ap_condition_23604               |       and|   0|  0|     2|           1|           1|
    |ap_condition_23607               |       and|   0|  0|     2|           1|           1|
    |ap_condition_23610               |       and|   0|  0|     2|           1|           1|
    |ap_condition_23613               |       and|   0|  0|     2|           1|           1|
    |ap_condition_23616               |       and|   0|  0|     2|           1|           1|
    |ap_condition_23619               |       and|   0|  0|     2|           1|           1|
    |ap_condition_23622               |       and|   0|  0|     2|           1|           1|
    |ap_condition_23625               |       and|   0|  0|     2|           1|           1|
    |ap_condition_23628               |       and|   0|  0|     2|           1|           1|
    |ap_condition_23631               |       and|   0|  0|     2|           1|           1|
    |ap_condition_23634               |       and|   0|  0|     2|           1|           1|
    |ap_condition_23637               |       and|   0|  0|     2|           1|           1|
    |ap_condition_23640               |       and|   0|  0|     2|           1|           1|
    |ap_condition_23643               |       and|   0|  0|     2|           1|           1|
    |ap_condition_23646               |       and|   0|  0|     2|           1|           1|
    |ap_condition_23649               |       and|   0|  0|     2|           1|           1|
    |ap_condition_23652               |       and|   0|  0|     2|           1|           1|
    |ap_condition_23655               |       and|   0|  0|     2|           1|           1|
    |ap_condition_23658               |       and|   0|  0|     2|           1|           1|
    |ap_condition_23661               |       and|   0|  0|     2|           1|           1|
    |ap_condition_23664               |       and|   0|  0|     2|           1|           1|
    |ap_condition_23667               |       and|   0|  0|     2|           1|           1|
    |ap_condition_23670               |       and|   0|  0|     2|           1|           1|
    |ap_condition_23975               |       and|   0|  0|     2|           1|           1|
    |ap_condition_23981               |       and|   0|  0|     2|           1|           1|
    |ap_condition_23984               |       and|   0|  0|     2|           1|           1|
    |ap_condition_23987               |       and|   0|  0|     2|           1|           1|
    |ap_condition_23990               |       and|   0|  0|     2|           1|           1|
    |ap_condition_23993               |       and|   0|  0|     2|           1|           1|
    |ap_condition_23996               |       and|   0|  0|     2|           1|           1|
    |ap_condition_23999               |       and|   0|  0|     2|           1|           1|
    |ap_condition_24002               |       and|   0|  0|     2|           1|           1|
    |ap_condition_24005               |       and|   0|  0|     2|           1|           1|
    |ap_condition_24008               |       and|   0|  0|     2|           1|           1|
    |ap_condition_24011               |       and|   0|  0|     2|           1|           1|
    |ap_condition_24014               |       and|   0|  0|     2|           1|           1|
    |ap_condition_24017               |       and|   0|  0|     2|           1|           1|
    |ap_condition_24020               |       and|   0|  0|     2|           1|           1|
    |ap_condition_24023               |       and|   0|  0|     2|           1|           1|
    |ap_condition_24026               |       and|   0|  0|     2|           1|           1|
    |ap_condition_24029               |       and|   0|  0|     2|           1|           1|
    |ap_condition_24032               |       and|   0|  0|     2|           1|           1|
    |ap_condition_24035               |       and|   0|  0|     2|           1|           1|
    |ap_condition_24038               |       and|   0|  0|     2|           1|           1|
    |ap_condition_24041               |       and|   0|  0|     2|           1|           1|
    |ap_condition_24044               |       and|   0|  0|     2|           1|           1|
    |ap_condition_24047               |       and|   0|  0|     2|           1|           1|
    |ap_condition_24050               |       and|   0|  0|     2|           1|           1|
    |ap_condition_24053               |       and|   0|  0|     2|           1|           1|
    |ap_condition_24056               |       and|   0|  0|     2|           1|           1|
    |ap_condition_24059               |       and|   0|  0|     2|           1|           1|
    |ap_condition_24062               |       and|   0|  0|     2|           1|           1|
    |ap_condition_24065               |       and|   0|  0|     2|           1|           1|
    |ap_condition_24370               |       and|   0|  0|     2|           1|           1|
    |ap_condition_24376               |       and|   0|  0|     2|           1|           1|
    |ap_condition_24379               |       and|   0|  0|     2|           1|           1|
    |ap_condition_24382               |       and|   0|  0|     2|           1|           1|
    |ap_condition_24385               |       and|   0|  0|     2|           1|           1|
    |ap_condition_24388               |       and|   0|  0|     2|           1|           1|
    |ap_condition_24391               |       and|   0|  0|     2|           1|           1|
    |ap_condition_24394               |       and|   0|  0|     2|           1|           1|
    |ap_condition_24397               |       and|   0|  0|     2|           1|           1|
    |ap_condition_24400               |       and|   0|  0|     2|           1|           1|
    |ap_condition_24403               |       and|   0|  0|     2|           1|           1|
    |ap_condition_24406               |       and|   0|  0|     2|           1|           1|
    |ap_condition_24409               |       and|   0|  0|     2|           1|           1|
    |ap_condition_24412               |       and|   0|  0|     2|           1|           1|
    |ap_condition_24415               |       and|   0|  0|     2|           1|           1|
    |ap_condition_24418               |       and|   0|  0|     2|           1|           1|
    |ap_condition_24421               |       and|   0|  0|     2|           1|           1|
    |ap_condition_24424               |       and|   0|  0|     2|           1|           1|
    |ap_condition_24427               |       and|   0|  0|     2|           1|           1|
    |ap_condition_24430               |       and|   0|  0|     2|           1|           1|
    |ap_condition_24433               |       and|   0|  0|     2|           1|           1|
    |ap_condition_24436               |       and|   0|  0|     2|           1|           1|
    |ap_condition_24439               |       and|   0|  0|     2|           1|           1|
    |ap_condition_24442               |       and|   0|  0|     2|           1|           1|
    |ap_condition_24445               |       and|   0|  0|     2|           1|           1|
    |ap_condition_24448               |       and|   0|  0|     2|           1|           1|
    |ap_condition_24451               |       and|   0|  0|     2|           1|           1|
    |ap_condition_24454               |       and|   0|  0|     2|           1|           1|
    |ap_condition_24457               |       and|   0|  0|     2|           1|           1|
    |ap_condition_24460               |       and|   0|  0|     2|           1|           1|
    |ap_condition_24765               |       and|   0|  0|     2|           1|           1|
    |ap_condition_24771               |       and|   0|  0|     2|           1|           1|
    |ap_condition_24774               |       and|   0|  0|     2|           1|           1|
    |ap_condition_24777               |       and|   0|  0|     2|           1|           1|
    |ap_condition_24780               |       and|   0|  0|     2|           1|           1|
    |ap_condition_24783               |       and|   0|  0|     2|           1|           1|
    |ap_condition_24786               |       and|   0|  0|     2|           1|           1|
    |ap_condition_24789               |       and|   0|  0|     2|           1|           1|
    |ap_condition_24792               |       and|   0|  0|     2|           1|           1|
    |ap_condition_24795               |       and|   0|  0|     2|           1|           1|
    |ap_condition_24798               |       and|   0|  0|     2|           1|           1|
    |ap_condition_24801               |       and|   0|  0|     2|           1|           1|
    |ap_condition_24804               |       and|   0|  0|     2|           1|           1|
    |ap_condition_24807               |       and|   0|  0|     2|           1|           1|
    |ap_condition_24810               |       and|   0|  0|     2|           1|           1|
    |ap_condition_24813               |       and|   0|  0|     2|           1|           1|
    |ap_condition_24816               |       and|   0|  0|     2|           1|           1|
    |ap_condition_24819               |       and|   0|  0|     2|           1|           1|
    |ap_condition_24822               |       and|   0|  0|     2|           1|           1|
    |ap_condition_24825               |       and|   0|  0|     2|           1|           1|
    |ap_condition_24828               |       and|   0|  0|     2|           1|           1|
    |ap_condition_24831               |       and|   0|  0|     2|           1|           1|
    |ap_condition_24834               |       and|   0|  0|     2|           1|           1|
    |ap_condition_24837               |       and|   0|  0|     2|           1|           1|
    |ap_condition_24840               |       and|   0|  0|     2|           1|           1|
    |ap_condition_24843               |       and|   0|  0|     2|           1|           1|
    |ap_condition_24846               |       and|   0|  0|     2|           1|           1|
    |ap_condition_24849               |       and|   0|  0|     2|           1|           1|
    |ap_condition_24852               |       and|   0|  0|     2|           1|           1|
    |ap_condition_24855               |       and|   0|  0|     2|           1|           1|
    |ap_condition_25160               |       and|   0|  0|     2|           1|           1|
    |ap_condition_25166               |       and|   0|  0|     2|           1|           1|
    |ap_condition_25169               |       and|   0|  0|     2|           1|           1|
    |ap_condition_25172               |       and|   0|  0|     2|           1|           1|
    |ap_condition_25175               |       and|   0|  0|     2|           1|           1|
    |ap_condition_25178               |       and|   0|  0|     2|           1|           1|
    |ap_condition_25181               |       and|   0|  0|     2|           1|           1|
    |ap_condition_25184               |       and|   0|  0|     2|           1|           1|
    |ap_condition_25187               |       and|   0|  0|     2|           1|           1|
    |ap_condition_25190               |       and|   0|  0|     2|           1|           1|
    |ap_condition_25193               |       and|   0|  0|     2|           1|           1|
    |ap_condition_25196               |       and|   0|  0|     2|           1|           1|
    |ap_condition_25199               |       and|   0|  0|     2|           1|           1|
    |ap_condition_25202               |       and|   0|  0|     2|           1|           1|
    |ap_condition_25205               |       and|   0|  0|     2|           1|           1|
    |ap_condition_25208               |       and|   0|  0|     2|           1|           1|
    |ap_condition_25211               |       and|   0|  0|     2|           1|           1|
    |ap_condition_25214               |       and|   0|  0|     2|           1|           1|
    |ap_condition_25217               |       and|   0|  0|     2|           1|           1|
    |ap_condition_25220               |       and|   0|  0|     2|           1|           1|
    |ap_condition_25223               |       and|   0|  0|     2|           1|           1|
    |ap_condition_25226               |       and|   0|  0|     2|           1|           1|
    |ap_condition_25229               |       and|   0|  0|     2|           1|           1|
    |ap_condition_25232               |       and|   0|  0|     2|           1|           1|
    |ap_condition_25235               |       and|   0|  0|     2|           1|           1|
    |ap_condition_25238               |       and|   0|  0|     2|           1|           1|
    |ap_condition_25241               |       and|   0|  0|     2|           1|           1|
    |ap_condition_25244               |       and|   0|  0|     2|           1|           1|
    |ap_condition_25247               |       and|   0|  0|     2|           1|           1|
    |ap_condition_25250               |       and|   0|  0|     2|           1|           1|
    |ap_condition_25555               |       and|   0|  0|     2|           1|           1|
    |ap_condition_25561               |       and|   0|  0|     2|           1|           1|
    |ap_condition_25564               |       and|   0|  0|     2|           1|           1|
    |ap_condition_25567               |       and|   0|  0|     2|           1|           1|
    |ap_condition_25570               |       and|   0|  0|     2|           1|           1|
    |ap_condition_25573               |       and|   0|  0|     2|           1|           1|
    |ap_condition_25576               |       and|   0|  0|     2|           1|           1|
    |ap_condition_25579               |       and|   0|  0|     2|           1|           1|
    |ap_condition_25582               |       and|   0|  0|     2|           1|           1|
    |ap_condition_25585               |       and|   0|  0|     2|           1|           1|
    |ap_condition_25588               |       and|   0|  0|     2|           1|           1|
    |ap_condition_25591               |       and|   0|  0|     2|           1|           1|
    |ap_condition_25594               |       and|   0|  0|     2|           1|           1|
    |ap_condition_25597               |       and|   0|  0|     2|           1|           1|
    |ap_condition_25600               |       and|   0|  0|     2|           1|           1|
    |ap_condition_25603               |       and|   0|  0|     2|           1|           1|
    |ap_condition_25606               |       and|   0|  0|     2|           1|           1|
    |ap_condition_25609               |       and|   0|  0|     2|           1|           1|
    |ap_condition_25612               |       and|   0|  0|     2|           1|           1|
    |ap_condition_25615               |       and|   0|  0|     2|           1|           1|
    |ap_condition_25618               |       and|   0|  0|     2|           1|           1|
    |ap_condition_25621               |       and|   0|  0|     2|           1|           1|
    |ap_condition_25624               |       and|   0|  0|     2|           1|           1|
    |ap_condition_25627               |       and|   0|  0|     2|           1|           1|
    |ap_condition_25630               |       and|   0|  0|     2|           1|           1|
    |ap_condition_25633               |       and|   0|  0|     2|           1|           1|
    |ap_condition_25636               |       and|   0|  0|     2|           1|           1|
    |ap_condition_25639               |       and|   0|  0|     2|           1|           1|
    |ap_condition_25642               |       and|   0|  0|     2|           1|           1|
    |ap_condition_25645               |       and|   0|  0|     2|           1|           1|
    |ap_condition_25950               |       and|   0|  0|     2|           1|           1|
    |ap_condition_25956               |       and|   0|  0|     2|           1|           1|
    |ap_condition_25959               |       and|   0|  0|     2|           1|           1|
    |ap_condition_25962               |       and|   0|  0|     2|           1|           1|
    |ap_condition_25965               |       and|   0|  0|     2|           1|           1|
    |ap_condition_25968               |       and|   0|  0|     2|           1|           1|
    |ap_condition_25971               |       and|   0|  0|     2|           1|           1|
    |ap_condition_25974               |       and|   0|  0|     2|           1|           1|
    |ap_condition_25977               |       and|   0|  0|     2|           1|           1|
    |ap_condition_25980               |       and|   0|  0|     2|           1|           1|
    |ap_condition_25983               |       and|   0|  0|     2|           1|           1|
    |ap_condition_25986               |       and|   0|  0|     2|           1|           1|
    |ap_condition_25989               |       and|   0|  0|     2|           1|           1|
    |ap_condition_25992               |       and|   0|  0|     2|           1|           1|
    |ap_condition_25995               |       and|   0|  0|     2|           1|           1|
    |ap_condition_25998               |       and|   0|  0|     2|           1|           1|
    |ap_condition_26001               |       and|   0|  0|     2|           1|           1|
    |ap_condition_26004               |       and|   0|  0|     2|           1|           1|
    |ap_condition_26007               |       and|   0|  0|     2|           1|           1|
    |ap_condition_26010               |       and|   0|  0|     2|           1|           1|
    |ap_condition_26013               |       and|   0|  0|     2|           1|           1|
    |ap_condition_26016               |       and|   0|  0|     2|           1|           1|
    |ap_condition_26019               |       and|   0|  0|     2|           1|           1|
    |ap_condition_26022               |       and|   0|  0|     2|           1|           1|
    |ap_condition_26025               |       and|   0|  0|     2|           1|           1|
    |ap_condition_26028               |       and|   0|  0|     2|           1|           1|
    |ap_condition_26031               |       and|   0|  0|     2|           1|           1|
    |ap_condition_26034               |       and|   0|  0|     2|           1|           1|
    |ap_condition_26037               |       and|   0|  0|     2|           1|           1|
    |ap_condition_26040               |       and|   0|  0|     2|           1|           1|
    |ap_condition_26345               |       and|   0|  0|     2|           1|           1|
    |ap_condition_26351               |       and|   0|  0|     2|           1|           1|
    |ap_condition_26354               |       and|   0|  0|     2|           1|           1|
    |ap_condition_26357               |       and|   0|  0|     2|           1|           1|
    |ap_condition_26360               |       and|   0|  0|     2|           1|           1|
    |ap_condition_26363               |       and|   0|  0|     2|           1|           1|
    |ap_condition_26366               |       and|   0|  0|     2|           1|           1|
    |ap_condition_26369               |       and|   0|  0|     2|           1|           1|
    |ap_condition_26372               |       and|   0|  0|     2|           1|           1|
    |ap_condition_26375               |       and|   0|  0|     2|           1|           1|
    |ap_condition_26378               |       and|   0|  0|     2|           1|           1|
    |ap_condition_26381               |       and|   0|  0|     2|           1|           1|
    |ap_condition_26384               |       and|   0|  0|     2|           1|           1|
    |ap_condition_26387               |       and|   0|  0|     2|           1|           1|
    |ap_condition_26390               |       and|   0|  0|     2|           1|           1|
    |ap_condition_26393               |       and|   0|  0|     2|           1|           1|
    |ap_condition_26396               |       and|   0|  0|     2|           1|           1|
    |ap_condition_26399               |       and|   0|  0|     2|           1|           1|
    |ap_condition_26402               |       and|   0|  0|     2|           1|           1|
    |ap_condition_26405               |       and|   0|  0|     2|           1|           1|
    |ap_condition_26408               |       and|   0|  0|     2|           1|           1|
    |ap_condition_26411               |       and|   0|  0|     2|           1|           1|
    |ap_condition_26414               |       and|   0|  0|     2|           1|           1|
    |ap_condition_26417               |       and|   0|  0|     2|           1|           1|
    |ap_condition_26420               |       and|   0|  0|     2|           1|           1|
    |ap_condition_26423               |       and|   0|  0|     2|           1|           1|
    |ap_condition_26426               |       and|   0|  0|     2|           1|           1|
    |ap_condition_26429               |       and|   0|  0|     2|           1|           1|
    |ap_condition_26432               |       and|   0|  0|     2|           1|           1|
    |ap_condition_26435               |       and|   0|  0|     2|           1|           1|
    |ap_condition_26740               |       and|   0|  0|     2|           1|           1|
    |ap_condition_26746               |       and|   0|  0|     2|           1|           1|
    |ap_condition_26749               |       and|   0|  0|     2|           1|           1|
    |ap_condition_26752               |       and|   0|  0|     2|           1|           1|
    |ap_condition_26755               |       and|   0|  0|     2|           1|           1|
    |ap_condition_26758               |       and|   0|  0|     2|           1|           1|
    |ap_condition_26761               |       and|   0|  0|     2|           1|           1|
    |ap_condition_26764               |       and|   0|  0|     2|           1|           1|
    |ap_condition_26767               |       and|   0|  0|     2|           1|           1|
    |ap_condition_26770               |       and|   0|  0|     2|           1|           1|
    |ap_condition_26773               |       and|   0|  0|     2|           1|           1|
    |ap_condition_26776               |       and|   0|  0|     2|           1|           1|
    |ap_condition_26779               |       and|   0|  0|     2|           1|           1|
    |ap_condition_26782               |       and|   0|  0|     2|           1|           1|
    |ap_condition_26785               |       and|   0|  0|     2|           1|           1|
    |ap_condition_26788               |       and|   0|  0|     2|           1|           1|
    |ap_condition_26791               |       and|   0|  0|     2|           1|           1|
    |ap_condition_26794               |       and|   0|  0|     2|           1|           1|
    |ap_condition_26797               |       and|   0|  0|     2|           1|           1|
    |ap_condition_26800               |       and|   0|  0|     2|           1|           1|
    |ap_condition_26803               |       and|   0|  0|     2|           1|           1|
    |ap_condition_26806               |       and|   0|  0|     2|           1|           1|
    |ap_condition_26809               |       and|   0|  0|     2|           1|           1|
    |ap_condition_26812               |       and|   0|  0|     2|           1|           1|
    |ap_condition_26815               |       and|   0|  0|     2|           1|           1|
    |ap_condition_26818               |       and|   0|  0|     2|           1|           1|
    |ap_condition_26821               |       and|   0|  0|     2|           1|           1|
    |ap_condition_26824               |       and|   0|  0|     2|           1|           1|
    |ap_condition_26827               |       and|   0|  0|     2|           1|           1|
    |ap_condition_26830               |       and|   0|  0|     2|           1|           1|
    |ap_condition_27135               |       and|   0|  0|     2|           1|           1|
    |ap_condition_27141               |       and|   0|  0|     2|           1|           1|
    |ap_condition_27144               |       and|   0|  0|     2|           1|           1|
    |ap_condition_27147               |       and|   0|  0|     2|           1|           1|
    |ap_condition_27150               |       and|   0|  0|     2|           1|           1|
    |ap_condition_27153               |       and|   0|  0|     2|           1|           1|
    |ap_condition_27156               |       and|   0|  0|     2|           1|           1|
    |ap_condition_27159               |       and|   0|  0|     2|           1|           1|
    |ap_condition_27162               |       and|   0|  0|     2|           1|           1|
    |ap_condition_27165               |       and|   0|  0|     2|           1|           1|
    |ap_condition_27168               |       and|   0|  0|     2|           1|           1|
    |ap_condition_27171               |       and|   0|  0|     2|           1|           1|
    |ap_condition_27174               |       and|   0|  0|     2|           1|           1|
    |ap_condition_27177               |       and|   0|  0|     2|           1|           1|
    |ap_condition_27180               |       and|   0|  0|     2|           1|           1|
    |ap_condition_27183               |       and|   0|  0|     2|           1|           1|
    |ap_condition_27186               |       and|   0|  0|     2|           1|           1|
    |ap_condition_27189               |       and|   0|  0|     2|           1|           1|
    |ap_condition_27192               |       and|   0|  0|     2|           1|           1|
    |ap_condition_27195               |       and|   0|  0|     2|           1|           1|
    |ap_condition_27198               |       and|   0|  0|     2|           1|           1|
    |ap_condition_27201               |       and|   0|  0|     2|           1|           1|
    |ap_condition_27204               |       and|   0|  0|     2|           1|           1|
    |ap_condition_27207               |       and|   0|  0|     2|           1|           1|
    |ap_condition_27210               |       and|   0|  0|     2|           1|           1|
    |ap_condition_27213               |       and|   0|  0|     2|           1|           1|
    |ap_condition_27216               |       and|   0|  0|     2|           1|           1|
    |ap_condition_27219               |       and|   0|  0|     2|           1|           1|
    |ap_condition_27222               |       and|   0|  0|     2|           1|           1|
    |ap_condition_27225               |       and|   0|  0|     2|           1|           1|
    |ap_condition_27530               |       and|   0|  0|     2|           1|           1|
    |ap_condition_27536               |       and|   0|  0|     2|           1|           1|
    |ap_condition_27539               |       and|   0|  0|     2|           1|           1|
    |ap_condition_27542               |       and|   0|  0|     2|           1|           1|
    |ap_condition_27545               |       and|   0|  0|     2|           1|           1|
    |ap_condition_27548               |       and|   0|  0|     2|           1|           1|
    |ap_condition_27551               |       and|   0|  0|     2|           1|           1|
    |ap_condition_27554               |       and|   0|  0|     2|           1|           1|
    |ap_condition_27557               |       and|   0|  0|     2|           1|           1|
    |ap_condition_27560               |       and|   0|  0|     2|           1|           1|
    |ap_condition_27563               |       and|   0|  0|     2|           1|           1|
    |ap_condition_27566               |       and|   0|  0|     2|           1|           1|
    |ap_condition_27569               |       and|   0|  0|     2|           1|           1|
    |ap_condition_27572               |       and|   0|  0|     2|           1|           1|
    |ap_condition_27575               |       and|   0|  0|     2|           1|           1|
    |ap_condition_27578               |       and|   0|  0|     2|           1|           1|
    |ap_condition_27581               |       and|   0|  0|     2|           1|           1|
    |ap_condition_27584               |       and|   0|  0|     2|           1|           1|
    |ap_condition_27587               |       and|   0|  0|     2|           1|           1|
    |ap_condition_27590               |       and|   0|  0|     2|           1|           1|
    |ap_condition_27593               |       and|   0|  0|     2|           1|           1|
    |ap_condition_27596               |       and|   0|  0|     2|           1|           1|
    |ap_condition_27599               |       and|   0|  0|     2|           1|           1|
    |ap_condition_27602               |       and|   0|  0|     2|           1|           1|
    |ap_condition_27605               |       and|   0|  0|     2|           1|           1|
    |ap_condition_27608               |       and|   0|  0|     2|           1|           1|
    |ap_condition_27611               |       and|   0|  0|     2|           1|           1|
    |ap_condition_27614               |       and|   0|  0|     2|           1|           1|
    |ap_condition_27617               |       and|   0|  0|     2|           1|           1|
    |ap_condition_27620               |       and|   0|  0|     2|           1|           1|
    |ap_condition_27925               |       and|   0|  0|     2|           1|           1|
    |ap_condition_27931               |       and|   0|  0|     2|           1|           1|
    |ap_condition_27934               |       and|   0|  0|     2|           1|           1|
    |ap_condition_27937               |       and|   0|  0|     2|           1|           1|
    |ap_condition_27940               |       and|   0|  0|     2|           1|           1|
    |ap_condition_27943               |       and|   0|  0|     2|           1|           1|
    |ap_condition_27946               |       and|   0|  0|     2|           1|           1|
    |ap_condition_27949               |       and|   0|  0|     2|           1|           1|
    |ap_condition_27952               |       and|   0|  0|     2|           1|           1|
    |ap_condition_27955               |       and|   0|  0|     2|           1|           1|
    |ap_condition_27958               |       and|   0|  0|     2|           1|           1|
    |ap_condition_27961               |       and|   0|  0|     2|           1|           1|
    |ap_condition_27964               |       and|   0|  0|     2|           1|           1|
    |ap_condition_27967               |       and|   0|  0|     2|           1|           1|
    |ap_condition_27970               |       and|   0|  0|     2|           1|           1|
    |ap_condition_27973               |       and|   0|  0|     2|           1|           1|
    |ap_condition_27976               |       and|   0|  0|     2|           1|           1|
    |ap_condition_27979               |       and|   0|  0|     2|           1|           1|
    |ap_condition_27982               |       and|   0|  0|     2|           1|           1|
    |ap_condition_27985               |       and|   0|  0|     2|           1|           1|
    |ap_condition_27988               |       and|   0|  0|     2|           1|           1|
    |ap_condition_27991               |       and|   0|  0|     2|           1|           1|
    |ap_condition_27994               |       and|   0|  0|     2|           1|           1|
    |ap_condition_27997               |       and|   0|  0|     2|           1|           1|
    |ap_condition_28000               |       and|   0|  0|     2|           1|           1|
    |ap_condition_28003               |       and|   0|  0|     2|           1|           1|
    |ap_condition_28006               |       and|   0|  0|     2|           1|           1|
    |ap_condition_28009               |       and|   0|  0|     2|           1|           1|
    |ap_condition_28012               |       and|   0|  0|     2|           1|           1|
    |ap_condition_28015               |       and|   0|  0|     2|           1|           1|
    |ap_condition_28320               |       and|   0|  0|     2|           1|           1|
    |ap_condition_28326               |       and|   0|  0|     2|           1|           1|
    |ap_condition_28329               |       and|   0|  0|     2|           1|           1|
    |ap_condition_28332               |       and|   0|  0|     2|           1|           1|
    |ap_condition_28335               |       and|   0|  0|     2|           1|           1|
    |ap_condition_28338               |       and|   0|  0|     2|           1|           1|
    |ap_condition_28341               |       and|   0|  0|     2|           1|           1|
    |ap_condition_28344               |       and|   0|  0|     2|           1|           1|
    |ap_condition_28347               |       and|   0|  0|     2|           1|           1|
    |ap_condition_28350               |       and|   0|  0|     2|           1|           1|
    |ap_condition_28353               |       and|   0|  0|     2|           1|           1|
    |ap_condition_28356               |       and|   0|  0|     2|           1|           1|
    |ap_condition_28359               |       and|   0|  0|     2|           1|           1|
    |ap_condition_28362               |       and|   0|  0|     2|           1|           1|
    |ap_condition_28365               |       and|   0|  0|     2|           1|           1|
    |ap_condition_28368               |       and|   0|  0|     2|           1|           1|
    |ap_condition_28371               |       and|   0|  0|     2|           1|           1|
    |ap_condition_28374               |       and|   0|  0|     2|           1|           1|
    |ap_condition_28377               |       and|   0|  0|     2|           1|           1|
    |ap_condition_28380               |       and|   0|  0|     2|           1|           1|
    |ap_condition_28383               |       and|   0|  0|     2|           1|           1|
    |ap_condition_28386               |       and|   0|  0|     2|           1|           1|
    |ap_condition_28389               |       and|   0|  0|     2|           1|           1|
    |ap_condition_28392               |       and|   0|  0|     2|           1|           1|
    |ap_condition_28395               |       and|   0|  0|     2|           1|           1|
    |ap_condition_28398               |       and|   0|  0|     2|           1|           1|
    |ap_condition_28401               |       and|   0|  0|     2|           1|           1|
    |ap_condition_28404               |       and|   0|  0|     2|           1|           1|
    |ap_condition_28407               |       and|   0|  0|     2|           1|           1|
    |ap_condition_28410               |       and|   0|  0|     2|           1|           1|
    |ap_condition_28715               |       and|   0|  0|     2|           1|           1|
    |ap_condition_28721               |       and|   0|  0|     2|           1|           1|
    |ap_condition_28724               |       and|   0|  0|     2|           1|           1|
    |ap_condition_28727               |       and|   0|  0|     2|           1|           1|
    |ap_condition_28730               |       and|   0|  0|     2|           1|           1|
    |ap_condition_28733               |       and|   0|  0|     2|           1|           1|
    |ap_condition_28736               |       and|   0|  0|     2|           1|           1|
    |ap_condition_28739               |       and|   0|  0|     2|           1|           1|
    |ap_condition_28742               |       and|   0|  0|     2|           1|           1|
    |ap_condition_28745               |       and|   0|  0|     2|           1|           1|
    |ap_condition_28748               |       and|   0|  0|     2|           1|           1|
    |ap_condition_28751               |       and|   0|  0|     2|           1|           1|
    |ap_condition_28754               |       and|   0|  0|     2|           1|           1|
    |ap_condition_28757               |       and|   0|  0|     2|           1|           1|
    |ap_condition_28760               |       and|   0|  0|     2|           1|           1|
    |ap_condition_28763               |       and|   0|  0|     2|           1|           1|
    |ap_condition_28766               |       and|   0|  0|     2|           1|           1|
    |ap_condition_28769               |       and|   0|  0|     2|           1|           1|
    |ap_condition_28772               |       and|   0|  0|     2|           1|           1|
    |ap_condition_28775               |       and|   0|  0|     2|           1|           1|
    |ap_condition_28778               |       and|   0|  0|     2|           1|           1|
    |ap_condition_28781               |       and|   0|  0|     2|           1|           1|
    |ap_condition_28784               |       and|   0|  0|     2|           1|           1|
    |ap_condition_28787               |       and|   0|  0|     2|           1|           1|
    |ap_condition_28790               |       and|   0|  0|     2|           1|           1|
    |ap_condition_28793               |       and|   0|  0|     2|           1|           1|
    |ap_condition_28796               |       and|   0|  0|     2|           1|           1|
    |ap_condition_28799               |       and|   0|  0|     2|           1|           1|
    |ap_condition_28802               |       and|   0|  0|     2|           1|           1|
    |ap_condition_28805               |       and|   0|  0|     2|           1|           1|
    |ap_condition_29110               |       and|   0|  0|     2|           1|           1|
    |ap_condition_29116               |       and|   0|  0|     2|           1|           1|
    |ap_condition_29119               |       and|   0|  0|     2|           1|           1|
    |ap_condition_29122               |       and|   0|  0|     2|           1|           1|
    |ap_condition_29125               |       and|   0|  0|     2|           1|           1|
    |ap_condition_29128               |       and|   0|  0|     2|           1|           1|
    |ap_condition_29131               |       and|   0|  0|     2|           1|           1|
    |ap_condition_29134               |       and|   0|  0|     2|           1|           1|
    |ap_condition_29137               |       and|   0|  0|     2|           1|           1|
    |ap_condition_29140               |       and|   0|  0|     2|           1|           1|
    |ap_condition_29143               |       and|   0|  0|     2|           1|           1|
    |ap_condition_29146               |       and|   0|  0|     2|           1|           1|
    |ap_condition_29149               |       and|   0|  0|     2|           1|           1|
    |ap_condition_29152               |       and|   0|  0|     2|           1|           1|
    |ap_condition_29155               |       and|   0|  0|     2|           1|           1|
    |ap_condition_29158               |       and|   0|  0|     2|           1|           1|
    |ap_condition_29161               |       and|   0|  0|     2|           1|           1|
    |ap_condition_29164               |       and|   0|  0|     2|           1|           1|
    |ap_condition_29167               |       and|   0|  0|     2|           1|           1|
    |ap_condition_29170               |       and|   0|  0|     2|           1|           1|
    |ap_condition_29173               |       and|   0|  0|     2|           1|           1|
    |ap_condition_29176               |       and|   0|  0|     2|           1|           1|
    |ap_condition_29179               |       and|   0|  0|     2|           1|           1|
    |ap_condition_29182               |       and|   0|  0|     2|           1|           1|
    |ap_condition_29185               |       and|   0|  0|     2|           1|           1|
    |ap_condition_29188               |       and|   0|  0|     2|           1|           1|
    |ap_condition_29191               |       and|   0|  0|     2|           1|           1|
    |ap_condition_29194               |       and|   0|  0|     2|           1|           1|
    |ap_condition_29197               |       and|   0|  0|     2|           1|           1|
    |ap_condition_29200               |       and|   0|  0|     2|           1|           1|
    |ap_condition_29505               |       and|   0|  0|     2|           1|           1|
    |ap_condition_29511               |       and|   0|  0|     2|           1|           1|
    |ap_condition_29514               |       and|   0|  0|     2|           1|           1|
    |ap_condition_29517               |       and|   0|  0|     2|           1|           1|
    |ap_condition_29520               |       and|   0|  0|     2|           1|           1|
    |ap_condition_29523               |       and|   0|  0|     2|           1|           1|
    |ap_condition_29526               |       and|   0|  0|     2|           1|           1|
    |ap_condition_29529               |       and|   0|  0|     2|           1|           1|
    |ap_condition_29532               |       and|   0|  0|     2|           1|           1|
    |ap_condition_29535               |       and|   0|  0|     2|           1|           1|
    |ap_condition_29538               |       and|   0|  0|     2|           1|           1|
    |ap_condition_29541               |       and|   0|  0|     2|           1|           1|
    |ap_condition_29544               |       and|   0|  0|     2|           1|           1|
    |ap_condition_29547               |       and|   0|  0|     2|           1|           1|
    |ap_condition_29550               |       and|   0|  0|     2|           1|           1|
    |ap_condition_29553               |       and|   0|  0|     2|           1|           1|
    |ap_condition_29556               |       and|   0|  0|     2|           1|           1|
    |ap_condition_29559               |       and|   0|  0|     2|           1|           1|
    |ap_condition_29562               |       and|   0|  0|     2|           1|           1|
    |ap_condition_29565               |       and|   0|  0|     2|           1|           1|
    |ap_condition_29568               |       and|   0|  0|     2|           1|           1|
    |ap_condition_29571               |       and|   0|  0|     2|           1|           1|
    |ap_condition_29574               |       and|   0|  0|     2|           1|           1|
    |ap_condition_29577               |       and|   0|  0|     2|           1|           1|
    |ap_condition_29580               |       and|   0|  0|     2|           1|           1|
    |ap_condition_29583               |       and|   0|  0|     2|           1|           1|
    |ap_condition_29586               |       and|   0|  0|     2|           1|           1|
    |ap_condition_29589               |       and|   0|  0|     2|           1|           1|
    |ap_condition_29592               |       and|   0|  0|     2|           1|           1|
    |ap_condition_29595               |       and|   0|  0|     2|           1|           1|
    |ap_condition_29900               |       and|   0|  0|     2|           1|           1|
    |ap_condition_29906               |       and|   0|  0|     2|           1|           1|
    |ap_condition_29909               |       and|   0|  0|     2|           1|           1|
    |ap_condition_29912               |       and|   0|  0|     2|           1|           1|
    |ap_condition_29915               |       and|   0|  0|     2|           1|           1|
    |ap_condition_29918               |       and|   0|  0|     2|           1|           1|
    |ap_condition_29921               |       and|   0|  0|     2|           1|           1|
    |ap_condition_29924               |       and|   0|  0|     2|           1|           1|
    |ap_condition_29927               |       and|   0|  0|     2|           1|           1|
    |ap_condition_29930               |       and|   0|  0|     2|           1|           1|
    |ap_condition_29933               |       and|   0|  0|     2|           1|           1|
    |ap_condition_29936               |       and|   0|  0|     2|           1|           1|
    |ap_condition_29939               |       and|   0|  0|     2|           1|           1|
    |ap_condition_29942               |       and|   0|  0|     2|           1|           1|
    |ap_condition_29945               |       and|   0|  0|     2|           1|           1|
    |ap_condition_29948               |       and|   0|  0|     2|           1|           1|
    |ap_condition_29951               |       and|   0|  0|     2|           1|           1|
    |ap_condition_29954               |       and|   0|  0|     2|           1|           1|
    |ap_condition_29957               |       and|   0|  0|     2|           1|           1|
    |ap_condition_29960               |       and|   0|  0|     2|           1|           1|
    |ap_condition_29963               |       and|   0|  0|     2|           1|           1|
    |ap_condition_29966               |       and|   0|  0|     2|           1|           1|
    |ap_condition_29969               |       and|   0|  0|     2|           1|           1|
    |ap_condition_29972               |       and|   0|  0|     2|           1|           1|
    |ap_condition_29975               |       and|   0|  0|     2|           1|           1|
    |ap_condition_29978               |       and|   0|  0|     2|           1|           1|
    |ap_condition_29981               |       and|   0|  0|     2|           1|           1|
    |ap_condition_29984               |       and|   0|  0|     2|           1|           1|
    |ap_condition_29987               |       and|   0|  0|     2|           1|           1|
    |ap_condition_29990               |       and|   0|  0|     2|           1|           1|
    |ap_condition_30295               |       and|   0|  0|     2|           1|           1|
    |ap_condition_30301               |       and|   0|  0|     2|           1|           1|
    |ap_condition_30304               |       and|   0|  0|     2|           1|           1|
    |ap_condition_30307               |       and|   0|  0|     2|           1|           1|
    |ap_condition_30310               |       and|   0|  0|     2|           1|           1|
    |ap_condition_30313               |       and|   0|  0|     2|           1|           1|
    |ap_condition_30316               |       and|   0|  0|     2|           1|           1|
    |ap_condition_30319               |       and|   0|  0|     2|           1|           1|
    |ap_condition_30322               |       and|   0|  0|     2|           1|           1|
    |ap_condition_30325               |       and|   0|  0|     2|           1|           1|
    |ap_condition_30328               |       and|   0|  0|     2|           1|           1|
    |ap_condition_30331               |       and|   0|  0|     2|           1|           1|
    |ap_condition_30334               |       and|   0|  0|     2|           1|           1|
    |ap_condition_30337               |       and|   0|  0|     2|           1|           1|
    |ap_condition_30340               |       and|   0|  0|     2|           1|           1|
    |ap_condition_30343               |       and|   0|  0|     2|           1|           1|
    |ap_condition_30346               |       and|   0|  0|     2|           1|           1|
    |ap_condition_30349               |       and|   0|  0|     2|           1|           1|
    |ap_condition_30352               |       and|   0|  0|     2|           1|           1|
    |ap_condition_30355               |       and|   0|  0|     2|           1|           1|
    |ap_condition_30358               |       and|   0|  0|     2|           1|           1|
    |ap_condition_30361               |       and|   0|  0|     2|           1|           1|
    |ap_condition_30364               |       and|   0|  0|     2|           1|           1|
    |ap_condition_30367               |       and|   0|  0|     2|           1|           1|
    |ap_condition_30370               |       and|   0|  0|     2|           1|           1|
    |ap_condition_30373               |       and|   0|  0|     2|           1|           1|
    |ap_condition_30376               |       and|   0|  0|     2|           1|           1|
    |ap_condition_30379               |       and|   0|  0|     2|           1|           1|
    |ap_condition_30382               |       and|   0|  0|     2|           1|           1|
    |ap_condition_30385               |       and|   0|  0|     2|           1|           1|
    |ap_condition_30690               |       and|   0|  0|     2|           1|           1|
    |ap_condition_30696               |       and|   0|  0|     2|           1|           1|
    |ap_condition_30699               |       and|   0|  0|     2|           1|           1|
    |ap_condition_30702               |       and|   0|  0|     2|           1|           1|
    |ap_condition_30705               |       and|   0|  0|     2|           1|           1|
    |ap_condition_30708               |       and|   0|  0|     2|           1|           1|
    |ap_condition_30711               |       and|   0|  0|     2|           1|           1|
    |ap_condition_30714               |       and|   0|  0|     2|           1|           1|
    |ap_condition_30717               |       and|   0|  0|     2|           1|           1|
    |ap_condition_30720               |       and|   0|  0|     2|           1|           1|
    |ap_condition_30723               |       and|   0|  0|     2|           1|           1|
    |ap_condition_30726               |       and|   0|  0|     2|           1|           1|
    |ap_condition_30729               |       and|   0|  0|     2|           1|           1|
    |ap_condition_30732               |       and|   0|  0|     2|           1|           1|
    |ap_condition_30735               |       and|   0|  0|     2|           1|           1|
    |ap_condition_30738               |       and|   0|  0|     2|           1|           1|
    |ap_condition_30741               |       and|   0|  0|     2|           1|           1|
    |ap_condition_30744               |       and|   0|  0|     2|           1|           1|
    |ap_condition_30747               |       and|   0|  0|     2|           1|           1|
    |ap_condition_30750               |       and|   0|  0|     2|           1|           1|
    |ap_condition_30753               |       and|   0|  0|     2|           1|           1|
    |ap_condition_30756               |       and|   0|  0|     2|           1|           1|
    |ap_condition_30759               |       and|   0|  0|     2|           1|           1|
    |ap_condition_30762               |       and|   0|  0|     2|           1|           1|
    |ap_condition_30765               |       and|   0|  0|     2|           1|           1|
    |ap_condition_30768               |       and|   0|  0|     2|           1|           1|
    |ap_condition_30771               |       and|   0|  0|     2|           1|           1|
    |ap_condition_30774               |       and|   0|  0|     2|           1|           1|
    |ap_condition_30777               |       and|   0|  0|     2|           1|           1|
    |ap_condition_30780               |       and|   0|  0|     2|           1|           1|
    |ap_condition_31083               |       and|   0|  0|     2|           1|           1|
    |ap_condition_31089               |       and|   0|  0|     2|           1|           1|
    |ap_condition_31092               |       and|   0|  0|     2|           1|           1|
    |ap_condition_31095               |       and|   0|  0|     2|           1|           1|
    |ap_condition_31098               |       and|   0|  0|     2|           1|           1|
    |ap_condition_31101               |       and|   0|  0|     2|           1|           1|
    |ap_condition_31104               |       and|   0|  0|     2|           1|           1|
    |ap_condition_31107               |       and|   0|  0|     2|           1|           1|
    |ap_condition_31110               |       and|   0|  0|     2|           1|           1|
    |ap_condition_31113               |       and|   0|  0|     2|           1|           1|
    |ap_condition_31116               |       and|   0|  0|     2|           1|           1|
    |ap_condition_31119               |       and|   0|  0|     2|           1|           1|
    |ap_condition_31122               |       and|   0|  0|     2|           1|           1|
    |ap_condition_31125               |       and|   0|  0|     2|           1|           1|
    |ap_condition_31128               |       and|   0|  0|     2|           1|           1|
    |ap_condition_31131               |       and|   0|  0|     2|           1|           1|
    |ap_condition_31134               |       and|   0|  0|     2|           1|           1|
    |ap_condition_31137               |       and|   0|  0|     2|           1|           1|
    |ap_condition_31140               |       and|   0|  0|     2|           1|           1|
    |ap_condition_31143               |       and|   0|  0|     2|           1|           1|
    |ap_condition_31146               |       and|   0|  0|     2|           1|           1|
    |ap_condition_31149               |       and|   0|  0|     2|           1|           1|
    |ap_condition_31152               |       and|   0|  0|     2|           1|           1|
    |ap_condition_31155               |       and|   0|  0|     2|           1|           1|
    |ap_condition_31158               |       and|   0|  0|     2|           1|           1|
    |ap_condition_31161               |       and|   0|  0|     2|           1|           1|
    |ap_condition_31164               |       and|   0|  0|     2|           1|           1|
    |ap_condition_31167               |       and|   0|  0|     2|           1|           1|
    |ap_condition_31170               |       and|   0|  0|     2|           1|           1|
    |ap_condition_31173               |       and|   0|  0|     2|           1|           1|
    |ap_condition_31992               |       and|   0|  0|     2|           1|           1|
    |ap_condition_32003               |       and|   0|  0|     2|           1|           1|
    |ap_condition_32014               |       and|   0|  0|     2|           1|           1|
    |ap_condition_32025               |       and|   0|  0|     2|           1|           1|
    |ap_condition_32036               |       and|   0|  0|     2|           1|           1|
    |ap_condition_32047               |       and|   0|  0|     2|           1|           1|
    |ap_condition_32058               |       and|   0|  0|     2|           1|           1|
    |ap_condition_32069               |       and|   0|  0|     2|           1|           1|
    |ap_condition_32080               |       and|   0|  0|     2|           1|           1|
    |ap_condition_32091               |       and|   0|  0|     2|           1|           1|
    |ap_condition_32102               |       and|   0|  0|     2|           1|           1|
    |ap_condition_32113               |       and|   0|  0|     2|           1|           1|
    |ap_condition_32124               |       and|   0|  0|     2|           1|           1|
    |ap_condition_32135               |       and|   0|  0|     2|           1|           1|
    |ap_condition_32146               |       and|   0|  0|     2|           1|           1|
    |ap_condition_32157               |       and|   0|  0|     2|           1|           1|
    |ap_condition_32168               |       and|   0|  0|     2|           1|           1|
    |ap_condition_32179               |       and|   0|  0|     2|           1|           1|
    |ap_condition_32190               |       and|   0|  0|     2|           1|           1|
    |ap_condition_32201               |       and|   0|  0|     2|           1|           1|
    |ap_condition_32212               |       and|   0|  0|     2|           1|           1|
    |ap_condition_32223               |       and|   0|  0|     2|           1|           1|
    |ap_condition_32234               |       and|   0|  0|     2|           1|           1|
    |ap_condition_32245               |       and|   0|  0|     2|           1|           1|
    |ap_condition_32256               |       and|   0|  0|     2|           1|           1|
    |ap_condition_32267               |       and|   0|  0|     2|           1|           1|
    |ap_condition_32278               |       and|   0|  0|     2|           1|           1|
    |ap_condition_32289               |       and|   0|  0|     2|           1|           1|
    |ap_condition_32300               |       and|   0|  0|     2|           1|           1|
    |ap_condition_32311               |       and|   0|  0|     2|           1|           1|
    |ap_condition_32322               |       and|   0|  0|     2|           1|           1|
    |ap_condition_53129               |       and|   0|  0|     2|           1|           1|
    |ap_condition_5525                |       and|   0|  0|     2|           1|           1|
    |ap_condition_5531                |       and|   0|  0|     2|           1|           1|
    |ap_condition_5534                |       and|   0|  0|     2|           1|           1|
    |ap_condition_5537                |       and|   0|  0|     2|           1|           1|
    |ap_condition_5540                |       and|   0|  0|     2|           1|           1|
    |ap_condition_5543                |       and|   0|  0|     2|           1|           1|
    |ap_condition_5546                |       and|   0|  0|     2|           1|           1|
    |ap_condition_5549                |       and|   0|  0|     2|           1|           1|
    |ap_condition_5552                |       and|   0|  0|     2|           1|           1|
    |ap_condition_5555                |       and|   0|  0|     2|           1|           1|
    |ap_condition_5558                |       and|   0|  0|     2|           1|           1|
    |ap_condition_5561                |       and|   0|  0|     2|           1|           1|
    |ap_condition_5564                |       and|   0|  0|     2|           1|           1|
    |ap_condition_5567                |       and|   0|  0|     2|           1|           1|
    |ap_condition_5570                |       and|   0|  0|     2|           1|           1|
    |ap_condition_5573                |       and|   0|  0|     2|           1|           1|
    |ap_condition_5576                |       and|   0|  0|     2|           1|           1|
    |ap_condition_5579                |       and|   0|  0|     2|           1|           1|
    |ap_condition_5582                |       and|   0|  0|     2|           1|           1|
    |ap_condition_5585                |       and|   0|  0|     2|           1|           1|
    |ap_condition_5588                |       and|   0|  0|     2|           1|           1|
    |ap_condition_5591                |       and|   0|  0|     2|           1|           1|
    |ap_condition_5594                |       and|   0|  0|     2|           1|           1|
    |ap_condition_5597                |       and|   0|  0|     2|           1|           1|
    |ap_condition_5600                |       and|   0|  0|     2|           1|           1|
    |ap_condition_5603                |       and|   0|  0|     2|           1|           1|
    |ap_condition_5606                |       and|   0|  0|     2|           1|           1|
    |ap_condition_5609                |       and|   0|  0|     2|           1|           1|
    |ap_condition_5612                |       and|   0|  0|     2|           1|           1|
    |ap_condition_5615                |       and|   0|  0|     2|           1|           1|
    |ap_condition_57193               |       and|   0|  0|     2|           1|           1|
    |ap_condition_57208               |       and|   0|  0|     2|           1|           1|
    |ap_condition_57223               |       and|   0|  0|     2|           1|           1|
    |ap_condition_57238               |       and|   0|  0|     2|           1|           1|
    |ap_condition_57253               |       and|   0|  0|     2|           1|           1|
    |ap_condition_57268               |       and|   0|  0|     2|           1|           1|
    |ap_condition_57283               |       and|   0|  0|     2|           1|           1|
    |ap_condition_57298               |       and|   0|  0|     2|           1|           1|
    |ap_condition_57313               |       and|   0|  0|     2|           1|           1|
    |ap_condition_57328               |       and|   0|  0|     2|           1|           1|
    |ap_condition_57343               |       and|   0|  0|     2|           1|           1|
    |ap_condition_57358               |       and|   0|  0|     2|           1|           1|
    |ap_condition_57373               |       and|   0|  0|     2|           1|           1|
    |ap_condition_57388               |       and|   0|  0|     2|           1|           1|
    |ap_condition_57403               |       and|   0|  0|     2|           1|           1|
    |ap_condition_57418               |       and|   0|  0|     2|           1|           1|
    |ap_condition_57433               |       and|   0|  0|     2|           1|           1|
    |ap_condition_57448               |       and|   0|  0|     2|           1|           1|
    |ap_condition_57463               |       and|   0|  0|     2|           1|           1|
    |ap_condition_57478               |       and|   0|  0|     2|           1|           1|
    |ap_condition_57493               |       and|   0|  0|     2|           1|           1|
    |ap_condition_57508               |       and|   0|  0|     2|           1|           1|
    |ap_condition_57523               |       and|   0|  0|     2|           1|           1|
    |ap_condition_57538               |       and|   0|  0|     2|           1|           1|
    |ap_condition_57553               |       and|   0|  0|     2|           1|           1|
    |ap_condition_57568               |       and|   0|  0|     2|           1|           1|
    |ap_condition_57583               |       and|   0|  0|     2|           1|           1|
    |ap_condition_57598               |       and|   0|  0|     2|           1|           1|
    |ap_condition_57613               |       and|   0|  0|     2|           1|           1|
    |ap_condition_57628               |       and|   0|  0|     2|           1|           1|
    |ap_condition_57643               |       and|   0|  0|     2|           1|           1|
    |ap_condition_57657               |       and|   0|  0|     2|           1|           1|
    |ap_condition_57716               |       and|   0|  0|     2|           1|           1|
    |ap_condition_57759               |       and|   0|  0|     2|           1|           1|
    |ap_condition_57802               |       and|   0|  0|     2|           1|           1|
    |ap_condition_58162               |       and|   0|  0|     2|           1|           1|
    |ap_condition_58743               |       and|   0|  0|     2|           1|           1|
    |ap_condition_58748               |       and|   0|  0|     2|           1|           1|
    |ap_condition_58754               |       and|   0|  0|     2|           1|           1|
    |ap_condition_58761               |       and|   0|  0|     2|           1|           1|
    |ap_condition_58769               |       and|   0|  0|     2|           1|           1|
    |ap_condition_58778               |       and|   0|  0|     2|           1|           1|
    |ap_condition_58788               |       and|   0|  0|     2|           1|           1|
    |ap_condition_58799               |       and|   0|  0|     2|           1|           1|
    |ap_condition_58811               |       and|   0|  0|     2|           1|           1|
    |ap_condition_58824               |       and|   0|  0|     2|           1|           1|
    |ap_condition_58838               |       and|   0|  0|     2|           1|           1|
    |ap_condition_58853               |       and|   0|  0|     2|           1|           1|
    |ap_condition_58869               |       and|   0|  0|     2|           1|           1|
    |ap_condition_58886               |       and|   0|  0|     2|           1|           1|
    |ap_condition_58904               |       and|   0|  0|     2|           1|           1|
    |ap_condition_58923               |       and|   0|  0|     2|           1|           1|
    |ap_condition_58943               |       and|   0|  0|     2|           1|           1|
    |ap_condition_58964               |       and|   0|  0|     2|           1|           1|
    |ap_condition_58986               |       and|   0|  0|     2|           1|           1|
    |ap_condition_59009               |       and|   0|  0|     2|           1|           1|
    |ap_condition_59033               |       and|   0|  0|     2|           1|           1|
    |ap_condition_59058               |       and|   0|  0|     2|           1|           1|
    |ap_condition_59084               |       and|   0|  0|     2|           1|           1|
    |ap_condition_59111               |       and|   0|  0|     2|           1|           1|
    |ap_condition_59139               |       and|   0|  0|     2|           1|           1|
    |ap_condition_59168               |       and|   0|  0|     2|           1|           1|
    |ap_condition_5918                |       and|   0|  0|     2|           1|           1|
    |ap_condition_59198               |       and|   0|  0|     2|           1|           1|
    |ap_condition_59229               |       and|   0|  0|     2|           1|           1|
    |ap_condition_5924                |       and|   0|  0|     2|           1|           1|
    |ap_condition_59261               |       and|   0|  0|     2|           1|           1|
    |ap_condition_5927                |       and|   0|  0|     2|           1|           1|
    |ap_condition_59293               |       and|   0|  0|     2|           1|           1|
    |ap_condition_5930                |       and|   0|  0|     2|           1|           1|
    |ap_condition_59327               |       and|   0|  0|     2|           1|           1|
    |ap_condition_5933                |       and|   0|  0|     2|           1|           1|
    |ap_condition_59332               |       and|   0|  0|     2|           1|           1|
    |ap_condition_59337               |       and|   0|  0|     2|           1|           1|
    |ap_condition_59343               |       and|   0|  0|     2|           1|           1|
    |ap_condition_59350               |       and|   0|  0|     2|           1|           1|
    |ap_condition_59358               |       and|   0|  0|     2|           1|           1|
    |ap_condition_5936                |       and|   0|  0|     2|           1|           1|
    |ap_condition_59367               |       and|   0|  0|     2|           1|           1|
    |ap_condition_59377               |       and|   0|  0|     2|           1|           1|
    |ap_condition_59388               |       and|   0|  0|     2|           1|           1|
    |ap_condition_5939                |       and|   0|  0|     2|           1|           1|
    |ap_condition_59400               |       and|   0|  0|     2|           1|           1|
    |ap_condition_59413               |       and|   0|  0|     2|           1|           1|
    |ap_condition_5942                |       and|   0|  0|     2|           1|           1|
    |ap_condition_59427               |       and|   0|  0|     2|           1|           1|
    |ap_condition_59442               |       and|   0|  0|     2|           1|           1|
    |ap_condition_5945                |       and|   0|  0|     2|           1|           1|
    |ap_condition_59458               |       and|   0|  0|     2|           1|           1|
    |ap_condition_59475               |       and|   0|  0|     2|           1|           1|
    |ap_condition_5948                |       and|   0|  0|     2|           1|           1|
    |ap_condition_59493               |       and|   0|  0|     2|           1|           1|
    |ap_condition_5951                |       and|   0|  0|     2|           1|           1|
    |ap_condition_59512               |       and|   0|  0|     2|           1|           1|
    |ap_condition_59532               |       and|   0|  0|     2|           1|           1|
    |ap_condition_5954                |       and|   0|  0|     2|           1|           1|
    |ap_condition_59553               |       and|   0|  0|     2|           1|           1|
    |ap_condition_5957                |       and|   0|  0|     2|           1|           1|
    |ap_condition_59575               |       and|   0|  0|     2|           1|           1|
    |ap_condition_59598               |       and|   0|  0|     2|           1|           1|
    |ap_condition_5960                |       and|   0|  0|     2|           1|           1|
    |ap_condition_59622               |       and|   0|  0|     2|           1|           1|
    |ap_condition_5963                |       and|   0|  0|     2|           1|           1|
    |ap_condition_59647               |       and|   0|  0|     2|           1|           1|
    |ap_condition_5966                |       and|   0|  0|     2|           1|           1|
    |ap_condition_59673               |       and|   0|  0|     2|           1|           1|
    |ap_condition_5969                |       and|   0|  0|     2|           1|           1|
    |ap_condition_59700               |       and|   0|  0|     2|           1|           1|
    |ap_condition_5972                |       and|   0|  0|     2|           1|           1|
    |ap_condition_59728               |       and|   0|  0|     2|           1|           1|
    |ap_condition_5975                |       and|   0|  0|     2|           1|           1|
    |ap_condition_59757               |       and|   0|  0|     2|           1|           1|
    |ap_condition_5978                |       and|   0|  0|     2|           1|           1|
    |ap_condition_59787               |       and|   0|  0|     2|           1|           1|
    |ap_condition_5981                |       and|   0|  0|     2|           1|           1|
    |ap_condition_59818               |       and|   0|  0|     2|           1|           1|
    |ap_condition_5984                |       and|   0|  0|     2|           1|           1|
    |ap_condition_59850               |       and|   0|  0|     2|           1|           1|
    |ap_condition_5987                |       and|   0|  0|     2|           1|           1|
    |ap_condition_5990                |       and|   0|  0|     2|           1|           1|
    |ap_condition_5993                |       and|   0|  0|     2|           1|           1|
    |ap_condition_5996                |       and|   0|  0|     2|           1|           1|
    |ap_condition_5999                |       and|   0|  0|     2|           1|           1|
    |ap_condition_6002                |       and|   0|  0|     2|           1|           1|
    |ap_condition_6005                |       and|   0|  0|     2|           1|           1|
    |ap_condition_6008                |       and|   0|  0|     2|           1|           1|
    |ap_condition_60408               |       and|   0|  0|     2|           1|           1|
    |ap_condition_60413               |       and|   0|  0|     2|           1|           1|
    |ap_condition_60418               |       and|   0|  0|     2|           1|           1|
    |ap_condition_60424               |       and|   0|  0|     2|           1|           1|
    |ap_condition_60431               |       and|   0|  0|     2|           1|           1|
    |ap_condition_60439               |       and|   0|  0|     2|           1|           1|
    |ap_condition_60448               |       and|   0|  0|     2|           1|           1|
    |ap_condition_60458               |       and|   0|  0|     2|           1|           1|
    |ap_condition_60469               |       and|   0|  0|     2|           1|           1|
    |ap_condition_60481               |       and|   0|  0|     2|           1|           1|
    |ap_condition_60494               |       and|   0|  0|     2|           1|           1|
    |ap_condition_60508               |       and|   0|  0|     2|           1|           1|
    |ap_condition_60523               |       and|   0|  0|     2|           1|           1|
    |ap_condition_60539               |       and|   0|  0|     2|           1|           1|
    |ap_condition_60556               |       and|   0|  0|     2|           1|           1|
    |ap_condition_60574               |       and|   0|  0|     2|           1|           1|
    |ap_condition_60593               |       and|   0|  0|     2|           1|           1|
    |ap_condition_60613               |       and|   0|  0|     2|           1|           1|
    |ap_condition_60634               |       and|   0|  0|     2|           1|           1|
    |ap_condition_60656               |       and|   0|  0|     2|           1|           1|
    |ap_condition_60679               |       and|   0|  0|     2|           1|           1|
    |ap_condition_60703               |       and|   0|  0|     2|           1|           1|
    |ap_condition_60728               |       and|   0|  0|     2|           1|           1|
    |ap_condition_60754               |       and|   0|  0|     2|           1|           1|
    |ap_condition_60781               |       and|   0|  0|     2|           1|           1|
    |ap_condition_60809               |       and|   0|  0|     2|           1|           1|
    |ap_condition_60838               |       and|   0|  0|     2|           1|           1|
    |ap_condition_60868               |       and|   0|  0|     2|           1|           1|
    |ap_condition_60899               |       and|   0|  0|     2|           1|           1|
    |ap_condition_60931               |       and|   0|  0|     2|           1|           1|
    |ap_condition_61489               |       and|   0|  0|     2|           1|           1|
    |ap_condition_61494               |       and|   0|  0|     2|           1|           1|
    |ap_condition_61499               |       and|   0|  0|     2|           1|           1|
    |ap_condition_61505               |       and|   0|  0|     2|           1|           1|
    |ap_condition_61512               |       and|   0|  0|     2|           1|           1|
    |ap_condition_61520               |       and|   0|  0|     2|           1|           1|
    |ap_condition_61529               |       and|   0|  0|     2|           1|           1|
    |ap_condition_61539               |       and|   0|  0|     2|           1|           1|
    |ap_condition_61550               |       and|   0|  0|     2|           1|           1|
    |ap_condition_61562               |       and|   0|  0|     2|           1|           1|
    |ap_condition_61575               |       and|   0|  0|     2|           1|           1|
    |ap_condition_61589               |       and|   0|  0|     2|           1|           1|
    |ap_condition_61604               |       and|   0|  0|     2|           1|           1|
    |ap_condition_61620               |       and|   0|  0|     2|           1|           1|
    |ap_condition_61637               |       and|   0|  0|     2|           1|           1|
    |ap_condition_61655               |       and|   0|  0|     2|           1|           1|
    |ap_condition_61674               |       and|   0|  0|     2|           1|           1|
    |ap_condition_61694               |       and|   0|  0|     2|           1|           1|
    |ap_condition_61715               |       and|   0|  0|     2|           1|           1|
    |ap_condition_61737               |       and|   0|  0|     2|           1|           1|
    |ap_condition_61760               |       and|   0|  0|     2|           1|           1|
    |ap_condition_61784               |       and|   0|  0|     2|           1|           1|
    |ap_condition_61809               |       and|   0|  0|     2|           1|           1|
    |ap_condition_61835               |       and|   0|  0|     2|           1|           1|
    |ap_condition_61862               |       and|   0|  0|     2|           1|           1|
    |ap_condition_61890               |       and|   0|  0|     2|           1|           1|
    |ap_condition_61919               |       and|   0|  0|     2|           1|           1|
    |ap_condition_61949               |       and|   0|  0|     2|           1|           1|
    |ap_condition_61980               |       and|   0|  0|     2|           1|           1|
    |ap_condition_62012               |       and|   0|  0|     2|           1|           1|
    |ap_condition_62570               |       and|   0|  0|     2|           1|           1|
    |ap_condition_62575               |       and|   0|  0|     2|           1|           1|
    |ap_condition_62580               |       and|   0|  0|     2|           1|           1|
    |ap_condition_62586               |       and|   0|  0|     2|           1|           1|
    |ap_condition_62593               |       and|   0|  0|     2|           1|           1|
    |ap_condition_62601               |       and|   0|  0|     2|           1|           1|
    |ap_condition_62610               |       and|   0|  0|     2|           1|           1|
    |ap_condition_62620               |       and|   0|  0|     2|           1|           1|
    |ap_condition_62631               |       and|   0|  0|     2|           1|           1|
    |ap_condition_62643               |       and|   0|  0|     2|           1|           1|
    |ap_condition_62656               |       and|   0|  0|     2|           1|           1|
    |ap_condition_62670               |       and|   0|  0|     2|           1|           1|
    |ap_condition_62685               |       and|   0|  0|     2|           1|           1|
    |ap_condition_62701               |       and|   0|  0|     2|           1|           1|
    |ap_condition_62718               |       and|   0|  0|     2|           1|           1|
    |ap_condition_62736               |       and|   0|  0|     2|           1|           1|
    |ap_condition_62755               |       and|   0|  0|     2|           1|           1|
    |ap_condition_62775               |       and|   0|  0|     2|           1|           1|
    |ap_condition_62796               |       and|   0|  0|     2|           1|           1|
    |ap_condition_62818               |       and|   0|  0|     2|           1|           1|
    |ap_condition_62841               |       and|   0|  0|     2|           1|           1|
    |ap_condition_62865               |       and|   0|  0|     2|           1|           1|
    |ap_condition_62890               |       and|   0|  0|     2|           1|           1|
    |ap_condition_62916               |       and|   0|  0|     2|           1|           1|
    |ap_condition_62943               |       and|   0|  0|     2|           1|           1|
    |ap_condition_62971               |       and|   0|  0|     2|           1|           1|
    |ap_condition_63000               |       and|   0|  0|     2|           1|           1|
    |ap_condition_63030               |       and|   0|  0|     2|           1|           1|
    |ap_condition_63061               |       and|   0|  0|     2|           1|           1|
    |ap_condition_63093               |       and|   0|  0|     2|           1|           1|
    |ap_condition_6311                |       and|   0|  0|     2|           1|           1|
    |ap_condition_6317                |       and|   0|  0|     2|           1|           1|
    |ap_condition_6320                |       and|   0|  0|     2|           1|           1|
    |ap_condition_6323                |       and|   0|  0|     2|           1|           1|
    |ap_condition_6326                |       and|   0|  0|     2|           1|           1|
    |ap_condition_6329                |       and|   0|  0|     2|           1|           1|
    |ap_condition_6332                |       and|   0|  0|     2|           1|           1|
    |ap_condition_6335                |       and|   0|  0|     2|           1|           1|
    |ap_condition_6338                |       and|   0|  0|     2|           1|           1|
    |ap_condition_6341                |       and|   0|  0|     2|           1|           1|
    |ap_condition_6344                |       and|   0|  0|     2|           1|           1|
    |ap_condition_6347                |       and|   0|  0|     2|           1|           1|
    |ap_condition_6350                |       and|   0|  0|     2|           1|           1|
    |ap_condition_6353                |       and|   0|  0|     2|           1|           1|
    |ap_condition_6356                |       and|   0|  0|     2|           1|           1|
    |ap_condition_6359                |       and|   0|  0|     2|           1|           1|
    |ap_condition_6362                |       and|   0|  0|     2|           1|           1|
    |ap_condition_6365                |       and|   0|  0|     2|           1|           1|
    |ap_condition_63651               |       and|   0|  0|     2|           1|           1|
    |ap_condition_63656               |       and|   0|  0|     2|           1|           1|
    |ap_condition_63661               |       and|   0|  0|     2|           1|           1|
    |ap_condition_63667               |       and|   0|  0|     2|           1|           1|
    |ap_condition_63674               |       and|   0|  0|     2|           1|           1|
    |ap_condition_6368                |       and|   0|  0|     2|           1|           1|
    |ap_condition_63682               |       and|   0|  0|     2|           1|           1|
    |ap_condition_63691               |       and|   0|  0|     2|           1|           1|
    |ap_condition_63701               |       and|   0|  0|     2|           1|           1|
    |ap_condition_6371                |       and|   0|  0|     2|           1|           1|
    |ap_condition_63712               |       and|   0|  0|     2|           1|           1|
    |ap_condition_63724               |       and|   0|  0|     2|           1|           1|
    |ap_condition_63737               |       and|   0|  0|     2|           1|           1|
    |ap_condition_6374                |       and|   0|  0|     2|           1|           1|
    |ap_condition_63751               |       and|   0|  0|     2|           1|           1|
    |ap_condition_63766               |       and|   0|  0|     2|           1|           1|
    |ap_condition_6377                |       and|   0|  0|     2|           1|           1|
    |ap_condition_63782               |       and|   0|  0|     2|           1|           1|
    |ap_condition_63799               |       and|   0|  0|     2|           1|           1|
    |ap_condition_6380                |       and|   0|  0|     2|           1|           1|
    |ap_condition_63817               |       and|   0|  0|     2|           1|           1|
    |ap_condition_6383                |       and|   0|  0|     2|           1|           1|
    |ap_condition_63836               |       and|   0|  0|     2|           1|           1|
    |ap_condition_63856               |       and|   0|  0|     2|           1|           1|
    |ap_condition_6386                |       and|   0|  0|     2|           1|           1|
    |ap_condition_63877               |       and|   0|  0|     2|           1|           1|
    |ap_condition_6389                |       and|   0|  0|     2|           1|           1|
    |ap_condition_63899               |       and|   0|  0|     2|           1|           1|
    |ap_condition_6392                |       and|   0|  0|     2|           1|           1|
    |ap_condition_63922               |       and|   0|  0|     2|           1|           1|
    |ap_condition_63946               |       and|   0|  0|     2|           1|           1|
    |ap_condition_6395                |       and|   0|  0|     2|           1|           1|
    |ap_condition_63971               |       and|   0|  0|     2|           1|           1|
    |ap_condition_6398                |       and|   0|  0|     2|           1|           1|
    |ap_condition_63997               |       and|   0|  0|     2|           1|           1|
    |ap_condition_6401                |       and|   0|  0|     2|           1|           1|
    |ap_condition_64024               |       and|   0|  0|     2|           1|           1|
    |ap_condition_64052               |       and|   0|  0|     2|           1|           1|
    |ap_condition_64081               |       and|   0|  0|     2|           1|           1|
    |ap_condition_64111               |       and|   0|  0|     2|           1|           1|
    |ap_condition_64142               |       and|   0|  0|     2|           1|           1|
    |ap_condition_64174               |       and|   0|  0|     2|           1|           1|
    |ap_condition_64732               |       and|   0|  0|     2|           1|           1|
    |ap_condition_64737               |       and|   0|  0|     2|           1|           1|
    |ap_condition_64742               |       and|   0|  0|     2|           1|           1|
    |ap_condition_64748               |       and|   0|  0|     2|           1|           1|
    |ap_condition_64755               |       and|   0|  0|     2|           1|           1|
    |ap_condition_64763               |       and|   0|  0|     2|           1|           1|
    |ap_condition_64772               |       and|   0|  0|     2|           1|           1|
    |ap_condition_64782               |       and|   0|  0|     2|           1|           1|
    |ap_condition_64793               |       and|   0|  0|     2|           1|           1|
    |ap_condition_64805               |       and|   0|  0|     2|           1|           1|
    |ap_condition_64818               |       and|   0|  0|     2|           1|           1|
    |ap_condition_64832               |       and|   0|  0|     2|           1|           1|
    |ap_condition_64847               |       and|   0|  0|     2|           1|           1|
    |ap_condition_64863               |       and|   0|  0|     2|           1|           1|
    |ap_condition_64880               |       and|   0|  0|     2|           1|           1|
    |ap_condition_64898               |       and|   0|  0|     2|           1|           1|
    |ap_condition_64917               |       and|   0|  0|     2|           1|           1|
    |ap_condition_64937               |       and|   0|  0|     2|           1|           1|
    |ap_condition_64958               |       and|   0|  0|     2|           1|           1|
    |ap_condition_64980               |       and|   0|  0|     2|           1|           1|
    |ap_condition_65003               |       and|   0|  0|     2|           1|           1|
    |ap_condition_65027               |       and|   0|  0|     2|           1|           1|
    |ap_condition_65052               |       and|   0|  0|     2|           1|           1|
    |ap_condition_65078               |       and|   0|  0|     2|           1|           1|
    |ap_condition_65105               |       and|   0|  0|     2|           1|           1|
    |ap_condition_65133               |       and|   0|  0|     2|           1|           1|
    |ap_condition_65162               |       and|   0|  0|     2|           1|           1|
    |ap_condition_65192               |       and|   0|  0|     2|           1|           1|
    |ap_condition_65223               |       and|   0|  0|     2|           1|           1|
    |ap_condition_65255               |       and|   0|  0|     2|           1|           1|
    |ap_condition_65289               |       and|   0|  0|     2|           1|           1|
    |ap_condition_65294               |       and|   0|  0|     2|           1|           1|
    |ap_condition_65299               |       and|   0|  0|     2|           1|           1|
    |ap_condition_65305               |       and|   0|  0|     2|           1|           1|
    |ap_condition_65312               |       and|   0|  0|     2|           1|           1|
    |ap_condition_65320               |       and|   0|  0|     2|           1|           1|
    |ap_condition_65329               |       and|   0|  0|     2|           1|           1|
    |ap_condition_65339               |       and|   0|  0|     2|           1|           1|
    |ap_condition_65350               |       and|   0|  0|     2|           1|           1|
    |ap_condition_65362               |       and|   0|  0|     2|           1|           1|
    |ap_condition_65375               |       and|   0|  0|     2|           1|           1|
    |ap_condition_65389               |       and|   0|  0|     2|           1|           1|
    |ap_condition_65404               |       and|   0|  0|     2|           1|           1|
    |ap_condition_65420               |       and|   0|  0|     2|           1|           1|
    |ap_condition_65437               |       and|   0|  0|     2|           1|           1|
    |ap_condition_65455               |       and|   0|  0|     2|           1|           1|
    |ap_condition_65474               |       and|   0|  0|     2|           1|           1|
    |ap_condition_65494               |       and|   0|  0|     2|           1|           1|
    |ap_condition_65515               |       and|   0|  0|     2|           1|           1|
    |ap_condition_65537               |       and|   0|  0|     2|           1|           1|
    |ap_condition_65560               |       and|   0|  0|     2|           1|           1|
    |ap_condition_65584               |       and|   0|  0|     2|           1|           1|
    |ap_condition_65609               |       and|   0|  0|     2|           1|           1|
    |ap_condition_65635               |       and|   0|  0|     2|           1|           1|
    |ap_condition_65662               |       and|   0|  0|     2|           1|           1|
    |ap_condition_65690               |       and|   0|  0|     2|           1|           1|
    |ap_condition_65719               |       and|   0|  0|     2|           1|           1|
    |ap_condition_65749               |       and|   0|  0|     2|           1|           1|
    |ap_condition_65780               |       and|   0|  0|     2|           1|           1|
    |ap_condition_65812               |       and|   0|  0|     2|           1|           1|
    |ap_condition_66370               |       and|   0|  0|     2|           1|           1|
    |ap_condition_66375               |       and|   0|  0|     2|           1|           1|
    |ap_condition_66380               |       and|   0|  0|     2|           1|           1|
    |ap_condition_66386               |       and|   0|  0|     2|           1|           1|
    |ap_condition_66393               |       and|   0|  0|     2|           1|           1|
    |ap_condition_66401               |       and|   0|  0|     2|           1|           1|
    |ap_condition_66410               |       and|   0|  0|     2|           1|           1|
    |ap_condition_66420               |       and|   0|  0|     2|           1|           1|
    |ap_condition_66431               |       and|   0|  0|     2|           1|           1|
    |ap_condition_66443               |       and|   0|  0|     2|           1|           1|
    |ap_condition_66456               |       and|   0|  0|     2|           1|           1|
    |ap_condition_66470               |       and|   0|  0|     2|           1|           1|
    |ap_condition_66485               |       and|   0|  0|     2|           1|           1|
    |ap_condition_66501               |       and|   0|  0|     2|           1|           1|
    |ap_condition_66518               |       and|   0|  0|     2|           1|           1|
    |ap_condition_66536               |       and|   0|  0|     2|           1|           1|
    |ap_condition_66555               |       and|   0|  0|     2|           1|           1|
    |ap_condition_66575               |       and|   0|  0|     2|           1|           1|
    |ap_condition_66596               |       and|   0|  0|     2|           1|           1|
    |ap_condition_66618               |       and|   0|  0|     2|           1|           1|
    |ap_condition_66641               |       and|   0|  0|     2|           1|           1|
    |ap_condition_66665               |       and|   0|  0|     2|           1|           1|
    |ap_condition_66690               |       and|   0|  0|     2|           1|           1|
    |ap_condition_66716               |       and|   0|  0|     2|           1|           1|
    |ap_condition_66743               |       and|   0|  0|     2|           1|           1|
    |ap_condition_66771               |       and|   0|  0|     2|           1|           1|
    |ap_condition_66800               |       and|   0|  0|     2|           1|           1|
    |ap_condition_66830               |       and|   0|  0|     2|           1|           1|
    |ap_condition_66861               |       and|   0|  0|     2|           1|           1|
    |ap_condition_66893               |       and|   0|  0|     2|           1|           1|
    |ap_condition_6704                |       and|   0|  0|     2|           1|           1|
    |ap_condition_6710                |       and|   0|  0|     2|           1|           1|
    |ap_condition_6713                |       and|   0|  0|     2|           1|           1|
    |ap_condition_6716                |       and|   0|  0|     2|           1|           1|
    |ap_condition_6719                |       and|   0|  0|     2|           1|           1|
    |ap_condition_6722                |       and|   0|  0|     2|           1|           1|
    |ap_condition_6725                |       and|   0|  0|     2|           1|           1|
    |ap_condition_6728                |       and|   0|  0|     2|           1|           1|
    |ap_condition_6731                |       and|   0|  0|     2|           1|           1|
    |ap_condition_6734                |       and|   0|  0|     2|           1|           1|
    |ap_condition_6737                |       and|   0|  0|     2|           1|           1|
    |ap_condition_6740                |       and|   0|  0|     2|           1|           1|
    |ap_condition_6743                |       and|   0|  0|     2|           1|           1|
    |ap_condition_67451               |       and|   0|  0|     2|           1|           1|
    |ap_condition_67456               |       and|   0|  0|     2|           1|           1|
    |ap_condition_6746                |       and|   0|  0|     2|           1|           1|
    |ap_condition_67461               |       and|   0|  0|     2|           1|           1|
    |ap_condition_67467               |       and|   0|  0|     2|           1|           1|
    |ap_condition_67474               |       and|   0|  0|     2|           1|           1|
    |ap_condition_67482               |       and|   0|  0|     2|           1|           1|
    |ap_condition_6749                |       and|   0|  0|     2|           1|           1|
    |ap_condition_67491               |       and|   0|  0|     2|           1|           1|
    |ap_condition_67501               |       and|   0|  0|     2|           1|           1|
    |ap_condition_67512               |       and|   0|  0|     2|           1|           1|
    |ap_condition_6752                |       and|   0|  0|     2|           1|           1|
    |ap_condition_67524               |       and|   0|  0|     2|           1|           1|
    |ap_condition_67537               |       and|   0|  0|     2|           1|           1|
    |ap_condition_6755                |       and|   0|  0|     2|           1|           1|
    |ap_condition_67551               |       and|   0|  0|     2|           1|           1|
    |ap_condition_67566               |       and|   0|  0|     2|           1|           1|
    |ap_condition_6758                |       and|   0|  0|     2|           1|           1|
    |ap_condition_67582               |       and|   0|  0|     2|           1|           1|
    |ap_condition_67599               |       and|   0|  0|     2|           1|           1|
    |ap_condition_6761                |       and|   0|  0|     2|           1|           1|
    |ap_condition_67617               |       and|   0|  0|     2|           1|           1|
    |ap_condition_67636               |       and|   0|  0|     2|           1|           1|
    |ap_condition_6764                |       and|   0|  0|     2|           1|           1|
    |ap_condition_67656               |       and|   0|  0|     2|           1|           1|
    |ap_condition_6767                |       and|   0|  0|     2|           1|           1|
    |ap_condition_67677               |       and|   0|  0|     2|           1|           1|
    |ap_condition_67699               |       and|   0|  0|     2|           1|           1|
    |ap_condition_6770                |       and|   0|  0|     2|           1|           1|
    |ap_condition_67722               |       and|   0|  0|     2|           1|           1|
    |ap_condition_6773                |       and|   0|  0|     2|           1|           1|
    |ap_condition_67746               |       and|   0|  0|     2|           1|           1|
    |ap_condition_6776                |       and|   0|  0|     2|           1|           1|
    |ap_condition_67771               |       and|   0|  0|     2|           1|           1|
    |ap_condition_6779                |       and|   0|  0|     2|           1|           1|
    |ap_condition_67797               |       and|   0|  0|     2|           1|           1|
    |ap_condition_6782                |       and|   0|  0|     2|           1|           1|
    |ap_condition_67824               |       and|   0|  0|     2|           1|           1|
    |ap_condition_6785                |       and|   0|  0|     2|           1|           1|
    |ap_condition_67852               |       and|   0|  0|     2|           1|           1|
    |ap_condition_6788                |       and|   0|  0|     2|           1|           1|
    |ap_condition_67881               |       and|   0|  0|     2|           1|           1|
    |ap_condition_6791                |       and|   0|  0|     2|           1|           1|
    |ap_condition_67911               |       and|   0|  0|     2|           1|           1|
    |ap_condition_6794                |       and|   0|  0|     2|           1|           1|
    |ap_condition_67942               |       and|   0|  0|     2|           1|           1|
    |ap_condition_67974               |       and|   0|  0|     2|           1|           1|
    |ap_condition_68532               |       and|   0|  0|     2|           1|           1|
    |ap_condition_68537               |       and|   0|  0|     2|           1|           1|
    |ap_condition_68542               |       and|   0|  0|     2|           1|           1|
    |ap_condition_68548               |       and|   0|  0|     2|           1|           1|
    |ap_condition_68555               |       and|   0|  0|     2|           1|           1|
    |ap_condition_68563               |       and|   0|  0|     2|           1|           1|
    |ap_condition_68572               |       and|   0|  0|     2|           1|           1|
    |ap_condition_68582               |       and|   0|  0|     2|           1|           1|
    |ap_condition_68593               |       and|   0|  0|     2|           1|           1|
    |ap_condition_68605               |       and|   0|  0|     2|           1|           1|
    |ap_condition_68618               |       and|   0|  0|     2|           1|           1|
    |ap_condition_68632               |       and|   0|  0|     2|           1|           1|
    |ap_condition_68647               |       and|   0|  0|     2|           1|           1|
    |ap_condition_68663               |       and|   0|  0|     2|           1|           1|
    |ap_condition_68680               |       and|   0|  0|     2|           1|           1|
    |ap_condition_68698               |       and|   0|  0|     2|           1|           1|
    |ap_condition_68717               |       and|   0|  0|     2|           1|           1|
    |ap_condition_68737               |       and|   0|  0|     2|           1|           1|
    |ap_condition_68758               |       and|   0|  0|     2|           1|           1|
    |ap_condition_68780               |       and|   0|  0|     2|           1|           1|
    |ap_condition_68803               |       and|   0|  0|     2|           1|           1|
    |ap_condition_68827               |       and|   0|  0|     2|           1|           1|
    |ap_condition_68852               |       and|   0|  0|     2|           1|           1|
    |ap_condition_68878               |       and|   0|  0|     2|           1|           1|
    |ap_condition_68905               |       and|   0|  0|     2|           1|           1|
    |ap_condition_68933               |       and|   0|  0|     2|           1|           1|
    |ap_condition_68962               |       and|   0|  0|     2|           1|           1|
    |ap_condition_68992               |       and|   0|  0|     2|           1|           1|
    |ap_condition_69023               |       and|   0|  0|     2|           1|           1|
    |ap_condition_69055               |       and|   0|  0|     2|           1|           1|
    |ap_condition_69613               |       and|   0|  0|     2|           1|           1|
    |ap_condition_69618               |       and|   0|  0|     2|           1|           1|
    |ap_condition_69623               |       and|   0|  0|     2|           1|           1|
    |ap_condition_69629               |       and|   0|  0|     2|           1|           1|
    |ap_condition_69636               |       and|   0|  0|     2|           1|           1|
    |ap_condition_69644               |       and|   0|  0|     2|           1|           1|
    |ap_condition_69653               |       and|   0|  0|     2|           1|           1|
    |ap_condition_69663               |       and|   0|  0|     2|           1|           1|
    |ap_condition_69674               |       and|   0|  0|     2|           1|           1|
    |ap_condition_69686               |       and|   0|  0|     2|           1|           1|
    |ap_condition_69699               |       and|   0|  0|     2|           1|           1|
    |ap_condition_69713               |       and|   0|  0|     2|           1|           1|
    |ap_condition_69728               |       and|   0|  0|     2|           1|           1|
    |ap_condition_69744               |       and|   0|  0|     2|           1|           1|
    |ap_condition_69761               |       and|   0|  0|     2|           1|           1|
    |ap_condition_69779               |       and|   0|  0|     2|           1|           1|
    |ap_condition_69798               |       and|   0|  0|     2|           1|           1|
    |ap_condition_69818               |       and|   0|  0|     2|           1|           1|
    |ap_condition_69839               |       and|   0|  0|     2|           1|           1|
    |ap_condition_69861               |       and|   0|  0|     2|           1|           1|
    |ap_condition_69884               |       and|   0|  0|     2|           1|           1|
    |ap_condition_69908               |       and|   0|  0|     2|           1|           1|
    |ap_condition_69933               |       and|   0|  0|     2|           1|           1|
    |ap_condition_69959               |       and|   0|  0|     2|           1|           1|
    |ap_condition_69986               |       and|   0|  0|     2|           1|           1|
    |ap_condition_70014               |       and|   0|  0|     2|           1|           1|
    |ap_condition_70043               |       and|   0|  0|     2|           1|           1|
    |ap_condition_70073               |       and|   0|  0|     2|           1|           1|
    |ap_condition_70104               |       and|   0|  0|     2|           1|           1|
    |ap_condition_70136               |       and|   0|  0|     2|           1|           1|
    |ap_condition_7097                |       and|   0|  0|     2|           1|           1|
    |ap_condition_7103                |       and|   0|  0|     2|           1|           1|
    |ap_condition_7106                |       and|   0|  0|     2|           1|           1|
    |ap_condition_7109                |       and|   0|  0|     2|           1|           1|
    |ap_condition_7112                |       and|   0|  0|     2|           1|           1|
    |ap_condition_7115                |       and|   0|  0|     2|           1|           1|
    |ap_condition_7118                |       and|   0|  0|     2|           1|           1|
    |ap_condition_7121                |       and|   0|  0|     2|           1|           1|
    |ap_condition_71218               |       and|   0|  0|     2|           1|           1|
    |ap_condition_71223               |       and|   0|  0|     2|           1|           1|
    |ap_condition_71228               |       and|   0|  0|     2|           1|           1|
    |ap_condition_71234               |       and|   0|  0|     2|           1|           1|
    |ap_condition_7124                |       and|   0|  0|     2|           1|           1|
    |ap_condition_71241               |       and|   0|  0|     2|           1|           1|
    |ap_condition_71249               |       and|   0|  0|     2|           1|           1|
    |ap_condition_71258               |       and|   0|  0|     2|           1|           1|
    |ap_condition_71268               |       and|   0|  0|     2|           1|           1|
    |ap_condition_7127                |       and|   0|  0|     2|           1|           1|
    |ap_condition_71279               |       and|   0|  0|     2|           1|           1|
    |ap_condition_71291               |       and|   0|  0|     2|           1|           1|
    |ap_condition_7130                |       and|   0|  0|     2|           1|           1|
    |ap_condition_71304               |       and|   0|  0|     2|           1|           1|
    |ap_condition_71318               |       and|   0|  0|     2|           1|           1|
    |ap_condition_7133                |       and|   0|  0|     2|           1|           1|
    |ap_condition_71333               |       and|   0|  0|     2|           1|           1|
    |ap_condition_71349               |       and|   0|  0|     2|           1|           1|
    |ap_condition_7136                |       and|   0|  0|     2|           1|           1|
    |ap_condition_71366               |       and|   0|  0|     2|           1|           1|
    |ap_condition_71384               |       and|   0|  0|     2|           1|           1|
    |ap_condition_7139                |       and|   0|  0|     2|           1|           1|
    |ap_condition_71403               |       and|   0|  0|     2|           1|           1|
    |ap_condition_7142                |       and|   0|  0|     2|           1|           1|
    |ap_condition_71423               |       and|   0|  0|     2|           1|           1|
    |ap_condition_71444               |       and|   0|  0|     2|           1|           1|
    |ap_condition_7145                |       and|   0|  0|     2|           1|           1|
    |ap_condition_71466               |       and|   0|  0|     2|           1|           1|
    |ap_condition_7148                |       and|   0|  0|     2|           1|           1|
    |ap_condition_71489               |       and|   0|  0|     2|           1|           1|
    |ap_condition_7151                |       and|   0|  0|     2|           1|           1|
    |ap_condition_71513               |       and|   0|  0|     2|           1|           1|
    |ap_condition_71538               |       and|   0|  0|     2|           1|           1|
    |ap_condition_7154                |       and|   0|  0|     2|           1|           1|
    |ap_condition_71564               |       and|   0|  0|     2|           1|           1|
    |ap_condition_7157                |       and|   0|  0|     2|           1|           1|
    |ap_condition_71591               |       and|   0|  0|     2|           1|           1|
    |ap_condition_7160                |       and|   0|  0|     2|           1|           1|
    |ap_condition_71619               |       and|   0|  0|     2|           1|           1|
    |ap_condition_7163                |       and|   0|  0|     2|           1|           1|
    |ap_condition_71648               |       and|   0|  0|     2|           1|           1|
    |ap_condition_7166                |       and|   0|  0|     2|           1|           1|
    |ap_condition_71678               |       and|   0|  0|     2|           1|           1|
    |ap_condition_7169                |       and|   0|  0|     2|           1|           1|
    |ap_condition_71709               |       and|   0|  0|     2|           1|           1|
    |ap_condition_7172                |       and|   0|  0|     2|           1|           1|
    |ap_condition_71741               |       and|   0|  0|     2|           1|           1|
    |ap_condition_7175                |       and|   0|  0|     2|           1|           1|
    |ap_condition_7178                |       and|   0|  0|     2|           1|           1|
    |ap_condition_7181                |       and|   0|  0|     2|           1|           1|
    |ap_condition_7184                |       and|   0|  0|     2|           1|           1|
    |ap_condition_7187                |       and|   0|  0|     2|           1|           1|
    |ap_condition_72299               |       and|   0|  0|     2|           1|           1|
    |ap_condition_72304               |       and|   0|  0|     2|           1|           1|
    |ap_condition_72309               |       and|   0|  0|     2|           1|           1|
    |ap_condition_72315               |       and|   0|  0|     2|           1|           1|
    |ap_condition_72322               |       and|   0|  0|     2|           1|           1|
    |ap_condition_72330               |       and|   0|  0|     2|           1|           1|
    |ap_condition_72339               |       and|   0|  0|     2|           1|           1|
    |ap_condition_72349               |       and|   0|  0|     2|           1|           1|
    |ap_condition_72360               |       and|   0|  0|     2|           1|           1|
    |ap_condition_72372               |       and|   0|  0|     2|           1|           1|
    |ap_condition_72385               |       and|   0|  0|     2|           1|           1|
    |ap_condition_72399               |       and|   0|  0|     2|           1|           1|
    |ap_condition_72414               |       and|   0|  0|     2|           1|           1|
    |ap_condition_72430               |       and|   0|  0|     2|           1|           1|
    |ap_condition_72447               |       and|   0|  0|     2|           1|           1|
    |ap_condition_72465               |       and|   0|  0|     2|           1|           1|
    |ap_condition_72484               |       and|   0|  0|     2|           1|           1|
    |ap_condition_72504               |       and|   0|  0|     2|           1|           1|
    |ap_condition_72525               |       and|   0|  0|     2|           1|           1|
    |ap_condition_72547               |       and|   0|  0|     2|           1|           1|
    |ap_condition_72570               |       and|   0|  0|     2|           1|           1|
    |ap_condition_72594               |       and|   0|  0|     2|           1|           1|
    |ap_condition_72619               |       and|   0|  0|     2|           1|           1|
    |ap_condition_72645               |       and|   0|  0|     2|           1|           1|
    |ap_condition_72672               |       and|   0|  0|     2|           1|           1|
    |ap_condition_72700               |       and|   0|  0|     2|           1|           1|
    |ap_condition_72729               |       and|   0|  0|     2|           1|           1|
    |ap_condition_72759               |       and|   0|  0|     2|           1|           1|
    |ap_condition_72790               |       and|   0|  0|     2|           1|           1|
    |ap_condition_72822               |       and|   0|  0|     2|           1|           1|
    |ap_condition_73380               |       and|   0|  0|     2|           1|           1|
    |ap_condition_73385               |       and|   0|  0|     2|           1|           1|
    |ap_condition_73390               |       and|   0|  0|     2|           1|           1|
    |ap_condition_73396               |       and|   0|  0|     2|           1|           1|
    |ap_condition_73403               |       and|   0|  0|     2|           1|           1|
    |ap_condition_73411               |       and|   0|  0|     2|           1|           1|
    |ap_condition_73420               |       and|   0|  0|     2|           1|           1|
    |ap_condition_73430               |       and|   0|  0|     2|           1|           1|
    |ap_condition_73441               |       and|   0|  0|     2|           1|           1|
    |ap_condition_73453               |       and|   0|  0|     2|           1|           1|
    |ap_condition_73466               |       and|   0|  0|     2|           1|           1|
    |ap_condition_73480               |       and|   0|  0|     2|           1|           1|
    |ap_condition_73495               |       and|   0|  0|     2|           1|           1|
    |ap_condition_73511               |       and|   0|  0|     2|           1|           1|
    |ap_condition_73528               |       and|   0|  0|     2|           1|           1|
    |ap_condition_73546               |       and|   0|  0|     2|           1|           1|
    |ap_condition_73565               |       and|   0|  0|     2|           1|           1|
    |ap_condition_73585               |       and|   0|  0|     2|           1|           1|
    |ap_condition_73606               |       and|   0|  0|     2|           1|           1|
    |ap_condition_73628               |       and|   0|  0|     2|           1|           1|
    |ap_condition_73651               |       and|   0|  0|     2|           1|           1|
    |ap_condition_73675               |       and|   0|  0|     2|           1|           1|
    |ap_condition_73700               |       and|   0|  0|     2|           1|           1|
    |ap_condition_73726               |       and|   0|  0|     2|           1|           1|
    |ap_condition_73753               |       and|   0|  0|     2|           1|           1|
    |ap_condition_73781               |       and|   0|  0|     2|           1|           1|
    |ap_condition_73810               |       and|   0|  0|     2|           1|           1|
    |ap_condition_73840               |       and|   0|  0|     2|           1|           1|
    |ap_condition_73871               |       and|   0|  0|     2|           1|           1|
    |ap_condition_73903               |       and|   0|  0|     2|           1|           1|
    |ap_condition_74461               |       and|   0|  0|     2|           1|           1|
    |ap_condition_74466               |       and|   0|  0|     2|           1|           1|
    |ap_condition_74471               |       and|   0|  0|     2|           1|           1|
    |ap_condition_74477               |       and|   0|  0|     2|           1|           1|
    |ap_condition_74484               |       and|   0|  0|     2|           1|           1|
    |ap_condition_74492               |       and|   0|  0|     2|           1|           1|
    |ap_condition_74501               |       and|   0|  0|     2|           1|           1|
    |ap_condition_74511               |       and|   0|  0|     2|           1|           1|
    |ap_condition_74522               |       and|   0|  0|     2|           1|           1|
    |ap_condition_74534               |       and|   0|  0|     2|           1|           1|
    |ap_condition_74547               |       and|   0|  0|     2|           1|           1|
    |ap_condition_74561               |       and|   0|  0|     2|           1|           1|
    |ap_condition_74576               |       and|   0|  0|     2|           1|           1|
    |ap_condition_74592               |       and|   0|  0|     2|           1|           1|
    |ap_condition_74609               |       and|   0|  0|     2|           1|           1|
    |ap_condition_74627               |       and|   0|  0|     2|           1|           1|
    |ap_condition_74646               |       and|   0|  0|     2|           1|           1|
    |ap_condition_74666               |       and|   0|  0|     2|           1|           1|
    |ap_condition_74687               |       and|   0|  0|     2|           1|           1|
    |ap_condition_74709               |       and|   0|  0|     2|           1|           1|
    |ap_condition_74732               |       and|   0|  0|     2|           1|           1|
    |ap_condition_74756               |       and|   0|  0|     2|           1|           1|
    |ap_condition_74781               |       and|   0|  0|     2|           1|           1|
    |ap_condition_74807               |       and|   0|  0|     2|           1|           1|
    |ap_condition_74834               |       and|   0|  0|     2|           1|           1|
    |ap_condition_74862               |       and|   0|  0|     2|           1|           1|
    |ap_condition_74891               |       and|   0|  0|     2|           1|           1|
    |ap_condition_7490                |       and|   0|  0|     2|           1|           1|
    |ap_condition_74921               |       and|   0|  0|     2|           1|           1|
    |ap_condition_74952               |       and|   0|  0|     2|           1|           1|
    |ap_condition_7496                |       and|   0|  0|     2|           1|           1|
    |ap_condition_74984               |       and|   0|  0|     2|           1|           1|
    |ap_condition_7499                |       and|   0|  0|     2|           1|           1|
    |ap_condition_7502                |       and|   0|  0|     2|           1|           1|
    |ap_condition_7505                |       and|   0|  0|     2|           1|           1|
    |ap_condition_7508                |       and|   0|  0|     2|           1|           1|
    |ap_condition_7511                |       and|   0|  0|     2|           1|           1|
    |ap_condition_7514                |       and|   0|  0|     2|           1|           1|
    |ap_condition_7517                |       and|   0|  0|     2|           1|           1|
    |ap_condition_7520                |       and|   0|  0|     2|           1|           1|
    |ap_condition_7523                |       and|   0|  0|     2|           1|           1|
    |ap_condition_7526                |       and|   0|  0|     2|           1|           1|
    |ap_condition_7529                |       and|   0|  0|     2|           1|           1|
    |ap_condition_7532                |       and|   0|  0|     2|           1|           1|
    |ap_condition_7535                |       and|   0|  0|     2|           1|           1|
    |ap_condition_7538                |       and|   0|  0|     2|           1|           1|
    |ap_condition_7541                |       and|   0|  0|     2|           1|           1|
    |ap_condition_7544                |       and|   0|  0|     2|           1|           1|
    |ap_condition_7547                |       and|   0|  0|     2|           1|           1|
    |ap_condition_7550                |       and|   0|  0|     2|           1|           1|
    |ap_condition_7553                |       and|   0|  0|     2|           1|           1|
    |ap_condition_75542               |       and|   0|  0|     2|           1|           1|
    |ap_condition_75547               |       and|   0|  0|     2|           1|           1|
    |ap_condition_75552               |       and|   0|  0|     2|           1|           1|
    |ap_condition_75558               |       and|   0|  0|     2|           1|           1|
    |ap_condition_7556                |       and|   0|  0|     2|           1|           1|
    |ap_condition_75565               |       and|   0|  0|     2|           1|           1|
    |ap_condition_75573               |       and|   0|  0|     2|           1|           1|
    |ap_condition_75582               |       and|   0|  0|     2|           1|           1|
    |ap_condition_7559                |       and|   0|  0|     2|           1|           1|
    |ap_condition_75592               |       and|   0|  0|     2|           1|           1|
    |ap_condition_75603               |       and|   0|  0|     2|           1|           1|
    |ap_condition_75615               |       and|   0|  0|     2|           1|           1|
    |ap_condition_7562                |       and|   0|  0|     2|           1|           1|
    |ap_condition_75628               |       and|   0|  0|     2|           1|           1|
    |ap_condition_75642               |       and|   0|  0|     2|           1|           1|
    |ap_condition_7565                |       and|   0|  0|     2|           1|           1|
    |ap_condition_75657               |       and|   0|  0|     2|           1|           1|
    |ap_condition_75673               |       and|   0|  0|     2|           1|           1|
    |ap_condition_7568                |       and|   0|  0|     2|           1|           1|
    |ap_condition_75690               |       and|   0|  0|     2|           1|           1|
    |ap_condition_75708               |       and|   0|  0|     2|           1|           1|
    |ap_condition_7571                |       and|   0|  0|     2|           1|           1|
    |ap_condition_75727               |       and|   0|  0|     2|           1|           1|
    |ap_condition_7574                |       and|   0|  0|     2|           1|           1|
    |ap_condition_75747               |       and|   0|  0|     2|           1|           1|
    |ap_condition_75768               |       and|   0|  0|     2|           1|           1|
    |ap_condition_7577                |       and|   0|  0|     2|           1|           1|
    |ap_condition_75790               |       and|   0|  0|     2|           1|           1|
    |ap_condition_7580                |       and|   0|  0|     2|           1|           1|
    |ap_condition_75813               |       and|   0|  0|     2|           1|           1|
    |ap_condition_75837               |       and|   0|  0|     2|           1|           1|
    |ap_condition_75862               |       and|   0|  0|     2|           1|           1|
    |ap_condition_75888               |       and|   0|  0|     2|           1|           1|
    |ap_condition_75915               |       and|   0|  0|     2|           1|           1|
    |ap_condition_75943               |       and|   0|  0|     2|           1|           1|
    |ap_condition_75972               |       and|   0|  0|     2|           1|           1|
    |ap_condition_76002               |       and|   0|  0|     2|           1|           1|
    |ap_condition_76033               |       and|   0|  0|     2|           1|           1|
    |ap_condition_76065               |       and|   0|  0|     2|           1|           1|
    |ap_condition_76623               |       and|   0|  0|     2|           1|           1|
    |ap_condition_76628               |       and|   0|  0|     2|           1|           1|
    |ap_condition_76633               |       and|   0|  0|     2|           1|           1|
    |ap_condition_76639               |       and|   0|  0|     2|           1|           1|
    |ap_condition_76646               |       and|   0|  0|     2|           1|           1|
    |ap_condition_76654               |       and|   0|  0|     2|           1|           1|
    |ap_condition_76663               |       and|   0|  0|     2|           1|           1|
    |ap_condition_76673               |       and|   0|  0|     2|           1|           1|
    |ap_condition_76684               |       and|   0|  0|     2|           1|           1|
    |ap_condition_76696               |       and|   0|  0|     2|           1|           1|
    |ap_condition_76709               |       and|   0|  0|     2|           1|           1|
    |ap_condition_76723               |       and|   0|  0|     2|           1|           1|
    |ap_condition_76738               |       and|   0|  0|     2|           1|           1|
    |ap_condition_76754               |       and|   0|  0|     2|           1|           1|
    |ap_condition_76771               |       and|   0|  0|     2|           1|           1|
    |ap_condition_76789               |       and|   0|  0|     2|           1|           1|
    |ap_condition_76808               |       and|   0|  0|     2|           1|           1|
    |ap_condition_76828               |       and|   0|  0|     2|           1|           1|
    |ap_condition_76849               |       and|   0|  0|     2|           1|           1|
    |ap_condition_76871               |       and|   0|  0|     2|           1|           1|
    |ap_condition_76894               |       and|   0|  0|     2|           1|           1|
    |ap_condition_76918               |       and|   0|  0|     2|           1|           1|
    |ap_condition_76943               |       and|   0|  0|     2|           1|           1|
    |ap_condition_76969               |       and|   0|  0|     2|           1|           1|
    |ap_condition_76996               |       and|   0|  0|     2|           1|           1|
    |ap_condition_77024               |       and|   0|  0|     2|           1|           1|
    |ap_condition_77053               |       and|   0|  0|     2|           1|           1|
    |ap_condition_77083               |       and|   0|  0|     2|           1|           1|
    |ap_condition_77114               |       and|   0|  0|     2|           1|           1|
    |ap_condition_77146               |       and|   0|  0|     2|           1|           1|
    |ap_condition_78228               |       and|   0|  0|     2|           1|           1|
    |ap_condition_78233               |       and|   0|  0|     2|           1|           1|
    |ap_condition_78238               |       and|   0|  0|     2|           1|           1|
    |ap_condition_78244               |       and|   0|  0|     2|           1|           1|
    |ap_condition_78251               |       and|   0|  0|     2|           1|           1|
    |ap_condition_78259               |       and|   0|  0|     2|           1|           1|
    |ap_condition_78268               |       and|   0|  0|     2|           1|           1|
    |ap_condition_78278               |       and|   0|  0|     2|           1|           1|
    |ap_condition_78289               |       and|   0|  0|     2|           1|           1|
    |ap_condition_78301               |       and|   0|  0|     2|           1|           1|
    |ap_condition_78314               |       and|   0|  0|     2|           1|           1|
    |ap_condition_78328               |       and|   0|  0|     2|           1|           1|
    |ap_condition_78343               |       and|   0|  0|     2|           1|           1|
    |ap_condition_78359               |       and|   0|  0|     2|           1|           1|
    |ap_condition_78376               |       and|   0|  0|     2|           1|           1|
    |ap_condition_78394               |       and|   0|  0|     2|           1|           1|
    |ap_condition_78413               |       and|   0|  0|     2|           1|           1|
    |ap_condition_78433               |       and|   0|  0|     2|           1|           1|
    |ap_condition_78454               |       and|   0|  0|     2|           1|           1|
    |ap_condition_78476               |       and|   0|  0|     2|           1|           1|
    |ap_condition_78499               |       and|   0|  0|     2|           1|           1|
    |ap_condition_78523               |       and|   0|  0|     2|           1|           1|
    |ap_condition_78548               |       and|   0|  0|     2|           1|           1|
    |ap_condition_78574               |       and|   0|  0|     2|           1|           1|
    |ap_condition_78601               |       and|   0|  0|     2|           1|           1|
    |ap_condition_78629               |       and|   0|  0|     2|           1|           1|
    |ap_condition_78658               |       and|   0|  0|     2|           1|           1|
    |ap_condition_78688               |       and|   0|  0|     2|           1|           1|
    |ap_condition_78719               |       and|   0|  0|     2|           1|           1|
    |ap_condition_78751               |       and|   0|  0|     2|           1|           1|
    |ap_condition_7883                |       and|   0|  0|     2|           1|           1|
    |ap_condition_7889                |       and|   0|  0|     2|           1|           1|
    |ap_condition_7892                |       and|   0|  0|     2|           1|           1|
    |ap_condition_7895                |       and|   0|  0|     2|           1|           1|
    |ap_condition_7898                |       and|   0|  0|     2|           1|           1|
    |ap_condition_7901                |       and|   0|  0|     2|           1|           1|
    |ap_condition_7904                |       and|   0|  0|     2|           1|           1|
    |ap_condition_7907                |       and|   0|  0|     2|           1|           1|
    |ap_condition_7910                |       and|   0|  0|     2|           1|           1|
    |ap_condition_7913                |       and|   0|  0|     2|           1|           1|
    |ap_condition_7916                |       and|   0|  0|     2|           1|           1|
    |ap_condition_7919                |       and|   0|  0|     2|           1|           1|
    |ap_condition_7922                |       and|   0|  0|     2|           1|           1|
    |ap_condition_7925                |       and|   0|  0|     2|           1|           1|
    |ap_condition_7928                |       and|   0|  0|     2|           1|           1|
    |ap_condition_79309               |       and|   0|  0|     2|           1|           1|
    |ap_condition_7931                |       and|   0|  0|     2|           1|           1|
    |ap_condition_79314               |       and|   0|  0|     2|           1|           1|
    |ap_condition_79319               |       and|   0|  0|     2|           1|           1|
    |ap_condition_79325               |       and|   0|  0|     2|           1|           1|
    |ap_condition_79332               |       and|   0|  0|     2|           1|           1|
    |ap_condition_7934                |       and|   0|  0|     2|           1|           1|
    |ap_condition_79340               |       and|   0|  0|     2|           1|           1|
    |ap_condition_79349               |       and|   0|  0|     2|           1|           1|
    |ap_condition_79359               |       and|   0|  0|     2|           1|           1|
    |ap_condition_7937                |       and|   0|  0|     2|           1|           1|
    |ap_condition_79370               |       and|   0|  0|     2|           1|           1|
    |ap_condition_79382               |       and|   0|  0|     2|           1|           1|
    |ap_condition_79395               |       and|   0|  0|     2|           1|           1|
    |ap_condition_7940                |       and|   0|  0|     2|           1|           1|
    |ap_condition_79409               |       and|   0|  0|     2|           1|           1|
    |ap_condition_79424               |       and|   0|  0|     2|           1|           1|
    |ap_condition_7943                |       and|   0|  0|     2|           1|           1|
    |ap_condition_79440               |       and|   0|  0|     2|           1|           1|
    |ap_condition_79457               |       and|   0|  0|     2|           1|           1|
    |ap_condition_7946                |       and|   0|  0|     2|           1|           1|
    |ap_condition_79475               |       and|   0|  0|     2|           1|           1|
    |ap_condition_7949                |       and|   0|  0|     2|           1|           1|
    |ap_condition_79494               |       and|   0|  0|     2|           1|           1|
    |ap_condition_79514               |       and|   0|  0|     2|           1|           1|
    |ap_condition_7952                |       and|   0|  0|     2|           1|           1|
    |ap_condition_79535               |       and|   0|  0|     2|           1|           1|
    |ap_condition_7955                |       and|   0|  0|     2|           1|           1|
    |ap_condition_79557               |       and|   0|  0|     2|           1|           1|
    |ap_condition_7958                |       and|   0|  0|     2|           1|           1|
    |ap_condition_79580               |       and|   0|  0|     2|           1|           1|
    |ap_condition_79604               |       and|   0|  0|     2|           1|           1|
    |ap_condition_7961                |       and|   0|  0|     2|           1|           1|
    |ap_condition_79629               |       and|   0|  0|     2|           1|           1|
    |ap_condition_7964                |       and|   0|  0|     2|           1|           1|
    |ap_condition_79655               |       and|   0|  0|     2|           1|           1|
    |ap_condition_7967                |       and|   0|  0|     2|           1|           1|
    |ap_condition_79682               |       and|   0|  0|     2|           1|           1|
    |ap_condition_7970                |       and|   0|  0|     2|           1|           1|
    |ap_condition_79710               |       and|   0|  0|     2|           1|           1|
    |ap_condition_7973                |       and|   0|  0|     2|           1|           1|
    |ap_condition_79739               |       and|   0|  0|     2|           1|           1|
    |ap_condition_79769               |       and|   0|  0|     2|           1|           1|
    |ap_condition_79800               |       and|   0|  0|     2|           1|           1|
    |ap_condition_79832               |       and|   0|  0|     2|           1|           1|
    |ap_condition_80390               |       and|   0|  0|     2|           1|           1|
    |ap_condition_80395               |       and|   0|  0|     2|           1|           1|
    |ap_condition_80400               |       and|   0|  0|     2|           1|           1|
    |ap_condition_80406               |       and|   0|  0|     2|           1|           1|
    |ap_condition_80413               |       and|   0|  0|     2|           1|           1|
    |ap_condition_80421               |       and|   0|  0|     2|           1|           1|
    |ap_condition_80430               |       and|   0|  0|     2|           1|           1|
    |ap_condition_80440               |       and|   0|  0|     2|           1|           1|
    |ap_condition_80451               |       and|   0|  0|     2|           1|           1|
    |ap_condition_80463               |       and|   0|  0|     2|           1|           1|
    |ap_condition_80476               |       and|   0|  0|     2|           1|           1|
    |ap_condition_80490               |       and|   0|  0|     2|           1|           1|
    |ap_condition_80493               |       and|   0|  0|     2|           1|           1|
    |ap_condition_80497               |       and|   0|  0|     2|           1|           1|
    |ap_condition_80502               |       and|   0|  0|     2|           1|           1|
    |ap_condition_80508               |       and|   0|  0|     2|           1|           1|
    |ap_condition_80515               |       and|   0|  0|     2|           1|           1|
    |ap_condition_80523               |       and|   0|  0|     2|           1|           1|
    |ap_condition_80532               |       and|   0|  0|     2|           1|           1|
    |ap_condition_80542               |       and|   0|  0|     2|           1|           1|
    |ap_condition_80553               |       and|   0|  0|     2|           1|           1|
    |ap_condition_80565               |       and|   0|  0|     2|           1|           1|
    |ap_condition_80578               |       and|   0|  0|     2|           1|           1|
    |ap_condition_80592               |       and|   0|  0|     2|           1|           1|
    |ap_condition_80607               |       and|   0|  0|     2|           1|           1|
    |ap_condition_80623               |       and|   0|  0|     2|           1|           1|
    |ap_condition_80640               |       and|   0|  0|     2|           1|           1|
    |ap_condition_80658               |       and|   0|  0|     2|           1|           1|
    |ap_condition_80677               |       and|   0|  0|     2|           1|           1|
    |ap_condition_80697               |       and|   0|  0|     2|           1|           1|
    |ap_condition_81255               |       and|   0|  0|     2|           1|           1|
    |ap_condition_81260               |       and|   0|  0|     2|           1|           1|
    |ap_condition_81265               |       and|   0|  0|     2|           1|           1|
    |ap_condition_81271               |       and|   0|  0|     2|           1|           1|
    |ap_condition_81278               |       and|   0|  0|     2|           1|           1|
    |ap_condition_81286               |       and|   0|  0|     2|           1|           1|
    |ap_condition_81295               |       and|   0|  0|     2|           1|           1|
    |ap_condition_81305               |       and|   0|  0|     2|           1|           1|
    |ap_condition_81316               |       and|   0|  0|     2|           1|           1|
    |ap_condition_81328               |       and|   0|  0|     2|           1|           1|
    |ap_condition_81341               |       and|   0|  0|     2|           1|           1|
    |ap_condition_81355               |       and|   0|  0|     2|           1|           1|
    |ap_condition_81370               |       and|   0|  0|     2|           1|           1|
    |ap_condition_81386               |       and|   0|  0|     2|           1|           1|
    |ap_condition_81403               |       and|   0|  0|     2|           1|           1|
    |ap_condition_81421               |       and|   0|  0|     2|           1|           1|
    |ap_condition_81440               |       and|   0|  0|     2|           1|           1|
    |ap_condition_81460               |       and|   0|  0|     2|           1|           1|
    |ap_condition_81481               |       and|   0|  0|     2|           1|           1|
    |ap_condition_81503               |       and|   0|  0|     2|           1|           1|
    |ap_condition_81526               |       and|   0|  0|     2|           1|           1|
    |ap_condition_81550               |       and|   0|  0|     2|           1|           1|
    |ap_condition_81575               |       and|   0|  0|     2|           1|           1|
    |ap_condition_81601               |       and|   0|  0|     2|           1|           1|
    |ap_condition_81628               |       and|   0|  0|     2|           1|           1|
    |ap_condition_81656               |       and|   0|  0|     2|           1|           1|
    |ap_condition_81685               |       and|   0|  0|     2|           1|           1|
    |ap_condition_81715               |       and|   0|  0|     2|           1|           1|
    |ap_condition_81746               |       and|   0|  0|     2|           1|           1|
    |ap_condition_81778               |       and|   0|  0|     2|           1|           1|
    |ap_condition_82336               |       and|   0|  0|     2|           1|           1|
    |ap_condition_82341               |       and|   0|  0|     2|           1|           1|
    |ap_condition_82346               |       and|   0|  0|     2|           1|           1|
    |ap_condition_82352               |       and|   0|  0|     2|           1|           1|
    |ap_condition_82359               |       and|   0|  0|     2|           1|           1|
    |ap_condition_82367               |       and|   0|  0|     2|           1|           1|
    |ap_condition_82376               |       and|   0|  0|     2|           1|           1|
    |ap_condition_82386               |       and|   0|  0|     2|           1|           1|
    |ap_condition_82397               |       and|   0|  0|     2|           1|           1|
    |ap_condition_82409               |       and|   0|  0|     2|           1|           1|
    |ap_condition_82422               |       and|   0|  0|     2|           1|           1|
    |ap_condition_82436               |       and|   0|  0|     2|           1|           1|
    |ap_condition_82451               |       and|   0|  0|     2|           1|           1|
    |ap_condition_82467               |       and|   0|  0|     2|           1|           1|
    |ap_condition_82484               |       and|   0|  0|     2|           1|           1|
    |ap_condition_82502               |       and|   0|  0|     2|           1|           1|
    |ap_condition_82521               |       and|   0|  0|     2|           1|           1|
    |ap_condition_82541               |       and|   0|  0|     2|           1|           1|
    |ap_condition_82562               |       and|   0|  0|     2|           1|           1|
    |ap_condition_82584               |       and|   0|  0|     2|           1|           1|
    |ap_condition_82607               |       and|   0|  0|     2|           1|           1|
    |ap_condition_82631               |       and|   0|  0|     2|           1|           1|
    |ap_condition_82656               |       and|   0|  0|     2|           1|           1|
    |ap_condition_82682               |       and|   0|  0|     2|           1|           1|
    |ap_condition_82709               |       and|   0|  0|     2|           1|           1|
    |ap_condition_82737               |       and|   0|  0|     2|           1|           1|
    |ap_condition_8276                |       and|   0|  0|     2|           1|           1|
    |ap_condition_82766               |       and|   0|  0|     2|           1|           1|
    |ap_condition_82796               |       and|   0|  0|     2|           1|           1|
    |ap_condition_8282                |       and|   0|  0|     2|           1|           1|
    |ap_condition_82827               |       and|   0|  0|     2|           1|           1|
    |ap_condition_8285                |       and|   0|  0|     2|           1|           1|
    |ap_condition_82859               |       and|   0|  0|     2|           1|           1|
    |ap_condition_8288                |       and|   0|  0|     2|           1|           1|
    |ap_condition_8291                |       and|   0|  0|     2|           1|           1|
    |ap_condition_8294                |       and|   0|  0|     2|           1|           1|
    |ap_condition_8297                |       and|   0|  0|     2|           1|           1|
    |ap_condition_8300                |       and|   0|  0|     2|           1|           1|
    |ap_condition_8303                |       and|   0|  0|     2|           1|           1|
    |ap_condition_8306                |       and|   0|  0|     2|           1|           1|
    |ap_condition_8309                |       and|   0|  0|     2|           1|           1|
    |ap_condition_8312                |       and|   0|  0|     2|           1|           1|
    |ap_condition_8315                |       and|   0|  0|     2|           1|           1|
    |ap_condition_8318                |       and|   0|  0|     2|           1|           1|
    |ap_condition_8321                |       and|   0|  0|     2|           1|           1|
    |ap_condition_8324                |       and|   0|  0|     2|           1|           1|
    |ap_condition_8327                |       and|   0|  0|     2|           1|           1|
    |ap_condition_8330                |       and|   0|  0|     2|           1|           1|
    |ap_condition_8333                |       and|   0|  0|     2|           1|           1|
    |ap_condition_8336                |       and|   0|  0|     2|           1|           1|
    |ap_condition_8339                |       and|   0|  0|     2|           1|           1|
    |ap_condition_83417               |       and|   0|  0|     2|           1|           1|
    |ap_condition_8342                |       and|   0|  0|     2|           1|           1|
    |ap_condition_83422               |       and|   0|  0|     2|           1|           1|
    |ap_condition_83427               |       and|   0|  0|     2|           1|           1|
    |ap_condition_83433               |       and|   0|  0|     2|           1|           1|
    |ap_condition_83440               |       and|   0|  0|     2|           1|           1|
    |ap_condition_83448               |       and|   0|  0|     2|           1|           1|
    |ap_condition_8345                |       and|   0|  0|     2|           1|           1|
    |ap_condition_83457               |       and|   0|  0|     2|           1|           1|
    |ap_condition_83467               |       and|   0|  0|     2|           1|           1|
    |ap_condition_83478               |       and|   0|  0|     2|           1|           1|
    |ap_condition_8348                |       and|   0|  0|     2|           1|           1|
    |ap_condition_83490               |       and|   0|  0|     2|           1|           1|
    |ap_condition_83503               |       and|   0|  0|     2|           1|           1|
    |ap_condition_8351                |       and|   0|  0|     2|           1|           1|
    |ap_condition_83517               |       and|   0|  0|     2|           1|           1|
    |ap_condition_83532               |       and|   0|  0|     2|           1|           1|
    |ap_condition_8354                |       and|   0|  0|     2|           1|           1|
    |ap_condition_83548               |       and|   0|  0|     2|           1|           1|
    |ap_condition_83565               |       and|   0|  0|     2|           1|           1|
    |ap_condition_8357                |       and|   0|  0|     2|           1|           1|
    |ap_condition_83583               |       and|   0|  0|     2|           1|           1|
    |ap_condition_8360                |       and|   0|  0|     2|           1|           1|
    |ap_condition_83602               |       and|   0|  0|     2|           1|           1|
    |ap_condition_83622               |       and|   0|  0|     2|           1|           1|
    |ap_condition_8363                |       and|   0|  0|     2|           1|           1|
    |ap_condition_83643               |       and|   0|  0|     2|           1|           1|
    |ap_condition_8366                |       and|   0|  0|     2|           1|           1|
    |ap_condition_83665               |       and|   0|  0|     2|           1|           1|
    |ap_condition_83688               |       and|   0|  0|     2|           1|           1|
    |ap_condition_83712               |       and|   0|  0|     2|           1|           1|
    |ap_condition_83737               |       and|   0|  0|     2|           1|           1|
    |ap_condition_83763               |       and|   0|  0|     2|           1|           1|
    |ap_condition_83790               |       and|   0|  0|     2|           1|           1|
    |ap_condition_83818               |       and|   0|  0|     2|           1|           1|
    |ap_condition_83847               |       and|   0|  0|     2|           1|           1|
    |ap_condition_83877               |       and|   0|  0|     2|           1|           1|
    |ap_condition_83908               |       and|   0|  0|     2|           1|           1|
    |ap_condition_83940               |       and|   0|  0|     2|           1|           1|
    |ap_condition_83974               |       and|   0|  0|     2|           1|           1|
    |ap_condition_83979               |       and|   0|  0|     2|           1|           1|
    |ap_condition_83984               |       and|   0|  0|     2|           1|           1|
    |ap_condition_83990               |       and|   0|  0|     2|           1|           1|
    |ap_condition_83997               |       and|   0|  0|     2|           1|           1|
    |ap_condition_84005               |       and|   0|  0|     2|           1|           1|
    |ap_condition_84014               |       and|   0|  0|     2|           1|           1|
    |ap_condition_84024               |       and|   0|  0|     2|           1|           1|
    |ap_condition_84035               |       and|   0|  0|     2|           1|           1|
    |ap_condition_84047               |       and|   0|  0|     2|           1|           1|
    |ap_condition_84060               |       and|   0|  0|     2|           1|           1|
    |ap_condition_84074               |       and|   0|  0|     2|           1|           1|
    |ap_condition_84089               |       and|   0|  0|     2|           1|           1|
    |ap_condition_84105               |       and|   0|  0|     2|           1|           1|
    |ap_condition_84122               |       and|   0|  0|     2|           1|           1|
    |ap_condition_84140               |       and|   0|  0|     2|           1|           1|
    |ap_condition_84159               |       and|   0|  0|     2|           1|           1|
    |ap_condition_84179               |       and|   0|  0|     2|           1|           1|
    |ap_condition_84200               |       and|   0|  0|     2|           1|           1|
    |ap_condition_84222               |       and|   0|  0|     2|           1|           1|
    |ap_condition_84245               |       and|   0|  0|     2|           1|           1|
    |ap_condition_84269               |       and|   0|  0|     2|           1|           1|
    |ap_condition_84294               |       and|   0|  0|     2|           1|           1|
    |ap_condition_84320               |       and|   0|  0|     2|           1|           1|
    |ap_condition_84347               |       and|   0|  0|     2|           1|           1|
    |ap_condition_84375               |       and|   0|  0|     2|           1|           1|
    |ap_condition_84404               |       and|   0|  0|     2|           1|           1|
    |ap_condition_84434               |       and|   0|  0|     2|           1|           1|
    |ap_condition_84465               |       and|   0|  0|     2|           1|           1|
    |ap_condition_84497               |       and|   0|  0|     2|           1|           1|
    |ap_condition_85055               |       and|   0|  0|     2|           1|           1|
    |ap_condition_85060               |       and|   0|  0|     2|           1|           1|
    |ap_condition_85065               |       and|   0|  0|     2|           1|           1|
    |ap_condition_85071               |       and|   0|  0|     2|           1|           1|
    |ap_condition_85078               |       and|   0|  0|     2|           1|           1|
    |ap_condition_85086               |       and|   0|  0|     2|           1|           1|
    |ap_condition_85095               |       and|   0|  0|     2|           1|           1|
    |ap_condition_85105               |       and|   0|  0|     2|           1|           1|
    |ap_condition_85116               |       and|   0|  0|     2|           1|           1|
    |ap_condition_85128               |       and|   0|  0|     2|           1|           1|
    |ap_condition_85141               |       and|   0|  0|     2|           1|           1|
    |ap_condition_85155               |       and|   0|  0|     2|           1|           1|
    |ap_condition_85170               |       and|   0|  0|     2|           1|           1|
    |ap_condition_85186               |       and|   0|  0|     2|           1|           1|
    |ap_condition_85203               |       and|   0|  0|     2|           1|           1|
    |ap_condition_85221               |       and|   0|  0|     2|           1|           1|
    |ap_condition_85240               |       and|   0|  0|     2|           1|           1|
    |ap_condition_85260               |       and|   0|  0|     2|           1|           1|
    |ap_condition_85281               |       and|   0|  0|     2|           1|           1|
    |ap_condition_85303               |       and|   0|  0|     2|           1|           1|
    |ap_condition_85326               |       and|   0|  0|     2|           1|           1|
    |ap_condition_85350               |       and|   0|  0|     2|           1|           1|
    |ap_condition_85375               |       and|   0|  0|     2|           1|           1|
    |ap_condition_85401               |       and|   0|  0|     2|           1|           1|
    |ap_condition_85428               |       and|   0|  0|     2|           1|           1|
    |ap_condition_85456               |       and|   0|  0|     2|           1|           1|
    |ap_condition_85485               |       and|   0|  0|     2|           1|           1|
    |ap_condition_85515               |       and|   0|  0|     2|           1|           1|
    |ap_condition_85546               |       and|   0|  0|     2|           1|           1|
    |ap_condition_85578               |       and|   0|  0|     2|           1|           1|
    |ap_condition_86136               |       and|   0|  0|     2|           1|           1|
    |ap_condition_86141               |       and|   0|  0|     2|           1|           1|
    |ap_condition_86146               |       and|   0|  0|     2|           1|           1|
    |ap_condition_86152               |       and|   0|  0|     2|           1|           1|
    |ap_condition_86159               |       and|   0|  0|     2|           1|           1|
    |ap_condition_86167               |       and|   0|  0|     2|           1|           1|
    |ap_condition_86176               |       and|   0|  0|     2|           1|           1|
    |ap_condition_86186               |       and|   0|  0|     2|           1|           1|
    |ap_condition_86197               |       and|   0|  0|     2|           1|           1|
    |ap_condition_86209               |       and|   0|  0|     2|           1|           1|
    |ap_condition_86222               |       and|   0|  0|     2|           1|           1|
    |ap_condition_86236               |       and|   0|  0|     2|           1|           1|
    |ap_condition_86251               |       and|   0|  0|     2|           1|           1|
    |ap_condition_86267               |       and|   0|  0|     2|           1|           1|
    |ap_condition_86284               |       and|   0|  0|     2|           1|           1|
    |ap_condition_86302               |       and|   0|  0|     2|           1|           1|
    |ap_condition_86321               |       and|   0|  0|     2|           1|           1|
    |ap_condition_86341               |       and|   0|  0|     2|           1|           1|
    |ap_condition_86362               |       and|   0|  0|     2|           1|           1|
    |ap_condition_86384               |       and|   0|  0|     2|           1|           1|
    |ap_condition_86407               |       and|   0|  0|     2|           1|           1|
    |ap_condition_86431               |       and|   0|  0|     2|           1|           1|
    |ap_condition_86456               |       and|   0|  0|     2|           1|           1|
    |ap_condition_86482               |       and|   0|  0|     2|           1|           1|
    |ap_condition_86509               |       and|   0|  0|     2|           1|           1|
    |ap_condition_86537               |       and|   0|  0|     2|           1|           1|
    |ap_condition_86566               |       and|   0|  0|     2|           1|           1|
    |ap_condition_86596               |       and|   0|  0|     2|           1|           1|
    |ap_condition_86627               |       and|   0|  0|     2|           1|           1|
    |ap_condition_86659               |       and|   0|  0|     2|           1|           1|
    |ap_condition_8669                |       and|   0|  0|     2|           1|           1|
    |ap_condition_8675                |       and|   0|  0|     2|           1|           1|
    |ap_condition_8678                |       and|   0|  0|     2|           1|           1|
    |ap_condition_8681                |       and|   0|  0|     2|           1|           1|
    |ap_condition_8684                |       and|   0|  0|     2|           1|           1|
    |ap_condition_8687                |       and|   0|  0|     2|           1|           1|
    |ap_condition_8690                |       and|   0|  0|     2|           1|           1|
    |ap_condition_8693                |       and|   0|  0|     2|           1|           1|
    |ap_condition_8696                |       and|   0|  0|     2|           1|           1|
    |ap_condition_8699                |       and|   0|  0|     2|           1|           1|
    |ap_condition_8702                |       and|   0|  0|     2|           1|           1|
    |ap_condition_8705                |       and|   0|  0|     2|           1|           1|
    |ap_condition_8708                |       and|   0|  0|     2|           1|           1|
    |ap_condition_8711                |       and|   0|  0|     2|           1|           1|
    |ap_condition_8714                |       and|   0|  0|     2|           1|           1|
    |ap_condition_8717                |       and|   0|  0|     2|           1|           1|
    |ap_condition_8720                |       and|   0|  0|     2|           1|           1|
    |ap_condition_87217               |       and|   0|  0|     2|           1|           1|
    |ap_condition_87222               |       and|   0|  0|     2|           1|           1|
    |ap_condition_87227               |       and|   0|  0|     2|           1|           1|
    |ap_condition_8723                |       and|   0|  0|     2|           1|           1|
    |ap_condition_87233               |       and|   0|  0|     2|           1|           1|
    |ap_condition_87240               |       and|   0|  0|     2|           1|           1|
    |ap_condition_87248               |       and|   0|  0|     2|           1|           1|
    |ap_condition_87257               |       and|   0|  0|     2|           1|           1|
    |ap_condition_8726                |       and|   0|  0|     2|           1|           1|
    |ap_condition_87267               |       and|   0|  0|     2|           1|           1|
    |ap_condition_87278               |       and|   0|  0|     2|           1|           1|
    |ap_condition_8729                |       and|   0|  0|     2|           1|           1|
    |ap_condition_87290               |       and|   0|  0|     2|           1|           1|
    |ap_condition_87303               |       and|   0|  0|     2|           1|           1|
    |ap_condition_87317               |       and|   0|  0|     2|           1|           1|
    |ap_condition_8732                |       and|   0|  0|     2|           1|           1|
    |ap_condition_87332               |       and|   0|  0|     2|           1|           1|
    |ap_condition_87348               |       and|   0|  0|     2|           1|           1|
    |ap_condition_8735                |       and|   0|  0|     2|           1|           1|
    |ap_condition_87365               |       and|   0|  0|     2|           1|           1|
    |ap_condition_8738                |       and|   0|  0|     2|           1|           1|
    |ap_condition_87383               |       and|   0|  0|     2|           1|           1|
    |ap_condition_87402               |       and|   0|  0|     2|           1|           1|
    |ap_condition_8741                |       and|   0|  0|     2|           1|           1|
    |ap_condition_87422               |       and|   0|  0|     2|           1|           1|
    |ap_condition_8744                |       and|   0|  0|     2|           1|           1|
    |ap_condition_87443               |       and|   0|  0|     2|           1|           1|
    |ap_condition_87465               |       and|   0|  0|     2|           1|           1|
    |ap_condition_8747                |       and|   0|  0|     2|           1|           1|
    |ap_condition_87488               |       and|   0|  0|     2|           1|           1|
    |ap_condition_8750                |       and|   0|  0|     2|           1|           1|
    |ap_condition_87512               |       and|   0|  0|     2|           1|           1|
    |ap_condition_8753                |       and|   0|  0|     2|           1|           1|
    |ap_condition_87537               |       and|   0|  0|     2|           1|           1|
    |ap_condition_8756                |       and|   0|  0|     2|           1|           1|
    |ap_condition_87563               |       and|   0|  0|     2|           1|           1|
    |ap_condition_8759                |       and|   0|  0|     2|           1|           1|
    |ap_condition_87590               |       and|   0|  0|     2|           1|           1|
    |ap_condition_87618               |       and|   0|  0|     2|           1|           1|
    |ap_condition_87647               |       and|   0|  0|     2|           1|           1|
    |ap_condition_87677               |       and|   0|  0|     2|           1|           1|
    |ap_condition_87708               |       and|   0|  0|     2|           1|           1|
    |ap_condition_87740               |       and|   0|  0|     2|           1|           1|
    |ap_condition_88298               |       and|   0|  0|     2|           1|           1|
    |ap_condition_88303               |       and|   0|  0|     2|           1|           1|
    |ap_condition_88308               |       and|   0|  0|     2|           1|           1|
    |ap_condition_88314               |       and|   0|  0|     2|           1|           1|
    |ap_condition_88321               |       and|   0|  0|     2|           1|           1|
    |ap_condition_88329               |       and|   0|  0|     2|           1|           1|
    |ap_condition_88338               |       and|   0|  0|     2|           1|           1|
    |ap_condition_88348               |       and|   0|  0|     2|           1|           1|
    |ap_condition_88359               |       and|   0|  0|     2|           1|           1|
    |ap_condition_88371               |       and|   0|  0|     2|           1|           1|
    |ap_condition_88384               |       and|   0|  0|     2|           1|           1|
    |ap_condition_88398               |       and|   0|  0|     2|           1|           1|
    |ap_condition_88413               |       and|   0|  0|     2|           1|           1|
    |ap_condition_88429               |       and|   0|  0|     2|           1|           1|
    |ap_condition_88446               |       and|   0|  0|     2|           1|           1|
    |ap_condition_88464               |       and|   0|  0|     2|           1|           1|
    |ap_condition_88483               |       and|   0|  0|     2|           1|           1|
    |ap_condition_88503               |       and|   0|  0|     2|           1|           1|
    |ap_condition_88524               |       and|   0|  0|     2|           1|           1|
    |ap_condition_88546               |       and|   0|  0|     2|           1|           1|
    |ap_condition_88569               |       and|   0|  0|     2|           1|           1|
    |ap_condition_88593               |       and|   0|  0|     2|           1|           1|
    |ap_condition_88618               |       and|   0|  0|     2|           1|           1|
    |ap_condition_88644               |       and|   0|  0|     2|           1|           1|
    |ap_condition_88671               |       and|   0|  0|     2|           1|           1|
    |ap_condition_88699               |       and|   0|  0|     2|           1|           1|
    |ap_condition_88728               |       and|   0|  0|     2|           1|           1|
    |ap_condition_88758               |       and|   0|  0|     2|           1|           1|
    |ap_condition_88789               |       and|   0|  0|     2|           1|           1|
    |ap_condition_88821               |       and|   0|  0|     2|           1|           1|
    |ap_condition_89903               |       and|   0|  0|     2|           1|           1|
    |ap_condition_89908               |       and|   0|  0|     2|           1|           1|
    |ap_condition_89913               |       and|   0|  0|     2|           1|           1|
    |ap_condition_89919               |       and|   0|  0|     2|           1|           1|
    |ap_condition_89926               |       and|   0|  0|     2|           1|           1|
    |ap_condition_89934               |       and|   0|  0|     2|           1|           1|
    |ap_condition_89943               |       and|   0|  0|     2|           1|           1|
    |ap_condition_89953               |       and|   0|  0|     2|           1|           1|
    |ap_condition_89964               |       and|   0|  0|     2|           1|           1|
    |ap_condition_89976               |       and|   0|  0|     2|           1|           1|
    |ap_condition_89989               |       and|   0|  0|     2|           1|           1|
    |ap_condition_90003               |       and|   0|  0|     2|           1|           1|
    |ap_condition_90018               |       and|   0|  0|     2|           1|           1|
    |ap_condition_90034               |       and|   0|  0|     2|           1|           1|
    |ap_condition_90051               |       and|   0|  0|     2|           1|           1|
    |ap_condition_90069               |       and|   0|  0|     2|           1|           1|
    |ap_condition_90088               |       and|   0|  0|     2|           1|           1|
    |ap_condition_90108               |       and|   0|  0|     2|           1|           1|
    |ap_condition_90129               |       and|   0|  0|     2|           1|           1|
    |ap_condition_90151               |       and|   0|  0|     2|           1|           1|
    |ap_condition_90174               |       and|   0|  0|     2|           1|           1|
    |ap_condition_90198               |       and|   0|  0|     2|           1|           1|
    |ap_condition_90223               |       and|   0|  0|     2|           1|           1|
    |ap_condition_90249               |       and|   0|  0|     2|           1|           1|
    |ap_condition_90276               |       and|   0|  0|     2|           1|           1|
    |ap_condition_90304               |       and|   0|  0|     2|           1|           1|
    |ap_condition_90333               |       and|   0|  0|     2|           1|           1|
    |ap_condition_90363               |       and|   0|  0|     2|           1|           1|
    |ap_condition_90394               |       and|   0|  0|     2|           1|           1|
    |ap_condition_90426               |       and|   0|  0|     2|           1|           1|
    |ap_condition_9062                |       and|   0|  0|     2|           1|           1|
    |ap_condition_9068                |       and|   0|  0|     2|           1|           1|
    |ap_condition_9071                |       and|   0|  0|     2|           1|           1|
    |ap_condition_9074                |       and|   0|  0|     2|           1|           1|
    |ap_condition_9077                |       and|   0|  0|     2|           1|           1|
    |ap_condition_9080                |       and|   0|  0|     2|           1|           1|
    |ap_condition_9083                |       and|   0|  0|     2|           1|           1|
    |ap_condition_9086                |       and|   0|  0|     2|           1|           1|
    |ap_condition_9089                |       and|   0|  0|     2|           1|           1|
    |ap_condition_9092                |       and|   0|  0|     2|           1|           1|
    |ap_condition_9095                |       and|   0|  0|     2|           1|           1|
    |ap_condition_9098                |       and|   0|  0|     2|           1|           1|
    |ap_condition_90984               |       and|   0|  0|     2|           1|           1|
    |ap_condition_90989               |       and|   0|  0|     2|           1|           1|
    |ap_condition_90994               |       and|   0|  0|     2|           1|           1|
    |ap_condition_91000               |       and|   0|  0|     2|           1|           1|
    |ap_condition_91007               |       and|   0|  0|     2|           1|           1|
    |ap_condition_9101                |       and|   0|  0|     2|           1|           1|
    |ap_condition_91015               |       and|   0|  0|     2|           1|           1|
    |ap_condition_91024               |       and|   0|  0|     2|           1|           1|
    |ap_condition_91034               |       and|   0|  0|     2|           1|           1|
    |ap_condition_9104                |       and|   0|  0|     2|           1|           1|
    |ap_condition_91045               |       and|   0|  0|     2|           1|           1|
    |ap_condition_91057               |       and|   0|  0|     2|           1|           1|
    |ap_condition_9107                |       and|   0|  0|     2|           1|           1|
    |ap_condition_91070               |       and|   0|  0|     2|           1|           1|
    |ap_condition_91084               |       and|   0|  0|     2|           1|           1|
    |ap_condition_91099               |       and|   0|  0|     2|           1|           1|
    |ap_condition_9110                |       and|   0|  0|     2|           1|           1|
    |ap_condition_91115               |       and|   0|  0|     2|           1|           1|
    |ap_condition_9113                |       and|   0|  0|     2|           1|           1|
    |ap_condition_91132               |       and|   0|  0|     2|           1|           1|
    |ap_condition_91150               |       and|   0|  0|     2|           1|           1|
    |ap_condition_9116                |       and|   0|  0|     2|           1|           1|
    |ap_condition_91169               |       and|   0|  0|     2|           1|           1|
    |ap_condition_91189               |       and|   0|  0|     2|           1|           1|
    |ap_condition_9119                |       and|   0|  0|     2|           1|           1|
    |ap_condition_91210               |       and|   0|  0|     2|           1|           1|
    |ap_condition_9122                |       and|   0|  0|     2|           1|           1|
    |ap_condition_91232               |       and|   0|  0|     2|           1|           1|
    |ap_condition_9125                |       and|   0|  0|     2|           1|           1|
    |ap_condition_91255               |       and|   0|  0|     2|           1|           1|
    |ap_condition_91279               |       and|   0|  0|     2|           1|           1|
    |ap_condition_9128                |       and|   0|  0|     2|           1|           1|
    |ap_condition_91304               |       and|   0|  0|     2|           1|           1|
    |ap_condition_9131                |       and|   0|  0|     2|           1|           1|
    |ap_condition_91330               |       and|   0|  0|     2|           1|           1|
    |ap_condition_9134                |       and|   0|  0|     2|           1|           1|
    |ap_condition_91357               |       and|   0|  0|     2|           1|           1|
    |ap_condition_9137                |       and|   0|  0|     2|           1|           1|
    |ap_condition_91385               |       and|   0|  0|     2|           1|           1|
    |ap_condition_9140                |       and|   0|  0|     2|           1|           1|
    |ap_condition_91414               |       and|   0|  0|     2|           1|           1|
    |ap_condition_9143                |       and|   0|  0|     2|           1|           1|
    |ap_condition_91444               |       and|   0|  0|     2|           1|           1|
    |ap_condition_9146                |       and|   0|  0|     2|           1|           1|
    |ap_condition_91475               |       and|   0|  0|     2|           1|           1|
    |ap_condition_9149                |       and|   0|  0|     2|           1|           1|
    |ap_condition_91507               |       and|   0|  0|     2|           1|           1|
    |ap_condition_9152                |       and|   0|  0|     2|           1|           1|
    |ap_condition_92065               |       and|   0|  0|     2|           1|           1|
    |ap_condition_92070               |       and|   0|  0|     2|           1|           1|
    |ap_condition_92075               |       and|   0|  0|     2|           1|           1|
    |ap_condition_92081               |       and|   0|  0|     2|           1|           1|
    |ap_condition_92088               |       and|   0|  0|     2|           1|           1|
    |ap_condition_92096               |       and|   0|  0|     2|           1|           1|
    |ap_condition_92105               |       and|   0|  0|     2|           1|           1|
    |ap_condition_92115               |       and|   0|  0|     2|           1|           1|
    |ap_condition_92126               |       and|   0|  0|     2|           1|           1|
    |ap_condition_92138               |       and|   0|  0|     2|           1|           1|
    |ap_condition_92151               |       and|   0|  0|     2|           1|           1|
    |ap_condition_92165               |       and|   0|  0|     2|           1|           1|
    |ap_condition_92180               |       and|   0|  0|     2|           1|           1|
    |ap_condition_92196               |       and|   0|  0|     2|           1|           1|
    |ap_condition_92213               |       and|   0|  0|     2|           1|           1|
    |ap_condition_92231               |       and|   0|  0|     2|           1|           1|
    |ap_condition_92250               |       and|   0|  0|     2|           1|           1|
    |ap_condition_92270               |       and|   0|  0|     2|           1|           1|
    |ap_condition_92291               |       and|   0|  0|     2|           1|           1|
    |ap_condition_92313               |       and|   0|  0|     2|           1|           1|
    |ap_condition_92336               |       and|   0|  0|     2|           1|           1|
    |ap_condition_92360               |       and|   0|  0|     2|           1|           1|
    |ap_condition_92385               |       and|   0|  0|     2|           1|           1|
    |ap_condition_92411               |       and|   0|  0|     2|           1|           1|
    |ap_condition_92438               |       and|   0|  0|     2|           1|           1|
    |ap_condition_92466               |       and|   0|  0|     2|           1|           1|
    |ap_condition_92495               |       and|   0|  0|     2|           1|           1|
    |ap_condition_92525               |       and|   0|  0|     2|           1|           1|
    |ap_condition_92556               |       and|   0|  0|     2|           1|           1|
    |ap_condition_92588               |       and|   0|  0|     2|           1|           1|
    |ap_condition_93146               |       and|   0|  0|     2|           1|           1|
    |ap_condition_93151               |       and|   0|  0|     2|           1|           1|
    |ap_condition_93156               |       and|   0|  0|     2|           1|           1|
    |ap_condition_93162               |       and|   0|  0|     2|           1|           1|
    |ap_condition_93169               |       and|   0|  0|     2|           1|           1|
    |ap_condition_93177               |       and|   0|  0|     2|           1|           1|
    |ap_condition_93186               |       and|   0|  0|     2|           1|           1|
    |ap_condition_93196               |       and|   0|  0|     2|           1|           1|
    |ap_condition_93207               |       and|   0|  0|     2|           1|           1|
    |ap_condition_93219               |       and|   0|  0|     2|           1|           1|
    |ap_condition_93232               |       and|   0|  0|     2|           1|           1|
    |ap_condition_93246               |       and|   0|  0|     2|           1|           1|
    |ap_condition_93261               |       and|   0|  0|     2|           1|           1|
    |ap_condition_93277               |       and|   0|  0|     2|           1|           1|
    |ap_condition_93294               |       and|   0|  0|     2|           1|           1|
    |ap_condition_93312               |       and|   0|  0|     2|           1|           1|
    |ap_condition_93331               |       and|   0|  0|     2|           1|           1|
    |ap_condition_93351               |       and|   0|  0|     2|           1|           1|
    |ap_condition_93372               |       and|   0|  0|     2|           1|           1|
    |ap_condition_93394               |       and|   0|  0|     2|           1|           1|
    |ap_condition_93417               |       and|   0|  0|     2|           1|           1|
    |ap_condition_93441               |       and|   0|  0|     2|           1|           1|
    |ap_condition_93466               |       and|   0|  0|     2|           1|           1|
    |ap_condition_93492               |       and|   0|  0|     2|           1|           1|
    |ap_condition_93519               |       and|   0|  0|     2|           1|           1|
    |ap_condition_93547               |       and|   0|  0|     2|           1|           1|
    |ap_condition_93576               |       and|   0|  0|     2|           1|           1|
    |ap_condition_93606               |       and|   0|  0|     2|           1|           1|
    |ap_condition_93637               |       and|   0|  0|     2|           1|           1|
    |ap_condition_93669               |       and|   0|  0|     2|           1|           1|
    |ap_condition_94227               |       and|   0|  0|     2|           1|           1|
    |ap_condition_94232               |       and|   0|  0|     2|           1|           1|
    |ap_condition_94237               |       and|   0|  0|     2|           1|           1|
    |ap_condition_94243               |       and|   0|  0|     2|           1|           1|
    |ap_condition_94250               |       and|   0|  0|     2|           1|           1|
    |ap_condition_94258               |       and|   0|  0|     2|           1|           1|
    |ap_condition_94267               |       and|   0|  0|     2|           1|           1|
    |ap_condition_94277               |       and|   0|  0|     2|           1|           1|
    |ap_condition_94288               |       and|   0|  0|     2|           1|           1|
    |ap_condition_94300               |       and|   0|  0|     2|           1|           1|
    |ap_condition_94313               |       and|   0|  0|     2|           1|           1|
    |ap_condition_94327               |       and|   0|  0|     2|           1|           1|
    |ap_condition_94342               |       and|   0|  0|     2|           1|           1|
    |ap_condition_94358               |       and|   0|  0|     2|           1|           1|
    |ap_condition_94375               |       and|   0|  0|     2|           1|           1|
    |ap_condition_94393               |       and|   0|  0|     2|           1|           1|
    |ap_condition_94412               |       and|   0|  0|     2|           1|           1|
    |ap_condition_94432               |       and|   0|  0|     2|           1|           1|
    |ap_condition_94453               |       and|   0|  0|     2|           1|           1|
    |ap_condition_94475               |       and|   0|  0|     2|           1|           1|
    |ap_condition_94498               |       and|   0|  0|     2|           1|           1|
    |ap_condition_94522               |       and|   0|  0|     2|           1|           1|
    |ap_condition_94547               |       and|   0|  0|     2|           1|           1|
    |ap_condition_9455                |       and|   0|  0|     2|           1|           1|
    |ap_condition_94573               |       and|   0|  0|     2|           1|           1|
    |ap_condition_94600               |       and|   0|  0|     2|           1|           1|
    |ap_condition_9461                |       and|   0|  0|     2|           1|           1|
    |ap_condition_94628               |       and|   0|  0|     2|           1|           1|
    |ap_condition_9464                |       and|   0|  0|     2|           1|           1|
    |ap_condition_94657               |       and|   0|  0|     2|           1|           1|
    |ap_condition_9467                |       and|   0|  0|     2|           1|           1|
    |ap_condition_94687               |       and|   0|  0|     2|           1|           1|
    |ap_condition_9470                |       and|   0|  0|     2|           1|           1|
    |ap_condition_94718               |       and|   0|  0|     2|           1|           1|
    |ap_condition_9473                |       and|   0|  0|     2|           1|           1|
    |ap_condition_94750               |       and|   0|  0|     2|           1|           1|
    |ap_condition_9476                |       and|   0|  0|     2|           1|           1|
    |ap_condition_9479                |       and|   0|  0|     2|           1|           1|
    |ap_condition_9482                |       and|   0|  0|     2|           1|           1|
    |ap_condition_9485                |       and|   0|  0|     2|           1|           1|
    |ap_condition_9488                |       and|   0|  0|     2|           1|           1|
    |ap_condition_9491                |       and|   0|  0|     2|           1|           1|
    |ap_condition_9494                |       and|   0|  0|     2|           1|           1|
    |ap_condition_9497                |       and|   0|  0|     2|           1|           1|
    |ap_condition_9500                |       and|   0|  0|     2|           1|           1|
    |ap_condition_9503                |       and|   0|  0|     2|           1|           1|
    |ap_condition_9506                |       and|   0|  0|     2|           1|           1|
    |ap_condition_9509                |       and|   0|  0|     2|           1|           1|
    |ap_condition_9512                |       and|   0|  0|     2|           1|           1|
    |ap_condition_9515                |       and|   0|  0|     2|           1|           1|
    |ap_condition_9518                |       and|   0|  0|     2|           1|           1|
    |ap_condition_9521                |       and|   0|  0|     2|           1|           1|
    |ap_condition_9524                |       and|   0|  0|     2|           1|           1|
    |ap_condition_9527                |       and|   0|  0|     2|           1|           1|
    |ap_condition_9530                |       and|   0|  0|     2|           1|           1|
    |ap_condition_95308               |       and|   0|  0|     2|           1|           1|
    |ap_condition_95313               |       and|   0|  0|     2|           1|           1|
    |ap_condition_95318               |       and|   0|  0|     2|           1|           1|
    |ap_condition_95324               |       and|   0|  0|     2|           1|           1|
    |ap_condition_9533                |       and|   0|  0|     2|           1|           1|
    |ap_condition_95331               |       and|   0|  0|     2|           1|           1|
    |ap_condition_95339               |       and|   0|  0|     2|           1|           1|
    |ap_condition_95348               |       and|   0|  0|     2|           1|           1|
    |ap_condition_95358               |       and|   0|  0|     2|           1|           1|
    |ap_condition_9536                |       and|   0|  0|     2|           1|           1|
    |ap_condition_95369               |       and|   0|  0|     2|           1|           1|
    |ap_condition_95381               |       and|   0|  0|     2|           1|           1|
    |ap_condition_9539                |       and|   0|  0|     2|           1|           1|
    |ap_condition_95394               |       and|   0|  0|     2|           1|           1|
    |ap_condition_95408               |       and|   0|  0|     2|           1|           1|
    |ap_condition_9542                |       and|   0|  0|     2|           1|           1|
    |ap_condition_95423               |       and|   0|  0|     2|           1|           1|
    |ap_condition_95439               |       and|   0|  0|     2|           1|           1|
    |ap_condition_9545                |       and|   0|  0|     2|           1|           1|
    |ap_condition_95456               |       and|   0|  0|     2|           1|           1|
    |ap_condition_95474               |       and|   0|  0|     2|           1|           1|
    |ap_condition_95493               |       and|   0|  0|     2|           1|           1|
    |ap_condition_95513               |       and|   0|  0|     2|           1|           1|
    |ap_condition_95534               |       and|   0|  0|     2|           1|           1|
    |ap_condition_95556               |       and|   0|  0|     2|           1|           1|
    |ap_condition_95579               |       and|   0|  0|     2|           1|           1|
    |ap_condition_95603               |       and|   0|  0|     2|           1|           1|
    |ap_condition_95628               |       and|   0|  0|     2|           1|           1|
    |ap_condition_95654               |       and|   0|  0|     2|           1|           1|
    |ap_condition_95681               |       and|   0|  0|     2|           1|           1|
    |ap_condition_95709               |       and|   0|  0|     2|           1|           1|
    |ap_condition_95738               |       and|   0|  0|     2|           1|           1|
    |ap_condition_95768               |       and|   0|  0|     2|           1|           1|
    |ap_condition_95799               |       and|   0|  0|     2|           1|           1|
    |ap_condition_95831               |       and|   0|  0|     2|           1|           1|
    |ap_condition_95865               |       and|   0|  0|     2|           1|           1|
    |ap_condition_95870               |       and|   0|  0|     2|           1|           1|
    |ap_condition_95875               |       and|   0|  0|     2|           1|           1|
    |ap_condition_95881               |       and|   0|  0|     2|           1|           1|
    |ap_condition_95888               |       and|   0|  0|     2|           1|           1|
    |ap_condition_95896               |       and|   0|  0|     2|           1|           1|
    |ap_condition_95905               |       and|   0|  0|     2|           1|           1|
    |ap_condition_95915               |       and|   0|  0|     2|           1|           1|
    |ap_condition_95926               |       and|   0|  0|     2|           1|           1|
    |ap_condition_95938               |       and|   0|  0|     2|           1|           1|
    |ap_condition_95951               |       and|   0|  0|     2|           1|           1|
    |ap_condition_95965               |       and|   0|  0|     2|           1|           1|
    |ap_condition_95980               |       and|   0|  0|     2|           1|           1|
    |ap_condition_95996               |       and|   0|  0|     2|           1|           1|
    |ap_condition_96013               |       and|   0|  0|     2|           1|           1|
    |ap_condition_96031               |       and|   0|  0|     2|           1|           1|
    |ap_condition_96050               |       and|   0|  0|     2|           1|           1|
    |ap_condition_96070               |       and|   0|  0|     2|           1|           1|
    |ap_condition_96091               |       and|   0|  0|     2|           1|           1|
    |ap_condition_96113               |       and|   0|  0|     2|           1|           1|
    |ap_condition_96136               |       and|   0|  0|     2|           1|           1|
    |ap_condition_96160               |       and|   0|  0|     2|           1|           1|
    |ap_condition_96185               |       and|   0|  0|     2|           1|           1|
    |ap_condition_96211               |       and|   0|  0|     2|           1|           1|
    |ap_condition_96238               |       and|   0|  0|     2|           1|           1|
    |ap_condition_96266               |       and|   0|  0|     2|           1|           1|
    |ap_condition_96295               |       and|   0|  0|     2|           1|           1|
    |ap_condition_96325               |       and|   0|  0|     2|           1|           1|
    |ap_condition_96356               |       and|   0|  0|     2|           1|           1|
    |ap_condition_96388               |       and|   0|  0|     2|           1|           1|
    |ap_condition_96946               |       and|   0|  0|     2|           1|           1|
    |ap_condition_96951               |       and|   0|  0|     2|           1|           1|
    |ap_condition_96956               |       and|   0|  0|     2|           1|           1|
    |ap_condition_96962               |       and|   0|  0|     2|           1|           1|
    |ap_condition_96969               |       and|   0|  0|     2|           1|           1|
    |ap_condition_96977               |       and|   0|  0|     2|           1|           1|
    |ap_condition_96986               |       and|   0|  0|     2|           1|           1|
    |ap_condition_96996               |       and|   0|  0|     2|           1|           1|
    |ap_condition_97007               |       and|   0|  0|     2|           1|           1|
    |ap_condition_97019               |       and|   0|  0|     2|           1|           1|
    |ap_condition_97032               |       and|   0|  0|     2|           1|           1|
    |ap_condition_97046               |       and|   0|  0|     2|           1|           1|
    |ap_condition_97061               |       and|   0|  0|     2|           1|           1|
    |ap_condition_97077               |       and|   0|  0|     2|           1|           1|
    |ap_condition_97094               |       and|   0|  0|     2|           1|           1|
    |ap_condition_97112               |       and|   0|  0|     2|           1|           1|
    |ap_condition_97131               |       and|   0|  0|     2|           1|           1|
    |ap_condition_97151               |       and|   0|  0|     2|           1|           1|
    |ap_condition_97172               |       and|   0|  0|     2|           1|           1|
    |ap_condition_97194               |       and|   0|  0|     2|           1|           1|
    |ap_condition_97217               |       and|   0|  0|     2|           1|           1|
    |ap_condition_97241               |       and|   0|  0|     2|           1|           1|
    |ap_condition_97266               |       and|   0|  0|     2|           1|           1|
    |ap_condition_97292               |       and|   0|  0|     2|           1|           1|
    |ap_condition_97319               |       and|   0|  0|     2|           1|           1|
    |ap_condition_97347               |       and|   0|  0|     2|           1|           1|
    |ap_condition_97376               |       and|   0|  0|     2|           1|           1|
    |ap_condition_97406               |       and|   0|  0|     2|           1|           1|
    |ap_condition_97437               |       and|   0|  0|     2|           1|           1|
    |ap_condition_97469               |       and|   0|  0|     2|           1|           1|
    |ap_condition_98027               |       and|   0|  0|     2|           1|           1|
    |ap_condition_98032               |       and|   0|  0|     2|           1|           1|
    |ap_condition_98037               |       and|   0|  0|     2|           1|           1|
    |ap_condition_98043               |       and|   0|  0|     2|           1|           1|
    |ap_condition_98050               |       and|   0|  0|     2|           1|           1|
    |ap_condition_98058               |       and|   0|  0|     2|           1|           1|
    |ap_condition_98067               |       and|   0|  0|     2|           1|           1|
    |ap_condition_98077               |       and|   0|  0|     2|           1|           1|
    |ap_condition_98088               |       and|   0|  0|     2|           1|           1|
    |ap_condition_98100               |       and|   0|  0|     2|           1|           1|
    |ap_condition_98113               |       and|   0|  0|     2|           1|           1|
    |ap_condition_98127               |       and|   0|  0|     2|           1|           1|
    |ap_condition_98142               |       and|   0|  0|     2|           1|           1|
    |ap_condition_98158               |       and|   0|  0|     2|           1|           1|
    |ap_condition_98175               |       and|   0|  0|     2|           1|           1|
    |ap_condition_98193               |       and|   0|  0|     2|           1|           1|
    |ap_condition_98212               |       and|   0|  0|     2|           1|           1|
    |ap_condition_98232               |       and|   0|  0|     2|           1|           1|
    |ap_condition_98253               |       and|   0|  0|     2|           1|           1|
    |ap_condition_98275               |       and|   0|  0|     2|           1|           1|
    |ap_condition_98298               |       and|   0|  0|     2|           1|           1|
    |ap_condition_98322               |       and|   0|  0|     2|           1|           1|
    |ap_condition_98347               |       and|   0|  0|     2|           1|           1|
    |ap_condition_98373               |       and|   0|  0|     2|           1|           1|
    |ap_condition_98400               |       and|   0|  0|     2|           1|           1|
    |ap_condition_98428               |       and|   0|  0|     2|           1|           1|
    |ap_condition_98457               |       and|   0|  0|     2|           1|           1|
    |ap_condition_9848                |       and|   0|  0|     2|           1|           1|
    |ap_condition_98487               |       and|   0|  0|     2|           1|           1|
    |ap_condition_98518               |       and|   0|  0|     2|           1|           1|
    |ap_condition_9854                |       and|   0|  0|     2|           1|           1|
    |ap_condition_98550               |       and|   0|  0|     2|           1|           1|
    |ap_condition_9857                |       and|   0|  0|     2|           1|           1|
    |ap_condition_9860                |       and|   0|  0|     2|           1|           1|
    |ap_condition_9863                |       and|   0|  0|     2|           1|           1|
    |ap_condition_9866                |       and|   0|  0|     2|           1|           1|
    |ap_condition_9869                |       and|   0|  0|     2|           1|           1|
    |ap_condition_9872                |       and|   0|  0|     2|           1|           1|
    |ap_condition_9875                |       and|   0|  0|     2|           1|           1|
    |ap_condition_9878                |       and|   0|  0|     2|           1|           1|
    |ap_condition_9881                |       and|   0|  0|     2|           1|           1|
    |ap_condition_9884                |       and|   0|  0|     2|           1|           1|
    |ap_condition_9887                |       and|   0|  0|     2|           1|           1|
    |ap_condition_9890                |       and|   0|  0|     2|           1|           1|
    |ap_condition_9893                |       and|   0|  0|     2|           1|           1|
    |ap_condition_9896                |       and|   0|  0|     2|           1|           1|
    |ap_condition_9899                |       and|   0|  0|     2|           1|           1|
    |ap_condition_9902                |       and|   0|  0|     2|           1|           1|
    |ap_condition_9905                |       and|   0|  0|     2|           1|           1|
    |ap_condition_9908                |       and|   0|  0|     2|           1|           1|
    |ap_condition_99108               |       and|   0|  0|     2|           1|           1|
    |ap_condition_9911                |       and|   0|  0|     2|           1|           1|
    |ap_condition_99113               |       and|   0|  0|     2|           1|           1|
    |ap_condition_99118               |       and|   0|  0|     2|           1|           1|
    |ap_condition_99124               |       and|   0|  0|     2|           1|           1|
    |ap_condition_99131               |       and|   0|  0|     2|           1|           1|
    |ap_condition_99139               |       and|   0|  0|     2|           1|           1|
    |ap_condition_9914                |       and|   0|  0|     2|           1|           1|
    |ap_condition_99148               |       and|   0|  0|     2|           1|           1|
    |ap_condition_99158               |       and|   0|  0|     2|           1|           1|
    |ap_condition_99169               |       and|   0|  0|     2|           1|           1|
    |ap_condition_9917                |       and|   0|  0|     2|           1|           1|
    |ap_condition_99181               |       and|   0|  0|     2|           1|           1|
    |ap_condition_99194               |       and|   0|  0|     2|           1|           1|
    |ap_condition_9920                |       and|   0|  0|     2|           1|           1|
    |ap_condition_99208               |       and|   0|  0|     2|           1|           1|
    |ap_condition_99223               |       and|   0|  0|     2|           1|           1|
    |ap_condition_9923                |       and|   0|  0|     2|           1|           1|
    |ap_condition_99239               |       and|   0|  0|     2|           1|           1|
    |ap_condition_99256               |       and|   0|  0|     2|           1|           1|
    |ap_condition_9926                |       and|   0|  0|     2|           1|           1|
    |ap_condition_99274               |       and|   0|  0|     2|           1|           1|
    |ap_condition_9929                |       and|   0|  0|     2|           1|           1|
    |ap_condition_99293               |       and|   0|  0|     2|           1|           1|
    |ap_condition_99313               |       and|   0|  0|     2|           1|           1|
    |ap_condition_9932                |       and|   0|  0|     2|           1|           1|
    |ap_condition_99334               |       and|   0|  0|     2|           1|           1|
    |ap_condition_9935                |       and|   0|  0|     2|           1|           1|
    |ap_condition_99356               |       and|   0|  0|     2|           1|           1|
    |ap_condition_99379               |       and|   0|  0|     2|           1|           1|
    |ap_condition_9938                |       and|   0|  0|     2|           1|           1|
    |ap_condition_99403               |       and|   0|  0|     2|           1|           1|
    |ap_condition_99428               |       and|   0|  0|     2|           1|           1|
    |ap_condition_99454               |       and|   0|  0|     2|           1|           1|
    |ap_condition_99481               |       and|   0|  0|     2|           1|           1|
    |ap_condition_99509               |       and|   0|  0|     2|           1|           1|
    |ap_condition_99538               |       and|   0|  0|     2|           1|           1|
    |ap_condition_99568               |       and|   0|  0|     2|           1|           1|
    |ap_condition_99599               |       and|   0|  0|     2|           1|           1|
    |ap_condition_99631               |       and|   0|  0|     2|           1|           1|
    |best_4_fu_46344_p2               |       and|   0|  0|     2|           1|           1|
    |icmp_ln100_fu_46317_p2           |      icmp|   0|  0|    72|          65|          65|
    |icmp_ln121_1_fu_47530_p2         |      icmp|   0|  0|    24|          17|          17|
    |icmp_ln121_2_fu_71772_p2         |      icmp|   0|  0|    24|          17|          17|
    |icmp_ln121_fu_45296_p2           |      icmp|   0|  0|    24|          17|          17|
    |icmp_ln122_1_fu_47535_p2         |      icmp|   0|  0|    24|          17|          17|
    |icmp_ln122_2_fu_71790_p2         |      icmp|   0|  0|    24|          17|          17|
    |icmp_ln122_fu_45314_p2           |      icmp|   0|  0|    24|          17|          17|
    |icmp_ln124_1_fu_71778_p2         |      icmp|   0|  0|    24|          17|          17|
    |icmp_ln124_fu_45302_p2           |      icmp|   0|  0|    24|          17|          17|
    |icmp_ln133_1_fu_47651_p2         |      icmp|   0|  0|   135|         128|         128|
    |icmp_ln133_2_fu_71910_p2         |      icmp|   0|  0|   135|         128|         128|
    |icmp_ln133_fu_45434_p2           |      icmp|   0|  0|   135|         128|         128|
    |icmp_ln188_fu_47737_p2           |      icmp|   0|  0|    12|           4|           1|
    |icmp_ln238_1_fu_71237_p2         |      icmp|   0|  0|    39|          32|           1|
    |icmp_ln238_fu_44761_p2           |      icmp|   0|  0|    39|          32|           1|
    |icmp_ln246_1_fu_71939_p2         |      icmp|   0|  0|    24|          17|           8|
    |icmp_ln246_fu_45463_p2           |      icmp|   0|  0|    24|          17|           8|
    |icmp_ln250_1_fu_71953_p2         |      icmp|   0|  0|    17|          10|           1|
    |icmp_ln250_fu_45477_p2           |      icmp|   0|  0|    17|          10|           1|
    |icmp_ln263_fu_45803_p2           |      icmp|   0|  0|    39|          32|           1|
    |icmp_ln279_2_fu_47112_p2         |      icmp|   0|  0|     9|           2|           1|
    |icmp_ln279_fu_46732_p2           |      icmp|   0|  0|     9|           2|           1|
    |icmp_ln281_1_fu_46926_p2         |      icmp|   0|  0|     9|           2|           1|
    |icmp_ln281_2_fu_47306_p2         |      icmp|   0|  0|     9|           2|           1|
    |icmp_ln281_3_fu_47500_p2         |      icmp|   0|  0|     9|           2|           1|
    |icmp_ln281_fu_46546_p2           |      icmp|   0|  0|     9|           2|           1|
    |icmp_ln290_fu_47668_p2           |      icmp|   0|  0|    10|           3|           1|
    |icmp_ln38_10_fu_29449_p2         |      icmp|   0|  0|    39|          32|           1|
    |icmp_ln38_11_fu_30180_p2         |      icmp|   0|  0|    39|          32|           1|
    |icmp_ln38_12_fu_30911_p2         |      icmp|   0|  0|    39|          32|           1|
    |icmp_ln38_13_fu_31642_p2         |      icmp|   0|  0|    39|          32|           1|
    |icmp_ln38_14_fu_32373_p2         |      icmp|   0|  0|    39|          32|           1|
    |icmp_ln38_15_fu_33104_p2         |      icmp|   0|  0|    39|          32|           1|
    |icmp_ln38_16_fu_33835_p2         |      icmp|   0|  0|    39|          32|           1|
    |icmp_ln38_17_fu_34566_p2         |      icmp|   0|  0|    39|          32|           1|
    |icmp_ln38_18_fu_35297_p2         |      icmp|   0|  0|    39|          32|           1|
    |icmp_ln38_19_fu_36028_p2         |      icmp|   0|  0|    39|          32|           1|
    |icmp_ln38_1_fu_22870_p2          |      icmp|   0|  0|    39|          32|           1|
    |icmp_ln38_20_fu_36759_p2         |      icmp|   0|  0|    39|          32|           1|
    |icmp_ln38_21_fu_37490_p2         |      icmp|   0|  0|    39|          32|           1|
    |icmp_ln38_22_fu_38221_p2         |      icmp|   0|  0|    39|          32|           1|
    |icmp_ln38_23_fu_38952_p2         |      icmp|   0|  0|    39|          32|           1|
    |icmp_ln38_24_fu_39683_p2         |      icmp|   0|  0|    39|          32|           1|
    |icmp_ln38_25_fu_40414_p2         |      icmp|   0|  0|    39|          32|           1|
    |icmp_ln38_26_fu_41145_p2         |      icmp|   0|  0|    39|          32|           1|
    |icmp_ln38_27_fu_41876_p2         |      icmp|   0|  0|    39|          32|           1|
    |icmp_ln38_28_fu_42607_p2         |      icmp|   0|  0|    39|          32|           1|
    |icmp_ln38_29_fu_43338_p2         |      icmp|   0|  0|    39|          32|           1|
    |icmp_ln38_2_fu_23601_p2          |      icmp|   0|  0|    39|          32|           1|
    |icmp_ln38_30_fu_44069_p2         |      icmp|   0|  0|    39|          32|           1|
    |icmp_ln38_31_fu_48344_p2         |      icmp|   0|  0|    39|          32|           1|
    |icmp_ln38_32_fu_49079_p2         |      icmp|   0|  0|    39|          32|           1|
    |icmp_ln38_33_fu_49819_p2         |      icmp|   0|  0|    39|          32|           1|
    |icmp_ln38_34_fu_50559_p2         |      icmp|   0|  0|    39|          32|           1|
    |icmp_ln38_35_fu_51299_p2         |      icmp|   0|  0|    39|          32|           1|
    |icmp_ln38_36_fu_52039_p2         |      icmp|   0|  0|    39|          32|           1|
    |icmp_ln38_37_fu_52779_p2         |      icmp|   0|  0|    39|          32|           1|
    |icmp_ln38_38_fu_53519_p2         |      icmp|   0|  0|    39|          32|           1|
    |icmp_ln38_39_fu_54259_p2         |      icmp|   0|  0|    39|          32|           1|
    |icmp_ln38_3_fu_24332_p2          |      icmp|   0|  0|    39|          32|           1|
    |icmp_ln38_40_fu_54999_p2         |      icmp|   0|  0|    39|          32|           1|
    |icmp_ln38_41_fu_55739_p2         |      icmp|   0|  0|    39|          32|           1|
    |icmp_ln38_42_fu_56479_p2         |      icmp|   0|  0|    39|          32|           1|
    |icmp_ln38_43_fu_57219_p2         |      icmp|   0|  0|    39|          32|           1|
    |icmp_ln38_44_fu_57959_p2         |      icmp|   0|  0|    39|          32|           1|
    |icmp_ln38_45_fu_58699_p2         |      icmp|   0|  0|    39|          32|           1|
    |icmp_ln38_46_fu_59439_p2         |      icmp|   0|  0|    39|          32|           1|
    |icmp_ln38_47_fu_60179_p2         |      icmp|   0|  0|    39|          32|           1|
    |icmp_ln38_48_fu_60919_p2         |      icmp|   0|  0|    39|          32|           1|
    |icmp_ln38_49_fu_61659_p2         |      icmp|   0|  0|    39|          32|           1|
    |icmp_ln38_4_fu_25063_p2          |      icmp|   0|  0|    39|          32|           1|
    |icmp_ln38_50_fu_62399_p2         |      icmp|   0|  0|    39|          32|           1|
    |icmp_ln38_51_fu_63139_p2         |      icmp|   0|  0|    39|          32|           1|
    |icmp_ln38_52_fu_63879_p2         |      icmp|   0|  0|    39|          32|           1|
    |icmp_ln38_53_fu_64619_p2         |      icmp|   0|  0|    39|          32|           1|
    |icmp_ln38_54_fu_65359_p2         |      icmp|   0|  0|    39|          32|           1|
    |icmp_ln38_55_fu_66099_p2         |      icmp|   0|  0|    39|          32|           1|
    |icmp_ln38_56_fu_66839_p2         |      icmp|   0|  0|    39|          32|           1|
    |icmp_ln38_57_fu_67579_p2         |      icmp|   0|  0|    39|          32|           1|
    |icmp_ln38_58_fu_68319_p2         |      icmp|   0|  0|    39|          32|           1|
    |icmp_ln38_59_fu_69059_p2         |      icmp|   0|  0|    39|          32|           1|
    |icmp_ln38_5_fu_25794_p2          |      icmp|   0|  0|    39|          32|           1|
    |icmp_ln38_60_fu_69799_p2         |      icmp|   0|  0|    39|          32|           1|
    |icmp_ln38_61_fu_70539_p2         |      icmp|   0|  0|    39|          32|           1|
    |icmp_ln38_6_fu_26525_p2          |      icmp|   0|  0|    39|          32|           1|
    |icmp_ln38_7_fu_27256_p2          |      icmp|   0|  0|    39|          32|           1|
    |icmp_ln38_8_fu_27987_p2          |      icmp|   0|  0|    39|          32|           1|
    |icmp_ln38_9_fu_28718_p2          |      icmp|   0|  0|    39|          32|           1|
    |icmp_ln38_fu_22143_p2            |      icmp|   0|  0|    39|          32|           1|
    |icmp_ln39_10_fu_29389_p2         |      icmp|   0|  0|    39|          32|           1|
    |icmp_ln39_11_fu_30120_p2         |      icmp|   0|  0|    39|          32|           1|
    |icmp_ln39_12_fu_30851_p2         |      icmp|   0|  0|    39|          32|           1|
    |icmp_ln39_13_fu_31582_p2         |      icmp|   0|  0|    39|          32|           1|
    |icmp_ln39_14_fu_32313_p2         |      icmp|   0|  0|    39|          32|           1|
    |icmp_ln39_15_fu_33044_p2         |      icmp|   0|  0|    39|          32|           1|
    |icmp_ln39_16_fu_33775_p2         |      icmp|   0|  0|    39|          32|           1|
    |icmp_ln39_17_fu_34506_p2         |      icmp|   0|  0|    39|          32|           1|
    |icmp_ln39_18_fu_35237_p2         |      icmp|   0|  0|    39|          32|           1|
    |icmp_ln39_19_fu_35968_p2         |      icmp|   0|  0|    39|          32|           1|
    |icmp_ln39_1_fu_22812_p2          |      icmp|   0|  0|    39|          32|           1|
    |icmp_ln39_20_fu_36699_p2         |      icmp|   0|  0|    39|          32|           1|
    |icmp_ln39_21_fu_37430_p2         |      icmp|   0|  0|    39|          32|           1|
    |icmp_ln39_22_fu_38161_p2         |      icmp|   0|  0|    39|          32|           1|
    |icmp_ln39_23_fu_38892_p2         |      icmp|   0|  0|    39|          32|           1|
    |icmp_ln39_24_fu_39623_p2         |      icmp|   0|  0|    39|          32|           1|
    |icmp_ln39_25_fu_40354_p2         |      icmp|   0|  0|    39|          32|           1|
    |icmp_ln39_26_fu_41085_p2         |      icmp|   0|  0|    39|          32|           1|
    |icmp_ln39_27_fu_41816_p2         |      icmp|   0|  0|    39|          32|           1|
    |icmp_ln39_28_fu_42547_p2         |      icmp|   0|  0|    39|          32|           1|
    |icmp_ln39_29_fu_43278_p2         |      icmp|   0|  0|    39|          32|           1|
    |icmp_ln39_2_fu_23541_p2          |      icmp|   0|  0|    39|          32|           1|
    |icmp_ln39_30_fu_44009_p2         |      icmp|   0|  0|    39|          32|           1|
    |icmp_ln39_31_fu_44740_p2         |      icmp|   0|  0|    39|          32|           1|
    |icmp_ln39_32_fu_48290_p2         |      icmp|   0|  0|    39|          32|           1|
    |icmp_ln39_33_fu_48616_p2         |      icmp|   0|  0|    39|          32|           1|
    |icmp_ln39_34_fu_49351_p2         |      icmp|   0|  0|    39|          32|           1|
    |icmp_ln39_35_fu_50091_p2         |      icmp|   0|  0|    39|          32|           1|
    |icmp_ln39_36_fu_50831_p2         |      icmp|   0|  0|    39|          32|           1|
    |icmp_ln39_37_fu_51571_p2         |      icmp|   0|  0|    39|          32|           1|
    |icmp_ln39_38_fu_52311_p2         |      icmp|   0|  0|    39|          32|           1|
    |icmp_ln39_39_fu_53051_p2         |      icmp|   0|  0|    39|          32|           1|
    |icmp_ln39_3_fu_24272_p2          |      icmp|   0|  0|    39|          32|           1|
    |icmp_ln39_40_fu_53791_p2         |      icmp|   0|  0|    39|          32|           1|
    |icmp_ln39_41_fu_54531_p2         |      icmp|   0|  0|    39|          32|           1|
    |icmp_ln39_42_fu_55271_p2         |      icmp|   0|  0|    39|          32|           1|
    |icmp_ln39_43_fu_56011_p2         |      icmp|   0|  0|    39|          32|           1|
    |icmp_ln39_44_fu_56751_p2         |      icmp|   0|  0|    39|          32|           1|
    |icmp_ln39_45_fu_57491_p2         |      icmp|   0|  0|    39|          32|           1|
    |icmp_ln39_46_fu_58231_p2         |      icmp|   0|  0|    39|          32|           1|
    |icmp_ln39_47_fu_58971_p2         |      icmp|   0|  0|    39|          32|           1|
    |icmp_ln39_48_fu_59711_p2         |      icmp|   0|  0|    39|          32|           1|
    |icmp_ln39_49_fu_60451_p2         |      icmp|   0|  0|    39|          32|           1|
    |icmp_ln39_4_fu_25003_p2          |      icmp|   0|  0|    39|          32|           1|
    |icmp_ln39_50_fu_61191_p2         |      icmp|   0|  0|    39|          32|           1|
    |icmp_ln39_51_fu_61931_p2         |      icmp|   0|  0|    39|          32|           1|
    |icmp_ln39_52_fu_62671_p2         |      icmp|   0|  0|    39|          32|           1|
    |icmp_ln39_53_fu_63411_p2         |      icmp|   0|  0|    39|          32|           1|
    |icmp_ln39_54_fu_64151_p2         |      icmp|   0|  0|    39|          32|           1|
    |icmp_ln39_55_fu_64891_p2         |      icmp|   0|  0|    39|          32|           1|
    |icmp_ln39_56_fu_65631_p2         |      icmp|   0|  0|    39|          32|           1|
    |icmp_ln39_57_fu_66371_p2         |      icmp|   0|  0|    39|          32|           1|
    |icmp_ln39_58_fu_67111_p2         |      icmp|   0|  0|    39|          32|           1|
    |icmp_ln39_59_fu_67851_p2         |      icmp|   0|  0|    39|          32|           1|
    |icmp_ln39_5_fu_25734_p2          |      icmp|   0|  0|    39|          32|           1|
    |icmp_ln39_60_fu_68591_p2         |      icmp|   0|  0|    39|          32|           1|
    |icmp_ln39_61_fu_69331_p2         |      icmp|   0|  0|    39|          32|           1|
    |icmp_ln39_62_fu_70071_p2         |      icmp|   0|  0|    39|          32|           1|
    |icmp_ln39_63_fu_70811_p2         |      icmp|   0|  0|    39|          32|           1|
    |icmp_ln39_6_fu_26465_p2          |      icmp|   0|  0|    39|          32|           1|
    |icmp_ln39_7_fu_27196_p2          |      icmp|   0|  0|    39|          32|           1|
    |icmp_ln39_8_fu_27927_p2          |      icmp|   0|  0|    39|          32|           1|
    |icmp_ln39_9_fu_28658_p2          |      icmp|   0|  0|    39|          32|           1|
    |icmp_ln39_fu_22085_p2            |      icmp|   0|  0|    39|          32|           1|
    |icmp_ln41_10_fu_29455_p2         |      icmp|   0|  0|    39|          32|           1|
    |icmp_ln41_11_fu_30186_p2         |      icmp|   0|  0|    39|          32|           1|
    |icmp_ln41_12_fu_30917_p2         |      icmp|   0|  0|    39|          32|           1|
    |icmp_ln41_13_fu_31648_p2         |      icmp|   0|  0|    39|          32|           1|
    |icmp_ln41_14_fu_32379_p2         |      icmp|   0|  0|    39|          32|           1|
    |icmp_ln41_15_fu_33110_p2         |      icmp|   0|  0|    39|          32|           1|
    |icmp_ln41_16_fu_33841_p2         |      icmp|   0|  0|    39|          32|           1|
    |icmp_ln41_17_fu_34572_p2         |      icmp|   0|  0|    39|          32|           1|
    |icmp_ln41_18_fu_35303_p2         |      icmp|   0|  0|    39|          32|           1|
    |icmp_ln41_19_fu_36034_p2         |      icmp|   0|  0|    39|          32|           1|
    |icmp_ln41_1_fu_22876_p2          |      icmp|   0|  0|    39|          32|           1|
    |icmp_ln41_20_fu_36765_p2         |      icmp|   0|  0|    39|          32|           1|
    |icmp_ln41_21_fu_37496_p2         |      icmp|   0|  0|    39|          32|           1|
    |icmp_ln41_22_fu_38227_p2         |      icmp|   0|  0|    39|          32|           1|
    |icmp_ln41_23_fu_38958_p2         |      icmp|   0|  0|    39|          32|           1|
    |icmp_ln41_24_fu_39689_p2         |      icmp|   0|  0|    39|          32|           1|
    |icmp_ln41_25_fu_40420_p2         |      icmp|   0|  0|    39|          32|           1|
    |icmp_ln41_26_fu_41151_p2         |      icmp|   0|  0|    39|          32|           1|
    |icmp_ln41_27_fu_41882_p2         |      icmp|   0|  0|    39|          32|           1|
    |icmp_ln41_28_fu_42613_p2         |      icmp|   0|  0|    39|          32|           1|
    |icmp_ln41_29_fu_43344_p2         |      icmp|   0|  0|    39|          32|           1|
    |icmp_ln41_2_fu_23607_p2          |      icmp|   0|  0|    39|          32|           1|
    |icmp_ln41_30_fu_44075_p2         |      icmp|   0|  0|    39|          32|           1|
    |icmp_ln41_31_fu_48350_p2         |      icmp|   0|  0|    39|          32|           1|
    |icmp_ln41_32_fu_49085_p2         |      icmp|   0|  0|    39|          32|           1|
    |icmp_ln41_33_fu_49825_p2         |      icmp|   0|  0|    39|          32|           1|
    |icmp_ln41_34_fu_50565_p2         |      icmp|   0|  0|    39|          32|           1|
    |icmp_ln41_35_fu_51305_p2         |      icmp|   0|  0|    39|          32|           1|
    |icmp_ln41_36_fu_52045_p2         |      icmp|   0|  0|    39|          32|           1|
    |icmp_ln41_37_fu_52785_p2         |      icmp|   0|  0|    39|          32|           1|
    |icmp_ln41_38_fu_53525_p2         |      icmp|   0|  0|    39|          32|           1|
    |icmp_ln41_39_fu_54265_p2         |      icmp|   0|  0|    39|          32|           1|
    |icmp_ln41_3_fu_24338_p2          |      icmp|   0|  0|    39|          32|           1|
    |icmp_ln41_40_fu_55005_p2         |      icmp|   0|  0|    39|          32|           1|
    |icmp_ln41_41_fu_55745_p2         |      icmp|   0|  0|    39|          32|           1|
    |icmp_ln41_42_fu_56485_p2         |      icmp|   0|  0|    39|          32|           1|
    |icmp_ln41_43_fu_57225_p2         |      icmp|   0|  0|    39|          32|           1|
    |icmp_ln41_44_fu_57965_p2         |      icmp|   0|  0|    39|          32|           1|
    |icmp_ln41_45_fu_58705_p2         |      icmp|   0|  0|    39|          32|           1|
    |icmp_ln41_46_fu_59445_p2         |      icmp|   0|  0|    39|          32|           1|
    |icmp_ln41_47_fu_60185_p2         |      icmp|   0|  0|    39|          32|           1|
    |icmp_ln41_48_fu_60925_p2         |      icmp|   0|  0|    39|          32|           1|
    |icmp_ln41_49_fu_61665_p2         |      icmp|   0|  0|    39|          32|           1|
    |icmp_ln41_4_fu_25069_p2          |      icmp|   0|  0|    39|          32|           1|
    |icmp_ln41_50_fu_62405_p2         |      icmp|   0|  0|    39|          32|           1|
    |icmp_ln41_51_fu_63145_p2         |      icmp|   0|  0|    39|          32|           1|
    |icmp_ln41_52_fu_63885_p2         |      icmp|   0|  0|    39|          32|           1|
    |icmp_ln41_53_fu_64625_p2         |      icmp|   0|  0|    39|          32|           1|
    |icmp_ln41_54_fu_65365_p2         |      icmp|   0|  0|    39|          32|           1|
    |icmp_ln41_55_fu_66105_p2         |      icmp|   0|  0|    39|          32|           1|
    |icmp_ln41_56_fu_66845_p2         |      icmp|   0|  0|    39|          32|           1|
    |icmp_ln41_57_fu_67585_p2         |      icmp|   0|  0|    39|          32|           1|
    |icmp_ln41_58_fu_68325_p2         |      icmp|   0|  0|    39|          32|           1|
    |icmp_ln41_59_fu_69065_p2         |      icmp|   0|  0|    39|          32|           1|
    |icmp_ln41_5_fu_25800_p2          |      icmp|   0|  0|    39|          32|           1|
    |icmp_ln41_60_fu_69805_p2         |      icmp|   0|  0|    39|          32|           1|
    |icmp_ln41_61_fu_70545_p2         |      icmp|   0|  0|    39|          32|           1|
    |icmp_ln41_6_fu_26531_p2          |      icmp|   0|  0|    39|          32|           1|
    |icmp_ln41_7_fu_27262_p2          |      icmp|   0|  0|    39|          32|           1|
    |icmp_ln41_8_fu_27993_p2          |      icmp|   0|  0|    39|          32|           1|
    |icmp_ln41_9_fu_28724_p2          |      icmp|   0|  0|    39|          32|           1|
    |icmp_ln41_fu_22149_p2            |      icmp|   0|  0|    39|          32|           1|
    |icmp_ln464_fu_45579_p2           |      icmp|   0|  0|    14|           6|           7|
    |icmp_ln46_10_fu_29978_p2         |      icmp|   0|  0|    24|          17|          17|
    |icmp_ln46_11_fu_30709_p2         |      icmp|   0|  0|    24|          17|          17|
    |icmp_ln46_12_fu_31440_p2         |      icmp|   0|  0|    24|          17|          17|
    |icmp_ln46_13_fu_32171_p2         |      icmp|   0|  0|    24|          17|          17|
    |icmp_ln46_14_fu_32902_p2         |      icmp|   0|  0|    24|          17|          17|
    |icmp_ln46_15_fu_33633_p2         |      icmp|   0|  0|    24|          17|          17|
    |icmp_ln46_16_fu_34364_p2         |      icmp|   0|  0|    24|          17|          17|
    |icmp_ln46_17_fu_35095_p2         |      icmp|   0|  0|    24|          17|          17|
    |icmp_ln46_18_fu_35826_p2         |      icmp|   0|  0|    24|          17|          17|
    |icmp_ln46_19_fu_36557_p2         |      icmp|   0|  0|    24|          17|          17|
    |icmp_ln46_1_fu_23399_p2          |      icmp|   0|  0|    24|          17|          17|
    |icmp_ln46_20_fu_37288_p2         |      icmp|   0|  0|    24|          17|          17|
    |icmp_ln46_21_fu_38019_p2         |      icmp|   0|  0|    24|          17|          17|
    |icmp_ln46_22_fu_38750_p2         |      icmp|   0|  0|    24|          17|          17|
    |icmp_ln46_23_fu_39481_p2         |      icmp|   0|  0|    24|          17|          17|
    |icmp_ln46_24_fu_40212_p2         |      icmp|   0|  0|    24|          17|          17|
    |icmp_ln46_25_fu_40943_p2         |      icmp|   0|  0|    24|          17|          17|
    |icmp_ln46_26_fu_41674_p2         |      icmp|   0|  0|    24|          17|          17|
    |icmp_ln46_27_fu_42405_p2         |      icmp|   0|  0|    24|          17|          17|
    |icmp_ln46_28_fu_43136_p2         |      icmp|   0|  0|    24|          17|          17|
    |icmp_ln46_29_fu_43867_p2         |      icmp|   0|  0|    24|          17|          17|
    |icmp_ln46_2_fu_24130_p2          |      icmp|   0|  0|    24|          17|          17|
    |icmp_ln46_30_fu_44598_p2         |      icmp|   0|  0|    24|          17|          17|
    |icmp_ln46_31_fu_48879_p2         |      icmp|   0|  0|    24|          17|          17|
    |icmp_ln46_32_fu_49615_p2         |      icmp|   0|  0|    24|          17|          17|
    |icmp_ln46_33_fu_50355_p2         |      icmp|   0|  0|    24|          17|          17|
    |icmp_ln46_34_fu_51095_p2         |      icmp|   0|  0|    24|          17|          17|
    |icmp_ln46_35_fu_51835_p2         |      icmp|   0|  0|    24|          17|          17|
    |icmp_ln46_36_fu_52575_p2         |      icmp|   0|  0|    24|          17|          17|
    |icmp_ln46_37_fu_53315_p2         |      icmp|   0|  0|    24|          17|          17|
    |icmp_ln46_38_fu_54055_p2         |      icmp|   0|  0|    24|          17|          17|
    |icmp_ln46_39_fu_54795_p2         |      icmp|   0|  0|    24|          17|          17|
    |icmp_ln46_3_fu_24861_p2          |      icmp|   0|  0|    24|          17|          17|
    |icmp_ln46_40_fu_55535_p2         |      icmp|   0|  0|    24|          17|          17|
    |icmp_ln46_41_fu_56275_p2         |      icmp|   0|  0|    24|          17|          17|
    |icmp_ln46_42_fu_57015_p2         |      icmp|   0|  0|    24|          17|          17|
    |icmp_ln46_43_fu_57755_p2         |      icmp|   0|  0|    24|          17|          17|
    |icmp_ln46_44_fu_58495_p2         |      icmp|   0|  0|    24|          17|          17|
    |icmp_ln46_45_fu_59235_p2         |      icmp|   0|  0|    24|          17|          17|
    |icmp_ln46_46_fu_59975_p2         |      icmp|   0|  0|    24|          17|          17|
    |icmp_ln46_47_fu_60715_p2         |      icmp|   0|  0|    24|          17|          17|
    |icmp_ln46_48_fu_61455_p2         |      icmp|   0|  0|    24|          17|          17|
    |icmp_ln46_49_fu_62195_p2         |      icmp|   0|  0|    24|          17|          17|
    |icmp_ln46_4_fu_25592_p2          |      icmp|   0|  0|    24|          17|          17|
    |icmp_ln46_50_fu_62935_p2         |      icmp|   0|  0|    24|          17|          17|
    |icmp_ln46_51_fu_63675_p2         |      icmp|   0|  0|    24|          17|          17|
    |icmp_ln46_52_fu_64415_p2         |      icmp|   0|  0|    24|          17|          17|
    |icmp_ln46_53_fu_65155_p2         |      icmp|   0|  0|    24|          17|          17|
    |icmp_ln46_54_fu_65895_p2         |      icmp|   0|  0|    24|          17|          17|
    |icmp_ln46_55_fu_66635_p2         |      icmp|   0|  0|    24|          17|          17|
    |icmp_ln46_56_fu_67375_p2         |      icmp|   0|  0|    24|          17|          17|
    |icmp_ln46_57_fu_68115_p2         |      icmp|   0|  0|    24|          17|          17|
    |icmp_ln46_58_fu_68855_p2         |      icmp|   0|  0|    24|          17|          17|
    |icmp_ln46_59_fu_69595_p2         |      icmp|   0|  0|    24|          17|          17|
    |icmp_ln46_5_fu_26323_p2          |      icmp|   0|  0|    24|          17|          17|
    |icmp_ln46_60_fu_70335_p2         |      icmp|   0|  0|    24|          17|          17|
    |icmp_ln46_61_fu_71075_p2         |      icmp|   0|  0|    24|          17|          17|
    |icmp_ln46_6_fu_27054_p2          |      icmp|   0|  0|    24|          17|          17|
    |icmp_ln46_7_fu_27785_p2          |      icmp|   0|  0|    24|          17|          17|
    |icmp_ln46_8_fu_28516_p2          |      icmp|   0|  0|    24|          17|          17|
    |icmp_ln46_9_fu_29247_p2          |      icmp|   0|  0|    24|          17|          17|
    |icmp_ln46_fu_22672_p2            |      icmp|   0|  0|    24|          17|          17|
    |icmp_ln47_10_fu_29983_p2         |      icmp|   0|  0|    24|          17|          17|
    |icmp_ln47_11_fu_30714_p2         |      icmp|   0|  0|    24|          17|          17|
    |icmp_ln47_12_fu_31445_p2         |      icmp|   0|  0|    24|          17|          17|
    |icmp_ln47_13_fu_32176_p2         |      icmp|   0|  0|    24|          17|          17|
    |icmp_ln47_14_fu_32907_p2         |      icmp|   0|  0|    24|          17|          17|
    |icmp_ln47_15_fu_33638_p2         |      icmp|   0|  0|    24|          17|          17|
    |icmp_ln47_16_fu_34369_p2         |      icmp|   0|  0|    24|          17|          17|
    |icmp_ln47_17_fu_35100_p2         |      icmp|   0|  0|    24|          17|          17|
    |icmp_ln47_18_fu_35831_p2         |      icmp|   0|  0|    24|          17|          17|
    |icmp_ln47_19_fu_36562_p2         |      icmp|   0|  0|    24|          17|          17|
    |icmp_ln47_1_fu_23404_p2          |      icmp|   0|  0|    24|          17|          17|
    |icmp_ln47_20_fu_37293_p2         |      icmp|   0|  0|    24|          17|          17|
    |icmp_ln47_21_fu_38024_p2         |      icmp|   0|  0|    24|          17|          17|
    |icmp_ln47_22_fu_38755_p2         |      icmp|   0|  0|    24|          17|          17|
    |icmp_ln47_23_fu_39486_p2         |      icmp|   0|  0|    24|          17|          17|
    |icmp_ln47_24_fu_40217_p2         |      icmp|   0|  0|    24|          17|          17|
    |icmp_ln47_25_fu_40948_p2         |      icmp|   0|  0|    24|          17|          17|
    |icmp_ln47_26_fu_41679_p2         |      icmp|   0|  0|    24|          17|          17|
    |icmp_ln47_27_fu_42410_p2         |      icmp|   0|  0|    24|          17|          17|
    |icmp_ln47_28_fu_43141_p2         |      icmp|   0|  0|    24|          17|          17|
    |icmp_ln47_29_fu_43872_p2         |      icmp|   0|  0|    24|          17|          17|
    |icmp_ln47_2_fu_24135_p2          |      icmp|   0|  0|    24|          17|          17|
    |icmp_ln47_30_fu_44603_p2         |      icmp|   0|  0|    24|          17|          17|
    |icmp_ln47_31_fu_48884_p2         |      icmp|   0|  0|    24|          17|          17|
    |icmp_ln47_32_fu_49620_p2         |      icmp|   0|  0|    24|          17|          17|
    |icmp_ln47_33_fu_50360_p2         |      icmp|   0|  0|    24|          17|          17|
    |icmp_ln47_34_fu_51100_p2         |      icmp|   0|  0|    24|          17|          17|
    |icmp_ln47_35_fu_51840_p2         |      icmp|   0|  0|    24|          17|          17|
    |icmp_ln47_36_fu_52580_p2         |      icmp|   0|  0|    24|          17|          17|
    |icmp_ln47_37_fu_53320_p2         |      icmp|   0|  0|    24|          17|          17|
    |icmp_ln47_38_fu_54060_p2         |      icmp|   0|  0|    24|          17|          17|
    |icmp_ln47_39_fu_54800_p2         |      icmp|   0|  0|    24|          17|          17|
    |icmp_ln47_3_fu_24866_p2          |      icmp|   0|  0|    24|          17|          17|
    |icmp_ln47_40_fu_55540_p2         |      icmp|   0|  0|    24|          17|          17|
    |icmp_ln47_41_fu_56280_p2         |      icmp|   0|  0|    24|          17|          17|
    |icmp_ln47_42_fu_57020_p2         |      icmp|   0|  0|    24|          17|          17|
    |icmp_ln47_43_fu_57760_p2         |      icmp|   0|  0|    24|          17|          17|
    |icmp_ln47_44_fu_58500_p2         |      icmp|   0|  0|    24|          17|          17|
    |icmp_ln47_45_fu_59240_p2         |      icmp|   0|  0|    24|          17|          17|
    |icmp_ln47_46_fu_59980_p2         |      icmp|   0|  0|    24|          17|          17|
    |icmp_ln47_47_fu_60720_p2         |      icmp|   0|  0|    24|          17|          17|
    |icmp_ln47_48_fu_61460_p2         |      icmp|   0|  0|    24|          17|          17|
    |icmp_ln47_49_fu_62200_p2         |      icmp|   0|  0|    24|          17|          17|
    |icmp_ln47_4_fu_25597_p2          |      icmp|   0|  0|    24|          17|          17|
    |icmp_ln47_50_fu_62940_p2         |      icmp|   0|  0|    24|          17|          17|
    |icmp_ln47_51_fu_63680_p2         |      icmp|   0|  0|    24|          17|          17|
    |icmp_ln47_52_fu_64420_p2         |      icmp|   0|  0|    24|          17|          17|
    |icmp_ln47_53_fu_65160_p2         |      icmp|   0|  0|    24|          17|          17|
    |icmp_ln47_54_fu_65900_p2         |      icmp|   0|  0|    24|          17|          17|
    |icmp_ln47_55_fu_66640_p2         |      icmp|   0|  0|    24|          17|          17|
    |icmp_ln47_56_fu_67380_p2         |      icmp|   0|  0|    24|          17|          17|
    |icmp_ln47_57_fu_68120_p2         |      icmp|   0|  0|    24|          17|          17|
    |icmp_ln47_58_fu_68860_p2         |      icmp|   0|  0|    24|          17|          17|
    |icmp_ln47_59_fu_69600_p2         |      icmp|   0|  0|    24|          17|          17|
    |icmp_ln47_5_fu_26328_p2          |      icmp|   0|  0|    24|          17|          17|
    |icmp_ln47_60_fu_70340_p2         |      icmp|   0|  0|    24|          17|          17|
    |icmp_ln47_61_fu_71080_p2         |      icmp|   0|  0|    24|          17|          17|
    |icmp_ln47_6_fu_27059_p2          |      icmp|   0|  0|    24|          17|          17|
    |icmp_ln47_7_fu_27790_p2          |      icmp|   0|  0|    24|          17|          17|
    |icmp_ln47_8_fu_28521_p2          |      icmp|   0|  0|    24|          17|          17|
    |icmp_ln47_9_fu_29252_p2          |      icmp|   0|  0|    24|          17|          17|
    |icmp_ln47_fu_22677_p2            |      icmp|   0|  0|    24|          17|          17|
    |icmp_ln49_10_fu_29988_p2         |      icmp|   0|  0|    23|          16|          16|
    |icmp_ln49_11_fu_30719_p2         |      icmp|   0|  0|    23|          16|          16|
    |icmp_ln49_12_fu_31450_p2         |      icmp|   0|  0|    23|          16|          16|
    |icmp_ln49_13_fu_32181_p2         |      icmp|   0|  0|    23|          16|          16|
    |icmp_ln49_14_fu_32912_p2         |      icmp|   0|  0|    23|          16|          16|
    |icmp_ln49_15_fu_33643_p2         |      icmp|   0|  0|    23|          16|          16|
    |icmp_ln49_16_fu_34374_p2         |      icmp|   0|  0|    23|          16|          16|
    |icmp_ln49_17_fu_35105_p2         |      icmp|   0|  0|    23|          16|          16|
    |icmp_ln49_18_fu_35836_p2         |      icmp|   0|  0|    23|          16|          16|
    |icmp_ln49_19_fu_36567_p2         |      icmp|   0|  0|    23|          16|          16|
    |icmp_ln49_1_fu_23409_p2          |      icmp|   0|  0|    23|          16|          16|
    |icmp_ln49_20_fu_37298_p2         |      icmp|   0|  0|    23|          16|          16|
    |icmp_ln49_21_fu_38029_p2         |      icmp|   0|  0|    23|          16|          16|
    |icmp_ln49_22_fu_38760_p2         |      icmp|   0|  0|    23|          16|          16|
    |icmp_ln49_23_fu_39491_p2         |      icmp|   0|  0|    23|          16|          16|
    |icmp_ln49_24_fu_40222_p2         |      icmp|   0|  0|    23|          16|          16|
    |icmp_ln49_25_fu_40953_p2         |      icmp|   0|  0|    23|          16|          16|
    |icmp_ln49_26_fu_41684_p2         |      icmp|   0|  0|    23|          16|          16|
    |icmp_ln49_27_fu_42415_p2         |      icmp|   0|  0|    23|          16|          16|
    |icmp_ln49_28_fu_43146_p2         |      icmp|   0|  0|    23|          16|          16|
    |icmp_ln49_29_fu_43877_p2         |      icmp|   0|  0|    23|          16|          16|
    |icmp_ln49_2_fu_24140_p2          |      icmp|   0|  0|    23|          16|          16|
    |icmp_ln49_30_fu_44608_p2         |      icmp|   0|  0|    23|          16|          16|
    |icmp_ln49_31_fu_48889_p2         |      icmp|   0|  0|    23|          16|          16|
    |icmp_ln49_32_fu_49625_p2         |      icmp|   0|  0|    23|          16|          16|
    |icmp_ln49_33_fu_50365_p2         |      icmp|   0|  0|    23|          16|          16|
    |icmp_ln49_34_fu_51105_p2         |      icmp|   0|  0|    23|          16|          16|
    |icmp_ln49_35_fu_51845_p2         |      icmp|   0|  0|    23|          16|          16|
    |icmp_ln49_36_fu_52585_p2         |      icmp|   0|  0|    23|          16|          16|
    |icmp_ln49_37_fu_53325_p2         |      icmp|   0|  0|    23|          16|          16|
    |icmp_ln49_38_fu_54065_p2         |      icmp|   0|  0|    23|          16|          16|
    |icmp_ln49_39_fu_54805_p2         |      icmp|   0|  0|    23|          16|          16|
    |icmp_ln49_3_fu_24871_p2          |      icmp|   0|  0|    23|          16|          16|
    |icmp_ln49_40_fu_55545_p2         |      icmp|   0|  0|    23|          16|          16|
    |icmp_ln49_41_fu_56285_p2         |      icmp|   0|  0|    23|          16|          16|
    |icmp_ln49_42_fu_57025_p2         |      icmp|   0|  0|    23|          16|          16|
    |icmp_ln49_43_fu_57765_p2         |      icmp|   0|  0|    23|          16|          16|
    |icmp_ln49_44_fu_58505_p2         |      icmp|   0|  0|    23|          16|          16|
    |icmp_ln49_45_fu_59245_p2         |      icmp|   0|  0|    23|          16|          16|
    |icmp_ln49_46_fu_59985_p2         |      icmp|   0|  0|    23|          16|          16|
    |icmp_ln49_47_fu_60725_p2         |      icmp|   0|  0|    23|          16|          16|
    |icmp_ln49_48_fu_61465_p2         |      icmp|   0|  0|    23|          16|          16|
    |icmp_ln49_49_fu_62205_p2         |      icmp|   0|  0|    23|          16|          16|
    |icmp_ln49_4_fu_25602_p2          |      icmp|   0|  0|    23|          16|          16|
    |icmp_ln49_50_fu_62945_p2         |      icmp|   0|  0|    23|          16|          16|
    |icmp_ln49_51_fu_63685_p2         |      icmp|   0|  0|    23|          16|          16|
    |icmp_ln49_52_fu_64425_p2         |      icmp|   0|  0|    23|          16|          16|
    |icmp_ln49_53_fu_65165_p2         |      icmp|   0|  0|    23|          16|          16|
    |icmp_ln49_54_fu_65905_p2         |      icmp|   0|  0|    23|          16|          16|
    |icmp_ln49_55_fu_66645_p2         |      icmp|   0|  0|    23|          16|          16|
    |icmp_ln49_56_fu_67385_p2         |      icmp|   0|  0|    23|          16|          16|
    |icmp_ln49_57_fu_68125_p2         |      icmp|   0|  0|    23|          16|          16|
    |icmp_ln49_58_fu_68865_p2         |      icmp|   0|  0|    23|          16|          16|
    |icmp_ln49_59_fu_69605_p2         |      icmp|   0|  0|    23|          16|          16|
    |icmp_ln49_5_fu_26333_p2          |      icmp|   0|  0|    23|          16|          16|
    |icmp_ln49_60_fu_70345_p2         |      icmp|   0|  0|    23|          16|          16|
    |icmp_ln49_61_fu_71085_p2         |      icmp|   0|  0|    23|          16|          16|
    |icmp_ln49_6_fu_27064_p2          |      icmp|   0|  0|    23|          16|          16|
    |icmp_ln49_7_fu_27795_p2          |      icmp|   0|  0|    23|          16|          16|
    |icmp_ln49_8_fu_28526_p2          |      icmp|   0|  0|    23|          16|          16|
    |icmp_ln49_9_fu_29257_p2          |      icmp|   0|  0|    23|          16|          16|
    |icmp_ln49_fu_22682_p2            |      icmp|   0|  0|    23|          16|          16|
    |icmp_ln58_10_fu_30114_p2         |      icmp|   0|  0|    71|          64|          64|
    |icmp_ln58_11_fu_30845_p2         |      icmp|   0|  0|    71|          64|          64|
    |icmp_ln58_12_fu_31576_p2         |      icmp|   0|  0|    71|          64|          64|
    |icmp_ln58_13_fu_32307_p2         |      icmp|   0|  0|    71|          64|          64|
    |icmp_ln58_14_fu_33038_p2         |      icmp|   0|  0|    71|          64|          64|
    |icmp_ln58_15_fu_33769_p2         |      icmp|   0|  0|    71|          64|          64|
    |icmp_ln58_16_fu_34500_p2         |      icmp|   0|  0|    71|          64|          64|
    |icmp_ln58_17_fu_35231_p2         |      icmp|   0|  0|    71|          64|          64|
    |icmp_ln58_18_fu_35962_p2         |      icmp|   0|  0|    71|          64|          64|
    |icmp_ln58_19_fu_36693_p2         |      icmp|   0|  0|    71|          64|          64|
    |icmp_ln58_1_fu_23535_p2          |      icmp|   0|  0|    71|          64|          64|
    |icmp_ln58_20_fu_37424_p2         |      icmp|   0|  0|    71|          64|          64|
    |icmp_ln58_21_fu_38155_p2         |      icmp|   0|  0|    71|          64|          64|
    |icmp_ln58_22_fu_38886_p2         |      icmp|   0|  0|    71|          64|          64|
    |icmp_ln58_23_fu_39617_p2         |      icmp|   0|  0|    71|          64|          64|
    |icmp_ln58_24_fu_40348_p2         |      icmp|   0|  0|    71|          64|          64|
    |icmp_ln58_25_fu_41079_p2         |      icmp|   0|  0|    71|          64|          64|
    |icmp_ln58_26_fu_41810_p2         |      icmp|   0|  0|    71|          64|          64|
    |icmp_ln58_27_fu_42541_p2         |      icmp|   0|  0|    71|          64|          64|
    |icmp_ln58_28_fu_43272_p2         |      icmp|   0|  0|    71|          64|          64|
    |icmp_ln58_29_fu_44003_p2         |      icmp|   0|  0|    71|          64|          64|
    |icmp_ln58_2_fu_24266_p2          |      icmp|   0|  0|    71|          64|          64|
    |icmp_ln58_30_fu_44734_p2         |      icmp|   0|  0|    71|          64|          64|
    |icmp_ln58_31_fu_49015_p2         |      icmp|   0|  0|    71|          64|          64|
    |icmp_ln58_32_fu_49753_p2         |      icmp|   0|  0|    71|          64|          64|
    |icmp_ln58_33_fu_50493_p2         |      icmp|   0|  0|    71|          64|          64|
    |icmp_ln58_34_fu_51233_p2         |      icmp|   0|  0|    71|          64|          64|
    |icmp_ln58_35_fu_51973_p2         |      icmp|   0|  0|    71|          64|          64|
    |icmp_ln58_36_fu_52713_p2         |      icmp|   0|  0|    71|          64|          64|
    |icmp_ln58_37_fu_53453_p2         |      icmp|   0|  0|    71|          64|          64|
    |icmp_ln58_38_fu_54193_p2         |      icmp|   0|  0|    71|          64|          64|
    |icmp_ln58_39_fu_54933_p2         |      icmp|   0|  0|    71|          64|          64|
    |icmp_ln58_3_fu_24997_p2          |      icmp|   0|  0|    71|          64|          64|
    |icmp_ln58_40_fu_55673_p2         |      icmp|   0|  0|    71|          64|          64|
    |icmp_ln58_41_fu_56413_p2         |      icmp|   0|  0|    71|          64|          64|
    |icmp_ln58_42_fu_57153_p2         |      icmp|   0|  0|    71|          64|          64|
    |icmp_ln58_43_fu_57893_p2         |      icmp|   0|  0|    71|          64|          64|
    |icmp_ln58_44_fu_58633_p2         |      icmp|   0|  0|    71|          64|          64|
    |icmp_ln58_45_fu_59373_p2         |      icmp|   0|  0|    71|          64|          64|
    |icmp_ln58_46_fu_60113_p2         |      icmp|   0|  0|    71|          64|          64|
    |icmp_ln58_47_fu_60853_p2         |      icmp|   0|  0|    71|          64|          64|
    |icmp_ln58_48_fu_61593_p2         |      icmp|   0|  0|    71|          64|          64|
    |icmp_ln58_49_fu_62333_p2         |      icmp|   0|  0|    71|          64|          64|
    |icmp_ln58_4_fu_25728_p2          |      icmp|   0|  0|    71|          64|          64|
    |icmp_ln58_50_fu_63073_p2         |      icmp|   0|  0|    71|          64|          64|
    |icmp_ln58_51_fu_63813_p2         |      icmp|   0|  0|    71|          64|          64|
    |icmp_ln58_52_fu_64553_p2         |      icmp|   0|  0|    71|          64|          64|
    |icmp_ln58_53_fu_65293_p2         |      icmp|   0|  0|    71|          64|          64|
    |icmp_ln58_54_fu_66033_p2         |      icmp|   0|  0|    71|          64|          64|
    |icmp_ln58_55_fu_66773_p2         |      icmp|   0|  0|    71|          64|          64|
    |icmp_ln58_56_fu_67513_p2         |      icmp|   0|  0|    71|          64|          64|
    |icmp_ln58_57_fu_68253_p2         |      icmp|   0|  0|    71|          64|          64|
    |icmp_ln58_58_fu_68993_p2         |      icmp|   0|  0|    71|          64|          64|
    |icmp_ln58_59_fu_69733_p2         |      icmp|   0|  0|    71|          64|          64|
    |icmp_ln58_5_fu_26459_p2          |      icmp|   0|  0|    71|          64|          64|
    |icmp_ln58_60_fu_70473_p2         |      icmp|   0|  0|    71|          64|          64|
    |icmp_ln58_61_fu_71213_p2         |      icmp|   0|  0|    71|          64|          64|
    |icmp_ln58_6_fu_27190_p2          |      icmp|   0|  0|    71|          64|          64|
    |icmp_ln58_7_fu_27921_p2          |      icmp|   0|  0|    71|          64|          64|
    |icmp_ln58_8_fu_28652_p2          |      icmp|   0|  0|    71|          64|          64|
    |icmp_ln58_9_fu_29383_p2          |      icmp|   0|  0|    71|          64|          64|
    |icmp_ln58_fu_22806_p2            |      icmp|   0|  0|    71|          64|          64|
    |icmp_ln87_1_fu_46378_p2          |      icmp|   0|  0|    24|          17|          17|
    |icmp_ln87_2_fu_46572_p2          |      icmp|   0|  0|    24|          17|          17|
    |icmp_ln87_3_fu_46758_p2          |      icmp|   0|  0|    24|          17|          17|
    |icmp_ln87_4_fu_46952_p2          |      icmp|   0|  0|    24|          17|          17|
    |icmp_ln87_5_fu_47138_p2          |      icmp|   0|  0|    24|          17|          17|
    |icmp_ln87_6_fu_47332_p2          |      icmp|   0|  0|    24|          17|          17|
    |icmp_ln87_fu_46183_p2            |      icmp|   0|  0|    24|          17|          17|
    |icmp_ln88_1_fu_46383_p2          |      icmp|   0|  0|    24|          17|          17|
    |icmp_ln88_2_fu_46577_p2          |      icmp|   0|  0|    24|          17|          17|
    |icmp_ln88_3_fu_46763_p2          |      icmp|   0|  0|    24|          17|          17|
    |icmp_ln88_4_fu_46957_p2          |      icmp|   0|  0|    24|          17|          17|
    |icmp_ln88_5_fu_47143_p2          |      icmp|   0|  0|    24|          17|          17|
    |icmp_ln88_6_fu_47337_p2          |      icmp|   0|  0|    24|          17|          17|
    |icmp_ln88_fu_46188_p2            |      icmp|   0|  0|    24|          17|          17|
    |icmp_ln90_fu_45827_p2            |      icmp|   0|  0|    23|          16|          16|
    |icmp_ln97_fu_46311_p2            |      icmp|   0|  0|    72|          65|          65|
    |not_icmp_ln97_1_fu_46506_p2      |      icmp|   0|  0|    72|          65|          65|
    |not_icmp_ln97_2_fu_46700_p2      |      icmp|   0|  0|    72|          65|          65|
    |not_icmp_ln97_3_fu_46886_p2      |      icmp|   0|  0|    72|          65|          65|
    |not_icmp_ln97_4_fu_47080_p2      |      icmp|   0|  0|    72|          65|          65|
    |not_icmp_ln97_5_fu_47266_p2      |      icmp|   0|  0|    72|          65|          65|
    |not_icmp_ln97_6_fu_47460_p2      |      icmp|   0|  0|    72|          65|          65|
    |ult1509_fu_46706_p2              |      icmp|   0|  0|    72|          65|          65|
    |ult1511_fu_46892_p2              |      icmp|   0|  0|    72|          65|          65|
    |ult1513_fu_47086_p2              |      icmp|   0|  0|    72|          65|          65|
    |ult1515_fu_47272_p2              |      icmp|   0|  0|    72|          65|          65|
    |ult1517_fu_47466_p2              |      icmp|   0|  0|    72|          65|          65|
    |ult_fu_46512_p2                  |      icmp|   0|  0|    72|          65|          65|
    |lshr_ln128_1_fu_47596_p2         |      lshr|   0|  0|   423|         128|         128|
    |lshr_ln128_2_fu_71838_p2         |      lshr|   0|  0|   423|         128|         128|
    |lshr_ln128_fu_45362_p2           |      lshr|   0|  0|   423|         128|         128|
    |lshr_ln131_1_fu_47637_p2         |      lshr|   0|  0|   423|           4|         128|
    |lshr_ln131_2_fu_71878_p2         |      lshr|   0|  0|   423|           4|         128|
    |lshr_ln131_fu_45402_p2           |      lshr|   0|  0|   423|           4|         128|
    |lshr_ln53_10_fu_30056_p2         |      lshr|   0|  0|   182|          64|          64|
    |lshr_ln53_11_fu_30787_p2         |      lshr|   0|  0|   182|          64|          64|
    |lshr_ln53_12_fu_31518_p2         |      lshr|   0|  0|   182|          64|          64|
    |lshr_ln53_13_fu_32249_p2         |      lshr|   0|  0|   182|          64|          64|
    |lshr_ln53_14_fu_32980_p2         |      lshr|   0|  0|   182|          64|          64|
    |lshr_ln53_15_fu_33711_p2         |      lshr|   0|  0|   182|          64|          64|
    |lshr_ln53_16_fu_34442_p2         |      lshr|   0|  0|   182|          64|          64|
    |lshr_ln53_17_fu_35173_p2         |      lshr|   0|  0|   182|          64|          64|
    |lshr_ln53_18_fu_35904_p2         |      lshr|   0|  0|   182|          64|          64|
    |lshr_ln53_19_fu_36635_p2         |      lshr|   0|  0|   182|          64|          64|
    |lshr_ln53_1_fu_23477_p2          |      lshr|   0|  0|   182|          64|          64|
    |lshr_ln53_20_fu_37366_p2         |      lshr|   0|  0|   182|          64|          64|
    |lshr_ln53_21_fu_38097_p2         |      lshr|   0|  0|   182|          64|          64|
    |lshr_ln53_22_fu_38828_p2         |      lshr|   0|  0|   182|          64|          64|
    |lshr_ln53_23_fu_39559_p2         |      lshr|   0|  0|   182|          64|          64|
    |lshr_ln53_24_fu_40290_p2         |      lshr|   0|  0|   182|          64|          64|
    |lshr_ln53_25_fu_41021_p2         |      lshr|   0|  0|   182|          64|          64|
    |lshr_ln53_26_fu_41752_p2         |      lshr|   0|  0|   182|          64|          64|
    |lshr_ln53_27_fu_42483_p2         |      lshr|   0|  0|   182|          64|          64|
    |lshr_ln53_28_fu_43214_p2         |      lshr|   0|  0|   182|          64|          64|
    |lshr_ln53_29_fu_43945_p2         |      lshr|   0|  0|   182|          64|          64|
    |lshr_ln53_2_fu_24208_p2          |      lshr|   0|  0|   182|          64|          64|
    |lshr_ln53_30_fu_44676_p2         |      lshr|   0|  0|   182|          64|          64|
    |lshr_ln53_31_fu_48957_p2         |      lshr|   0|  0|   182|          64|          64|
    |lshr_ln53_32_fu_49695_p2         |      lshr|   0|  0|   182|          64|          64|
    |lshr_ln53_33_fu_50435_p2         |      lshr|   0|  0|   182|          64|          64|
    |lshr_ln53_34_fu_51175_p2         |      lshr|   0|  0|   182|          64|          64|
    |lshr_ln53_35_fu_51915_p2         |      lshr|   0|  0|   182|          64|          64|
    |lshr_ln53_36_fu_52655_p2         |      lshr|   0|  0|   182|          64|          64|
    |lshr_ln53_37_fu_53395_p2         |      lshr|   0|  0|   182|          64|          64|
    |lshr_ln53_38_fu_54135_p2         |      lshr|   0|  0|   182|          64|          64|
    |lshr_ln53_39_fu_54875_p2         |      lshr|   0|  0|   182|          64|          64|
    |lshr_ln53_3_fu_24939_p2          |      lshr|   0|  0|   182|          64|          64|
    |lshr_ln53_40_fu_55615_p2         |      lshr|   0|  0|   182|          64|          64|
    |lshr_ln53_41_fu_56355_p2         |      lshr|   0|  0|   182|          64|          64|
    |lshr_ln53_42_fu_57095_p2         |      lshr|   0|  0|   182|          64|          64|
    |lshr_ln53_43_fu_57835_p2         |      lshr|   0|  0|   182|          64|          64|
    |lshr_ln53_44_fu_58575_p2         |      lshr|   0|  0|   182|          64|          64|
    |lshr_ln53_45_fu_59315_p2         |      lshr|   0|  0|   182|          64|          64|
    |lshr_ln53_46_fu_60055_p2         |      lshr|   0|  0|   182|          64|          64|
    |lshr_ln53_47_fu_60795_p2         |      lshr|   0|  0|   182|          64|          64|
    |lshr_ln53_48_fu_61535_p2         |      lshr|   0|  0|   182|          64|          64|
    |lshr_ln53_49_fu_62275_p2         |      lshr|   0|  0|   182|          64|          64|
    |lshr_ln53_4_fu_25670_p2          |      lshr|   0|  0|   182|          64|          64|
    |lshr_ln53_50_fu_63015_p2         |      lshr|   0|  0|   182|          64|          64|
    |lshr_ln53_51_fu_63755_p2         |      lshr|   0|  0|   182|          64|          64|
    |lshr_ln53_52_fu_64495_p2         |      lshr|   0|  0|   182|          64|          64|
    |lshr_ln53_53_fu_65235_p2         |      lshr|   0|  0|   182|          64|          64|
    |lshr_ln53_54_fu_65975_p2         |      lshr|   0|  0|   182|          64|          64|
    |lshr_ln53_55_fu_66715_p2         |      lshr|   0|  0|   182|          64|          64|
    |lshr_ln53_56_fu_67455_p2         |      lshr|   0|  0|   182|          64|          64|
    |lshr_ln53_57_fu_68195_p2         |      lshr|   0|  0|   182|          64|          64|
    |lshr_ln53_58_fu_68935_p2         |      lshr|   0|  0|   182|          64|          64|
    |lshr_ln53_59_fu_69675_p2         |      lshr|   0|  0|   182|          64|          64|
    |lshr_ln53_5_fu_26401_p2          |      lshr|   0|  0|   182|          64|          64|
    |lshr_ln53_60_fu_70415_p2         |      lshr|   0|  0|   182|          64|          64|
    |lshr_ln53_61_fu_71155_p2         |      lshr|   0|  0|   182|          64|          64|
    |lshr_ln53_6_fu_27132_p2          |      lshr|   0|  0|   182|          64|          64|
    |lshr_ln53_7_fu_27863_p2          |      lshr|   0|  0|   182|          64|          64|
    |lshr_ln53_8_fu_28594_p2          |      lshr|   0|  0|   182|          64|          64|
    |lshr_ln53_9_fu_29325_p2          |      lshr|   0|  0|   182|          64|          64|
    |lshr_ln53_fu_22748_p2            |      lshr|   0|  0|   182|          64|          64|
    |lshr_ln56_10_fu_30100_p2         |      lshr|   0|  0|   182|          64|          64|
    |lshr_ln56_11_fu_30831_p2         |      lshr|   0|  0|   182|          64|          64|
    |lshr_ln56_12_fu_31562_p2         |      lshr|   0|  0|   182|          64|          64|
    |lshr_ln56_13_fu_32293_p2         |      lshr|   0|  0|   182|          64|          64|
    |lshr_ln56_14_fu_33024_p2         |      lshr|   0|  0|   182|          64|          64|
    |lshr_ln56_15_fu_33755_p2         |      lshr|   0|  0|   182|          64|          64|
    |lshr_ln56_16_fu_34486_p2         |      lshr|   0|  0|   182|          64|          64|
    |lshr_ln56_17_fu_35217_p2         |      lshr|   0|  0|   182|          64|          64|
    |lshr_ln56_18_fu_35948_p2         |      lshr|   0|  0|   182|          64|          64|
    |lshr_ln56_19_fu_36679_p2         |      lshr|   0|  0|   182|          64|          64|
    |lshr_ln56_1_fu_23521_p2          |      lshr|   0|  0|   182|          64|          64|
    |lshr_ln56_20_fu_37410_p2         |      lshr|   0|  0|   182|          64|          64|
    |lshr_ln56_21_fu_38141_p2         |      lshr|   0|  0|   182|          64|          64|
    |lshr_ln56_22_fu_38872_p2         |      lshr|   0|  0|   182|          64|          64|
    |lshr_ln56_23_fu_39603_p2         |      lshr|   0|  0|   182|          64|          64|
    |lshr_ln56_24_fu_40334_p2         |      lshr|   0|  0|   182|          64|          64|
    |lshr_ln56_25_fu_41065_p2         |      lshr|   0|  0|   182|          64|          64|
    |lshr_ln56_26_fu_41796_p2         |      lshr|   0|  0|   182|          64|          64|
    |lshr_ln56_27_fu_42527_p2         |      lshr|   0|  0|   182|          64|          64|
    |lshr_ln56_28_fu_43258_p2         |      lshr|   0|  0|   182|          64|          64|
    |lshr_ln56_29_fu_43989_p2         |      lshr|   0|  0|   182|          64|          64|
    |lshr_ln56_2_fu_24252_p2          |      lshr|   0|  0|   182|          64|          64|
    |lshr_ln56_30_fu_44720_p2         |      lshr|   0|  0|   182|          64|          64|
    |lshr_ln56_31_fu_49001_p2         |      lshr|   0|  0|   182|          64|          64|
    |lshr_ln56_32_fu_49739_p2         |      lshr|   0|  0|   182|          64|          64|
    |lshr_ln56_33_fu_50479_p2         |      lshr|   0|  0|   182|          64|          64|
    |lshr_ln56_34_fu_51219_p2         |      lshr|   0|  0|   182|          64|          64|
    |lshr_ln56_35_fu_51959_p2         |      lshr|   0|  0|   182|          64|          64|
    |lshr_ln56_36_fu_52699_p2         |      lshr|   0|  0|   182|          64|          64|
    |lshr_ln56_37_fu_53439_p2         |      lshr|   0|  0|   182|          64|          64|
    |lshr_ln56_38_fu_54179_p2         |      lshr|   0|  0|   182|          64|          64|
    |lshr_ln56_39_fu_54919_p2         |      lshr|   0|  0|   182|          64|          64|
    |lshr_ln56_3_fu_24983_p2          |      lshr|   0|  0|   182|          64|          64|
    |lshr_ln56_40_fu_55659_p2         |      lshr|   0|  0|   182|          64|          64|
    |lshr_ln56_41_fu_56399_p2         |      lshr|   0|  0|   182|          64|          64|
    |lshr_ln56_42_fu_57139_p2         |      lshr|   0|  0|   182|          64|          64|
    |lshr_ln56_43_fu_57879_p2         |      lshr|   0|  0|   182|          64|          64|
    |lshr_ln56_44_fu_58619_p2         |      lshr|   0|  0|   182|          64|          64|
    |lshr_ln56_45_fu_59359_p2         |      lshr|   0|  0|   182|          64|          64|
    |lshr_ln56_46_fu_60099_p2         |      lshr|   0|  0|   182|          64|          64|
    |lshr_ln56_47_fu_60839_p2         |      lshr|   0|  0|   182|          64|          64|
    |lshr_ln56_48_fu_61579_p2         |      lshr|   0|  0|   182|          64|          64|
    |lshr_ln56_49_fu_62319_p2         |      lshr|   0|  0|   182|          64|          64|
    |lshr_ln56_4_fu_25714_p2          |      lshr|   0|  0|   182|          64|          64|
    |lshr_ln56_50_fu_63059_p2         |      lshr|   0|  0|   182|          64|          64|
    |lshr_ln56_51_fu_63799_p2         |      lshr|   0|  0|   182|          64|          64|
    |lshr_ln56_52_fu_64539_p2         |      lshr|   0|  0|   182|          64|          64|
    |lshr_ln56_53_fu_65279_p2         |      lshr|   0|  0|   182|          64|          64|
    |lshr_ln56_54_fu_66019_p2         |      lshr|   0|  0|   182|          64|          64|
    |lshr_ln56_55_fu_66759_p2         |      lshr|   0|  0|   182|          64|          64|
    |lshr_ln56_56_fu_67499_p2         |      lshr|   0|  0|   182|          64|          64|
    |lshr_ln56_57_fu_68239_p2         |      lshr|   0|  0|   182|          64|          64|
    |lshr_ln56_58_fu_68979_p2         |      lshr|   0|  0|   182|          64|          64|
    |lshr_ln56_59_fu_69719_p2         |      lshr|   0|  0|   182|          64|          64|
    |lshr_ln56_5_fu_26445_p2          |      lshr|   0|  0|   182|          64|          64|
    |lshr_ln56_60_fu_70459_p2         |      lshr|   0|  0|   182|          64|          64|
    |lshr_ln56_61_fu_71199_p2         |      lshr|   0|  0|   182|          64|          64|
    |lshr_ln56_6_fu_27176_p2          |      lshr|   0|  0|   182|          64|          64|
    |lshr_ln56_7_fu_27907_p2          |      lshr|   0|  0|   182|          64|          64|
    |lshr_ln56_8_fu_28638_p2          |      lshr|   0|  0|   182|          64|          64|
    |lshr_ln56_9_fu_29369_p2          |      lshr|   0|  0|   182|          64|          64|
    |lshr_ln56_fu_22792_p2            |      lshr|   0|  0|   182|          64|          64|
    |lshr_ln94_1_fu_46460_p2          |      lshr|   0|  0|   186|          65|          65|
    |lshr_ln94_2_fu_46654_p2          |      lshr|   0|  0|   186|          65|          65|
    |lshr_ln94_3_fu_46840_p2          |      lshr|   0|  0|   186|          65|          65|
    |lshr_ln94_4_fu_47034_p2          |      lshr|   0|  0|   186|          65|          65|
    |lshr_ln94_5_fu_47220_p2          |      lshr|   0|  0|   186|          65|          65|
    |lshr_ln94_6_fu_47414_p2          |      lshr|   0|  0|   186|          65|          65|
    |lshr_ln94_fu_46265_p2            |      lshr|   0|  0|   186|          65|          65|
    |lshr_ln96_1_fu_46493_p2          |      lshr|   0|  0|   186|           2|          65|
    |lshr_ln96_2_fu_46687_p2          |      lshr|   0|  0|   186|           3|          65|
    |lshr_ln96_3_fu_46873_p2          |      lshr|   0|  0|   186|           3|          65|
    |lshr_ln96_4_fu_47067_p2          |      lshr|   0|  0|   186|           4|          65|
    |lshr_ln96_5_fu_47253_p2          |      lshr|   0|  0|   186|           4|          65|
    |lshr_ln96_6_fu_47447_p2          |      lshr|   0|  0|   186|           5|          65|
    |lshr_ln96_fu_46298_p2            |      lshr|   0|  0|   186|           1|          65|
    |candidate_1_fu_47643_p3          |    select|   0|  0|   123|           1|         128|
    |candidate_2_fu_71904_p3          |    select|   0|  0|   123|           1|         128|
    |candidate_fu_45428_p3            |    select|   0|  0|   123|           1|         128|
    |common_100_fu_43882_p3           |    select|   0|  0|    16|           1|          16|
    |common_101_fu_44613_p3           |    select|   0|  0|    16|           1|          16|
    |common_102_fu_45307_p3           |    select|   0|  0|    17|           1|          17|
    |common_104_fu_48894_p3           |    select|   0|  0|    16|           1|          16|
    |common_107_fu_49631_p3           |    select|   0|  0|    16|           1|          16|
    |common_110_fu_50371_p3           |    select|   0|  0|    16|           1|          16|
    |common_113_fu_51111_p3           |    select|   0|  0|    16|           1|          16|
    |common_115_fu_51851_p3           |    select|   0|  0|    16|           1|          16|
    |common_116_fu_52591_p3           |    select|   0|  0|    16|           1|          16|
    |common_117_fu_53331_p3           |    select|   0|  0|    16|           1|          16|
    |common_118_fu_54071_p3           |    select|   0|  0|    16|           1|          16|
    |common_119_fu_54811_p3           |    select|   0|  0|    16|           1|          16|
    |common_120_fu_55551_p3           |    select|   0|  0|    16|           1|          16|
    |common_121_fu_56291_p3           |    select|   0|  0|    16|           1|          16|
    |common_122_fu_57031_p3           |    select|   0|  0|    16|           1|          16|
    |common_123_fu_57771_p3           |    select|   0|  0|    16|           1|          16|
    |common_124_fu_58511_p3           |    select|   0|  0|    16|           1|          16|
    |common_125_fu_59251_p3           |    select|   0|  0|    16|           1|          16|
    |common_126_fu_59991_p3           |    select|   0|  0|    16|           1|          16|
    |common_127_fu_60731_p3           |    select|   0|  0|    16|           1|          16|
    |common_128_fu_61471_p3           |    select|   0|  0|    16|           1|          16|
    |common_129_fu_62211_p3           |    select|   0|  0|    16|           1|          16|
    |common_130_fu_62951_p3           |    select|   0|  0|    16|           1|          16|
    |common_131_fu_63691_p3           |    select|   0|  0|    16|           1|          16|
    |common_132_fu_64431_p3           |    select|   0|  0|    16|           1|          16|
    |common_133_fu_65171_p3           |    select|   0|  0|    16|           1|          16|
    |common_134_fu_65911_p3           |    select|   0|  0|    16|           1|          16|
    |common_135_fu_66651_p3           |    select|   0|  0|    16|           1|          16|
    |common_136_fu_67391_p3           |    select|   0|  0|    16|           1|          16|
    |common_137_fu_68131_p3           |    select|   0|  0|    16|           1|          16|
    |common_138_fu_68871_p3           |    select|   0|  0|    16|           1|          16|
    |common_139_fu_69611_p3           |    select|   0|  0|    16|           1|          16|
    |common_140_fu_70351_p3           |    select|   0|  0|    16|           1|          16|
    |common_141_fu_71091_p3           |    select|   0|  0|    16|           1|          16|
    |common_142_fu_71783_p3           |    select|   0|  0|    17|           1|          17|
    |common_72_fu_23414_p3            |    select|   0|  0|    16|           1|          16|
    |common_73_fu_24145_p3            |    select|   0|  0|    16|           1|          16|
    |common_74_fu_24876_p3            |    select|   0|  0|    16|           1|          16|
    |common_75_fu_25607_p3            |    select|   0|  0|    16|           1|          16|
    |common_76_fu_26338_p3            |    select|   0|  0|    16|           1|          16|
    |common_77_fu_27069_p3            |    select|   0|  0|    16|           1|          16|
    |common_78_fu_27800_p3            |    select|   0|  0|    16|           1|          16|
    |common_79_fu_28531_p3            |    select|   0|  0|    16|           1|          16|
    |common_80_fu_29262_p3            |    select|   0|  0|    16|           1|          16|
    |common_81_fu_29993_p3            |    select|   0|  0|    16|           1|          16|
    |common_82_fu_30724_p3            |    select|   0|  0|    16|           1|          16|
    |common_83_fu_31455_p3            |    select|   0|  0|    16|           1|          16|
    |common_84_fu_32186_p3            |    select|   0|  0|    16|           1|          16|
    |common_85_fu_32917_p3            |    select|   0|  0|    16|           1|          16|
    |common_86_fu_33648_p3            |    select|   0|  0|    16|           1|          16|
    |common_87_fu_34379_p3            |    select|   0|  0|    16|           1|          16|
    |common_88_fu_35110_p3            |    select|   0|  0|    16|           1|          16|
    |common_89_fu_35841_p3            |    select|   0|  0|    16|           1|          16|
    |common_90_fu_36572_p3            |    select|   0|  0|    16|           1|          16|
    |common_91_fu_37303_p3            |    select|   0|  0|    16|           1|          16|
    |common_92_fu_38034_p3            |    select|   0|  0|    16|           1|          16|
    |common_93_fu_38765_p3            |    select|   0|  0|    16|           1|          16|
    |common_94_fu_39496_p3            |    select|   0|  0|    16|           1|          16|
    |common_95_fu_40227_p3            |    select|   0|  0|    16|           1|          16|
    |common_96_fu_40958_p3            |    select|   0|  0|    16|           1|          16|
    |common_97_fu_41689_p3            |    select|   0|  0|    16|           1|          16|
    |common_98_fu_42420_p3            |    select|   0|  0|    16|           1|          16|
    |common_99_fu_43151_p3            |    select|   0|  0|    16|           1|          16|
    |common_fu_22686_p3               |    select|   0|  0|    16|           1|          16|
    |grp_fu_21596_p3                  |    select|   0|  0|    16|           1|          16|
    |left_227_fu_22113_p3             |    select|   0|  0|    32|           1|          32|
    |left_228_fu_48317_p3             |    select|   0|  0|    32|           1|          32|
    |left_229_fu_49049_p3             |    select|   0|  0|    32|           1|          32|
    |left_230_fu_49789_p3             |    select|   0|  0|    32|           1|          32|
    |left_231_fu_50529_p3             |    select|   0|  0|    32|           1|          32|
    |left_232_fu_51269_p3             |    select|   0|  0|    32|           1|          32|
    |left_233_fu_52009_p3             |    select|   0|  0|    32|           1|          32|
    |left_234_fu_52749_p3             |    select|   0|  0|    32|           1|          32|
    |left_235_fu_53489_p3             |    select|   0|  0|    32|           1|          32|
    |left_236_fu_54229_p3             |    select|   0|  0|    32|           1|          32|
    |left_237_fu_54969_p3             |    select|   0|  0|    32|           1|          32|
    |left_238_fu_55709_p3             |    select|   0|  0|    32|           1|          32|
    |left_239_fu_56449_p3             |    select|   0|  0|    32|           1|          32|
    |left_240_fu_57189_p3             |    select|   0|  0|    32|           1|          32|
    |left_241_fu_57929_p3             |    select|   0|  0|    32|           1|          32|
    |left_242_fu_58669_p3             |    select|   0|  0|    32|           1|          32|
    |left_243_fu_59409_p3             |    select|   0|  0|    32|           1|          32|
    |left_244_fu_60149_p3             |    select|   0|  0|    32|           1|          32|
    |left_245_fu_60889_p3             |    select|   0|  0|    32|           1|          32|
    |left_246_fu_61629_p3             |    select|   0|  0|    32|           1|          32|
    |left_247_fu_62369_p3             |    select|   0|  0|    32|           1|          32|
    |left_248_fu_63109_p3             |    select|   0|  0|    32|           1|          32|
    |left_249_fu_63849_p3             |    select|   0|  0|    32|           1|          32|
    |left_250_fu_64589_p3             |    select|   0|  0|    32|           1|          32|
    |left_251_fu_65329_p3             |    select|   0|  0|    32|           1|          32|
    |left_252_fu_66069_p3             |    select|   0|  0|    32|           1|          32|
    |left_253_fu_66809_p3             |    select|   0|  0|    32|           1|          32|
    |left_254_fu_67549_p3             |    select|   0|  0|    32|           1|          32|
    |left_255_fu_68289_p3             |    select|   0|  0|    32|           1|          32|
    |left_256_fu_69029_p3             |    select|   0|  0|    32|           1|          32|
    |left_257_fu_69769_p3             |    select|   0|  0|    32|           1|          32|
    |left_258_fu_70509_p3             |    select|   0|  0|    32|           1|          32|
    |left_259_fu_22841_p3             |    select|   0|  0|    32|           1|          32|
    |left_260_fu_23572_p3             |    select|   0|  0|    32|           1|          32|
    |left_261_fu_24303_p3             |    select|   0|  0|    32|           1|          32|
    |left_262_fu_25034_p3             |    select|   0|  0|    32|           1|          32|
    |left_263_fu_25765_p3             |    select|   0|  0|    32|           1|          32|
    |left_264_fu_26496_p3             |    select|   0|  0|    32|           1|          32|
    |left_265_fu_27227_p3             |    select|   0|  0|    32|           1|          32|
    |left_266_fu_27958_p3             |    select|   0|  0|    32|           1|          32|
    |left_267_fu_28689_p3             |    select|   0|  0|    32|           1|          32|
    |left_268_fu_29420_p3             |    select|   0|  0|    32|           1|          32|
    |left_269_fu_30151_p3             |    select|   0|  0|    32|           1|          32|
    |left_270_fu_30882_p3             |    select|   0|  0|    32|           1|          32|
    |left_271_fu_31613_p3             |    select|   0|  0|    32|           1|          32|
    |left_272_fu_32344_p3             |    select|   0|  0|    32|           1|          32|
    |left_273_fu_33075_p3             |    select|   0|  0|    32|           1|          32|
    |left_274_fu_33806_p3             |    select|   0|  0|    32|           1|          32|
    |left_275_fu_34537_p3             |    select|   0|  0|    32|           1|          32|
    |left_276_fu_35268_p3             |    select|   0|  0|    32|           1|          32|
    |left_277_fu_35999_p3             |    select|   0|  0|    32|           1|          32|
    |left_278_fu_36730_p3             |    select|   0|  0|    32|           1|          32|
    |left_279_fu_37461_p3             |    select|   0|  0|    32|           1|          32|
    |left_280_fu_38192_p3             |    select|   0|  0|    32|           1|          32|
    |left_281_fu_38923_p3             |    select|   0|  0|    32|           1|          32|
    |left_282_fu_39654_p3             |    select|   0|  0|    32|           1|          32|
    |left_283_fu_40385_p3             |    select|   0|  0|    32|           1|          32|
    |left_284_fu_41116_p3             |    select|   0|  0|    32|           1|          32|
    |left_285_fu_41847_p3             |    select|   0|  0|    32|           1|          32|
    |left_286_fu_42578_p3             |    select|   0|  0|    32|           1|          32|
    |left_287_fu_43309_p3             |    select|   0|  0|    32|           1|          32|
    |left_288_fu_44040_p3             |    select|   0|  0|    32|           1|          32|
    |left_71_fu_46271_p3              |    select|   0|  0|    63|           1|          65|
    |left_74_fu_46466_p3              |    select|   0|  0|    63|           1|          65|
    |left_75_fu_46660_p3              |    select|   0|  0|    63|           1|          65|
    |left_78_fu_46846_p3              |    select|   0|  0|    63|           1|          65|
    |left_79_fu_47040_p3              |    select|   0|  0|    63|           1|          65|
    |left_82_fu_47226_p3              |    select|   0|  0|    63|           1|          65|
    |left_83_fu_47420_p3              |    select|   0|  0|    63|           1|          65|
    |left_aligned_10_fu_30062_p3      |    select|   0|  0|    63|           1|          64|
    |left_aligned_11_fu_30793_p3      |    select|   0|  0|    63|           1|          64|
    |left_aligned_12_fu_31524_p3      |    select|   0|  0|    63|           1|          64|
    |left_aligned_13_fu_32255_p3      |    select|   0|  0|    63|           1|          64|
    |left_aligned_14_fu_32986_p3      |    select|   0|  0|    63|           1|          64|
    |left_aligned_15_fu_33717_p3      |    select|   0|  0|    63|           1|          64|
    |left_aligned_16_fu_34448_p3      |    select|   0|  0|    63|           1|          64|
    |left_aligned_17_fu_35179_p3      |    select|   0|  0|    63|           1|          64|
    |left_aligned_18_fu_35910_p3      |    select|   0|  0|    63|           1|          64|
    |left_aligned_19_fu_36641_p3      |    select|   0|  0|    63|           1|          64|
    |left_aligned_1_fu_23483_p3       |    select|   0|  0|    63|           1|          64|
    |left_aligned_20_fu_37372_p3      |    select|   0|  0|    63|           1|          64|
    |left_aligned_21_fu_38103_p3      |    select|   0|  0|    63|           1|          64|
    |left_aligned_22_fu_38834_p3      |    select|   0|  0|    63|           1|          64|
    |left_aligned_23_fu_39565_p3      |    select|   0|  0|    63|           1|          64|
    |left_aligned_24_fu_40296_p3      |    select|   0|  0|    63|           1|          64|
    |left_aligned_25_fu_41027_p3      |    select|   0|  0|    63|           1|          64|
    |left_aligned_26_fu_41758_p3      |    select|   0|  0|    63|           1|          64|
    |left_aligned_27_fu_42489_p3      |    select|   0|  0|    63|           1|          64|
    |left_aligned_28_fu_43220_p3      |    select|   0|  0|    63|           1|          64|
    |left_aligned_29_fu_43951_p3      |    select|   0|  0|    63|           1|          64|
    |left_aligned_2_fu_24214_p3       |    select|   0|  0|    63|           1|          64|
    |left_aligned_30_fu_44682_p3      |    select|   0|  0|    63|           1|          64|
    |left_aligned_31_fu_48963_p3      |    select|   0|  0|    63|           1|          64|
    |left_aligned_32_fu_49701_p3      |    select|   0|  0|    63|           1|          64|
    |left_aligned_33_fu_50441_p3      |    select|   0|  0|    63|           1|          64|
    |left_aligned_34_fu_51181_p3      |    select|   0|  0|    63|           1|          64|
    |left_aligned_35_fu_51921_p3      |    select|   0|  0|    63|           1|          64|
    |left_aligned_36_fu_52661_p3      |    select|   0|  0|    63|           1|          64|
    |left_aligned_37_fu_53401_p3      |    select|   0|  0|    63|           1|          64|
    |left_aligned_38_fu_54141_p3      |    select|   0|  0|    63|           1|          64|
    |left_aligned_39_fu_54881_p3      |    select|   0|  0|    63|           1|          64|
    |left_aligned_3_fu_24945_p3       |    select|   0|  0|    63|           1|          64|
    |left_aligned_40_fu_55621_p3      |    select|   0|  0|    63|           1|          64|
    |left_aligned_41_fu_56361_p3      |    select|   0|  0|    63|           1|          64|
    |left_aligned_42_fu_57101_p3      |    select|   0|  0|    63|           1|          64|
    |left_aligned_43_fu_57841_p3      |    select|   0|  0|    63|           1|          64|
    |left_aligned_44_fu_58581_p3      |    select|   0|  0|    63|           1|          64|
    |left_aligned_45_fu_59321_p3      |    select|   0|  0|    63|           1|          64|
    |left_aligned_46_fu_60061_p3      |    select|   0|  0|    63|           1|          64|
    |left_aligned_47_fu_60801_p3      |    select|   0|  0|    63|           1|          64|
    |left_aligned_48_fu_61541_p3      |    select|   0|  0|    63|           1|          64|
    |left_aligned_49_fu_62281_p3      |    select|   0|  0|    63|           1|          64|
    |left_aligned_4_fu_25676_p3       |    select|   0|  0|    63|           1|          64|
    |left_aligned_50_fu_63021_p3      |    select|   0|  0|    63|           1|          64|
    |left_aligned_51_fu_63761_p3      |    select|   0|  0|    63|           1|          64|
    |left_aligned_52_fu_64501_p3      |    select|   0|  0|    63|           1|          64|
    |left_aligned_53_fu_65241_p3      |    select|   0|  0|    63|           1|          64|
    |left_aligned_54_fu_65981_p3      |    select|   0|  0|    63|           1|          64|
    |left_aligned_55_fu_66721_p3      |    select|   0|  0|    63|           1|          64|
    |left_aligned_56_fu_67461_p3      |    select|   0|  0|    63|           1|          64|
    |left_aligned_57_fu_68201_p3      |    select|   0|  0|    63|           1|          64|
    |left_aligned_58_fu_68941_p3      |    select|   0|  0|    63|           1|          64|
    |left_aligned_59_fu_69681_p3      |    select|   0|  0|    63|           1|          64|
    |left_aligned_5_fu_26407_p3       |    select|   0|  0|    63|           1|          64|
    |left_aligned_60_fu_70421_p3      |    select|   0|  0|    63|           1|          64|
    |left_aligned_61_fu_71161_p3      |    select|   0|  0|    63|           1|          64|
    |left_aligned_6_fu_27138_p3       |    select|   0|  0|    63|           1|          64|
    |left_aligned_7_fu_27869_p3       |    select|   0|  0|    63|           1|          64|
    |left_aligned_8_fu_28600_p3       |    select|   0|  0|    63|           1|          64|
    |left_aligned_9_fu_29331_p3       |    select|   0|  0|    63|           1|          64|
    |left_aligned_fu_22754_p3         |    select|   0|  0|    63|           1|          64|
    |maximum_exponent_64_fu_22091_p3  |    select|   0|  0|    16|           1|          16|
    |maximum_exponent_65_fu_48295_p3  |    select|   0|  0|    16|           1|          16|
    |retval_0_i_i1060_fu_71916_p3     |    select|   0|  0|     2|           1|           1|
    |retval_0_i_i_fu_45440_p3         |    select|   0|  0|     2|           1|           1|
    |right_220_fu_22135_p3            |    select|   0|  0|    32|           1|          32|
    |right_221_fu_48337_p3            |    select|   0|  0|    32|           1|          32|
    |right_222_fu_49071_p3            |    select|   0|  0|    32|           1|          32|
    |right_223_fu_49811_p3            |    select|   0|  0|    32|           1|          32|
    |right_224_fu_50551_p3            |    select|   0|  0|    32|           1|          32|
    |right_225_fu_51291_p3            |    select|   0|  0|    32|           1|          32|
    |right_226_fu_52031_p3            |    select|   0|  0|    32|           1|          32|
    |right_227_fu_52771_p3            |    select|   0|  0|    32|           1|          32|
    |right_228_fu_53511_p3            |    select|   0|  0|    32|           1|          32|
    |right_229_fu_54251_p3            |    select|   0|  0|    32|           1|          32|
    |right_230_fu_54991_p3            |    select|   0|  0|    32|           1|          32|
    |right_231_fu_55731_p3            |    select|   0|  0|    32|           1|          32|
    |right_232_fu_56471_p3            |    select|   0|  0|    32|           1|          32|
    |right_233_fu_57211_p3            |    select|   0|  0|    32|           1|          32|
    |right_234_fu_57951_p3            |    select|   0|  0|    32|           1|          32|
    |right_235_fu_58691_p3            |    select|   0|  0|    32|           1|          32|
    |right_236_fu_59431_p3            |    select|   0|  0|    32|           1|          32|
    |right_237_fu_60171_p3            |    select|   0|  0|    32|           1|          32|
    |right_238_fu_60911_p3            |    select|   0|  0|    32|           1|          32|
    |right_239_fu_61651_p3            |    select|   0|  0|    32|           1|          32|
    |right_240_fu_62391_p3            |    select|   0|  0|    32|           1|          32|
    |right_241_fu_63131_p3            |    select|   0|  0|    32|           1|          32|
    |right_242_fu_63871_p3            |    select|   0|  0|    32|           1|          32|
    |right_243_fu_64611_p3            |    select|   0|  0|    32|           1|          32|
    |right_244_fu_65351_p3            |    select|   0|  0|    32|           1|          32|
    |right_245_fu_66091_p3            |    select|   0|  0|    32|           1|          32|
    |right_246_fu_66831_p3            |    select|   0|  0|    32|           1|          32|
    |right_247_fu_67571_p3            |    select|   0|  0|    32|           1|          32|
    |right_248_fu_68311_p3            |    select|   0|  0|    32|           1|          32|
    |right_249_fu_69051_p3            |    select|   0|  0|    32|           1|          32|
    |right_250_fu_69791_p3            |    select|   0|  0|    32|           1|          32|
    |right_251_fu_70531_p3            |    select|   0|  0|    32|           1|          32|
    |right_252_fu_22862_p3            |    select|   0|  0|    32|           1|          32|
    |right_253_fu_23593_p3            |    select|   0|  0|    32|           1|          32|
    |right_254_fu_24324_p3            |    select|   0|  0|    32|           1|          32|
    |right_255_fu_25055_p3            |    select|   0|  0|    32|           1|          32|
    |right_256_fu_25786_p3            |    select|   0|  0|    32|           1|          32|
    |right_257_fu_26517_p3            |    select|   0|  0|    32|           1|          32|
    |right_258_fu_27248_p3            |    select|   0|  0|    32|           1|          32|
    |right_259_fu_27979_p3            |    select|   0|  0|    32|           1|          32|
    |right_260_fu_28710_p3            |    select|   0|  0|    32|           1|          32|
    |right_261_fu_29441_p3            |    select|   0|  0|    32|           1|          32|
    |right_262_fu_30172_p3            |    select|   0|  0|    32|           1|          32|
    |right_263_fu_30903_p3            |    select|   0|  0|    32|           1|          32|
    |right_264_fu_31634_p3            |    select|   0|  0|    32|           1|          32|
    |right_265_fu_32365_p3            |    select|   0|  0|    32|           1|          32|
    |right_266_fu_33096_p3            |    select|   0|  0|    32|           1|          32|
    |right_267_fu_33827_p3            |    select|   0|  0|    32|           1|          32|
    |right_268_fu_34558_p3            |    select|   0|  0|    32|           1|          32|
    |right_269_fu_35289_p3            |    select|   0|  0|    32|           1|          32|
    |right_270_fu_36020_p3            |    select|   0|  0|    32|           1|          32|
    |right_271_fu_36751_p3            |    select|   0|  0|    32|           1|          32|
    |right_272_fu_37482_p3            |    select|   0|  0|    32|           1|          32|
    |right_273_fu_38213_p3            |    select|   0|  0|    32|           1|          32|
    |right_274_fu_38944_p3            |    select|   0|  0|    32|           1|          32|
    |right_275_fu_39675_p3            |    select|   0|  0|    32|           1|          32|
    |right_276_fu_40406_p3            |    select|   0|  0|    32|           1|          32|
    |right_277_fu_41137_p3            |    select|   0|  0|    32|           1|          32|
    |right_278_fu_41868_p3            |    select|   0|  0|    32|           1|          32|
    |right_279_fu_42599_p3            |    select|   0|  0|    32|           1|          32|
    |right_280_fu_43330_p3            |    select|   0|  0|    32|           1|          32|
    |right_281_fu_44061_p3            |    select|   0|  0|    32|           1|          32|
    |right_64_fu_46304_p3             |    select|   0|  0|    63|           1|          65|
    |right_67_fu_46499_p3             |    select|   0|  0|    63|           1|          65|
    |right_68_fu_46693_p3             |    select|   0|  0|    63|           1|          65|
    |right_71_fu_46879_p3             |    select|   0|  0|    63|           1|          65|
    |right_72_fu_47073_p3             |    select|   0|  0|    63|           1|          65|
    |right_75_fu_47259_p3             |    select|   0|  0|    63|           1|          65|
    |right_76_fu_47453_p3             |    select|   0|  0|    63|           1|          65|
    |right_aligned_10_fu_30106_p3     |    select|   0|  0|    63|           1|          64|
    |right_aligned_11_fu_30837_p3     |    select|   0|  0|    63|           1|          64|
    |right_aligned_12_fu_31568_p3     |    select|   0|  0|    63|           1|          64|
    |right_aligned_13_fu_32299_p3     |    select|   0|  0|    63|           1|          64|
    |right_aligned_14_fu_33030_p3     |    select|   0|  0|    63|           1|          64|
    |right_aligned_15_fu_33761_p3     |    select|   0|  0|    63|           1|          64|
    |right_aligned_16_fu_34492_p3     |    select|   0|  0|    63|           1|          64|
    |right_aligned_17_fu_35223_p3     |    select|   0|  0|    63|           1|          64|
    |right_aligned_18_fu_35954_p3     |    select|   0|  0|    63|           1|          64|
    |right_aligned_19_fu_36685_p3     |    select|   0|  0|    63|           1|          64|
    |right_aligned_1_fu_23527_p3      |    select|   0|  0|    63|           1|          64|
    |right_aligned_20_fu_37416_p3     |    select|   0|  0|    63|           1|          64|
    |right_aligned_21_fu_38147_p3     |    select|   0|  0|    63|           1|          64|
    |right_aligned_22_fu_38878_p3     |    select|   0|  0|    63|           1|          64|
    |right_aligned_23_fu_39609_p3     |    select|   0|  0|    63|           1|          64|
    |right_aligned_24_fu_40340_p3     |    select|   0|  0|    63|           1|          64|
    |right_aligned_25_fu_41071_p3     |    select|   0|  0|    63|           1|          64|
    |right_aligned_26_fu_41802_p3     |    select|   0|  0|    63|           1|          64|
    |right_aligned_27_fu_42533_p3     |    select|   0|  0|    63|           1|          64|
    |right_aligned_28_fu_43264_p3     |    select|   0|  0|    63|           1|          64|
    |right_aligned_29_fu_43995_p3     |    select|   0|  0|    63|           1|          64|
    |right_aligned_2_fu_24258_p3      |    select|   0|  0|    63|           1|          64|
    |right_aligned_30_fu_44726_p3     |    select|   0|  0|    63|           1|          64|
    |right_aligned_31_fu_49007_p3     |    select|   0|  0|    63|           1|          64|
    |right_aligned_32_fu_49745_p3     |    select|   0|  0|    63|           1|          64|
    |right_aligned_33_fu_50485_p3     |    select|   0|  0|    63|           1|          64|
    |right_aligned_34_fu_51225_p3     |    select|   0|  0|    63|           1|          64|
    |right_aligned_35_fu_51965_p3     |    select|   0|  0|    63|           1|          64|
    |right_aligned_36_fu_52705_p3     |    select|   0|  0|    63|           1|          64|
    |right_aligned_37_fu_53445_p3     |    select|   0|  0|    63|           1|          64|
    |right_aligned_38_fu_54185_p3     |    select|   0|  0|    63|           1|          64|
    |right_aligned_39_fu_54925_p3     |    select|   0|  0|    63|           1|          64|
    |right_aligned_3_fu_24989_p3      |    select|   0|  0|    63|           1|          64|
    |right_aligned_40_fu_55665_p3     |    select|   0|  0|    63|           1|          64|
    |right_aligned_41_fu_56405_p3     |    select|   0|  0|    63|           1|          64|
    |right_aligned_42_fu_57145_p3     |    select|   0|  0|    63|           1|          64|
    |right_aligned_43_fu_57885_p3     |    select|   0|  0|    63|           1|          64|
    |right_aligned_44_fu_58625_p3     |    select|   0|  0|    63|           1|          64|
    |right_aligned_45_fu_59365_p3     |    select|   0|  0|    63|           1|          64|
    |right_aligned_46_fu_60105_p3     |    select|   0|  0|    63|           1|          64|
    |right_aligned_47_fu_60845_p3     |    select|   0|  0|    63|           1|          64|
    |right_aligned_48_fu_61585_p3     |    select|   0|  0|    63|           1|          64|
    |right_aligned_49_fu_62325_p3     |    select|   0|  0|    63|           1|          64|
    |right_aligned_4_fu_25720_p3      |    select|   0|  0|    63|           1|          64|
    |right_aligned_50_fu_63065_p3     |    select|   0|  0|    63|           1|          64|
    |right_aligned_51_fu_63805_p3     |    select|   0|  0|    63|           1|          64|
    |right_aligned_52_fu_64545_p3     |    select|   0|  0|    63|           1|          64|
    |right_aligned_53_fu_65285_p3     |    select|   0|  0|    63|           1|          64|
    |right_aligned_54_fu_66025_p3     |    select|   0|  0|    63|           1|          64|
    |right_aligned_55_fu_66765_p3     |    select|   0|  0|    63|           1|          64|
    |right_aligned_56_fu_67505_p3     |    select|   0|  0|    63|           1|          64|
    |right_aligned_57_fu_68245_p3     |    select|   0|  0|    63|           1|          64|
    |right_aligned_58_fu_68985_p3     |    select|   0|  0|    63|           1|          64|
    |right_aligned_59_fu_69725_p3     |    select|   0|  0|    63|           1|          64|
    |right_aligned_5_fu_26451_p3      |    select|   0|  0|    63|           1|          64|
    |right_aligned_60_fu_70465_p3     |    select|   0|  0|    63|           1|          64|
    |right_aligned_61_fu_71205_p3     |    select|   0|  0|    63|           1|          64|
    |right_aligned_6_fu_27182_p3      |    select|   0|  0|    63|           1|          64|
    |right_aligned_7_fu_27913_p3      |    select|   0|  0|    63|           1|          64|
    |right_aligned_8_fu_28644_p3      |    select|   0|  0|    63|           1|          64|
    |right_aligned_9_fu_29375_p3      |    select|   0|  0|    63|           1|          64|
    |right_aligned_fu_22798_p3        |    select|   0|  0|    63|           1|          64|
    |select_ln100_1_cast_fu_46518_p3  |    select|   0|  0|     2|           1|           2|
    |select_ln100_2_cast_fu_46712_p3  |    select|   0|  0|     2|           1|           2|
    |select_ln100_3_cast_fu_46898_p3  |    select|   0|  0|     2|           1|           2|
    |select_ln100_4_cast_fu_47092_p3  |    select|   0|  0|     2|           1|           2|
    |select_ln100_5_cast_fu_47278_p3  |    select|   0|  0|     2|           1|           2|
    |select_ln100_6_cast_fu_47472_p3  |    select|   0|  0|     2|           1|           2|
    |select_ln100_fu_46323_p3         |    select|   0|  0|     2|           1|           2|
    |select_ln188_fu_47755_p3         |    select|   0|  0|     5|           1|           5|
    |select_ln231_100_fu_62347_p3     |    select|   0|  0|    16|           1|          16|
    |select_ln231_101_fu_63079_p3     |    select|   0|  0|    32|           1|          32|
    |select_ln231_102_fu_63087_p3     |    select|   0|  0|    16|           1|          16|
    |select_ln231_103_fu_63819_p3     |    select|   0|  0|    32|           1|          32|
    |select_ln231_104_fu_63827_p3     |    select|   0|  0|    16|           1|          16|
    |select_ln231_105_fu_64559_p3     |    select|   0|  0|    32|           1|          32|
    |select_ln231_106_fu_64567_p3     |    select|   0|  0|    16|           1|          16|
    |select_ln231_107_fu_65299_p3     |    select|   0|  0|    32|           1|          32|
    |select_ln231_108_fu_65307_p3     |    select|   0|  0|    16|           1|          16|
    |select_ln231_109_fu_66039_p3     |    select|   0|  0|    32|           1|          32|
    |select_ln231_10_fu_26470_p3      |    select|   0|  0|    32|           1|          32|
    |select_ln231_110_fu_66047_p3     |    select|   0|  0|    16|           1|          16|
    |select_ln231_111_fu_66779_p3     |    select|   0|  0|    32|           1|          32|
    |select_ln231_112_fu_66787_p3     |    select|   0|  0|    16|           1|          16|
    |select_ln231_113_fu_67519_p3     |    select|   0|  0|    32|           1|          32|
    |select_ln231_114_fu_67527_p3     |    select|   0|  0|    16|           1|          16|
    |select_ln231_115_fu_68259_p3     |    select|   0|  0|    32|           1|          32|
    |select_ln231_116_fu_68267_p3     |    select|   0|  0|    16|           1|          16|
    |select_ln231_117_fu_68999_p3     |    select|   0|  0|    32|           1|          32|
    |select_ln231_118_fu_69007_p3     |    select|   0|  0|    16|           1|          16|
    |select_ln231_119_fu_69739_p3     |    select|   0|  0|    32|           1|          32|
    |select_ln231_11_fu_26477_p3      |    select|   0|  0|    16|           1|          16|
    |select_ln231_120_fu_69747_p3     |    select|   0|  0|    16|           1|          16|
    |select_ln231_121_fu_70479_p3     |    select|   0|  0|    32|           1|          32|
    |select_ln231_122_fu_70487_p3     |    select|   0|  0|    16|           1|          16|
    |select_ln231_123_fu_71219_p3     |    select|   0|  0|    32|           1|          32|
    |select_ln231_124_fu_71228_p3     |    select|   0|  0|    16|           1|          16|
    |select_ln231_12_fu_27201_p3      |    select|   0|  0|    32|           1|          32|
    |select_ln231_13_fu_27208_p3      |    select|   0|  0|    16|           1|          16|
    |select_ln231_14_fu_27932_p3      |    select|   0|  0|    32|           1|          32|
    |select_ln231_15_fu_27939_p3      |    select|   0|  0|    16|           1|          16|
    |select_ln231_16_fu_28663_p3      |    select|   0|  0|    32|           1|          32|
    |select_ln231_17_fu_28670_p3      |    select|   0|  0|    16|           1|          16|
    |select_ln231_18_fu_29394_p3      |    select|   0|  0|    32|           1|          32|
    |select_ln231_19_fu_29401_p3      |    select|   0|  0|    16|           1|          16|
    |select_ln231_1_fu_22823_p3       |    select|   0|  0|    16|           1|          16|
    |select_ln231_20_fu_30125_p3      |    select|   0|  0|    32|           1|          32|
    |select_ln231_21_fu_30132_p3      |    select|   0|  0|    16|           1|          16|
    |select_ln231_22_fu_30856_p3      |    select|   0|  0|    32|           1|          32|
    |select_ln231_23_fu_30863_p3      |    select|   0|  0|    16|           1|          16|
    |select_ln231_24_fu_31587_p3      |    select|   0|  0|    32|           1|          32|
    |select_ln231_25_fu_31594_p3      |    select|   0|  0|    16|           1|          16|
    |select_ln231_26_fu_32318_p3      |    select|   0|  0|    32|           1|          32|
    |select_ln231_27_fu_32325_p3      |    select|   0|  0|    16|           1|          16|
    |select_ln231_28_fu_33049_p3      |    select|   0|  0|    32|           1|          32|
    |select_ln231_29_fu_33056_p3      |    select|   0|  0|    16|           1|          16|
    |select_ln231_2_fu_23546_p3       |    select|   0|  0|    32|           1|          32|
    |select_ln231_30_fu_33780_p3      |    select|   0|  0|    32|           1|          32|
    |select_ln231_31_fu_33787_p3      |    select|   0|  0|    16|           1|          16|
    |select_ln231_32_fu_34511_p3      |    select|   0|  0|    32|           1|          32|
    |select_ln231_33_fu_34518_p3      |    select|   0|  0|    16|           1|          16|
    |select_ln231_34_fu_35242_p3      |    select|   0|  0|    32|           1|          32|
    |select_ln231_35_fu_35249_p3      |    select|   0|  0|    16|           1|          16|
    |select_ln231_36_fu_35973_p3      |    select|   0|  0|    32|           1|          32|
    |select_ln231_37_fu_35980_p3      |    select|   0|  0|    16|           1|          16|
    |select_ln231_38_fu_36704_p3      |    select|   0|  0|    32|           1|          32|
    |select_ln231_39_fu_36711_p3      |    select|   0|  0|    16|           1|          16|
    |select_ln231_3_fu_23553_p3       |    select|   0|  0|    16|           1|          16|
    |select_ln231_40_fu_37435_p3      |    select|   0|  0|    32|           1|          32|
    |select_ln231_41_fu_37442_p3      |    select|   0|  0|    16|           1|          16|
    |select_ln231_42_fu_38166_p3      |    select|   0|  0|    32|           1|          32|
    |select_ln231_43_fu_38173_p3      |    select|   0|  0|    16|           1|          16|
    |select_ln231_44_fu_38897_p3      |    select|   0|  0|    32|           1|          32|
    |select_ln231_45_fu_38904_p3      |    select|   0|  0|    16|           1|          16|
    |select_ln231_46_fu_39628_p3      |    select|   0|  0|    32|           1|          32|
    |select_ln231_47_fu_39635_p3      |    select|   0|  0|    16|           1|          16|
    |select_ln231_48_fu_40359_p3      |    select|   0|  0|    32|           1|          32|
    |select_ln231_49_fu_40366_p3      |    select|   0|  0|    16|           1|          16|
    |select_ln231_4_fu_24277_p3       |    select|   0|  0|    32|           1|          32|
    |select_ln231_50_fu_41090_p3      |    select|   0|  0|    32|           1|          32|
    |select_ln231_51_fu_41097_p3      |    select|   0|  0|    16|           1|          16|
    |select_ln231_52_fu_41821_p3      |    select|   0|  0|    32|           1|          32|
    |select_ln231_53_fu_41828_p3      |    select|   0|  0|    16|           1|          16|
    |select_ln231_54_fu_42552_p3      |    select|   0|  0|    32|           1|          32|
    |select_ln231_55_fu_42559_p3      |    select|   0|  0|    16|           1|          16|
    |select_ln231_56_fu_43283_p3      |    select|   0|  0|    32|           1|          32|
    |select_ln231_57_fu_43290_p3      |    select|   0|  0|    16|           1|          16|
    |select_ln231_58_fu_44014_p3      |    select|   0|  0|    32|           1|          32|
    |select_ln231_59_fu_44021_p3      |    select|   0|  0|    16|           1|          16|
    |select_ln231_5_fu_24284_p3       |    select|   0|  0|    16|           1|          16|
    |select_ln231_60_fu_44745_p3      |    select|   0|  0|    32|           1|          32|
    |select_ln231_61_fu_44753_p3      |    select|   0|  0|    16|           1|          16|
    |select_ln231_63_fu_49021_p3      |    select|   0|  0|    32|           1|          32|
    |select_ln231_64_fu_49028_p3      |    select|   0|  0|    16|           1|          16|
    |select_ln231_65_fu_49759_p3      |    select|   0|  0|    32|           1|          32|
    |select_ln231_66_fu_49767_p3      |    select|   0|  0|    16|           1|          16|
    |select_ln231_67_fu_50499_p3      |    select|   0|  0|    32|           1|          32|
    |select_ln231_68_fu_50507_p3      |    select|   0|  0|    16|           1|          16|
    |select_ln231_69_fu_51239_p3      |    select|   0|  0|    32|           1|          32|
    |select_ln231_6_fu_25008_p3       |    select|   0|  0|    32|           1|          32|
    |select_ln231_70_fu_51247_p3      |    select|   0|  0|    16|           1|          16|
    |select_ln231_71_fu_51979_p3      |    select|   0|  0|    32|           1|          32|
    |select_ln231_72_fu_51987_p3      |    select|   0|  0|    16|           1|          16|
    |select_ln231_73_fu_52719_p3      |    select|   0|  0|    32|           1|          32|
    |select_ln231_74_fu_52727_p3      |    select|   0|  0|    16|           1|          16|
    |select_ln231_75_fu_53459_p3      |    select|   0|  0|    32|           1|          32|
    |select_ln231_76_fu_53467_p3      |    select|   0|  0|    16|           1|          16|
    |select_ln231_77_fu_54199_p3      |    select|   0|  0|    32|           1|          32|
    |select_ln231_78_fu_54207_p3      |    select|   0|  0|    16|           1|          16|
    |select_ln231_79_fu_54939_p3      |    select|   0|  0|    32|           1|          32|
    |select_ln231_7_fu_25015_p3       |    select|   0|  0|    16|           1|          16|
    |select_ln231_80_fu_54947_p3      |    select|   0|  0|    16|           1|          16|
    |select_ln231_81_fu_55679_p3      |    select|   0|  0|    32|           1|          32|
    |select_ln231_82_fu_55687_p3      |    select|   0|  0|    16|           1|          16|
    |select_ln231_83_fu_56419_p3      |    select|   0|  0|    32|           1|          32|
    |select_ln231_84_fu_56427_p3      |    select|   0|  0|    16|           1|          16|
    |select_ln231_85_fu_57159_p3      |    select|   0|  0|    32|           1|          32|
    |select_ln231_86_fu_57167_p3      |    select|   0|  0|    16|           1|          16|
    |select_ln231_87_fu_57899_p3      |    select|   0|  0|    32|           1|          32|
    |select_ln231_88_fu_57907_p3      |    select|   0|  0|    16|           1|          16|
    |select_ln231_89_fu_58639_p3      |    select|   0|  0|    32|           1|          32|
    |select_ln231_8_fu_25739_p3       |    select|   0|  0|    32|           1|          32|
    |select_ln231_90_fu_58647_p3      |    select|   0|  0|    16|           1|          16|
    |select_ln231_91_fu_59379_p3      |    select|   0|  0|    32|           1|          32|
    |select_ln231_92_fu_59387_p3      |    select|   0|  0|    16|           1|          16|
    |select_ln231_93_fu_60119_p3      |    select|   0|  0|    32|           1|          32|
    |select_ln231_94_fu_60127_p3      |    select|   0|  0|    16|           1|          16|
    |select_ln231_95_fu_60859_p3      |    select|   0|  0|    32|           1|          32|
    |select_ln231_96_fu_60867_p3      |    select|   0|  0|    16|           1|          16|
    |select_ln231_97_fu_61599_p3      |    select|   0|  0|    32|           1|          32|
    |select_ln231_98_fu_61607_p3      |    select|   0|  0|    16|           1|          16|
    |select_ln231_99_fu_62339_p3      |    select|   0|  0|    32|           1|          32|
    |select_ln231_9_fu_25746_p3       |    select|   0|  0|    16|           1|          16|
    |select_ln231_fu_22817_p3         |    select|   0|  0|    32|           1|          32|
    |select_ln243_1_fu_71922_p3       |    select|   0|  0|     3|           1|           3|
    |select_ln243_fu_45446_p3         |    select|   0|  0|     3|           1|           3|
    |select_ln250_1_fu_45491_p3       |    select|   0|  0|     8|           1|           7|
    |select_ln250_2_fu_71959_p3       |    select|   0|  0|    63|           1|          64|
    |select_ln250_3_fu_71967_p3       |    select|   0|  0|     8|           1|           7|
    |select_ln250_fu_45483_p3         |    select|   0|  0|    63|           1|          64|
    |select_ln268_cast_fu_47506_p3    |    select|   0|  0|     3|           1|           3|
    |select_ln268_fu_46350_p3         |    select|   0|  0|     2|           1|           2|
    |select_ln78_10_fu_46935_p3       |    select|   0|  0|     2|           1|           2|
    |select_ln78_11_fu_47121_p3       |    select|   0|  0|     2|           1|           2|
    |select_ln78_12_fu_47315_p3       |    select|   0|  0|     2|           1|           2|
    |select_ln78_7_fu_46361_p3        |    select|   0|  0|     2|           1|           2|
    |select_ln78_8_fu_46555_p3        |    select|   0|  0|     2|           1|           2|
    |select_ln78_9_fu_46741_p3        |    select|   0|  0|     2|           1|           2|
    |select_ln78_fu_46100_p3          |    select|   0|  0|     2|           1|           2|
    |select_ln88_fu_46235_p3          |    select|   0|  0|     2|           1|           2|
    |spec_select34_fu_46530_p3        |    select|   0|  0|     2|           1|           2|
    |spec_select35_fu_46430_p3        |    select|   0|  0|     2|           1|           2|
    |spec_select36_fu_46724_p3        |    select|   0|  0|     2|           1|           2|
    |spec_select37_fu_46624_p3        |    select|   0|  0|     2|           1|           2|
    |spec_select38_fu_46910_p3        |    select|   0|  0|     2|           1|           2|
    |spec_select39_fu_46810_p3        |    select|   0|  0|     2|           1|           2|
    |spec_select40_fu_47104_p3        |    select|   0|  0|     2|           1|           2|
    |spec_select41_fu_47004_p3        |    select|   0|  0|     2|           1|           2|
    |spec_select42_fu_47290_p3        |    select|   0|  0|     2|           1|           2|
    |spec_select43_fu_47190_p3        |    select|   0|  0|     2|           1|           2|
    |spec_select44_fu_47484_p3        |    select|   0|  0|     2|           1|           2|
    |spec_select45_fu_47384_p3        |    select|   0|  0|     2|           1|           2|
    |value_104_fu_45415_p3            |    select|   0|  0|   123|           1|         128|
    |value_108_fu_44789_p3            |    select|   0|  0|    32|           1|          32|
    |value_125_fu_45832_p3            |    select|   0|  0|    32|           1|          32|
    |value_128_fu_47602_p3            |    select|   0|  0|   123|           1|         128|
    |value_210_fu_71265_p3            |    select|   0|  0|    32|           1|          32|
    |value_211_fu_71891_p3            |    select|   0|  0|   123|           1|         128|
    |shl_ln128_1_fu_47583_p2          |       shl|   0|  0|   423|         128|         128|
    |shl_ln128_2_fu_71818_p2          |       shl|   0|  0|   423|         128|         128|
    |shl_ln128_fu_45342_p2            |       shl|   0|  0|   423|         128|         128|
    |shl_ln131_1_fu_47624_p2          |       shl|   0|  0|   423|           4|         128|
    |shl_ln131_2_fu_71858_p2          |       shl|   0|  0|   423|           4|         128|
    |shl_ln131_fu_45382_p2            |       shl|   0|  0|   423|           4|         128|
    |shl_ln40_fu_48283_p2             |       shl|   0|  0|     9|           1|           4|
    |shl_ln53_10_fu_30043_p2          |       shl|   0|  0|   182|          64|          64|
    |shl_ln53_11_fu_30774_p2          |       shl|   0|  0|   182|          64|          64|
    |shl_ln53_12_fu_31505_p2          |       shl|   0|  0|   182|          64|          64|
    |shl_ln53_13_fu_32236_p2          |       shl|   0|  0|   182|          64|          64|
    |shl_ln53_14_fu_32967_p2          |       shl|   0|  0|   182|          64|          64|
    |shl_ln53_15_fu_33698_p2          |       shl|   0|  0|   182|          64|          64|
    |shl_ln53_16_fu_34429_p2          |       shl|   0|  0|   182|          64|          64|
    |shl_ln53_17_fu_35160_p2          |       shl|   0|  0|   182|          64|          64|
    |shl_ln53_18_fu_35891_p2          |       shl|   0|  0|   182|          64|          64|
    |shl_ln53_19_fu_36622_p2          |       shl|   0|  0|   182|          64|          64|
    |shl_ln53_1_fu_23464_p2           |       shl|   0|  0|   182|          64|          64|
    |shl_ln53_20_fu_37353_p2          |       shl|   0|  0|   182|          64|          64|
    |shl_ln53_21_fu_38084_p2          |       shl|   0|  0|   182|          64|          64|
    |shl_ln53_22_fu_38815_p2          |       shl|   0|  0|   182|          64|          64|
    |shl_ln53_23_fu_39546_p2          |       shl|   0|  0|   182|          64|          64|
    |shl_ln53_24_fu_40277_p2          |       shl|   0|  0|   182|          64|          64|
    |shl_ln53_25_fu_41008_p2          |       shl|   0|  0|   182|          64|          64|
    |shl_ln53_26_fu_41739_p2          |       shl|   0|  0|   182|          64|          64|
    |shl_ln53_27_fu_42470_p2          |       shl|   0|  0|   182|          64|          64|
    |shl_ln53_28_fu_43201_p2          |       shl|   0|  0|   182|          64|          64|
    |shl_ln53_29_fu_43932_p2          |       shl|   0|  0|   182|          64|          64|
    |shl_ln53_2_fu_24195_p2           |       shl|   0|  0|   182|          64|          64|
    |shl_ln53_30_fu_44663_p2          |       shl|   0|  0|   182|          64|          64|
    |shl_ln53_31_fu_48944_p2          |       shl|   0|  0|   182|          64|          64|
    |shl_ln53_32_fu_49682_p2          |       shl|   0|  0|   182|          64|          64|
    |shl_ln53_33_fu_50422_p2          |       shl|   0|  0|   182|          64|          64|
    |shl_ln53_34_fu_51162_p2          |       shl|   0|  0|   182|          64|          64|
    |shl_ln53_35_fu_51902_p2          |       shl|   0|  0|   182|          64|          64|
    |shl_ln53_36_fu_52642_p2          |       shl|   0|  0|   182|          64|          64|
    |shl_ln53_37_fu_53382_p2          |       shl|   0|  0|   182|          64|          64|
    |shl_ln53_38_fu_54122_p2          |       shl|   0|  0|   182|          64|          64|
    |shl_ln53_39_fu_54862_p2          |       shl|   0|  0|   182|          64|          64|
    |shl_ln53_3_fu_24926_p2           |       shl|   0|  0|   182|          64|          64|
    |shl_ln53_40_fu_55602_p2          |       shl|   0|  0|   182|          64|          64|
    |shl_ln53_41_fu_56342_p2          |       shl|   0|  0|   182|          64|          64|
    |shl_ln53_42_fu_57082_p2          |       shl|   0|  0|   182|          64|          64|
    |shl_ln53_43_fu_57822_p2          |       shl|   0|  0|   182|          64|          64|
    |shl_ln53_44_fu_58562_p2          |       shl|   0|  0|   182|          64|          64|
    |shl_ln53_45_fu_59302_p2          |       shl|   0|  0|   182|          64|          64|
    |shl_ln53_46_fu_60042_p2          |       shl|   0|  0|   182|          64|          64|
    |shl_ln53_47_fu_60782_p2          |       shl|   0|  0|   182|          64|          64|
    |shl_ln53_48_fu_61522_p2          |       shl|   0|  0|   182|          64|          64|
    |shl_ln53_49_fu_62262_p2          |       shl|   0|  0|   182|          64|          64|
    |shl_ln53_4_fu_25657_p2           |       shl|   0|  0|   182|          64|          64|
    |shl_ln53_50_fu_63002_p2          |       shl|   0|  0|   182|          64|          64|
    |shl_ln53_51_fu_63742_p2          |       shl|   0|  0|   182|          64|          64|
    |shl_ln53_52_fu_64482_p2          |       shl|   0|  0|   182|          64|          64|
    |shl_ln53_53_fu_65222_p2          |       shl|   0|  0|   182|          64|          64|
    |shl_ln53_54_fu_65962_p2          |       shl|   0|  0|   182|          64|          64|
    |shl_ln53_55_fu_66702_p2          |       shl|   0|  0|   182|          64|          64|
    |shl_ln53_56_fu_67442_p2          |       shl|   0|  0|   182|          64|          64|
    |shl_ln53_57_fu_68182_p2          |       shl|   0|  0|   182|          64|          64|
    |shl_ln53_58_fu_68922_p2          |       shl|   0|  0|   182|          64|          64|
    |shl_ln53_59_fu_69662_p2          |       shl|   0|  0|   182|          64|          64|
    |shl_ln53_5_fu_26388_p2           |       shl|   0|  0|   182|          64|          64|
    |shl_ln53_60_fu_70402_p2          |       shl|   0|  0|   182|          64|          64|
    |shl_ln53_61_fu_71142_p2          |       shl|   0|  0|   182|          64|          64|
    |shl_ln53_6_fu_27119_p2           |       shl|   0|  0|   182|          64|          64|
    |shl_ln53_7_fu_27850_p2           |       shl|   0|  0|   182|          64|          64|
    |shl_ln53_8_fu_28581_p2           |       shl|   0|  0|   182|          64|          64|
    |shl_ln53_9_fu_29312_p2           |       shl|   0|  0|   182|          64|          64|
    |shl_ln53_fu_22735_p2             |       shl|   0|  0|   182|          64|          64|
    |shl_ln56_10_fu_30087_p2          |       shl|   0|  0|   182|          64|          64|
    |shl_ln56_11_fu_30818_p2          |       shl|   0|  0|   182|          64|          64|
    |shl_ln56_12_fu_31549_p2          |       shl|   0|  0|   182|          64|          64|
    |shl_ln56_13_fu_32280_p2          |       shl|   0|  0|   182|          64|          64|
    |shl_ln56_14_fu_33011_p2          |       shl|   0|  0|   182|          64|          64|
    |shl_ln56_15_fu_33742_p2          |       shl|   0|  0|   182|          64|          64|
    |shl_ln56_16_fu_34473_p2          |       shl|   0|  0|   182|          64|          64|
    |shl_ln56_17_fu_35204_p2          |       shl|   0|  0|   182|          64|          64|
    |shl_ln56_18_fu_35935_p2          |       shl|   0|  0|   182|          64|          64|
    |shl_ln56_19_fu_36666_p2          |       shl|   0|  0|   182|          64|          64|
    |shl_ln56_1_fu_23508_p2           |       shl|   0|  0|   182|          64|          64|
    |shl_ln56_20_fu_37397_p2          |       shl|   0|  0|   182|          64|          64|
    |shl_ln56_21_fu_38128_p2          |       shl|   0|  0|   182|          64|          64|
    |shl_ln56_22_fu_38859_p2          |       shl|   0|  0|   182|          64|          64|
    |shl_ln56_23_fu_39590_p2          |       shl|   0|  0|   182|          64|          64|
    |shl_ln56_24_fu_40321_p2          |       shl|   0|  0|   182|          64|          64|
    |shl_ln56_25_fu_41052_p2          |       shl|   0|  0|   182|          64|          64|
    |shl_ln56_26_fu_41783_p2          |       shl|   0|  0|   182|          64|          64|
    |shl_ln56_27_fu_42514_p2          |       shl|   0|  0|   182|          64|          64|
    |shl_ln56_28_fu_43245_p2          |       shl|   0|  0|   182|          64|          64|
    |shl_ln56_29_fu_43976_p2          |       shl|   0|  0|   182|          64|          64|
    |shl_ln56_2_fu_24239_p2           |       shl|   0|  0|   182|          64|          64|
    |shl_ln56_30_fu_44707_p2          |       shl|   0|  0|   182|          64|          64|
    |shl_ln56_31_fu_48988_p2          |       shl|   0|  0|   182|          64|          64|
    |shl_ln56_32_fu_49726_p2          |       shl|   0|  0|   182|          64|          64|
    |shl_ln56_33_fu_50466_p2          |       shl|   0|  0|   182|          64|          64|
    |shl_ln56_34_fu_51206_p2          |       shl|   0|  0|   182|          64|          64|
    |shl_ln56_35_fu_51946_p2          |       shl|   0|  0|   182|          64|          64|
    |shl_ln56_36_fu_52686_p2          |       shl|   0|  0|   182|          64|          64|
    |shl_ln56_37_fu_53426_p2          |       shl|   0|  0|   182|          64|          64|
    |shl_ln56_38_fu_54166_p2          |       shl|   0|  0|   182|          64|          64|
    |shl_ln56_39_fu_54906_p2          |       shl|   0|  0|   182|          64|          64|
    |shl_ln56_3_fu_24970_p2           |       shl|   0|  0|   182|          64|          64|
    |shl_ln56_40_fu_55646_p2          |       shl|   0|  0|   182|          64|          64|
    |shl_ln56_41_fu_56386_p2          |       shl|   0|  0|   182|          64|          64|
    |shl_ln56_42_fu_57126_p2          |       shl|   0|  0|   182|          64|          64|
    |shl_ln56_43_fu_57866_p2          |       shl|   0|  0|   182|          64|          64|
    |shl_ln56_44_fu_58606_p2          |       shl|   0|  0|   182|          64|          64|
    |shl_ln56_45_fu_59346_p2          |       shl|   0|  0|   182|          64|          64|
    |shl_ln56_46_fu_60086_p2          |       shl|   0|  0|   182|          64|          64|
    |shl_ln56_47_fu_60826_p2          |       shl|   0|  0|   182|          64|          64|
    |shl_ln56_48_fu_61566_p2          |       shl|   0|  0|   182|          64|          64|
    |shl_ln56_49_fu_62306_p2          |       shl|   0|  0|   182|          64|          64|
    |shl_ln56_4_fu_25701_p2           |       shl|   0|  0|   182|          64|          64|
    |shl_ln56_50_fu_63046_p2          |       shl|   0|  0|   182|          64|          64|
    |shl_ln56_51_fu_63786_p2          |       shl|   0|  0|   182|          64|          64|
    |shl_ln56_52_fu_64526_p2          |       shl|   0|  0|   182|          64|          64|
    |shl_ln56_53_fu_65266_p2          |       shl|   0|  0|   182|          64|          64|
    |shl_ln56_54_fu_66006_p2          |       shl|   0|  0|   182|          64|          64|
    |shl_ln56_55_fu_66746_p2          |       shl|   0|  0|   182|          64|          64|
    |shl_ln56_56_fu_67486_p2          |       shl|   0|  0|   182|          64|          64|
    |shl_ln56_57_fu_68226_p2          |       shl|   0|  0|   182|          64|          64|
    |shl_ln56_58_fu_68966_p2          |       shl|   0|  0|   182|          64|          64|
    |shl_ln56_59_fu_69706_p2          |       shl|   0|  0|   182|          64|          64|
    |shl_ln56_5_fu_26432_p2           |       shl|   0|  0|   182|          64|          64|
    |shl_ln56_60_fu_70446_p2          |       shl|   0|  0|   182|          64|          64|
    |shl_ln56_61_fu_71186_p2          |       shl|   0|  0|   182|          64|          64|
    |shl_ln56_6_fu_27163_p2           |       shl|   0|  0|   182|          64|          64|
    |shl_ln56_7_fu_27894_p2           |       shl|   0|  0|   182|          64|          64|
    |shl_ln56_8_fu_28625_p2           |       shl|   0|  0|   182|          64|          64|
    |shl_ln56_9_fu_29356_p2           |       shl|   0|  0|   182|          64|          64|
    |shl_ln56_fu_22779_p2             |       shl|   0|  0|   182|          64|          64|
    |shl_ln94_1_fu_46447_p2           |       shl|   0|  0|   186|          65|          65|
    |shl_ln94_2_fu_46641_p2           |       shl|   0|  0|   186|          65|          65|
    |shl_ln94_3_fu_46827_p2           |       shl|   0|  0|   186|          65|          65|
    |shl_ln94_4_fu_47021_p2           |       shl|   0|  0|   186|          65|          65|
    |shl_ln94_5_fu_47207_p2           |       shl|   0|  0|   186|          65|          65|
    |shl_ln94_6_fu_47401_p2           |       shl|   0|  0|   186|          65|          65|
    |shl_ln94_fu_46252_p2             |       shl|   0|  0|   186|          65|          65|
    |shl_ln96_1_fu_46480_p2           |       shl|   0|  0|   186|           2|          65|
    |shl_ln96_2_fu_46674_p2           |       shl|   0|  0|   186|           3|          65|
    |shl_ln96_3_fu_46860_p2           |       shl|   0|  0|   186|           3|          65|
    |shl_ln96_4_fu_47054_p2           |       shl|   0|  0|   186|           4|          65|
    |shl_ln96_5_fu_47240_p2           |       shl|   0|  0|   186|           4|          65|
    |shl_ln96_6_fu_47434_p2           |       shl|   0|  0|   186|           5|          65|
    |shl_ln96_fu_46285_p2             |       shl|   0|  0|   186|           1|          65|
    |rev1508_fu_46525_p2              |       xor|   0|  0|     2|           1|           2|
    |rev1510_fu_46719_p2              |       xor|   0|  0|     2|           1|           2|
    |rev1512_fu_46905_p2              |       xor|   0|  0|     2|           1|           2|
    |rev1514_fu_47099_p2              |       xor|   0|  0|     2|           1|           2|
    |rev1516_fu_47285_p2              |       xor|   0|  0|     2|           1|           2|
    |rev1518_fu_47479_p2              |       xor|   0|  0|     2|           1|           2|
    |xor_ln279_fu_46338_p2            |       xor|   0|  0|     2|           1|           2|
    +---------------------------------+----------+----+---+------+------------+------------+
    |Total                            |          |   0|  0|116549|       44701|       61828|
    +---------------------------------+----------+----+---+------+------------+------------+

    * Multiplexer: 
    +------------------------------------------------+------+-----------+-----+-----------+
    |                      Name                      |  LUT | Input Size| Bits| Total Bits|
    +------------------------------------------------+------+-----------+-----+-----------+
    |ap_NS_fsm                                       |  2152|        408|    1|        408|
    |ap_phi_mux_first_power_phi_fu_10786_p6          |    14|          3|    8|         24|
    |ap_phi_mux_maximum_exponent_33_phi_fu_21141_p4  |     9|          2|   16|         32|
    |ap_phi_mux_maximum_exponent_phi_fu_10436_p4     |     9|          2|   16|         32|
    |ap_phi_mux_maximum_mantissa_33_phi_fu_21131_p4  |     9|          2|   32|         64|
    |ap_phi_mux_maximum_mantissa_phi_fu_10426_p4     |     9|          2|   32|         64|
    |ap_phi_mux_second_power_phi_fu_21479_p6         |    14|          3|    8|         24|
    |best_2_reg_11803                                |    43|          8|    3|         24|
    |best_3_reg_11977                                |     9|          2|    3|          6|
    |code_3_reg_11992                                |     9|          2|    4|          8|
    |comparison_1_reg_11234                          |     9|          2|    2|          4|
    |comparison_2_reg_11374                          |     9|          2|    2|          4|
    |comparison_3_reg_11514                          |     9|          2|    2|          4|
    |comparison_4_reg_11654                          |     9|          2|    2|          4|
    |comparison_5_reg_11794                          |     9|          2|    2|          4|
    |comparison_reg_11094                            |     9|          2|    2|          4|
    |counters_0_0_fu_820                             |     9|          2|   64|        128|
    |counters_1_0_fu_560                             |     9|          2|   64|        128|
    |counters_2_0_reg_10770                          |    14|          3|   64|        192|
    |counters_2_1_reg_21490                          |    14|          3|   64|        192|
    |counters_3_0_fu_556                             |     9|          2|   64|        128|
    |first_power_reg_10782                           |    14|          3|    8|         24|
    |first_word_fu_548                               |     9|          2|  128|        256|
    |lane_fu_552                                     |     9|          2|    6|         12|
    |left_bits_1_reg_10963                           |   148|         32|    6|        192|
    |left_bits_2_reg_11103                           |   148|         32|    6|        192|
    |left_bits_3_reg_11243                           |   148|         32|    6|        192|
    |left_bits_4_reg_11383                           |   148|         32|    6|        192|
    |left_bits_5_reg_11523                           |   148|         32|    6|        192|
    |left_bits_6_reg_11663                           |   148|         32|    6|        192|
    |left_bits_reg_10797                             |   148|         32|    6|        192|
    |length_100_reg_17610                            |   148|         32|    6|        192|
    |length_101_reg_17741                            |   148|         32|    6|        192|
    |length_102_reg_17905                            |   148|         32|    6|        192|
    |length_103_reg_18036                            |   148|         32|    6|        192|
    |length_104_reg_18200                            |   148|         32|    6|        192|
    |length_105_reg_18331                            |   148|         32|    6|        192|
    |length_106_reg_18495                            |   148|         32|    6|        192|
    |length_107_reg_18626                            |   148|         32|    6|        192|
    |length_108_reg_18790                            |   148|         32|    6|        192|
    |length_109_reg_18921                            |   148|         32|    6|        192|
    |length_10_reg_2775                              |   148|         32|    6|        192|
    |length_110_reg_19085                            |   148|         32|    6|        192|
    |length_111_reg_19216                            |   148|         32|    6|        192|
    |length_112_reg_19380                            |   148|         32|    6|        192|
    |length_113_reg_19511                            |   148|         32|    6|        192|
    |length_114_reg_19675                            |   148|         32|    6|        192|
    |length_115_reg_19806                            |   148|         32|    6|        192|
    |length_116_reg_19970                            |   148|         32|    6|        192|
    |length_117_reg_20101                            |   148|         32|    6|        192|
    |length_118_reg_20265                            |   148|         32|    6|        192|
    |length_119_reg_20396                            |   148|         32|    6|        192|
    |length_11_reg_2906                              |   148|         32|    6|        192|
    |length_120_reg_20560                            |   148|         32|    6|        192|
    |length_121_reg_20691                            |   148|         32|    6|        192|
    |length_122_reg_20855                            |   148|         32|    6|        192|
    |length_123_reg_20986                            |   148|         32|    6|        192|
    |length_12_reg_3070                              |   148|         32|    6|        192|
    |length_13_reg_3201                              |   148|         32|    6|        192|
    |length_14_reg_3365                              |   148|         32|    6|        192|
    |length_15_reg_3496                              |   148|         32|    6|        192|
    |length_16_reg_3660                              |   148|         32|    6|        192|
    |length_17_reg_3791                              |   148|         32|    6|        192|
    |length_18_reg_3955                              |   148|         32|    6|        192|
    |length_19_reg_4086                              |   148|         32|    6|        192|
    |length_1_reg_1433                               |   148|         32|    6|        192|
    |length_20_reg_4250                              |   148|         32|    6|        192|
    |length_21_reg_4381                              |   148|         32|    6|        192|
    |length_22_reg_4545                              |   148|         32|    6|        192|
    |length_23_reg_4676                              |   148|         32|    6|        192|
    |length_24_reg_4840                              |   148|         32|    6|        192|
    |length_25_reg_4971                              |   148|         32|    6|        192|
    |length_26_reg_5135                              |   148|         32|    6|        192|
    |length_27_reg_5266                              |   148|         32|    6|        192|
    |length_28_reg_5430                              |   148|         32|    6|        192|
    |length_29_reg_5561                              |   148|         32|    6|        192|
    |length_2_reg_1595                               |   148|         32|    6|        192|
    |length_30_reg_5725                              |   148|         32|    6|        192|
    |length_31_reg_5856                              |   148|         32|    6|        192|
    |length_32_reg_6020                              |   148|         32|    6|        192|
    |length_33_reg_6151                              |   148|         32|    6|        192|
    |length_34_reg_6315                              |   148|         32|    6|        192|
    |length_35_reg_6446                              |   148|         32|    6|        192|
    |length_36_reg_6610                              |   148|         32|    6|        192|
    |length_37_reg_6741                              |   148|         32|    6|        192|
    |length_38_reg_6905                              |   148|         32|    6|        192|
    |length_39_reg_7036                              |   148|         32|    6|        192|
    |length_3_reg_1726                               |   148|         32|    6|        192|
    |length_40_reg_7200                              |   148|         32|    6|        192|
    |length_41_reg_7331                              |   148|         32|    6|        192|
    |length_42_reg_7495                              |   148|         32|    6|        192|
    |length_43_reg_7626                              |   148|         32|    6|        192|
    |length_44_reg_7790                              |   148|         32|    6|        192|
    |length_45_reg_7921                              |   148|         32|    6|        192|
    |length_46_reg_8085                              |   148|         32|    6|        192|
    |length_47_reg_8216                              |   148|         32|    6|        192|
    |length_48_reg_8380                              |   148|         32|    6|        192|
    |length_49_reg_8511                              |   148|         32|    6|        192|
    |length_4_reg_1890                               |   148|         32|    6|        192|
    |length_50_reg_8675                              |   148|         32|    6|        192|
    |length_51_reg_8806                              |   148|         32|    6|        192|
    |length_52_reg_8970                              |   148|         32|    6|        192|
    |length_53_reg_9101                              |   148|         32|    6|        192|
    |length_54_reg_9265                              |   148|         32|    6|        192|
    |length_55_reg_9396                              |   148|         32|    6|        192|
    |length_56_reg_9560                              |   148|         32|    6|        192|
    |length_57_reg_9691                              |   148|         32|    6|        192|
    |length_58_reg_9855                              |   148|         32|    6|        192|
    |length_59_reg_9986                              |   148|         32|    6|        192|
    |length_5_reg_2021                               |   148|         32|    6|        192|
    |length_60_reg_10150                             |   148|         32|    6|        192|
    |length_61_reg_10281                             |   148|         32|    6|        192|
    |length_62_reg_12007                             |   148|         32|    6|        192|
    |length_63_reg_12138                             |   148|         32|    6|        192|
    |length_64_reg_12300                             |   148|         32|    6|        192|
    |length_65_reg_12431                             |   148|         32|    6|        192|
    |length_66_reg_12595                             |   148|         32|    6|        192|
    |length_67_reg_12726                             |   148|         32|    6|        192|
    |length_68_reg_12890                             |   148|         32|    6|        192|
    |length_69_reg_13021                             |   148|         32|    6|        192|
    |length_6_reg_2185                               |   148|         32|    6|        192|
    |length_70_reg_13185                             |   148|         32|    6|        192|
    |length_71_reg_13316                             |   148|         32|    6|        192|
    |length_72_reg_13480                             |   148|         32|    6|        192|
    |length_73_reg_13611                             |   148|         32|    6|        192|
    |length_74_reg_13775                             |   148|         32|    6|        192|
    |length_75_reg_13906                             |   148|         32|    6|        192|
    |length_76_reg_14070                             |   148|         32|    6|        192|
    |length_77_reg_14201                             |   148|         32|    6|        192|
    |length_78_reg_14365                             |   148|         32|    6|        192|
    |length_79_reg_14496                             |   148|         32|    6|        192|
    |length_7_reg_2316                               |   148|         32|    6|        192|
    |length_80_reg_14660                             |   148|         32|    6|        192|
    |length_81_reg_14791                             |   148|         32|    6|        192|
    |length_82_reg_14955                             |   148|         32|    6|        192|
    |length_83_reg_15086                             |   148|         32|    6|        192|
    |length_84_reg_15250                             |   148|         32|    6|        192|
    |length_85_reg_15381                             |   148|         32|    6|        192|
    |length_86_reg_15545                             |   148|         32|    6|        192|
    |length_87_reg_15676                             |   148|         32|    6|        192|
    |length_88_reg_15840                             |   148|         32|    6|        192|
    |length_89_reg_15971                             |   148|         32|    6|        192|
    |length_8_reg_2480                               |   148|         32|    6|        192|
    |length_90_reg_16135                             |   148|         32|    6|        192|
    |length_91_reg_16266                             |   148|         32|    6|        192|
    |length_92_reg_16430                             |   148|         32|    6|        192|
    |length_93_reg_16561                             |   148|         32|    6|        192|
    |length_94_reg_16725                             |   148|         32|    6|        192|
    |length_95_reg_16856                             |   148|         32|    6|        192|
    |length_96_reg_17020                             |   148|         32|    6|        192|
    |length_97_reg_17151                             |   148|         32|    6|        192|
    |length_98_reg_17315                             |   148|         32|    6|        192|
    |length_99_reg_17446                             |   148|         32|    6|        192|
    |length_9_reg_2611                               |   148|         32|    6|        192|
    |length_reg_1302                                 |   148|         32|    6|        192|
    |maximum_exponent_100_reg_2764                   |     9|          2|   16|         32|
    |maximum_exponent_101_reg_3059                   |     9|          2|   16|         32|
    |maximum_exponent_102_reg_3354                   |     9|          2|   16|         32|
    |maximum_exponent_103_reg_3649                   |     9|          2|   16|         32|
    |maximum_exponent_104_reg_3944                   |     9|          2|   16|         32|
    |maximum_exponent_105_reg_4239                   |     9|          2|   16|         32|
    |maximum_exponent_106_reg_4534                   |     9|          2|   16|         32|
    |maximum_exponent_107_reg_4829                   |     9|          2|   16|         32|
    |maximum_exponent_108_reg_5124                   |     9|          2|   16|         32|
    |maximum_exponent_109_reg_5419                   |     9|          2|   16|         32|
    |maximum_exponent_110_reg_5714                   |     9|          2|   16|         32|
    |maximum_exponent_111_reg_6009                   |     9|          2|   16|         32|
    |maximum_exponent_112_reg_6304                   |     9|          2|   16|         32|
    |maximum_exponent_113_reg_6599                   |     9|          2|   16|         32|
    |maximum_exponent_114_reg_6894                   |     9|          2|   16|         32|
    |maximum_exponent_115_reg_7189                   |     9|          2|   16|         32|
    |maximum_exponent_116_reg_7484                   |     9|          2|   16|         32|
    |maximum_exponent_117_reg_7779                   |     9|          2|   16|         32|
    |maximum_exponent_118_reg_8074                   |     9|          2|   16|         32|
    |maximum_exponent_119_reg_8369                   |     9|          2|   16|         32|
    |maximum_exponent_120_reg_8664                   |     9|          2|   16|         32|
    |maximum_exponent_121_reg_8959                   |     9|          2|   16|         32|
    |maximum_exponent_122_reg_9254                   |     9|          2|   16|         32|
    |maximum_exponent_123_reg_9549                   |     9|          2|   16|         32|
    |maximum_exponent_124_reg_9844                   |     9|          2|   16|         32|
    |maximum_exponent_125_reg_10139                  |     9|          2|   16|         32|
    |maximum_exponent_33_reg_21138                   |     9|          2|   16|         32|
    |maximum_exponent_66_reg_12290                   |     9|          2|   16|         32|
    |maximum_exponent_67_reg_12584                   |     9|          2|   16|         32|
    |maximum_exponent_68_reg_12879                   |     9|          2|   16|         32|
    |maximum_exponent_69_reg_13174                   |     9|          2|   16|         32|
    |maximum_exponent_70_reg_13469                   |     9|          2|   16|         32|
    |maximum_exponent_71_reg_13764                   |     9|          2|   16|         32|
    |maximum_exponent_72_reg_14059                   |     9|          2|   16|         32|
    |maximum_exponent_73_reg_14354                   |     9|          2|   16|         32|
    |maximum_exponent_74_reg_14649                   |     9|          2|   16|         32|
    |maximum_exponent_75_reg_14944                   |     9|          2|   16|         32|
    |maximum_exponent_76_reg_15239                   |     9|          2|   16|         32|
    |maximum_exponent_77_reg_15534                   |     9|          2|   16|         32|
    |maximum_exponent_78_reg_15829                   |     9|          2|   16|         32|
    |maximum_exponent_79_reg_16124                   |     9|          2|   16|         32|
    |maximum_exponent_80_reg_16419                   |     9|          2|   16|         32|
    |maximum_exponent_81_reg_16714                   |     9|          2|   16|         32|
    |maximum_exponent_82_reg_17009                   |     9|          2|   16|         32|
    |maximum_exponent_83_reg_17304                   |     9|          2|   16|         32|
    |maximum_exponent_84_reg_17599                   |     9|          2|   16|         32|
    |maximum_exponent_85_reg_17894                   |     9|          2|   16|         32|
    |maximum_exponent_86_reg_18189                   |     9|          2|   16|         32|
    |maximum_exponent_87_reg_18484                   |     9|          2|   16|         32|
    |maximum_exponent_88_reg_18779                   |     9|          2|   16|         32|
    |maximum_exponent_89_reg_19074                   |     9|          2|   16|         32|
    |maximum_exponent_90_reg_19369                   |     9|          2|   16|         32|
    |maximum_exponent_91_reg_19664                   |     9|          2|   16|         32|
    |maximum_exponent_92_reg_19959                   |     9|          2|   16|         32|
    |maximum_exponent_93_reg_20254                   |     9|          2|   16|         32|
    |maximum_exponent_94_reg_20549                   |     9|          2|   16|         32|
    |maximum_exponent_95_reg_20844                   |     9|          2|   16|         32|
    |maximum_exponent_96_reg_1585                    |     9|          2|   16|         32|
    |maximum_exponent_97_reg_1879                    |     9|          2|   16|         32|
    |maximum_exponent_98_reg_2174                    |     9|          2|   16|         32|
    |maximum_exponent_99_reg_2469                    |     9|          2|   16|         32|
    |maximum_exponent_reg_10433                      |     9|          2|   16|         32|
    |maximum_mantissa_100_reg_3638                   |     9|          2|   32|         64|
    |maximum_mantissa_101_reg_3933                   |     9|          2|   32|         64|
    |maximum_mantissa_102_reg_4228                   |     9|          2|   32|         64|
    |maximum_mantissa_103_reg_4523                   |     9|          2|   32|         64|
    |maximum_mantissa_104_reg_4818                   |     9|          2|   32|         64|
    |maximum_mantissa_105_reg_5113                   |     9|          2|   32|         64|
    |maximum_mantissa_106_reg_5408                   |     9|          2|   32|         64|
    |maximum_mantissa_107_reg_5703                   |     9|          2|   32|         64|
    |maximum_mantissa_108_reg_5998                   |     9|          2|   32|         64|
    |maximum_mantissa_109_reg_6293                   |     9|          2|   32|         64|
    |maximum_mantissa_110_reg_6588                   |     9|          2|   32|         64|
    |maximum_mantissa_111_reg_6883                   |     9|          2|   32|         64|
    |maximum_mantissa_112_reg_7178                   |     9|          2|   32|         64|
    |maximum_mantissa_113_reg_7473                   |     9|          2|   32|         64|
    |maximum_mantissa_114_reg_7768                   |     9|          2|   32|         64|
    |maximum_mantissa_115_reg_8063                   |     9|          2|   32|         64|
    |maximum_mantissa_116_reg_8358                   |     9|          2|   32|         64|
    |maximum_mantissa_117_reg_8653                   |     9|          2|   32|         64|
    |maximum_mantissa_118_reg_8948                   |     9|          2|   32|         64|
    |maximum_mantissa_119_reg_9243                   |     9|          2|   32|         64|
    |maximum_mantissa_120_reg_9538                   |     9|          2|   32|         64|
    |maximum_mantissa_121_reg_9833                   |     9|          2|   32|         64|
    |maximum_mantissa_122_reg_10128                  |     9|          2|   32|         64|
    |maximum_mantissa_33_reg_21128                   |     9|          2|   32|         64|
    |maximum_mantissa_63_reg_12280                   |     9|          2|   32|         64|
    |maximum_mantissa_64_reg_12573                   |     9|          2|   32|         64|
    |maximum_mantissa_65_reg_12868                   |     9|          2|   32|         64|
    |maximum_mantissa_66_reg_13163                   |     9|          2|   32|         64|
    |maximum_mantissa_67_reg_13458                   |     9|          2|   32|         64|
    |maximum_mantissa_68_reg_13753                   |     9|          2|   32|         64|
    |maximum_mantissa_69_reg_14048                   |     9|          2|   32|         64|
    |maximum_mantissa_70_reg_14343                   |     9|          2|   32|         64|
    |maximum_mantissa_71_reg_14638                   |     9|          2|   32|         64|
    |maximum_mantissa_72_reg_14933                   |     9|          2|   32|         64|
    |maximum_mantissa_73_reg_15228                   |     9|          2|   32|         64|
    |maximum_mantissa_74_reg_15523                   |     9|          2|   32|         64|
    |maximum_mantissa_75_reg_15818                   |     9|          2|   32|         64|
    |maximum_mantissa_76_reg_16113                   |     9|          2|   32|         64|
    |maximum_mantissa_77_reg_16408                   |     9|          2|   32|         64|
    |maximum_mantissa_78_reg_16703                   |     9|          2|   32|         64|
    |maximum_mantissa_79_reg_16998                   |     9|          2|   32|         64|
    |maximum_mantissa_80_reg_17293                   |     9|          2|   32|         64|
    |maximum_mantissa_81_reg_17588                   |     9|          2|   32|         64|
    |maximum_mantissa_82_reg_17883                   |     9|          2|   32|         64|
    |maximum_mantissa_83_reg_18178                   |     9|          2|   32|         64|
    |maximum_mantissa_84_reg_18473                   |     9|          2|   32|         64|
    |maximum_mantissa_85_reg_18768                   |     9|          2|   32|         64|
    |maximum_mantissa_86_reg_19063                   |     9|          2|   32|         64|
    |maximum_mantissa_87_reg_19358                   |     9|          2|   32|         64|
    |maximum_mantissa_88_reg_19653                   |     9|          2|   32|         64|
    |maximum_mantissa_89_reg_19948                   |     9|          2|   32|         64|
    |maximum_mantissa_90_reg_20243                   |     9|          2|   32|         64|
    |maximum_mantissa_91_reg_20538                   |     9|          2|   32|         64|
    |maximum_mantissa_92_reg_20833                   |     9|          2|   32|         64|
    |maximum_mantissa_93_reg_1575                    |     9|          2|   32|         64|
    |maximum_mantissa_94_reg_1868                    |     9|          2|   32|         64|
    |maximum_mantissa_95_reg_2163                    |     9|          2|   32|         64|
    |maximum_mantissa_96_reg_2458                    |     9|          2|   32|         64|
    |maximum_mantissa_97_reg_2753                    |     9|          2|   32|         64|
    |maximum_mantissa_98_reg_3048                    |     9|          2|   32|         64|
    |maximum_mantissa_99_reg_3343                    |     9|          2|   32|         64|
    |maximum_mantissa_reg_10423                      |     9|          2|   32|         64|
    |p_ph43_ph_reg_21148                             |   145|         30|    5|        150|
    |p_ph_ph_reg_10443                               |   145|         30|    5|        150|
    |resident_update_scales_address0_local           |    14|          3|   14|         42|
    |resident_update_scales_d0_local                 |    14|          3|   32|         96|
    |resident_update_scales_we0_local                |    14|          3|    4|         12|
    |resident_updates_address0_local                 |    14|          3|   16|         48|
    |resident_updates_d0_local                       |    14|          3|  128|        384|
    |retval_0_i32_i5604_reg_10566                    |    14|          3|    6|         18|
    |retval_0_i32_i8505607_reg_21271                 |    14|          3|    6|         18|
    |retval_0_i_i_i1625_reg_11846                    |   148|         32|    6|        192|
    |retval_0_i_i_i938_reg_21344                     |   148|         32|    6|        192|
    |retval_0_i_i_i_reg_10639                        |   148|         32|    6|        192|
    |retval_1_i185_i758_10_reg_14922                 |    14|          3|    1|          3|
    |retval_1_i185_i758_11_reg_15217                 |    14|          3|    1|          3|
    |retval_1_i185_i758_12_reg_15512                 |    14|          3|    1|          3|
    |retval_1_i185_i758_13_reg_15807                 |    14|          3|    1|          3|
    |retval_1_i185_i758_14_reg_16102                 |    14|          3|    1|          3|
    |retval_1_i185_i758_15_reg_16397                 |    14|          3|    1|          3|
    |retval_1_i185_i758_16_reg_16692                 |    14|          3|    1|          3|
    |retval_1_i185_i758_17_reg_16987                 |    14|          3|    1|          3|
    |retval_1_i185_i758_18_reg_17282                 |    14|          3|    1|          3|
    |retval_1_i185_i758_19_reg_17577                 |    14|          3|    1|          3|
    |retval_1_i185_i758_1_reg_12269                  |    14|          3|    1|          3|
    |retval_1_i185_i758_20_reg_17872                 |    14|          3|    1|          3|
    |retval_1_i185_i758_21_reg_18167                 |    14|          3|    1|          3|
    |retval_1_i185_i758_22_reg_18462                 |    14|          3|    1|          3|
    |retval_1_i185_i758_23_reg_18757                 |    14|          3|    1|          3|
    |retval_1_i185_i758_24_reg_19052                 |    14|          3|    1|          3|
    |retval_1_i185_i758_25_reg_19347                 |    14|          3|    1|          3|
    |retval_1_i185_i758_26_reg_19642                 |    14|          3|    1|          3|
    |retval_1_i185_i758_27_reg_19937                 |    14|          3|    1|          3|
    |retval_1_i185_i758_28_reg_20232                 |    14|          3|    1|          3|
    |retval_1_i185_i758_29_reg_20527                 |    14|          3|    1|          3|
    |retval_1_i185_i758_2_reg_12562                  |    14|          3|    1|          3|
    |retval_1_i185_i758_30_reg_20822                 |    14|          3|    1|          3|
    |retval_1_i185_i758_31_reg_21117                 |    14|          3|    1|          3|
    |retval_1_i185_i758_3_reg_12857                  |    14|          3|    1|          3|
    |retval_1_i185_i758_4_reg_13152                  |    14|          3|    1|          3|
    |retval_1_i185_i758_5_reg_13447                  |    14|          3|    1|          3|
    |retval_1_i185_i758_6_reg_13742                  |    14|          3|    1|          3|
    |retval_1_i185_i758_7_reg_14037                  |    14|          3|    1|          3|
    |retval_1_i185_i758_8_reg_14332                  |    14|          3|    1|          3|
    |retval_1_i185_i758_9_reg_14627                  |    14|          3|    1|          3|
    |retval_1_i185_i_10_reg_4217                     |    14|          3|    1|          3|
    |retval_1_i185_i_11_reg_4512                     |    14|          3|    1|          3|
    |retval_1_i185_i_12_reg_4807                     |    14|          3|    1|          3|
    |retval_1_i185_i_13_reg_5102                     |    14|          3|    1|          3|
    |retval_1_i185_i_14_reg_5397                     |    14|          3|    1|          3|
    |retval_1_i185_i_15_reg_5692                     |    14|          3|    1|          3|
    |retval_1_i185_i_16_reg_5987                     |    14|          3|    1|          3|
    |retval_1_i185_i_17_reg_6282                     |    14|          3|    1|          3|
    |retval_1_i185_i_18_reg_6577                     |    14|          3|    1|          3|
    |retval_1_i185_i_19_reg_6872                     |    14|          3|    1|          3|
    |retval_1_i185_i_1_reg_1564                      |    14|          3|    1|          3|
    |retval_1_i185_i_20_reg_7167                     |    14|          3|    1|          3|
    |retval_1_i185_i_21_reg_7462                     |    14|          3|    1|          3|
    |retval_1_i185_i_22_reg_7757                     |    14|          3|    1|          3|
    |retval_1_i185_i_23_reg_8052                     |    14|          3|    1|          3|
    |retval_1_i185_i_24_reg_8347                     |    14|          3|    1|          3|
    |retval_1_i185_i_25_reg_8642                     |    14|          3|    1|          3|
    |retval_1_i185_i_26_reg_8937                     |    14|          3|    1|          3|
    |retval_1_i185_i_27_reg_9232                     |    14|          3|    1|          3|
    |retval_1_i185_i_28_reg_9527                     |    14|          3|    1|          3|
    |retval_1_i185_i_29_reg_9822                     |    14|          3|    1|          3|
    |retval_1_i185_i_2_reg_1857                      |    14|          3|    1|          3|
    |retval_1_i185_i_30_reg_10117                    |    14|          3|    1|          3|
    |retval_1_i185_i_31_reg_10412                    |    14|          3|    1|          3|
    |retval_1_i185_i_3_reg_2152                      |    14|          3|    1|          3|
    |retval_1_i185_i_4_reg_2447                      |    14|          3|    1|          3|
    |retval_1_i185_i_5_reg_2742                      |    14|          3|    1|          3|
    |retval_1_i185_i_6_reg_3037                      |    14|          3|    1|          3|
    |retval_1_i185_i_7_reg_3332                      |    14|          3|    1|          3|
    |retval_1_i185_i_8_reg_3627                      |    14|          3|    1|          3|
    |retval_1_i185_i_9_reg_3922                      |    14|          3|    1|          3|
    |retval_2_i_i15195606_reg_10938                  |     9|          2|    2|          4|
    |retval_2_i_i1519_ph_reg_10928                   |     9|          2|    1|          2|
    |second_power_reg_21475                          |    14|          3|    8|         24|
    +------------------------------------------------+------+-----------+-----+-----------+
    |Total                                           | 24654|       5275| 4666|      34584|
    +------------------------------------------------+------+-----------+-----+-----------+

    * Register: 
    +-------------------------------------------------------------------------------------------------------+-----+----+-----+-----------+
    |                                                  Name                                                 |  FF | LUT| Bits| Const Bits|
    +-------------------------------------------------------------------------------------------------------+-----+----+-----+-----------+
    |add_ln120_reg_94742                                                                                    |    9|   0|    9|          0|
    |add_ln241_1_reg_94658                                                                                  |   17|   0|   17|          0|
    |add_ln241_reg_82721                                                                                    |   17|   0|   17|          0|
    |add_ln243_2_reg_94663                                                                                  |   17|   0|   17|          0|
    |add_ln243_reg_82726                                                                                    |   17|   0|   17|          0|
    |add_ln278_reg_94737                                                                                    |    8|   0|    8|          0|
    |add_ln40_reg_83488                                                                                     |   16|   0|   16|          0|
    |add_ln464_reg_83278                                                                                    |    6|   0|    6|          0|
    |add_ln478_reg_83478                                                                                    |   20|   0|   20|          0|
    |add_ln85_reg_83494                                                                                     |   17|   0|   17|          0|
    |add_ln86_3_reg_94752                                                                                   |    9|   0|    9|          0|
    |add_ln86_reg_94747                                                                                     |    9|   0|    9|          0|
    |ap_CS_fsm                                                                                              |  407|   0|  407|          0|
    |ap_predicate_pred31667_state243                                                                        |    1|   0|    1|          0|
    |ap_predicate_pred31674_state243                                                                        |    1|   0|    1|          0|
    |ap_predicate_pred31684_state243                                                                        |    1|   0|    1|          0|
    |ap_predicate_pred31694_state243                                                                        |    1|   0|    1|          0|
    |ap_predicate_pred31704_state243                                                                        |    1|   0|    1|          0|
    |ap_predicate_pred31714_state243                                                                        |    1|   0|    1|          0|
    |ap_predicate_pred31724_state243                                                                        |    1|   0|    1|          0|
    |ap_predicate_pred31734_state243                                                                        |    1|   0|    1|          0|
    |ap_predicate_pred31744_state243                                                                        |    1|   0|    1|          0|
    |ap_predicate_pred31754_state243                                                                        |    1|   0|    1|          0|
    |ap_predicate_pred31764_state243                                                                        |    1|   0|    1|          0|
    |ap_predicate_pred31774_state243                                                                        |    1|   0|    1|          0|
    |ap_predicate_pred31784_state243                                                                        |    1|   0|    1|          0|
    |ap_predicate_pred31794_state243                                                                        |    1|   0|    1|          0|
    |ap_predicate_pred31804_state243                                                                        |    1|   0|    1|          0|
    |ap_predicate_pred31814_state243                                                                        |    1|   0|    1|          0|
    |ap_predicate_pred31824_state243                                                                        |    1|   0|    1|          0|
    |ap_predicate_pred31834_state243                                                                        |    1|   0|    1|          0|
    |ap_predicate_pred31844_state243                                                                        |    1|   0|    1|          0|
    |ap_predicate_pred31854_state243                                                                        |    1|   0|    1|          0|
    |ap_predicate_pred31864_state243                                                                        |    1|   0|    1|          0|
    |ap_predicate_pred31874_state243                                                                        |    1|   0|    1|          0|
    |ap_predicate_pred31884_state243                                                                        |    1|   0|    1|          0|
    |ap_predicate_pred31894_state243                                                                        |    1|   0|    1|          0|
    |ap_predicate_pred31904_state243                                                                        |    1|   0|    1|          0|
    |ap_predicate_pred31914_state243                                                                        |    1|   0|    1|          0|
    |ap_predicate_pred31924_state243                                                                        |    1|   0|    1|          0|
    |ap_predicate_pred31934_state243                                                                        |    1|   0|    1|          0|
    |ap_predicate_pred31944_state243                                                                        |    1|   0|    1|          0|
    |ap_predicate_pred31954_state243                                                                        |    1|   0|    1|          0|
    |ap_predicate_pred31964_state243                                                                        |    1|   0|    1|          0|
    |ap_predicate_pred31975_state243                                                                        |    1|   0|    1|          0|
    |best_2_reg_11803                                                                                       |    3|   0|    3|          0|
    |best_3_reg_11977                                                                                       |    3|   0|    3|          0|
    |best_reg_10950                                                                                         |    1|   0|    1|          0|
    |code_3_reg_11992                                                                                       |    4|   0|    4|          0|
    |common_102_reg_82736                                                                                   |   17|   0|   17|          0|
    |common_142_reg_94673                                                                                   |   17|   0|   17|          0|
    |comparison_1_reg_11234                                                                                 |    2|   0|    2|          0|
    |comparison_2_reg_11374                                                                                 |    2|   0|    2|          0|
    |comparison_3_reg_11514                                                                                 |    2|   0|    2|          0|
    |comparison_4_reg_11654                                                                                 |    2|   0|    2|          0|
    |comparison_5_reg_11794                                                                                 |    2|   0|    2|          0|
    |comparison_reg_11094                                                                                   |    2|   0|    2|          0|
    |counters_0_0_fu_820                                                                                    |   64|   0|   64|          0|
    |counters_0_0_load_1_reg_95082                                                                          |   64|   0|   64|          0|
    |counters_1_0_fu_560                                                                                    |   64|   0|   64|          0|
    |counters_1_0_load_6_reg_84667                                                                          |   64|   0|   64|          0|
    |counters_1_ret_reg_84677                                                                               |   64|   0|   64|          0|
    |counters_2_0_reg_10770                                                                                 |   64|   0|   64|          0|
    |counters_2_1_reg_21490                                                                                 |   64|   0|   64|          0|
    |counters_3_0_fu_556                                                                                    |   64|   0|   64|          0|
    |counters_3_0_load_7_reg_84662                                                                          |   64|   0|   64|          0|
    |counters_3_ret_reg_84682                                                                               |   64|   0|   64|          0|
    |doubled_source_reg_83368                                                                               |   32|   0|   33|          1|
    |exponent_reg_83294                                                                                     |   16|   0|   16|          0|
    |first_power_reg_10782                                                                                  |    8|   0|    8|          0|
    |first_word_1_reg_84672                                                                                 |  128|   0|  128|          0|
    |first_word_fu_548                                                                                      |  128|   0|  128|          0|
    |grp_aligned_sum_guarded_2_1_fu_21503_ap_start_reg                                                      |    1|   0|    1|          0|
    |grp_p_anonymous_namespace_quantize_update_block_Pipeline_quantize_update_second_fu_21513_ap_start_reg  |    1|   0|    1|          0|
    |icmp_ln100_reg_83552                                                                                   |    1|   0|    1|          0|
    |icmp_ln121_1_reg_84615                                                                                 |    1|   0|    1|          0|
    |icmp_ln121_2_reg_94668                                                                                 |    1|   0|    1|          0|
    |icmp_ln121_reg_82731                                                                                   |    1|   0|    1|          0|
    |icmp_ln122_1_reg_84619                                                                                 |    1|   0|    1|          0|
    |icmp_ln122_2_reg_94678                                                                                 |    1|   0|    1|          0|
    |icmp_ln122_reg_82741                                                                                   |    1|   0|    1|          0|
    |icmp_ln133_1_reg_84645                                                                                 |    1|   0|    1|          0|
    |icmp_ln238_1_reg_94385                                                                                 |    1|   0|    1|          0|
    |icmp_ln238_reg_82448                                                                                   |    1|   0|    1|          0|
    |icmp_ln38_30_reg_82186                                                                                 |    1|   0|    1|          0|
    |icmp_ln38_61_reg_94123                                                                                 |    1|   0|    1|          0|
    |icmp_ln41_30_reg_82190                                                                                 |    1|   0|    1|          0|
    |icmp_ln41_61_reg_94127                                                                                 |    1|   0|    1|          0|
    |icmp_ln88_1_reg_83668                                                                                  |    1|   0|    1|          0|
    |icmp_ln88_2_reg_83827                                                                                  |    1|   0|    1|          0|
    |icmp_ln88_3_reg_83983                                                                                  |    1|   0|    1|          0|
    |icmp_ln88_4_reg_84142                                                                                  |    1|   0|    1|          0|
    |icmp_ln88_5_reg_84298                                                                                  |    1|   0|    1|          0|
    |icmp_ln88_6_reg_84457                                                                                  |    1|   0|    1|          0|
    |icmp_ln88_reg_83508                                                                                    |    1|   0|    1|          0|
    |icmp_ln90_reg_83321                                                                                    |    1|   0|    1|          0|
    |icmp_ln97_reg_83548                                                                                    |    1|   0|    1|          0|
    |lane_fu_552                                                                                            |    6|   0|    6|          0|
    |left_227_reg_72784                                                                                     |   32|   0|   32|          0|
    |left_228_reg_84721                                                                                     |   32|   0|   32|          0|
    |left_229_reg_85033                                                                                     |   32|   0|   32|          0|
    |left_230_reg_85345                                                                                     |   32|   0|   32|          0|
    |left_231_reg_85657                                                                                     |   32|   0|   32|          0|
    |left_232_reg_85969                                                                                     |   32|   0|   32|          0|
    |left_233_reg_86281                                                                                     |   32|   0|   32|          0|
    |left_234_reg_86593                                                                                     |   32|   0|   32|          0|
    |left_235_reg_86905                                                                                     |   32|   0|   32|          0|
    |left_236_reg_87217                                                                                     |   32|   0|   32|          0|
    |left_237_reg_87529                                                                                     |   32|   0|   32|          0|
    |left_238_reg_87841                                                                                     |   32|   0|   32|          0|
    |left_239_reg_88153                                                                                     |   32|   0|   32|          0|
    |left_240_reg_88465                                                                                     |   32|   0|   32|          0|
    |left_241_reg_88777                                                                                     |   32|   0|   32|          0|
    |left_242_reg_89089                                                                                     |   32|   0|   32|          0|
    |left_243_reg_89401                                                                                     |   32|   0|   32|          0|
    |left_244_reg_89713                                                                                     |   32|   0|   32|          0|
    |left_245_reg_90025                                                                                     |   32|   0|   32|          0|
    |left_246_reg_90337                                                                                     |   32|   0|   32|          0|
    |left_247_reg_90649                                                                                     |   32|   0|   32|          0|
    |left_248_reg_90961                                                                                     |   32|   0|   32|          0|
    |left_249_reg_91273                                                                                     |   32|   0|   32|          0|
    |left_250_reg_91585                                                                                     |   32|   0|   32|          0|
    |left_251_reg_91897                                                                                     |   32|   0|   32|          0|
    |left_252_reg_92209                                                                                     |   32|   0|   32|          0|
    |left_253_reg_92521                                                                                     |   32|   0|   32|          0|
    |left_254_reg_92833                                                                                     |   32|   0|   32|          0|
    |left_255_reg_93145                                                                                     |   32|   0|   32|          0|
    |left_256_reg_93457                                                                                     |   32|   0|   32|          0|
    |left_257_reg_93769                                                                                     |   32|   0|   32|          0|
    |left_258_reg_94081                                                                                     |   32|   0|   32|          0|
    |left_259_reg_73096                                                                                     |   32|   0|   32|          0|
    |left_260_reg_73408                                                                                     |   32|   0|   32|          0|
    |left_261_reg_73720                                                                                     |   32|   0|   32|          0|
    |left_262_reg_74032                                                                                     |   32|   0|   32|          0|
    |left_263_reg_74344                                                                                     |   32|   0|   32|          0|
    |left_264_reg_74656                                                                                     |   32|   0|   32|          0|
    |left_265_reg_74968                                                                                     |   32|   0|   32|          0|
    |left_266_reg_75280                                                                                     |   32|   0|   32|          0|
    |left_267_reg_75592                                                                                     |   32|   0|   32|          0|
    |left_268_reg_75904                                                                                     |   32|   0|   32|          0|
    |left_269_reg_76216                                                                                     |   32|   0|   32|          0|
    |left_270_reg_76528                                                                                     |   32|   0|   32|          0|
    |left_271_reg_76840                                                                                     |   32|   0|   32|          0|
    |left_272_reg_77152                                                                                     |   32|   0|   32|          0|
    |left_273_reg_77464                                                                                     |   32|   0|   32|          0|
    |left_274_reg_77776                                                                                     |   32|   0|   32|          0|
    |left_275_reg_78088                                                                                     |   32|   0|   32|          0|
    |left_276_reg_78400                                                                                     |   32|   0|   32|          0|
    |left_277_reg_78712                                                                                     |   32|   0|   32|          0|
    |left_278_reg_79024                                                                                     |   32|   0|   32|          0|
    |left_279_reg_79336                                                                                     |   32|   0|   32|          0|
    |left_280_reg_79648                                                                                     |   32|   0|   32|          0|
    |left_281_reg_79960                                                                                     |   32|   0|   32|          0|
    |left_282_reg_80272                                                                                     |   32|   0|   32|          0|
    |left_283_reg_80584                                                                                     |   32|   0|   32|          0|
    |left_284_reg_80896                                                                                     |   32|   0|   32|          0|
    |left_285_reg_81208                                                                                     |   32|   0|   32|          0|
    |left_286_reg_81520                                                                                     |   32|   0|   32|          0|
    |left_287_reg_81832                                                                                     |   32|   0|   32|          0|
    |left_288_reg_82144                                                                                     |   32|   0|   32|          0|
    |left_bits_1_reg_10963                                                                                  |    6|   0|    6|          0|
    |left_bits_2_reg_11103                                                                                  |    6|   0|    6|          0|
    |left_bits_3_reg_11243                                                                                  |    6|   0|    6|          0|
    |left_bits_4_reg_11383                                                                                  |    6|   0|    6|          0|
    |left_bits_5_reg_11523                                                                                  |    6|   0|    6|          0|
    |left_bits_6_reg_11663                                                                                  |    6|   0|    6|          0|
    |left_bits_reg_10797                                                                                    |    6|   0|    6|          0|
    |left_top_100_reg_84878                                                                                 |   17|   0|   17|          0|
    |left_top_102_reg_85190                                                                                 |   17|   0|   17|          0|
    |left_top_105_reg_85502                                                                                 |   17|   0|   17|          0|
    |left_top_108_reg_85814                                                                                 |   17|   0|   17|          0|
    |left_top_110_reg_86126                                                                                 |   17|   0|   17|          0|
    |left_top_111_reg_86438                                                                                 |   17|   0|   17|          0|
    |left_top_112_reg_86750                                                                                 |   17|   0|   17|          0|
    |left_top_113_reg_87062                                                                                 |   17|   0|   17|          0|
    |left_top_114_reg_87374                                                                                 |   17|   0|   17|          0|
    |left_top_115_reg_87686                                                                                 |   17|   0|   17|          0|
    |left_top_116_reg_87998                                                                                 |   17|   0|   17|          0|
    |left_top_117_reg_88310                                                                                 |   17|   0|   17|          0|
    |left_top_118_reg_88622                                                                                 |   17|   0|   17|          0|
    |left_top_119_reg_88934                                                                                 |   17|   0|   17|          0|
    |left_top_120_reg_89246                                                                                 |   17|   0|   17|          0|
    |left_top_121_reg_89558                                                                                 |   17|   0|   17|          0|
    |left_top_122_reg_89870                                                                                 |   17|   0|   17|          0|
    |left_top_123_reg_90182                                                                                 |   17|   0|   17|          0|
    |left_top_124_reg_90494                                                                                 |   17|   0|   17|          0|
    |left_top_125_reg_90806                                                                                 |   17|   0|   17|          0|
    |left_top_126_reg_91118                                                                                 |   17|   0|   17|          0|
    |left_top_127_reg_91430                                                                                 |   17|   0|   17|          0|
    |left_top_128_reg_91742                                                                                 |   17|   0|   17|          0|
    |left_top_129_reg_92054                                                                                 |   17|   0|   17|          0|
    |left_top_130_reg_92366                                                                                 |   17|   0|   17|          0|
    |left_top_131_reg_92678                                                                                 |   17|   0|   17|          0|
    |left_top_132_reg_92990                                                                                 |   17|   0|   17|          0|
    |left_top_133_reg_93302                                                                                 |   17|   0|   17|          0|
    |left_top_134_reg_93614                                                                                 |   17|   0|   17|          0|
    |left_top_135_reg_93926                                                                                 |   17|   0|   17|          0|
    |left_top_136_reg_94240                                                                                 |   17|   0|   17|          0|
    |left_top_69_reg_73248                                                                                  |   17|   0|   17|          0|
    |left_top_70_reg_73560                                                                                  |   17|   0|   17|          0|
    |left_top_71_reg_73872                                                                                  |   17|   0|   17|          0|
    |left_top_72_reg_74184                                                                                  |   17|   0|   17|          0|
    |left_top_73_reg_74496                                                                                  |   17|   0|   17|          0|
    |left_top_74_reg_74808                                                                                  |   17|   0|   17|          0|
    |left_top_75_reg_75120                                                                                  |   17|   0|   17|          0|
    |left_top_76_reg_75432                                                                                  |   17|   0|   17|          0|
    |left_top_77_reg_75744                                                                                  |   17|   0|   17|          0|
    |left_top_78_reg_76056                                                                                  |   17|   0|   17|          0|
    |left_top_79_reg_76368                                                                                  |   17|   0|   17|          0|
    |left_top_80_reg_76680                                                                                  |   17|   0|   17|          0|
    |left_top_81_reg_76992                                                                                  |   17|   0|   17|          0|
    |left_top_82_reg_77304                                                                                  |   17|   0|   17|          0|
    |left_top_83_reg_77616                                                                                  |   17|   0|   17|          0|
    |left_top_84_reg_77928                                                                                  |   17|   0|   17|          0|
    |left_top_85_reg_78240                                                                                  |   17|   0|   17|          0|
    |left_top_86_reg_78552                                                                                  |   17|   0|   17|          0|
    |left_top_87_reg_78864                                                                                  |   17|   0|   17|          0|
    |left_top_88_reg_79176                                                                                  |   17|   0|   17|          0|
    |left_top_89_reg_79488                                                                                  |   17|   0|   17|          0|
    |left_top_90_reg_79800                                                                                  |   17|   0|   17|          0|
    |left_top_91_reg_80112                                                                                  |   17|   0|   17|          0|
    |left_top_92_reg_80424                                                                                  |   17|   0|   17|          0|
    |left_top_93_reg_80736                                                                                  |   17|   0|   17|          0|
    |left_top_94_reg_81048                                                                                  |   17|   0|   17|          0|
    |left_top_95_reg_81360                                                                                  |   17|   0|   17|          0|
    |left_top_96_reg_81672                                                                                  |   17|   0|   17|          0|
    |left_top_97_reg_81984                                                                                  |   17|   0|   17|          0|
    |left_top_98_reg_82298                                                                                  |   17|   0|   17|          0|
    |left_top_reg_72936                                                                                     |   17|   0|   17|          0|
    |length_100_reg_17610                                                                                   |    6|   0|    6|          0|
    |length_101_reg_17741                                                                                   |    6|   0|    6|          0|
    |length_102_reg_17905                                                                                   |    6|   0|    6|          0|
    |length_103_reg_18036                                                                                   |    6|   0|    6|          0|
    |length_104_reg_18200                                                                                   |    6|   0|    6|          0|
    |length_105_reg_18331                                                                                   |    6|   0|    6|          0|
    |length_106_reg_18495                                                                                   |    6|   0|    6|          0|
    |length_107_reg_18626                                                                                   |    6|   0|    6|          0|
    |length_108_reg_18790                                                                                   |    6|   0|    6|          0|
    |length_109_reg_18921                                                                                   |    6|   0|    6|          0|
    |length_10_reg_2775                                                                                     |    6|   0|    6|          0|
    |length_110_reg_19085                                                                                   |    6|   0|    6|          0|
    |length_111_reg_19216                                                                                   |    6|   0|    6|          0|
    |length_112_reg_19380                                                                                   |    6|   0|    6|          0|
    |length_113_reg_19511                                                                                   |    6|   0|    6|          0|
    |length_114_reg_19675                                                                                   |    6|   0|    6|          0|
    |length_115_reg_19806                                                                                   |    6|   0|    6|          0|
    |length_116_reg_19970                                                                                   |    6|   0|    6|          0|
    |length_117_reg_20101                                                                                   |    6|   0|    6|          0|
    |length_118_reg_20265                                                                                   |    6|   0|    6|          0|
    |length_119_reg_20396                                                                                   |    6|   0|    6|          0|
    |length_11_reg_2906                                                                                     |    6|   0|    6|          0|
    |length_120_reg_20560                                                                                   |    6|   0|    6|          0|
    |length_121_reg_20691                                                                                   |    6|   0|    6|          0|
    |length_122_reg_20855                                                                                   |    6|   0|    6|          0|
    |length_123_reg_20986                                                                                   |    6|   0|    6|          0|
    |length_12_reg_3070                                                                                     |    6|   0|    6|          0|
    |length_13_reg_3201                                                                                     |    6|   0|    6|          0|
    |length_14_reg_3365                                                                                     |    6|   0|    6|          0|
    |length_15_reg_3496                                                                                     |    6|   0|    6|          0|
    |length_16_reg_3660                                                                                     |    6|   0|    6|          0|
    |length_17_reg_3791                                                                                     |    6|   0|    6|          0|
    |length_18_reg_3955                                                                                     |    6|   0|    6|          0|
    |length_19_reg_4086                                                                                     |    6|   0|    6|          0|
    |length_1_reg_1433                                                                                      |    6|   0|    6|          0|
    |length_20_reg_4250                                                                                     |    6|   0|    6|          0|
    |length_21_reg_4381                                                                                     |    6|   0|    6|          0|
    |length_22_reg_4545                                                                                     |    6|   0|    6|          0|
    |length_23_reg_4676                                                                                     |    6|   0|    6|          0|
    |length_24_reg_4840                                                                                     |    6|   0|    6|          0|
    |length_25_reg_4971                                                                                     |    6|   0|    6|          0|
    |length_26_reg_5135                                                                                     |    6|   0|    6|          0|
    |length_27_reg_5266                                                                                     |    6|   0|    6|          0|
    |length_28_reg_5430                                                                                     |    6|   0|    6|          0|
    |length_29_reg_5561                                                                                     |    6|   0|    6|          0|
    |length_2_reg_1595                                                                                      |    6|   0|    6|          0|
    |length_30_reg_5725                                                                                     |    6|   0|    6|          0|
    |length_31_reg_5856                                                                                     |    6|   0|    6|          0|
    |length_32_reg_6020                                                                                     |    6|   0|    6|          0|
    |length_33_reg_6151                                                                                     |    6|   0|    6|          0|
    |length_34_reg_6315                                                                                     |    6|   0|    6|          0|
    |length_35_reg_6446                                                                                     |    6|   0|    6|          0|
    |length_36_reg_6610                                                                                     |    6|   0|    6|          0|
    |length_37_reg_6741                                                                                     |    6|   0|    6|          0|
    |length_38_reg_6905                                                                                     |    6|   0|    6|          0|
    |length_39_reg_7036                                                                                     |    6|   0|    6|          0|
    |length_3_reg_1726                                                                                      |    6|   0|    6|          0|
    |length_40_reg_7200                                                                                     |    6|   0|    6|          0|
    |length_41_reg_7331                                                                                     |    6|   0|    6|          0|
    |length_42_reg_7495                                                                                     |    6|   0|    6|          0|
    |length_43_reg_7626                                                                                     |    6|   0|    6|          0|
    |length_44_reg_7790                                                                                     |    6|   0|    6|          0|
    |length_45_reg_7921                                                                                     |    6|   0|    6|          0|
    |length_46_reg_8085                                                                                     |    6|   0|    6|          0|
    |length_47_reg_8216                                                                                     |    6|   0|    6|          0|
    |length_48_reg_8380                                                                                     |    6|   0|    6|          0|
    |length_49_reg_8511                                                                                     |    6|   0|    6|          0|
    |length_4_reg_1890                                                                                      |    6|   0|    6|          0|
    |length_50_reg_8675                                                                                     |    6|   0|    6|          0|
    |length_51_reg_8806                                                                                     |    6|   0|    6|          0|
    |length_52_reg_8970                                                                                     |    6|   0|    6|          0|
    |length_53_reg_9101                                                                                     |    6|   0|    6|          0|
    |length_54_reg_9265                                                                                     |    6|   0|    6|          0|
    |length_55_reg_9396                                                                                     |    6|   0|    6|          0|
    |length_56_reg_9560                                                                                     |    6|   0|    6|          0|
    |length_57_reg_9691                                                                                     |    6|   0|    6|          0|
    |length_58_reg_9855                                                                                     |    6|   0|    6|          0|
    |length_59_reg_9986                                                                                     |    6|   0|    6|          0|
    |length_5_reg_2021                                                                                      |    6|   0|    6|          0|
    |length_60_reg_10150                                                                                    |    6|   0|    6|          0|
    |length_61_reg_10281                                                                                    |    6|   0|    6|          0|
    |length_62_reg_12007                                                                                    |    6|   0|    6|          0|
    |length_63_reg_12138                                                                                    |    6|   0|    6|          0|
    |length_64_reg_12300                                                                                    |    6|   0|    6|          0|
    |length_65_reg_12431                                                                                    |    6|   0|    6|          0|
    |length_66_reg_12595                                                                                    |    6|   0|    6|          0|
    |length_67_reg_12726                                                                                    |    6|   0|    6|          0|
    |length_68_reg_12890                                                                                    |    6|   0|    6|          0|
    |length_69_reg_13021                                                                                    |    6|   0|    6|          0|
    |length_6_reg_2185                                                                                      |    6|   0|    6|          0|
    |length_70_reg_13185                                                                                    |    6|   0|    6|          0|
    |length_71_reg_13316                                                                                    |    6|   0|    6|          0|
    |length_72_reg_13480                                                                                    |    6|   0|    6|          0|
    |length_73_reg_13611                                                                                    |    6|   0|    6|          0|
    |length_74_reg_13775                                                                                    |    6|   0|    6|          0|
    |length_75_reg_13906                                                                                    |    6|   0|    6|          0|
    |length_76_reg_14070                                                                                    |    6|   0|    6|          0|
    |length_77_reg_14201                                                                                    |    6|   0|    6|          0|
    |length_78_reg_14365                                                                                    |    6|   0|    6|          0|
    |length_79_reg_14496                                                                                    |    6|   0|    6|          0|
    |length_7_reg_2316                                                                                      |    6|   0|    6|          0|
    |length_80_reg_14660                                                                                    |    6|   0|    6|          0|
    |length_81_reg_14791                                                                                    |    6|   0|    6|          0|
    |length_82_reg_14955                                                                                    |    6|   0|    6|          0|
    |length_83_reg_15086                                                                                    |    6|   0|    6|          0|
    |length_84_reg_15250                                                                                    |    6|   0|    6|          0|
    |length_85_reg_15381                                                                                    |    6|   0|    6|          0|
    |length_86_reg_15545                                                                                    |    6|   0|    6|          0|
    |length_87_reg_15676                                                                                    |    6|   0|    6|          0|
    |length_88_reg_15840                                                                                    |    6|   0|    6|          0|
    |length_89_reg_15971                                                                                    |    6|   0|    6|          0|
    |length_8_reg_2480                                                                                      |    6|   0|    6|          0|
    |length_90_reg_16135                                                                                    |    6|   0|    6|          0|
    |length_91_reg_16266                                                                                    |    6|   0|    6|          0|
    |length_92_reg_16430                                                                                    |    6|   0|    6|          0|
    |length_93_reg_16561                                                                                    |    6|   0|    6|          0|
    |length_94_reg_16725                                                                                    |    6|   0|    6|          0|
    |length_95_reg_16856                                                                                    |    6|   0|    6|          0|
    |length_96_reg_17020                                                                                    |    6|   0|    6|          0|
    |length_97_reg_17151                                                                                    |    6|   0|    6|          0|
    |length_98_reg_17315                                                                                    |    6|   0|    6|          0|
    |length_99_reg_17446                                                                                    |    6|   0|    6|          0|
    |length_9_reg_2611                                                                                      |    6|   0|    6|          0|
    |length_reg_1302                                                                                        |    6|   0|    6|          0|
    |lshr_ln128_2_reg_94693                                                                                 |  128|   0|  128|          0|
    |lshr_ln128_reg_82756                                                                                   |  128|   0|  128|          0|
    |lshr_ln131_2_reg_94708                                                                                 |  128|   0|  128|          0|
    |lshr_ln131_reg_82771                                                                                   |  128|   0|  128|          0|
    |lshr_ln40_1_reg_94762                                                                                  |   14|   0|   14|          0|
    |lshr_ln4_reg_94757                                                                                     |   16|   0|   16|          0|
    |lshr_ln_reg_83483                                                                                      |   16|   0|   16|          0|
    |mantissa_reg_83289                                                                                     |   32|   0|   32|          0|
    |maximum_exponent_100_reg_2764                                                                          |   16|   0|   16|          0|
    |maximum_exponent_101_reg_3059                                                                          |   16|   0|   16|          0|
    |maximum_exponent_102_reg_3354                                                                          |   16|   0|   16|          0|
    |maximum_exponent_103_reg_3649                                                                          |   16|   0|   16|          0|
    |maximum_exponent_104_reg_3944                                                                          |   16|   0|   16|          0|
    |maximum_exponent_105_reg_4239                                                                          |   16|   0|   16|          0|
    |maximum_exponent_106_reg_4534                                                                          |   16|   0|   16|          0|
    |maximum_exponent_107_reg_4829                                                                          |   16|   0|   16|          0|
    |maximum_exponent_108_reg_5124                                                                          |   16|   0|   16|          0|
    |maximum_exponent_109_reg_5419                                                                          |   16|   0|   16|          0|
    |maximum_exponent_110_reg_5714                                                                          |   16|   0|   16|          0|
    |maximum_exponent_111_reg_6009                                                                          |   16|   0|   16|          0|
    |maximum_exponent_112_reg_6304                                                                          |   16|   0|   16|          0|
    |maximum_exponent_113_reg_6599                                                                          |   16|   0|   16|          0|
    |maximum_exponent_114_reg_6894                                                                          |   16|   0|   16|          0|
    |maximum_exponent_115_reg_7189                                                                          |   16|   0|   16|          0|
    |maximum_exponent_116_reg_7484                                                                          |   16|   0|   16|          0|
    |maximum_exponent_117_reg_7779                                                                          |   16|   0|   16|          0|
    |maximum_exponent_118_reg_8074                                                                          |   16|   0|   16|          0|
    |maximum_exponent_119_reg_8369                                                                          |   16|   0|   16|          0|
    |maximum_exponent_120_reg_8664                                                                          |   16|   0|   16|          0|
    |maximum_exponent_121_reg_8959                                                                          |   16|   0|   16|          0|
    |maximum_exponent_122_reg_9254                                                                          |   16|   0|   16|          0|
    |maximum_exponent_123_reg_9549                                                                          |   16|   0|   16|          0|
    |maximum_exponent_124_reg_9844                                                                          |   16|   0|   16|          0|
    |maximum_exponent_125_reg_10139                                                                         |   16|   0|   16|          0|
    |maximum_exponent_33_reg_21138                                                                          |   16|   0|   16|          0|
    |maximum_exponent_64_reg_72775                                                                          |   16|   0|   16|          0|
    |maximum_exponent_65_reg_84712                                                                          |   16|   0|   16|          0|
    |maximum_exponent_66_reg_12290                                                                          |   16|   0|   16|          0|
    |maximum_exponent_67_reg_12584                                                                          |   16|   0|   16|          0|
    |maximum_exponent_68_reg_12879                                                                          |   16|   0|   16|          0|
    |maximum_exponent_69_reg_13174                                                                          |   16|   0|   16|          0|
    |maximum_exponent_70_reg_13469                                                                          |   16|   0|   16|          0|
    |maximum_exponent_71_reg_13764                                                                          |   16|   0|   16|          0|
    |maximum_exponent_72_reg_14059                                                                          |   16|   0|   16|          0|
    |maximum_exponent_73_reg_14354                                                                          |   16|   0|   16|          0|
    |maximum_exponent_74_reg_14649                                                                          |   16|   0|   16|          0|
    |maximum_exponent_75_reg_14944                                                                          |   16|   0|   16|          0|
    |maximum_exponent_76_reg_15239                                                                          |   16|   0|   16|          0|
    |maximum_exponent_77_reg_15534                                                                          |   16|   0|   16|          0|
    |maximum_exponent_78_reg_15829                                                                          |   16|   0|   16|          0|
    |maximum_exponent_79_reg_16124                                                                          |   16|   0|   16|          0|
    |maximum_exponent_80_reg_16419                                                                          |   16|   0|   16|          0|
    |maximum_exponent_81_reg_16714                                                                          |   16|   0|   16|          0|
    |maximum_exponent_82_reg_17009                                                                          |   16|   0|   16|          0|
    |maximum_exponent_83_reg_17304                                                                          |   16|   0|   16|          0|
    |maximum_exponent_84_reg_17599                                                                          |   16|   0|   16|          0|
    |maximum_exponent_85_reg_17894                                                                          |   16|   0|   16|          0|
    |maximum_exponent_86_reg_18189                                                                          |   16|   0|   16|          0|
    |maximum_exponent_87_reg_18484                                                                          |   16|   0|   16|          0|
    |maximum_exponent_88_reg_18779                                                                          |   16|   0|   16|          0|
    |maximum_exponent_89_reg_19074                                                                          |   16|   0|   16|          0|
    |maximum_exponent_90_reg_19369                                                                          |   16|   0|   16|          0|
    |maximum_exponent_91_reg_19664                                                                          |   16|   0|   16|          0|
    |maximum_exponent_92_reg_19959                                                                          |   16|   0|   16|          0|
    |maximum_exponent_93_reg_20254                                                                          |   16|   0|   16|          0|
    |maximum_exponent_94_reg_20549                                                                          |   16|   0|   16|          0|
    |maximum_exponent_95_reg_20844                                                                          |   16|   0|   16|          0|
    |maximum_exponent_96_reg_1585                                                                           |   16|   0|   16|          0|
    |maximum_exponent_97_reg_1879                                                                           |   16|   0|   16|          0|
    |maximum_exponent_98_reg_2174                                                                           |   16|   0|   16|          0|
    |maximum_exponent_99_reg_2469                                                                           |   16|   0|   16|          0|
    |maximum_exponent_reg_10433                                                                             |   16|   0|   16|          0|
    |maximum_mantissa_100_reg_3638                                                                          |   32|   0|   32|          0|
    |maximum_mantissa_101_reg_3933                                                                          |   32|   0|   32|          0|
    |maximum_mantissa_102_reg_4228                                                                          |   32|   0|   32|          0|
    |maximum_mantissa_103_reg_4523                                                                          |   32|   0|   32|          0|
    |maximum_mantissa_104_reg_4818                                                                          |   32|   0|   32|          0|
    |maximum_mantissa_105_reg_5113                                                                          |   32|   0|   32|          0|
    |maximum_mantissa_106_reg_5408                                                                          |   32|   0|   32|          0|
    |maximum_mantissa_107_reg_5703                                                                          |   32|   0|   32|          0|
    |maximum_mantissa_108_reg_5998                                                                          |   32|   0|   32|          0|
    |maximum_mantissa_109_reg_6293                                                                          |   32|   0|   32|          0|
    |maximum_mantissa_110_reg_6588                                                                          |   32|   0|   32|          0|
    |maximum_mantissa_111_reg_6883                                                                          |   32|   0|   32|          0|
    |maximum_mantissa_112_reg_7178                                                                          |   32|   0|   32|          0|
    |maximum_mantissa_113_reg_7473                                                                          |   32|   0|   32|          0|
    |maximum_mantissa_114_reg_7768                                                                          |   32|   0|   32|          0|
    |maximum_mantissa_115_reg_8063                                                                          |   32|   0|   32|          0|
    |maximum_mantissa_116_reg_8358                                                                          |   32|   0|   32|          0|
    |maximum_mantissa_117_reg_8653                                                                          |   32|   0|   32|          0|
    |maximum_mantissa_118_reg_8948                                                                          |   32|   0|   32|          0|
    |maximum_mantissa_119_reg_9243                                                                          |   32|   0|   32|          0|
    |maximum_mantissa_120_reg_9538                                                                          |   32|   0|   32|          0|
    |maximum_mantissa_121_reg_9833                                                                          |   32|   0|   32|          0|
    |maximum_mantissa_122_reg_10128                                                                         |   32|   0|   32|          0|
    |maximum_mantissa_33_reg_21128                                                                          |   32|   0|   32|          0|
    |maximum_mantissa_63_reg_12280                                                                          |   32|   0|   32|          0|
    |maximum_mantissa_64_reg_12573                                                                          |   32|   0|   32|          0|
    |maximum_mantissa_65_reg_12868                                                                          |   32|   0|   32|          0|
    |maximum_mantissa_66_reg_13163                                                                          |   32|   0|   32|          0|
    |maximum_mantissa_67_reg_13458                                                                          |   32|   0|   32|          0|
    |maximum_mantissa_68_reg_13753                                                                          |   32|   0|   32|          0|
    |maximum_mantissa_69_reg_14048                                                                          |   32|   0|   32|          0|
    |maximum_mantissa_70_reg_14343                                                                          |   32|   0|   32|          0|
    |maximum_mantissa_71_reg_14638                                                                          |   32|   0|   32|          0|
    |maximum_mantissa_72_reg_14933                                                                          |   32|   0|   32|          0|
    |maximum_mantissa_73_reg_15228                                                                          |   32|   0|   32|          0|
    |maximum_mantissa_74_reg_15523                                                                          |   32|   0|   32|          0|
    |maximum_mantissa_75_reg_15818                                                                          |   32|   0|   32|          0|
    |maximum_mantissa_76_reg_16113                                                                          |   32|   0|   32|          0|
    |maximum_mantissa_77_reg_16408                                                                          |   32|   0|   32|          0|
    |maximum_mantissa_78_reg_16703                                                                          |   32|   0|   32|          0|
    |maximum_mantissa_79_reg_16998                                                                          |   32|   0|   32|          0|
    |maximum_mantissa_80_reg_17293                                                                          |   32|   0|   32|          0|
    |maximum_mantissa_81_reg_17588                                                                          |   32|   0|   32|          0|
    |maximum_mantissa_82_reg_17883                                                                          |   32|   0|   32|          0|
    |maximum_mantissa_83_reg_18178                                                                          |   32|   0|   32|          0|
    |maximum_mantissa_84_reg_18473                                                                          |   32|   0|   32|          0|
    |maximum_mantissa_85_reg_18768                                                                          |   32|   0|   32|          0|
    |maximum_mantissa_86_reg_19063                                                                          |   32|   0|   32|          0|
    |maximum_mantissa_87_reg_19358                                                                          |   32|   0|   32|          0|
    |maximum_mantissa_88_reg_19653                                                                          |   32|   0|   32|          0|
    |maximum_mantissa_89_reg_19948                                                                          |   32|   0|   32|          0|
    |maximum_mantissa_90_reg_20243                                                                          |   32|   0|   32|          0|
    |maximum_mantissa_91_reg_20538                                                                          |   32|   0|   32|          0|
    |maximum_mantissa_92_reg_20833                                                                          |   32|   0|   32|          0|
    |maximum_mantissa_93_reg_1575                                                                           |   32|   0|   32|          0|
    |maximum_mantissa_94_reg_1868                                                                           |   32|   0|   32|          0|
    |maximum_mantissa_95_reg_2163                                                                           |   32|   0|   32|          0|
    |maximum_mantissa_96_reg_2458                                                                           |   32|   0|   32|          0|
    |maximum_mantissa_97_reg_2753                                                                           |   32|   0|   32|          0|
    |maximum_mantissa_98_reg_3048                                                                           |   32|   0|   32|          0|
    |maximum_mantissa_99_reg_3343                                                                           |   32|   0|   32|          0|
    |maximum_mantissa_reg_10423                                                                             |   32|   0|   32|          0|
    |not_icmp_ln97_1_reg_83708                                                                              |    1|   0|    1|          0|
    |not_icmp_ln97_2_reg_83867                                                                              |    1|   0|    1|          0|
    |not_icmp_ln97_3_reg_84023                                                                              |    1|   0|    1|          0|
    |not_icmp_ln97_4_reg_84182                                                                              |    1|   0|    1|          0|
    |not_icmp_ln97_5_reg_84338                                                                              |    1|   0|    1|          0|
    |not_icmp_ln97_6_reg_84497                                                                              |    1|   0|    1|          0|
    |p_ph43_ph_reg_21148                                                                                    |    5|   0|    5|          0|
    |p_ph_ph_reg_10443                                                                                      |    5|   0|    5|          0|
    |pair_m_1_reg_84657                                                                                     |    5|   0|    5|          0|
    |pair_x_1_reg_83215                                                                                     |    8|   0|    8|          0|
    |power_1_reg_94713                                                                                      |   17|   0|   17|          0|
    |power_reg_82776                                                                                        |   17|   0|   17|          0|
    |residual_m_10_fu_608                                                                                   |   32|   0|   32|          0|
    |residual_m_10_load_reg_94817                                                                           |   32|   0|   32|          0|
    |residual_m_11_fu_612                                                                                   |   32|   0|   32|          0|
    |residual_m_11_load_reg_94822                                                                           |   32|   0|   32|          0|
    |residual_m_12_fu_616                                                                                   |   32|   0|   32|          0|
    |residual_m_12_load_reg_94827                                                                           |   32|   0|   32|          0|
    |residual_m_13_fu_620                                                                                   |   32|   0|   32|          0|
    |residual_m_13_load_reg_94832                                                                           |   32|   0|   32|          0|
    |residual_m_14_fu_624                                                                                   |   32|   0|   32|          0|
    |residual_m_14_load_reg_94837                                                                           |   32|   0|   32|          0|
    |residual_m_15_fu_628                                                                                   |   32|   0|   32|          0|
    |residual_m_15_load_reg_94842                                                                           |   32|   0|   32|          0|
    |residual_m_16_fu_632                                                                                   |   32|   0|   32|          0|
    |residual_m_16_load_reg_94847                                                                           |   32|   0|   32|          0|
    |residual_m_17_fu_636                                                                                   |   32|   0|   32|          0|
    |residual_m_17_load_reg_94852                                                                           |   32|   0|   32|          0|
    |residual_m_18_fu_640                                                                                   |   32|   0|   32|          0|
    |residual_m_18_load_reg_94857                                                                           |   32|   0|   32|          0|
    |residual_m_19_fu_644                                                                                   |   32|   0|   32|          0|
    |residual_m_19_load_reg_94862                                                                           |   32|   0|   32|          0|
    |residual_m_1_fu_572                                                                                    |   32|   0|   32|          0|
    |residual_m_1_load_reg_94772                                                                            |   32|   0|   32|          0|
    |residual_m_20_fu_648                                                                                   |   32|   0|   32|          0|
    |residual_m_20_load_reg_94867                                                                           |   32|   0|   32|          0|
    |residual_m_21_fu_652                                                                                   |   32|   0|   32|          0|
    |residual_m_21_load_reg_94872                                                                           |   32|   0|   32|          0|
    |residual_m_22_fu_656                                                                                   |   32|   0|   32|          0|
    |residual_m_22_load_reg_94877                                                                           |   32|   0|   32|          0|
    |residual_m_23_fu_660                                                                                   |   32|   0|   32|          0|
    |residual_m_23_load_reg_94882                                                                           |   32|   0|   32|          0|
    |residual_m_24_fu_664                                                                                   |   32|   0|   32|          0|
    |residual_m_24_load_reg_94887                                                                           |   32|   0|   32|          0|
    |residual_m_25_fu_668                                                                                   |   32|   0|   32|          0|
    |residual_m_25_load_reg_94892                                                                           |   32|   0|   32|          0|
    |residual_m_26_fu_672                                                                                   |   32|   0|   32|          0|
    |residual_m_26_load_reg_94897                                                                           |   32|   0|   32|          0|
    |residual_m_27_fu_676                                                                                   |   32|   0|   32|          0|
    |residual_m_27_load_reg_94902                                                                           |   32|   0|   32|          0|
    |residual_m_28_fu_680                                                                                   |   32|   0|   32|          0|
    |residual_m_28_load_reg_94907                                                                           |   32|   0|   32|          0|
    |residual_m_29_fu_684                                                                                   |   32|   0|   32|          0|
    |residual_m_29_load_reg_94912                                                                           |   32|   0|   32|          0|
    |residual_m_2_fu_576                                                                                    |   32|   0|   32|          0|
    |residual_m_2_load_reg_94777                                                                            |   32|   0|   32|          0|
    |residual_m_30_fu_688                                                                                   |   32|   0|   32|          0|
    |residual_m_30_load_reg_94917                                                                           |   32|   0|   32|          0|
    |residual_m_31_reg_83264                                                                                |   32|   0|   32|          0|
    |residual_m_3_fu_580                                                                                    |   32|   0|   32|          0|
    |residual_m_3_load_reg_94782                                                                            |   32|   0|   32|          0|
    |residual_m_4_fu_584                                                                                    |   32|   0|   32|          0|
    |residual_m_4_load_reg_94787                                                                            |   32|   0|   32|          0|
    |residual_m_5_fu_588                                                                                    |   32|   0|   32|          0|
    |residual_m_5_load_reg_94792                                                                            |   32|   0|   32|          0|
    |residual_m_6_fu_592                                                                                    |   32|   0|   32|          0|
    |residual_m_6_load_reg_94797                                                                            |   32|   0|   32|          0|
    |residual_m_7_fu_596                                                                                    |   32|   0|   32|          0|
    |residual_m_7_load_reg_94802                                                                            |   32|   0|   32|          0|
    |residual_m_8_fu_600                                                                                    |   32|   0|   32|          0|
    |residual_m_8_load_reg_94807                                                                            |   32|   0|   32|          0|
    |residual_m_9_fu_604                                                                                    |   32|   0|   32|          0|
    |residual_m_9_load_reg_94812                                                                            |   32|   0|   32|          0|
    |residual_m_fu_568                                                                                      |   32|   0|   32|          0|
    |residual_m_load_2_reg_94767                                                                            |   32|   0|   32|          0|
    |residual_x_10_fu_732                                                                                   |   16|   0|   16|          0|
    |residual_x_10_load_3_reg_94972                                                                         |   16|   0|   16|          0|
    |residual_x_11_fu_736                                                                                   |   16|   0|   16|          0|
    |residual_x_11_load_3_reg_94977                                                                         |   16|   0|   16|          0|
    |residual_x_12_fu_740                                                                                   |   16|   0|   16|          0|
    |residual_x_12_load_3_reg_94982                                                                         |   16|   0|   16|          0|
    |residual_x_13_fu_744                                                                                   |   16|   0|   16|          0|
    |residual_x_13_load_3_reg_94987                                                                         |   16|   0|   16|          0|
    |residual_x_14_fu_748                                                                                   |   16|   0|   16|          0|
    |residual_x_14_load_3_reg_94992                                                                         |   16|   0|   16|          0|
    |residual_x_15_fu_752                                                                                   |   16|   0|   16|          0|
    |residual_x_15_load_3_reg_94997                                                                         |   16|   0|   16|          0|
    |residual_x_16_fu_756                                                                                   |   16|   0|   16|          0|
    |residual_x_16_load_3_reg_95002                                                                         |   16|   0|   16|          0|
    |residual_x_17_fu_760                                                                                   |   16|   0|   16|          0|
    |residual_x_17_load_3_reg_95007                                                                         |   16|   0|   16|          0|
    |residual_x_18_fu_764                                                                                   |   16|   0|   16|          0|
    |residual_x_18_load_3_reg_95012                                                                         |   16|   0|   16|          0|
    |residual_x_19_fu_768                                                                                   |   16|   0|   16|          0|
    |residual_x_19_load_3_reg_95017                                                                         |   16|   0|   16|          0|
    |residual_x_1_fu_696                                                                                    |   16|   0|   16|          0|
    |residual_x_1_load_3_reg_94927                                                                          |   16|   0|   16|          0|
    |residual_x_20_fu_772                                                                                   |   16|   0|   16|          0|
    |residual_x_20_load_3_reg_95022                                                                         |   16|   0|   16|          0|
    |residual_x_21_fu_776                                                                                   |   16|   0|   16|          0|
    |residual_x_21_load_3_reg_95027                                                                         |   16|   0|   16|          0|
    |residual_x_22_fu_780                                                                                   |   16|   0|   16|          0|
    |residual_x_22_load_3_reg_95032                                                                         |   16|   0|   16|          0|
    |residual_x_23_fu_784                                                                                   |   16|   0|   16|          0|
    |residual_x_23_load_3_reg_95037                                                                         |   16|   0|   16|          0|
    |residual_x_24_fu_788                                                                                   |   16|   0|   16|          0|
    |residual_x_24_load_3_reg_95042                                                                         |   16|   0|   16|          0|
    |residual_x_25_fu_792                                                                                   |   16|   0|   16|          0|
    |residual_x_25_load_3_reg_95047                                                                         |   16|   0|   16|          0|
    |residual_x_26_fu_796                                                                                   |   16|   0|   16|          0|
    |residual_x_26_load_3_reg_95052                                                                         |   16|   0|   16|          0|
    |residual_x_27_fu_800                                                                                   |   16|   0|   16|          0|
    |residual_x_27_load_3_reg_95057                                                                         |   16|   0|   16|          0|
    |residual_x_28_fu_804                                                                                   |   16|   0|   16|          0|
    |residual_x_28_load_3_reg_95062                                                                         |   16|   0|   16|          0|
    |residual_x_29_fu_808                                                                                   |   16|   0|   16|          0|
    |residual_x_29_load_3_reg_95067                                                                         |   16|   0|   16|          0|
    |residual_x_2_fu_700                                                                                    |   16|   0|   16|          0|
    |residual_x_2_load_3_reg_94932                                                                          |   16|   0|   16|          0|
    |residual_x_30_fu_812                                                                                   |   16|   0|   16|          0|
    |residual_x_30_load_3_reg_95072                                                                         |   16|   0|   16|          0|
    |residual_x_31_fu_816                                                                                   |   16|   0|   16|          0|
    |residual_x_31_load_3_reg_95077                                                                         |   16|   0|   16|          0|
    |residual_x_3_fu_704                                                                                    |   16|   0|   16|          0|
    |residual_x_3_load_3_reg_94937                                                                          |   16|   0|   16|          0|
    |residual_x_4_fu_708                                                                                    |   16|   0|   16|          0|
    |residual_x_4_load_3_reg_94942                                                                          |   16|   0|   16|          0|
    |residual_x_5_fu_712                                                                                    |   16|   0|   16|          0|
    |residual_x_5_load_3_reg_94947                                                                          |   16|   0|   16|          0|
    |residual_x_6_fu_716                                                                                    |   16|   0|   16|          0|
    |residual_x_6_load_3_reg_94952                                                                          |   16|   0|   16|          0|
    |residual_x_7_fu_720                                                                                    |   16|   0|   16|          0|
    |residual_x_7_load_3_reg_94957                                                                          |   16|   0|   16|          0|
    |residual_x_8_fu_724                                                                                    |   16|   0|   16|          0|
    |residual_x_8_load_3_reg_94962                                                                          |   16|   0|   16|          0|
    |residual_x_9_fu_728                                                                                    |   16|   0|   16|          0|
    |residual_x_9_load_3_reg_94967                                                                          |   16|   0|   16|          0|
    |residual_x_fu_692                                                                                      |   16|   0|   16|          0|
    |residual_x_load_reg_94922                                                                              |   16|   0|   16|          0|
    |retval_0_i32_i5604_reg_10566                                                                           |    6|   0|    6|          0|
    |retval_0_i32_i8505607_reg_21271                                                                        |    6|   0|    6|          0|
    |retval_0_i_i_i1625_reg_11846                                                                           |    6|   0|    6|          0|
    |retval_0_i_i_i938_reg_21344                                                                            |    6|   0|    6|          0|
    |retval_0_i_i_i_reg_10639                                                                               |    6|   0|    6|          0|
    |retval_1_i185_i758_10_reg_14922                                                                        |    1|   0|    1|          0|
    |retval_1_i185_i758_11_reg_15217                                                                        |    1|   0|    1|          0|
    |retval_1_i185_i758_12_reg_15512                                                                        |    1|   0|    1|          0|
    |retval_1_i185_i758_13_reg_15807                                                                        |    1|   0|    1|          0|
    |retval_1_i185_i758_14_reg_16102                                                                        |    1|   0|    1|          0|
    |retval_1_i185_i758_15_reg_16397                                                                        |    1|   0|    1|          0|
    |retval_1_i185_i758_16_reg_16692                                                                        |    1|   0|    1|          0|
    |retval_1_i185_i758_17_reg_16987                                                                        |    1|   0|    1|          0|
    |retval_1_i185_i758_18_reg_17282                                                                        |    1|   0|    1|          0|
    |retval_1_i185_i758_19_reg_17577                                                                        |    1|   0|    1|          0|
    |retval_1_i185_i758_1_reg_12269                                                                         |    1|   0|    1|          0|
    |retval_1_i185_i758_20_reg_17872                                                                        |    1|   0|    1|          0|
    |retval_1_i185_i758_21_reg_18167                                                                        |    1|   0|    1|          0|
    |retval_1_i185_i758_22_reg_18462                                                                        |    1|   0|    1|          0|
    |retval_1_i185_i758_23_reg_18757                                                                        |    1|   0|    1|          0|
    |retval_1_i185_i758_24_reg_19052                                                                        |    1|   0|    1|          0|
    |retval_1_i185_i758_25_reg_19347                                                                        |    1|   0|    1|          0|
    |retval_1_i185_i758_26_reg_19642                                                                        |    1|   0|    1|          0|
    |retval_1_i185_i758_27_reg_19937                                                                        |    1|   0|    1|          0|
    |retval_1_i185_i758_28_reg_20232                                                                        |    1|   0|    1|          0|
    |retval_1_i185_i758_29_reg_20527                                                                        |    1|   0|    1|          0|
    |retval_1_i185_i758_2_reg_12562                                                                         |    1|   0|    1|          0|
    |retval_1_i185_i758_30_reg_20822                                                                        |    1|   0|    1|          0|
    |retval_1_i185_i758_31_reg_21117                                                                        |    1|   0|    1|          0|
    |retval_1_i185_i758_3_reg_12857                                                                         |    1|   0|    1|          0|
    |retval_1_i185_i758_4_reg_13152                                                                         |    1|   0|    1|          0|
    |retval_1_i185_i758_5_reg_13447                                                                         |    1|   0|    1|          0|
    |retval_1_i185_i758_6_reg_13742                                                                         |    1|   0|    1|          0|
    |retval_1_i185_i758_7_reg_14037                                                                         |    1|   0|    1|          0|
    |retval_1_i185_i758_8_reg_14332                                                                         |    1|   0|    1|          0|
    |retval_1_i185_i758_9_reg_14627                                                                         |    1|   0|    1|          0|
    |retval_1_i185_i_10_reg_4217                                                                            |    1|   0|    1|          0|
    |retval_1_i185_i_11_reg_4512                                                                            |    1|   0|    1|          0|
    |retval_1_i185_i_12_reg_4807                                                                            |    1|   0|    1|          0|
    |retval_1_i185_i_13_reg_5102                                                                            |    1|   0|    1|          0|
    |retval_1_i185_i_14_reg_5397                                                                            |    1|   0|    1|          0|
    |retval_1_i185_i_15_reg_5692                                                                            |    1|   0|    1|          0|
    |retval_1_i185_i_16_reg_5987                                                                            |    1|   0|    1|          0|
    |retval_1_i185_i_17_reg_6282                                                                            |    1|   0|    1|          0|
    |retval_1_i185_i_18_reg_6577                                                                            |    1|   0|    1|          0|
    |retval_1_i185_i_19_reg_6872                                                                            |    1|   0|    1|          0|
    |retval_1_i185_i_1_reg_1564                                                                             |    1|   0|    1|          0|
    |retval_1_i185_i_20_reg_7167                                                                            |    1|   0|    1|          0|
    |retval_1_i185_i_21_reg_7462                                                                            |    1|   0|    1|          0|
    |retval_1_i185_i_22_reg_7757                                                                            |    1|   0|    1|          0|
    |retval_1_i185_i_23_reg_8052                                                                            |    1|   0|    1|          0|
    |retval_1_i185_i_24_reg_8347                                                                            |    1|   0|    1|          0|
    |retval_1_i185_i_25_reg_8642                                                                            |    1|   0|    1|          0|
    |retval_1_i185_i_26_reg_8937                                                                            |    1|   0|    1|          0|
    |retval_1_i185_i_27_reg_9232                                                                            |    1|   0|    1|          0|
    |retval_1_i185_i_28_reg_9527                                                                            |    1|   0|    1|          0|
    |retval_1_i185_i_29_reg_9822                                                                            |    1|   0|    1|          0|
    |retval_1_i185_i_2_reg_1857                                                                             |    1|   0|    1|          0|
    |retval_1_i185_i_30_reg_10117                                                                           |    1|   0|    1|          0|
    |retval_1_i185_i_31_reg_10412                                                                           |    1|   0|    1|          0|
    |retval_1_i185_i_3_reg_2152                                                                             |    1|   0|    1|          0|
    |retval_1_i185_i_4_reg_2447                                                                             |    1|   0|    1|          0|
    |retval_1_i185_i_5_reg_2742                                                                             |    1|   0|    1|          0|
    |retval_1_i185_i_6_reg_3037                                                                             |    1|   0|    1|          0|
    |retval_1_i185_i_7_reg_3332                                                                             |    1|   0|    1|          0|
    |retval_1_i185_i_8_reg_3627                                                                             |    1|   0|    1|          0|
    |retval_1_i185_i_9_reg_3922                                                                             |    1|   0|    1|          0|
    |retval_2_i_i15195606_reg_10938                                                                         |    2|   0|    2|          0|
    |retval_2_i_i1519_ph_reg_10928                                                                          |    1|   0|    2|          1|
    |right_220_reg_72789                                                                                    |   32|   0|   32|          0|
    |right_221_reg_84726                                                                                    |   32|   0|   32|          0|
    |right_222_reg_85038                                                                                    |   32|   0|   32|          0|
    |right_223_reg_85350                                                                                    |   32|   0|   32|          0|
    |right_224_reg_85662                                                                                    |   32|   0|   32|          0|
    |right_225_reg_85974                                                                                    |   32|   0|   32|          0|
    |right_226_reg_86286                                                                                    |   32|   0|   32|          0|
    |right_227_reg_86598                                                                                    |   32|   0|   32|          0|
    |right_228_reg_86910                                                                                    |   32|   0|   32|          0|
    |right_229_reg_87222                                                                                    |   32|   0|   32|          0|
    |right_230_reg_87534                                                                                    |   32|   0|   32|          0|
    |right_231_reg_87846                                                                                    |   32|   0|   32|          0|
    |right_232_reg_88158                                                                                    |   32|   0|   32|          0|
    |right_233_reg_88470                                                                                    |   32|   0|   32|          0|
    |right_234_reg_88782                                                                                    |   32|   0|   32|          0|
    |right_235_reg_89094                                                                                    |   32|   0|   32|          0|
    |right_236_reg_89406                                                                                    |   32|   0|   32|          0|
    |right_237_reg_89718                                                                                    |   32|   0|   32|          0|
    |right_238_reg_90030                                                                                    |   32|   0|   32|          0|
    |right_239_reg_90342                                                                                    |   32|   0|   32|          0|
    |right_240_reg_90654                                                                                    |   32|   0|   32|          0|
    |right_241_reg_90966                                                                                    |   32|   0|   32|          0|
    |right_242_reg_91278                                                                                    |   32|   0|   32|          0|
    |right_243_reg_91590                                                                                    |   32|   0|   32|          0|
    |right_244_reg_91902                                                                                    |   32|   0|   32|          0|
    |right_245_reg_92214                                                                                    |   32|   0|   32|          0|
    |right_246_reg_92526                                                                                    |   32|   0|   32|          0|
    |right_247_reg_92838                                                                                    |   32|   0|   32|          0|
    |right_248_reg_93150                                                                                    |   32|   0|   32|          0|
    |right_249_reg_93462                                                                                    |   32|   0|   32|          0|
    |right_250_reg_93774                                                                                    |   32|   0|   32|          0|
    |right_251_reg_94086                                                                                    |   32|   0|   32|          0|
    |right_252_reg_73101                                                                                    |   32|   0|   32|          0|
    |right_253_reg_73413                                                                                    |   32|   0|   32|          0|
    |right_254_reg_73725                                                                                    |   32|   0|   32|          0|
    |right_255_reg_74037                                                                                    |   32|   0|   32|          0|
    |right_256_reg_74349                                                                                    |   32|   0|   32|          0|
    |right_257_reg_74661                                                                                    |   32|   0|   32|          0|
    |right_258_reg_74973                                                                                    |   32|   0|   32|          0|
    |right_259_reg_75285                                                                                    |   32|   0|   32|          0|
    |right_260_reg_75597                                                                                    |   32|   0|   32|          0|
    |right_261_reg_75909                                                                                    |   32|   0|   32|          0|
    |right_262_reg_76221                                                                                    |   32|   0|   32|          0|
    |right_263_reg_76533                                                                                    |   32|   0|   32|          0|
    |right_264_reg_76845                                                                                    |   32|   0|   32|          0|
    |right_265_reg_77157                                                                                    |   32|   0|   32|          0|
    |right_266_reg_77469                                                                                    |   32|   0|   32|          0|
    |right_267_reg_77781                                                                                    |   32|   0|   32|          0|
    |right_268_reg_78093                                                                                    |   32|   0|   32|          0|
    |right_269_reg_78405                                                                                    |   32|   0|   32|          0|
    |right_270_reg_78717                                                                                    |   32|   0|   32|          0|
    |right_271_reg_79029                                                                                    |   32|   0|   32|          0|
    |right_272_reg_79341                                                                                    |   32|   0|   32|          0|
    |right_273_reg_79653                                                                                    |   32|   0|   32|          0|
    |right_274_reg_79965                                                                                    |   32|   0|   32|          0|
    |right_275_reg_80277                                                                                    |   32|   0|   32|          0|
    |right_276_reg_80589                                                                                    |   32|   0|   32|          0|
    |right_277_reg_80901                                                                                    |   32|   0|   32|          0|
    |right_278_reg_81213                                                                                    |   32|   0|   32|          0|
    |right_279_reg_81525                                                                                    |   32|   0|   32|          0|
    |right_280_reg_81837                                                                                    |   32|   0|   32|          0|
    |right_281_reg_82149                                                                                    |   32|   0|   32|          0|
    |second_power_reg_21475                                                                                 |    8|   0|    8|          0|
    |sext_ln14_100_reg_90697                                                                                |   17|   0|   17|          0|
    |sext_ln14_101_reg_90812                                                                                |   17|   0|   17|          0|
    |sext_ln14_102_reg_91009                                                                                |   17|   0|   17|          0|
    |sext_ln14_103_reg_91124                                                                                |   17|   0|   17|          0|
    |sext_ln14_104_reg_91321                                                                                |   17|   0|   17|          0|
    |sext_ln14_105_reg_91436                                                                                |   17|   0|   17|          0|
    |sext_ln14_106_reg_91633                                                                                |   17|   0|   17|          0|
    |sext_ln14_107_reg_91748                                                                                |   17|   0|   17|          0|
    |sext_ln14_108_reg_91945                                                                                |   17|   0|   17|          0|
    |sext_ln14_109_reg_92060                                                                                |   17|   0|   17|          0|
    |sext_ln14_10_reg_74392                                                                                 |   17|   0|   17|          0|
    |sext_ln14_110_reg_92257                                                                                |   17|   0|   17|          0|
    |sext_ln14_111_reg_92372                                                                                |   17|   0|   17|          0|
    |sext_ln14_112_reg_92569                                                                                |   17|   0|   17|          0|
    |sext_ln14_113_reg_92684                                                                                |   17|   0|   17|          0|
    |sext_ln14_114_reg_92881                                                                                |   17|   0|   17|          0|
    |sext_ln14_115_reg_92996                                                                                |   17|   0|   17|          0|
    |sext_ln14_116_reg_93193                                                                                |   17|   0|   17|          0|
    |sext_ln14_117_reg_93308                                                                                |   17|   0|   17|          0|
    |sext_ln14_118_reg_93505                                                                                |   17|   0|   17|          0|
    |sext_ln14_119_reg_93620                                                                                |   17|   0|   17|          0|
    |sext_ln14_11_reg_74502                                                                                 |   17|   0|   17|          0|
    |sext_ln14_120_reg_93817                                                                                |   17|   0|   17|          0|
    |sext_ln14_121_reg_93932                                                                                |   17|   0|   17|          0|
    |sext_ln14_122_reg_94131                                                                                |   17|   0|   17|          0|
    |sext_ln14_123_reg_94246                                                                                |   17|   0|   17|          0|
    |sext_ln14_12_reg_74704                                                                                 |   17|   0|   17|          0|
    |sext_ln14_13_reg_74814                                                                                 |   17|   0|   17|          0|
    |sext_ln14_14_reg_75016                                                                                 |   17|   0|   17|          0|
    |sext_ln14_15_reg_75126                                                                                 |   17|   0|   17|          0|
    |sext_ln14_16_reg_75328                                                                                 |   17|   0|   17|          0|
    |sext_ln14_17_reg_75438                                                                                 |   17|   0|   17|          0|
    |sext_ln14_18_reg_75640                                                                                 |   17|   0|   17|          0|
    |sext_ln14_19_reg_75750                                                                                 |   17|   0|   17|          0|
    |sext_ln14_1_reg_72942                                                                                  |   17|   0|   17|          0|
    |sext_ln14_20_reg_75952                                                                                 |   17|   0|   17|          0|
    |sext_ln14_21_reg_76062                                                                                 |   17|   0|   17|          0|
    |sext_ln14_22_reg_76264                                                                                 |   17|   0|   17|          0|
    |sext_ln14_23_reg_76374                                                                                 |   17|   0|   17|          0|
    |sext_ln14_24_reg_76576                                                                                 |   17|   0|   17|          0|
    |sext_ln14_25_reg_76686                                                                                 |   17|   0|   17|          0|
    |sext_ln14_26_reg_76888                                                                                 |   17|   0|   17|          0|
    |sext_ln14_27_reg_76998                                                                                 |   17|   0|   17|          0|
    |sext_ln14_28_reg_77200                                                                                 |   17|   0|   17|          0|
    |sext_ln14_29_reg_77310                                                                                 |   17|   0|   17|          0|
    |sext_ln14_2_reg_73144                                                                                  |   17|   0|   17|          0|
    |sext_ln14_30_reg_77512                                                                                 |   17|   0|   17|          0|
    |sext_ln14_31_reg_77622                                                                                 |   17|   0|   17|          0|
    |sext_ln14_32_reg_77824                                                                                 |   17|   0|   17|          0|
    |sext_ln14_33_reg_77934                                                                                 |   17|   0|   17|          0|
    |sext_ln14_34_reg_78136                                                                                 |   17|   0|   17|          0|
    |sext_ln14_35_reg_78246                                                                                 |   17|   0|   17|          0|
    |sext_ln14_36_reg_78448                                                                                 |   17|   0|   17|          0|
    |sext_ln14_37_reg_78558                                                                                 |   17|   0|   17|          0|
    |sext_ln14_38_reg_78760                                                                                 |   17|   0|   17|          0|
    |sext_ln14_39_reg_78870                                                                                 |   17|   0|   17|          0|
    |sext_ln14_3_reg_73254                                                                                  |   17|   0|   17|          0|
    |sext_ln14_40_reg_79072                                                                                 |   17|   0|   17|          0|
    |sext_ln14_41_reg_79182                                                                                 |   17|   0|   17|          0|
    |sext_ln14_42_reg_79384                                                                                 |   17|   0|   17|          0|
    |sext_ln14_43_reg_79494                                                                                 |   17|   0|   17|          0|
    |sext_ln14_44_reg_79696                                                                                 |   17|   0|   17|          0|
    |sext_ln14_45_reg_79806                                                                                 |   17|   0|   17|          0|
    |sext_ln14_46_reg_80008                                                                                 |   17|   0|   17|          0|
    |sext_ln14_47_reg_80118                                                                                 |   17|   0|   17|          0|
    |sext_ln14_48_reg_80320                                                                                 |   17|   0|   17|          0|
    |sext_ln14_49_reg_80430                                                                                 |   17|   0|   17|          0|
    |sext_ln14_4_reg_73456                                                                                  |   17|   0|   17|          0|
    |sext_ln14_50_reg_80632                                                                                 |   17|   0|   17|          0|
    |sext_ln14_51_reg_80742                                                                                 |   17|   0|   17|          0|
    |sext_ln14_52_reg_80944                                                                                 |   17|   0|   17|          0|
    |sext_ln14_53_reg_81054                                                                                 |   17|   0|   17|          0|
    |sext_ln14_54_reg_81256                                                                                 |   17|   0|   17|          0|
    |sext_ln14_55_reg_81366                                                                                 |   17|   0|   17|          0|
    |sext_ln14_56_reg_81568                                                                                 |   17|   0|   17|          0|
    |sext_ln14_57_reg_81678                                                                                 |   17|   0|   17|          0|
    |sext_ln14_58_reg_81880                                                                                 |   17|   0|   17|          0|
    |sext_ln14_59_reg_81990                                                                                 |   17|   0|   17|          0|
    |sext_ln14_5_reg_73566                                                                                  |   17|   0|   17|          0|
    |sext_ln14_60_reg_82194                                                                                 |   17|   0|   17|          0|
    |sext_ln14_61_reg_82304                                                                                 |   17|   0|   17|          0|
    |sext_ln14_62_reg_84769                                                                                 |   17|   0|   17|          0|
    |sext_ln14_63_reg_84884                                                                                 |   17|   0|   17|          0|
    |sext_ln14_64_reg_85081                                                                                 |   17|   0|   17|          0|
    |sext_ln14_65_reg_85196                                                                                 |   17|   0|   17|          0|
    |sext_ln14_66_reg_85393                                                                                 |   17|   0|   17|          0|
    |sext_ln14_67_reg_85508                                                                                 |   17|   0|   17|          0|
    |sext_ln14_68_reg_85705                                                                                 |   17|   0|   17|          0|
    |sext_ln14_69_reg_85820                                                                                 |   17|   0|   17|          0|
    |sext_ln14_6_reg_73768                                                                                  |   17|   0|   17|          0|
    |sext_ln14_70_reg_86017                                                                                 |   17|   0|   17|          0|
    |sext_ln14_71_reg_86132                                                                                 |   17|   0|   17|          0|
    |sext_ln14_72_reg_86329                                                                                 |   17|   0|   17|          0|
    |sext_ln14_73_reg_86444                                                                                 |   17|   0|   17|          0|
    |sext_ln14_74_reg_86641                                                                                 |   17|   0|   17|          0|
    |sext_ln14_75_reg_86756                                                                                 |   17|   0|   17|          0|
    |sext_ln14_76_reg_86953                                                                                 |   17|   0|   17|          0|
    |sext_ln14_77_reg_87068                                                                                 |   17|   0|   17|          0|
    |sext_ln14_78_reg_87265                                                                                 |   17|   0|   17|          0|
    |sext_ln14_79_reg_87380                                                                                 |   17|   0|   17|          0|
    |sext_ln14_7_reg_73878                                                                                  |   17|   0|   17|          0|
    |sext_ln14_80_reg_87577                                                                                 |   17|   0|   17|          0|
    |sext_ln14_81_reg_87692                                                                                 |   17|   0|   17|          0|
    |sext_ln14_82_reg_87889                                                                                 |   17|   0|   17|          0|
    |sext_ln14_83_reg_88004                                                                                 |   17|   0|   17|          0|
    |sext_ln14_84_reg_88201                                                                                 |   17|   0|   17|          0|
    |sext_ln14_85_reg_88316                                                                                 |   17|   0|   17|          0|
    |sext_ln14_86_reg_88513                                                                                 |   17|   0|   17|          0|
    |sext_ln14_87_reg_88628                                                                                 |   17|   0|   17|          0|
    |sext_ln14_88_reg_88825                                                                                 |   17|   0|   17|          0|
    |sext_ln14_89_reg_88940                                                                                 |   17|   0|   17|          0|
    |sext_ln14_8_reg_74080                                                                                  |   17|   0|   17|          0|
    |sext_ln14_90_reg_89137                                                                                 |   17|   0|   17|          0|
    |sext_ln14_91_reg_89252                                                                                 |   17|   0|   17|          0|
    |sext_ln14_92_reg_89449                                                                                 |   17|   0|   17|          0|
    |sext_ln14_93_reg_89564                                                                                 |   17|   0|   17|          0|
    |sext_ln14_94_reg_89761                                                                                 |   17|   0|   17|          0|
    |sext_ln14_95_reg_89876                                                                                 |   17|   0|   17|          0|
    |sext_ln14_96_reg_90073                                                                                 |   17|   0|   17|          0|
    |sext_ln14_97_reg_90188                                                                                 |   17|   0|   17|          0|
    |sext_ln14_98_reg_90385                                                                                 |   17|   0|   17|          0|
    |sext_ln14_99_reg_90500                                                                                 |   17|   0|   17|          0|
    |sext_ln14_9_reg_74190                                                                                  |   17|   0|   17|          0|
    |sext_ln14_reg_72832                                                                                    |   17|   0|   17|          0|
    |sext_ln461_reg_83209                                                                                   |   17|   0|   17|          0|
    |sext_ln464_reg_83258                                                                                   |   17|   0|   17|          0|
    |sext_ln469_1_reg_83234                                                                                 |   16|   0|   16|          0|
    |sext_ln469_reg_83220                                                                                   |   17|   0|   17|          0|
    |sext_ln86_1_reg_83248                                                                                  |   17|   0|   17|          0|
    |sext_ln86_reg_83240                                                                                    |   17|   0|   17|          0|
    |sext_ln90_reg_83308                                                                                    |   17|   0|   17|          0|
    |sext_ln9_1_reg_82457                                                                                   |   17|   0|   17|          0|
    |sext_ln9_2_reg_94389                                                                                   |   18|   0|   18|          0|
    |sext_ln9_3_reg_94394                                                                                   |   17|   0|   17|          0|
    |sext_ln9_reg_82452                                                                                     |   18|   0|   18|          0|
    |shl_ln128_2_reg_94688                                                                                  |  128|   0|  128|          0|
    |shl_ln128_reg_82751                                                                                    |  128|   0|  128|          0|
    |shl_ln131_2_reg_94703                                                                                  |  128|   0|  128|          0|
    |shl_ln131_reg_82766                                                                                    |  128|   0|  128|          0|
    |shl_ln40_2_reg_84702                                                                                   |    2|   0|    5|          3|
    |shl_ln40_reg_84707                                                                                     |    4|   0|    4|          0|
    |shl_ln478_2_reg_84692                                                                                  |    2|   0|    6|          4|
    |sub_ln128_1_reg_84629                                                                                  |   17|   0|   17|          0|
    |sub_ln129_1_reg_84623                                                                                  |   17|   0|   17|          0|
    |sub_ln129_2_reg_94683                                                                                  |   18|   0|   18|          0|
    |sub_ln129_reg_82746                                                                                    |   18|   0|   18|          0|
    |sub_ln131_1_reg_84640                                                                                  |   17|   0|   17|          0|
    |sub_ln132_1_reg_84634                                                                                  |   17|   0|   17|          0|
    |sub_ln132_2_reg_94698                                                                                  |   18|   0|   18|          0|
    |sub_ln132_reg_82761                                                                                    |   18|   0|   18|          0|
    |sub_ln53_10_reg_76180                                                                                  |   17|   0|   17|          0|
    |sub_ln53_11_reg_76492                                                                                  |   17|   0|   17|          0|
    |sub_ln53_12_reg_76804                                                                                  |   17|   0|   17|          0|
    |sub_ln53_13_reg_77116                                                                                  |   17|   0|   17|          0|
    |sub_ln53_14_reg_77428                                                                                  |   17|   0|   17|          0|
    |sub_ln53_15_reg_77740                                                                                  |   17|   0|   17|          0|
    |sub_ln53_16_reg_78052                                                                                  |   17|   0|   17|          0|
    |sub_ln53_17_reg_78364                                                                                  |   17|   0|   17|          0|
    |sub_ln53_18_reg_78676                                                                                  |   17|   0|   17|          0|
    |sub_ln53_19_reg_78988                                                                                  |   17|   0|   17|          0|
    |sub_ln53_1_reg_73372                                                                                   |   17|   0|   17|          0|
    |sub_ln53_20_reg_79300                                                                                  |   17|   0|   17|          0|
    |sub_ln53_21_reg_79612                                                                                  |   17|   0|   17|          0|
    |sub_ln53_22_reg_79924                                                                                  |   17|   0|   17|          0|
    |sub_ln53_23_reg_80236                                                                                  |   17|   0|   17|          0|
    |sub_ln53_24_reg_80548                                                                                  |   17|   0|   17|          0|
    |sub_ln53_25_reg_80860                                                                                  |   17|   0|   17|          0|
    |sub_ln53_26_reg_81172                                                                                  |   17|   0|   17|          0|
    |sub_ln53_27_reg_81484                                                                                  |   17|   0|   17|          0|
    |sub_ln53_28_reg_81796                                                                                  |   17|   0|   17|          0|
    |sub_ln53_29_reg_82108                                                                                  |   17|   0|   17|          0|
    |sub_ln53_2_reg_73684                                                                                   |   17|   0|   17|          0|
    |sub_ln53_30_reg_82422                                                                                  |   17|   0|   17|          0|
    |sub_ln53_31_reg_85002                                                                                  |   17|   0|   17|          0|
    |sub_ln53_32_reg_85314                                                                                  |   17|   0|   17|          0|
    |sub_ln53_33_reg_85626                                                                                  |   17|   0|   17|          0|
    |sub_ln53_34_reg_85938                                                                                  |   17|   0|   17|          0|
    |sub_ln53_35_reg_86250                                                                                  |   17|   0|   17|          0|
    |sub_ln53_36_reg_86562                                                                                  |   17|   0|   17|          0|
    |sub_ln53_37_reg_86874                                                                                  |   17|   0|   17|          0|
    |sub_ln53_38_reg_87186                                                                                  |   17|   0|   17|          0|
    |sub_ln53_39_reg_87498                                                                                  |   17|   0|   17|          0|
    |sub_ln53_3_reg_73996                                                                                   |   17|   0|   17|          0|
    |sub_ln53_40_reg_87810                                                                                  |   17|   0|   17|          0|
    |sub_ln53_41_reg_88122                                                                                  |   17|   0|   17|          0|
    |sub_ln53_42_reg_88434                                                                                  |   17|   0|   17|          0|
    |sub_ln53_43_reg_88746                                                                                  |   17|   0|   17|          0|
    |sub_ln53_44_reg_89058                                                                                  |   17|   0|   17|          0|
    |sub_ln53_45_reg_89370                                                                                  |   17|   0|   17|          0|
    |sub_ln53_46_reg_89682                                                                                  |   17|   0|   17|          0|
    |sub_ln53_47_reg_89994                                                                                  |   17|   0|   17|          0|
    |sub_ln53_48_reg_90306                                                                                  |   17|   0|   17|          0|
    |sub_ln53_49_reg_90618                                                                                  |   17|   0|   17|          0|
    |sub_ln53_4_reg_74308                                                                                   |   17|   0|   17|          0|
    |sub_ln53_50_reg_90930                                                                                  |   17|   0|   17|          0|
    |sub_ln53_51_reg_91242                                                                                  |   17|   0|   17|          0|
    |sub_ln53_52_reg_91554                                                                                  |   17|   0|   17|          0|
    |sub_ln53_53_reg_91866                                                                                  |   17|   0|   17|          0|
    |sub_ln53_54_reg_92178                                                                                  |   17|   0|   17|          0|
    |sub_ln53_55_reg_92490                                                                                  |   17|   0|   17|          0|
    |sub_ln53_56_reg_92802                                                                                  |   17|   0|   17|          0|
    |sub_ln53_57_reg_93114                                                                                  |   17|   0|   17|          0|
    |sub_ln53_58_reg_93426                                                                                  |   17|   0|   17|          0|
    |sub_ln53_59_reg_93738                                                                                  |   17|   0|   17|          0|
    |sub_ln53_5_reg_74620                                                                                   |   17|   0|   17|          0|
    |sub_ln53_60_reg_94050                                                                                  |   17|   0|   17|          0|
    |sub_ln53_61_reg_94364                                                                                  |   17|   0|   17|          0|
    |sub_ln53_6_reg_74932                                                                                   |   17|   0|   17|          0|
    |sub_ln53_7_reg_75244                                                                                   |   17|   0|   17|          0|
    |sub_ln53_8_reg_75556                                                                                   |   17|   0|   17|          0|
    |sub_ln53_9_reg_75868                                                                                   |   17|   0|   17|          0|
    |sub_ln53_reg_73060                                                                                     |   17|   0|   17|          0|
    |sub_ln54_10_reg_76174                                                                                  |   17|   0|   17|          0|
    |sub_ln54_11_reg_76486                                                                                  |   17|   0|   17|          0|
    |sub_ln54_12_reg_76798                                                                                  |   17|   0|   17|          0|
    |sub_ln54_13_reg_77110                                                                                  |   17|   0|   17|          0|
    |sub_ln54_14_reg_77422                                                                                  |   17|   0|   17|          0|
    |sub_ln54_15_reg_77734                                                                                  |   17|   0|   17|          0|
    |sub_ln54_16_reg_78046                                                                                  |   17|   0|   17|          0|
    |sub_ln54_17_reg_78358                                                                                  |   17|   0|   17|          0|
    |sub_ln54_18_reg_78670                                                                                  |   17|   0|   17|          0|
    |sub_ln54_19_reg_78982                                                                                  |   17|   0|   17|          0|
    |sub_ln54_1_reg_73366                                                                                   |   17|   0|   17|          0|
    |sub_ln54_20_reg_79294                                                                                  |   17|   0|   17|          0|
    |sub_ln54_21_reg_79606                                                                                  |   17|   0|   17|          0|
    |sub_ln54_22_reg_79918                                                                                  |   17|   0|   17|          0|
    |sub_ln54_23_reg_80230                                                                                  |   17|   0|   17|          0|
    |sub_ln54_24_reg_80542                                                                                  |   17|   0|   17|          0|
    |sub_ln54_25_reg_80854                                                                                  |   17|   0|   17|          0|
    |sub_ln54_26_reg_81166                                                                                  |   17|   0|   17|          0|
    |sub_ln54_27_reg_81478                                                                                  |   17|   0|   17|          0|
    |sub_ln54_28_reg_81790                                                                                  |   17|   0|   17|          0|
    |sub_ln54_29_reg_82102                                                                                  |   17|   0|   17|          0|
    |sub_ln54_2_reg_73678                                                                                   |   17|   0|   17|          0|
    |sub_ln54_30_reg_82416                                                                                  |   17|   0|   17|          0|
    |sub_ln54_31_reg_84996                                                                                  |   17|   0|   17|          0|
    |sub_ln54_32_reg_85308                                                                                  |   17|   0|   17|          0|
    |sub_ln54_33_reg_85620                                                                                  |   17|   0|   17|          0|
    |sub_ln54_34_reg_85932                                                                                  |   17|   0|   17|          0|
    |sub_ln54_35_reg_86244                                                                                  |   17|   0|   17|          0|
    |sub_ln54_36_reg_86556                                                                                  |   17|   0|   17|          0|
    |sub_ln54_37_reg_86868                                                                                  |   17|   0|   17|          0|
    |sub_ln54_38_reg_87180                                                                                  |   17|   0|   17|          0|
    |sub_ln54_39_reg_87492                                                                                  |   17|   0|   17|          0|
    |sub_ln54_3_reg_73990                                                                                   |   17|   0|   17|          0|
    |sub_ln54_40_reg_87804                                                                                  |   17|   0|   17|          0|
    |sub_ln54_41_reg_88116                                                                                  |   17|   0|   17|          0|
    |sub_ln54_42_reg_88428                                                                                  |   17|   0|   17|          0|
    |sub_ln54_43_reg_88740                                                                                  |   17|   0|   17|          0|
    |sub_ln54_44_reg_89052                                                                                  |   17|   0|   17|          0|
    |sub_ln54_45_reg_89364                                                                                  |   17|   0|   17|          0|
    |sub_ln54_46_reg_89676                                                                                  |   17|   0|   17|          0|
    |sub_ln54_47_reg_89988                                                                                  |   17|   0|   17|          0|
    |sub_ln54_48_reg_90300                                                                                  |   17|   0|   17|          0|
    |sub_ln54_49_reg_90612                                                                                  |   17|   0|   17|          0|
    |sub_ln54_4_reg_74302                                                                                   |   17|   0|   17|          0|
    |sub_ln54_50_reg_90924                                                                                  |   17|   0|   17|          0|
    |sub_ln54_51_reg_91236                                                                                  |   17|   0|   17|          0|
    |sub_ln54_52_reg_91548                                                                                  |   17|   0|   17|          0|
    |sub_ln54_53_reg_91860                                                                                  |   17|   0|   17|          0|
    |sub_ln54_54_reg_92172                                                                                  |   17|   0|   17|          0|
    |sub_ln54_55_reg_92484                                                                                  |   17|   0|   17|          0|
    |sub_ln54_56_reg_92796                                                                                  |   17|   0|   17|          0|
    |sub_ln54_57_reg_93108                                                                                  |   17|   0|   17|          0|
    |sub_ln54_58_reg_93420                                                                                  |   17|   0|   17|          0|
    |sub_ln54_59_reg_93732                                                                                  |   17|   0|   17|          0|
    |sub_ln54_5_reg_74614                                                                                   |   17|   0|   17|          0|
    |sub_ln54_60_reg_94044                                                                                  |   17|   0|   17|          0|
    |sub_ln54_61_reg_94358                                                                                  |   17|   0|   17|          0|
    |sub_ln54_6_reg_74926                                                                                   |   17|   0|   17|          0|
    |sub_ln54_7_reg_75238                                                                                   |   17|   0|   17|          0|
    |sub_ln54_8_reg_75550                                                                                   |   17|   0|   17|          0|
    |sub_ln54_9_reg_75862                                                                                   |   17|   0|   17|          0|
    |sub_ln54_reg_73054                                                                                     |   17|   0|   17|          0|
    |sub_ln56_10_reg_76191                                                                                  |   17|   0|   17|          0|
    |sub_ln56_11_reg_76503                                                                                  |   17|   0|   17|          0|
    |sub_ln56_12_reg_76815                                                                                  |   17|   0|   17|          0|
    |sub_ln56_13_reg_77127                                                                                  |   17|   0|   17|          0|
    |sub_ln56_14_reg_77439                                                                                  |   17|   0|   17|          0|
    |sub_ln56_15_reg_77751                                                                                  |   17|   0|   17|          0|
    |sub_ln56_16_reg_78063                                                                                  |   17|   0|   17|          0|
    |sub_ln56_17_reg_78375                                                                                  |   17|   0|   17|          0|
    |sub_ln56_18_reg_78687                                                                                  |   17|   0|   17|          0|
    |sub_ln56_19_reg_78999                                                                                  |   17|   0|   17|          0|
    |sub_ln56_1_reg_73383                                                                                   |   17|   0|   17|          0|
    |sub_ln56_20_reg_79311                                                                                  |   17|   0|   17|          0|
    |sub_ln56_21_reg_79623                                                                                  |   17|   0|   17|          0|
    |sub_ln56_22_reg_79935                                                                                  |   17|   0|   17|          0|
    |sub_ln56_23_reg_80247                                                                                  |   17|   0|   17|          0|
    |sub_ln56_24_reg_80559                                                                                  |   17|   0|   17|          0|
    |sub_ln56_25_reg_80871                                                                                  |   17|   0|   17|          0|
    |sub_ln56_26_reg_81183                                                                                  |   17|   0|   17|          0|
    |sub_ln56_27_reg_81495                                                                                  |   17|   0|   17|          0|
    |sub_ln56_28_reg_81807                                                                                  |   17|   0|   17|          0|
    |sub_ln56_29_reg_82119                                                                                  |   17|   0|   17|          0|
    |sub_ln56_2_reg_73695                                                                                   |   17|   0|   17|          0|
    |sub_ln56_30_reg_82433                                                                                  |   17|   0|   17|          0|
    |sub_ln56_31_reg_85013                                                                                  |   17|   0|   17|          0|
    |sub_ln56_32_reg_85325                                                                                  |   17|   0|   17|          0|
    |sub_ln56_33_reg_85637                                                                                  |   17|   0|   17|          0|
    |sub_ln56_34_reg_85949                                                                                  |   17|   0|   17|          0|
    |sub_ln56_35_reg_86261                                                                                  |   17|   0|   17|          0|
    |sub_ln56_36_reg_86573                                                                                  |   17|   0|   17|          0|
    |sub_ln56_37_reg_86885                                                                                  |   17|   0|   17|          0|
    |sub_ln56_38_reg_87197                                                                                  |   17|   0|   17|          0|
    |sub_ln56_39_reg_87509                                                                                  |   17|   0|   17|          0|
    |sub_ln56_3_reg_74007                                                                                   |   17|   0|   17|          0|
    |sub_ln56_40_reg_87821                                                                                  |   17|   0|   17|          0|
    |sub_ln56_41_reg_88133                                                                                  |   17|   0|   17|          0|
    |sub_ln56_42_reg_88445                                                                                  |   17|   0|   17|          0|
    |sub_ln56_43_reg_88757                                                                                  |   17|   0|   17|          0|
    |sub_ln56_44_reg_89069                                                                                  |   17|   0|   17|          0|
    |sub_ln56_45_reg_89381                                                                                  |   17|   0|   17|          0|
    |sub_ln56_46_reg_89693                                                                                  |   17|   0|   17|          0|
    |sub_ln56_47_reg_90005                                                                                  |   17|   0|   17|          0|
    |sub_ln56_48_reg_90317                                                                                  |   17|   0|   17|          0|
    |sub_ln56_49_reg_90629                                                                                  |   17|   0|   17|          0|
    |sub_ln56_4_reg_74319                                                                                   |   17|   0|   17|          0|
    |sub_ln56_50_reg_90941                                                                                  |   17|   0|   17|          0|
    |sub_ln56_51_reg_91253                                                                                  |   17|   0|   17|          0|
    |sub_ln56_52_reg_91565                                                                                  |   17|   0|   17|          0|
    |sub_ln56_53_reg_91877                                                                                  |   17|   0|   17|          0|
    |sub_ln56_54_reg_92189                                                                                  |   17|   0|   17|          0|
    |sub_ln56_55_reg_92501                                                                                  |   17|   0|   17|          0|
    |sub_ln56_56_reg_92813                                                                                  |   17|   0|   17|          0|
    |sub_ln56_57_reg_93125                                                                                  |   17|   0|   17|          0|
    |sub_ln56_58_reg_93437                                                                                  |   17|   0|   17|          0|
    |sub_ln56_59_reg_93749                                                                                  |   17|   0|   17|          0|
    |sub_ln56_5_reg_74631                                                                                   |   17|   0|   17|          0|
    |sub_ln56_60_reg_94061                                                                                  |   17|   0|   17|          0|
    |sub_ln56_61_reg_94375                                                                                  |   17|   0|   17|          0|
    |sub_ln56_6_reg_74943                                                                                   |   17|   0|   17|          0|
    |sub_ln56_7_reg_75255                                                                                   |   17|   0|   17|          0|
    |sub_ln56_8_reg_75567                                                                                   |   17|   0|   17|          0|
    |sub_ln56_9_reg_75879                                                                                   |   17|   0|   17|          0|
    |sub_ln56_reg_73071                                                                                     |   17|   0|   17|          0|
    |sub_ln57_10_reg_76185                                                                                  |   17|   0|   17|          0|
    |sub_ln57_11_reg_76497                                                                                  |   17|   0|   17|          0|
    |sub_ln57_12_reg_76809                                                                                  |   17|   0|   17|          0|
    |sub_ln57_13_reg_77121                                                                                  |   17|   0|   17|          0|
    |sub_ln57_14_reg_77433                                                                                  |   17|   0|   17|          0|
    |sub_ln57_15_reg_77745                                                                                  |   17|   0|   17|          0|
    |sub_ln57_16_reg_78057                                                                                  |   17|   0|   17|          0|
    |sub_ln57_17_reg_78369                                                                                  |   17|   0|   17|          0|
    |sub_ln57_18_reg_78681                                                                                  |   17|   0|   17|          0|
    |sub_ln57_19_reg_78993                                                                                  |   17|   0|   17|          0|
    |sub_ln57_1_reg_73377                                                                                   |   17|   0|   17|          0|
    |sub_ln57_20_reg_79305                                                                                  |   17|   0|   17|          0|
    |sub_ln57_21_reg_79617                                                                                  |   17|   0|   17|          0|
    |sub_ln57_22_reg_79929                                                                                  |   17|   0|   17|          0|
    |sub_ln57_23_reg_80241                                                                                  |   17|   0|   17|          0|
    |sub_ln57_24_reg_80553                                                                                  |   17|   0|   17|          0|
    |sub_ln57_25_reg_80865                                                                                  |   17|   0|   17|          0|
    |sub_ln57_26_reg_81177                                                                                  |   17|   0|   17|          0|
    |sub_ln57_27_reg_81489                                                                                  |   17|   0|   17|          0|
    |sub_ln57_28_reg_81801                                                                                  |   17|   0|   17|          0|
    |sub_ln57_29_reg_82113                                                                                  |   17|   0|   17|          0|
    |sub_ln57_2_reg_73689                                                                                   |   17|   0|   17|          0|
    |sub_ln57_30_reg_82427                                                                                  |   17|   0|   17|          0|
    |sub_ln57_31_reg_85007                                                                                  |   17|   0|   17|          0|
    |sub_ln57_32_reg_85319                                                                                  |   17|   0|   17|          0|
    |sub_ln57_33_reg_85631                                                                                  |   17|   0|   17|          0|
    |sub_ln57_34_reg_85943                                                                                  |   17|   0|   17|          0|
    |sub_ln57_35_reg_86255                                                                                  |   17|   0|   17|          0|
    |sub_ln57_36_reg_86567                                                                                  |   17|   0|   17|          0|
    |sub_ln57_37_reg_86879                                                                                  |   17|   0|   17|          0|
    |sub_ln57_38_reg_87191                                                                                  |   17|   0|   17|          0|
    |sub_ln57_39_reg_87503                                                                                  |   17|   0|   17|          0|
    |sub_ln57_3_reg_74001                                                                                   |   17|   0|   17|          0|
    |sub_ln57_40_reg_87815                                                                                  |   17|   0|   17|          0|
    |sub_ln57_41_reg_88127                                                                                  |   17|   0|   17|          0|
    |sub_ln57_42_reg_88439                                                                                  |   17|   0|   17|          0|
    |sub_ln57_43_reg_88751                                                                                  |   17|   0|   17|          0|
    |sub_ln57_44_reg_89063                                                                                  |   17|   0|   17|          0|
    |sub_ln57_45_reg_89375                                                                                  |   17|   0|   17|          0|
    |sub_ln57_46_reg_89687                                                                                  |   17|   0|   17|          0|
    |sub_ln57_47_reg_89999                                                                                  |   17|   0|   17|          0|
    |sub_ln57_48_reg_90311                                                                                  |   17|   0|   17|          0|
    |sub_ln57_49_reg_90623                                                                                  |   17|   0|   17|          0|
    |sub_ln57_4_reg_74313                                                                                   |   17|   0|   17|          0|
    |sub_ln57_50_reg_90935                                                                                  |   17|   0|   17|          0|
    |sub_ln57_51_reg_91247                                                                                  |   17|   0|   17|          0|
    |sub_ln57_52_reg_91559                                                                                  |   17|   0|   17|          0|
    |sub_ln57_53_reg_91871                                                                                  |   17|   0|   17|          0|
    |sub_ln57_54_reg_92183                                                                                  |   17|   0|   17|          0|
    |sub_ln57_55_reg_92495                                                                                  |   17|   0|   17|          0|
    |sub_ln57_56_reg_92807                                                                                  |   17|   0|   17|          0|
    |sub_ln57_57_reg_93119                                                                                  |   17|   0|   17|          0|
    |sub_ln57_58_reg_93431                                                                                  |   17|   0|   17|          0|
    |sub_ln57_59_reg_93743                                                                                  |   17|   0|   17|          0|
    |sub_ln57_5_reg_74625                                                                                   |   17|   0|   17|          0|
    |sub_ln57_60_reg_94055                                                                                  |   17|   0|   17|          0|
    |sub_ln57_61_reg_94369                                                                                  |   17|   0|   17|          0|
    |sub_ln57_6_reg_74937                                                                                   |   17|   0|   17|          0|
    |sub_ln57_7_reg_75249                                                                                   |   17|   0|   17|          0|
    |sub_ln57_8_reg_75561                                                                                   |   17|   0|   17|          0|
    |sub_ln57_9_reg_75873                                                                                   |   17|   0|   17|          0|
    |sub_ln57_reg_73065                                                                                     |   17|   0|   17|          0|
    |sub_ln94_10_reg_84303                                                                                  |   17|   0|   17|          0|
    |sub_ln94_11_reg_84313                                                                                  |   17|   0|   17|          0|
    |sub_ln94_12_reg_84462                                                                                  |   17|   0|   17|          0|
    |sub_ln94_13_reg_84472                                                                                  |   17|   0|   17|          0|
    |sub_ln94_1_reg_83523                                                                                   |   17|   0|   17|          0|
    |sub_ln94_2_reg_83673                                                                                   |   17|   0|   17|          0|
    |sub_ln94_3_reg_83683                                                                                   |   17|   0|   17|          0|
    |sub_ln94_4_reg_83832                                                                                   |   17|   0|   17|          0|
    |sub_ln94_5_reg_83842                                                                                   |   17|   0|   17|          0|
    |sub_ln94_6_reg_83988                                                                                   |   17|   0|   17|          0|
    |sub_ln94_7_reg_83998                                                                                   |   17|   0|   17|          0|
    |sub_ln94_8_reg_84147                                                                                   |   17|   0|   17|          0|
    |sub_ln94_9_reg_84157                                                                                   |   17|   0|   17|          0|
    |sub_ln94_reg_83513                                                                                     |   17|   0|   17|          0|
    |sub_ln96_10_reg_84318                                                                                  |   17|   0|   17|          0|
    |sub_ln96_11_reg_84328                                                                                  |   17|   0|   17|          0|
    |sub_ln96_12_reg_84477                                                                                  |   17|   0|   17|          0|
    |sub_ln96_13_reg_84487                                                                                  |   17|   0|   17|          0|
    |sub_ln96_1_reg_83538                                                                                   |   17|   0|   17|          0|
    |sub_ln96_2_reg_83688                                                                                   |   17|   0|   17|          0|
    |sub_ln96_3_reg_83698                                                                                   |   17|   0|   17|          0|
    |sub_ln96_4_reg_83847                                                                                   |   17|   0|   17|          0|
    |sub_ln96_5_reg_83857                                                                                   |   17|   0|   17|          0|
    |sub_ln96_6_reg_84003                                                                                   |   17|   0|   17|          0|
    |sub_ln96_7_reg_84013                                                                                   |   17|   0|   17|          0|
    |sub_ln96_8_reg_84162                                                                                   |   17|   0|   17|          0|
    |sub_ln96_9_reg_84172                                                                                   |   17|   0|   17|          0|
    |sub_ln96_reg_83528                                                                                     |   17|   0|   17|          0|
    |tmp_2365_reg_82505                                                                                     |    1|   0|    1|          0|
    |tmp_2428_reg_83303                                                                                     |    1|   0|    1|          0|
    |tmp_2429_reg_83379                                                                                     |    1|   0|    1|          0|
    |tmp_2492_reg_83518                                                                                     |    1|   0|    1|          0|
    |tmp_2493_reg_83533                                                                                     |    1|   0|    1|          0|
    |tmp_2559_reg_83678                                                                                     |    1|   0|    1|          0|
    |tmp_2560_reg_83693                                                                                     |    1|   0|    1|          0|
    |tmp_2627_reg_83837                                                                                     |    1|   0|    1|          0|
    |tmp_2628_reg_83852                                                                                     |    1|   0|    1|          0|
    |tmp_2692_reg_83993                                                                                     |    1|   0|    1|          0|
    |tmp_2693_reg_84008                                                                                     |    1|   0|    1|          0|
    |tmp_2760_reg_84152                                                                                     |    1|   0|    1|          0|
    |tmp_2761_reg_84167                                                                                     |    1|   0|    1|          0|
    |tmp_2825_reg_84308                                                                                     |    1|   0|    1|          0|
    |tmp_2826_reg_84323                                                                                     |    1|   0|    1|          0|
    |tmp_2893_reg_84467                                                                                     |    1|   0|    1|          0|
    |tmp_2894_reg_84482                                                                                     |    1|   0|    1|          0|
    |tmp_4739_reg_94442                                                                                     |    1|   0|    1|          0|
    |trunc_ln241_1_reg_94719                                                                                |    8|   0|    8|          0|
    |trunc_ln241_reg_82782                                                                                  |    8|   0|    8|          0|
    |trunc_ln464_reg_83283                                                                                  |    5|   0|    5|          0|
    |ult1509_reg_83872                                                                                      |    1|   0|    1|          0|
    |ult1511_reg_84028                                                                                      |    1|   0|    1|          0|
    |ult1513_reg_84187                                                                                      |    1|   0|    1|          0|
    |ult1515_reg_84343                                                                                      |    1|   0|    1|          0|
    |ult1517_reg_84502                                                                                      |    1|   0|    1|          0|
    |ult_reg_83713                                                                                          |    1|   0|    1|          0|
    |value_108_reg_82465                                                                                    |   32|   0|   32|          0|
    |value_109_fu_564                                                                                       |   32|   0|   32|          0|
    |value_125_reg_83326                                                                                    |   32|   0|   32|          0|
    |value_210_reg_94402                                                                                    |   32|   0|   32|          0|
    |zext_ln40_3_reg_84697                                                                                  |    5|   0|   16|         11|
    |zext_ln478_1_reg_84687                                                                                 |    5|   0|   20|         15|
    +-------------------------------------------------------------------------------------------------------+-----+----+-----+-----------+
    |Total                                                                                                  |22084|   0|22119|         35|
    +-------------------------------------------------------------------------------------------------------+-----+----+-----+-----------+



================================================================
== Interface
================================================================
* Summary: 
+------------------------------------------------+-----+-----+------------+--------------------------------------------+--------------+
|                    RTL Ports                   | Dir | Bits|  Protocol  |                Source Object               |    C Type    |
+------------------------------------------------+-----+-----+------------+--------------------------------------------+--------------+
|ap_clk                                          |   in|    1|  ap_ctrl_hs|  (anonymous namespace)quantize_update_block|  return value|
|ap_rst                                          |   in|    1|  ap_ctrl_hs|  (anonymous namespace)quantize_update_block|  return value|
|ap_start                                        |   in|    1|  ap_ctrl_hs|  (anonymous namespace)quantize_update_block|  return value|
|ap_done                                         |  out|    1|  ap_ctrl_hs|  (anonymous namespace)quantize_update_block|  return value|
|ap_idle                                         |  out|    1|  ap_ctrl_hs|  (anonymous namespace)quantize_update_block|  return value|
|ap_ready                                        |  out|    1|  ap_ctrl_hs|  (anonymous namespace)quantize_update_block|  return value|
|ap_return_0                                     |  out|   64|  ap_ctrl_hs|  (anonymous namespace)quantize_update_block|  return value|
|ap_return_1                                     |  out|   64|  ap_ctrl_hs|  (anonymous namespace)quantize_update_block|  return value|
|ap_return_2                                     |  out|   64|  ap_ctrl_hs|  (anonymous namespace)quantize_update_block|  return value|
|ap_return_3                                     |  out|   64|  ap_ctrl_hs|  (anonymous namespace)quantize_update_block|  return value|
|grp_aligned_sum_guarded_2_1_fu_14682_p_din1     |  out|   32|  ap_ctrl_hs|  (anonymous namespace)quantize_update_block|  return value|
|grp_aligned_sum_guarded_2_1_fu_14682_p_din2     |  out|    5|  ap_ctrl_hs|  (anonymous namespace)quantize_update_block|  return value|
|grp_aligned_sum_guarded_2_1_fu_14682_p_din3     |  out|   16|  ap_ctrl_hs|  (anonymous namespace)quantize_update_block|  return value|
|grp_aligned_sum_guarded_2_1_fu_14682_p_din4     |  out|    8|  ap_ctrl_hs|  (anonymous namespace)quantize_update_block|  return value|
|grp_aligned_sum_guarded_2_1_fu_14682_p_din5     |  out|   64|  ap_ctrl_hs|  (anonymous namespace)quantize_update_block|  return value|
|grp_aligned_sum_guarded_2_1_fu_14682_p_din6     |  out|   64|  ap_ctrl_hs|  (anonymous namespace)quantize_update_block|  return value|
|grp_aligned_sum_guarded_2_1_fu_14682_p_dout0_0  |   in|   32|  ap_ctrl_hs|  (anonymous namespace)quantize_update_block|  return value|
|grp_aligned_sum_guarded_2_1_fu_14682_p_dout0_1  |   in|   16|  ap_ctrl_hs|  (anonymous namespace)quantize_update_block|  return value|
|grp_aligned_sum_guarded_2_1_fu_14682_p_dout0_2  |   in|   64|  ap_ctrl_hs|  (anonymous namespace)quantize_update_block|  return value|
|grp_aligned_sum_guarded_2_1_fu_14682_p_dout0_3  |   in|   64|  ap_ctrl_hs|  (anonymous namespace)quantize_update_block|  return value|
|grp_aligned_sum_guarded_2_1_fu_14682_p_start    |  out|    1|  ap_ctrl_hs|  (anonymous namespace)quantize_update_block|  return value|
|grp_aligned_sum_guarded_2_1_fu_14682_p_ready    |   in|    1|  ap_ctrl_hs|  (anonymous namespace)quantize_update_block|  return value|
|grp_aligned_sum_guarded_2_1_fu_14682_p_done     |   in|    1|  ap_ctrl_hs|  (anonymous namespace)quantize_update_block|  return value|
|grp_aligned_sum_guarded_2_1_fu_14682_p_idle     |   in|    1|  ap_ctrl_hs|  (anonymous namespace)quantize_update_block|  return value|
|delta_m_0_val                                   |   in|   32|     ap_none|                               delta_m_0_val|        scalar|
|delta_m_1_val                                   |   in|   32|     ap_none|                               delta_m_1_val|        scalar|
|delta_m_2_val                                   |   in|   32|     ap_none|                               delta_m_2_val|        scalar|
|delta_m_3_val                                   |   in|   32|     ap_none|                               delta_m_3_val|        scalar|
|delta_m_4_val                                   |   in|   32|     ap_none|                               delta_m_4_val|        scalar|
|delta_m_5_val                                   |   in|   32|     ap_none|                               delta_m_5_val|        scalar|
|delta_m_6_val                                   |   in|   32|     ap_none|                               delta_m_6_val|        scalar|
|delta_m_7_val                                   |   in|   32|     ap_none|                               delta_m_7_val|        scalar|
|delta_m_8_val                                   |   in|   32|     ap_none|                               delta_m_8_val|        scalar|
|delta_m_9_val                                   |   in|   32|     ap_none|                               delta_m_9_val|        scalar|
|delta_m_10_val                                  |   in|   32|     ap_none|                              delta_m_10_val|        scalar|
|delta_m_11_val                                  |   in|   32|     ap_none|                              delta_m_11_val|        scalar|
|delta_m_12_val                                  |   in|   32|     ap_none|                              delta_m_12_val|        scalar|
|delta_m_13_val                                  |   in|   32|     ap_none|                              delta_m_13_val|        scalar|
|delta_m_14_val                                  |   in|   32|     ap_none|                              delta_m_14_val|        scalar|
|delta_m_15_val                                  |   in|   32|     ap_none|                              delta_m_15_val|        scalar|
|delta_m_16_val                                  |   in|   32|     ap_none|                              delta_m_16_val|        scalar|
|delta_m_17_val                                  |   in|   32|     ap_none|                              delta_m_17_val|        scalar|
|delta_m_18_val                                  |   in|   32|     ap_none|                              delta_m_18_val|        scalar|
|delta_m_19_val                                  |   in|   32|     ap_none|                              delta_m_19_val|        scalar|
|delta_m_20_val                                  |   in|   32|     ap_none|                              delta_m_20_val|        scalar|
|delta_m_21_val                                  |   in|   32|     ap_none|                              delta_m_21_val|        scalar|
|delta_m_22_val                                  |   in|   32|     ap_none|                              delta_m_22_val|        scalar|
|delta_m_23_val                                  |   in|   32|     ap_none|                              delta_m_23_val|        scalar|
|delta_m_24_val                                  |   in|   32|     ap_none|                              delta_m_24_val|        scalar|
|delta_m_25_val                                  |   in|   32|     ap_none|                              delta_m_25_val|        scalar|
|delta_m_26_val                                  |   in|   32|     ap_none|                              delta_m_26_val|        scalar|
|delta_m_27_val                                  |   in|   32|     ap_none|                              delta_m_27_val|        scalar|
|delta_m_28_val                                  |   in|   32|     ap_none|                              delta_m_28_val|        scalar|
|delta_m_29_val                                  |   in|   32|     ap_none|                              delta_m_29_val|        scalar|
|delta_m_30_val                                  |   in|   32|     ap_none|                              delta_m_30_val|        scalar|
|delta_m_31_val                                  |   in|   32|     ap_none|                              delta_m_31_val|        scalar|
|delta_x_0_val                                   |   in|   16|     ap_none|                               delta_x_0_val|        scalar|
|delta_x_1_val                                   |   in|   16|     ap_none|                               delta_x_1_val|        scalar|
|delta_x_2_val                                   |   in|   16|     ap_none|                               delta_x_2_val|        scalar|
|delta_x_3_val                                   |   in|   16|     ap_none|                               delta_x_3_val|        scalar|
|delta_x_4_val                                   |   in|   16|     ap_none|                               delta_x_4_val|        scalar|
|delta_x_5_val                                   |   in|   16|     ap_none|                               delta_x_5_val|        scalar|
|delta_x_6_val                                   |   in|   16|     ap_none|                               delta_x_6_val|        scalar|
|delta_x_7_val                                   |   in|   16|     ap_none|                               delta_x_7_val|        scalar|
|delta_x_8_val                                   |   in|   16|     ap_none|                               delta_x_8_val|        scalar|
|delta_x_9_val                                   |   in|   16|     ap_none|                               delta_x_9_val|        scalar|
|delta_x_10_val                                  |   in|   16|     ap_none|                              delta_x_10_val|        scalar|
|delta_x_11_val                                  |   in|   16|     ap_none|                              delta_x_11_val|        scalar|
|delta_x_12_val                                  |   in|   16|     ap_none|                              delta_x_12_val|        scalar|
|delta_x_13_val                                  |   in|   16|     ap_none|                              delta_x_13_val|        scalar|
|delta_x_14_val                                  |   in|   16|     ap_none|                              delta_x_14_val|        scalar|
|delta_x_15_val                                  |   in|   16|     ap_none|                              delta_x_15_val|        scalar|
|delta_x_16_val                                  |   in|   16|     ap_none|                              delta_x_16_val|        scalar|
|delta_x_17_val                                  |   in|   16|     ap_none|                              delta_x_17_val|        scalar|
|delta_x_18_val                                  |   in|   16|     ap_none|                              delta_x_18_val|        scalar|
|delta_x_19_val                                  |   in|   16|     ap_none|                              delta_x_19_val|        scalar|
|delta_x_20_val                                  |   in|   16|     ap_none|                              delta_x_20_val|        scalar|
|delta_x_21_val                                  |   in|   16|     ap_none|                              delta_x_21_val|        scalar|
|delta_x_22_val                                  |   in|   16|     ap_none|                              delta_x_22_val|        scalar|
|delta_x_23_val                                  |   in|   16|     ap_none|                              delta_x_23_val|        scalar|
|delta_x_24_val                                  |   in|   16|     ap_none|                              delta_x_24_val|        scalar|
|delta_x_25_val                                  |   in|   16|     ap_none|                              delta_x_25_val|        scalar|
|delta_x_26_val                                  |   in|   16|     ap_none|                              delta_x_26_val|        scalar|
|delta_x_27_val                                  |   in|   16|     ap_none|                              delta_x_27_val|        scalar|
|delta_x_28_val                                  |   in|   16|     ap_none|                              delta_x_28_val|        scalar|
|delta_x_29_val                                  |   in|   16|     ap_none|                              delta_x_29_val|        scalar|
|delta_x_30_val                                  |   in|   16|     ap_none|                              delta_x_30_val|        scalar|
|delta_x_31_val                                  |   in|   16|     ap_none|                              delta_x_31_val|        scalar|
|entry1                                          |   in|    4|     ap_none|                                      entry1|        scalar|
|head                                            |   in|    5|     ap_none|                                        head|        scalar|
|block_r                                         |   in|    2|     ap_none|                                     block_r|        scalar|
|updates                                         |   in|   20|     ap_none|                                     updates|        scalar|
|update_scales                                   |   in|   16|     ap_none|                               update_scales|        scalar|
|p_read                                          |   in|   64|     ap_none|                                      p_read|        scalar|
|p_read1                                         |   in|   64|     ap_none|                                     p_read1|        scalar|
|p_read2                                         |   in|   64|     ap_none|                                     p_read2|        scalar|
|p_read3                                         |   in|   64|     ap_none|                                     p_read3|        scalar|
|resident_updates_address0                       |  out|   16|   ap_memory|                            resident_updates|         array|
|resident_updates_ce0                            |  out|    1|   ap_memory|                            resident_updates|         array|
|resident_updates_we0                            |  out|    1|   ap_memory|                            resident_updates|         array|
|resident_updates_d0                             |  out|  128|   ap_memory|                            resident_updates|         array|
|resident_update_scales_address0                 |  out|   14|   ap_memory|                      resident_update_scales|         array|
|resident_update_scales_ce0                      |  out|    1|   ap_memory|                      resident_update_scales|         array|
|resident_update_scales_we0                      |  out|    4|   ap_memory|                      resident_update_scales|         array|
|resident_update_scales_d0                       |  out|   32|   ap_memory|                      resident_update_scales|         array|
+------------------------------------------------+-----+-----+------------+--------------------------------------------+--------------+

