Copyright 1986-2022 Xilinx, Inc. All Rights Reserved. Copyright 2022-2025 Advanced Micro Devices, Inc. All Rights Reserved.
--------------------------------------------------------------------------------------------------------------------------------------------------
| Tool Version      : Vivado v.2025.2 (win64) Build 6299465 Fri Nov 14 19:35:11 GMT 2025
| Date              : Mon Aug 10 06:57:28 2026
| Host              : Tyler running 64-bit major release  (build 9200)
| Command           : report_clock_utilization -file X:/reports/vivado/experiments/rs2_fold_write_partial_banks_20260810/impl_clock_util.rpt
| Design            : gdn_rs2_top
| Device            : xcu55c-fsvh2892
| Speed File        : -2L  PRODUCTION 1.30 05-01-2022
| Temperature Grade : E
| Design State      : Routed
--------------------------------------------------------------------------------------------------------------------------------------------------

Clock Utilization Report

Table of Contents
-----------------
1. Clock Primitive Utilization
2. Global Clock Resources
3. Global Clock Source Details
4. Clock Regions : Clock Primitives
5. Clock Regions : Load Primitives
6. Clock Regions : Global Clock Summary
7. Clock Regions : Routing Resource Utilization
8. Device Cell Placement Summary for Global Clock g0
9. Clock Region Cell Placement per Global Clock: Region X1Y0
10. Clock Region Cell Placement per Global Clock: Region X2Y0
11. Clock Region Cell Placement per Global Clock: Region X3Y0
12. Clock Region Cell Placement per Global Clock: Region X4Y0
13. Clock Region Cell Placement per Global Clock: Region X5Y0
14. Clock Region Cell Placement per Global Clock: Region X1Y1
15. Clock Region Cell Placement per Global Clock: Region X2Y1
16. Clock Region Cell Placement per Global Clock: Region X3Y1
17. Clock Region Cell Placement per Global Clock: Region X4Y1
18. Clock Region Cell Placement per Global Clock: Region X5Y1
19. Clock Region Cell Placement per Global Clock: Region X6Y1
20. Clock Region Cell Placement per Global Clock: Region X1Y2
21. Clock Region Cell Placement per Global Clock: Region X2Y2
22. Clock Region Cell Placement per Global Clock: Region X3Y2
23. Clock Region Cell Placement per Global Clock: Region X4Y2
24. Clock Region Cell Placement per Global Clock: Region X5Y2
25. Clock Region Cell Placement per Global Clock: Region X6Y2
26. Clock Region Cell Placement per Global Clock: Region X1Y3
27. Clock Region Cell Placement per Global Clock: Region X2Y3
28. Clock Region Cell Placement per Global Clock: Region X3Y3
29. Clock Region Cell Placement per Global Clock: Region X4Y3
30. Clock Region Cell Placement per Global Clock: Region X5Y3
31. Clock Region Cell Placement per Global Clock: Region X6Y3
32. Clock Region Cell Placement per Global Clock: Region X1Y4
33. Clock Region Cell Placement per Global Clock: Region X2Y4
34. Clock Region Cell Placement per Global Clock: Region X3Y4
35. Clock Region Cell Placement per Global Clock: Region X4Y4
36. Clock Region Cell Placement per Global Clock: Region X5Y4
37. Clock Region Cell Placement per Global Clock: Region X6Y4
38. Clock Region Cell Placement per Global Clock: Region X1Y5
39. Clock Region Cell Placement per Global Clock: Region X2Y5
40. Clock Region Cell Placement per Global Clock: Region X3Y5
41. Clock Region Cell Placement per Global Clock: Region X4Y5
42. Clock Region Cell Placement per Global Clock: Region X5Y5
43. Clock Region Cell Placement per Global Clock: Region X6Y5
44. Clock Region Cell Placement per Global Clock: Region X1Y6
45. Clock Region Cell Placement per Global Clock: Region X2Y6
46. Clock Region Cell Placement per Global Clock: Region X3Y6
47. Clock Region Cell Placement per Global Clock: Region X4Y6
48. Clock Region Cell Placement per Global Clock: Region X5Y6
49. Clock Region Cell Placement per Global Clock: Region X6Y6
50. Clock Region Cell Placement per Global Clock: Region X1Y7
51. Clock Region Cell Placement per Global Clock: Region X2Y7
52. Clock Region Cell Placement per Global Clock: Region X3Y7
53. Clock Region Cell Placement per Global Clock: Region X4Y7
54. Clock Region Cell Placement per Global Clock: Region X5Y7
55. Clock Region Cell Placement per Global Clock: Region X6Y7
56. Clock Region Cell Placement per Global Clock: Region X2Y8
57. Clock Region Cell Placement per Global Clock: Region X3Y8
58. Clock Region Cell Placement per Global Clock: Region X4Y8
59. Clock Region Cell Placement per Global Clock: Region X5Y8
60. Clock Region Cell Placement per Global Clock: Region X6Y8
61. Clock Region Cell Placement per Global Clock: Region X7Y8
62. Clock Region Cell Placement per Global Clock: Region X1Y9
63. Clock Region Cell Placement per Global Clock: Region X2Y9
64. Clock Region Cell Placement per Global Clock: Region X3Y9
65. Clock Region Cell Placement per Global Clock: Region X4Y9
66. Clock Region Cell Placement per Global Clock: Region X5Y9
67. Clock Region Cell Placement per Global Clock: Region X6Y9
68. Clock Region Cell Placement per Global Clock: Region X7Y9
69. Clock Region Cell Placement per Global Clock: Region X2Y10
70. Clock Region Cell Placement per Global Clock: Region X3Y10
71. Clock Region Cell Placement per Global Clock: Region X4Y10
72. Clock Region Cell Placement per Global Clock: Region X5Y10
73. Clock Region Cell Placement per Global Clock: Region X6Y10
74. Clock Region Cell Placement per Global Clock: Region X7Y10
75. Clock Region Cell Placement per Global Clock: Region X2Y11
76. Clock Region Cell Placement per Global Clock: Region X3Y11
77. Clock Region Cell Placement per Global Clock: Region X4Y11
78. Clock Region Cell Placement per Global Clock: Region X5Y11
79. Clock Region Cell Placement per Global Clock: Region X6Y11

1. Clock Primitive Utilization
------------------------------

+------------+------+-----------+-----+--------------+--------+
| Type       | Used | Available | LOC | Clock Region | Pblock |
+------------+------+-----------+-----+--------------+--------+
| BUFGCE     |    1 |       288 |   0 |            0 |      0 |
| BUFGCE_DIV |    0 |        48 |   0 |            0 |      0 |
| BUFGCTRL   |    0 |        96 |   0 |            0 |      0 |
| BUFG_GT    |    0 |       576 |   0 |            0 |      0 |
| MMCM       |    0 |        12 |   0 |            0 |      0 |
| PLL        |    0 |        24 |   0 |            0 |      0 |
+------------+------+-----------+-----+--------------+--------+


2. Global Clock Resources
-------------------------

+-----------+-----------+-----------------+------------+-------------+--------------+------+-------------------+------------------+-------------------+-------------+-----------------+--------------+--------+-------------------+-------------------+
| Global Id | Source Id | Driver Type/Pin | Constraint | Site        | Clock Region | Root | Clock Delay Group | Clock Low Fanout | Load Clock Region | Clock Loads | Non-Clock Loads | Clock Period | Clock  | Driver Pin        | Net               |
+-----------+-----------+-----------------+------------+-------------+--------------+------+-------------------+------------------+-------------------+-------------+-----------------+--------------+--------+-------------------+-------------------+
| g0        | src0      | BUFGCE/O        | None       | BUFGCE_X0Y0 | X4Y0         | X4Y5 |                   |                  |                65 |       78410 |               0 |        4.000 | ap_clk | ooc_ap_clk_bufg/O | ooc_ap_clk_global |
+-----------+-----------+-----------------+------------+-------------+--------------+------+-------------------+------------------+-------------------+-------------+-----------------+--------------+--------+-------------------+-------------------+
* Clock Loads column represents cell count of net connects that connect to a clock pin. Internal cell leaf pins are not considered
** Non-Clock Loads column represents cell count of non-clock pin loads


3. Global Clock Source Details
------------------------------

+-----------+-----------+-----------------+------------+-------------+--------------+-------------+-----------------+---------------------+--------------+-------------------+--------+
| Source Id | Global Id | Driver Type/Pin | Constraint | Site        | Clock Region | Clock Loads | Non-Clock Loads | Source Clock Period | Source Clock | Driver Pin        | Net    |
+-----------+-----------+-----------------+------------+-------------+--------------+-------------+-----------------+---------------------+--------------+-------------------+--------+
| src0      | g0        | port/ap_clk     | None       | BUFGCE_X0Y0 | X4Y0         |           1 |               0 |                     |              | ooc_ap_clk_bufg/I | ap_clk |
+-----------+-----------+-----------------+------------+-------------+--------------+-------------+-----------------+---------------------+--------------+-------------------+--------+
* Clock Loads column represents cell count of net connects that connect to a clock pin. Internal cell leaf pins are not considered
** Non-Clock Loads column represents cell count of non-clock pin loads


4. Clock Regions : Clock Primitives
-----------------------------------

+-------------------+---------------+---------------+---------------+---------------+---------------+---------------+---------------+
|                   |  Global Clock |     BUFGCE    |   BUFGCE_DIV  |    BUFGCTRL   |    BUFG_GT    |      MMCM     |      PLL      |
+-------------------+-------+-------+-------+-------+-------+-------+-------+-------+-------+-------+-------+-------+-------+-------+
| Clock Region Name | Used  | Avail | Used  | Avail | Used  | Avail | Used  | Avail | Used  | Avail | Used  | Avail | Used  | Avail |
+-------------------+-------+-------+-------+-------+-------+-------+-------+-------+-------+-------+-------+-------+-------+-------+
| X0Y0              |     0 |    24 |     0 |     0 |     0 |     0 |     0 |     0 |     0 |    24 |     0 |     0 |     0 |     0 |
| X1Y0              |     1 |    24 |     0 |     0 |     0 |     0 |     0 |     0 |     0 |     0 |     0 |     0 |     0 |     0 |
| X2Y0              |     1 |    24 |     0 |     0 |     0 |     0 |     0 |     0 |     0 |     0 |     0 |     0 |     0 |     0 |
| X3Y0              |     1 |    24 |     0 |     0 |     0 |     0 |     0 |     0 |     0 |     0 |     0 |     0 |     0 |     0 |
| X4Y0              |     1 |    24 |     1 |    24 |     0 |     4 |     0 |     8 |     0 |     0 |     0 |     1 |     0 |     2 |
| X5Y0              |     1 |    24 |     0 |     0 |     0 |     0 |     0 |     0 |     0 |     0 |     0 |     0 |     0 |     0 |
| X6Y0              |     0 |    24 |     0 |     0 |     0 |     0 |     0 |     0 |     0 |     0 |     0 |     0 |     0 |     0 |
| X7Y0              |     0 |    24 |     0 |     0 |     0 |     0 |     0 |     0 |     0 |    24 |     0 |     0 |     0 |     0 |
| X0Y1              |     0 |    24 |     0 |     0 |     0 |     0 |     0 |     0 |     0 |    24 |     0 |     0 |     0 |     0 |
| X1Y1              |     1 |    24 |     0 |     0 |     0 |     0 |     0 |     0 |     0 |     0 |     0 |     0 |     0 |     0 |
| X2Y1              |     1 |    24 |     0 |     0 |     0 |     0 |     0 |     0 |     0 |     0 |     0 |     0 |     0 |     0 |
| X3Y1              |     1 |    24 |     0 |     0 |     0 |     0 |     0 |     0 |     0 |     0 |     0 |     0 |     0 |     0 |
| X4Y1              |     1 |    24 |     0 |    24 |     0 |     4 |     0 |     8 |     0 |     0 |     0 |     1 |     0 |     2 |
| X5Y1              |     1 |    24 |     0 |     0 |     0 |     0 |     0 |     0 |     0 |     0 |     0 |     0 |     0 |     0 |
| X6Y1              |     1 |    24 |     0 |     0 |     0 |     0 |     0 |     0 |     0 |     0 |     0 |     0 |     0 |     0 |
| X7Y1              |     0 |    24 |     0 |     0 |     0 |     0 |     0 |     0 |     0 |    24 |     0 |     0 |     0 |     0 |
| X0Y2              |     0 |    24 |     0 |     0 |     0 |     0 |     0 |     0 |     0 |    24 |     0 |     0 |     0 |     0 |
| X1Y2              |     1 |    24 |     0 |     0 |     0 |     0 |     0 |     0 |     0 |     0 |     0 |     0 |     0 |     0 |
| X2Y2              |     1 |    24 |     0 |     0 |     0 |     0 |     0 |     0 |     0 |     0 |     0 |     0 |     0 |     0 |
| X3Y2              |     1 |    24 |     0 |     0 |     0 |     0 |     0 |     0 |     0 |     0 |     0 |     0 |     0 |     0 |
| X4Y2              |     1 |    24 |     0 |    24 |     0 |     4 |     0 |     8 |     0 |     0 |     0 |     1 |     0 |     2 |
| X5Y2              |     1 |    24 |     0 |     0 |     0 |     0 |     0 |     0 |     0 |     0 |     0 |     0 |     0 |     0 |
| X6Y2              |     1 |    24 |     0 |     0 |     0 |     0 |     0 |     0 |     0 |     0 |     0 |     0 |     0 |     0 |
| X7Y2              |     0 |    24 |     0 |     0 |     0 |     0 |     0 |     0 |     0 |    24 |     0 |     0 |     0 |     0 |
| X0Y3              |     0 |    24 |     0 |     0 |     0 |     0 |     0 |     0 |     0 |    24 |     0 |     0 |     0 |     0 |
| X1Y3              |     1 |    24 |     0 |     0 |     0 |     0 |     0 |     0 |     0 |     0 |     0 |     0 |     0 |     0 |
| X2Y3              |     1 |    24 |     0 |     0 |     0 |     0 |     0 |     0 |     0 |     0 |     0 |     0 |     0 |     0 |
| X3Y3              |     1 |    24 |     0 |     0 |     0 |     0 |     0 |     0 |     0 |     0 |     0 |     0 |     0 |     0 |
| X4Y3              |     1 |    24 |     0 |    24 |     0 |     4 |     0 |     8 |     0 |     0 |     0 |     1 |     0 |     2 |
| X5Y3              |     1 |    24 |     0 |     0 |     0 |     0 |     0 |     0 |     0 |     0 |     0 |     0 |     0 |     0 |
| X6Y3              |     1 |    24 |     0 |     0 |     0 |     0 |     0 |     0 |     0 |     0 |     0 |     0 |     0 |     0 |
| X7Y3              |     0 |    24 |     0 |     0 |     0 |     0 |     0 |     0 |     0 |    24 |     0 |     0 |     0 |     0 |
| X0Y4              |     0 |    24 |     0 |     0 |     0 |     0 |     0 |     0 |     0 |    24 |     0 |     0 |     0 |     0 |
| X1Y4              |     1 |    24 |     0 |     0 |     0 |     0 |     0 |     0 |     0 |     0 |     0 |     0 |     0 |     0 |
| X2Y4              |     1 |    24 |     0 |     0 |     0 |     0 |     0 |     0 |     0 |     0 |     0 |     0 |     0 |     0 |
| X3Y4              |     1 |    24 |     0 |     0 |     0 |     0 |     0 |     0 |     0 |     0 |     0 |     0 |     0 |     0 |
| X4Y4              |     1 |    24 |     0 |    24 |     0 |     4 |     0 |     8 |     0 |     0 |     0 |     1 |     0 |     2 |
| X5Y4              |     1 |    24 |     0 |     0 |     0 |     0 |     0 |     0 |     0 |     0 |     0 |     0 |     0 |     0 |
| X6Y4              |     1 |    24 |     0 |     0 |     0 |     0 |     0 |     0 |     0 |     0 |     0 |     0 |     0 |     0 |
| X7Y4              |     0 |    24 |     0 |     0 |     0 |     0 |     0 |     0 |     0 |    24 |     0 |     0 |     0 |     0 |
| X0Y5              |     0 |    24 |     0 |     0 |     0 |     0 |     0 |     0 |     0 |    24 |     0 |     0 |     0 |     0 |
| X1Y5              |     1 |    24 |     0 |     0 |     0 |     0 |     0 |     0 |     0 |     0 |     0 |     0 |     0 |     0 |
| X2Y5              |     1 |    24 |     0 |     0 |     0 |     0 |     0 |     0 |     0 |     0 |     0 |     0 |     0 |     0 |
| X3Y5              |     1 |    24 |     0 |     0 |     0 |     0 |     0 |     0 |     0 |     0 |     0 |     0 |     0 |     0 |
| X4Y5              |     1 |    24 |     0 |    24 |     0 |     4 |     0 |     8 |     0 |     0 |     0 |     1 |     0 |     2 |
| X5Y5              |     1 |    24 |     0 |     0 |     0 |     0 |     0 |     0 |     0 |     0 |     0 |     0 |     0 |     0 |
| X6Y5              |     1 |    24 |     0 |     0 |     0 |     0 |     0 |     0 |     0 |     0 |     0 |     0 |     0 |     0 |
| X7Y5              |     0 |    24 |     0 |     0 |     0 |     0 |     0 |     0 |     0 |    24 |     0 |     0 |     0 |     0 |
| X0Y6              |     0 |    24 |     0 |     0 |     0 |     0 |     0 |     0 |     0 |    24 |     0 |     0 |     0 |     0 |
| X1Y6              |     1 |    24 |     0 |     0 |     0 |     0 |     0 |     0 |     0 |     0 |     0 |     0 |     0 |     0 |
| X2Y6              |     1 |    24 |     0 |     0 |     0 |     0 |     0 |     0 |     0 |     0 |     0 |     0 |     0 |     0 |
| X3Y6              |     1 |    24 |     0 |     0 |     0 |     0 |     0 |     0 |     0 |     0 |     0 |     0 |     0 |     0 |
| X4Y6              |     1 |    24 |     0 |    24 |     0 |     4 |     0 |     8 |     0 |     0 |     0 |     1 |     0 |     2 |
| X5Y6              |     1 |    24 |     0 |     0 |     0 |     0 |     0 |     0 |     0 |     0 |     0 |     0 |     0 |     0 |
| X6Y6              |     1 |    24 |     0 |     0 |     0 |     0 |     0 |     0 |     0 |     0 |     0 |     0 |     0 |     0 |
| X7Y6              |     0 |    24 |     0 |     0 |     0 |     0 |     0 |     0 |     0 |    24 |     0 |     0 |     0 |     0 |
| X0Y7              |     0 |    24 |     0 |     0 |     0 |     0 |     0 |     0 |     0 |    24 |     0 |     0 |     0 |     0 |
| X1Y7              |     1 |    24 |     0 |     0 |     0 |     0 |     0 |     0 |     0 |     0 |     0 |     0 |     0 |     0 |
| X2Y7              |     1 |    24 |     0 |     0 |     0 |     0 |     0 |     0 |     0 |     0 |     0 |     0 |     0 |     0 |
| X3Y7              |     1 |    24 |     0 |     0 |     0 |     0 |     0 |     0 |     0 |     0 |     0 |     0 |     0 |     0 |
| X4Y7              |     1 |    24 |     0 |    24 |     0 |     4 |     0 |     8 |     0 |     0 |     0 |     1 |     0 |     2 |
| X5Y7              |     1 |    24 |     0 |     0 |     0 |     0 |     0 |     0 |     0 |     0 |     0 |     0 |     0 |     0 |
| X6Y7              |     1 |    24 |     0 |     0 |     0 |     0 |     0 |     0 |     0 |     0 |     0 |     0 |     0 |     0 |
| X7Y7              |     0 |    24 |     0 |     0 |     0 |     0 |     0 |     0 |     0 |    24 |     0 |     0 |     0 |     0 |
| X0Y8              |     0 |    24 |     0 |     0 |     0 |     0 |     0 |     0 |     0 |    24 |     0 |     0 |     0 |     0 |
| X1Y8              |     0 |    24 |     0 |     0 |     0 |     0 |     0 |     0 |     0 |     0 |     0 |     0 |     0 |     0 |
| X2Y8              |     1 |    24 |     0 |     0 |     0 |     0 |     0 |     0 |     0 |     0 |     0 |     0 |     0 |     0 |
| X3Y8              |     1 |    24 |     0 |     0 |     0 |     0 |     0 |     0 |     0 |     0 |     0 |     0 |     0 |     0 |
| X4Y8              |     1 |    24 |     0 |    24 |     0 |     4 |     0 |     8 |     0 |     0 |     0 |     1 |     0 |     2 |
| X5Y8              |     1 |    24 |     0 |     0 |     0 |     0 |     0 |     0 |     0 |     0 |     0 |     0 |     0 |     0 |
| X6Y8              |     1 |    24 |     0 |     0 |     0 |     0 |     0 |     0 |     0 |     0 |     0 |     0 |     0 |     0 |
| X7Y8              |     1 |    24 |     0 |     0 |     0 |     0 |     0 |     0 |     0 |    24 |     0 |     0 |     0 |     0 |
| X0Y9              |     0 |    24 |     0 |     0 |     0 |     0 |     0 |     0 |     0 |    24 |     0 |     0 |     0 |     0 |
| X1Y9              |     1 |    24 |     0 |     0 |     0 |     0 |     0 |     0 |     0 |     0 |     0 |     0 |     0 |     0 |
| X2Y9              |     1 |    24 |     0 |     0 |     0 |     0 |     0 |     0 |     0 |     0 |     0 |     0 |     0 |     0 |
| X3Y9              |     1 |    24 |     0 |     0 |     0 |     0 |     0 |     0 |     0 |     0 |     0 |     0 |     0 |     0 |
| X4Y9              |     1 |    24 |     0 |    24 |     0 |     4 |     0 |     8 |     0 |     0 |     0 |     1 |     0 |     2 |
| X5Y9              |     1 |    24 |     0 |     0 |     0 |     0 |     0 |     0 |     0 |     0 |     0 |     0 |     0 |     0 |
| X6Y9              |     1 |    24 |     0 |     0 |     0 |     0 |     0 |     0 |     0 |     0 |     0 |     0 |     0 |     0 |
| X7Y9              |     1 |    24 |     0 |     0 |     0 |     0 |     0 |     0 |     0 |    24 |     0 |     0 |     0 |     0 |
| X0Y10             |     0 |    24 |     0 |     0 |     0 |     0 |     0 |     0 |     0 |    24 |     0 |     0 |     0 |     0 |
| X1Y10             |     0 |    24 |     0 |     0 |     0 |     0 |     0 |     0 |     0 |     0 |     0 |     0 |     0 |     0 |
| X2Y10             |     1 |    24 |     0 |     0 |     0 |     0 |     0 |     0 |     0 |     0 |     0 |     0 |     0 |     0 |
| X3Y10             |     1 |    24 |     0 |     0 |     0 |     0 |     0 |     0 |     0 |     0 |     0 |     0 |     0 |     0 |
| X4Y10             |     1 |    24 |     0 |    24 |     0 |     4 |     0 |     8 |     0 |     0 |     0 |     1 |     0 |     2 |
| X5Y10             |     1 |    24 |     0 |     0 |     0 |     0 |     0 |     0 |     0 |     0 |     0 |     0 |     0 |     0 |
| X6Y10             |     1 |    24 |     0 |     0 |     0 |     0 |     0 |     0 |     0 |     0 |     0 |     0 |     0 |     0 |
| X7Y10             |     1 |    24 |     0 |     0 |     0 |     0 |     0 |     0 |     0 |    24 |     0 |     0 |     0 |     0 |
| X0Y11             |     0 |    24 |     0 |     0 |     0 |     0 |     0 |     0 |     0 |    24 |     0 |     0 |     0 |     0 |
| X1Y11             |     0 |    24 |     0 |     0 |     0 |     0 |     0 |     0 |     0 |     0 |     0 |     0 |     0 |     0 |
| X2Y11             |     1 |    24 |     0 |     0 |     0 |     0 |     0 |     0 |     0 |     0 |     0 |     0 |     0 |     0 |
| X3Y11             |     1 |    24 |     0 |     0 |     0 |     0 |     0 |     0 |     0 |     0 |     0 |     0 |     0 |     0 |
| X4Y11             |     1 |    24 |     0 |    24 |     0 |     4 |     0 |     8 |     0 |     0 |     0 |     1 |     0 |     2 |
| X5Y11             |     1 |    24 |     0 |     0 |     0 |     0 |     0 |     0 |     0 |     0 |     0 |     0 |     0 |     0 |
| X6Y11             |     1 |    24 |     0 |     0 |     0 |     0 |     0 |     0 |     0 |     0 |     0 |     0 |     0 |     0 |
| X7Y11             |     0 |    24 |     0 |     0 |     0 |     0 |     0 |     0 |     0 |    24 |     0 |     0 |     0 |     0 |
+-------------------+-------+-------+-------+-------+-------+-------+-------+-------+-------+-------+-------+-------+-------+-------+
* Global Clock column represents track count; while other columns represents cell counts


5. Clock Regions : Load Primitives
----------------------------------

+-------------------+------------------+------------------+------------------+------------------+------------------+------------------+------------------+------------------+
|                   |   Global Clock   |        FF        |      LUTRAM      |  Block RAM (18K) |       URAM       |        DSP       |        GT        |      HARD IP     |
+-------------------+--------+---------+--------+---------+--------+---------+--------+---------+--------+---------+--------+---------+--------+---------+--------+---------+
| Clock Region Name | Used   | Avail   | Used   | Avail   | Used   | Avail   | Used   | Avail   | Used   | Avail   | Used   | Avail   | Used   | Avail   | Used   | Avail   |
+-------------------+--------+---------+--------+---------+--------+---------+--------+---------+--------+---------+--------+---------+--------+---------+--------+---------+
| X0Y0              |      0 |      24 |      0 |   29760 |      0 |    6720 |      0 |      48 |      0 |       0 |      0 |      72 |      0 |       4 |      0 |       1 |
| X1Y0              |      1 |      24 |      0 |   24960 |      4 |    6720 |      0 |      48 |      4 |      16 |      0 |      72 |      0 |       0 |      0 |       0 |
| X2Y0              |      1 |      24 |      0 |   36480 |      0 |    7680 |      0 |      72 |      0 |       0 |      0 |      90 |      0 |       0 |      0 |       0 |
| X3Y0              |      1 |      24 |      0 |   21120 |     16 |    5760 |      0 |      24 |     16 |      16 |      0 |      54 |      0 |       0 |      0 |       0 |
| X4Y0              |      1 |      24 |      0 |   27840 |     16 |    6240 |      0 |      48 |     16 |      16 |      0 |      72 |      0 |       0 |      0 |       2 |
| X5Y0              |      1 |      24 |      0 |   28800 |     12 |    6720 |      0 |      24 |     12 |      16 |      0 |      90 |      0 |       0 |      0 |       0 |
| X6Y0              |      0 |      24 |      0 |   28800 |      0 |    6720 |      0 |      24 |      0 |      16 |      0 |      90 |      0 |       0 |      0 |       0 |
| X7Y0              |      0 |      24 |      0 |   25920 |      0 |    6720 |      0 |      48 |      0 |       0 |      0 |      36 |      0 |       4 |      0 |       1 |
| X0Y1              |      0 |      24 |      0 |   29760 |      0 |    6720 |      0 |      48 |      0 |       0 |      0 |      96 |      0 |       4 |      0 |       1 |
| X1Y1              |      1 |      24 |      0 |   24960 |     16 |    6720 |      0 |      48 |     16 |      16 |      0 |      96 |      0 |       0 |      0 |       0 |
| X2Y1              |      1 |      24 |      0 |   36480 |      0 |    7680 |      0 |      72 |      0 |       0 |      0 |     120 |      0 |       0 |      0 |       0 |
| X3Y1              |      1 |      24 |      0 |   21120 |     16 |    5760 |      0 |      24 |     16 |      16 |      0 |      72 |      0 |       0 |      0 |       0 |
| X4Y1              |      1 |      24 |    328 |   27840 |     16 |    6240 |      0 |      48 |     16 |      16 |      0 |      96 |      0 |       0 |      0 |       0 |
| X5Y1              |      1 |      24 |      1 |   28800 |     16 |    6720 |      0 |      24 |     16 |      16 |      0 |     120 |      0 |       0 |      0 |       0 |
| X6Y1              |      1 |      24 |      0 |   28800 |     16 |    6720 |      0 |      24 |     16 |      16 |      0 |     120 |      0 |       0 |      0 |       0 |
| X7Y1              |      0 |      24 |      0 |   25920 |      0 |    6720 |      0 |      48 |      0 |       0 |      0 |      48 |      0 |       4 |      0 |       0 |
| X0Y2              |      0 |      24 |      0 |   29760 |      0 |    6720 |      0 |      48 |      0 |       0 |      0 |      96 |      0 |       4 |      0 |       1 |
| X1Y2              |      1 |      24 |      0 |   24960 |     16 |    6720 |      0 |      48 |     16 |      16 |      0 |      96 |      0 |       0 |      0 |       0 |
| X2Y2              |      1 |      24 |      0 |   36480 |      0 |    7680 |      0 |      72 |      0 |       0 |      0 |     120 |      0 |       0 |      0 |       0 |
| X3Y2              |      1 |      24 |      8 |   21120 |     16 |    5760 |      0 |      24 |     16 |      16 |      0 |      72 |      0 |       0 |      0 |       0 |
| X4Y2              |      1 |      24 |     60 |   27840 |     16 |    6240 |      0 |      48 |     16 |      16 |      0 |      96 |      0 |       0 |      0 |       0 |
| X5Y2              |      1 |      24 |      0 |   28800 |     16 |    6720 |      0 |      24 |     16 |      16 |      0 |     120 |      0 |       0 |      0 |       0 |
| X6Y2              |      1 |      24 |      0 |   28800 |     16 |    6720 |      0 |      24 |     16 |      16 |      0 |     120 |      0 |       0 |      0 |       0 |
| X7Y2              |      0 |      24 |      0 |   25920 |      0 |    6720 |      0 |      48 |      0 |       0 |      0 |      48 |      0 |       4 |      0 |       0 |
| X0Y3              |      0 |      24 |      0 |   27840 |      0 |    5760 |      0 |      48 |      0 |       0 |      0 |      96 |      0 |       4 |      0 |       1 |
| X1Y3              |      1 |      24 |      0 |   23040 |     16 |    5760 |      0 |      48 |     16 |      16 |      0 |      96 |      0 |       0 |      0 |       0 |
| X2Y3              |      1 |      24 |      0 |   34560 |      0 |    6720 |      0 |      72 |      0 |       0 |      0 |     120 |      0 |       0 |      0 |       0 |
| X3Y3              |      1 |      24 |      3 |   19200 |     16 |    4800 |      0 |      24 |     16 |      16 |      0 |      72 |      0 |       0 |      0 |       0 |
| X4Y3              |      1 |      24 |    291 |   25920 |     21 |    5280 |      0 |      48 |     16 |      16 |      0 |      96 |      0 |       0 |      0 |       0 |
| X5Y3              |      1 |      24 |      1 |   26880 |     16 |    5760 |      0 |      24 |     16 |      16 |      0 |     120 |      0 |       0 |      0 |       0 |
| X6Y3              |      1 |      24 |      0 |   26880 |     16 |    5760 |      0 |      24 |     16 |      16 |      0 |     120 |      0 |       0 |      0 |       0 |
| X7Y3              |      0 |      24 |      0 |   24000 |      0 |    5760 |      0 |      48 |      0 |       0 |      0 |      48 |      0 |       4 |      0 |       1 |
| X0Y4              |      0 |      24 |      0 |   27840 |      0 |    5760 |      0 |      48 |      0 |       0 |      0 |      96 |      0 |       4 |      0 |       1 |
| X1Y4              |      1 |      24 |      2 |   23040 |      9 |    5760 |      0 |      48 |      9 |      16 |      0 |      96 |      0 |       0 |      0 |       0 |
| X2Y4              |      1 |      24 |     17 |   34560 |      0 |    6720 |      0 |      72 |      0 |       0 |      0 |     120 |      0 |       0 |      0 |       0 |
| X3Y4              |      1 |      24 |      9 |   19200 |     16 |    4800 |      0 |      24 |     16 |      16 |      0 |      72 |      0 |       0 |      0 |       0 |
| X4Y4              |      1 |      24 |     57 |   25920 |     16 |    5280 |      0 |      48 |     16 |      16 |      0 |      96 |      0 |       0 |      0 |       0 |
| X5Y4              |      1 |      24 |     24 |   26880 |     16 |    5760 |      0 |      24 |     16 |      16 |      0 |     120 |      0 |       0 |      0 |       0 |
| X6Y4              |      1 |      24 |      2 |   26880 |      8 |    5760 |      0 |      24 |      8 |      16 |      0 |     120 |      0 |       0 |      0 |       0 |
| X7Y4              |      0 |      24 |      0 |   24000 |      0 |    5760 |      0 |      48 |      0 |       0 |      0 |      48 |      0 |       4 |      0 |       1 |
| X0Y5              |      0 |      24 |      0 |   29760 |      0 |    6720 |      0 |      48 |      0 |       0 |      0 |      96 |      0 |       4 |      0 |       1 |
| X1Y5              |      1 |      24 |      0 |   24960 |     16 |    6720 |      0 |      48 |     16 |      16 |      0 |      96 |      0 |       0 |      0 |       0 |
| X2Y5              |      1 |      24 |      7 |   36480 |      0 |    7680 |      0 |      72 |      0 |       0 |      0 |     120 |      0 |       0 |      0 |       0 |
| X3Y5              |      1 |      24 |    267 |   21120 |     16 |    5760 |      0 |      24 |     16 |      16 |      0 |      72 |      0 |       0 |      0 |       0 |
| X4Y5              |      1 |      24 |    129 |   27840 |     16 |    6240 |      0 |      48 |     16 |      16 |      0 |      96 |      0 |       0 |      0 |       0 |
| X5Y5              |      1 |      24 |     13 |   28800 |     16 |    6720 |      0 |      24 |     16 |      16 |      0 |     120 |      0 |       0 |      0 |       0 |
| X6Y5              |      1 |      24 |      4 |   28800 |     16 |    6720 |      0 |      24 |     16 |      16 |      0 |     120 |      0 |       0 |      0 |       0 |
| X7Y5              |      0 |      24 |      0 |   25920 |      0 |    6720 |      0 |      48 |      0 |       0 |      0 |      48 |      0 |       4 |      0 |       0 |
| X0Y6              |      0 |      24 |      0 |   29760 |      0 |    6720 |      0 |      48 |      0 |       0 |      0 |      96 |      0 |       4 |      0 |       1 |
| X1Y6              |      1 |      24 |      0 |   24960 |     16 |    6720 |      0 |      48 |     16 |      16 |      0 |      96 |      0 |       0 |      0 |       0 |
| X2Y6              |      1 |      24 |      0 |   36480 |      0 |    7680 |      0 |      72 |      0 |       0 |      0 |     120 |      0 |       0 |      0 |       0 |
| X3Y6              |      1 |      24 |    169 |   21120 |     16 |    5760 |      0 |      24 |     16 |      16 |      0 |      72 |      0 |       0 |      0 |       0 |
| X4Y6              |      1 |      24 |    633 |   27840 |     29 |    6240 |      0 |      48 |     16 |      16 |      0 |      96 |      0 |       0 |      0 |       0 |
| X5Y6              |      1 |      24 |      8 |   28800 |     16 |    6720 |      0 |      24 |     16 |      16 |      0 |     120 |      0 |       0 |      0 |       0 |
| X6Y6              |      1 |      24 |      0 |   28800 |     16 |    6720 |      0 |      24 |     16 |      16 |      0 |     120 |      0 |       0 |      0 |       0 |
| X7Y6              |      0 |      24 |      0 |   25920 |      0 |    6720 |      0 |      48 |      0 |       0 |      0 |      48 |      0 |       4 |      0 |       0 |
| X0Y7              |      0 |      24 |      0 |   27840 |      0 |    5760 |      0 |      48 |      0 |       0 |      0 |      96 |      0 |       4 |      0 |       1 |
| X1Y7              |      1 |      24 |      0 |   23040 |      7 |    5760 |      0 |      48 |      7 |      16 |      0 |      96 |      0 |       0 |      0 |       0 |
| X2Y7              |      1 |      24 |      0 |   34560 |      0 |    6720 |      0 |      72 |      0 |       0 |      0 |     120 |      0 |       0 |      0 |       0 |
| X3Y7              |      1 |      24 |     29 |   19200 |     16 |    4800 |      0 |      24 |     16 |      16 |      0 |      72 |      0 |       0 |      0 |       0 |
| X4Y7              |      1 |      24 |     43 |   25920 |     16 |    5280 |      0 |      48 |     16 |      16 |      0 |      96 |      0 |       0 |      0 |       0 |
| X5Y7              |      1 |      24 |      5 |   26880 |     16 |    5760 |      0 |      24 |     16 |      16 |      0 |     120 |      0 |       0 |      0 |       0 |
| X6Y7              |      1 |      24 |      0 |   26880 |      8 |    5760 |      0 |      24 |      8 |      16 |      0 |     120 |      0 |       0 |      0 |       0 |
| X7Y7              |      0 |      24 |      0 |   24000 |      0 |    5760 |      0 |      48 |      0 |       0 |      0 |      48 |      0 |       4 |      0 |       1 |
| X0Y8              |      0 |      24 |      0 |   27840 |      0 |    5760 |      0 |      48 |      0 |       0 |      0 |      96 |      0 |       4 |      0 |       1 |
| X1Y8              |      0 |      24 |      0 |   23040 |      0 |    5760 |      0 |      48 |      0 |      16 |      0 |      96 |      0 |       0 |      0 |       0 |
| X2Y8              |      1 |      24 |   1465 |   34560 |    406 |    6720 |     54 |      72 |      0 |       0 |      0 |     120 |      0 |       0 |      0 |       0 |
| X3Y8              |      1 |      24 |   4136 |   19200 |    294 |    4800 |     24 |      24 |      0 |      16 |      0 |      72 |      0 |       0 |      0 |       0 |
| X4Y8              |      1 |      24 |   4892 |   25920 |     99 |    5280 |     48 |      48 |      6 |      16 |      0 |      96 |      0 |       0 |      0 |       0 |
| X5Y8              |      1 |      24 |   6807 |   26880 |     87 |    5760 |     24 |      24 |      0 |      16 |      2 |     120 |      0 |       0 |      0 |       0 |
| X6Y8              |      1 |      24 |   5755 |   26880 |    105 |    5760 |     16 |      24 |      0 |      16 |      0 |     120 |      0 |       0 |      0 |       0 |
| X7Y8              |      1 |      24 |   1134 |   24000 |     32 |    5760 |      0 |      48 |      0 |       0 |      0 |      48 |      0 |       4 |      0 |       1 |
| X0Y9              |      0 |      24 |      0 |   29760 |      0 |    6720 |      0 |      48 |      0 |       0 |      0 |      96 |      0 |       4 |      0 |       1 |
| X1Y9              |      1 |      24 |      0 |   24960 |      0 |    6720 |     10 |      48 |      0 |      16 |      0 |      96 |      0 |       0 |      0 |       0 |
| X2Y9              |      1 |      24 |    145 |   36480 |      0 |    7680 |     65 |      72 |      0 |       0 |      0 |     120 |      0 |       0 |      0 |       0 |
| X3Y9              |      1 |      24 |   1273 |   21120 |     26 |    5760 |     24 |      24 |      0 |      16 |      0 |      72 |      0 |       0 |      0 |       0 |
| X4Y9              |      1 |      24 |   6356 |   27840 |    414 |    6240 |     48 |      48 |     16 |      16 |      2 |      96 |      0 |       0 |      0 |       0 |
| X5Y9              |      1 |      24 |   7454 |   28800 |   1107 |    6720 |     23 |      24 |      0 |      16 |      8 |     120 |      0 |       0 |      0 |       0 |
| X6Y9              |      1 |      24 |   4712 |   28800 |    120 |    6720 |     21 |      24 |      0 |      16 |      1 |     120 |      0 |       0 |      0 |       0 |
| X7Y9              |      1 |      24 |    901 |   25920 |     52 |    6720 |      6 |      48 |      0 |       0 |      0 |      48 |      0 |       4 |      0 |       0 |
| X0Y10             |      0 |      24 |      0 |   29760 |      0 |    6720 |      0 |      48 |      0 |       0 |      0 |      96 |      0 |       4 |      0 |       1 |
| X1Y10             |      0 |      24 |      0 |   24960 |      0 |    6720 |      0 |      48 |      0 |      16 |      0 |      96 |      0 |       0 |      0 |       0 |
| X2Y10             |      1 |      24 |      0 |   36480 |      0 |    7680 |     50 |      72 |      0 |       0 |      0 |     120 |      0 |       0 |      0 |       0 |
| X3Y10             |      1 |      24 |   4157 |   21120 |    287 |    5760 |     23 |      24 |      0 |      16 |      0 |      72 |      0 |       0 |      0 |       0 |
| X4Y10             |      1 |      24 |   8465 |   27840 |    765 |    6240 |     47 |      48 |      0 |      16 |      0 |      96 |      0 |       0 |      0 |       0 |
| X5Y10             |      1 |      24 |   6537 |   28800 |    565 |    6720 |     24 |      24 |      0 |      16 |      0 |     120 |      0 |       0 |      0 |       0 |
| X6Y10             |      1 |      24 |   5457 |   28800 |    416 |    6720 |     20 |      24 |      0 |      16 |      0 |     120 |      0 |       0 |      0 |       0 |
| X7Y10             |      1 |      24 |    298 |   25920 |      1 |    6720 |      1 |      48 |      0 |       0 |      0 |      48 |      0 |       4 |      0 |       0 |
| X0Y11             |      0 |      24 |      0 |   27840 |      0 |    5760 |      0 |      48 |      0 |       0 |      0 |      96 |      0 |       4 |      0 |       1 |
| X1Y11             |      0 |      24 |      0 |   23040 |      0 |    5760 |      0 |      48 |      0 |      16 |      0 |      96 |      0 |       0 |      0 |       0 |
| X2Y11             |      1 |      24 |      0 |   34560 |      0 |    6720 |     48 |      72 |      0 |       0 |      0 |     120 |      0 |       0 |      0 |       0 |
| X3Y11             |      1 |      24 |    146 |   19200 |     34 |    4800 |     24 |      24 |      0 |      16 |      0 |      72 |      0 |       0 |      0 |       0 |
| X4Y11             |      1 |      24 |    384 |   25920 |     30 |    5280 |     48 |      48 |      0 |      16 |      0 |      96 |      0 |       0 |      0 |       0 |
| X5Y11             |      1 |      24 |      8 |   26880 |      0 |    5760 |     24 |      24 |      0 |      16 |      0 |     120 |      0 |       0 |      0 |       0 |
| X6Y11             |      1 |      24 |     24 |   26880 |      0 |    5760 |     10 |      24 |      0 |      16 |      0 |     120 |      0 |       0 |      0 |       0 |
| X7Y11             |      0 |      24 |      0 |   24000 |      0 |    5760 |      0 |      48 |      0 |       0 |      0 |      48 |      0 |       4 |      0 |       1 |
+-------------------+--------+---------+--------+---------+--------+---------+--------+---------+--------+---------+--------+---------+--------+---------+--------+---------+
* Global Clock column represents track count; while other columns represents cell counts


6. Clock Regions : Global Clock Summary
---------------------------------------

All Modules
+-----+----+----+----+----+----+----+----+----+
|     | X0 | X1 | X2 | X3 | X4 | X5 | X6 | X7 |
+-----+----+----+----+----+----+----+----+----+
| Y11 |  0 |  0 |  1 |  1 |  1 |  1 |  1 |  0 |
| Y10 |  0 |  0 |  1 |  1 |  1 |  1 |  1 |  1 |
| Y9  |  0 |  1 |  1 |  1 |  1 |  1 |  1 |  1 |
| Y8  |  0 |  0 |  1 |  1 |  1 |  1 |  1 |  1 |
| Y7  |  0 |  1 |  1 |  1 |  1 |  1 |  1 |  0 |
| Y6  |  0 |  1 |  1 |  1 |  1 |  1 |  1 |  0 |
| Y5  |  0 |  1 |  1 |  1 |  1 |  1 |  1 |  0 |
| Y4  |  0 |  1 |  1 |  1 |  1 |  1 |  1 |  0 |
| Y3  |  0 |  1 |  1 |  1 |  1 |  1 |  1 |  0 |
| Y2  |  0 |  1 |  1 |  1 |  1 |  1 |  1 |  0 |
| Y1  |  0 |  1 |  1 |  1 |  1 |  1 |  1 |  0 |
| Y0  |  0 |  1 |  1 |  1 |  1 |  1 |  0 |  0 |
+-----+----+----+----+----+----+----+----+----+


7. Clock Regions : Routing Resource Utilization
-----------------------------------------------

All Modules
+-------------------+----------------------+----------------------+----------------------+----------------------+
|                   |        HROUTES       |        HDISTRS       |        VROUTES       |        VDISTRS       |
+-------------------+------+-------+-------+------+-------+-------+------+-------+-------+------+-------+-------+
| Clock Region Name | Used | Avail | Util% | Used | Avail | Util% | Used | Avail | Util% | Used | Avail | Util% |
+-------------------+------+-------+-------+------+-------+-------+------+-------+-------+------+-------+-------+
| X0Y0              |    0 |    24 |  0.00 |    0 |    24 |  0.00 |    0 |    24 |  0.00 |    0 |    24 |  0.00 |
| X1Y0              |    0 |    24 |  0.00 |    1 |    24 |  4.17 |    0 |    24 |  0.00 |    0 |    24 |  0.00 |
| X2Y0              |    0 |    24 |  0.00 |    1 |    24 |  4.17 |    0 |    24 |  0.00 |    0 |    24 |  0.00 |
| X3Y0              |    0 |    24 |  0.00 |    1 |    24 |  4.17 |    0 |    24 |  0.00 |    0 |    24 |  0.00 |
| X4Y0              |    1 |    24 |  4.17 |    1 |    24 |  4.17 |    0 |    24 |  0.00 |    1 |    24 |  4.17 |
| X5Y0              |    0 |    24 |  0.00 |    1 |    24 |  4.17 |    0 |    24 |  0.00 |    0 |    24 |  0.00 |
| X6Y0              |    0 |    24 |  0.00 |    0 |    24 |  0.00 |    0 |    24 |  0.00 |    0 |    24 |  0.00 |
| X7Y0              |    0 |    24 |  0.00 |    0 |    24 |  0.00 |    0 |    24 |  0.00 |    0 |    24 |  0.00 |
| X0Y1              |    0 |    24 |  0.00 |    0 |    24 |  0.00 |    0 |    24 |  0.00 |    0 |    24 |  0.00 |
| X1Y1              |    0 |    24 |  0.00 |    1 |    24 |  4.17 |    0 |    24 |  0.00 |    0 |    24 |  0.00 |
| X2Y1              |    0 |    24 |  0.00 |    1 |    24 |  4.17 |    0 |    24 |  0.00 |    0 |    24 |  0.00 |
| X3Y1              |    0 |    24 |  0.00 |    1 |    24 |  4.17 |    0 |    24 |  0.00 |    0 |    24 |  0.00 |
| X4Y1              |    0 |    24 |  0.00 |    1 |    24 |  4.17 |    1 |    24 |  4.17 |    1 |    24 |  4.17 |
| X5Y1              |    0 |    24 |  0.00 |    1 |    24 |  4.17 |    0 |    24 |  0.00 |    0 |    24 |  0.00 |
| X6Y1              |    0 |    24 |  0.00 |    1 |    24 |  4.17 |    0 |    24 |  0.00 |    0 |    24 |  0.00 |
| X7Y1              |    0 |    24 |  0.00 |    0 |    24 |  0.00 |    0 |    24 |  0.00 |    0 |    24 |  0.00 |
| X0Y2              |    0 |    24 |  0.00 |    0 |    24 |  0.00 |    0 |    24 |  0.00 |    0 |    24 |  0.00 |
| X1Y2              |    0 |    24 |  0.00 |    1 |    24 |  4.17 |    0 |    24 |  0.00 |    0 |    24 |  0.00 |
| X2Y2              |    0 |    24 |  0.00 |    1 |    24 |  4.17 |    0 |    24 |  0.00 |    0 |    24 |  0.00 |
| X3Y2              |    0 |    24 |  0.00 |    1 |    24 |  4.17 |    0 |    24 |  0.00 |    0 |    24 |  0.00 |
| X4Y2              |    0 |    24 |  0.00 |    1 |    24 |  4.17 |    1 |    24 |  4.17 |    1 |    24 |  4.17 |
| X5Y2              |    0 |    24 |  0.00 |    1 |    24 |  4.17 |    0 |    24 |  0.00 |    0 |    24 |  0.00 |
| X6Y2              |    0 |    24 |  0.00 |    1 |    24 |  4.17 |    0 |    24 |  0.00 |    0 |    24 |  0.00 |
| X7Y2              |    0 |    24 |  0.00 |    0 |    24 |  0.00 |    0 |    24 |  0.00 |    0 |    24 |  0.00 |
| X0Y3              |    0 |    24 |  0.00 |    0 |    24 |  0.00 |    0 |    24 |  0.00 |    0 |    24 |  0.00 |
| X1Y3              |    0 |    24 |  0.00 |    1 |    24 |  4.17 |    0 |    24 |  0.00 |    0 |    24 |  0.00 |
| X2Y3              |    0 |    24 |  0.00 |    1 |    24 |  4.17 |    0 |    24 |  0.00 |    0 |    24 |  0.00 |
| X3Y3              |    0 |    24 |  0.00 |    1 |    24 |  4.17 |    0 |    24 |  0.00 |    0 |    24 |  0.00 |
| X4Y3              |    0 |    24 |  0.00 |    1 |    24 |  4.17 |    1 |    24 |  4.17 |    1 |    24 |  4.17 |
| X5Y3              |    0 |    24 |  0.00 |    1 |    24 |  4.17 |    0 |    24 |  0.00 |    0 |    24 |  0.00 |
| X6Y3              |    0 |    24 |  0.00 |    1 |    24 |  4.17 |    0 |    24 |  0.00 |    0 |    24 |  0.00 |
| X7Y3              |    0 |    24 |  0.00 |    0 |    24 |  0.00 |    0 |    24 |  0.00 |    0 |    24 |  0.00 |
| X0Y4              |    0 |    24 |  0.00 |    0 |    24 |  0.00 |    0 |    24 |  0.00 |    0 |    24 |  0.00 |
| X1Y4              |    0 |    24 |  0.00 |    1 |    24 |  4.17 |    0 |    24 |  0.00 |    0 |    24 |  0.00 |
| X2Y4              |    0 |    24 |  0.00 |    1 |    24 |  4.17 |    0 |    24 |  0.00 |    0 |    24 |  0.00 |
| X3Y4              |    0 |    24 |  0.00 |    1 |    24 |  4.17 |    0 |    24 |  0.00 |    0 |    24 |  0.00 |
| X4Y4              |    0 |    24 |  0.00 |    1 |    24 |  4.17 |    1 |    24 |  4.17 |    1 |    24 |  4.17 |
| X5Y4              |    0 |    24 |  0.00 |    1 |    24 |  4.17 |    0 |    24 |  0.00 |    0 |    24 |  0.00 |
| X6Y4              |    0 |    24 |  0.00 |    1 |    24 |  4.17 |    0 |    24 |  0.00 |    0 |    24 |  0.00 |
| X7Y4              |    0 |    24 |  0.00 |    0 |    24 |  0.00 |    0 |    24 |  0.00 |    0 |    24 |  0.00 |
| X0Y5              |    0 |    24 |  0.00 |    0 |    24 |  0.00 |    0 |    24 |  0.00 |    0 |    24 |  0.00 |
| X1Y5              |    0 |    24 |  0.00 |    1 |    24 |  4.17 |    0 |    24 |  0.00 |    0 |    24 |  0.00 |
| X2Y5              |    0 |    24 |  0.00 |    1 |    24 |  4.17 |    0 |    24 |  0.00 |    0 |    24 |  0.00 |
| X3Y5              |    0 |    24 |  0.00 |    1 |    24 |  4.17 |    0 |    24 |  0.00 |    0 |    24 |  0.00 |
| X4Y5              |    0 |    24 |  0.00 |    1 |    24 |  4.17 |    1 |    24 |  4.17 |    1 |    24 |  4.17 |
| X5Y5              |    0 |    24 |  0.00 |    1 |    24 |  4.17 |    0 |    24 |  0.00 |    0 |    24 |  0.00 |
| X6Y5              |    0 |    24 |  0.00 |    1 |    24 |  4.17 |    0 |    24 |  0.00 |    0 |    24 |  0.00 |
| X7Y5              |    0 |    24 |  0.00 |    0 |    24 |  0.00 |    0 |    24 |  0.00 |    0 |    24 |  0.00 |
| X0Y6              |    0 |    24 |  0.00 |    0 |    24 |  0.00 |    0 |    24 |  0.00 |    0 |    24 |  0.00 |
| X1Y6              |    0 |    24 |  0.00 |    1 |    24 |  4.17 |    0 |    24 |  0.00 |    0 |    24 |  0.00 |
| X2Y6              |    0 |    24 |  0.00 |    1 |    24 |  4.17 |    0 |    24 |  0.00 |    0 |    24 |  0.00 |
| X3Y6              |    0 |    24 |  0.00 |    1 |    24 |  4.17 |    0 |    24 |  0.00 |    0 |    24 |  0.00 |
| X4Y6              |    0 |    24 |  0.00 |    1 |    24 |  4.17 |    0 |    24 |  0.00 |    1 |    24 |  4.17 |
| X5Y6              |    0 |    24 |  0.00 |    1 |    24 |  4.17 |    0 |    24 |  0.00 |    0 |    24 |  0.00 |
| X6Y6              |    0 |    24 |  0.00 |    1 |    24 |  4.17 |    0 |    24 |  0.00 |    0 |    24 |  0.00 |
| X7Y6              |    0 |    24 |  0.00 |    0 |    24 |  0.00 |    0 |    24 |  0.00 |    0 |    24 |  0.00 |
| X0Y7              |    0 |    24 |  0.00 |    0 |    24 |  0.00 |    0 |    24 |  0.00 |    0 |    24 |  0.00 |
| X1Y7              |    0 |    24 |  0.00 |    1 |    24 |  4.17 |    0 |    24 |  0.00 |    0 |    24 |  0.00 |
| X2Y7              |    0 |    24 |  0.00 |    1 |    24 |  4.17 |    0 |    24 |  0.00 |    0 |    24 |  0.00 |
| X3Y7              |    0 |    24 |  0.00 |    1 |    24 |  4.17 |    0 |    24 |  0.00 |    0 |    24 |  0.00 |
| X4Y7              |    0 |    24 |  0.00 |    1 |    24 |  4.17 |    0 |    24 |  0.00 |    1 |    24 |  4.17 |
| X5Y7              |    0 |    24 |  0.00 |    1 |    24 |  4.17 |    0 |    24 |  0.00 |    0 |    24 |  0.00 |
| X6Y7              |    0 |    24 |  0.00 |    1 |    24 |  4.17 |    0 |    24 |  0.00 |    0 |    24 |  0.00 |
| X7Y7              |    0 |    24 |  0.00 |    0 |    24 |  0.00 |    0 |    24 |  0.00 |    0 |    24 |  0.00 |
| X0Y8              |    0 |    24 |  0.00 |    0 |    24 |  0.00 |    0 |    24 |  0.00 |    0 |    24 |  0.00 |
| X1Y8              |    0 |    24 |  0.00 |    0 |    24 |  0.00 |    0 |    24 |  0.00 |    0 |    24 |  0.00 |
| X2Y8              |    0 |    24 |  0.00 |    1 |    24 |  4.17 |    0 |    24 |  0.00 |    0 |    24 |  0.00 |
| X3Y8              |    0 |    24 |  0.00 |    1 |    24 |  4.17 |    0 |    24 |  0.00 |    0 |    24 |  0.00 |
| X4Y8              |    0 |    24 |  0.00 |    1 |    24 |  4.17 |    0 |    24 |  0.00 |    1 |    24 |  4.17 |
| X5Y8              |    0 |    24 |  0.00 |    1 |    24 |  4.17 |    0 |    24 |  0.00 |    0 |    24 |  0.00 |
| X6Y8              |    0 |    24 |  0.00 |    1 |    24 |  4.17 |    0 |    24 |  0.00 |    0 |    24 |  0.00 |
| X7Y8              |    0 |    24 |  0.00 |    1 |    24 |  4.17 |    0 |    24 |  0.00 |    0 |    24 |  0.00 |
| X0Y9              |    0 |    24 |  0.00 |    0 |    24 |  0.00 |    0 |    24 |  0.00 |    0 |    24 |  0.00 |
| X1Y9              |    0 |    24 |  0.00 |    1 |    24 |  4.17 |    0 |    24 |  0.00 |    0 |    24 |  0.00 |
| X2Y9              |    0 |    24 |  0.00 |    1 |    24 |  4.17 |    0 |    24 |  0.00 |    0 |    24 |  0.00 |
| X3Y9              |    0 |    24 |  0.00 |    1 |    24 |  4.17 |    0 |    24 |  0.00 |    0 |    24 |  0.00 |
| X4Y9              |    0 |    24 |  0.00 |    1 |    24 |  4.17 |    0 |    24 |  0.00 |    1 |    24 |  4.17 |
| X5Y9              |    0 |    24 |  0.00 |    1 |    24 |  4.17 |    0 |    24 |  0.00 |    0 |    24 |  0.00 |
| X6Y9              |    0 |    24 |  0.00 |    1 |    24 |  4.17 |    0 |    24 |  0.00 |    0 |    24 |  0.00 |
| X7Y9              |    0 |    24 |  0.00 |    1 |    24 |  4.17 |    0 |    24 |  0.00 |    0 |    24 |  0.00 |
| X0Y10             |    0 |    24 |  0.00 |    0 |    24 |  0.00 |    0 |    24 |  0.00 |    0 |    24 |  0.00 |
| X1Y10             |    0 |    24 |  0.00 |    0 |    24 |  0.00 |    0 |    24 |  0.00 |    0 |    24 |  0.00 |
| X2Y10             |    0 |    24 |  0.00 |    1 |    24 |  4.17 |    0 |    24 |  0.00 |    0 |    24 |  0.00 |
| X3Y10             |    0 |    24 |  0.00 |    1 |    24 |  4.17 |    0 |    24 |  0.00 |    0 |    24 |  0.00 |
| X4Y10             |    0 |    24 |  0.00 |    1 |    24 |  4.17 |    0 |    24 |  0.00 |    1 |    24 |  4.17 |
| X5Y10             |    0 |    24 |  0.00 |    1 |    24 |  4.17 |    0 |    24 |  0.00 |    0 |    24 |  0.00 |
| X6Y10             |    0 |    24 |  0.00 |    1 |    24 |  4.17 |    0 |    24 |  0.00 |    0 |    24 |  0.00 |
| X7Y10             |    0 |    24 |  0.00 |    1 |    24 |  4.17 |    0 |    24 |  0.00 |    0 |    24 |  0.00 |
| X0Y11             |    0 |    24 |  0.00 |    0 |    24 |  0.00 |    0 |    24 |  0.00 |    0 |    24 |  0.00 |
| X1Y11             |    0 |    24 |  0.00 |    0 |    24 |  0.00 |    0 |    24 |  0.00 |    0 |    24 |  0.00 |
| X2Y11             |    0 |    24 |  0.00 |    1 |    24 |  4.17 |    0 |    24 |  0.00 |    0 |    24 |  0.00 |
| X3Y11             |    0 |    24 |  0.00 |    1 |    24 |  4.17 |    0 |    24 |  0.00 |    0 |    24 |  0.00 |
| X4Y11             |    0 |    24 |  0.00 |    1 |    24 |  4.17 |    0 |    24 |  0.00 |    0 |    24 |  0.00 |
| X5Y11             |    0 |    24 |  0.00 |    1 |    24 |  4.17 |    0 |    24 |  0.00 |    0 |    24 |  0.00 |
| X6Y11             |    0 |    24 |  0.00 |    1 |    24 |  4.17 |    0 |    24 |  0.00 |    0 |    24 |  0.00 |
| X7Y11             |    0 |    24 |  0.00 |    0 |    24 |  0.00 |    0 |    24 |  0.00 |    0 |    24 |  0.00 |
+-------------------+------+-------+-------+------+-------+-------+------+-------+-------+------+-------+-------+


8. Device Cell Placement Summary for Global Clock g0
----------------------------------------------------

+-----------+-----------------+-------------------+--------+-------------+---------------+----------+-------------+----------+----------------+----------+-------------------+
| Global Id | Driver Type/Pin | Driver Region (D) | Clock  | Period (ns) | Waveform (ns) | Root (R) | Slice Loads | IO Loads | Clocking Loads | GT Loads | Net               |
+-----------+-----------------+-------------------+--------+-------------+---------------+----------+-------------+----------+----------------+----------+-------------------+
| g0        | BUFGCE/O        | X4Y0              | ap_clk |       4.000 | {0.000 2.000} | X4Y5     |       78410 |        0 |              0 |        0 | ooc_ap_clk_global |
+-----------+-----------------+-------------------+--------+-------------+---------------+----------+-------------+----------+----------------+----------+-------------------+
* Slice Loads column represents load cell count of all cell types other than IO, GT and clock resources
** IO Loads column represents load cell count of IO types
*** Clocking Loads column represents load cell count that are clock resources (global clock buffer, MMCM, PLL, etc)
**** GT Loads column represents load cell count of GT types


+-----+----+-----+-------+-------+---------+-------+-------+-------+-----------------------+
|     | X0 | X1  | X2    | X3    | X4      | X5    | X6    | X7    | HORIZONTAL PROG DELAY |
+-----+----+-----+-------+-------+---------+-------+-------+-------+-----------------------+
| Y11 |  0 |   0 |    24 |   192 |     438 |    20 |    29 |     0 |                     0 |
| Y10 |  0 |   0 |    25 |  4456 |    9254 |  7114 |  5884 |   300 |                     0 |
| Y9  |  0 |   5 |   178 |  1311 |    6797 |  8581 |  4844 |   957 |                     1 |
| Y8  |  0 |   0 |  1898 |  4442 |    5015 |  6908 |  5868 |  1166 |                     2 |
| Y7  |  0 |   7 |     0 |    45 |      59 |    21 |     8 |     0 |                     3 |
| Y6  |  0 |  16 |     0 |   185 |     662 |    24 |    16 |     0 |                     4 |
| Y5  |  0 |  16 |     7 |   283 | (R) 145 |    29 |    20 |     0 |                     4 |
| Y4  |  0 |  11 |    17 |    25 |      73 |    40 |    10 |     0 |                     3 |
| Y3  |  0 |  16 |     0 |    19 |     312 |    17 |    16 |     0 |                     2 |
| Y2  |  0 |  16 |     0 |    24 |      76 |    16 |    16 |     0 |                     1 |
| Y1  |  0 |  16 |     0 |    16 |     344 |    17 |    16 |     0 |                     0 |
| Y0  |  0 |   4 |     0 |    16 |  (D) 16 |    12 |     0 |     0 |                     0 |
+-----+----+-----+-------+-------+---------+-------+-------+-------+-----------------------+


9. Clock Region Cell Placement per Global Clock: Region X1Y0
------------------------------------------------------------

+-----------+-------+-----------------+------------+-------------+-----------------+----+-------------+------+------+-----+----+------+-----+---------+-------------------+
| Global Id | Track | Driver Type/Pin | Constraint | Clock Loads | Non-Clock Loads | FF | Memory LUTs | RAMB | URAM | DSP | GT | MMCM | PLL | Hard IP | Net               |
+-----------+-------+-----------------+------------+-------------+-----------------+----+-------------+------+------+-----+----+------+-----+---------+-------------------+
| g0        | 0     | BUFGCE/O        | None       |           4 |               0 |  0 |           4 |    0 |    4 |   0 |  0 |    0 |   0 |       0 | ooc_ap_clk_global |
+-----------+-------+-----------------+------------+-------------+-----------------+----+-------------+------+------+-----+----+------+-----+---------+-------------------+
* Clock Loads column represents cell count of net connects that connect to a clock pin. Internal cell leaf pins are not considered
** Non-Clock Loads column represents cell count of non-clock pin loads
*** Columns FF, LUTRAM, RAMB through 'Hard IP' represents load cell counts


10. Clock Region Cell Placement per Global Clock: Region X2Y0
-------------------------------------------------------------

+-----------+-------+-----------------+------------+-------------+-----------------+----+-------------+------+------+-----+----+------+-----+---------+-------------------+
| Global Id | Track | Driver Type/Pin | Constraint | Clock Loads | Non-Clock Loads | FF | Memory LUTs | RAMB | URAM | DSP | GT | MMCM | PLL | Hard IP | Net               |
+-----------+-------+-----------------+------------+-------------+-----------------+----+-------------+------+------+-----+----+------+-----+---------+-------------------+
| g0+       | 0     | BUFGCE/O        | None       |           0 |               0 |  0 |           0 |    0 |    0 |   0 |  0 |    0 |   0 |       0 | ooc_ap_clk_global |
+-----------+-------+-----------------+------------+-------------+-----------------+----+-------------+------+------+-----+----+------+-----+---------+-------------------+
* Clock Loads column represents cell count of net connects that connect to a clock pin. Internal cell leaf pins are not considered
** Non-Clock Loads column represents cell count of non-clock pin loads
*** Columns FF, LUTRAM, RAMB through 'Hard IP' represents load cell counts
**** In Global Id column, sympbol '+' indicates that global clock was used only to route through the clock region.


11. Clock Region Cell Placement per Global Clock: Region X3Y0
-------------------------------------------------------------

+-----------+-------+-----------------+------------+-------------+-----------------+----+-------------+------+------+-----+----+------+-----+---------+-------------------+
| Global Id | Track | Driver Type/Pin | Constraint | Clock Loads | Non-Clock Loads | FF | Memory LUTs | RAMB | URAM | DSP | GT | MMCM | PLL | Hard IP | Net               |
+-----------+-------+-----------------+------------+-------------+-----------------+----+-------------+------+------+-----+----+------+-----+---------+-------------------+
| g0        | 0     | BUFGCE/O        | None       |          16 |               0 |  0 |          16 |    0 |   16 |   0 |  0 |    0 |   0 |       0 | ooc_ap_clk_global |
+-----------+-------+-----------------+------------+-------------+-----------------+----+-------------+------+------+-----+----+------+-----+---------+-------------------+
* Clock Loads column represents cell count of net connects that connect to a clock pin. Internal cell leaf pins are not considered
** Non-Clock Loads column represents cell count of non-clock pin loads
*** Columns FF, LUTRAM, RAMB through 'Hard IP' represents load cell counts


12. Clock Region Cell Placement per Global Clock: Region X4Y0
-------------------------------------------------------------

+-----------+-------+-----------------+------------+-------------+-----------------+----+-------------+------+------+-----+----+------+-----+---------+-------------------+
| Global Id | Track | Driver Type/Pin | Constraint | Clock Loads | Non-Clock Loads | FF | Memory LUTs | RAMB | URAM | DSP | GT | MMCM | PLL | Hard IP | Net               |
+-----------+-------+-----------------+------------+-------------+-----------------+----+-------------+------+------+-----+----+------+-----+---------+-------------------+
| g0        | 0     | BUFGCE/O        | None       |          16 |               0 |  0 |          16 |    0 |   16 |   0 |  0 |    0 |   0 |       0 | ooc_ap_clk_global |
+-----------+-------+-----------------+------------+-------------+-----------------+----+-------------+------+------+-----+----+------+-----+---------+-------------------+
* Clock Loads column represents cell count of net connects that connect to a clock pin. Internal cell leaf pins are not considered
** Non-Clock Loads column represents cell count of non-clock pin loads
*** Columns FF, LUTRAM, RAMB through 'Hard IP' represents load cell counts


13. Clock Region Cell Placement per Global Clock: Region X5Y0
-------------------------------------------------------------

+-----------+-------+-----------------+------------+-------------+-----------------+----+-------------+------+------+-----+----+------+-----+---------+-------------------+
| Global Id | Track | Driver Type/Pin | Constraint | Clock Loads | Non-Clock Loads | FF | Memory LUTs | RAMB | URAM | DSP | GT | MMCM | PLL | Hard IP | Net               |
+-----------+-------+-----------------+------------+-------------+-----------------+----+-------------+------+------+-----+----+------+-----+---------+-------------------+
| g0        | 0     | BUFGCE/O        | None       |          12 |               0 |  0 |          12 |    0 |   12 |   0 |  0 |    0 |   0 |       0 | ooc_ap_clk_global |
+-----------+-------+-----------------+------------+-------------+-----------------+----+-------------+------+------+-----+----+------+-----+---------+-------------------+
* Clock Loads column represents cell count of net connects that connect to a clock pin. Internal cell leaf pins are not considered
** Non-Clock Loads column represents cell count of non-clock pin loads
*** Columns FF, LUTRAM, RAMB through 'Hard IP' represents load cell counts


14. Clock Region Cell Placement per Global Clock: Region X1Y1
-------------------------------------------------------------

+-----------+-------+-----------------+------------+-------------+-----------------+----+-------------+------+------+-----+----+------+-----+---------+-------------------+
| Global Id | Track | Driver Type/Pin | Constraint | Clock Loads | Non-Clock Loads | FF | Memory LUTs | RAMB | URAM | DSP | GT | MMCM | PLL | Hard IP | Net               |
+-----------+-------+-----------------+------------+-------------+-----------------+----+-------------+------+------+-----+----+------+-----+---------+-------------------+
| g0        | 0     | BUFGCE/O        | None       |          16 |               0 |  0 |          16 |    0 |   16 |   0 |  0 |    0 |   0 |       0 | ooc_ap_clk_global |
+-----------+-------+-----------------+------------+-------------+-----------------+----+-------------+------+------+-----+----+------+-----+---------+-------------------+
* Clock Loads column represents cell count of net connects that connect to a clock pin. Internal cell leaf pins are not considered
** Non-Clock Loads column represents cell count of non-clock pin loads
*** Columns FF, LUTRAM, RAMB through 'Hard IP' represents load cell counts


15. Clock Region Cell Placement per Global Clock: Region X2Y1
-------------------------------------------------------------

+-----------+-------+-----------------+------------+-------------+-----------------+----+-------------+------+------+-----+----+------+-----+---------+-------------------+
| Global Id | Track | Driver Type/Pin | Constraint | Clock Loads | Non-Clock Loads | FF | Memory LUTs | RAMB | URAM | DSP | GT | MMCM | PLL | Hard IP | Net               |
+-----------+-------+-----------------+------------+-------------+-----------------+----+-------------+------+------+-----+----+------+-----+---------+-------------------+
| g0+       | 0     | BUFGCE/O        | None       |           0 |               0 |  0 |           0 |    0 |    0 |   0 |  0 |    0 |   0 |       0 | ooc_ap_clk_global |
+-----------+-------+-----------------+------------+-------------+-----------------+----+-------------+------+------+-----+----+------+-----+---------+-------------------+
* Clock Loads column represents cell count of net connects that connect to a clock pin. Internal cell leaf pins are not considered
** Non-Clock Loads column represents cell count of non-clock pin loads
*** Columns FF, LUTRAM, RAMB through 'Hard IP' represents load cell counts
**** In Global Id column, sympbol '+' indicates that global clock was used only to route through the clock region.


16. Clock Region Cell Placement per Global Clock: Region X3Y1
-------------------------------------------------------------

+-----------+-------+-----------------+------------+-------------+-----------------+----+-------------+------+------+-----+----+------+-----+---------+-------------------+
| Global Id | Track | Driver Type/Pin | Constraint | Clock Loads | Non-Clock Loads | FF | Memory LUTs | RAMB | URAM | DSP | GT | MMCM | PLL | Hard IP | Net               |
+-----------+-------+-----------------+------------+-------------+-----------------+----+-------------+------+------+-----+----+------+-----+---------+-------------------+
| g0        | 0     | BUFGCE/O        | None       |          16 |               0 |  0 |          16 |    0 |   16 |   0 |  0 |    0 |   0 |       0 | ooc_ap_clk_global |
+-----------+-------+-----------------+------------+-------------+-----------------+----+-------------+------+------+-----+----+------+-----+---------+-------------------+
* Clock Loads column represents cell count of net connects that connect to a clock pin. Internal cell leaf pins are not considered
** Non-Clock Loads column represents cell count of non-clock pin loads
*** Columns FF, LUTRAM, RAMB through 'Hard IP' represents load cell counts


17. Clock Region Cell Placement per Global Clock: Region X4Y1
-------------------------------------------------------------

+-----------+-------+-----------------+------------+-------------+-----------------+-----+-------------+------+------+-----+----+------+-----+---------+-------------------+
| Global Id | Track | Driver Type/Pin | Constraint | Clock Loads | Non-Clock Loads | FF  | Memory LUTs | RAMB | URAM | DSP | GT | MMCM | PLL | Hard IP | Net               |
+-----------+-------+-----------------+------------+-------------+-----------------+-----+-------------+------+------+-----+----+------+-----+---------+-------------------+
| g0        | 0     | BUFGCE/O        | None       |         344 |               0 | 328 |          16 |    0 |   16 |   0 |  0 |    0 |   0 |       0 | ooc_ap_clk_global |
+-----------+-------+-----------------+------------+-------------+-----------------+-----+-------------+------+------+-----+----+------+-----+---------+-------------------+
* Clock Loads column represents cell count of net connects that connect to a clock pin. Internal cell leaf pins are not considered
** Non-Clock Loads column represents cell count of non-clock pin loads
*** Columns FF, LUTRAM, RAMB through 'Hard IP' represents load cell counts


18. Clock Region Cell Placement per Global Clock: Region X5Y1
-------------------------------------------------------------

+-----------+-------+-----------------+------------+-------------+-----------------+----+-------------+------+------+-----+----+------+-----+---------+-------------------+
| Global Id | Track | Driver Type/Pin | Constraint | Clock Loads | Non-Clock Loads | FF | Memory LUTs | RAMB | URAM | DSP | GT | MMCM | PLL | Hard IP | Net               |
+-----------+-------+-----------------+------------+-------------+-----------------+----+-------------+------+------+-----+----+------+-----+---------+-------------------+
| g0        | 0     | BUFGCE/O        | None       |          17 |               0 |  1 |          16 |    0 |   16 |   0 |  0 |    0 |   0 |       0 | ooc_ap_clk_global |
+-----------+-------+-----------------+------------+-------------+-----------------+----+-------------+------+------+-----+----+------+-----+---------+-------------------+
* Clock Loads column represents cell count of net connects that connect to a clock pin. Internal cell leaf pins are not considered
** Non-Clock Loads column represents cell count of non-clock pin loads
*** Columns FF, LUTRAM, RAMB through 'Hard IP' represents load cell counts


19. Clock Region Cell Placement per Global Clock: Region X6Y1
-------------------------------------------------------------

+-----------+-------+-----------------+------------+-------------+-----------------+----+-------------+------+------+-----+----+------+-----+---------+-------------------+
| Global Id | Track | Driver Type/Pin | Constraint | Clock Loads | Non-Clock Loads | FF | Memory LUTs | RAMB | URAM | DSP | GT | MMCM | PLL | Hard IP | Net               |
+-----------+-------+-----------------+------------+-------------+-----------------+----+-------------+------+------+-----+----+------+-----+---------+-------------------+
| g0        | 0     | BUFGCE/O        | None       |          16 |               0 |  0 |          16 |    0 |   16 |   0 |  0 |    0 |   0 |       0 | ooc_ap_clk_global |
+-----------+-------+-----------------+------------+-------------+-----------------+----+-------------+------+------+-----+----+------+-----+---------+-------------------+
* Clock Loads column represents cell count of net connects that connect to a clock pin. Internal cell leaf pins are not considered
** Non-Clock Loads column represents cell count of non-clock pin loads
*** Columns FF, LUTRAM, RAMB through 'Hard IP' represents load cell counts


20. Clock Region Cell Placement per Global Clock: Region X1Y2
-------------------------------------------------------------

+-----------+-------+-----------------+------------+-------------+-----------------+----+-------------+------+------+-----+----+------+-----+---------+-------------------+
| Global Id | Track | Driver Type/Pin | Constraint | Clock Loads | Non-Clock Loads | FF | Memory LUTs | RAMB | URAM | DSP | GT | MMCM | PLL | Hard IP | Net               |
+-----------+-------+-----------------+------------+-------------+-----------------+----+-------------+------+------+-----+----+------+-----+---------+-------------------+
| g0        | 0     | BUFGCE/O        | None       |          16 |               0 |  0 |          16 |    0 |   16 |   0 |  0 |    0 |   0 |       0 | ooc_ap_clk_global |
+-----------+-------+-----------------+------------+-------------+-----------------+----+-------------+------+------+-----+----+------+-----+---------+-------------------+
* Clock Loads column represents cell count of net connects that connect to a clock pin. Internal cell leaf pins are not considered
** Non-Clock Loads column represents cell count of non-clock pin loads
*** Columns FF, LUTRAM, RAMB through 'Hard IP' represents load cell counts


21. Clock Region Cell Placement per Global Clock: Region X2Y2
-------------------------------------------------------------

+-----------+-------+-----------------+------------+-------------+-----------------+----+-------------+------+------+-----+----+------+-----+---------+-------------------+
| Global Id | Track | Driver Type/Pin | Constraint | Clock Loads | Non-Clock Loads | FF | Memory LUTs | RAMB | URAM | DSP | GT | MMCM | PLL | Hard IP | Net               |
+-----------+-------+-----------------+------------+-------------+-----------------+----+-------------+------+------+-----+----+------+-----+---------+-------------------+
| g0+       | 0     | BUFGCE/O        | None       |           0 |               0 |  0 |           0 |    0 |    0 |   0 |  0 |    0 |   0 |       0 | ooc_ap_clk_global |
+-----------+-------+-----------------+------------+-------------+-----------------+----+-------------+------+------+-----+----+------+-----+---------+-------------------+
* Clock Loads column represents cell count of net connects that connect to a clock pin. Internal cell leaf pins are not considered
** Non-Clock Loads column represents cell count of non-clock pin loads
*** Columns FF, LUTRAM, RAMB through 'Hard IP' represents load cell counts
**** In Global Id column, sympbol '+' indicates that global clock was used only to route through the clock region.


22. Clock Region Cell Placement per Global Clock: Region X3Y2
-------------------------------------------------------------

+-----------+-------+-----------------+------------+-------------+-----------------+----+-------------+------+------+-----+----+------+-----+---------+-------------------+
| Global Id | Track | Driver Type/Pin | Constraint | Clock Loads | Non-Clock Loads | FF | Memory LUTs | RAMB | URAM | DSP | GT | MMCM | PLL | Hard IP | Net               |
+-----------+-------+-----------------+------------+-------------+-----------------+----+-------------+------+------+-----+----+------+-----+---------+-------------------+
| g0        | 0     | BUFGCE/O        | None       |          24 |               0 |  8 |          16 |    0 |   16 |   0 |  0 |    0 |   0 |       0 | ooc_ap_clk_global |
+-----------+-------+-----------------+------------+-------------+-----------------+----+-------------+------+------+-----+----+------+-----+---------+-------------------+
* Clock Loads column represents cell count of net connects that connect to a clock pin. Internal cell leaf pins are not considered
** Non-Clock Loads column represents cell count of non-clock pin loads
*** Columns FF, LUTRAM, RAMB through 'Hard IP' represents load cell counts


23. Clock Region Cell Placement per Global Clock: Region X4Y2
-------------------------------------------------------------

+-----------+-------+-----------------+------------+-------------+-----------------+----+-------------+------+------+-----+----+------+-----+---------+-------------------+
| Global Id | Track | Driver Type/Pin | Constraint | Clock Loads | Non-Clock Loads | FF | Memory LUTs | RAMB | URAM | DSP | GT | MMCM | PLL | Hard IP | Net               |
+-----------+-------+-----------------+------------+-------------+-----------------+----+-------------+------+------+-----+----+------+-----+---------+-------------------+
| g0        | 0     | BUFGCE/O        | None       |          76 |               0 | 60 |          16 |    0 |   16 |   0 |  0 |    0 |   0 |       0 | ooc_ap_clk_global |
+-----------+-------+-----------------+------------+-------------+-----------------+----+-------------+------+------+-----+----+------+-----+---------+-------------------+
* Clock Loads column represents cell count of net connects that connect to a clock pin. Internal cell leaf pins are not considered
** Non-Clock Loads column represents cell count of non-clock pin loads
*** Columns FF, LUTRAM, RAMB through 'Hard IP' represents load cell counts


24. Clock Region Cell Placement per Global Clock: Region X5Y2
-------------------------------------------------------------

+-----------+-------+-----------------+------------+-------------+-----------------+----+-------------+------+------+-----+----+------+-----+---------+-------------------+
| Global Id | Track | Driver Type/Pin | Constraint | Clock Loads | Non-Clock Loads | FF | Memory LUTs | RAMB | URAM | DSP | GT | MMCM | PLL | Hard IP | Net               |
+-----------+-------+-----------------+------------+-------------+-----------------+----+-------------+------+------+-----+----+------+-----+---------+-------------------+
| g0        | 0     | BUFGCE/O        | None       |          16 |               0 |  0 |          16 |    0 |   16 |   0 |  0 |    0 |   0 |       0 | ooc_ap_clk_global |
+-----------+-------+-----------------+------------+-------------+-----------------+----+-------------+------+------+-----+----+------+-----+---------+-------------------+
* Clock Loads column represents cell count of net connects that connect to a clock pin. Internal cell leaf pins are not considered
** Non-Clock Loads column represents cell count of non-clock pin loads
*** Columns FF, LUTRAM, RAMB through 'Hard IP' represents load cell counts


25. Clock Region Cell Placement per Global Clock: Region X6Y2
-------------------------------------------------------------

+-----------+-------+-----------------+------------+-------------+-----------------+----+-------------+------+------+-----+----+------+-----+---------+-------------------+
| Global Id | Track | Driver Type/Pin | Constraint | Clock Loads | Non-Clock Loads | FF | Memory LUTs | RAMB | URAM | DSP | GT | MMCM | PLL | Hard IP | Net               |
+-----------+-------+-----------------+------------+-------------+-----------------+----+-------------+------+------+-----+----+------+-----+---------+-------------------+
| g0        | 0     | BUFGCE/O        | None       |          16 |               0 |  0 |          16 |    0 |   16 |   0 |  0 |    0 |   0 |       0 | ooc_ap_clk_global |
+-----------+-------+-----------------+------------+-------------+-----------------+----+-------------+------+------+-----+----+------+-----+---------+-------------------+
* Clock Loads column represents cell count of net connects that connect to a clock pin. Internal cell leaf pins are not considered
** Non-Clock Loads column represents cell count of non-clock pin loads
*** Columns FF, LUTRAM, RAMB through 'Hard IP' represents load cell counts


26. Clock Region Cell Placement per Global Clock: Region X1Y3
-------------------------------------------------------------

+-----------+-------+-----------------+------------+-------------+-----------------+----+-------------+------+------+-----+----+------+-----+---------+-------------------+
| Global Id | Track | Driver Type/Pin | Constraint | Clock Loads | Non-Clock Loads | FF | Memory LUTs | RAMB | URAM | DSP | GT | MMCM | PLL | Hard IP | Net               |
+-----------+-------+-----------------+------------+-------------+-----------------+----+-------------+------+------+-----+----+------+-----+---------+-------------------+
| g0        | 0     | BUFGCE/O        | None       |          16 |               0 |  0 |          16 |    0 |   16 |   0 |  0 |    0 |   0 |       0 | ooc_ap_clk_global |
+-----------+-------+-----------------+------------+-------------+-----------------+----+-------------+------+------+-----+----+------+-----+---------+-------------------+
* Clock Loads column represents cell count of net connects that connect to a clock pin. Internal cell leaf pins are not considered
** Non-Clock Loads column represents cell count of non-clock pin loads
*** Columns FF, LUTRAM, RAMB through 'Hard IP' represents load cell counts


27. Clock Region Cell Placement per Global Clock: Region X2Y3
-------------------------------------------------------------

+-----------+-------+-----------------+------------+-------------+-----------------+----+-------------+------+------+-----+----+------+-----+---------+-------------------+
| Global Id | Track | Driver Type/Pin | Constraint | Clock Loads | Non-Clock Loads | FF | Memory LUTs | RAMB | URAM | DSP | GT | MMCM | PLL | Hard IP | Net               |
+-----------+-------+-----------------+------------+-------------+-----------------+----+-------------+------+------+-----+----+------+-----+---------+-------------------+
| g0+       | 0     | BUFGCE/O        | None       |           0 |               0 |  0 |           0 |    0 |    0 |   0 |  0 |    0 |   0 |       0 | ooc_ap_clk_global |
+-----------+-------+-----------------+------------+-------------+-----------------+----+-------------+------+------+-----+----+------+-----+---------+-------------------+
* Clock Loads column represents cell count of net connects that connect to a clock pin. Internal cell leaf pins are not considered
** Non-Clock Loads column represents cell count of non-clock pin loads
*** Columns FF, LUTRAM, RAMB through 'Hard IP' represents load cell counts
**** In Global Id column, sympbol '+' indicates that global clock was used only to route through the clock region.


28. Clock Region Cell Placement per Global Clock: Region X3Y3
-------------------------------------------------------------

+-----------+-------+-----------------+------------+-------------+-----------------+----+-------------+------+------+-----+----+------+-----+---------+-------------------+
| Global Id | Track | Driver Type/Pin | Constraint | Clock Loads | Non-Clock Loads | FF | Memory LUTs | RAMB | URAM | DSP | GT | MMCM | PLL | Hard IP | Net               |
+-----------+-------+-----------------+------------+-------------+-----------------+----+-------------+------+------+-----+----+------+-----+---------+-------------------+
| g0        | 0     | BUFGCE/O        | None       |          19 |               0 |  3 |          16 |    0 |   16 |   0 |  0 |    0 |   0 |       0 | ooc_ap_clk_global |
+-----------+-------+-----------------+------------+-------------+-----------------+----+-------------+------+------+-----+----+------+-----+---------+-------------------+
* Clock Loads column represents cell count of net connects that connect to a clock pin. Internal cell leaf pins are not considered
** Non-Clock Loads column represents cell count of non-clock pin loads
*** Columns FF, LUTRAM, RAMB through 'Hard IP' represents load cell counts


29. Clock Region Cell Placement per Global Clock: Region X4Y3
-------------------------------------------------------------

+-----------+-------+-----------------+------------+-------------+-----------------+-----+-------------+------+------+-----+----+------+-----+---------+-------------------+
| Global Id | Track | Driver Type/Pin | Constraint | Clock Loads | Non-Clock Loads | FF  | Memory LUTs | RAMB | URAM | DSP | GT | MMCM | PLL | Hard IP | Net               |
+-----------+-------+-----------------+------------+-------------+-----------------+-----+-------------+------+------+-----+----+------+-----+---------+-------------------+
| g0        | 0     | BUFGCE/O        | None       |         312 |               0 | 291 |          21 |    0 |   16 |   0 |  0 |    0 |   0 |       0 | ooc_ap_clk_global |
+-----------+-------+-----------------+------------+-------------+-----------------+-----+-------------+------+------+-----+----+------+-----+---------+-------------------+
* Clock Loads column represents cell count of net connects that connect to a clock pin. Internal cell leaf pins are not considered
** Non-Clock Loads column represents cell count of non-clock pin loads
*** Columns FF, LUTRAM, RAMB through 'Hard IP' represents load cell counts


30. Clock Region Cell Placement per Global Clock: Region X5Y3
-------------------------------------------------------------

+-----------+-------+-----------------+------------+-------------+-----------------+----+-------------+------+------+-----+----+------+-----+---------+-------------------+
| Global Id | Track | Driver Type/Pin | Constraint | Clock Loads | Non-Clock Loads | FF | Memory LUTs | RAMB | URAM | DSP | GT | MMCM | PLL | Hard IP | Net               |
+-----------+-------+-----------------+------------+-------------+-----------------+----+-------------+------+------+-----+----+------+-----+---------+-------------------+
| g0        | 0     | BUFGCE/O        | None       |          17 |               0 |  1 |          16 |    0 |   16 |   0 |  0 |    0 |   0 |       0 | ooc_ap_clk_global |
+-----------+-------+-----------------+------------+-------------+-----------------+----+-------------+------+------+-----+----+------+-----+---------+-------------------+
* Clock Loads column represents cell count of net connects that connect to a clock pin. Internal cell leaf pins are not considered
** Non-Clock Loads column represents cell count of non-clock pin loads
*** Columns FF, LUTRAM, RAMB through 'Hard IP' represents load cell counts


31. Clock Region Cell Placement per Global Clock: Region X6Y3
-------------------------------------------------------------

+-----------+-------+-----------------+------------+-------------+-----------------+----+-------------+------+------+-----+----+------+-----+---------+-------------------+
| Global Id | Track | Driver Type/Pin | Constraint | Clock Loads | Non-Clock Loads | FF | Memory LUTs | RAMB | URAM | DSP | GT | MMCM | PLL | Hard IP | Net               |
+-----------+-------+-----------------+------------+-------------+-----------------+----+-------------+------+------+-----+----+------+-----+---------+-------------------+
| g0        | 0     | BUFGCE/O        | None       |          16 |               0 |  0 |          16 |    0 |   16 |   0 |  0 |    0 |   0 |       0 | ooc_ap_clk_global |
+-----------+-------+-----------------+------------+-------------+-----------------+----+-------------+------+------+-----+----+------+-----+---------+-------------------+
* Clock Loads column represents cell count of net connects that connect to a clock pin. Internal cell leaf pins are not considered
** Non-Clock Loads column represents cell count of non-clock pin loads
*** Columns FF, LUTRAM, RAMB through 'Hard IP' represents load cell counts


32. Clock Region Cell Placement per Global Clock: Region X1Y4
-------------------------------------------------------------

+-----------+-------+-----------------+------------+-------------+-----------------+----+-------------+------+------+-----+----+------+-----+---------+-------------------+
| Global Id | Track | Driver Type/Pin | Constraint | Clock Loads | Non-Clock Loads | FF | Memory LUTs | RAMB | URAM | DSP | GT | MMCM | PLL | Hard IP | Net               |
+-----------+-------+-----------------+------------+-------------+-----------------+----+-------------+------+------+-----+----+------+-----+---------+-------------------+
| g0        | 0     | BUFGCE/O        | None       |          11 |               0 |  2 |           9 |    0 |    9 |   0 |  0 |    0 |   0 |       0 | ooc_ap_clk_global |
+-----------+-------+-----------------+------------+-------------+-----------------+----+-------------+------+------+-----+----+------+-----+---------+-------------------+
* Clock Loads column represents cell count of net connects that connect to a clock pin. Internal cell leaf pins are not considered
** Non-Clock Loads column represents cell count of non-clock pin loads
*** Columns FF, LUTRAM, RAMB through 'Hard IP' represents load cell counts


33. Clock Region Cell Placement per Global Clock: Region X2Y4
-------------------------------------------------------------

+-----------+-------+-----------------+------------+-------------+-----------------+----+-------------+------+------+-----+----+------+-----+---------+-------------------+
| Global Id | Track | Driver Type/Pin | Constraint | Clock Loads | Non-Clock Loads | FF | Memory LUTs | RAMB | URAM | DSP | GT | MMCM | PLL | Hard IP | Net               |
+-----------+-------+-----------------+------------+-------------+-----------------+----+-------------+------+------+-----+----+------+-----+---------+-------------------+
| g0        | 0     | BUFGCE/O        | None       |          17 |               0 | 17 |           0 |    0 |    0 |   0 |  0 |    0 |   0 |       0 | ooc_ap_clk_global |
+-----------+-------+-----------------+------------+-------------+-----------------+----+-------------+------+------+-----+----+------+-----+---------+-------------------+
* Clock Loads column represents cell count of net connects that connect to a clock pin. Internal cell leaf pins are not considered
** Non-Clock Loads column represents cell count of non-clock pin loads
*** Columns FF, LUTRAM, RAMB through 'Hard IP' represents load cell counts


34. Clock Region Cell Placement per Global Clock: Region X3Y4
-------------------------------------------------------------

+-----------+-------+-----------------+------------+-------------+-----------------+----+-------------+------+------+-----+----+------+-----+---------+-------------------+
| Global Id | Track | Driver Type/Pin | Constraint | Clock Loads | Non-Clock Loads | FF | Memory LUTs | RAMB | URAM | DSP | GT | MMCM | PLL | Hard IP | Net               |
+-----------+-------+-----------------+------------+-------------+-----------------+----+-------------+------+------+-----+----+------+-----+---------+-------------------+
| g0        | 0     | BUFGCE/O        | None       |          25 |               0 |  9 |          16 |    0 |   16 |   0 |  0 |    0 |   0 |       0 | ooc_ap_clk_global |
+-----------+-------+-----------------+------------+-------------+-----------------+----+-------------+------+------+-----+----+------+-----+---------+-------------------+
* Clock Loads column represents cell count of net connects that connect to a clock pin. Internal cell leaf pins are not considered
** Non-Clock Loads column represents cell count of non-clock pin loads
*** Columns FF, LUTRAM, RAMB through 'Hard IP' represents load cell counts


35. Clock Region Cell Placement per Global Clock: Region X4Y4
-------------------------------------------------------------

+-----------+-------+-----------------+------------+-------------+-----------------+----+-------------+------+------+-----+----+------+-----+---------+-------------------+
| Global Id | Track | Driver Type/Pin | Constraint | Clock Loads | Non-Clock Loads | FF | Memory LUTs | RAMB | URAM | DSP | GT | MMCM | PLL | Hard IP | Net               |
+-----------+-------+-----------------+------------+-------------+-----------------+----+-------------+------+------+-----+----+------+-----+---------+-------------------+
| g0        | 0     | BUFGCE/O        | None       |          73 |               0 | 57 |          16 |    0 |   16 |   0 |  0 |    0 |   0 |       0 | ooc_ap_clk_global |
+-----------+-------+-----------------+------------+-------------+-----------------+----+-------------+------+------+-----+----+------+-----+---------+-------------------+
* Clock Loads column represents cell count of net connects that connect to a clock pin. Internal cell leaf pins are not considered
** Non-Clock Loads column represents cell count of non-clock pin loads
*** Columns FF, LUTRAM, RAMB through 'Hard IP' represents load cell counts


36. Clock Region Cell Placement per Global Clock: Region X5Y4
-------------------------------------------------------------

+-----------+-------+-----------------+------------+-------------+-----------------+----+-------------+------+------+-----+----+------+-----+---------+-------------------+
| Global Id | Track | Driver Type/Pin | Constraint | Clock Loads | Non-Clock Loads | FF | Memory LUTs | RAMB | URAM | DSP | GT | MMCM | PLL | Hard IP | Net               |
+-----------+-------+-----------------+------------+-------------+-----------------+----+-------------+------+------+-----+----+------+-----+---------+-------------------+
| g0        | 0     | BUFGCE/O        | None       |          40 |               0 | 24 |          16 |    0 |   16 |   0 |  0 |    0 |   0 |       0 | ooc_ap_clk_global |
+-----------+-------+-----------------+------------+-------------+-----------------+----+-------------+------+------+-----+----+------+-----+---------+-------------------+
* Clock Loads column represents cell count of net connects that connect to a clock pin. Internal cell leaf pins are not considered
** Non-Clock Loads column represents cell count of non-clock pin loads
*** Columns FF, LUTRAM, RAMB through 'Hard IP' represents load cell counts


37. Clock Region Cell Placement per Global Clock: Region X6Y4
-------------------------------------------------------------

+-----------+-------+-----------------+------------+-------------+-----------------+----+-------------+------+------+-----+----+------+-----+---------+-------------------+
| Global Id | Track | Driver Type/Pin | Constraint | Clock Loads | Non-Clock Loads | FF | Memory LUTs | RAMB | URAM | DSP | GT | MMCM | PLL | Hard IP | Net               |
+-----------+-------+-----------------+------------+-------------+-----------------+----+-------------+------+------+-----+----+------+-----+---------+-------------------+
| g0        | 0     | BUFGCE/O        | None       |          10 |               0 |  2 |           8 |    0 |    8 |   0 |  0 |    0 |   0 |       0 | ooc_ap_clk_global |
+-----------+-------+-----------------+------------+-------------+-----------------+----+-------------+------+------+-----+----+------+-----+---------+-------------------+
* Clock Loads column represents cell count of net connects that connect to a clock pin. Internal cell leaf pins are not considered
** Non-Clock Loads column represents cell count of non-clock pin loads
*** Columns FF, LUTRAM, RAMB through 'Hard IP' represents load cell counts


38. Clock Region Cell Placement per Global Clock: Region X1Y5
-------------------------------------------------------------

+-----------+-------+-----------------+------------+-------------+-----------------+----+-------------+------+------+-----+----+------+-----+---------+-------------------+
| Global Id | Track | Driver Type/Pin | Constraint | Clock Loads | Non-Clock Loads | FF | Memory LUTs | RAMB | URAM | DSP | GT | MMCM | PLL | Hard IP | Net               |
+-----------+-------+-----------------+------------+-------------+-----------------+----+-------------+------+------+-----+----+------+-----+---------+-------------------+
| g0        | 0     | BUFGCE/O        | None       |          16 |               0 |  0 |          16 |    0 |   16 |   0 |  0 |    0 |   0 |       0 | ooc_ap_clk_global |
+-----------+-------+-----------------+------------+-------------+-----------------+----+-------------+------+------+-----+----+------+-----+---------+-------------------+
* Clock Loads column represents cell count of net connects that connect to a clock pin. Internal cell leaf pins are not considered
** Non-Clock Loads column represents cell count of non-clock pin loads
*** Columns FF, LUTRAM, RAMB through 'Hard IP' represents load cell counts


39. Clock Region Cell Placement per Global Clock: Region X2Y5
-------------------------------------------------------------

+-----------+-------+-----------------+------------+-------------+-----------------+----+-------------+------+------+-----+----+------+-----+---------+-------------------+
| Global Id | Track | Driver Type/Pin | Constraint | Clock Loads | Non-Clock Loads | FF | Memory LUTs | RAMB | URAM | DSP | GT | MMCM | PLL | Hard IP | Net               |
+-----------+-------+-----------------+------------+-------------+-----------------+----+-------------+------+------+-----+----+------+-----+---------+-------------------+
| g0        | 0     | BUFGCE/O        | None       |           7 |               0 |  7 |           0 |    0 |    0 |   0 |  0 |    0 |   0 |       0 | ooc_ap_clk_global |
+-----------+-------+-----------------+------------+-------------+-----------------+----+-------------+------+------+-----+----+------+-----+---------+-------------------+
* Clock Loads column represents cell count of net connects that connect to a clock pin. Internal cell leaf pins are not considered
** Non-Clock Loads column represents cell count of non-clock pin loads
*** Columns FF, LUTRAM, RAMB through 'Hard IP' represents load cell counts


40. Clock Region Cell Placement per Global Clock: Region X3Y5
-------------------------------------------------------------

+-----------+-------+-----------------+------------+-------------+-----------------+-----+-------------+------+------+-----+----+------+-----+---------+-------------------+
| Global Id | Track | Driver Type/Pin | Constraint | Clock Loads | Non-Clock Loads | FF  | Memory LUTs | RAMB | URAM | DSP | GT | MMCM | PLL | Hard IP | Net               |
+-----------+-------+-----------------+------------+-------------+-----------------+-----+-------------+------+------+-----+----+------+-----+---------+-------------------+
| g0        | 0     | BUFGCE/O        | None       |         283 |               0 | 267 |          16 |    0 |   16 |   0 |  0 |    0 |   0 |       0 | ooc_ap_clk_global |
+-----------+-------+-----------------+------------+-------------+-----------------+-----+-------------+------+------+-----+----+------+-----+---------+-------------------+
* Clock Loads column represents cell count of net connects that connect to a clock pin. Internal cell leaf pins are not considered
** Non-Clock Loads column represents cell count of non-clock pin loads
*** Columns FF, LUTRAM, RAMB through 'Hard IP' represents load cell counts


41. Clock Region Cell Placement per Global Clock: Region X4Y5
-------------------------------------------------------------

+-----------+-------+-----------------+------------+-------------+-----------------+-----+-------------+------+------+-----+----+------+-----+---------+-------------------+
| Global Id | Track | Driver Type/Pin | Constraint | Clock Loads | Non-Clock Loads | FF  | Memory LUTs | RAMB | URAM | DSP | GT | MMCM | PLL | Hard IP | Net               |
+-----------+-------+-----------------+------------+-------------+-----------------+-----+-------------+------+------+-----+----+------+-----+---------+-------------------+
| g0        | 0     | BUFGCE/O        | None       |         145 |               0 | 129 |          16 |    0 |   16 |   0 |  0 |    0 |   0 |       0 | ooc_ap_clk_global |
+-----------+-------+-----------------+------------+-------------+-----------------+-----+-------------+------+------+-----+----+------+-----+---------+-------------------+
* Clock Loads column represents cell count of net connects that connect to a clock pin. Internal cell leaf pins are not considered
** Non-Clock Loads column represents cell count of non-clock pin loads
*** Columns FF, LUTRAM, RAMB through 'Hard IP' represents load cell counts


42. Clock Region Cell Placement per Global Clock: Region X5Y5
-------------------------------------------------------------

+-----------+-------+-----------------+------------+-------------+-----------------+----+-------------+------+------+-----+----+------+-----+---------+-------------------+
| Global Id | Track | Driver Type/Pin | Constraint | Clock Loads | Non-Clock Loads | FF | Memory LUTs | RAMB | URAM | DSP | GT | MMCM | PLL | Hard IP | Net               |
+-----------+-------+-----------------+------------+-------------+-----------------+----+-------------+------+------+-----+----+------+-----+---------+-------------------+
| g0        | 0     | BUFGCE/O        | None       |          29 |               0 | 13 |          16 |    0 |   16 |   0 |  0 |    0 |   0 |       0 | ooc_ap_clk_global |
+-----------+-------+-----------------+------------+-------------+-----------------+----+-------------+------+------+-----+----+------+-----+---------+-------------------+
* Clock Loads column represents cell count of net connects that connect to a clock pin. Internal cell leaf pins are not considered
** Non-Clock Loads column represents cell count of non-clock pin loads
*** Columns FF, LUTRAM, RAMB through 'Hard IP' represents load cell counts


43. Clock Region Cell Placement per Global Clock: Region X6Y5
-------------------------------------------------------------

+-----------+-------+-----------------+------------+-------------+-----------------+----+-------------+------+------+-----+----+------+-----+---------+-------------------+
| Global Id | Track | Driver Type/Pin | Constraint | Clock Loads | Non-Clock Loads | FF | Memory LUTs | RAMB | URAM | DSP | GT | MMCM | PLL | Hard IP | Net               |
+-----------+-------+-----------------+------------+-------------+-----------------+----+-------------+------+------+-----+----+------+-----+---------+-------------------+
| g0        | 0     | BUFGCE/O        | None       |          20 |               0 |  4 |          16 |    0 |   16 |   0 |  0 |    0 |   0 |       0 | ooc_ap_clk_global |
+-----------+-------+-----------------+------------+-------------+-----------------+----+-------------+------+------+-----+----+------+-----+---------+-------------------+
* Clock Loads column represents cell count of net connects that connect to a clock pin. Internal cell leaf pins are not considered
** Non-Clock Loads column represents cell count of non-clock pin loads
*** Columns FF, LUTRAM, RAMB through 'Hard IP' represents load cell counts


44. Clock Region Cell Placement per Global Clock: Region X1Y6
-------------------------------------------------------------

+-----------+-------+-----------------+------------+-------------+-----------------+----+-------------+------+------+-----+----+------+-----+---------+-------------------+
| Global Id | Track | Driver Type/Pin | Constraint | Clock Loads | Non-Clock Loads | FF | Memory LUTs | RAMB | URAM | DSP | GT | MMCM | PLL | Hard IP | Net               |
+-----------+-------+-----------------+------------+-------------+-----------------+----+-------------+------+------+-----+----+------+-----+---------+-------------------+
| g0        | 0     | BUFGCE/O        | None       |          16 |               0 |  0 |          16 |    0 |   16 |   0 |  0 |    0 |   0 |       0 | ooc_ap_clk_global |
+-----------+-------+-----------------+------------+-------------+-----------------+----+-------------+------+------+-----+----+------+-----+---------+-------------------+
* Clock Loads column represents cell count of net connects that connect to a clock pin. Internal cell leaf pins are not considered
** Non-Clock Loads column represents cell count of non-clock pin loads
*** Columns FF, LUTRAM, RAMB through 'Hard IP' represents load cell counts


45. Clock Region Cell Placement per Global Clock: Region X2Y6
-------------------------------------------------------------

+-----------+-------+-----------------+------------+-------------+-----------------+----+-------------+------+------+-----+----+------+-----+---------+-------------------+
| Global Id | Track | Driver Type/Pin | Constraint | Clock Loads | Non-Clock Loads | FF | Memory LUTs | RAMB | URAM | DSP | GT | MMCM | PLL | Hard IP | Net               |
+-----------+-------+-----------------+------------+-------------+-----------------+----+-------------+------+------+-----+----+------+-----+---------+-------------------+
| g0+       | 0     | BUFGCE/O        | None       |           0 |               0 |  0 |           0 |    0 |    0 |   0 |  0 |    0 |   0 |       0 | ooc_ap_clk_global |
+-----------+-------+-----------------+------------+-------------+-----------------+----+-------------+------+------+-----+----+------+-----+---------+-------------------+
* Clock Loads column represents cell count of net connects that connect to a clock pin. Internal cell leaf pins are not considered
** Non-Clock Loads column represents cell count of non-clock pin loads
*** Columns FF, LUTRAM, RAMB through 'Hard IP' represents load cell counts
**** In Global Id column, sympbol '+' indicates that global clock was used only to route through the clock region.


46. Clock Region Cell Placement per Global Clock: Region X3Y6
-------------------------------------------------------------

+-----------+-------+-----------------+------------+-------------+-----------------+-----+-------------+------+------+-----+----+------+-----+---------+-------------------+
| Global Id | Track | Driver Type/Pin | Constraint | Clock Loads | Non-Clock Loads | FF  | Memory LUTs | RAMB | URAM | DSP | GT | MMCM | PLL | Hard IP | Net               |
+-----------+-------+-----------------+------------+-------------+-----------------+-----+-------------+------+------+-----+----+------+-----+---------+-------------------+
| g0        | 0     | BUFGCE/O        | None       |         185 |               0 | 169 |          16 |    0 |   16 |   0 |  0 |    0 |   0 |       0 | ooc_ap_clk_global |
+-----------+-------+-----------------+------------+-------------+-----------------+-----+-------------+------+------+-----+----+------+-----+---------+-------------------+
* Clock Loads column represents cell count of net connects that connect to a clock pin. Internal cell leaf pins are not considered
** Non-Clock Loads column represents cell count of non-clock pin loads
*** Columns FF, LUTRAM, RAMB through 'Hard IP' represents load cell counts


47. Clock Region Cell Placement per Global Clock: Region X4Y6
-------------------------------------------------------------

+-----------+-------+-----------------+------------+-------------+-----------------+-----+-------------+------+------+-----+----+------+-----+---------+-------------------+
| Global Id | Track | Driver Type/Pin | Constraint | Clock Loads | Non-Clock Loads | FF  | Memory LUTs | RAMB | URAM | DSP | GT | MMCM | PLL | Hard IP | Net               |
+-----------+-------+-----------------+------------+-------------+-----------------+-----+-------------+------+------+-----+----+------+-----+---------+-------------------+
| g0        | 0     | BUFGCE/O        | None       |         662 |               0 | 633 |          29 |    0 |   16 |   0 |  0 |    0 |   0 |       0 | ooc_ap_clk_global |
+-----------+-------+-----------------+------------+-------------+-----------------+-----+-------------+------+------+-----+----+------+-----+---------+-------------------+
* Clock Loads column represents cell count of net connects that connect to a clock pin. Internal cell leaf pins are not considered
** Non-Clock Loads column represents cell count of non-clock pin loads
*** Columns FF, LUTRAM, RAMB through 'Hard IP' represents load cell counts


48. Clock Region Cell Placement per Global Clock: Region X5Y6
-------------------------------------------------------------

+-----------+-------+-----------------+------------+-------------+-----------------+----+-------------+------+------+-----+----+------+-----+---------+-------------------+
| Global Id | Track | Driver Type/Pin | Constraint | Clock Loads | Non-Clock Loads | FF | Memory LUTs | RAMB | URAM | DSP | GT | MMCM | PLL | Hard IP | Net               |
+-----------+-------+-----------------+------------+-------------+-----------------+----+-------------+------+------+-----+----+------+-----+---------+-------------------+
| g0        | 0     | BUFGCE/O        | None       |          24 |               0 |  8 |          16 |    0 |   16 |   0 |  0 |    0 |   0 |       0 | ooc_ap_clk_global |
+-----------+-------+-----------------+------------+-------------+-----------------+----+-------------+------+------+-----+----+------+-----+---------+-------------------+
* Clock Loads column represents cell count of net connects that connect to a clock pin. Internal cell leaf pins are not considered
** Non-Clock Loads column represents cell count of non-clock pin loads
*** Columns FF, LUTRAM, RAMB through 'Hard IP' represents load cell counts


49. Clock Region Cell Placement per Global Clock: Region X6Y6
-------------------------------------------------------------

+-----------+-------+-----------------+------------+-------------+-----------------+----+-------------+------+------+-----+----+------+-----+---------+-------------------+
| Global Id | Track | Driver Type/Pin | Constraint | Clock Loads | Non-Clock Loads | FF | Memory LUTs | RAMB | URAM | DSP | GT | MMCM | PLL | Hard IP | Net               |
+-----------+-------+-----------------+------------+-------------+-----------------+----+-------------+------+------+-----+----+------+-----+---------+-------------------+
| g0        | 0     | BUFGCE/O        | None       |          16 |               0 |  0 |          16 |    0 |   16 |   0 |  0 |    0 |   0 |       0 | ooc_ap_clk_global |
+-----------+-------+-----------------+------------+-------------+-----------------+----+-------------+------+------+-----+----+------+-----+---------+-------------------+
* Clock Loads column represents cell count of net connects that connect to a clock pin. Internal cell leaf pins are not considered
** Non-Clock Loads column represents cell count of non-clock pin loads
*** Columns FF, LUTRAM, RAMB through 'Hard IP' represents load cell counts


50. Clock Region Cell Placement per Global Clock: Region X1Y7
-------------------------------------------------------------

+-----------+-------+-----------------+------------+-------------+-----------------+----+-------------+------+------+-----+----+------+-----+---------+-------------------+
| Global Id | Track | Driver Type/Pin | Constraint | Clock Loads | Non-Clock Loads | FF | Memory LUTs | RAMB | URAM | DSP | GT | MMCM | PLL | Hard IP | Net               |
+-----------+-------+-----------------+------------+-------------+-----------------+----+-------------+------+------+-----+----+------+-----+---------+-------------------+
| g0        | 0     | BUFGCE/O        | None       |           7 |               0 |  0 |           7 |    0 |    7 |   0 |  0 |    0 |   0 |       0 | ooc_ap_clk_global |
+-----------+-------+-----------------+------------+-------------+-----------------+----+-------------+------+------+-----+----+------+-----+---------+-------------------+
* Clock Loads column represents cell count of net connects that connect to a clock pin. Internal cell leaf pins are not considered
** Non-Clock Loads column represents cell count of non-clock pin loads
*** Columns FF, LUTRAM, RAMB through 'Hard IP' represents load cell counts


51. Clock Region Cell Placement per Global Clock: Region X2Y7
-------------------------------------------------------------

+-----------+-------+-----------------+------------+-------------+-----------------+----+-------------+------+------+-----+----+------+-----+---------+-------------------+
| Global Id | Track | Driver Type/Pin | Constraint | Clock Loads | Non-Clock Loads | FF | Memory LUTs | RAMB | URAM | DSP | GT | MMCM | PLL | Hard IP | Net               |
+-----------+-------+-----------------+------------+-------------+-----------------+----+-------------+------+------+-----+----+------+-----+---------+-------------------+
| g0+       | 0     | BUFGCE/O        | None       |           0 |               0 |  0 |           0 |    0 |    0 |   0 |  0 |    0 |   0 |       0 | ooc_ap_clk_global |
+-----------+-------+-----------------+------------+-------------+-----------------+----+-------------+------+------+-----+----+------+-----+---------+-------------------+
* Clock Loads column represents cell count of net connects that connect to a clock pin. Internal cell leaf pins are not considered
** Non-Clock Loads column represents cell count of non-clock pin loads
*** Columns FF, LUTRAM, RAMB through 'Hard IP' represents load cell counts
**** In Global Id column, sympbol '+' indicates that global clock was used only to route through the clock region.


52. Clock Region Cell Placement per Global Clock: Region X3Y7
-------------------------------------------------------------

+-----------+-------+-----------------+------------+-------------+-----------------+----+-------------+------+------+-----+----+------+-----+---------+-------------------+
| Global Id | Track | Driver Type/Pin | Constraint | Clock Loads | Non-Clock Loads | FF | Memory LUTs | RAMB | URAM | DSP | GT | MMCM | PLL | Hard IP | Net               |
+-----------+-------+-----------------+------------+-------------+-----------------+----+-------------+------+------+-----+----+------+-----+---------+-------------------+
| g0        | 0     | BUFGCE/O        | None       |          45 |               0 | 29 |          16 |    0 |   16 |   0 |  0 |    0 |   0 |       0 | ooc_ap_clk_global |
+-----------+-------+-----------------+------------+-------------+-----------------+----+-------------+------+------+-----+----+------+-----+---------+-------------------+
* Clock Loads column represents cell count of net connects that connect to a clock pin. Internal cell leaf pins are not considered
** Non-Clock Loads column represents cell count of non-clock pin loads
*** Columns FF, LUTRAM, RAMB through 'Hard IP' represents load cell counts


53. Clock Region Cell Placement per Global Clock: Region X4Y7
-------------------------------------------------------------

+-----------+-------+-----------------+------------+-------------+-----------------+----+-------------+------+------+-----+----+------+-----+---------+-------------------+
| Global Id | Track | Driver Type/Pin | Constraint | Clock Loads | Non-Clock Loads | FF | Memory LUTs | RAMB | URAM | DSP | GT | MMCM | PLL | Hard IP | Net               |
+-----------+-------+-----------------+------------+-------------+-----------------+----+-------------+------+------+-----+----+------+-----+---------+-------------------+
| g0        | 0     | BUFGCE/O        | None       |          59 |               0 | 43 |          16 |    0 |   16 |   0 |  0 |    0 |   0 |       0 | ooc_ap_clk_global |
+-----------+-------+-----------------+------------+-------------+-----------------+----+-------------+------+------+-----+----+------+-----+---------+-------------------+
* Clock Loads column represents cell count of net connects that connect to a clock pin. Internal cell leaf pins are not considered
** Non-Clock Loads column represents cell count of non-clock pin loads
*** Columns FF, LUTRAM, RAMB through 'Hard IP' represents load cell counts


54. Clock Region Cell Placement per Global Clock: Region X5Y7
-------------------------------------------------------------

+-----------+-------+-----------------+------------+-------------+-----------------+----+-------------+------+------+-----+----+------+-----+---------+-------------------+
| Global Id | Track | Driver Type/Pin | Constraint | Clock Loads | Non-Clock Loads | FF | Memory LUTs | RAMB | URAM | DSP | GT | MMCM | PLL | Hard IP | Net               |
+-----------+-------+-----------------+------------+-------------+-----------------+----+-------------+------+------+-----+----+------+-----+---------+-------------------+
| g0        | 0     | BUFGCE/O        | None       |          21 |               0 |  5 |          16 |    0 |   16 |   0 |  0 |    0 |   0 |       0 | ooc_ap_clk_global |
+-----------+-------+-----------------+------------+-------------+-----------------+----+-------------+------+------+-----+----+------+-----+---------+-------------------+
* Clock Loads column represents cell count of net connects that connect to a clock pin. Internal cell leaf pins are not considered
** Non-Clock Loads column represents cell count of non-clock pin loads
*** Columns FF, LUTRAM, RAMB through 'Hard IP' represents load cell counts


55. Clock Region Cell Placement per Global Clock: Region X6Y7
-------------------------------------------------------------

+-----------+-------+-----------------+------------+-------------+-----------------+----+-------------+------+------+-----+----+------+-----+---------+-------------------+
| Global Id | Track | Driver Type/Pin | Constraint | Clock Loads | Non-Clock Loads | FF | Memory LUTs | RAMB | URAM | DSP | GT | MMCM | PLL | Hard IP | Net               |
+-----------+-------+-----------------+------------+-------------+-----------------+----+-------------+------+------+-----+----+------+-----+---------+-------------------+
| g0        | 0     | BUFGCE/O        | None       |           8 |               0 |  0 |           8 |    0 |    8 |   0 |  0 |    0 |   0 |       0 | ooc_ap_clk_global |
+-----------+-------+-----------------+------------+-------------+-----------------+----+-------------+------+------+-----+----+------+-----+---------+-------------------+
* Clock Loads column represents cell count of net connects that connect to a clock pin. Internal cell leaf pins are not considered
** Non-Clock Loads column represents cell count of non-clock pin loads
*** Columns FF, LUTRAM, RAMB through 'Hard IP' represents load cell counts


56. Clock Region Cell Placement per Global Clock: Region X2Y8
-------------------------------------------------------------

+-----------+-------+-----------------+------------+-------------+-----------------+------+-------------+------+------+-----+----+------+-----+---------+-------------------+
| Global Id | Track | Driver Type/Pin | Constraint | Clock Loads | Non-Clock Loads | FF   | Memory LUTs | RAMB | URAM | DSP | GT | MMCM | PLL | Hard IP | Net               |
+-----------+-------+-----------------+------------+-------------+-----------------+------+-------------+------+------+-----+----+------+-----+---------+-------------------+
| g0        | 0     | BUFGCE/O        | None       |        1898 |               0 | 1465 |         406 |   27 |    0 |   0 |  0 |    0 |   0 |       0 | ooc_ap_clk_global |
+-----------+-------+-----------------+------------+-------------+-----------------+------+-------------+------+------+-----+----+------+-----+---------+-------------------+
* Clock Loads column represents cell count of net connects that connect to a clock pin. Internal cell leaf pins are not considered
** Non-Clock Loads column represents cell count of non-clock pin loads
*** Columns FF, LUTRAM, RAMB through 'Hard IP' represents load cell counts


57. Clock Region Cell Placement per Global Clock: Region X3Y8
-------------------------------------------------------------

+-----------+-------+-----------------+------------+-------------+-----------------+------+-------------+------+------+-----+----+------+-----+---------+-------------------+
| Global Id | Track | Driver Type/Pin | Constraint | Clock Loads | Non-Clock Loads | FF   | Memory LUTs | RAMB | URAM | DSP | GT | MMCM | PLL | Hard IP | Net               |
+-----------+-------+-----------------+------------+-------------+-----------------+------+-------------+------+------+-----+----+------+-----+---------+-------------------+
| g0        | 0     | BUFGCE/O        | None       |        4442 |               0 | 4136 |         294 |   12 |    0 |   0 |  0 |    0 |   0 |       0 | ooc_ap_clk_global |
+-----------+-------+-----------------+------------+-------------+-----------------+------+-------------+------+------+-----+----+------+-----+---------+-------------------+
* Clock Loads column represents cell count of net connects that connect to a clock pin. Internal cell leaf pins are not considered
** Non-Clock Loads column represents cell count of non-clock pin loads
*** Columns FF, LUTRAM, RAMB through 'Hard IP' represents load cell counts


58. Clock Region Cell Placement per Global Clock: Region X4Y8
-------------------------------------------------------------

+-----------+-------+-----------------+------------+-------------+-----------------+------+-------------+------+------+-----+----+------+-----+---------+-------------------+
| Global Id | Track | Driver Type/Pin | Constraint | Clock Loads | Non-Clock Loads | FF   | Memory LUTs | RAMB | URAM | DSP | GT | MMCM | PLL | Hard IP | Net               |
+-----------+-------+-----------------+------------+-------------+-----------------+------+-------------+------+------+-----+----+------+-----+---------+-------------------+
| g0        | 0     | BUFGCE/O        | None       |        5015 |               0 | 4892 |          99 |   24 |    6 |   0 |  0 |    0 |   0 |       0 | ooc_ap_clk_global |
+-----------+-------+-----------------+------------+-------------+-----------------+------+-------------+------+------+-----+----+------+-----+---------+-------------------+
* Clock Loads column represents cell count of net connects that connect to a clock pin. Internal cell leaf pins are not considered
** Non-Clock Loads column represents cell count of non-clock pin loads
*** Columns FF, LUTRAM, RAMB through 'Hard IP' represents load cell counts


59. Clock Region Cell Placement per Global Clock: Region X5Y8
-------------------------------------------------------------

+-----------+-------+-----------------+------------+-------------+-----------------+------+-------------+------+------+-----+----+------+-----+---------+-------------------+
| Global Id | Track | Driver Type/Pin | Constraint | Clock Loads | Non-Clock Loads | FF   | Memory LUTs | RAMB | URAM | DSP | GT | MMCM | PLL | Hard IP | Net               |
+-----------+-------+-----------------+------------+-------------+-----------------+------+-------------+------+------+-----+----+------+-----+---------+-------------------+
| g0        | 0     | BUFGCE/O        | None       |        6908 |               0 | 6807 |          87 |   12 |    0 |   2 |  0 |    0 |   0 |       0 | ooc_ap_clk_global |
+-----------+-------+-----------------+------------+-------------+-----------------+------+-------------+------+------+-----+----+------+-----+---------+-------------------+
* Clock Loads column represents cell count of net connects that connect to a clock pin. Internal cell leaf pins are not considered
** Non-Clock Loads column represents cell count of non-clock pin loads
*** Columns FF, LUTRAM, RAMB through 'Hard IP' represents load cell counts


60. Clock Region Cell Placement per Global Clock: Region X6Y8
-------------------------------------------------------------

+-----------+-------+-----------------+------------+-------------+-----------------+------+-------------+------+------+-----+----+------+-----+---------+-------------------+
| Global Id | Track | Driver Type/Pin | Constraint | Clock Loads | Non-Clock Loads | FF   | Memory LUTs | RAMB | URAM | DSP | GT | MMCM | PLL | Hard IP | Net               |
+-----------+-------+-----------------+------------+-------------+-----------------+------+-------------+------+------+-----+----+------+-----+---------+-------------------+
| g0        | 0     | BUFGCE/O        | None       |        5868 |               0 | 5755 |         105 |    8 |    0 |   0 |  0 |    0 |   0 |       0 | ooc_ap_clk_global |
+-----------+-------+-----------------+------------+-------------+-----------------+------+-------------+------+------+-----+----+------+-----+---------+-------------------+
* Clock Loads column represents cell count of net connects that connect to a clock pin. Internal cell leaf pins are not considered
** Non-Clock Loads column represents cell count of non-clock pin loads
*** Columns FF, LUTRAM, RAMB through 'Hard IP' represents load cell counts


61. Clock Region Cell Placement per Global Clock: Region X7Y8
-------------------------------------------------------------

+-----------+-------+-----------------+------------+-------------+-----------------+------+-------------+------+------+-----+----+------+-----+---------+-------------------+
| Global Id | Track | Driver Type/Pin | Constraint | Clock Loads | Non-Clock Loads | FF   | Memory LUTs | RAMB | URAM | DSP | GT | MMCM | PLL | Hard IP | Net               |
+-----------+-------+-----------------+------------+-------------+-----------------+------+-------------+------+------+-----+----+------+-----+---------+-------------------+
| g0        | 0     | BUFGCE/O        | None       |        1166 |               0 | 1134 |          32 |    0 |    0 |   0 |  0 |    0 |   0 |       0 | ooc_ap_clk_global |
+-----------+-------+-----------------+------------+-------------+-----------------+------+-------------+------+------+-----+----+------+-----+---------+-------------------+
* Clock Loads column represents cell count of net connects that connect to a clock pin. Internal cell leaf pins are not considered
** Non-Clock Loads column represents cell count of non-clock pin loads
*** Columns FF, LUTRAM, RAMB through 'Hard IP' represents load cell counts


62. Clock Region Cell Placement per Global Clock: Region X1Y9
-------------------------------------------------------------

+-----------+-------+-----------------+------------+-------------+-----------------+----+-------------+------+------+-----+----+------+-----+---------+-------------------+
| Global Id | Track | Driver Type/Pin | Constraint | Clock Loads | Non-Clock Loads | FF | Memory LUTs | RAMB | URAM | DSP | GT | MMCM | PLL | Hard IP | Net               |
+-----------+-------+-----------------+------------+-------------+-----------------+----+-------------+------+------+-----+----+------+-----+---------+-------------------+
| g0        | 0     | BUFGCE/O        | None       |           5 |               0 |  0 |           0 |    5 |    0 |   0 |  0 |    0 |   0 |       0 | ooc_ap_clk_global |
+-----------+-------+-----------------+------------+-------------+-----------------+----+-------------+------+------+-----+----+------+-----+---------+-------------------+
* Clock Loads column represents cell count of net connects that connect to a clock pin. Internal cell leaf pins are not considered
** Non-Clock Loads column represents cell count of non-clock pin loads
*** Columns FF, LUTRAM, RAMB through 'Hard IP' represents load cell counts


63. Clock Region Cell Placement per Global Clock: Region X2Y9
-------------------------------------------------------------

+-----------+-------+-----------------+------------+-------------+-----------------+-----+-------------+------+------+-----+----+------+-----+---------+-------------------+
| Global Id | Track | Driver Type/Pin | Constraint | Clock Loads | Non-Clock Loads | FF  | Memory LUTs | RAMB | URAM | DSP | GT | MMCM | PLL | Hard IP | Net               |
+-----------+-------+-----------------+------------+-------------+-----------------+-----+-------------+------+------+-----+----+------+-----+---------+-------------------+
| g0        | 0     | BUFGCE/O        | None       |         178 |               0 | 145 |           0 |   33 |    0 |   0 |  0 |    0 |   0 |       0 | ooc_ap_clk_global |
+-----------+-------+-----------------+------------+-------------+-----------------+-----+-------------+------+------+-----+----+------+-----+---------+-------------------+
* Clock Loads column represents cell count of net connects that connect to a clock pin. Internal cell leaf pins are not considered
** Non-Clock Loads column represents cell count of non-clock pin loads
*** Columns FF, LUTRAM, RAMB through 'Hard IP' represents load cell counts


64. Clock Region Cell Placement per Global Clock: Region X3Y9
-------------------------------------------------------------

+-----------+-------+-----------------+------------+-------------+-----------------+------+-------------+------+------+-----+----+------+-----+---------+-------------------+
| Global Id | Track | Driver Type/Pin | Constraint | Clock Loads | Non-Clock Loads | FF   | Memory LUTs | RAMB | URAM | DSP | GT | MMCM | PLL | Hard IP | Net               |
+-----------+-------+-----------------+------------+-------------+-----------------+------+-------------+------+------+-----+----+------+-----+---------+-------------------+
| g0        | 0     | BUFGCE/O        | None       |        1311 |               0 | 1273 |          26 |   12 |    0 |   0 |  0 |    0 |   0 |       0 | ooc_ap_clk_global |
+-----------+-------+-----------------+------------+-------------+-----------------+------+-------------+------+------+-----+----+------+-----+---------+-------------------+
* Clock Loads column represents cell count of net connects that connect to a clock pin. Internal cell leaf pins are not considered
** Non-Clock Loads column represents cell count of non-clock pin loads
*** Columns FF, LUTRAM, RAMB through 'Hard IP' represents load cell counts


65. Clock Region Cell Placement per Global Clock: Region X4Y9
-------------------------------------------------------------

+-----------+-------+-----------------+------------+-------------+-----------------+------+-------------+------+------+-----+----+------+-----+---------+-------------------+
| Global Id | Track | Driver Type/Pin | Constraint | Clock Loads | Non-Clock Loads | FF   | Memory LUTs | RAMB | URAM | DSP | GT | MMCM | PLL | Hard IP | Net               |
+-----------+-------+-----------------+------------+-------------+-----------------+------+-------------+------+------+-----+----+------+-----+---------+-------------------+
| g0        | 0     | BUFGCE/O        | None       |        6797 |               0 | 6356 |         414 |   25 |   16 |   2 |  0 |    0 |   0 |       0 | ooc_ap_clk_global |
+-----------+-------+-----------------+------------+-------------+-----------------+------+-------------+------+------+-----+----+------+-----+---------+-------------------+
* Clock Loads column represents cell count of net connects that connect to a clock pin. Internal cell leaf pins are not considered
** Non-Clock Loads column represents cell count of non-clock pin loads
*** Columns FF, LUTRAM, RAMB through 'Hard IP' represents load cell counts


66. Clock Region Cell Placement per Global Clock: Region X5Y9
-------------------------------------------------------------

+-----------+-------+-----------------+------------+-------------+-----------------+------+-------------+------+------+-----+----+------+-----+---------+-------------------+
| Global Id | Track | Driver Type/Pin | Constraint | Clock Loads | Non-Clock Loads | FF   | Memory LUTs | RAMB | URAM | DSP | GT | MMCM | PLL | Hard IP | Net               |
+-----------+-------+-----------------+------------+-------------+-----------------+------+-------------+------+------+-----+----+------+-----+---------+-------------------+
| g0        | 0     | BUFGCE/O        | None       |        8581 |               0 | 7454 |        1107 |   12 |    0 |   8 |  0 |    0 |   0 |       0 | ooc_ap_clk_global |
+-----------+-------+-----------------+------------+-------------+-----------------+------+-------------+------+------+-----+----+------+-----+---------+-------------------+
* Clock Loads column represents cell count of net connects that connect to a clock pin. Internal cell leaf pins are not considered
** Non-Clock Loads column represents cell count of non-clock pin loads
*** Columns FF, LUTRAM, RAMB through 'Hard IP' represents load cell counts


67. Clock Region Cell Placement per Global Clock: Region X6Y9
-------------------------------------------------------------

+-----------+-------+-----------------+------------+-------------+-----------------+------+-------------+------+------+-----+----+------+-----+---------+-------------------+
| Global Id | Track | Driver Type/Pin | Constraint | Clock Loads | Non-Clock Loads | FF   | Memory LUTs | RAMB | URAM | DSP | GT | MMCM | PLL | Hard IP | Net               |
+-----------+-------+-----------------+------------+-------------+-----------------+------+-------------+------+------+-----+----+------+-----+---------+-------------------+
| g0        | 0     | BUFGCE/O        | None       |        4844 |               0 | 4712 |         120 |   11 |    0 |   1 |  0 |    0 |   0 |       0 | ooc_ap_clk_global |
+-----------+-------+-----------------+------------+-------------+-----------------+------+-------------+------+------+-----+----+------+-----+---------+-------------------+
* Clock Loads column represents cell count of net connects that connect to a clock pin. Internal cell leaf pins are not considered
** Non-Clock Loads column represents cell count of non-clock pin loads
*** Columns FF, LUTRAM, RAMB through 'Hard IP' represents load cell counts


68. Clock Region Cell Placement per Global Clock: Region X7Y9
-------------------------------------------------------------

+-----------+-------+-----------------+------------+-------------+-----------------+-----+-------------+------+------+-----+----+------+-----+---------+-------------------+
| Global Id | Track | Driver Type/Pin | Constraint | Clock Loads | Non-Clock Loads | FF  | Memory LUTs | RAMB | URAM | DSP | GT | MMCM | PLL | Hard IP | Net               |
+-----------+-------+-----------------+------------+-------------+-----------------+-----+-------------+------+------+-----+----+------+-----+---------+-------------------+
| g0        | 0     | BUFGCE/O        | None       |         957 |               0 | 901 |          52 |    4 |    0 |   0 |  0 |    0 |   0 |       0 | ooc_ap_clk_global |
+-----------+-------+-----------------+------------+-------------+-----------------+-----+-------------+------+------+-----+----+------+-----+---------+-------------------+
* Clock Loads column represents cell count of net connects that connect to a clock pin. Internal cell leaf pins are not considered
** Non-Clock Loads column represents cell count of non-clock pin loads
*** Columns FF, LUTRAM, RAMB through 'Hard IP' represents load cell counts


69. Clock Region Cell Placement per Global Clock: Region X2Y10
--------------------------------------------------------------

+-----------+-------+-----------------+------------+-------------+-----------------+----+-------------+------+------+-----+----+------+-----+---------+-------------------+
| Global Id | Track | Driver Type/Pin | Constraint | Clock Loads | Non-Clock Loads | FF | Memory LUTs | RAMB | URAM | DSP | GT | MMCM | PLL | Hard IP | Net               |
+-----------+-------+-----------------+------------+-------------+-----------------+----+-------------+------+------+-----+----+------+-----+---------+-------------------+
| g0        | 0     | BUFGCE/O        | None       |          25 |               0 |  0 |           0 |   25 |    0 |   0 |  0 |    0 |   0 |       0 | ooc_ap_clk_global |
+-----------+-------+-----------------+------------+-------------+-----------------+----+-------------+------+------+-----+----+------+-----+---------+-------------------+
* Clock Loads column represents cell count of net connects that connect to a clock pin. Internal cell leaf pins are not considered
** Non-Clock Loads column represents cell count of non-clock pin loads
*** Columns FF, LUTRAM, RAMB through 'Hard IP' represents load cell counts


70. Clock Region Cell Placement per Global Clock: Region X3Y10
--------------------------------------------------------------

+-----------+-------+-----------------+------------+-------------+-----------------+------+-------------+------+------+-----+----+------+-----+---------+-------------------+
| Global Id | Track | Driver Type/Pin | Constraint | Clock Loads | Non-Clock Loads | FF   | Memory LUTs | RAMB | URAM | DSP | GT | MMCM | PLL | Hard IP | Net               |
+-----------+-------+-----------------+------------+-------------+-----------------+------+-------------+------+------+-----+----+------+-----+---------+-------------------+
| g0        | 0     | BUFGCE/O        | None       |        4456 |               0 | 4157 |         287 |   12 |    0 |   0 |  0 |    0 |   0 |       0 | ooc_ap_clk_global |
+-----------+-------+-----------------+------------+-------------+-----------------+------+-------------+------+------+-----+----+------+-----+---------+-------------------+
* Clock Loads column represents cell count of net connects that connect to a clock pin. Internal cell leaf pins are not considered
** Non-Clock Loads column represents cell count of non-clock pin loads
*** Columns FF, LUTRAM, RAMB through 'Hard IP' represents load cell counts


71. Clock Region Cell Placement per Global Clock: Region X4Y10
--------------------------------------------------------------

+-----------+-------+-----------------+------------+-------------+-----------------+------+-------------+------+------+-----+----+------+-----+---------+-------------------+
| Global Id | Track | Driver Type/Pin | Constraint | Clock Loads | Non-Clock Loads | FF   | Memory LUTs | RAMB | URAM | DSP | GT | MMCM | PLL | Hard IP | Net               |
+-----------+-------+-----------------+------------+-------------+-----------------+------+-------------+------+------+-----+----+------+-----+---------+-------------------+
| g0        | 0     | BUFGCE/O        | None       |        9254 |               0 | 8465 |         765 |   24 |    0 |   0 |  0 |    0 |   0 |       0 | ooc_ap_clk_global |
+-----------+-------+-----------------+------------+-------------+-----------------+------+-------------+------+------+-----+----+------+-----+---------+-------------------+
* Clock Loads column represents cell count of net connects that connect to a clock pin. Internal cell leaf pins are not considered
** Non-Clock Loads column represents cell count of non-clock pin loads
*** Columns FF, LUTRAM, RAMB through 'Hard IP' represents load cell counts


72. Clock Region Cell Placement per Global Clock: Region X5Y10
--------------------------------------------------------------

+-----------+-------+-----------------+------------+-------------+-----------------+------+-------------+------+------+-----+----+------+-----+---------+-------------------+
| Global Id | Track | Driver Type/Pin | Constraint | Clock Loads | Non-Clock Loads | FF   | Memory LUTs | RAMB | URAM | DSP | GT | MMCM | PLL | Hard IP | Net               |
+-----------+-------+-----------------+------------+-------------+-----------------+------+-------------+------+------+-----+----+------+-----+---------+-------------------+
| g0        | 0     | BUFGCE/O        | None       |        7114 |               0 | 6537 |         565 |   12 |    0 |   0 |  0 |    0 |   0 |       0 | ooc_ap_clk_global |
+-----------+-------+-----------------+------------+-------------+-----------------+------+-------------+------+------+-----+----+------+-----+---------+-------------------+
* Clock Loads column represents cell count of net connects that connect to a clock pin. Internal cell leaf pins are not considered
** Non-Clock Loads column represents cell count of non-clock pin loads
*** Columns FF, LUTRAM, RAMB through 'Hard IP' represents load cell counts


73. Clock Region Cell Placement per Global Clock: Region X6Y10
--------------------------------------------------------------

+-----------+-------+-----------------+------------+-------------+-----------------+------+-------------+------+------+-----+----+------+-----+---------+-------------------+
| Global Id | Track | Driver Type/Pin | Constraint | Clock Loads | Non-Clock Loads | FF   | Memory LUTs | RAMB | URAM | DSP | GT | MMCM | PLL | Hard IP | Net               |
+-----------+-------+-----------------+------------+-------------+-----------------+------+-------------+------+------+-----+----+------+-----+---------+-------------------+
| g0        | 0     | BUFGCE/O        | None       |        5884 |               0 | 5457 |         416 |   11 |    0 |   0 |  0 |    0 |   0 |       0 | ooc_ap_clk_global |
+-----------+-------+-----------------+------------+-------------+-----------------+------+-------------+------+------+-----+----+------+-----+---------+-------------------+
* Clock Loads column represents cell count of net connects that connect to a clock pin. Internal cell leaf pins are not considered
** Non-Clock Loads column represents cell count of non-clock pin loads
*** Columns FF, LUTRAM, RAMB through 'Hard IP' represents load cell counts


74. Clock Region Cell Placement per Global Clock: Region X7Y10
--------------------------------------------------------------

+-----------+-------+-----------------+------------+-------------+-----------------+-----+-------------+------+------+-----+----+------+-----+---------+-------------------+
| Global Id | Track | Driver Type/Pin | Constraint | Clock Loads | Non-Clock Loads | FF  | Memory LUTs | RAMB | URAM | DSP | GT | MMCM | PLL | Hard IP | Net               |
+-----------+-------+-----------------+------------+-------------+-----------------+-----+-------------+------+------+-----+----+------+-----+---------+-------------------+
| g0        | 0     | BUFGCE/O        | None       |         300 |               0 | 298 |           1 |    1 |    0 |   0 |  0 |    0 |   0 |       0 | ooc_ap_clk_global |
+-----------+-------+-----------------+------------+-------------+-----------------+-----+-------------+------+------+-----+----+------+-----+---------+-------------------+
* Clock Loads column represents cell count of net connects that connect to a clock pin. Internal cell leaf pins are not considered
** Non-Clock Loads column represents cell count of non-clock pin loads
*** Columns FF, LUTRAM, RAMB through 'Hard IP' represents load cell counts


75. Clock Region Cell Placement per Global Clock: Region X2Y11
--------------------------------------------------------------

+-----------+-------+-----------------+------------+-------------+-----------------+----+-------------+------+------+-----+----+------+-----+---------+-------------------+
| Global Id | Track | Driver Type/Pin | Constraint | Clock Loads | Non-Clock Loads | FF | Memory LUTs | RAMB | URAM | DSP | GT | MMCM | PLL | Hard IP | Net               |
+-----------+-------+-----------------+------------+-------------+-----------------+----+-------------+------+------+-----+----+------+-----+---------+-------------------+
| g0        | 0     | BUFGCE/O        | None       |          24 |               0 |  0 |           0 |   24 |    0 |   0 |  0 |    0 |   0 |       0 | ooc_ap_clk_global |
+-----------+-------+-----------------+------------+-------------+-----------------+----+-------------+------+------+-----+----+------+-----+---------+-------------------+
* Clock Loads column represents cell count of net connects that connect to a clock pin. Internal cell leaf pins are not considered
** Non-Clock Loads column represents cell count of non-clock pin loads
*** Columns FF, LUTRAM, RAMB through 'Hard IP' represents load cell counts


76. Clock Region Cell Placement per Global Clock: Region X3Y11
--------------------------------------------------------------

+-----------+-------+-----------------+------------+-------------+-----------------+-----+-------------+------+------+-----+----+------+-----+---------+-------------------+
| Global Id | Track | Driver Type/Pin | Constraint | Clock Loads | Non-Clock Loads | FF  | Memory LUTs | RAMB | URAM | DSP | GT | MMCM | PLL | Hard IP | Net               |
+-----------+-------+-----------------+------------+-------------+-----------------+-----+-------------+------+------+-----+----+------+-----+---------+-------------------+
| g0        | 0     | BUFGCE/O        | None       |         192 |               0 | 146 |          34 |   12 |    0 |   0 |  0 |    0 |   0 |       0 | ooc_ap_clk_global |
+-----------+-------+-----------------+------------+-------------+-----------------+-----+-------------+------+------+-----+----+------+-----+---------+-------------------+
* Clock Loads column represents cell count of net connects that connect to a clock pin. Internal cell leaf pins are not considered
** Non-Clock Loads column represents cell count of non-clock pin loads
*** Columns FF, LUTRAM, RAMB through 'Hard IP' represents load cell counts


77. Clock Region Cell Placement per Global Clock: Region X4Y11
--------------------------------------------------------------

+-----------+-------+-----------------+------------+-------------+-----------------+-----+-------------+------+------+-----+----+------+-----+---------+-------------------+
| Global Id | Track | Driver Type/Pin | Constraint | Clock Loads | Non-Clock Loads | FF  | Memory LUTs | RAMB | URAM | DSP | GT | MMCM | PLL | Hard IP | Net               |
+-----------+-------+-----------------+------------+-------------+-----------------+-----+-------------+------+------+-----+----+------+-----+---------+-------------------+
| g0        | 0     | BUFGCE/O        | None       |         438 |               0 | 384 |          30 |   24 |    0 |   0 |  0 |    0 |   0 |       0 | ooc_ap_clk_global |
+-----------+-------+-----------------+------------+-------------+-----------------+-----+-------------+------+------+-----+----+------+-----+---------+-------------------+
* Clock Loads column represents cell count of net connects that connect to a clock pin. Internal cell leaf pins are not considered
** Non-Clock Loads column represents cell count of non-clock pin loads
*** Columns FF, LUTRAM, RAMB through 'Hard IP' represents load cell counts


78. Clock Region Cell Placement per Global Clock: Region X5Y11
--------------------------------------------------------------

+-----------+-------+-----------------+------------+-------------+-----------------+----+-------------+------+------+-----+----+------+-----+---------+-------------------+
| Global Id | Track | Driver Type/Pin | Constraint | Clock Loads | Non-Clock Loads | FF | Memory LUTs | RAMB | URAM | DSP | GT | MMCM | PLL | Hard IP | Net               |
+-----------+-------+-----------------+------------+-------------+-----------------+----+-------------+------+------+-----+----+------+-----+---------+-------------------+
| g0        | 0     | BUFGCE/O        | None       |          20 |               0 |  8 |           0 |   12 |    0 |   0 |  0 |    0 |   0 |       0 | ooc_ap_clk_global |
+-----------+-------+-----------------+------------+-------------+-----------------+----+-------------+------+------+-----+----+------+-----+---------+-------------------+
* Clock Loads column represents cell count of net connects that connect to a clock pin. Internal cell leaf pins are not considered
** Non-Clock Loads column represents cell count of non-clock pin loads
*** Columns FF, LUTRAM, RAMB through 'Hard IP' represents load cell counts


79. Clock Region Cell Placement per Global Clock: Region X6Y11
--------------------------------------------------------------

+-----------+-------+-----------------+------------+-------------+-----------------+----+-------------+------+------+-----+----+------+-----+---------+-------------------+
| Global Id | Track | Driver Type/Pin | Constraint | Clock Loads | Non-Clock Loads | FF | Memory LUTs | RAMB | URAM | DSP | GT | MMCM | PLL | Hard IP | Net               |
+-----------+-------+-----------------+------------+-------------+-----------------+----+-------------+------+------+-----+----+------+-----+---------+-------------------+
| g0        | 0     | BUFGCE/O        | None       |          29 |               0 | 24 |           0 |    5 |    0 |   0 |  0 |    0 |   0 |       0 | ooc_ap_clk_global |
+-----------+-------+-----------------+------------+-------------+-----------------+----+-------------+------+------+-----+----+------+-----+---------+-------------------+
* Clock Loads column represents cell count of net connects that connect to a clock pin. Internal cell leaf pins are not considered
** Non-Clock Loads column represents cell count of non-clock pin loads
*** Columns FF, LUTRAM, RAMB through 'Hard IP' represents load cell counts


