Copyright 1986-2022 Xilinx, Inc. All Rights Reserved. Copyright 2022-2025 Advanced Micro Devices, Inc. All Rights Reserved.
---------------------------------------------------------------------------------------------------------------------------------------------
| Tool Version : Vivado v.2025.2 (win64) Build 6299465 Fri Nov 14 19:35:11 GMT 2025
| Date         : Tue Aug  4 01:26:36 2026
| Host         : Tyler running 64-bit major release  (build 9200)
| Command      : report_utilization -hierarchical -file X:/reports/vivado/corrected/e2m0/synth_util.rpt
| Design       : gdn_e2m0_top
| Device       : xcu55c-fsvh2892-2L-e
| Speed File   : -2L
| Design State : Synthesized
---------------------------------------------------------------------------------------------------------------------------------------------

Utilization Design Information

Table of Contents
-----------------
1. Utilization by Hierarchy

1. Utilization by Hierarchy
---------------------------

+-------------------------------------------------------------------------------------------------------------+-----------------------------------------------------------------------------------------------------+------------+------------+---------+------+--------+--------+--------+------+------------+
|                                                   Instance                                                  |                                                Module                                               | Total LUTs | Logic LUTs | LUTRAMs | SRLs |   FFs  | RAMB36 | RAMB18 | URAM | DSP Blocks |
+-------------------------------------------------------------------------------------------------------------+-----------------------------------------------------------------------------------------------------+------------+------------+---------+------+--------+--------+--------+------+------------+
| gdn_e2m0_top                                                                                                |                                                                                               (top) |     213234 |     208017 |    2149 | 3068 | 111284 |    348 |     10 |  624 |         44 |
|   (gdn_e2m0_top)                                                                                            |                                                                                               (top) |          9 |          0 |       0 |    9 |   2272 |      0 |      0 |    0 |          0 |
|   control_r_s_axi_U                                                                                         |                                                                        gdn_e2m0_top_control_r_s_axi |       1838 |       1838 |       0 |    0 |   2284 |      0 |      0 |    0 |          0 |
|   control_s_axi_U                                                                                           |                                                                          gdn_e2m0_top_control_s_axi |         74 |         74 |       0 |    0 |     77 |      0 |      0 |    0 |          0 |
|   gmem0_m_axi_U                                                                                             |                                                                            gdn_e2m0_top_gmem0_m_axi |        722 |        622 |       0 |  100 |   1005 |      0 |      1 |    0 |          0 |
|     bus_read                                                                                                |                                                                       gdn_e2m0_top_gmem0_m_axi_read |        393 |        393 |       0 |    0 |    631 |      0 |      0 |    0 |          0 |
|       rreq_burst_conv                                                                                       |                                                            gdn_e2m0_top_gmem0_m_axi_burst_converter |        315 |        315 |       0 |    0 |    529 |      0 |      0 |    0 |          0 |
|         burst_sequential                                                                                    |                                                           gdn_e2m0_top_gmem0_m_axi_burst_sequential |        315 |        315 |       0 |    0 |    529 |      0 |      0 |    0 |          0 |
|           (burst_sequential)                                                                                |                                                           gdn_e2m0_top_gmem0_m_axi_burst_sequential |        148 |        148 |       0 |    0 |    332 |      0 |      0 |    0 |          0 |
|           rs_req                                                                                            |                                                  gdn_e2m0_top_gmem0_m_axi_reg_slice__parameterized0 |        167 |        167 |       0 |    0 |    197 |      0 |      0 |    0 |          0 |
|       rs_rdata                                                                                              |                                                  gdn_e2m0_top_gmem0_m_axi_reg_slice__parameterized1 |         40 |         40 |       0 |    0 |     71 |      0 |      0 |    0 |          0 |
|     load_unit_0                                                                                             |                                                                       gdn_e2m0_top_gmem0_m_axi_load |        329 |        229 |       0 |  100 |    374 |      0 |      1 |    0 |          0 |
|       (load_unit_0)                                                                                         |                                                                       gdn_e2m0_top_gmem0_m_axi_load |          0 |          0 |       0 |    0 |    135 |      0 |      0 |    0 |          0 |
|       buff_rdata                                                                                            |                                                       gdn_e2m0_top_gmem0_m_axi_fifo__parameterized1 |         50 |         50 |       0 |    0 |     37 |      0 |      1 |    0 |          0 |
|       bus_wide_gen.rreq_offset                                                                              |                                                                       gdn_e2m0_top_gmem0_m_axi_fifo |         59 |         55 |       0 |    4 |     21 |      0 |      0 |    0 |          0 |
|       bus_wide_gen.rs_rdata_int                                                                             |                                                                  gdn_e2m0_top_gmem0_m_axi_reg_slice |         68 |         68 |       0 |    0 |     71 |      0 |      0 |    0 |          0 |
|       fifo_rreq                                                                                             |                                                       gdn_e2m0_top_gmem0_m_axi_fifo__parameterized0 |        152 |         56 |       0 |   96 |    110 |      0 |      0 |    0 |          0 |
|         U_fifo_srl                                                                                          |                                                        gdn_e2m0_top_gmem0_m_axi_srl__parameterized0 |        138 |         42 |       0 |   96 |     96 |      0 |      0 |    0 |          0 |
|   gmem10_m_axi_U                                                                                            |                                                                           gdn_e2m0_top_gmem10_m_axi |       1005 |        753 |       0 |  252 |   1338 |      0 |      0 |    0 |          0 |
|     bus_write                                                                                               |                                                                     gdn_e2m0_top_gmem10_m_axi_write |        527 |        464 |       0 |   63 |    828 |      0 |      0 |    0 |          0 |
|       wreq_burst_conv                                                                                       |                                                           gdn_e2m0_top_gmem10_m_axi_burst_converter |        316 |        316 |       0 |    0 |    529 |      0 |      0 |    0 |          0 |
|         burst_sequential                                                                                    |                                                          gdn_e2m0_top_gmem10_m_axi_burst_sequential |        316 |        316 |       0 |    0 |    529 |      0 |      0 |    0 |          0 |
|           (burst_sequential)                                                                                |                                                          gdn_e2m0_top_gmem10_m_axi_burst_sequential |        148 |        148 |       0 |    0 |    332 |      0 |      0 |    0 |          0 |
|           rs_req                                                                                            |                                                                 gdn_e2m0_top_gmem10_m_axi_reg_slice |        168 |        168 |       0 |    0 |    197 |      0 |      0 |    0 |          0 |
|       wreq_throttle                                                                                         |                                                                  gdn_e2m0_top_gmem10_m_axi_throttle |        184 |        122 |       0 |   62 |    276 |      0 |      0 |    0 |          0 |
|         rs_req                                                                                              |                                                 gdn_e2m0_top_gmem10_m_axi_reg_slice__parameterized1 |         75 |         75 |       0 |    0 |    137 |      0 |      0 |    0 |          0 |
|         fifo_burst_gen[0].fifo_req                                                                          |                                                      gdn_e2m0_top_gmem10_m_axi_fifo__parameterized6 |         82 |         20 |       0 |   62 |     79 |      0 |      0 |    0 |          0 |
|           U_fifo_srl                                                                                        |                                                       gdn_e2m0_top_gmem10_m_axi_srl__parameterized6 |         63 |          1 |       0 |   62 |     62 |      0 |      0 |    0 |          0 |
|     store_unit_0                                                                                            |                                                                     gdn_e2m0_top_gmem10_m_axi_store |        478 |        289 |       0 |  189 |    510 |      0 |      0 |    0 |          0 |
|       (store_unit_0)                                                                                        |                                                                     gdn_e2m0_top_gmem10_m_axi_store |         55 |         55 |       0 |    0 |    219 |      0 |      0 |    0 |          0 |
|       buff_wdata                                                                                            |                                                      gdn_e2m0_top_gmem10_m_axi_fifo__parameterized3 |         65 |         29 |       0 |   36 |     53 |      0 |      0 |    0 |          0 |
|       bus_wide_gen.buff_wdata_in                                                                            |                                                      gdn_e2m0_top_gmem10_m_axi_fifo__parameterized1 |         70 |         52 |       0 |   18 |     32 |      0 |      0 |    0 |          0 |
|       bus_wide_gen.wreq_offset                                                                              |                                                      gdn_e2m0_top_gmem10_m_axi_fifo__parameterized0 |         63 |         29 |       0 |   34 |     51 |      0 |      0 |    0 |          0 |
|       fifo_wreq                                                                                             |                                                      gdn_e2m0_top_gmem10_m_axi_fifo__parameterized2 |        150 |         54 |       0 |   96 |    107 |      0 |      0 |    0 |          0 |
|         U_fifo_srl                                                                                          |                                                       gdn_e2m0_top_gmem10_m_axi_srl__parameterized2 |        138 |         42 |       0 |   96 |     96 |      0 |      0 |    0 |          0 |
|   gmem11_m_axi_U                                                                                            |                                                                           gdn_e2m0_top_gmem11_m_axi |       1005 |        753 |       0 |  252 |   1338 |      0 |      0 |    0 |          0 |
|     bus_write                                                                                               |                                                                     gdn_e2m0_top_gmem11_m_axi_write |        527 |        464 |       0 |   63 |    828 |      0 |      0 |    0 |          0 |
|       wreq_burst_conv                                                                                       |                                                           gdn_e2m0_top_gmem11_m_axi_burst_converter |        316 |        316 |       0 |    0 |    529 |      0 |      0 |    0 |          0 |
|         burst_sequential                                                                                    |                                                          gdn_e2m0_top_gmem11_m_axi_burst_sequential |        316 |        316 |       0 |    0 |    529 |      0 |      0 |    0 |          0 |
|           (burst_sequential)                                                                                |                                                          gdn_e2m0_top_gmem11_m_axi_burst_sequential |        148 |        148 |       0 |    0 |    332 |      0 |      0 |    0 |          0 |
|           rs_req                                                                                            |                                                                 gdn_e2m0_top_gmem11_m_axi_reg_slice |        168 |        168 |       0 |    0 |    197 |      0 |      0 |    0 |          0 |
|       wreq_throttle                                                                                         |                                                                  gdn_e2m0_top_gmem11_m_axi_throttle |        184 |        122 |       0 |   62 |    276 |      0 |      0 |    0 |          0 |
|         rs_req                                                                                              |                                                 gdn_e2m0_top_gmem11_m_axi_reg_slice__parameterized1 |         75 |         75 |       0 |    0 |    137 |      0 |      0 |    0 |          0 |
|         fifo_burst_gen[0].fifo_req                                                                          |                                                      gdn_e2m0_top_gmem11_m_axi_fifo__parameterized6 |         82 |         20 |       0 |   62 |     79 |      0 |      0 |    0 |          0 |
|           U_fifo_srl                                                                                        |                                                       gdn_e2m0_top_gmem11_m_axi_srl__parameterized6 |         63 |          1 |       0 |   62 |     62 |      0 |      0 |    0 |          0 |
|     store_unit_0                                                                                            |                                                                     gdn_e2m0_top_gmem11_m_axi_store |        478 |        289 |       0 |  189 |    510 |      0 |      0 |    0 |          0 |
|       (store_unit_0)                                                                                        |                                                                     gdn_e2m0_top_gmem11_m_axi_store |         55 |         55 |       0 |    0 |    219 |      0 |      0 |    0 |          0 |
|       buff_wdata                                                                                            |                                                      gdn_e2m0_top_gmem11_m_axi_fifo__parameterized3 |         65 |         29 |       0 |   36 |     53 |      0 |      0 |    0 |          0 |
|       bus_wide_gen.buff_wdata_in                                                                            |                                                      gdn_e2m0_top_gmem11_m_axi_fifo__parameterized1 |         69 |         51 |       0 |   18 |     32 |      0 |      0 |    0 |          0 |
|       bus_wide_gen.wreq_offset                                                                              |                                                      gdn_e2m0_top_gmem11_m_axi_fifo__parameterized0 |         63 |         29 |       0 |   34 |     51 |      0 |      0 |    0 |          0 |
|       fifo_wreq                                                                                             |                                                      gdn_e2m0_top_gmem11_m_axi_fifo__parameterized2 |        150 |         54 |       0 |   96 |    107 |      0 |      0 |    0 |          0 |
|         U_fifo_srl                                                                                          |                                                       gdn_e2m0_top_gmem11_m_axi_srl__parameterized2 |        138 |         42 |       0 |   96 |     96 |      0 |      0 |    0 |          0 |
|   gmem12_m_axi_U                                                                                            |                                                                           gdn_e2m0_top_gmem12_m_axi |       1006 |        754 |       0 |  252 |   1338 |      0 |      0 |    0 |          0 |
|     bus_write                                                                                               |                                                                     gdn_e2m0_top_gmem12_m_axi_write |        527 |        464 |       0 |   63 |    828 |      0 |      0 |    0 |          0 |
|       wreq_burst_conv                                                                                       |                                                           gdn_e2m0_top_gmem12_m_axi_burst_converter |        316 |        316 |       0 |    0 |    529 |      0 |      0 |    0 |          0 |
|         burst_sequential                                                                                    |                                                          gdn_e2m0_top_gmem12_m_axi_burst_sequential |        316 |        316 |       0 |    0 |    529 |      0 |      0 |    0 |          0 |
|           (burst_sequential)                                                                                |                                                          gdn_e2m0_top_gmem12_m_axi_burst_sequential |        148 |        148 |       0 |    0 |    332 |      0 |      0 |    0 |          0 |
|           rs_req                                                                                            |                                                                 gdn_e2m0_top_gmem12_m_axi_reg_slice |        168 |        168 |       0 |    0 |    197 |      0 |      0 |    0 |          0 |
|       wreq_throttle                                                                                         |                                                                  gdn_e2m0_top_gmem12_m_axi_throttle |        184 |        122 |       0 |   62 |    276 |      0 |      0 |    0 |          0 |
|         rs_req                                                                                              |                                                 gdn_e2m0_top_gmem12_m_axi_reg_slice__parameterized1 |         75 |         75 |       0 |    0 |    137 |      0 |      0 |    0 |          0 |
|         fifo_burst_gen[0].fifo_req                                                                          |                                                      gdn_e2m0_top_gmem12_m_axi_fifo__parameterized6 |         82 |         20 |       0 |   62 |     79 |      0 |      0 |    0 |          0 |
|           U_fifo_srl                                                                                        |                                                       gdn_e2m0_top_gmem12_m_axi_srl__parameterized6 |         63 |          1 |       0 |   62 |     62 |      0 |      0 |    0 |          0 |
|     store_unit_0                                                                                            |                                                                     gdn_e2m0_top_gmem12_m_axi_store |        479 |        290 |       0 |  189 |    510 |      0 |      0 |    0 |          0 |
|       (store_unit_0)                                                                                        |                                                                     gdn_e2m0_top_gmem12_m_axi_store |         55 |         55 |       0 |    0 |    219 |      0 |      0 |    0 |          0 |
|       buff_wdata                                                                                            |                                                      gdn_e2m0_top_gmem12_m_axi_fifo__parameterized3 |         65 |         29 |       0 |   36 |     53 |      0 |      0 |    0 |          0 |
|       bus_wide_gen.buff_wdata_in                                                                            |                                                      gdn_e2m0_top_gmem12_m_axi_fifo__parameterized1 |         69 |         51 |       0 |   18 |     32 |      0 |      0 |    0 |          0 |
|       bus_wide_gen.wreq_offset                                                                              |                                                      gdn_e2m0_top_gmem12_m_axi_fifo__parameterized0 |         63 |         29 |       0 |   34 |     51 |      0 |      0 |    0 |          0 |
|       fifo_wreq                                                                                             |                                                      gdn_e2m0_top_gmem12_m_axi_fifo__parameterized2 |        152 |         56 |       0 |   96 |    107 |      0 |      0 |    0 |          0 |
|         U_fifo_srl                                                                                          |                                                       gdn_e2m0_top_gmem12_m_axi_srl__parameterized2 |        138 |         42 |       0 |   96 |     96 |      0 |      0 |    0 |          0 |
|   gmem13_m_axi_U                                                                                            |                                                                           gdn_e2m0_top_gmem13_m_axi |       1001 |        749 |       0 |  252 |   1338 |      0 |      0 |    0 |          0 |
|     store_unit_0                                                                                            |                                                                     gdn_e2m0_top_gmem13_m_axi_store |        474 |        285 |       0 |  189 |    510 |      0 |      0 |    0 |          0 |
|       (store_unit_0)                                                                                        |                                                                     gdn_e2m0_top_gmem13_m_axi_store |         55 |         55 |       0 |    0 |    219 |      0 |      0 |    0 |          0 |
|       buff_wdata                                                                                            |                                                      gdn_e2m0_top_gmem13_m_axi_fifo__parameterized3 |         63 |         27 |       0 |   36 |     53 |      0 |      0 |    0 |          0 |
|       bus_wide_gen.buff_wdata_in                                                                            |                                                      gdn_e2m0_top_gmem13_m_axi_fifo__parameterized1 |         69 |         51 |       0 |   18 |     32 |      0 |      0 |    0 |          0 |
|       bus_wide_gen.wreq_offset                                                                              |                                                      gdn_e2m0_top_gmem13_m_axi_fifo__parameterized0 |         59 |         25 |       0 |   34 |     51 |      0 |      0 |    0 |          0 |
|       fifo_wreq                                                                                             |                                                      gdn_e2m0_top_gmem13_m_axi_fifo__parameterized2 |        150 |         54 |       0 |   96 |    107 |      0 |      0 |    0 |          0 |
|         U_fifo_srl                                                                                          |                                                       gdn_e2m0_top_gmem13_m_axi_srl__parameterized2 |        138 |         42 |       0 |   96 |     96 |      0 |      0 |    0 |          0 |
|     bus_write                                                                                               |                                                                     gdn_e2m0_top_gmem13_m_axi_write |        527 |        464 |       0 |   63 |    828 |      0 |      0 |    0 |          0 |
|       wreq_burst_conv                                                                                       |                                                           gdn_e2m0_top_gmem13_m_axi_burst_converter |        316 |        316 |       0 |    0 |    529 |      0 |      0 |    0 |          0 |
|         burst_sequential                                                                                    |                                                          gdn_e2m0_top_gmem13_m_axi_burst_sequential |        316 |        316 |       0 |    0 |    529 |      0 |      0 |    0 |          0 |
|           (burst_sequential)                                                                                |                                                          gdn_e2m0_top_gmem13_m_axi_burst_sequential |        149 |        149 |       0 |    0 |    332 |      0 |      0 |    0 |          0 |
|           rs_req                                                                                            |                                                                 gdn_e2m0_top_gmem13_m_axi_reg_slice |        167 |        167 |       0 |    0 |    197 |      0 |      0 |    0 |          0 |
|       wreq_throttle                                                                                         |                                                                  gdn_e2m0_top_gmem13_m_axi_throttle |        184 |        122 |       0 |   62 |    276 |      0 |      0 |    0 |          0 |
|         rs_req                                                                                              |                                                 gdn_e2m0_top_gmem13_m_axi_reg_slice__parameterized1 |         75 |         75 |       0 |    0 |    137 |      0 |      0 |    0 |          0 |
|         fifo_burst_gen[0].fifo_req                                                                          |                                                      gdn_e2m0_top_gmem13_m_axi_fifo__parameterized6 |         82 |         20 |       0 |   62 |     79 |      0 |      0 |    0 |          0 |
|           U_fifo_srl                                                                                        |                                                       gdn_e2m0_top_gmem13_m_axi_srl__parameterized6 |         63 |          1 |       0 |   62 |     62 |      0 |      0 |    0 |          0 |
|   gmem14_m_axi_U                                                                                            |                                                                           gdn_e2m0_top_gmem14_m_axi |        985 |        736 |       0 |  249 |   1331 |      0 |      0 |    0 |          0 |
|     bus_write                                                                                               |                                                                     gdn_e2m0_top_gmem14_m_axi_write |        517 |        454 |       0 |   63 |    824 |      0 |      0 |    0 |          0 |
|       wreq_burst_conv                                                                                       |                                                           gdn_e2m0_top_gmem14_m_axi_burst_converter |        306 |        306 |       0 |    0 |    525 |      0 |      0 |    0 |          0 |
|         burst_sequential                                                                                    |                                                          gdn_e2m0_top_gmem14_m_axi_burst_sequential |        306 |        306 |       0 |    0 |    525 |      0 |      0 |    0 |          0 |
|           (burst_sequential)                                                                                |                                                          gdn_e2m0_top_gmem14_m_axi_burst_sequential |        147 |        147 |       0 |    0 |    332 |      0 |      0 |    0 |          0 |
|           rs_req                                                                                            |                                                                 gdn_e2m0_top_gmem14_m_axi_reg_slice |        159 |        159 |       0 |    0 |    193 |      0 |      0 |    0 |          0 |
|       wreq_throttle                                                                                         |                                                                  gdn_e2m0_top_gmem14_m_axi_throttle |        184 |        122 |       0 |   62 |    276 |      0 |      0 |    0 |          0 |
|         rs_req                                                                                              |                                                 gdn_e2m0_top_gmem14_m_axi_reg_slice__parameterized1 |         74 |         74 |       0 |    0 |    137 |      0 |      0 |    0 |          0 |
|         fifo_burst_gen[0].fifo_req                                                                          |                                                      gdn_e2m0_top_gmem14_m_axi_fifo__parameterized6 |         84 |         22 |       0 |   62 |     79 |      0 |      0 |    0 |          0 |
|           U_fifo_srl                                                                                        |                                                       gdn_e2m0_top_gmem14_m_axi_srl__parameterized6 |         63 |          1 |       0 |   62 |     62 |      0 |      0 |    0 |          0 |
|     store_unit_0                                                                                            |                                                                     gdn_e2m0_top_gmem14_m_axi_store |        468 |        282 |       0 |  186 |    507 |      0 |      0 |    0 |          0 |
|       (store_unit_0)                                                                                        |                                                                     gdn_e2m0_top_gmem14_m_axi_store |         55 |         55 |       0 |    0 |    213 |      0 |      0 |    0 |          0 |
|       buff_wdata                                                                                            |                                                      gdn_e2m0_top_gmem14_m_axi_fifo__parameterized3 |         65 |         29 |       0 |   36 |     53 |      0 |      0 |    0 |          0 |
|       bus_wide_gen.buff_wdata_in                                                                            |                                                      gdn_e2m0_top_gmem14_m_axi_fifo__parameterized1 |         56 |         38 |       0 |   18 |     38 |      0 |      0 |    0 |          0 |
|       bus_wide_gen.wreq_offset                                                                              |                                                      gdn_e2m0_top_gmem14_m_axi_fifo__parameterized0 |         61 |         29 |       0 |   32 |     49 |      0 |      0 |    0 |          0 |
|       fifo_wreq                                                                                             |                                                      gdn_e2m0_top_gmem14_m_axi_fifo__parameterized2 |        152 |         57 |       0 |   95 |    106 |      0 |      0 |    0 |          0 |
|         U_fifo_srl                                                                                          |                                                       gdn_e2m0_top_gmem14_m_axi_srl__parameterized2 |        138 |         43 |       0 |   95 |     95 |      0 |      0 |    0 |          0 |
|   gmem15_m_axi_U                                                                                            |                                                                           gdn_e2m0_top_gmem15_m_axi |       1631 |       1399 |       0 |  232 |   1192 |      0 |      0 |    0 |          0 |
|     bus_write                                                                                               |                                                                     gdn_e2m0_top_gmem15_m_axi_write |        492 |        430 |       0 |   62 |    842 |      0 |      0 |    0 |          0 |
|       wreq_burst_conv                                                                                       |                                                           gdn_e2m0_top_gmem15_m_axi_burst_converter |        283 |        283 |       0 |    0 |    510 |      0 |      0 |    0 |          0 |
|         burst_sequential                                                                                    |                                                          gdn_e2m0_top_gmem15_m_axi_burst_sequential |        283 |        283 |       0 |    0 |    510 |      0 |      0 |    0 |          0 |
|           (burst_sequential)                                                                                |                                                          gdn_e2m0_top_gmem15_m_axi_burst_sequential |        138 |        138 |       0 |    0 |    325 |      0 |      0 |    0 |          0 |
|           rs_req                                                                                            |                                                                 gdn_e2m0_top_gmem15_m_axi_reg_slice |        145 |        145 |       0 |    0 |    185 |      0 |      0 |    0 |          0 |
|       wreq_throttle                                                                                         |                                                                  gdn_e2m0_top_gmem15_m_axi_throttle |        182 |        121 |       0 |   61 |    309 |      0 |      0 |    0 |          0 |
|         (wreq_throttle)                                                                                     |                                                                  gdn_e2m0_top_gmem15_m_axi_throttle |          7 |          7 |       0 |    0 |     83 |      0 |      0 |    0 |          0 |
|         fifo_burst_gen[0].fifo_req                                                                          |                                                      gdn_e2m0_top_gmem15_m_axi_fifo__parameterized4 |         83 |         22 |       0 |   61 |     78 |      0 |      0 |    0 |          0 |
|           U_fifo_srl                                                                                        |                                                       gdn_e2m0_top_gmem15_m_axi_srl__parameterized4 |         62 |          1 |       0 |   61 |     61 |      0 |      0 |    0 |          0 |
|         rs_req                                                                                              |                                                 gdn_e2m0_top_gmem15_m_axi_reg_slice__parameterized1 |         73 |         73 |       0 |    0 |    135 |      0 |      0 |    0 |          0 |
|     store_unit_0                                                                                            |                                                                     gdn_e2m0_top_gmem15_m_axi_store |       1139 |        969 |       0 |  170 |    350 |      0 |      0 |    0 |          0 |
|       (store_unit_0)                                                                                        |                                                                     gdn_e2m0_top_gmem15_m_axi_store |          2 |          2 |       0 |    0 |    104 |      0 |      0 |    0 |          0 |
|       buff_wdata                                                                                            |                                                      gdn_e2m0_top_gmem15_m_axi_fifo__parameterized1 |        789 |        717 |       0 |   72 |     94 |      0 |      0 |    0 |          0 |
|         U_fifo_srl                                                                                          |                                                       gdn_e2m0_top_gmem15_m_axi_srl__parameterized1 |        748 |        676 |       0 |   72 |     72 |      0 |      0 |    0 |          0 |
|       fifo_wreq                                                                                             |                                                      gdn_e2m0_top_gmem15_m_axi_fifo__parameterized0 |        242 |        149 |       0 |   93 |    104 |      0 |      0 |    0 |          0 |
|         U_fifo_srl                                                                                          |                                                       gdn_e2m0_top_gmem15_m_axi_srl__parameterized0 |        202 |        109 |       0 |   93 |     93 |      0 |      0 |    0 |          0 |
|   gmem1_m_axi_U                                                                                             |                                                                            gdn_e2m0_top_gmem1_m_axi |        726 |        626 |       0 |  100 |   1006 |      0 |      1 |    0 |          0 |
|     bus_read                                                                                                |                                                                       gdn_e2m0_top_gmem1_m_axi_read |        393 |        393 |       0 |    0 |    631 |      0 |      0 |    0 |          0 |
|       rreq_burst_conv                                                                                       |                                                            gdn_e2m0_top_gmem1_m_axi_burst_converter |        315 |        315 |       0 |    0 |    529 |      0 |      0 |    0 |          0 |
|         burst_sequential                                                                                    |                                                           gdn_e2m0_top_gmem1_m_axi_burst_sequential |        315 |        315 |       0 |    0 |    529 |      0 |      0 |    0 |          0 |
|           (burst_sequential)                                                                                |                                                           gdn_e2m0_top_gmem1_m_axi_burst_sequential |        148 |        148 |       0 |    0 |    332 |      0 |      0 |    0 |          0 |
|           rs_req                                                                                            |                                                  gdn_e2m0_top_gmem1_m_axi_reg_slice__parameterized0 |        167 |        167 |       0 |    0 |    197 |      0 |      0 |    0 |          0 |
|       rs_rdata                                                                                              |                                                  gdn_e2m0_top_gmem1_m_axi_reg_slice__parameterized1 |         40 |         40 |       0 |    0 |     71 |      0 |      0 |    0 |          0 |
|     load_unit_0                                                                                             |                                                                       gdn_e2m0_top_gmem1_m_axi_load |        333 |        233 |       0 |  100 |    375 |      0 |      1 |    0 |          0 |
|       (load_unit_0)                                                                                         |                                                                       gdn_e2m0_top_gmem1_m_axi_load |          1 |          1 |       0 |    0 |    135 |      0 |      0 |    0 |          0 |
|       buff_rdata                                                                                            |                                                       gdn_e2m0_top_gmem1_m_axi_fifo__parameterized1 |         50 |         50 |       0 |    0 |     37 |      0 |      1 |    0 |          0 |
|       bus_wide_gen.rreq_offset                                                                              |                                                                       gdn_e2m0_top_gmem1_m_axi_fifo |         59 |         55 |       0 |    4 |     21 |      0 |      0 |    0 |          0 |
|       bus_wide_gen.rs_rdata_int                                                                             |                                                                  gdn_e2m0_top_gmem1_m_axi_reg_slice |         69 |         69 |       0 |    0 |     71 |      0 |      0 |    0 |          0 |
|       fifo_rreq                                                                                             |                                                       gdn_e2m0_top_gmem1_m_axi_fifo__parameterized0 |        154 |         58 |       0 |   96 |    111 |      0 |      0 |    0 |          0 |
|         U_fifo_srl                                                                                          |                                                        gdn_e2m0_top_gmem1_m_axi_srl__parameterized0 |        138 |         42 |       0 |   96 |     96 |      0 |      0 |    0 |          0 |
|   gmem2_m_axi_U                                                                                             |                                                                            gdn_e2m0_top_gmem2_m_axi |        728 |        628 |       0 |  100 |   1007 |      0 |      1 |    0 |          0 |
|     bus_read                                                                                                |                                                                       gdn_e2m0_top_gmem2_m_axi_read |        393 |        393 |       0 |    0 |    631 |      0 |      0 |    0 |          0 |
|       rreq_burst_conv                                                                                       |                                                            gdn_e2m0_top_gmem2_m_axi_burst_converter |        315 |        315 |       0 |    0 |    529 |      0 |      0 |    0 |          0 |
|         burst_sequential                                                                                    |                                                           gdn_e2m0_top_gmem2_m_axi_burst_sequential |        315 |        315 |       0 |    0 |    529 |      0 |      0 |    0 |          0 |
|           (burst_sequential)                                                                                |                                                           gdn_e2m0_top_gmem2_m_axi_burst_sequential |        148 |        148 |       0 |    0 |    332 |      0 |      0 |    0 |          0 |
|           rs_req                                                                                            |                                                  gdn_e2m0_top_gmem2_m_axi_reg_slice__parameterized0 |        167 |        167 |       0 |    0 |    197 |      0 |      0 |    0 |          0 |
|       rs_rdata                                                                                              |                                                  gdn_e2m0_top_gmem2_m_axi_reg_slice__parameterized1 |         40 |         40 |       0 |    0 |     71 |      0 |      0 |    0 |          0 |
|     load_unit_0                                                                                             |                                                                       gdn_e2m0_top_gmem2_m_axi_load |        335 |        235 |       0 |  100 |    376 |      0 |      1 |    0 |          0 |
|       (load_unit_0)                                                                                         |                                                                       gdn_e2m0_top_gmem2_m_axi_load |          2 |          2 |       0 |    0 |    135 |      0 |      0 |    0 |          0 |
|       buff_rdata                                                                                            |                                                       gdn_e2m0_top_gmem2_m_axi_fifo__parameterized1 |         50 |         50 |       0 |    0 |     37 |      0 |      1 |    0 |          0 |
|       bus_wide_gen.rreq_offset                                                                              |                                                                       gdn_e2m0_top_gmem2_m_axi_fifo |         59 |         55 |       0 |    4 |     21 |      0 |      0 |    0 |          0 |
|       bus_wide_gen.rs_rdata_int                                                                             |                                                                  gdn_e2m0_top_gmem2_m_axi_reg_slice |         69 |         69 |       0 |    0 |     71 |      0 |      0 |    0 |          0 |
|       fifo_rreq                                                                                             |                                                       gdn_e2m0_top_gmem2_m_axi_fifo__parameterized0 |        155 |         59 |       0 |   96 |    112 |      0 |      0 |    0 |          0 |
|         U_fifo_srl                                                                                          |                                                        gdn_e2m0_top_gmem2_m_axi_srl__parameterized0 |        138 |         42 |       0 |   96 |     96 |      0 |      0 |    0 |          0 |
|   gmem3_m_axi_U                                                                                             |                                                                            gdn_e2m0_top_gmem3_m_axi |        715 |        618 |       0 |   97 |    995 |      0 |      1 |    0 |          0 |
|     bus_read                                                                                                |                                                                       gdn_e2m0_top_gmem3_m_axi_read |        418 |        418 |       0 |    0 |    627 |      0 |      0 |    0 |          0 |
|       rreq_burst_conv                                                                                       |                                                            gdn_e2m0_top_gmem3_m_axi_burst_converter |        341 |        341 |       0 |    0 |    525 |      0 |      0 |    0 |          0 |
|         burst_sequential                                                                                    |                                                           gdn_e2m0_top_gmem3_m_axi_burst_sequential |        341 |        341 |       0 |    0 |    525 |      0 |      0 |    0 |          0 |
|           (burst_sequential)                                                                                |                                                           gdn_e2m0_top_gmem3_m_axi_burst_sequential |        152 |        152 |       0 |    0 |    332 |      0 |      0 |    0 |          0 |
|           rs_req                                                                                            |                                                  gdn_e2m0_top_gmem3_m_axi_reg_slice__parameterized0 |        189 |        189 |       0 |    0 |    193 |      0 |      0 |    0 |          0 |
|       rs_rdata                                                                                              |                                                  gdn_e2m0_top_gmem3_m_axi_reg_slice__parameterized1 |         41 |         41 |       0 |    0 |     71 |      0 |      0 |    0 |          0 |
|     load_unit_0                                                                                             |                                                                       gdn_e2m0_top_gmem3_m_axi_load |        297 |        200 |       0 |   97 |    368 |      0 |      1 |    0 |          0 |
|       (load_unit_0)                                                                                         |                                                                       gdn_e2m0_top_gmem3_m_axi_load |          1 |          1 |       0 |    0 |    132 |      0 |      0 |    0 |          0 |
|       bus_wide_gen.rs_rdata_int                                                                             |                                                                  gdn_e2m0_top_gmem3_m_axi_reg_slice |         60 |         60 |       0 |    0 |     71 |      0 |      0 |    0 |          0 |
|       fifo_rreq                                                                                             |                                                       gdn_e2m0_top_gmem3_m_axi_fifo__parameterized0 |        154 |         59 |       0 |   95 |    109 |      0 |      0 |    0 |          0 |
|         U_fifo_srl                                                                                          |                                                        gdn_e2m0_top_gmem3_m_axi_srl__parameterized0 |        138 |         43 |       0 |   95 |     95 |      0 |      0 |    0 |          0 |
|   gmem4_m_axi_U                                                                                             |                                                                            gdn_e2m0_top_gmem4_m_axi |        724 |        624 |       0 |  100 |   1005 |      0 |      1 |    0 |          0 |
|     bus_read                                                                                                |                                                                       gdn_e2m0_top_gmem4_m_axi_read |        394 |        394 |       0 |    0 |    631 |      0 |      0 |    0 |          0 |
|       rreq_burst_conv                                                                                       |                                                            gdn_e2m0_top_gmem4_m_axi_burst_converter |        316 |        316 |       0 |    0 |    529 |      0 |      0 |    0 |          0 |
|         burst_sequential                                                                                    |                                                           gdn_e2m0_top_gmem4_m_axi_burst_sequential |        316 |        316 |       0 |    0 |    529 |      0 |      0 |    0 |          0 |
|           (burst_sequential)                                                                                |                                                           gdn_e2m0_top_gmem4_m_axi_burst_sequential |        149 |        149 |       0 |    0 |    332 |      0 |      0 |    0 |          0 |
|           rs_req                                                                                            |                                                  gdn_e2m0_top_gmem4_m_axi_reg_slice__parameterized0 |        167 |        167 |       0 |    0 |    197 |      0 |      0 |    0 |          0 |
|       rs_rdata                                                                                              |                                                  gdn_e2m0_top_gmem4_m_axi_reg_slice__parameterized1 |         40 |         40 |       0 |    0 |     71 |      0 |      0 |    0 |          0 |
|     load_unit_0                                                                                             |                                                                       gdn_e2m0_top_gmem4_m_axi_load |        330 |        230 |       0 |  100 |    374 |      0 |      1 |    0 |          0 |
|       (load_unit_0)                                                                                         |                                                                       gdn_e2m0_top_gmem4_m_axi_load |          0 |          0 |       0 |    0 |    135 |      0 |      0 |    0 |          0 |
|       buff_rdata                                                                                            |                                                       gdn_e2m0_top_gmem4_m_axi_fifo__parameterized1 |         50 |         50 |       0 |    0 |     37 |      0 |      1 |    0 |          0 |
|       bus_wide_gen.rs_rdata_int                                                                             |                                                                  gdn_e2m0_top_gmem4_m_axi_reg_slice |         74 |         74 |       0 |    0 |     71 |      0 |      0 |    0 |          0 |
|       fifo_rreq                                                                                             |                                                       gdn_e2m0_top_gmem4_m_axi_fifo__parameterized0 |        158 |         62 |       0 |   96 |    110 |      0 |      0 |    0 |          0 |
|         U_fifo_srl                                                                                          |                                                        gdn_e2m0_top_gmem4_m_axi_srl__parameterized0 |        139 |         43 |       0 |   96 |     96 |      0 |      0 |    0 |          0 |
|   gmem5_m_axi_U                                                                                             |                                                                            gdn_e2m0_top_gmem5_m_axi |        723 |        623 |       0 |  100 |   1005 |      0 |      1 |    0 |          0 |
|     bus_read                                                                                                |                                                                       gdn_e2m0_top_gmem5_m_axi_read |        394 |        394 |       0 |    0 |    631 |      0 |      0 |    0 |          0 |
|       rreq_burst_conv                                                                                       |                                                            gdn_e2m0_top_gmem5_m_axi_burst_converter |        316 |        316 |       0 |    0 |    529 |      0 |      0 |    0 |          0 |
|         burst_sequential                                                                                    |                                                           gdn_e2m0_top_gmem5_m_axi_burst_sequential |        316 |        316 |       0 |    0 |    529 |      0 |      0 |    0 |          0 |
|           (burst_sequential)                                                                                |                                                           gdn_e2m0_top_gmem5_m_axi_burst_sequential |        149 |        149 |       0 |    0 |    332 |      0 |      0 |    0 |          0 |
|           rs_req                                                                                            |                                                  gdn_e2m0_top_gmem5_m_axi_reg_slice__parameterized0 |        167 |        167 |       0 |    0 |    197 |      0 |      0 |    0 |          0 |
|       rs_rdata                                                                                              |                                                  gdn_e2m0_top_gmem5_m_axi_reg_slice__parameterized1 |         40 |         40 |       0 |    0 |     71 |      0 |      0 |    0 |          0 |
|     load_unit_0                                                                                             |                                                                       gdn_e2m0_top_gmem5_m_axi_load |        329 |        229 |       0 |  100 |    374 |      0 |      1 |    0 |          0 |
|       (load_unit_0)                                                                                         |                                                                       gdn_e2m0_top_gmem5_m_axi_load |          0 |          0 |       0 |    0 |    135 |      0 |      0 |    0 |          0 |
|       buff_rdata                                                                                            |                                                       gdn_e2m0_top_gmem5_m_axi_fifo__parameterized1 |         50 |         50 |       0 |    0 |     37 |      0 |      1 |    0 |          0 |
|       bus_wide_gen.rs_rdata_int                                                                             |                                                                  gdn_e2m0_top_gmem5_m_axi_reg_slice |         74 |         74 |       0 |    0 |     71 |      0 |      0 |    0 |          0 |
|       fifo_rreq                                                                                             |                                                       gdn_e2m0_top_gmem5_m_axi_fifo__parameterized0 |        157 |         61 |       0 |   96 |    110 |      0 |      0 |    0 |          0 |
|         U_fifo_srl                                                                                          |                                                        gdn_e2m0_top_gmem5_m_axi_srl__parameterized0 |        139 |         43 |       0 |   96 |     96 |      0 |      0 |    0 |          0 |
|   gmem6_m_axi_U                                                                                             |                                                                            gdn_e2m0_top_gmem6_m_axi |        724 |        624 |       0 |  100 |   1005 |      0 |      1 |    0 |          0 |
|     bus_read                                                                                                |                                                                       gdn_e2m0_top_gmem6_m_axi_read |        394 |        394 |       0 |    0 |    631 |      0 |      0 |    0 |          0 |
|       rreq_burst_conv                                                                                       |                                                            gdn_e2m0_top_gmem6_m_axi_burst_converter |        316 |        316 |       0 |    0 |    529 |      0 |      0 |    0 |          0 |
|         burst_sequential                                                                                    |                                                           gdn_e2m0_top_gmem6_m_axi_burst_sequential |        316 |        316 |       0 |    0 |    529 |      0 |      0 |    0 |          0 |
|           (burst_sequential)                                                                                |                                                           gdn_e2m0_top_gmem6_m_axi_burst_sequential |        149 |        149 |       0 |    0 |    332 |      0 |      0 |    0 |          0 |
|           rs_req                                                                                            |                                                  gdn_e2m0_top_gmem6_m_axi_reg_slice__parameterized0 |        167 |        167 |       0 |    0 |    197 |      0 |      0 |    0 |          0 |
|       rs_rdata                                                                                              |                                                  gdn_e2m0_top_gmem6_m_axi_reg_slice__parameterized1 |         40 |         40 |       0 |    0 |     71 |      0 |      0 |    0 |          0 |
|     load_unit_0                                                                                             |                                                                       gdn_e2m0_top_gmem6_m_axi_load |        330 |        230 |       0 |  100 |    374 |      0 |      1 |    0 |          0 |
|       (load_unit_0)                                                                                         |                                                                       gdn_e2m0_top_gmem6_m_axi_load |          1 |          1 |       0 |    0 |    135 |      0 |      0 |    0 |          0 |
|       buff_rdata                                                                                            |                                                       gdn_e2m0_top_gmem6_m_axi_fifo__parameterized1 |         50 |         50 |       0 |    0 |     37 |      0 |      1 |    0 |          0 |
|       bus_wide_gen.rs_rdata_int                                                                             |                                                                  gdn_e2m0_top_gmem6_m_axi_reg_slice |         74 |         74 |       0 |    0 |     71 |      0 |      0 |    0 |          0 |
|       fifo_rreq                                                                                             |                                                       gdn_e2m0_top_gmem6_m_axi_fifo__parameterized0 |        157 |         61 |       0 |   96 |    110 |      0 |      0 |    0 |          0 |
|         U_fifo_srl                                                                                          |                                                        gdn_e2m0_top_gmem6_m_axi_srl__parameterized0 |        139 |         43 |       0 |   96 |     96 |      0 |      0 |    0 |          0 |
|   gmem7_m_axi_U                                                                                             |                                                                            gdn_e2m0_top_gmem7_m_axi |        724 |        624 |       0 |  100 |   1005 |      0 |      1 |    0 |          0 |
|     bus_read                                                                                                |                                                                       gdn_e2m0_top_gmem7_m_axi_read |        394 |        394 |       0 |    0 |    631 |      0 |      0 |    0 |          0 |
|       rreq_burst_conv                                                                                       |                                                            gdn_e2m0_top_gmem7_m_axi_burst_converter |        316 |        316 |       0 |    0 |    529 |      0 |      0 |    0 |          0 |
|         burst_sequential                                                                                    |                                                           gdn_e2m0_top_gmem7_m_axi_burst_sequential |        316 |        316 |       0 |    0 |    529 |      0 |      0 |    0 |          0 |
|           (burst_sequential)                                                                                |                                                           gdn_e2m0_top_gmem7_m_axi_burst_sequential |        149 |        149 |       0 |    0 |    332 |      0 |      0 |    0 |          0 |
|           rs_req                                                                                            |                                                  gdn_e2m0_top_gmem7_m_axi_reg_slice__parameterized0 |        167 |        167 |       0 |    0 |    197 |      0 |      0 |    0 |          0 |
|       rs_rdata                                                                                              |                                                  gdn_e2m0_top_gmem7_m_axi_reg_slice__parameterized1 |         40 |         40 |       0 |    0 |     71 |      0 |      0 |    0 |          0 |
|     load_unit_0                                                                                             |                                                                       gdn_e2m0_top_gmem7_m_axi_load |        330 |        230 |       0 |  100 |    374 |      0 |      1 |    0 |          0 |
|       (load_unit_0)                                                                                         |                                                                       gdn_e2m0_top_gmem7_m_axi_load |          1 |          1 |       0 |    0 |    135 |      0 |      0 |    0 |          0 |
|       buff_rdata                                                                                            |                                                       gdn_e2m0_top_gmem7_m_axi_fifo__parameterized1 |         50 |         50 |       0 |    0 |     37 |      0 |      1 |    0 |          0 |
|       bus_wide_gen.rs_rdata_int                                                                             |                                                                  gdn_e2m0_top_gmem7_m_axi_reg_slice |         74 |         74 |       0 |    0 |     71 |      0 |      0 |    0 |          0 |
|       fifo_rreq                                                                                             |                                                       gdn_e2m0_top_gmem7_m_axi_fifo__parameterized0 |        157 |         61 |       0 |   96 |    110 |      0 |      0 |    0 |          0 |
|         U_fifo_srl                                                                                          |                                                        gdn_e2m0_top_gmem7_m_axi_srl__parameterized0 |        139 |         43 |       0 |   96 |     96 |      0 |      0 |    0 |          0 |
|   gmem8_m_axi_U                                                                                             |                                                                            gdn_e2m0_top_gmem8_m_axi |        715 |        618 |       0 |   97 |    995 |      0 |      1 |    0 |          0 |
|     bus_read                                                                                                |                                                                       gdn_e2m0_top_gmem8_m_axi_read |        418 |        418 |       0 |    0 |    627 |      0 |      0 |    0 |          0 |
|       rreq_burst_conv                                                                                       |                                                            gdn_e2m0_top_gmem8_m_axi_burst_converter |        341 |        341 |       0 |    0 |    525 |      0 |      0 |    0 |          0 |
|         burst_sequential                                                                                    |                                                           gdn_e2m0_top_gmem8_m_axi_burst_sequential |        341 |        341 |       0 |    0 |    525 |      0 |      0 |    0 |          0 |
|           (burst_sequential)                                                                                |                                                           gdn_e2m0_top_gmem8_m_axi_burst_sequential |        152 |        152 |       0 |    0 |    332 |      0 |      0 |    0 |          0 |
|           rs_req                                                                                            |                                                  gdn_e2m0_top_gmem8_m_axi_reg_slice__parameterized0 |        189 |        189 |       0 |    0 |    193 |      0 |      0 |    0 |          0 |
|       rs_rdata                                                                                              |                                                  gdn_e2m0_top_gmem8_m_axi_reg_slice__parameterized1 |         41 |         41 |       0 |    0 |     71 |      0 |      0 |    0 |          0 |
|     load_unit_0                                                                                             |                                                                       gdn_e2m0_top_gmem8_m_axi_load |        297 |        200 |       0 |   97 |    368 |      0 |      1 |    0 |          0 |
|       (load_unit_0)                                                                                         |                                                                       gdn_e2m0_top_gmem8_m_axi_load |          1 |          1 |       0 |    0 |    132 |      0 |      0 |    0 |          0 |
|       bus_wide_gen.rs_rdata_int                                                                             |                                                                  gdn_e2m0_top_gmem8_m_axi_reg_slice |         60 |         60 |       0 |    0 |     71 |      0 |      0 |    0 |          0 |
|       fifo_rreq                                                                                             |                                                       gdn_e2m0_top_gmem8_m_axi_fifo__parameterized0 |        154 |         59 |       0 |   95 |    109 |      0 |      0 |    0 |          0 |
|         U_fifo_srl                                                                                          |                                                        gdn_e2m0_top_gmem8_m_axi_srl__parameterized0 |        137 |         42 |       0 |   95 |     95 |      0 |      0 |    0 |          0 |
|   gmem9_m_axi_U                                                                                             |                                                                            gdn_e2m0_top_gmem9_m_axi |        806 |        608 |       0 |  198 |   1135 |      0 |      0 |    0 |          0 |
|     bus_write                                                                                               |                                                                      gdn_e2m0_top_gmem9_m_axi_write |        505 |        442 |       0 |   63 |    820 |      0 |      0 |    0 |          0 |
|       wreq_burst_conv                                                                                       |                                                            gdn_e2m0_top_gmem9_m_axi_burst_converter |        294 |        294 |       0 |    0 |    521 |      0 |      0 |    0 |          0 |
|         burst_sequential                                                                                    |                                                           gdn_e2m0_top_gmem9_m_axi_burst_sequential |        294 |        294 |       0 |    0 |    521 |      0 |      0 |    0 |          0 |
|           (burst_sequential)                                                                                |                                                           gdn_e2m0_top_gmem9_m_axi_burst_sequential |        146 |        146 |       0 |    0 |    332 |      0 |      0 |    0 |          0 |
|           rs_req                                                                                            |                                                                  gdn_e2m0_top_gmem9_m_axi_reg_slice |        148 |        148 |       0 |    0 |    189 |      0 |      0 |    0 |          0 |
|       wreq_throttle                                                                                         |                                                                   gdn_e2m0_top_gmem9_m_axi_throttle |        184 |        122 |       0 |   62 |    276 |      0 |      0 |    0 |          0 |
|         rs_req                                                                                              |                                                  gdn_e2m0_top_gmem9_m_axi_reg_slice__parameterized1 |         74 |         74 |       0 |    0 |    137 |      0 |      0 |    0 |          0 |
|         fifo_burst_gen[0].fifo_req                                                                          |                                                       gdn_e2m0_top_gmem9_m_axi_fifo__parameterized4 |         84 |         22 |       0 |   62 |     79 |      0 |      0 |    0 |          0 |
|           U_fifo_srl                                                                                        |                                                        gdn_e2m0_top_gmem9_m_axi_srl__parameterized4 |         63 |          1 |       0 |   62 |     62 |      0 |      0 |    0 |          0 |
|     store_unit_0                                                                                            |                                                                      gdn_e2m0_top_gmem9_m_axi_store |        301 |        166 |       0 |  135 |    315 |      0 |      0 |    0 |          0 |
|       (store_unit_0)                                                                                        |                                                                      gdn_e2m0_top_gmem9_m_axi_store |          2 |          2 |       0 |    0 |    106 |      0 |      0 |    0 |          0 |
|       buff_wdata                                                                                            |                                                       gdn_e2m0_top_gmem9_m_axi_fifo__parameterized1 |         67 |         31 |       0 |   36 |     56 |      0 |      0 |    0 |          0 |
|       fifo_wreq                                                                                             |                                                       gdn_e2m0_top_gmem9_m_axi_fifo__parameterized0 |        151 |         57 |       0 |   94 |    105 |      0 |      0 |    0 |          0 |
|         U_fifo_srl                                                                                          |                                                        gdn_e2m0_top_gmem9_m_axi_srl__parameterized0 |        136 |         42 |       0 |   94 |     94 |      0 |      0 |    0 |          0 |
|   grp_gdn_e2m0_top_impl_fu_550                                                                              |                                                                      gdn_e2m0_top_gdn_e2m0_top_impl |     197373 |     194746 |    2149 |  478 |  88613 |    348 |      1 |  624 |         44 |
|     (grp_gdn_e2m0_top_impl_fu_550)                                                                          |                                                                      gdn_e2m0_top_gdn_e2m0_top_impl |       1539 |       1524 |       0 |   15 |   7182 |      0 |      0 |    0 |          0 |
|     gdn_e2m0_top_impl_unsigned_char_unsigned_short_unsigned_char_unsigned_char_ap_ui_10_U                   |       gdn_e2m0_top_gdn_e2m0_top_impl_gdn_e2m0_top_impl_unsigned_char_unsigned_short_unsigned_chabkb |        200 |        136 |      64 |    0 |     64 |      0 |      0 |    0 |          0 |
|     gdn_e2m0_top_impl_unsigned_char_unsigned_short_unsigned_char_unsigned_char_ap_ui_2_U                    |     gdn_e2m0_top_gdn_e2m0_top_impl_gdn_e2m0_top_impl_unsigned_char_unsigned_short_unsigned_chabkb_0 |        144 |         80 |      64 |    0 |     64 |      0 |      0 |    0 |          0 |
|     gdn_e2m0_top_impl_unsigned_char_unsigned_short_unsigned_char_unsigned_char_ap_ui_3_U                    |     gdn_e2m0_top_gdn_e2m0_top_impl_gdn_e2m0_top_impl_unsigned_char_unsigned_short_unsigned_chabkb_1 |        147 |         83 |      64 |    0 |     64 |      0 |      0 |    0 |          0 |
|     gdn_e2m0_top_impl_unsigned_char_unsigned_short_unsigned_char_unsigned_char_ap_ui_4_U                    |     gdn_e2m0_top_gdn_e2m0_top_impl_gdn_e2m0_top_impl_unsigned_char_unsigned_short_unsigned_chabkb_2 |        137 |         73 |      64 |    0 |     64 |      0 |      0 |    0 |          0 |
|     gdn_e2m0_top_impl_unsigned_char_unsigned_short_unsigned_char_unsigned_char_ap_ui_5_U                    |     gdn_e2m0_top_gdn_e2m0_top_impl_gdn_e2m0_top_impl_unsigned_char_unsigned_short_unsigned_chabkb_3 |        200 |        136 |      64 |    0 |     64 |      0 |      0 |    0 |          0 |
|     gdn_e2m0_top_impl_unsigned_char_unsigned_short_unsigned_char_unsigned_char_ap_ui_6_U                    |     gdn_e2m0_top_gdn_e2m0_top_impl_gdn_e2m0_top_impl_unsigned_char_unsigned_short_unsigned_chabkb_4 |        198 |        134 |      64 |    0 |     64 |      0 |      0 |    0 |          0 |
|     gdn_e2m0_top_impl_unsigned_char_unsigned_short_unsigned_char_unsigned_char_ap_ui_7_U                    |     gdn_e2m0_top_gdn_e2m0_top_impl_gdn_e2m0_top_impl_unsigned_char_unsigned_short_unsigned_chabkb_5 |        198 |        134 |      64 |    0 |     64 |      0 |      0 |    0 |          0 |
|     gdn_e2m0_top_impl_unsigned_char_unsigned_short_unsigned_char_unsigned_char_ap_ui_8_U                    |     gdn_e2m0_top_gdn_e2m0_top_impl_gdn_e2m0_top_impl_unsigned_char_unsigned_short_unsigned_chabkb_6 |        198 |        134 |      64 |    0 |     64 |      0 |      0 |    0 |          0 |
|     gdn_e2m0_top_impl_unsigned_char_unsigned_short_unsigned_char_unsigned_char_ap_ui_9_U                    |     gdn_e2m0_top_gdn_e2m0_top_impl_gdn_e2m0_top_impl_unsigned_char_unsigned_short_unsigned_chabkb_7 |        201 |        137 |      64 |    0 |     64 |      0 |      0 |    0 |          0 |
|     grp_aligned_sum_guarded_2_1_fu_14682                                                                    |                                                                gdn_e2m0_top_aligned_sum_guarded_2_1 |       1317 |       1316 |       0 |    1 |    849 |      0 |      0 |    0 |          0 |
|       (grp_aligned_sum_guarded_2_1_fu_14682)                                                                |                                                                gdn_e2m0_top_aligned_sum_guarded_2_1 |         21 |         21 |       0 |    0 |    379 |      0 |      0 |    0 |          0 |
|       grp_aligned_sum_guarded_2_1_Pipeline_align_terms_fu_146                                               |                                           gdn_e2m0_top_aligned_sum_guarded_2_1_Pipeline_align_terms |       1243 |       1242 |       0 |    1 |    449 |      0 |      0 |    0 |          0 |
|         (grp_aligned_sum_guarded_2_1_Pipeline_align_terms_fu_146)                                           |                                           gdn_e2m0_top_aligned_sum_guarded_2_1_Pipeline_align_terms |       1068 |       1067 |       0 |    1 |    447 |      0 |      0 |    0 |          0 |
|         flow_control_loop_pipe_sequential_init_U                                                            |                                             gdn_e2m0_top_flow_control_loop_pipe_sequential_init_250 |        175 |        175 |       0 |    0 |      2 |      0 |      0 |    0 |          0 |
|       grp_aligned_sum_guarded_2_1_Pipeline_find_dominant_fu_132                                             |                                         gdn_e2m0_top_aligned_sum_guarded_2_1_Pipeline_find_dominant |         53 |         53 |       0 |    0 |     21 |      0 |      0 |    0 |          0 |
|     grp_aligned_sum_guarded_3_s_fu_9837                                                                     |                                                                gdn_e2m0_top_aligned_sum_guarded_3_s |       1385 |       1384 |       0 |    1 |    853 |      0 |      0 |    0 |          0 |
|       (grp_aligned_sum_guarded_3_s_fu_9837)                                                                 |                                                                gdn_e2m0_top_aligned_sum_guarded_3_s |         23 |         23 |       0 |    0 |    381 |      0 |      0 |    0 |          0 |
|       grp_aligned_sum_guarded_3_Pipeline_align_terms_fu_166                                                 |                                             gdn_e2m0_top_aligned_sum_guarded_3_Pipeline_align_terms |       1266 |       1265 |       0 |    1 |    451 |      0 |      0 |    0 |          0 |
|         (grp_aligned_sum_guarded_3_Pipeline_align_terms_fu_166)                                             |                                             gdn_e2m0_top_aligned_sum_guarded_3_Pipeline_align_terms |       1025 |       1024 |       0 |    1 |    449 |      0 |      0 |    0 |          0 |
|         flow_control_loop_pipe_sequential_init_U                                                            |                                             gdn_e2m0_top_flow_control_loop_pipe_sequential_init_248 |        241 |        241 |       0 |    0 |      2 |      0 |      0 |    0 |          0 |
|       grp_aligned_sum_guarded_3_Pipeline_find_dominant_fu_148                                               |                                           gdn_e2m0_top_aligned_sum_guarded_3_Pipeline_find_dominant |         96 |         96 |       0 |    0 |     21 |      0 |      0 |    0 |          0 |
|         flow_control_loop_pipe_sequential_init_U                                                            |                                             gdn_e2m0_top_flow_control_loop_pipe_sequential_init_247 |         73 |         73 |       0 |    0 |      2 |      0 |      0 |    0 |          0 |
|     grp_gdn_e2m0_top_impl_Outline_3_fu_9444                                                                 |                                                            gdn_e2m0_top_gdn_e2m0_top_impl_Outline_3 |         96 |         96 |       0 |    0 |     17 |      0 |      0 |    0 |          0 |
|     grp_gdn_e2m0_top_impl_Outline_decay_coefficients_heads_fu_9466                                          |                                     gdn_e2m0_top_gdn_e2m0_top_impl_Outline_decay_coefficients_heads |        445 |        445 |       0 |    0 |    454 |      0 |      0 |    0 |          2 |
|       (grp_gdn_e2m0_top_impl_Outline_decay_coefficients_heads_fu_9466)                                      |                                     gdn_e2m0_top_gdn_e2m0_top_impl_Outline_decay_coefficients_heads |        430 |        430 |       0 |    0 |    454 |      0 |      0 |    0 |          0 |
|     grp_gdn_e2m0_top_impl_Outline_output_log_entries_fu_9558                                                |                                           gdn_e2m0_top_gdn_e2m0_top_impl_Outline_output_log_entries |       2367 |       2042 |     304 |   21 |   1785 |      0 |      0 |    0 |          0 |
|       grp_p_anonymous_namespace_dot_log_entry_fu_341                                                        |                                                gdn_e2m0_top_p_anonymous_namespace_dot_log_entry_205 |       2354 |       2029 |     304 |   21 |   1756 |      0 |      0 |    0 |          0 |
|         (grp_p_anonymous_namespace_dot_log_entry_fu_341)                                                    |                                                gdn_e2m0_top_p_anonymous_namespace_dot_log_entry_205 |        698 |        698 |       0 |    0 |    203 |      0 |      0 |    0 |          0 |
|         grp_aligned_sum_guarded_512_s_fu_338                                                                |                                                          gdn_e2m0_top_aligned_sum_guarded_512_s_222 |       1013 |       1011 |       0 |    2 |    776 |      0 |      0 |    0 |          0 |
|           (grp_aligned_sum_guarded_512_s_fu_338)                                                            |                                                          gdn_e2m0_top_aligned_sum_guarded_512_s_222 |         43 |         43 |       0 |    0 |    366 |      0 |      0 |    0 |          0 |
|           grp_aligned_sum_guarded_512_Pipeline_align_terms_fu_226                                           |                                       gdn_e2m0_top_aligned_sum_guarded_512_Pipeline_align_terms_242 |        899 |        897 |       0 |    2 |    382 |      0 |      0 |    0 |          0 |
|             (grp_aligned_sum_guarded_512_Pipeline_align_terms_fu_226)                                       |                                       gdn_e2m0_top_aligned_sum_guarded_512_Pipeline_align_terms_242 |        754 |        752 |       0 |    2 |    380 |      0 |      0 |    0 |          0 |
|             flow_control_loop_pipe_sequential_init_U                                                        |                                             gdn_e2m0_top_flow_control_loop_pipe_sequential_init_245 |        145 |        145 |       0 |    0 |      2 |      0 |      0 |    0 |          0 |
|           grp_aligned_sum_guarded_512_Pipeline_find_dominant_fu_156                                         |                                     gdn_e2m0_top_aligned_sum_guarded_512_Pipeline_find_dominant_243 |         71 |         71 |       0 |    0 |     28 |      0 |      0 |    0 |          0 |
|             (grp_aligned_sum_guarded_512_Pipeline_find_dominant_fu_156)                                     |                                     gdn_e2m0_top_aligned_sum_guarded_512_Pipeline_find_dominant_243 |         54 |         54 |       0 |    0 |     26 |      0 |      0 |    0 |          0 |
|         grp_p_anonymous_namespace_dot_log_entry_Pipeline_dot_log_vector_terms_dot_log_key_ter_fu_254        |  gdn_e2m0_top_p_anonymous_namespace_dot_log_entry_Pipeline_dot_log_vector_terms_dot_log_key_ter_223 |        303 |        284 |       0 |   19 |    473 |      0 |      0 |    0 |          0 |
|           (grp_p_anonymous_namespace_dot_log_entry_Pipeline_dot_log_vector_terms_dot_log_key_ter_fu_254)    |  gdn_e2m0_top_p_anonymous_namespace_dot_log_entry_Pipeline_dot_log_vector_terms_dot_log_key_ter_223 |        266 |        247 |       0 |   19 |    471 |      0 |      0 |    0 |          0 |
|     grp_gdn_e2m0_top_impl_Outline_prediction_log_entries_fu_9505                                            |                                       gdn_e2m0_top_gdn_e2m0_top_impl_Outline_prediction_log_entries |       2113 |       1788 |     304 |   21 |   2041 |      0 |      0 |    0 |          0 |
|       (grp_gdn_e2m0_top_impl_Outline_prediction_log_entries_fu_9505)                                        |                                       gdn_e2m0_top_gdn_e2m0_top_impl_Outline_prediction_log_entries |         18 |         18 |       0 |    0 |    285 |      0 |      0 |    0 |          0 |
|       grp_p_anonymous_namespace_dot_log_entry_fu_349                                                        |                                                    gdn_e2m0_top_p_anonymous_namespace_dot_log_entry |       2095 |       1770 |     304 |   21 |   1756 |      0 |      0 |    0 |          0 |
|         (grp_p_anonymous_namespace_dot_log_entry_fu_349)                                                    |                                                    gdn_e2m0_top_p_anonymous_namespace_dot_log_entry |        718 |        718 |       0 |    0 |    203 |      0 |      0 |    0 |          0 |
|         grp_aligned_sum_guarded_512_s_fu_338                                                                |                                                          gdn_e2m0_top_aligned_sum_guarded_512_s_184 |        756 |        754 |       0 |    2 |    776 |      0 |      0 |    0 |          0 |
|           (grp_aligned_sum_guarded_512_s_fu_338)                                                            |                                                          gdn_e2m0_top_aligned_sum_guarded_512_s_184 |         42 |         42 |       0 |    0 |    366 |      0 |      0 |    0 |          0 |
|           grp_aligned_sum_guarded_512_Pipeline_align_terms_fu_226                                           |                                       gdn_e2m0_top_aligned_sum_guarded_512_Pipeline_align_terms_201 |        643 |        641 |       0 |    2 |    382 |      0 |      0 |    0 |          0 |
|             (grp_aligned_sum_guarded_512_Pipeline_align_terms_fu_226)                                       |                                       gdn_e2m0_top_aligned_sum_guarded_512_Pipeline_align_terms_201 |        498 |        496 |       0 |    2 |    380 |      0 |      0 |    0 |          0 |
|             flow_control_loop_pipe_sequential_init_U                                                        |                                             gdn_e2m0_top_flow_control_loop_pipe_sequential_init_204 |        145 |        145 |       0 |    0 |      2 |      0 |      0 |    0 |          0 |
|           grp_aligned_sum_guarded_512_Pipeline_find_dominant_fu_156                                         |                                     gdn_e2m0_top_aligned_sum_guarded_512_Pipeline_find_dominant_202 |         71 |         71 |       0 |    0 |     28 |      0 |      0 |    0 |          0 |
|             (grp_aligned_sum_guarded_512_Pipeline_find_dominant_fu_156)                                     |                                     gdn_e2m0_top_aligned_sum_guarded_512_Pipeline_find_dominant_202 |         54 |         54 |       0 |    0 |     26 |      0 |      0 |    0 |          0 |
|         grp_p_anonymous_namespace_dot_log_entry_Pipeline_dot_log_vector_terms_dot_log_key_ter_fu_254        |      gdn_e2m0_top_p_anonymous_namespace_dot_log_entry_Pipeline_dot_log_vector_terms_dot_log_key_ter |        281 |        262 |       0 |   19 |    473 |      0 |      0 |    0 |          0 |
|           (grp_p_anonymous_namespace_dot_log_entry_Pipeline_dot_log_vector_terms_dot_log_key_ter_fu_254)    |      gdn_e2m0_top_p_anonymous_namespace_dot_log_entry_Pipeline_dot_log_vector_terms_dot_log_key_ter |        244 |        225 |       0 |   19 |    471 |      0 |      0 |    0 |          0 |
|     grp_gdn_e2m0_top_impl_Pipeline_clear_e2m0_output_heads_clear_e2m0_output_values_fu_9299                 |            gdn_e2m0_top_gdn_e2m0_top_impl_Pipeline_clear_e2m0_output_heads_clear_e2m0_output_values |        243 |        242 |       0 |    1 |    249 |      0 |      0 |    0 |          0 |
|       (grp_gdn_e2m0_top_impl_Pipeline_clear_e2m0_output_heads_clear_e2m0_output_values_fu_9299)             |            gdn_e2m0_top_gdn_e2m0_top_impl_Pipeline_clear_e2m0_output_heads_clear_e2m0_output_values |        204 |        203 |       0 |    1 |    247 |      0 |      0 |    0 |          0 |
|     grp_p_anonymous_namespace_combine_action_fu_9802                                                        |                                                   gdn_e2m0_top_p_anonymous_namespace_combine_action |       7009 |       7008 |       0 |    1 |   4679 |      0 |      0 |    0 |          6 |
|       (grp_p_anonymous_namespace_combine_action_fu_9802)                                                    |                                                   gdn_e2m0_top_p_anonymous_namespace_combine_action |       2156 |       2156 |       0 |    0 |   3246 |      0 |      0 |    0 |          0 |
|       grp_aligned_sum_guarded_15_s_fu_855                                                                   |                                                               gdn_e2m0_top_aligned_sum_guarded_15_s |       2324 |       2323 |       0 |    1 |    878 |      0 |      0 |    0 |          0 |
|         (grp_aligned_sum_guarded_15_s_fu_855)                                                               |                                                               gdn_e2m0_top_aligned_sum_guarded_15_s |         76 |         76 |       0 |    0 |    387 |      0 |      0 |    0 |          0 |
|         grp_aligned_sum_guarded_15_Pipeline_align_terms_fu_404                                              |                                            gdn_e2m0_top_aligned_sum_guarded_15_Pipeline_align_terms |       1835 |       1834 |       0 |    1 |    468 |      0 |      0 |    0 |          0 |
|           (grp_aligned_sum_guarded_15_Pipeline_align_terms_fu_404)                                          |                                            gdn_e2m0_top_aligned_sum_guarded_15_Pipeline_align_terms |       1280 |       1279 |       0 |    1 |    466 |      0 |      0 |    0 |          0 |
|           flow_control_loop_pipe_sequential_init_U                                                          |                                             gdn_e2m0_top_flow_control_loop_pipe_sequential_init_166 |        555 |        555 |       0 |    0 |      2 |      0 |      0 |    0 |          0 |
|         grp_aligned_sum_guarded_15_Pipeline_find_dominant_fu_338                                            |                                          gdn_e2m0_top_aligned_sum_guarded_15_Pipeline_find_dominant |        413 |        413 |       0 |    0 |     23 |      0 |      0 |    0 |          0 |
|           (grp_aligned_sum_guarded_15_Pipeline_find_dominant_fu_338)                                        |                                          gdn_e2m0_top_aligned_sum_guarded_15_Pipeline_find_dominant |         50 |         50 |       0 |    0 |     21 |      0 |      0 |    0 |          0 |
|           flow_control_loop_pipe_sequential_init_U                                                          |                                             gdn_e2m0_top_flow_control_loop_pipe_sequential_init_165 |        363 |        363 |       0 |    0 |      2 |      0 |      0 |    0 |          0 |
|       mul_32s_16ns_48_2_1_U727                                                                              |                                                                gdn_e2m0_top_mul_32s_16ns_48_2_1_149 |         82 |         82 |       0 |    0 |     17 |      0 |      0 |    0 |          2 |
|       mul_5s_32s_36_2_1_U768                                                                                |                                                                      gdn_e2m0_top_mul_5s_32s_36_2_1 |        170 |        170 |       0 |    0 |     36 |      0 |      0 |    0 |          0 |
|       mul_5s_32s_36_2_1_U769                                                                                |                                                                  gdn_e2m0_top_mul_5s_32s_36_2_1_152 |        170 |        170 |       0 |    0 |     36 |      0 |      0 |    0 |          0 |
|       mul_5s_32s_36_2_1_U770                                                                                |                                                                  gdn_e2m0_top_mul_5s_32s_36_2_1_153 |        170 |        170 |       0 |    0 |     36 |      0 |      0 |    0 |          0 |
|       mul_5s_32s_36_2_1_U771                                                                                |                                                                  gdn_e2m0_top_mul_5s_32s_36_2_1_154 |        170 |        170 |       0 |    0 |     36 |      0 |      0 |    0 |          0 |
|       mul_5s_32s_36_2_1_U772                                                                                |                                                                  gdn_e2m0_top_mul_5s_32s_36_2_1_155 |        170 |        170 |       0 |    0 |     36 |      0 |      0 |    0 |          0 |
|       mul_5s_32s_36_2_1_U773                                                                                |                                                                  gdn_e2m0_top_mul_5s_32s_36_2_1_156 |        170 |        170 |       0 |    0 |     36 |      0 |      0 |    0 |          0 |
|       mul_5s_32s_36_2_1_U774                                                                                |                                                                  gdn_e2m0_top_mul_5s_32s_36_2_1_157 |        170 |        170 |       0 |    0 |     36 |      0 |      0 |    0 |          0 |
|       mul_5s_32s_36_2_1_U775                                                                                |                                                                  gdn_e2m0_top_mul_5s_32s_36_2_1_158 |        170 |        170 |       0 |    0 |     36 |      0 |      0 |    0 |          0 |
|       mul_5s_32s_36_2_1_U776                                                                                |                                                                  gdn_e2m0_top_mul_5s_32s_36_2_1_159 |        170 |        170 |       0 |    0 |     36 |      0 |      0 |    0 |          0 |
|       mul_5s_32s_36_2_1_U777                                                                                |                                                                  gdn_e2m0_top_mul_5s_32s_36_2_1_160 |        170 |        170 |       0 |    0 |     36 |      0 |      0 |    0 |          0 |
|       mul_5s_32s_36_2_1_U780                                                                                |                                                                  gdn_e2m0_top_mul_5s_32s_36_2_1_161 |        193 |        193 |       0 |    0 |     36 |      0 |      0 |    0 |          0 |
|       mul_5s_32s_36_2_1_U782                                                                                |                                                                  gdn_e2m0_top_mul_5s_32s_36_2_1_162 |        180 |        180 |       0 |    0 |     36 |      0 |      0 |    0 |          0 |
|       mul_5s_32s_36_2_1_U785                                                                                |                                                                  gdn_e2m0_top_mul_5s_32s_36_2_1_163 |        193 |        193 |       0 |    0 |     36 |      0 |      0 |    0 |          0 |
|       mul_5s_32s_36_2_1_U786                                                                                |                                                                  gdn_e2m0_top_mul_5s_32s_36_2_1_164 |        180 |        180 |       0 |    0 |     36 |      0 |      0 |    0 |          0 |
|     grp_p_anonymous_namespace_dot_base_column_fu_9624                                                       |                                                  gdn_e2m0_top_p_anonymous_namespace_dot_base_column |       2453 |       2152 |     288 |   13 |   2020 |      0 |      0 |    0 |          2 |
|       (grp_p_anonymous_namespace_dot_base_column_fu_9624)                                                   |                                                  gdn_e2m0_top_p_anonymous_namespace_dot_base_column |        252 |        252 |       0 |    0 |    252 |      0 |      0 |    0 |          0 |
|       grp_aligned_sum_guarded_512_s_fu_462                                                                  |                                                              gdn_e2m0_top_aligned_sum_guarded_512_s |       1159 |       1157 |       0 |    2 |    775 |      0 |      0 |    0 |          0 |
|         (grp_aligned_sum_guarded_512_s_fu_462)                                                              |                                                              gdn_e2m0_top_aligned_sum_guarded_512_s |         32 |         32 |       0 |    0 |    367 |      0 |      0 |    0 |          0 |
|         grp_aligned_sum_guarded_512_Pipeline_align_terms_fu_226                                             |                                           gdn_e2m0_top_aligned_sum_guarded_512_Pipeline_align_terms |       1048 |       1046 |       0 |    2 |    380 |      0 |      0 |    0 |          0 |
|           (grp_aligned_sum_guarded_512_Pipeline_align_terms_fu_226)                                         |                                           gdn_e2m0_top_aligned_sum_guarded_512_Pipeline_align_terms |        891 |        889 |       0 |    2 |    378 |      0 |      0 |    0 |          0 |
|           flow_control_loop_pipe_sequential_init_U                                                          |                                             gdn_e2m0_top_flow_control_loop_pipe_sequential_init_148 |        157 |        157 |       0 |    0 |      2 |      0 |      0 |    0 |          0 |
|         grp_aligned_sum_guarded_512_Pipeline_find_dominant_fu_156                                           |                                         gdn_e2m0_top_aligned_sum_guarded_512_Pipeline_find_dominant |         79 |         79 |       0 |    0 |     28 |      0 |      0 |    0 |          0 |
|           (grp_aligned_sum_guarded_512_Pipeline_find_dominant_fu_156)                                       |                                         gdn_e2m0_top_aligned_sum_guarded_512_Pipeline_find_dominant |         58 |         58 |       0 |    0 |     26 |      0 |      0 |    0 |          0 |
|       grp_p_anonymous_namespace_dot_base_column_Pipeline_dot_base_vector_terms_dot_base_sta_fu_364          |      gdn_e2m0_top_p_anonymous_namespace_dot_base_column_Pipeline_dot_base_vector_terms_dot_base_sta |        710 |        699 |       0 |   11 |    688 |      0 |      0 |    0 |          0 |
|         (grp_p_anonymous_namespace_dot_base_column_Pipeline_dot_base_vector_terms_dot_base_sta_fu_364)      |      gdn_e2m0_top_p_anonymous_namespace_dot_base_column_Pipeline_dot_base_vector_terms_dot_base_sta |        697 |        686 |       0 |   11 |    686 |      0 |      0 |    0 |          0 |
|     grp_p_anonymous_namespace_fold_log_fu_9590                                                              |                                                         gdn_e2m0_top_p_anonymous_namespace_fold_log |      86849 |      86697 |       0 |  152 |  37063 |      0 |      0 |    0 |         32 |
|       (grp_p_anonymous_namespace_fold_log_fu_9590)                                                          |                                                         gdn_e2m0_top_p_anonymous_namespace_fold_log |       3813 |       3813 |       0 |    0 |   9816 |      0 |      0 |    0 |          0 |
|       grp_aligned_sum_guarded_2_s_fu_8489                                                                   |                                                                gdn_e2m0_top_aligned_sum_guarded_2_s |        977 |        976 |       0 |    1 |    712 |      0 |      0 |    0 |          0 |
|         (grp_aligned_sum_guarded_2_s_fu_8489)                                                               |                                                                gdn_e2m0_top_aligned_sum_guarded_2_s |         22 |         22 |       0 |    0 |    381 |      0 |      0 |    0 |          0 |
|         grp_aligned_sum_guarded_2_Pipeline_align_terms_fu_144                                               |                                             gdn_e2m0_top_aligned_sum_guarded_2_Pipeline_align_terms |        897 |        896 |       0 |    1 |    310 |      0 |      0 |    0 |          0 |
|           (grp_aligned_sum_guarded_2_Pipeline_align_terms_fu_144)                                           |                                             gdn_e2m0_top_aligned_sum_guarded_2_Pipeline_align_terms |        725 |        724 |       0 |    1 |    308 |      0 |      0 |    0 |          0 |
|           flow_control_loop_pipe_sequential_init_U                                                          |                                             gdn_e2m0_top_flow_control_loop_pipe_sequential_init_114 |        172 |        172 |       0 |    0 |      2 |      0 |      0 |    0 |          0 |
|         grp_aligned_sum_guarded_2_Pipeline_find_dominant_fu_130                                             |                                           gdn_e2m0_top_aligned_sum_guarded_2_Pipeline_find_dominant |         58 |         58 |       0 |    0 |     21 |      0 |      0 |    0 |          0 |
|       grp_aligned_sum_guarded_4_s_fu_8501                                                                   |                                                                gdn_e2m0_top_aligned_sum_guarded_4_s |       1505 |       1504 |       0 |    1 |    737 |      0 |      0 |    0 |          0 |
|         (grp_aligned_sum_guarded_4_s_fu_8501)                                                               |                                                                gdn_e2m0_top_aligned_sum_guarded_4_s |         32 |         32 |       0 |    0 |    384 |      0 |      0 |    0 |          0 |
|         grp_aligned_sum_guarded_4_Pipeline_align_terms_fu_180                                               |                                             gdn_e2m0_top_aligned_sum_guarded_4_Pipeline_align_terms |       1227 |       1226 |       0 |    1 |    331 |      0 |      0 |    0 |          0 |
|           (grp_aligned_sum_guarded_4_Pipeline_align_terms_fu_180)                                           |                                             gdn_e2m0_top_aligned_sum_guarded_4_Pipeline_align_terms |       1037 |       1036 |       0 |    1 |    329 |      0 |      0 |    0 |          0 |
|           flow_control_loop_pipe_sequential_init_U                                                          |                                             gdn_e2m0_top_flow_control_loop_pipe_sequential_init_112 |        190 |        190 |       0 |    0 |      2 |      0 |      0 |    0 |          0 |
|         grp_aligned_sum_guarded_4_Pipeline_find_dominant_fu_158                                             |                                           gdn_e2m0_top_aligned_sum_guarded_4_Pipeline_find_dominant |        246 |        246 |       0 |    0 |     22 |      0 |      0 |    0 |          0 |
|           (grp_aligned_sum_guarded_4_Pipeline_find_dominant_fu_158)                                         |                                           gdn_e2m0_top_aligned_sum_guarded_4_Pipeline_find_dominant |        183 |        183 |       0 |    0 |     20 |      0 |      0 |    0 |          0 |
|           flow_control_loop_pipe_sequential_init_U                                                          |                                             gdn_e2m0_top_flow_control_loop_pipe_sequential_init_111 |         63 |         63 |       0 |    0 |      2 |      0 |      0 |    0 |          0 |
|       grp_aligned_sum_guarded_8_s_fu_8515                                                                   |                                                                gdn_e2m0_top_aligned_sum_guarded_8_s |       1753 |       1752 |       0 |    1 |    855 |      0 |      0 |    0 |          0 |
|         (grp_aligned_sum_guarded_8_s_fu_8515)                                                               |                                                                gdn_e2m0_top_aligned_sum_guarded_8_s |         56 |         56 |       0 |    0 |    381 |      0 |      0 |    0 |          0 |
|         grp_aligned_sum_guarded_8_Pipeline_align_terms_fu_262                                               |                                             gdn_e2m0_top_aligned_sum_guarded_8_Pipeline_align_terms |       1529 |       1528 |       0 |    1 |    451 |      0 |      0 |    0 |          0 |
|           (grp_aligned_sum_guarded_8_Pipeline_align_terms_fu_262)                                           |                                             gdn_e2m0_top_aligned_sum_guarded_8_Pipeline_align_terms |       1192 |       1191 |       0 |    1 |    449 |      0 |      0 |    0 |          0 |
|           flow_control_loop_pipe_sequential_init_U                                                          |                                             gdn_e2m0_top_flow_control_loop_pipe_sequential_init_110 |        339 |        339 |       0 |    0 |      2 |      0 |      0 |    0 |          0 |
|         grp_aligned_sum_guarded_8_Pipeline_find_dominant_fu_224                                             |                                           gdn_e2m0_top_aligned_sum_guarded_8_Pipeline_find_dominant |        168 |        168 |       0 |    0 |     23 |      0 |      0 |    0 |          0 |
|           (grp_aligned_sum_guarded_8_Pipeline_find_dominant_fu_224)                                         |                                           gdn_e2m0_top_aligned_sum_guarded_8_Pipeline_find_dominant |         60 |         60 |       0 |    0 |     21 |      0 |      0 |    0 |          0 |
|           flow_control_loop_pipe_sequential_init_U                                                          |                                             gdn_e2m0_top_flow_control_loop_pipe_sequential_init_109 |        108 |        108 |       0 |    0 |      2 |      0 |      0 |    0 |          0 |
|       grp_p_anonymous_namespace_clear_log_fu_8470                                                           |                                                     gdn_e2m0_top_p_anonymous_namespace_clear_log_52 |        254 |        254 |       0 |    0 |    148 |      0 |      0 |    0 |          0 |
|         grp_p_anonymous_namespace_clear_log_Outline_clear_log_terms_fu_112                                  |                            gdn_e2m0_top_p_anonymous_namespace_clear_log_Outline_clear_log_terms_102 |        172 |        172 |       0 |    0 |    104 |      0 |      0 |    0 |          0 |
|           grp_p_anonymous_namespace_clear_log_Pipeline_clear_log_update_heads_clear_log_update_s_fu_108     | gdn_e2m0_top_p_anonymous_namespace_clear_log_Pipeline_clear_log_update_heads_clear_log_update_s_106 |         99 |         99 |       0 |    0 |     41 |      0 |      0 |    0 |          0 |
|             (grp_p_anonymous_namespace_clear_log_Pipeline_clear_log_update_heads_clear_log_update_s_fu_108) | gdn_e2m0_top_p_anonymous_namespace_clear_log_Pipeline_clear_log_update_heads_clear_log_update_s_106 |         69 |         69 |       0 |    0 |     39 |      0 |      0 |    0 |          0 |
|           grp_p_anonymous_namespace_clear_log_Pipeline_clear_log_key_heads_clear_log_key_blocks_fu_98       |  gdn_e2m0_top_p_anonymous_namespace_clear_log_Pipeline_clear_log_key_heads_clear_log_key_blocks_105 |         61 |         61 |       0 |    0 |     47 |      0 |      0 |    0 |          0 |
|       grp_p_anonymous_namespace_quantize_fold_block_fu_8537                                                 |                                              gdn_e2m0_top_p_anonymous_namespace_quantize_fold_block |      77579 |      77430 |       0 |  149 |  24795 |      0 |      0 |    0 |         32 |
|         (grp_p_anonymous_namespace_quantize_fold_block_fu_8537)                                             |                                              gdn_e2m0_top_p_anonymous_namespace_quantize_fold_block |      68822 |      68822 |       0 |    0 |  21095 |      0 |      0 |    0 |          0 |
|         grp_p_anonymous_namespace_quantize_fold_block_Pipeline_compare_scale_sse_fu_21586                   |                   gdn_e2m0_top_p_anonymous_namespace_quantize_fold_block_Pipeline_compare_scale_sse |       5583 |       5461 |       0 |  122 |   2599 |      0 |      0 |    0 |         32 |
|           (grp_p_anonymous_namespace_quantize_fold_block_Pipeline_compare_scale_sse_fu_21586)               |                   gdn_e2m0_top_p_anonymous_namespace_quantize_fold_block_Pipeline_compare_scale_sse |       4377 |       4289 |       0 |   88 |   2393 |      0 |      0 |    0 |          0 |
|           flow_control_loop_pipe_sequential_init_U                                                          |                                             gdn_e2m0_top_flow_control_loop_pipe_sequential_init_101 |        632 |        632 |       0 |    0 |      2 |      0 |      0 |    0 |          0 |
|           mul_64ns_64ns_127_5_1_U1174                                                                       |                                                                  gdn_e2m0_top_mul_64ns_64ns_127_5_1 |        238 |        221 |       0 |   17 |    102 |      0 |      0 |    0 |         16 |
|           mul_64ns_64ns_128_5_1_U1175                                                                       |                                                                  gdn_e2m0_top_mul_64ns_64ns_128_5_1 |        336 |        319 |       0 |   17 |    102 |      0 |      0 |    0 |         16 |
|         grp_p_anonymous_namespace_quantize_fold_block_Pipeline_quantize_fold_residual_fu_21668              |              gdn_e2m0_top_p_anonymous_namespace_quantize_fold_block_Pipeline_quantize_fold_residual |       3174 |       3147 |       0 |   27 |   1101 |      0 |      0 |    0 |          0 |
|           (grp_p_anonymous_namespace_quantize_fold_block_Pipeline_quantize_fold_residual_fu_21668)          |              gdn_e2m0_top_p_anonymous_namespace_quantize_fold_block_Pipeline_quantize_fold_residual |       2466 |       2439 |       0 |   27 |   1099 |      0 |      0 |    0 |          0 |
|           flow_control_loop_pipe_sequential_init_U                                                          |                                             gdn_e2m0_top_flow_control_loop_pipe_sequential_init_100 |        708 |        708 |       0 |    0 |      2 |      0 |      0 |    0 |          0 |
|     grp_p_anonymous_namespace_load_snapshot_fu_9344                                                         |                                                    gdn_e2m0_top_p_anonymous_namespace_load_snapshot |       1688 |       1665 |       0 |   23 |   1723 |      0 |      0 |    0 |          0 |
|       (grp_p_anonymous_namespace_load_snapshot_fu_9344)                                                     |                                                    gdn_e2m0_top_p_anonymous_namespace_load_snapshot |        386 |        383 |       0 |    3 |    510 |      0 |      0 |    0 |          0 |
|       grp_p_anonymous_namespace_load_snapshot_Outline_load_snapshot_terms_fu_514                            |                        gdn_e2m0_top_p_anonymous_namespace_load_snapshot_Outline_load_snapshot_terms |        832 |        818 |       0 |   14 |    775 |      0 |      0 |    0 |          0 |
|         grp_p_anonymous_namespace_load_snapshot_Outline_load_snapshot_update_heads_fu_178                   |                 gdn_e2m0_top_p_anonymous_namespace_load_snapshot_Outline_load_snapshot_update_heads |        408 |        401 |       0 |    7 |    378 |      0 |      0 |    0 |          0 |
|           (grp_p_anonymous_namespace_load_snapshot_Outline_load_snapshot_update_heads_fu_178)               |                 gdn_e2m0_top_p_anonymous_namespace_load_snapshot_Outline_load_snapshot_update_heads |         91 |         90 |       0 |    1 |    155 |      0 |      0 |    0 |          0 |
|           grp_p_anonymous_namespace_load_snapshot_Pipeline_load_snapshot_update_lanes_fu_243                |                gdn_e2m0_top_p_anonymous_namespace_load_snapshot_Pipeline_load_snapshot_update_lanes |        317 |        311 |       0 |    6 |    223 |      0 |      0 |    0 |          0 |
|             (grp_p_anonymous_namespace_load_snapshot_Pipeline_load_snapshot_update_lanes_fu_243)            |                gdn_e2m0_top_p_anonymous_namespace_load_snapshot_Pipeline_load_snapshot_update_lanes |        286 |        280 |       0 |    6 |    221 |      0 |      0 |    0 |          0 |
|         grp_p_anonymous_namespace_load_snapshot_Outline_load_snapshot_key_heads_fu_162                      |                    gdn_e2m0_top_p_anonymous_namespace_load_snapshot_Outline_load_snapshot_key_heads |        412 |        405 |       0 |    7 |    381 |      0 |      0 |    0 |          0 |
|           (grp_p_anonymous_namespace_load_snapshot_Outline_load_snapshot_key_heads_fu_162)                  |                    gdn_e2m0_top_p_anonymous_namespace_load_snapshot_Outline_load_snapshot_key_heads |        160 |        159 |       0 |    1 |    158 |      0 |      0 |    0 |          0 |
|           grp_p_anonymous_namespace_load_snapshot_Pipeline_load_snapshot_key_lanes_fu_211                   |                   gdn_e2m0_top_p_anonymous_namespace_load_snapshot_Pipeline_load_snapshot_key_lanes |        252 |        246 |       0 |    6 |    223 |      0 |      0 |    0 |          0 |
|             (grp_p_anonymous_namespace_load_snapshot_Pipeline_load_snapshot_key_lanes_fu_211)               |                   gdn_e2m0_top_p_anonymous_namespace_load_snapshot_Pipeline_load_snapshot_key_lanes |        221 |        215 |       0 |    6 |    221 |      0 |      0 |    0 |          0 |
|       grp_p_anonymous_namespace_load_snapshot_Pipeline_load_snapshot_lanes_fu_499                           |                       gdn_e2m0_top_p_anonymous_namespace_load_snapshot_Pipeline_load_snapshot_lanes |        432 |        426 |       0 |    6 |    397 |      0 |      0 |    0 |          0 |
|         (grp_p_anonymous_namespace_load_snapshot_Pipeline_load_snapshot_lanes_fu_499)                       |                       gdn_e2m0_top_p_anonymous_namespace_load_snapshot_Pipeline_load_snapshot_lanes |        375 |        369 |       0 |    6 |    395 |      0 |      0 |    0 |          0 |
|         flow_control_loop_pipe_sequential_init_U                                                            |                                              gdn_e2m0_top_flow_control_loop_pipe_sequential_init_48 |         57 |         57 |       0 |    0 |      2 |      0 |      0 |    0 |          0 |
|     grp_p_anonymous_namespace_quantize_update_block_fu_9655                                                 |                                            gdn_e2m0_top_p_anonymous_namespace_quantize_update_block |      72082 |      71887 |       0 |  195 |  23767 |      0 |      0 |    0 |          0 |
|       (grp_p_anonymous_namespace_quantize_update_block_fu_9655)                                             |                                            gdn_e2m0_top_p_anonymous_namespace_quantize_update_block |      66920 |      66920 |       0 |    0 |  21231 |      0 |      0 |    0 |          0 |
|       grp_p_anonymous_namespace_quantize_update_block_Pipeline_quantize_update_second_fu_21513              |            gdn_e2m0_top_p_anonymous_namespace_quantize_update_block_Pipeline_quantize_update_second |       5161 |       4966 |       0 |  195 |   2536 |      0 |      0 |    0 |          0 |
|         (grp_p_anonymous_namespace_quantize_update_block_Pipeline_quantize_update_second_fu_21513)          |            gdn_e2m0_top_p_anonymous_namespace_quantize_update_block_Pipeline_quantize_update_second |       4439 |       4244 |       0 |  195 |   2534 |      0 |      0 |    0 |          0 |
|         flow_control_loop_pipe_sequential_init_U                                                            |                                              gdn_e2m0_top_flow_control_loop_pipe_sequential_init_47 |        722 |        722 |       0 |    0 |      2 |      0 |      0 |    0 |          0 |
|     grp_p_anonymous_namespace_read_snapshot_fu_9849                                                         |                                                    gdn_e2m0_top_p_anonymous_namespace_read_snapshot |       1144 |       1136 |       0 |    8 |   1782 |      0 |      0 |    0 |          0 |
|       (grp_p_anonymous_namespace_read_snapshot_fu_9849)                                                     |                                                    gdn_e2m0_top_p_anonymous_namespace_read_snapshot |        446 |        443 |       0 |    3 |    798 |      0 |      0 |    0 |          0 |
|       grp_p_anonymous_namespace_read_snapshot_Outline_read_snapshot_terms_fu_509                            |                        gdn_e2m0_top_p_anonymous_namespace_read_snapshot_Outline_read_snapshot_terms |        410 |        406 |       0 |    4 |    793 |      0 |      0 |    0 |          0 |
|         grp_p_anonymous_namespace_read_snapshot_Outline_read_snapshot_update_heads_fu_178                   |                 gdn_e2m0_top_p_anonymous_namespace_read_snapshot_Outline_read_snapshot_update_heads |        202 |        200 |       0 |    2 |    383 |      0 |      0 |    0 |          0 |
|           (grp_p_anonymous_namespace_read_snapshot_Outline_read_snapshot_update_heads_fu_178)               |                 gdn_e2m0_top_p_anonymous_namespace_read_snapshot_Outline_read_snapshot_update_heads |         40 |         39 |       0 |    1 |    292 |      0 |      0 |    0 |          0 |
|           grp_p_anonymous_namespace_read_snapshot_Pipeline_read_snapshot_update_lanes_fu_235                |                gdn_e2m0_top_p_anonymous_namespace_read_snapshot_Pipeline_read_snapshot_update_lanes |        162 |        161 |       0 |    1 |     91 |      0 |      0 |    0 |          0 |
|             (grp_p_anonymous_namespace_read_snapshot_Pipeline_read_snapshot_update_lanes_fu_235)            |                gdn_e2m0_top_p_anonymous_namespace_read_snapshot_Pipeline_read_snapshot_update_lanes |         87 |         86 |       0 |    1 |     89 |      0 |      0 |    0 |          0 |
|             flow_control_loop_pipe_sequential_init_U                                                        |                                              gdn_e2m0_top_flow_control_loop_pipe_sequential_init_45 |         75 |         75 |       0 |    0 |      2 |      0 |      0 |    0 |          0 |
|         grp_p_anonymous_namespace_read_snapshot_Outline_read_snapshot_key_heads_fu_162                      |                    gdn_e2m0_top_p_anonymous_namespace_read_snapshot_Outline_read_snapshot_key_heads |        197 |        195 |       0 |    2 |    394 |      0 |      0 |    0 |          0 |
|           (grp_p_anonymous_namespace_read_snapshot_Outline_read_snapshot_key_heads_fu_162)                  |                    gdn_e2m0_top_p_anonymous_namespace_read_snapshot_Outline_read_snapshot_key_heads |         36 |         35 |       0 |    1 |    303 |      0 |      0 |    0 |          0 |
|           grp_p_anonymous_namespace_read_snapshot_Pipeline_read_snapshot_key_lanes_fu_207                   |                   gdn_e2m0_top_p_anonymous_namespace_read_snapshot_Pipeline_read_snapshot_key_lanes |        161 |        160 |       0 |    1 |     91 |      0 |      0 |    0 |          0 |
|             (grp_p_anonymous_namespace_read_snapshot_Pipeline_read_snapshot_key_lanes_fu_207)               |                   gdn_e2m0_top_p_anonymous_namespace_read_snapshot_Pipeline_read_snapshot_key_lanes |         86 |         85 |       0 |    1 |     89 |      0 |      0 |    0 |          0 |
|             flow_control_loop_pipe_sequential_init_U                                                        |                                              gdn_e2m0_top_flow_control_loop_pipe_sequential_init_46 |         75 |         75 |       0 |    0 |      2 |      0 |      0 |    0 |          0 |
|       grp_p_anonymous_namespace_read_snapshot_Pipeline_read_snapshot_lanes_fu_494                           |                       gdn_e2m0_top_p_anonymous_namespace_read_snapshot_Pipeline_read_snapshot_lanes |        258 |        257 |       0 |    1 |    164 |      0 |      0 |    0 |          0 |
|         (grp_p_anonymous_namespace_read_snapshot_Pipeline_read_snapshot_lanes_fu_494)                       |                       gdn_e2m0_top_p_anonymous_namespace_read_snapshot_Pipeline_read_snapshot_lanes |        127 |        126 |       0 |    1 |    162 |      0 |      0 |    0 |          0 |
|         flow_control_loop_pipe_sequential_init_U                                                            |                                              gdn_e2m0_top_flow_control_loop_pipe_sequential_init_43 |        131 |        131 |       0 |    0 |      2 |      0 |      0 |    0 |          0 |
|     grp_p_anonymous_namespace_reset_slot_fu_9394                                                            |                                                       gdn_e2m0_top_p_anonymous_namespace_reset_slot |       1184 |       1184 |       0 |    0 |    239 |      0 |      0 |    0 |          0 |
|       (grp_p_anonymous_namespace_reset_slot_fu_9394)                                                        |                                                       gdn_e2m0_top_p_anonymous_namespace_reset_slot |       1011 |       1011 |       0 |    0 |     91 |      0 |      0 |    0 |          0 |
|       grp_p_anonymous_namespace_clear_log_fu_272                                                            |                                                        gdn_e2m0_top_p_anonymous_namespace_clear_log |        173 |        173 |       0 |    0 |    148 |      0 |      0 |    0 |          0 |
|         (grp_p_anonymous_namespace_clear_log_fu_272)                                                        |                                                        gdn_e2m0_top_p_anonymous_namespace_clear_log |         63 |         63 |       0 |    0 |     36 |      0 |      0 |    0 |          0 |
|     grp_p_anonymous_namespace_store_key_fu_9536                                                             |                                                        gdn_e2m0_top_p_anonymous_namespace_store_key |        458 |        451 |       0 |    7 |    467 |      0 |      0 |    0 |          0 |
|       (grp_p_anonymous_namespace_store_key_fu_9536)                                                         |                                                        gdn_e2m0_top_p_anonymous_namespace_store_key |         80 |         79 |       0 |    1 |    244 |      0 |      0 |    0 |          0 |
|       grp_p_anonymous_namespace_store_key_Pipeline_store_key_lanes_fu_224                                   |                               gdn_e2m0_top_p_anonymous_namespace_store_key_Pipeline_store_key_lanes |        378 |        372 |       0 |    6 |    223 |      0 |      0 |    0 |          0 |
|         (grp_p_anonymous_namespace_store_key_Pipeline_store_key_lanes_fu_224)                               |                               gdn_e2m0_top_p_anonymous_namespace_store_key_Pipeline_store_key_lanes |        348 |        342 |       0 |    6 |    221 |      0 |      0 |    0 |          0 |
|     grp_p_anonymous_namespace_validate_snapshot_fu_9308                                                     |                                                gdn_e2m0_top_p_anonymous_namespace_validate_snapshot |        710 |        699 |       0 |   11 |   1116 |      0 |      0 |    0 |          0 |
|       (grp_p_anonymous_namespace_validate_snapshot_fu_9308)                                                 |                                                gdn_e2m0_top_p_anonymous_namespace_validate_snapshot |        267 |        262 |       0 |    5 |    768 |      0 |      0 |    0 |          0 |
|       grp_p_anonymous_namespace_validate_snapshot_Pipeline_validate_snapshot_key_lanes_fu_636               |           gdn_e2m0_top_p_anonymous_namespace_validate_snapshot_Pipeline_validate_snapshot_key_lanes |        118 |        116 |       0 |    2 |     93 |      0 |      0 |    0 |          0 |
|         (grp_p_anonymous_namespace_validate_snapshot_Pipeline_validate_snapshot_key_lanes_fu_636)           |           gdn_e2m0_top_p_anonymous_namespace_validate_snapshot_Pipeline_validate_snapshot_key_lanes |         89 |         87 |       0 |    2 |     91 |      0 |      0 |    0 |          0 |
|       grp_p_anonymous_namespace_validate_snapshot_Pipeline_validate_snapshot_lanes_fu_619                   |               gdn_e2m0_top_p_anonymous_namespace_validate_snapshot_Pipeline_validate_snapshot_lanes |        206 |        204 |       0 |    2 |    162 |      0 |      0 |    0 |          0 |
|         (grp_p_anonymous_namespace_validate_snapshot_Pipeline_validate_snapshot_lanes_fu_619)               |               gdn_e2m0_top_p_anonymous_namespace_validate_snapshot_Pipeline_validate_snapshot_lanes |        184 |        182 |       0 |    2 |    160 |      0 |      0 |    0 |          0 |
|       grp_p_anonymous_namespace_validate_snapshot_Pipeline_validate_snapshot_update_lanes_fu_651            |        gdn_e2m0_top_p_anonymous_namespace_validate_snapshot_Pipeline_validate_snapshot_update_lanes |        119 |        117 |       0 |    2 |     93 |      0 |      0 |    0 |          0 |
|         (grp_p_anonymous_namespace_validate_snapshot_Pipeline_validate_snapshot_update_lanes_fu_651)        |        gdn_e2m0_top_p_anonymous_namespace_validate_snapshot_Pipeline_validate_snapshot_update_lanes |         90 |         88 |       0 |    2 |     91 |      0 |      0 |    0 |          0 |
|     grp_p_anonymous_namespace_validate_token_fu_9424                                                        |                                                   gdn_e2m0_top_p_anonymous_namespace_validate_token |        746 |        738 |       0 |    8 |    748 |      0 |      0 |    0 |          0 |
|       (grp_p_anonymous_namespace_validate_token_fu_9424)                                                    |                                                   gdn_e2m0_top_p_anonymous_namespace_validate_token |         77 |         75 |       0 |    2 |    199 |      0 |      0 |    0 |          0 |
|       grp_p_anonymous_namespace_validate_qk_stack_fu_190                                                    |                                                gdn_e2m0_top_p_anonymous_namespace_validate_qk_stack |        390 |        387 |       0 |    3 |    273 |      0 |      0 |    0 |          0 |
|         (grp_p_anonymous_namespace_validate_qk_stack_fu_190)                                                |                                                gdn_e2m0_top_p_anonymous_namespace_validate_qk_stack |         96 |         95 |       0 |    1 |    180 |      0 |      0 |    0 |          0 |
|         grp_p_anonymous_namespace_validate_qk_stack_Pipeline_validate_qk_lanes_fu_148                       |                     gdn_e2m0_top_p_anonymous_namespace_validate_qk_stack_Pipeline_validate_qk_lanes |        294 |        292 |       0 |    2 |     93 |      0 |      0 |    0 |          0 |
|           (grp_p_anonymous_namespace_validate_qk_stack_Pipeline_validate_qk_lanes_fu_148)                   |                     gdn_e2m0_top_p_anonymous_namespace_validate_qk_stack_Pipeline_validate_qk_lanes |        265 |        263 |       0 |    2 |     91 |      0 |      0 |    0 |          0 |
|       grp_p_anonymous_namespace_validate_value_stack_fu_203                                                 |                                             gdn_e2m0_top_p_anonymous_namespace_validate_value_stack |        279 |        276 |       0 |    3 |    276 |      0 |      0 |    0 |          0 |
|         (grp_p_anonymous_namespace_validate_value_stack_fu_203)                                             |                                             gdn_e2m0_top_p_anonymous_namespace_validate_value_stack |         37 |         36 |       0 |    1 |    183 |      0 |      0 |    0 |          0 |
|         grp_p_anonymous_namespace_validate_value_stack_Pipeline_validate_value_lanes_fu_150                 |               gdn_e2m0_top_p_anonymous_namespace_validate_value_stack_Pipeline_validate_value_lanes |        242 |        240 |       0 |    2 |     93 |      0 |      0 |    0 |          0 |
|           (grp_p_anonymous_namespace_validate_value_stack_Pipeline_validate_value_lanes_fu_150)             |               gdn_e2m0_top_p_anonymous_namespace_validate_value_stack_Pipeline_validate_value_lanes |        212 |        210 |       0 |    2 |     91 |      0 |      0 |    0 |          0 |
|     resident_keys_U                                                                                         |                                      gdn_e2m0_top_gdn_e2m0_top_impl_resident_keys_RAM_T2P_URAM_1R1W |        518 |        518 |       0 |    0 |     18 |      0 |      0 |   16 |          0 |
|     resident_primary_U                                                                                      |                                   gdn_e2m0_top_gdn_e2m0_top_impl_resident_primary_RAM_T2P_URAM_1R1W |       5121 |       5121 |       0 |    0 |     98 |      0 |      0 |  288 |          0 |
|     resident_primary_scales_U                                                                               |                            gdn_e2m0_top_gdn_e2m0_top_impl_resident_primary_scales_RAM_T2P_BRAM_1R1W |         93 |         93 |       0 |    0 |      3 |    160 |      0 |    0 |          0 |
|     resident_residual_U                                                                                     |                                  gdn_e2m0_top_gdn_e2m0_top_impl_resident_residual_RAM_T2P_URAM_1R1W |       3841 |       3841 |       0 |    0 |     94 |      0 |      0 |  288 |          0 |
|     resident_residual_scales_U                                                                              |                         gdn_e2m0_top_gdn_e2m0_top_impl_resident_primary_scales_RAM_T2P_BRAM_1R1W_34 |         91 |         91 |       0 |    0 |      3 |    160 |      0 |    0 |          0 |
|     resident_update_scales_U                                                                                |                             gdn_e2m0_top_gdn_e2m0_top_impl_resident_update_scales_RAM_T2P_BRAM_1R1W |        100 |        100 |       0 |    0 |      0 |     16 |      0 |    0 |          0 |
|     resident_updates_U                                                                                      |                                   gdn_e2m0_top_gdn_e2m0_top_impl_resident_updates_RAM_T2P_URAM_1R1W |       1027 |       1027 |       0 |    0 |     34 |      0 |      0 |   32 |          0 |
+-------------------------------------------------------------------------------------------------------------+-----------------------------------------------------------------------------------------------------+------------+------------+---------+------+--------+--------+--------+------+------------+


