Copyright 1986-2022 Xilinx, Inc. All Rights Reserved. Copyright 2022-2025 Advanced Micro Devices, Inc. All Rights Reserved.
--------------------------------------------------------------------------------------------------------------------------------------------------
| Tool Version      : Vivado v.2025.2 (win64) Build 6299465 Fri Nov 14 19:35:11 GMT 2025
| Date              : Thu Aug  6 07:01:11 2026
| Host              : Tyler running 64-bit major release  (build 9200)
| Command           : report_clock_utilization -file X:/reports/vivado/corrected/rs2_current/impl_clock_util.rpt
| Design            : gdn_rs2_top
| Device            : xcu55c-fsvh2892
| Speed File        : -2L  PRODUCTION 1.30 05-01-2022
| Temperature Grade : E
| Design State      : Routed
--------------------------------------------------------------------------------------------------------------------------------------------------

Clock Utilization Report

Table of Contents
-----------------
1. Clock Primitive Utilization
2. Global Clock Resources
3. Global Clock Source Details
4. Clock Regions : Clock Primitives
5. Clock Regions : Load Primitives
6. Clock Regions : Global Clock Summary
7. Clock Regions : Routing Resource Utilization
8. Device Cell Placement Summary for Global Clock g0
9. Device Cell Placement Summary for Global Clock g1
10. Clock Region Cell Placement per Global Clock: Region X4Y2
11. Clock Region Cell Placement per Global Clock: Region X4Y3
12. Clock Region Cell Placement per Global Clock: Region X5Y3
13. Clock Region Cell Placement per Global Clock: Region X0Y4
14. Clock Region Cell Placement per Global Clock: Region X1Y4
15. Clock Region Cell Placement per Global Clock: Region X2Y4
16. Clock Region Cell Placement per Global Clock: Region X3Y4
17. Clock Region Cell Placement per Global Clock: Region X4Y4
18. Clock Region Cell Placement per Global Clock: Region X5Y4
19. Clock Region Cell Placement per Global Clock: Region X0Y5
20. Clock Region Cell Placement per Global Clock: Region X1Y5
21. Clock Region Cell Placement per Global Clock: Region X2Y5
22. Clock Region Cell Placement per Global Clock: Region X3Y5
23. Clock Region Cell Placement per Global Clock: Region X4Y5
24. Clock Region Cell Placement per Global Clock: Region X5Y5
25. Clock Region Cell Placement per Global Clock: Region X6Y5
26. Clock Region Cell Placement per Global Clock: Region X0Y6
27. Clock Region Cell Placement per Global Clock: Region X1Y6
28. Clock Region Cell Placement per Global Clock: Region X2Y6
29. Clock Region Cell Placement per Global Clock: Region X3Y6
30. Clock Region Cell Placement per Global Clock: Region X4Y6
31. Clock Region Cell Placement per Global Clock: Region X5Y6
32. Clock Region Cell Placement per Global Clock: Region X6Y6
33. Clock Region Cell Placement per Global Clock: Region X1Y7
34. Clock Region Cell Placement per Global Clock: Region X2Y7
35. Clock Region Cell Placement per Global Clock: Region X3Y7
36. Clock Region Cell Placement per Global Clock: Region X4Y7
37. Clock Region Cell Placement per Global Clock: Region X5Y7
38. Clock Region Cell Placement per Global Clock: Region X6Y7
39. Clock Region Cell Placement per Global Clock: Region X1Y8
40. Clock Region Cell Placement per Global Clock: Region X2Y8
41. Clock Region Cell Placement per Global Clock: Region X3Y8
42. Clock Region Cell Placement per Global Clock: Region X4Y8
43. Clock Region Cell Placement per Global Clock: Region X5Y8
44. Clock Region Cell Placement per Global Clock: Region X6Y8
45. Clock Region Cell Placement per Global Clock: Region X1Y9
46. Clock Region Cell Placement per Global Clock: Region X2Y9
47. Clock Region Cell Placement per Global Clock: Region X3Y9
48. Clock Region Cell Placement per Global Clock: Region X4Y9
49. Clock Region Cell Placement per Global Clock: Region X5Y9
50. Clock Region Cell Placement per Global Clock: Region X6Y9
51. Clock Region Cell Placement per Global Clock: Region X1Y10
52. Clock Region Cell Placement per Global Clock: Region X2Y10
53. Clock Region Cell Placement per Global Clock: Region X3Y10
54. Clock Region Cell Placement per Global Clock: Region X4Y10
55. Clock Region Cell Placement per Global Clock: Region X5Y10
56. Clock Region Cell Placement per Global Clock: Region X6Y10
57. Clock Region Cell Placement per Global Clock: Region X1Y11
58. Clock Region Cell Placement per Global Clock: Region X2Y11
59. Clock Region Cell Placement per Global Clock: Region X3Y11
60. Clock Region Cell Placement per Global Clock: Region X4Y11
61. Clock Region Cell Placement per Global Clock: Region X5Y11

1. Clock Primitive Utilization
------------------------------

+------------+------+-----------+-----+--------------+--------+
| Type       | Used | Available | LOC | Clock Region | Pblock |
+------------+------+-----------+-----+--------------+--------+
| BUFGCE     |    2 |       288 |   0 |            0 |      0 |
| BUFGCE_DIV |    0 |        48 |   0 |            0 |      0 |
| BUFGCTRL   |    0 |        96 |   0 |            0 |      0 |
| BUFG_GT    |    0 |       576 |   0 |            0 |      0 |
| MMCM       |    0 |        12 |   0 |            0 |      0 |
| PLL        |    0 |        24 |   0 |            0 |      0 |
+------------+------+-----------+-----+--------------+--------+


2. Global Clock Resources
-------------------------

+-----------+-----------+-----------------+------------+---------------+--------------+------+-------------------+------------------+-------------------+-------------+-----------------+--------------+--------+-------------------------------+-------------------+
| Global Id | Source Id | Driver Type/Pin | Constraint | Site          | Clock Region | Root | Clock Delay Group | Clock Low Fanout | Load Clock Region | Clock Loads | Non-Clock Loads | Clock Period | Clock  | Driver Pin                    | Net               |
+-----------+-----------+-----------------+------------+---------------+--------------+------+-------------------+------------------+-------------------+-------------+-----------------+--------------+--------+-------------------------------+-------------------+
| g0        | src0      | BUFGCE/O        | None       | BUFGCE_X0Y0   | X4Y0         | X4Y6 |                   |                  |                48 |       75625 |               0 |        4.000 | ap_clk | ooc_ap_clk_bufg/O             | ooc_ap_clk_global |
| g1        | src1      | BUFGCE/O        | None       | BUFGCE_X0Y146 | X4Y6         | X4Y6 | n/a               |                  |                 8 |           0 |            2264 |          n/a | n/a    | ap_CS_fsm_reg[0]_bufg_place/O | ap_CS_fsm_state1  |
+-----------+-----------+-----------------+------------+---------------+--------------+------+-------------------+------------------+-------------------+-------------+-----------------+--------------+--------+-------------------------------+-------------------+
* Clock Loads column represents cell count of net connects that connect to a clock pin. Internal cell leaf pins are not considered
** Non-Clock Loads column represents cell count of non-clock pin loads


3. Global Clock Source Details
------------------------------

+-----------+-----------+-----------------+------------+---------------+--------------+-------------+-----------------+---------------------+--------------+--------------------+-----------------------------+
| Source Id | Global Id | Driver Type/Pin | Constraint | Site          | Clock Region | Clock Loads | Non-Clock Loads | Source Clock Period | Source Clock | Driver Pin         | Net                         |
+-----------+-----------+-----------------+------------+---------------+--------------+-------------+-----------------+---------------------+--------------+--------------------+-----------------------------+
| src0      | g0        | port/ap_clk     | None       | BUFGCE_X0Y0   | X4Y0         |           1 |               0 |                     |              | ooc_ap_clk_bufg/I  | ap_clk                      |
| src1      | g1        | FDSE/Q          | None       | SLICE_X95Y342 | X3Y5         |           1 |               0 |                     |              | ap_CS_fsm_reg[0]/Q | ap_CS_fsm_state1_bufg_place |
+-----------+-----------+-----------------+------------+---------------+--------------+-------------+-----------------+---------------------+--------------+--------------------+-----------------------------+
* Clock Loads column represents cell count of net connects that connect to a clock pin. Internal cell leaf pins are not considered
** Non-Clock Loads column represents cell count of non-clock pin loads


4. Clock Regions : Clock Primitives
-----------------------------------

+-------------------+---------------+---------------+---------------+---------------+---------------+---------------+---------------+
|                   |  Global Clock |     BUFGCE    |   BUFGCE_DIV  |    BUFGCTRL   |    BUFG_GT    |      MMCM     |      PLL      |
+-------------------+-------+-------+-------+-------+-------+-------+-------+-------+-------+-------+-------+-------+-------+-------+
| Clock Region Name | Used  | Avail | Used  | Avail | Used  | Avail | Used  | Avail | Used  | Avail | Used  | Avail | Used  | Avail |
+-------------------+-------+-------+-------+-------+-------+-------+-------+-------+-------+-------+-------+-------+-------+-------+
| X0Y0              |     0 |    24 |     0 |     0 |     0 |     0 |     0 |     0 |     0 |    24 |     0 |     0 |     0 |     0 |
| X1Y0              |     0 |    24 |     0 |     0 |     0 |     0 |     0 |     0 |     0 |     0 |     0 |     0 |     0 |     0 |
| X2Y0              |     0 |    24 |     0 |     0 |     0 |     0 |     0 |     0 |     0 |     0 |     0 |     0 |     0 |     0 |
| X3Y0              |     0 |    24 |     0 |     0 |     0 |     0 |     0 |     0 |     0 |     0 |     0 |     0 |     0 |     0 |
| X4Y0              |     0 |    24 |     1 |    24 |     0 |     4 |     0 |     8 |     0 |     0 |     0 |     1 |     0 |     2 |
| X5Y0              |     0 |    24 |     0 |     0 |     0 |     0 |     0 |     0 |     0 |     0 |     0 |     0 |     0 |     0 |
| X6Y0              |     0 |    24 |     0 |     0 |     0 |     0 |     0 |     0 |     0 |     0 |     0 |     0 |     0 |     0 |
| X7Y0              |     0 |    24 |     0 |     0 |     0 |     0 |     0 |     0 |     0 |    24 |     0 |     0 |     0 |     0 |
| X0Y1              |     0 |    24 |     0 |     0 |     0 |     0 |     0 |     0 |     0 |    24 |     0 |     0 |     0 |     0 |
| X1Y1              |     0 |    24 |     0 |     0 |     0 |     0 |     0 |     0 |     0 |     0 |     0 |     0 |     0 |     0 |
| X2Y1              |     0 |    24 |     0 |     0 |     0 |     0 |     0 |     0 |     0 |     0 |     0 |     0 |     0 |     0 |
| X3Y1              |     0 |    24 |     0 |     0 |     0 |     0 |     0 |     0 |     0 |     0 |     0 |     0 |     0 |     0 |
| X4Y1              |     0 |    24 |     0 |    24 |     0 |     4 |     0 |     8 |     0 |     0 |     0 |     1 |     0 |     2 |
| X5Y1              |     0 |    24 |     0 |     0 |     0 |     0 |     0 |     0 |     0 |     0 |     0 |     0 |     0 |     0 |
| X6Y1              |     0 |    24 |     0 |     0 |     0 |     0 |     0 |     0 |     0 |     0 |     0 |     0 |     0 |     0 |
| X7Y1              |     0 |    24 |     0 |     0 |     0 |     0 |     0 |     0 |     0 |    24 |     0 |     0 |     0 |     0 |
| X0Y2              |     0 |    24 |     0 |     0 |     0 |     0 |     0 |     0 |     0 |    24 |     0 |     0 |     0 |     0 |
| X1Y2              |     0 |    24 |     0 |     0 |     0 |     0 |     0 |     0 |     0 |     0 |     0 |     0 |     0 |     0 |
| X2Y2              |     0 |    24 |     0 |     0 |     0 |     0 |     0 |     0 |     0 |     0 |     0 |     0 |     0 |     0 |
| X3Y2              |     0 |    24 |     0 |     0 |     0 |     0 |     0 |     0 |     0 |     0 |     0 |     0 |     0 |     0 |
| X4Y2              |     1 |    24 |     0 |    24 |     0 |     4 |     0 |     8 |     0 |     0 |     0 |     1 |     0 |     2 |
| X5Y2              |     0 |    24 |     0 |     0 |     0 |     0 |     0 |     0 |     0 |     0 |     0 |     0 |     0 |     0 |
| X6Y2              |     0 |    24 |     0 |     0 |     0 |     0 |     0 |     0 |     0 |     0 |     0 |     0 |     0 |     0 |
| X7Y2              |     0 |    24 |     0 |     0 |     0 |     0 |     0 |     0 |     0 |    24 |     0 |     0 |     0 |     0 |
| X0Y3              |     0 |    24 |     0 |     0 |     0 |     0 |     0 |     0 |     0 |    24 |     0 |     0 |     0 |     0 |
| X1Y3              |     0 |    24 |     0 |     0 |     0 |     0 |     0 |     0 |     0 |     0 |     0 |     0 |     0 |     0 |
| X2Y3              |     0 |    24 |     0 |     0 |     0 |     0 |     0 |     0 |     0 |     0 |     0 |     0 |     0 |     0 |
| X3Y3              |     0 |    24 |     0 |     0 |     0 |     0 |     0 |     0 |     0 |     0 |     0 |     0 |     0 |     0 |
| X4Y3              |     1 |    24 |     0 |    24 |     0 |     4 |     0 |     8 |     0 |     0 |     0 |     1 |     0 |     2 |
| X5Y3              |     1 |    24 |     0 |     0 |     0 |     0 |     0 |     0 |     0 |     0 |     0 |     0 |     0 |     0 |
| X6Y3              |     0 |    24 |     0 |     0 |     0 |     0 |     0 |     0 |     0 |     0 |     0 |     0 |     0 |     0 |
| X7Y3              |     0 |    24 |     0 |     0 |     0 |     0 |     0 |     0 |     0 |    24 |     0 |     0 |     0 |     0 |
| X0Y4              |     1 |    24 |     0 |     0 |     0 |     0 |     0 |     0 |     0 |    24 |     0 |     0 |     0 |     0 |
| X1Y4              |     1 |    24 |     0 |     0 |     0 |     0 |     0 |     0 |     0 |     0 |     0 |     0 |     0 |     0 |
| X2Y4              |     1 |    24 |     0 |     0 |     0 |     0 |     0 |     0 |     0 |     0 |     0 |     0 |     0 |     0 |
| X3Y4              |     1 |    24 |     0 |     0 |     0 |     0 |     0 |     0 |     0 |     0 |     0 |     0 |     0 |     0 |
| X4Y4              |     1 |    24 |     0 |    24 |     0 |     4 |     0 |     8 |     0 |     0 |     0 |     1 |     0 |     2 |
| X5Y4              |     1 |    24 |     0 |     0 |     0 |     0 |     0 |     0 |     0 |     0 |     0 |     0 |     0 |     0 |
| X6Y4              |     0 |    24 |     0 |     0 |     0 |     0 |     0 |     0 |     0 |     0 |     0 |     0 |     0 |     0 |
| X7Y4              |     0 |    24 |     0 |     0 |     0 |     0 |     0 |     0 |     0 |    24 |     0 |     0 |     0 |     0 |
| X0Y5              |     1 |    24 |     0 |     0 |     0 |     0 |     0 |     0 |     0 |    24 |     0 |     0 |     0 |     0 |
| X1Y5              |     2 |    24 |     0 |     0 |     0 |     0 |     0 |     0 |     0 |     0 |     0 |     0 |     0 |     0 |
| X2Y5              |     2 |    24 |     0 |     0 |     0 |     0 |     0 |     0 |     0 |     0 |     0 |     0 |     0 |     0 |
| X3Y5              |     2 |    24 |     0 |     0 |     0 |     0 |     0 |     0 |     0 |     0 |     0 |     0 |     0 |     0 |
| X4Y5              |     2 |    24 |     0 |    24 |     0 |     4 |     0 |     8 |     0 |     0 |     0 |     1 |     0 |     2 |
| X5Y5              |     1 |    24 |     0 |     0 |     0 |     0 |     0 |     0 |     0 |     0 |     0 |     0 |     0 |     0 |
| X6Y5              |     1 |    24 |     0 |     0 |     0 |     0 |     0 |     0 |     0 |     0 |     0 |     0 |     0 |     0 |
| X7Y5              |     0 |    24 |     0 |     0 |     0 |     0 |     0 |     0 |     0 |    24 |     0 |     0 |     0 |     0 |
| X0Y6              |     1 |    24 |     0 |     0 |     0 |     0 |     0 |     0 |     0 |    24 |     0 |     0 |     0 |     0 |
| X1Y6              |     2 |    24 |     0 |     0 |     0 |     0 |     0 |     0 |     0 |     0 |     0 |     0 |     0 |     0 |
| X2Y6              |     2 |    24 |     0 |     0 |     0 |     0 |     0 |     0 |     0 |     0 |     0 |     0 |     0 |     0 |
| X3Y6              |     2 |    24 |     0 |     0 |     0 |     0 |     0 |     0 |     0 |     0 |     0 |     0 |     0 |     0 |
| X4Y6              |     2 |    24 |     1 |    24 |     0 |     4 |     0 |     8 |     0 |     0 |     0 |     1 |     0 |     2 |
| X5Y6              |     1 |    24 |     0 |     0 |     0 |     0 |     0 |     0 |     0 |     0 |     0 |     0 |     0 |     0 |
| X6Y6              |     1 |    24 |     0 |     0 |     0 |     0 |     0 |     0 |     0 |     0 |     0 |     0 |     0 |     0 |
| X7Y6              |     0 |    24 |     0 |     0 |     0 |     0 |     0 |     0 |     0 |    24 |     0 |     0 |     0 |     0 |
| X0Y7              |     0 |    24 |     0 |     0 |     0 |     0 |     0 |     0 |     0 |    24 |     0 |     0 |     0 |     0 |
| X1Y7              |     1 |    24 |     0 |     0 |     0 |     0 |     0 |     0 |     0 |     0 |     0 |     0 |     0 |     0 |
| X2Y7              |     2 |    24 |     0 |     0 |     0 |     0 |     0 |     0 |     0 |     0 |     0 |     0 |     0 |     0 |
| X3Y7              |     2 |    24 |     0 |     0 |     0 |     0 |     0 |     0 |     0 |     0 |     0 |     0 |     0 |     0 |
| X4Y7              |     2 |    24 |     0 |    24 |     0 |     4 |     0 |     8 |     0 |     0 |     0 |     1 |     0 |     2 |
| X5Y7              |     1 |    24 |     0 |     0 |     0 |     0 |     0 |     0 |     0 |     0 |     0 |     0 |     0 |     0 |
| X6Y7              |     1 |    24 |     0 |     0 |     0 |     0 |     0 |     0 |     0 |     0 |     0 |     0 |     0 |     0 |
| X7Y7              |     0 |    24 |     0 |     0 |     0 |     0 |     0 |     0 |     0 |    24 |     0 |     0 |     0 |     0 |
| X0Y8              |     0 |    24 |     0 |     0 |     0 |     0 |     0 |     0 |     0 |    24 |     0 |     0 |     0 |     0 |
| X1Y8              |     1 |    24 |     0 |     0 |     0 |     0 |     0 |     0 |     0 |     0 |     0 |     0 |     0 |     0 |
| X2Y8              |     1 |    24 |     0 |     0 |     0 |     0 |     0 |     0 |     0 |     0 |     0 |     0 |     0 |     0 |
| X3Y8              |     1 |    24 |     0 |     0 |     0 |     0 |     0 |     0 |     0 |     0 |     0 |     0 |     0 |     0 |
| X4Y8              |     1 |    24 |     0 |    24 |     0 |     4 |     0 |     8 |     0 |     0 |     0 |     1 |     0 |     2 |
| X5Y8              |     1 |    24 |     0 |     0 |     0 |     0 |     0 |     0 |     0 |     0 |     0 |     0 |     0 |     0 |
| X6Y8              |     1 |    24 |     0 |     0 |     0 |     0 |     0 |     0 |     0 |     0 |     0 |     0 |     0 |     0 |
| X7Y8              |     0 |    24 |     0 |     0 |     0 |     0 |     0 |     0 |     0 |    24 |     0 |     0 |     0 |     0 |
| X0Y9              |     0 |    24 |     0 |     0 |     0 |     0 |     0 |     0 |     0 |    24 |     0 |     0 |     0 |     0 |
| X1Y9              |     1 |    24 |     0 |     0 |     0 |     0 |     0 |     0 |     0 |     0 |     0 |     0 |     0 |     0 |
| X2Y9              |     1 |    24 |     0 |     0 |     0 |     0 |     0 |     0 |     0 |     0 |     0 |     0 |     0 |     0 |
| X3Y9              |     1 |    24 |     0 |     0 |     0 |     0 |     0 |     0 |     0 |     0 |     0 |     0 |     0 |     0 |
| X4Y9              |     1 |    24 |     0 |    24 |     0 |     4 |     0 |     8 |     0 |     0 |     0 |     1 |     0 |     2 |
| X5Y9              |     1 |    24 |     0 |     0 |     0 |     0 |     0 |     0 |     0 |     0 |     0 |     0 |     0 |     0 |
| X6Y9              |     1 |    24 |     0 |     0 |     0 |     0 |     0 |     0 |     0 |     0 |     0 |     0 |     0 |     0 |
| X7Y9              |     0 |    24 |     0 |     0 |     0 |     0 |     0 |     0 |     0 |    24 |     0 |     0 |     0 |     0 |
| X0Y10             |     0 |    24 |     0 |     0 |     0 |     0 |     0 |     0 |     0 |    24 |     0 |     0 |     0 |     0 |
| X1Y10             |     1 |    24 |     0 |     0 |     0 |     0 |     0 |     0 |     0 |     0 |     0 |     0 |     0 |     0 |
| X2Y10             |     1 |    24 |     0 |     0 |     0 |     0 |     0 |     0 |     0 |     0 |     0 |     0 |     0 |     0 |
| X3Y10             |     1 |    24 |     0 |     0 |     0 |     0 |     0 |     0 |     0 |     0 |     0 |     0 |     0 |     0 |
| X4Y10             |     1 |    24 |     0 |    24 |     0 |     4 |     0 |     8 |     0 |     0 |     0 |     1 |     0 |     2 |
| X5Y10             |     1 |    24 |     0 |     0 |     0 |     0 |     0 |     0 |     0 |     0 |     0 |     0 |     0 |     0 |
| X6Y10             |     1 |    24 |     0 |     0 |     0 |     0 |     0 |     0 |     0 |     0 |     0 |     0 |     0 |     0 |
| X7Y10             |     0 |    24 |     0 |     0 |     0 |     0 |     0 |     0 |     0 |    24 |     0 |     0 |     0 |     0 |
| X0Y11             |     0 |    24 |     0 |     0 |     0 |     0 |     0 |     0 |     0 |    24 |     0 |     0 |     0 |     0 |
| X1Y11             |     1 |    24 |     0 |     0 |     0 |     0 |     0 |     0 |     0 |     0 |     0 |     0 |     0 |     0 |
| X2Y11             |     1 |    24 |     0 |     0 |     0 |     0 |     0 |     0 |     0 |     0 |     0 |     0 |     0 |     0 |
| X3Y11             |     1 |    24 |     0 |     0 |     0 |     0 |     0 |     0 |     0 |     0 |     0 |     0 |     0 |     0 |
| X4Y11             |     1 |    24 |     0 |    24 |     0 |     4 |     0 |     8 |     0 |     0 |     0 |     1 |     0 |     2 |
| X5Y11             |     1 |    24 |     0 |     0 |     0 |     0 |     0 |     0 |     0 |     0 |     0 |     0 |     0 |     0 |
| X6Y11             |     0 |    24 |     0 |     0 |     0 |     0 |     0 |     0 |     0 |     0 |     0 |     0 |     0 |     0 |
| X7Y11             |     0 |    24 |     0 |     0 |     0 |     0 |     0 |     0 |     0 |    24 |     0 |     0 |     0 |     0 |
+-------------------+-------+-------+-------+-------+-------+-------+-------+-------+-------+-------+-------+-------+-------+-------+
* Global Clock column represents track count; while other columns represents cell counts


5. Clock Regions : Load Primitives
----------------------------------

+-------------------+------------------+------------------+------------------+------------------+------------------+------------------+------------------+------------------+
|                   |   Global Clock   |        FF        |      LUTRAM      |  Block RAM (18K) |       URAM       |        DSP       |        GT        |      HARD IP     |
+-------------------+--------+---------+--------+---------+--------+---------+--------+---------+--------+---------+--------+---------+--------+---------+--------+---------+
| Clock Region Name | Used   | Avail   | Used   | Avail   | Used   | Avail   | Used   | Avail   | Used   | Avail   | Used   | Avail   | Used   | Avail   | Used   | Avail   |
+-------------------+--------+---------+--------+---------+--------+---------+--------+---------+--------+---------+--------+---------+--------+---------+--------+---------+
| X0Y0              |      0 |      24 |      0 |   29760 |      0 |    6720 |      0 |      48 |      0 |       0 |      0 |      72 |      0 |       4 |      0 |       1 |
| X1Y0              |      0 |      24 |      0 |   24960 |      0 |    6720 |      0 |      48 |      0 |      16 |      0 |      72 |      0 |       0 |      0 |       0 |
| X2Y0              |      0 |      24 |      0 |   36480 |      0 |    7680 |      0 |      72 |      0 |       0 |      0 |      90 |      0 |       0 |      0 |       0 |
| X3Y0              |      0 |      24 |      0 |   21120 |      0 |    5760 |      0 |      24 |      0 |      16 |      0 |      54 |      0 |       0 |      0 |       0 |
| X4Y0              |      0 |      24 |      0 |   27840 |      0 |    6240 |      0 |      48 |      0 |      16 |      0 |      72 |      0 |       0 |      0 |       2 |
| X5Y0              |      0 |      24 |      0 |   28800 |      0 |    6720 |      0 |      24 |      0 |      16 |      0 |      90 |      0 |       0 |      0 |       0 |
| X6Y0              |      0 |      24 |      0 |   28800 |      0 |    6720 |      0 |      24 |      0 |      16 |      0 |      90 |      0 |       0 |      0 |       0 |
| X7Y0              |      0 |      24 |      0 |   25920 |      0 |    6720 |      0 |      48 |      0 |       0 |      0 |      36 |      0 |       4 |      0 |       1 |
| X0Y1              |      0 |      24 |      0 |   29760 |      0 |    6720 |      0 |      48 |      0 |       0 |      0 |      96 |      0 |       4 |      0 |       1 |
| X1Y1              |      0 |      24 |      0 |   24960 |      0 |    6720 |      0 |      48 |      0 |      16 |      0 |      96 |      0 |       0 |      0 |       0 |
| X2Y1              |      0 |      24 |      0 |   36480 |      0 |    7680 |      0 |      72 |      0 |       0 |      0 |     120 |      0 |       0 |      0 |       0 |
| X3Y1              |      0 |      24 |      0 |   21120 |      0 |    5760 |      0 |      24 |      0 |      16 |      0 |      72 |      0 |       0 |      0 |       0 |
| X4Y1              |      0 |      24 |      0 |   27840 |      0 |    6240 |      0 |      48 |      0 |      16 |      0 |      96 |      0 |       0 |      0 |       0 |
| X5Y1              |      0 |      24 |      0 |   28800 |      0 |    6720 |      0 |      24 |      0 |      16 |      0 |     120 |      0 |       0 |      0 |       0 |
| X6Y1              |      0 |      24 |      0 |   28800 |      0 |    6720 |      0 |      24 |      0 |      16 |      0 |     120 |      0 |       0 |      0 |       0 |
| X7Y1              |      0 |      24 |      0 |   25920 |      0 |    6720 |      0 |      48 |      0 |       0 |      0 |      48 |      0 |       4 |      0 |       0 |
| X0Y2              |      0 |      24 |      0 |   29760 |      0 |    6720 |      0 |      48 |      0 |       0 |      0 |      96 |      0 |       4 |      0 |       1 |
| X1Y2              |      0 |      24 |      0 |   24960 |      0 |    6720 |      0 |      48 |      0 |      16 |      0 |      96 |      0 |       0 |      0 |       0 |
| X2Y2              |      0 |      24 |      0 |   36480 |      0 |    7680 |      0 |      72 |      0 |       0 |      0 |     120 |      0 |       0 |      0 |       0 |
| X3Y2              |      0 |      24 |      0 |   21120 |      0 |    5760 |      0 |      24 |      0 |      16 |      0 |      72 |      0 |       0 |      0 |       0 |
| X4Y2              |      1 |      24 |      0 |   27840 |      8 |    6240 |      0 |      48 |      8 |      16 |      0 |      96 |      0 |       0 |      0 |       0 |
| X5Y2              |      0 |      24 |      0 |   28800 |      0 |    6720 |      0 |      24 |      0 |      16 |      0 |     120 |      0 |       0 |      0 |       0 |
| X6Y2              |      0 |      24 |      0 |   28800 |      0 |    6720 |      0 |      24 |      0 |      16 |      0 |     120 |      0 |       0 |      0 |       0 |
| X7Y2              |      0 |      24 |      0 |   25920 |      0 |    6720 |      0 |      48 |      0 |       0 |      0 |      48 |      0 |       4 |      0 |       0 |
| X0Y3              |      0 |      24 |      0 |   27840 |      0 |    5760 |      0 |      48 |      0 |       0 |      0 |      96 |      0 |       4 |      0 |       1 |
| X1Y3              |      0 |      24 |      0 |   23040 |      0 |    5760 |      0 |      48 |      0 |      16 |      0 |      96 |      0 |       0 |      0 |       0 |
| X2Y3              |      0 |      24 |      0 |   34560 |      0 |    6720 |      0 |      72 |      0 |       0 |      0 |     120 |      0 |       0 |      0 |       0 |
| X3Y3              |      0 |      24 |      0 |   19200 |      0 |    4800 |      0 |      24 |      0 |      16 |      0 |      72 |      0 |       0 |      0 |       0 |
| X4Y3              |      1 |      24 |      0 |   25920 |     16 |    5280 |      0 |      48 |     16 |      16 |      0 |      96 |      0 |       0 |      0 |       0 |
| X5Y3              |      1 |      24 |      0 |   26880 |      8 |    5760 |      0 |      24 |      8 |      16 |      0 |     120 |      0 |       0 |      0 |       0 |
| X6Y3              |      0 |      24 |      0 |   26880 |      0 |    5760 |      0 |      24 |      0 |      16 |      0 |     120 |      0 |       0 |      0 |       0 |
| X7Y3              |      0 |      24 |      0 |   24000 |      0 |    5760 |      0 |      48 |      0 |       0 |      0 |      48 |      0 |       4 |      0 |       1 |
| X0Y4              |      1 |      24 |   1027 |   27840 |     86 |    5760 |      0 |      48 |      0 |       0 |      0 |      96 |      0 |       4 |      0 |       1 |
| X1Y4              |      1 |      24 |   3411 |   23040 |    141 |    5760 |     24 |      48 |      5 |      16 |      0 |      96 |      0 |       0 |      0 |       0 |
| X2Y4              |      1 |      24 |   6572 |   34560 |    482 |    6720 |     63 |      72 |      0 |       0 |      0 |     120 |      0 |       0 |      0 |       0 |
| X3Y4              |      1 |      24 |   4401 |   19200 |    298 |    4800 |     24 |      24 |     16 |      16 |      0 |      72 |      0 |       0 |      0 |       0 |
| X4Y4              |      1 |      24 |   1582 |   25920 |     50 |    5280 |     38 |      48 |     16 |      16 |      0 |      96 |      0 |       0 |      0 |       0 |
| X5Y4              |      1 |      24 |      0 |   26880 |     16 |    5760 |     10 |      24 |     16 |      16 |      0 |     120 |      0 |       0 |      0 |       0 |
| X6Y4              |      0 |      24 |      0 |   26880 |      0 |    5760 |      0 |      24 |      0 |      16 |      0 |     120 |      0 |       0 |      0 |       0 |
| X7Y4              |      0 |      24 |      0 |   24000 |      0 |    5760 |      0 |      48 |      0 |       0 |      0 |      48 |      0 |       4 |      0 |       1 |
| X0Y5              |      1 |      24 |    362 |   29760 |      5 |    6720 |     10 |      48 |      0 |       0 |      0 |      96 |      0 |       4 |      0 |       1 |
| X1Y5              |      2 |      24 |   3563 |   24960 |    111 |    6720 |     48 |      48 |     16 |      16 |      0 |      96 |      0 |       0 |      0 |       0 |
| X2Y5              |      2 |      24 |   9062 |   36480 |    214 |    7680 |     72 |      72 |      0 |       0 |      1 |     120 |      0 |       0 |      0 |       0 |
| X3Y5              |      2 |      24 |   6225 |   21120 |    734 |    5760 |     24 |      24 |     16 |      16 |      4 |      72 |      0 |       0 |      0 |       0 |
| X4Y5              |      2 |      24 |   3799 |   27840 |    516 |    6240 |     48 |      48 |     16 |      16 |      6 |      96 |      0 |       0 |      0 |       0 |
| X5Y5              |      1 |      24 |      0 |   28800 |     16 |    6720 |     24 |      24 |     16 |      16 |      0 |     120 |      0 |       0 |      0 |       0 |
| X6Y5              |      1 |      24 |      0 |   28800 |     16 |    6720 |      4 |      24 |     16 |      16 |      0 |     120 |      0 |       0 |      0 |       0 |
| X7Y5              |      0 |      24 |      0 |   25920 |      0 |    6720 |      0 |      48 |      0 |       0 |      0 |      48 |      0 |       4 |      0 |       0 |
| X0Y6              |      1 |      24 |    205 |   29760 |      1 |    6720 |     20 |      48 |      0 |       0 |      0 |      96 |      0 |       4 |      0 |       1 |
| X1Y6              |      2 |      24 |   4386 |   24960 |    171 |    6720 |     47 |      48 |     16 |      16 |      0 |      96 |      0 |       0 |      0 |       0 |
| X2Y6              |      2 |      24 |  11505 |   36480 |    622 |    7680 |     71 |      72 |      0 |       0 |      0 |     120 |      0 |       0 |      0 |       0 |
| X3Y6              |      2 |      24 |   4309 |   21120 |    536 |    5760 |     24 |      24 |     16 |      16 |      0 |      72 |      0 |       0 |      0 |       0 |
| X4Y6              |      2 |      24 |   1911 |   27840 |    101 |    6240 |     46 |      48 |     16 |      16 |      0 |      96 |      0 |       0 |      0 |       0 |
| X5Y6              |      1 |      24 |     98 |   28800 |     16 |    6720 |     20 |      24 |     16 |      16 |      0 |     120 |      0 |       0 |      0 |       0 |
| X6Y6              |      1 |      24 |      1 |   28800 |     16 |    6720 |      4 |      24 |     16 |      16 |      0 |     120 |      0 |       0 |      0 |       0 |
| X7Y6              |      0 |      24 |      0 |   25920 |      0 |    6720 |      0 |      48 |      0 |       0 |      0 |      48 |      0 |       4 |      0 |       0 |
| X0Y7              |      0 |      24 |      0 |   27840 |      0 |    5760 |      0 |      48 |      0 |       0 |      0 |      96 |      0 |       4 |      0 |       1 |
| X1Y7              |      1 |      24 |    307 |   23040 |     71 |    5760 |     15 |      48 |      9 |      16 |      0 |      96 |      0 |       0 |      0 |       0 |
| X2Y7              |      2 |      24 |   4180 |   34560 |    594 |    6720 |     35 |      72 |      0 |       0 |      0 |     120 |      0 |       0 |      0 |       0 |
| X3Y7              |      2 |      24 |   1243 |   19200 |    163 |    4800 |      3 |      24 |     16 |      16 |      0 |      72 |      0 |       0 |      0 |       0 |
| X4Y7              |      2 |      24 |    896 |   25920 |     62 |    5280 |      8 |      48 |     16 |      16 |      0 |      96 |      0 |       0 |      0 |       0 |
| X5Y7              |      1 |      24 |    158 |   26880 |     16 |    5760 |      0 |      24 |     16 |      16 |      0 |     120 |      0 |       0 |      0 |       0 |
| X6Y7              |      1 |      24 |      0 |   26880 |      8 |    5760 |      0 |      24 |      8 |      16 |      0 |     120 |      0 |       0 |      0 |       0 |
| X7Y7              |      0 |      24 |      0 |   24000 |      0 |    5760 |      0 |      48 |      0 |       0 |      0 |      48 |      0 |       4 |      0 |       1 |
| X0Y8              |      0 |      24 |      0 |   27840 |      0 |    5760 |      0 |      48 |      0 |       0 |      0 |      96 |      0 |       4 |      0 |       1 |
| X1Y8              |      1 |      24 |      0 |   23040 |     16 |    5760 |      0 |      48 |     16 |      16 |      0 |      96 |      0 |       0 |      0 |       0 |
| X2Y8              |      1 |      24 |      0 |   34560 |      0 |    6720 |      0 |      72 |      0 |       0 |      0 |     120 |      0 |       0 |      0 |       0 |
| X3Y8              |      1 |      24 |     31 |   19200 |     16 |    4800 |      0 |      24 |     16 |      16 |      0 |      72 |      0 |       0 |      0 |       0 |
| X4Y8              |      1 |      24 |     34 |   25920 |     16 |    5280 |      0 |      48 |     16 |      16 |      0 |      96 |      0 |       0 |      0 |       0 |
| X5Y8              |      1 |      24 |      1 |   26880 |     16 |    5760 |      0 |      24 |     16 |      16 |      0 |     120 |      0 |       0 |      0 |       0 |
| X6Y8              |      1 |      24 |      0 |   26880 |     16 |    5760 |      0 |      24 |     16 |      16 |      0 |     120 |      0 |       0 |      0 |       0 |
| X7Y8              |      0 |      24 |      0 |   24000 |      0 |    5760 |      0 |      48 |      0 |       0 |      0 |      48 |      0 |       4 |      0 |       1 |
| X0Y9              |      0 |      24 |      0 |   29760 |      0 |    6720 |      0 |      48 |      0 |       0 |      0 |      96 |      0 |       4 |      0 |       1 |
| X1Y9              |      1 |      24 |      0 |   24960 |     16 |    6720 |      0 |      48 |     16 |      16 |      0 |      96 |      0 |       0 |      0 |       0 |
| X2Y9              |      1 |      24 |      0 |   36480 |      0 |    7680 |      0 |      72 |      0 |       0 |      0 |     120 |      0 |       0 |      0 |       0 |
| X3Y9              |      1 |      24 |    240 |   21120 |     18 |    5760 |      0 |      24 |     16 |      16 |      0 |      72 |      0 |       0 |      0 |       0 |
| X4Y9              |      1 |      24 |    104 |   27840 |     16 |    6240 |      0 |      48 |     16 |      16 |      0 |      96 |      0 |       0 |      0 |       0 |
| X5Y9              |      1 |      24 |     76 |   28800 |     16 |    6720 |      0 |      24 |     16 |      16 |      0 |     120 |      0 |       0 |      0 |       0 |
| X6Y9              |      1 |      24 |      0 |   28800 |     16 |    6720 |      0 |      24 |     16 |      16 |      0 |     120 |      0 |       0 |      0 |       0 |
| X7Y9              |      0 |      24 |      0 |   25920 |      0 |    6720 |      0 |      48 |      0 |       0 |      0 |      48 |      0 |       4 |      0 |       0 |
| X0Y10             |      0 |      24 |      0 |   29760 |      0 |    6720 |      0 |      48 |      0 |       0 |      0 |      96 |      0 |       4 |      0 |       1 |
| X1Y10             |      1 |      24 |      0 |   24960 |     16 |    6720 |      0 |      48 |     16 |      16 |      0 |      96 |      0 |       0 |      0 |       0 |
| X2Y10             |      1 |      24 |      0 |   36480 |      0 |    7680 |      0 |      72 |      0 |       0 |      0 |     120 |      0 |       0 |      0 |       0 |
| X3Y10             |      1 |      24 |      0 |   21120 |     16 |    5760 |      0 |      24 |     16 |      16 |      0 |      72 |      0 |       0 |      0 |       0 |
| X4Y10             |      1 |      24 |      2 |   27840 |     16 |    6240 |      0 |      48 |     16 |      16 |      0 |      96 |      0 |       0 |      0 |       0 |
| X5Y10             |      1 |      24 |    192 |   28800 |     16 |    6720 |      0 |      24 |     16 |      16 |      0 |     120 |      0 |       0 |      0 |       0 |
| X6Y10             |      1 |      24 |      0 |   28800 |     14 |    6720 |      0 |      24 |     14 |      16 |      0 |     120 |      0 |       0 |      0 |       0 |
| X7Y10             |      0 |      24 |      0 |   25920 |      0 |    6720 |      0 |      48 |      0 |       0 |      0 |      48 |      0 |       4 |      0 |       0 |
| X0Y11             |      0 |      24 |      0 |   27840 |      0 |    5760 |      0 |      48 |      0 |       0 |      0 |      96 |      0 |       4 |      0 |       1 |
| X1Y11             |      1 |      24 |      0 |   23040 |      4 |    5760 |      0 |      48 |      4 |      16 |      0 |      96 |      0 |       0 |      0 |       0 |
| X2Y11             |      1 |      24 |      0 |   34560 |      0 |    6720 |      0 |      72 |      0 |       0 |      0 |     120 |      0 |       0 |      0 |       0 |
| X3Y11             |      1 |      24 |      0 |   19200 |     16 |    4800 |      0 |      24 |     16 |      16 |      0 |      72 |      0 |       0 |      0 |       0 |
| X4Y11             |      1 |      24 |      0 |   25920 |     16 |    5280 |      0 |      48 |     16 |      16 |      0 |      96 |      0 |       0 |      0 |       0 |
| X5Y11             |      1 |      24 |      0 |   26880 |     14 |    5760 |      0 |      24 |     14 |      16 |      0 |     120 |      0 |       0 |      0 |       0 |
| X6Y11             |      0 |      24 |      0 |   26880 |      0 |    5760 |      0 |      24 |      0 |      16 |      0 |     120 |      0 |       0 |      0 |       0 |
| X7Y11             |      0 |      24 |      0 |   24000 |      0 |    5760 |      0 |      48 |      0 |       0 |      0 |      48 |      0 |       4 |      0 |       1 |
+-------------------+--------+---------+--------+---------+--------+---------+--------+---------+--------+---------+--------+---------+--------+---------+--------+---------+
* Global Clock column represents track count; while other columns represents cell counts


6. Clock Regions : Global Clock Summary
---------------------------------------

All Modules
+-----+----+----+----+----+----+----+----+----+
|     | X0 | X1 | X2 | X3 | X4 | X5 | X6 | X7 |
+-----+----+----+----+----+----+----+----+----+
| Y11 |  0 |  1 |  1 |  1 |  1 |  1 |  0 |  0 |
| Y10 |  0 |  1 |  1 |  1 |  1 |  1 |  1 |  0 |
| Y9  |  0 |  1 |  1 |  1 |  1 |  1 |  1 |  0 |
| Y8  |  0 |  1 |  1 |  1 |  1 |  1 |  1 |  0 |
| Y7  |  0 |  1 |  2 |  2 |  2 |  1 |  1 |  0 |
| Y6  |  1 |  2 |  2 |  2 |  2 |  1 |  1 |  0 |
| Y5  |  1 |  2 |  2 |  2 |  2 |  1 |  1 |  0 |
| Y4  |  1 |  1 |  1 |  1 |  1 |  1 |  0 |  0 |
| Y3  |  0 |  0 |  0 |  0 |  1 |  1 |  0 |  0 |
| Y2  |  0 |  0 |  0 |  0 |  1 |  0 |  0 |  0 |
| Y1  |  0 |  0 |  0 |  0 |  0 |  0 |  0 |  0 |
| Y0  |  0 |  0 |  0 |  0 |  0 |  0 |  0 |  0 |
+-----+----+----+----+----+----+----+----+----+


7. Clock Regions : Routing Resource Utilization
-----------------------------------------------

All Modules
+-------------------+----------------------+----------------------+----------------------+----------------------+
|                   |        HROUTES       |        HDISTRS       |        VROUTES       |        VDISTRS       |
+-------------------+------+-------+-------+------+-------+-------+------+-------+-------+------+-------+-------+
| Clock Region Name | Used | Avail | Util% | Used | Avail | Util% | Used | Avail | Util% | Used | Avail | Util% |
+-------------------+------+-------+-------+------+-------+-------+------+-------+-------+------+-------+-------+
| X0Y0              |    0 |    24 |  0.00 |    0 |    24 |  0.00 |    0 |    24 |  0.00 |    0 |    24 |  0.00 |
| X1Y0              |    0 |    24 |  0.00 |    0 |    24 |  0.00 |    0 |    24 |  0.00 |    0 |    24 |  0.00 |
| X2Y0              |    0 |    24 |  0.00 |    0 |    24 |  0.00 |    0 |    24 |  0.00 |    0 |    24 |  0.00 |
| X3Y0              |    0 |    24 |  0.00 |    0 |    24 |  0.00 |    0 |    24 |  0.00 |    0 |    24 |  0.00 |
| X4Y0              |    1 |    24 |  4.17 |    0 |    24 |  0.00 |    0 |    24 |  0.00 |    0 |    24 |  0.00 |
| X5Y0              |    0 |    24 |  0.00 |    0 |    24 |  0.00 |    0 |    24 |  0.00 |    0 |    24 |  0.00 |
| X6Y0              |    0 |    24 |  0.00 |    0 |    24 |  0.00 |    0 |    24 |  0.00 |    0 |    24 |  0.00 |
| X7Y0              |    0 |    24 |  0.00 |    0 |    24 |  0.00 |    0 |    24 |  0.00 |    0 |    24 |  0.00 |
| X0Y1              |    0 |    24 |  0.00 |    0 |    24 |  0.00 |    0 |    24 |  0.00 |    0 |    24 |  0.00 |
| X1Y1              |    0 |    24 |  0.00 |    0 |    24 |  0.00 |    0 |    24 |  0.00 |    0 |    24 |  0.00 |
| X2Y1              |    0 |    24 |  0.00 |    0 |    24 |  0.00 |    0 |    24 |  0.00 |    0 |    24 |  0.00 |
| X3Y1              |    0 |    24 |  0.00 |    0 |    24 |  0.00 |    0 |    24 |  0.00 |    0 |    24 |  0.00 |
| X4Y1              |    0 |    24 |  0.00 |    0 |    24 |  0.00 |    1 |    24 |  4.17 |    0 |    24 |  0.00 |
| X5Y1              |    0 |    24 |  0.00 |    0 |    24 |  0.00 |    0 |    24 |  0.00 |    0 |    24 |  0.00 |
| X6Y1              |    0 |    24 |  0.00 |    0 |    24 |  0.00 |    0 |    24 |  0.00 |    0 |    24 |  0.00 |
| X7Y1              |    0 |    24 |  0.00 |    0 |    24 |  0.00 |    0 |    24 |  0.00 |    0 |    24 |  0.00 |
| X0Y2              |    0 |    24 |  0.00 |    0 |    24 |  0.00 |    0 |    24 |  0.00 |    0 |    24 |  0.00 |
| X1Y2              |    0 |    24 |  0.00 |    0 |    24 |  0.00 |    0 |    24 |  0.00 |    0 |    24 |  0.00 |
| X2Y2              |    0 |    24 |  0.00 |    0 |    24 |  0.00 |    0 |    24 |  0.00 |    0 |    24 |  0.00 |
| X3Y2              |    0 |    24 |  0.00 |    0 |    24 |  0.00 |    0 |    24 |  0.00 |    0 |    24 |  0.00 |
| X4Y2              |    0 |    24 |  0.00 |    1 |    24 |  4.17 |    1 |    24 |  4.17 |    1 |    24 |  4.17 |
| X5Y2              |    0 |    24 |  0.00 |    0 |    24 |  0.00 |    0 |    24 |  0.00 |    0 |    24 |  0.00 |
| X6Y2              |    0 |    24 |  0.00 |    0 |    24 |  0.00 |    0 |    24 |  0.00 |    0 |    24 |  0.00 |
| X7Y2              |    0 |    24 |  0.00 |    0 |    24 |  0.00 |    0 |    24 |  0.00 |    0 |    24 |  0.00 |
| X0Y3              |    0 |    24 |  0.00 |    0 |    24 |  0.00 |    0 |    24 |  0.00 |    0 |    24 |  0.00 |
| X1Y3              |    0 |    24 |  0.00 |    0 |    24 |  0.00 |    0 |    24 |  0.00 |    0 |    24 |  0.00 |
| X2Y3              |    0 |    24 |  0.00 |    0 |    24 |  0.00 |    0 |    24 |  0.00 |    0 |    24 |  0.00 |
| X3Y3              |    0 |    24 |  0.00 |    0 |    24 |  0.00 |    0 |    24 |  0.00 |    0 |    24 |  0.00 |
| X4Y3              |    0 |    24 |  0.00 |    1 |    24 |  4.17 |    1 |    24 |  4.17 |    1 |    24 |  4.17 |
| X5Y3              |    0 |    24 |  0.00 |    1 |    24 |  4.17 |    0 |    24 |  0.00 |    0 |    24 |  0.00 |
| X6Y3              |    0 |    24 |  0.00 |    0 |    24 |  0.00 |    0 |    24 |  0.00 |    0 |    24 |  0.00 |
| X7Y3              |    0 |    24 |  0.00 |    0 |    24 |  0.00 |    0 |    24 |  0.00 |    0 |    24 |  0.00 |
| X0Y4              |    0 |    24 |  0.00 |    1 |    24 |  4.17 |    0 |    24 |  0.00 |    0 |    24 |  0.00 |
| X1Y4              |    0 |    24 |  0.00 |    1 |    24 |  4.17 |    0 |    24 |  0.00 |    0 |    24 |  0.00 |
| X2Y4              |    0 |    24 |  0.00 |    1 |    24 |  4.17 |    0 |    24 |  0.00 |    0 |    24 |  0.00 |
| X3Y4              |    0 |    24 |  0.00 |    1 |    24 |  4.17 |    0 |    24 |  0.00 |    0 |    24 |  0.00 |
| X4Y4              |    0 |    24 |  0.00 |    1 |    24 |  4.17 |    1 |    24 |  4.17 |    1 |    24 |  4.17 |
| X5Y4              |    0 |    24 |  0.00 |    1 |    24 |  4.17 |    0 |    24 |  0.00 |    0 |    24 |  0.00 |
| X6Y4              |    0 |    24 |  0.00 |    0 |    24 |  0.00 |    0 |    24 |  0.00 |    0 |    24 |  0.00 |
| X7Y4              |    0 |    24 |  0.00 |    0 |    24 |  0.00 |    0 |    24 |  0.00 |    0 |    24 |  0.00 |
| X0Y5              |    0 |    24 |  0.00 |    1 |    24 |  4.17 |    0 |    24 |  0.00 |    0 |    24 |  0.00 |
| X1Y5              |    0 |    24 |  0.00 |    2 |    24 |  8.33 |    0 |    24 |  0.00 |    0 |    24 |  0.00 |
| X2Y5              |    0 |    24 |  0.00 |    2 |    24 |  8.33 |    0 |    24 |  0.00 |    0 |    24 |  0.00 |
| X3Y5              |    0 |    24 |  0.00 |    2 |    24 |  8.33 |    0 |    24 |  0.00 |    0 |    24 |  0.00 |
| X4Y5              |    0 |    24 |  0.00 |    2 |    24 |  8.33 |    1 |    24 |  4.17 |    2 |    24 |  8.33 |
| X5Y5              |    0 |    24 |  0.00 |    1 |    24 |  4.17 |    0 |    24 |  0.00 |    0 |    24 |  0.00 |
| X6Y5              |    0 |    24 |  0.00 |    1 |    24 |  4.17 |    0 |    24 |  0.00 |    0 |    24 |  0.00 |
| X7Y5              |    0 |    24 |  0.00 |    0 |    24 |  0.00 |    0 |    24 |  0.00 |    0 |    24 |  0.00 |
| X0Y6              |    0 |    24 |  0.00 |    1 |    24 |  4.17 |    0 |    24 |  0.00 |    0 |    24 |  0.00 |
| X1Y6              |    0 |    24 |  0.00 |    2 |    24 |  8.33 |    0 |    24 |  0.00 |    0 |    24 |  0.00 |
| X2Y6              |    0 |    24 |  0.00 |    2 |    24 |  8.33 |    0 |    24 |  0.00 |    0 |    24 |  0.00 |
| X3Y6              |    0 |    24 |  0.00 |    2 |    24 |  8.33 |    0 |    24 |  0.00 |    0 |    24 |  0.00 |
| X4Y6              |    0 |    24 |  0.00 |    2 |    24 |  8.33 |    1 |    24 |  4.17 |    2 |    24 |  8.33 |
| X5Y6              |    0 |    24 |  0.00 |    1 |    24 |  4.17 |    0 |    24 |  0.00 |    0 |    24 |  0.00 |
| X6Y6              |    0 |    24 |  0.00 |    1 |    24 |  4.17 |    0 |    24 |  0.00 |    0 |    24 |  0.00 |
| X7Y6              |    0 |    24 |  0.00 |    0 |    24 |  0.00 |    0 |    24 |  0.00 |    0 |    24 |  0.00 |
| X0Y7              |    0 |    24 |  0.00 |    0 |    24 |  0.00 |    0 |    24 |  0.00 |    0 |    24 |  0.00 |
| X1Y7              |    0 |    24 |  0.00 |    1 |    24 |  4.17 |    0 |    24 |  0.00 |    0 |    24 |  0.00 |
| X2Y7              |    0 |    24 |  0.00 |    2 |    24 |  8.33 |    0 |    24 |  0.00 |    0 |    24 |  0.00 |
| X3Y7              |    0 |    24 |  0.00 |    2 |    24 |  8.33 |    0 |    24 |  0.00 |    0 |    24 |  0.00 |
| X4Y7              |    0 |    24 |  0.00 |    2 |    24 |  8.33 |    0 |    24 |  0.00 |    1 |    24 |  4.17 |
| X5Y7              |    0 |    24 |  0.00 |    1 |    24 |  4.17 |    0 |    24 |  0.00 |    0 |    24 |  0.00 |
| X6Y7              |    0 |    24 |  0.00 |    1 |    24 |  4.17 |    0 |    24 |  0.00 |    0 |    24 |  0.00 |
| X7Y7              |    0 |    24 |  0.00 |    0 |    24 |  0.00 |    0 |    24 |  0.00 |    0 |    24 |  0.00 |
| X0Y8              |    0 |    24 |  0.00 |    0 |    24 |  0.00 |    0 |    24 |  0.00 |    0 |    24 |  0.00 |
| X1Y8              |    0 |    24 |  0.00 |    1 |    24 |  4.17 |    0 |    24 |  0.00 |    0 |    24 |  0.00 |
| X2Y8              |    0 |    24 |  0.00 |    1 |    24 |  4.17 |    0 |    24 |  0.00 |    0 |    24 |  0.00 |
| X3Y8              |    0 |    24 |  0.00 |    1 |    24 |  4.17 |    0 |    24 |  0.00 |    0 |    24 |  0.00 |
| X4Y8              |    0 |    24 |  0.00 |    1 |    24 |  4.17 |    0 |    24 |  0.00 |    1 |    24 |  4.17 |
| X5Y8              |    0 |    24 |  0.00 |    1 |    24 |  4.17 |    0 |    24 |  0.00 |    0 |    24 |  0.00 |
| X6Y8              |    0 |    24 |  0.00 |    1 |    24 |  4.17 |    0 |    24 |  0.00 |    0 |    24 |  0.00 |
| X7Y8              |    0 |    24 |  0.00 |    0 |    24 |  0.00 |    0 |    24 |  0.00 |    0 |    24 |  0.00 |
| X0Y9              |    0 |    24 |  0.00 |    0 |    24 |  0.00 |    0 |    24 |  0.00 |    0 |    24 |  0.00 |
| X1Y9              |    0 |    24 |  0.00 |    1 |    24 |  4.17 |    0 |    24 |  0.00 |    0 |    24 |  0.00 |
| X2Y9              |    0 |    24 |  0.00 |    1 |    24 |  4.17 |    0 |    24 |  0.00 |    0 |    24 |  0.00 |
| X3Y9              |    0 |    24 |  0.00 |    1 |    24 |  4.17 |    0 |    24 |  0.00 |    0 |    24 |  0.00 |
| X4Y9              |    0 |    24 |  0.00 |    1 |    24 |  4.17 |    0 |    24 |  0.00 |    1 |    24 |  4.17 |
| X5Y9              |    0 |    24 |  0.00 |    1 |    24 |  4.17 |    0 |    24 |  0.00 |    0 |    24 |  0.00 |
| X6Y9              |    0 |    24 |  0.00 |    1 |    24 |  4.17 |    0 |    24 |  0.00 |    0 |    24 |  0.00 |
| X7Y9              |    0 |    24 |  0.00 |    0 |    24 |  0.00 |    0 |    24 |  0.00 |    0 |    24 |  0.00 |
| X0Y10             |    0 |    24 |  0.00 |    0 |    24 |  0.00 |    0 |    24 |  0.00 |    0 |    24 |  0.00 |
| X1Y10             |    0 |    24 |  0.00 |    1 |    24 |  4.17 |    0 |    24 |  0.00 |    0 |    24 |  0.00 |
| X2Y10             |    0 |    24 |  0.00 |    1 |    24 |  4.17 |    0 |    24 |  0.00 |    0 |    24 |  0.00 |
| X3Y10             |    0 |    24 |  0.00 |    1 |    24 |  4.17 |    0 |    24 |  0.00 |    0 |    24 |  0.00 |
| X4Y10             |    0 |    24 |  0.00 |    1 |    24 |  4.17 |    0 |    24 |  0.00 |    1 |    24 |  4.17 |
| X5Y10             |    0 |    24 |  0.00 |    1 |    24 |  4.17 |    0 |    24 |  0.00 |    0 |    24 |  0.00 |
| X6Y10             |    0 |    24 |  0.00 |    1 |    24 |  4.17 |    0 |    24 |  0.00 |    0 |    24 |  0.00 |
| X7Y10             |    0 |    24 |  0.00 |    0 |    24 |  0.00 |    0 |    24 |  0.00 |    0 |    24 |  0.00 |
| X0Y11             |    0 |    24 |  0.00 |    0 |    24 |  0.00 |    0 |    24 |  0.00 |    0 |    24 |  0.00 |
| X1Y11             |    0 |    24 |  0.00 |    1 |    24 |  4.17 |    0 |    24 |  0.00 |    0 |    24 |  0.00 |
| X2Y11             |    0 |    24 |  0.00 |    1 |    24 |  4.17 |    0 |    24 |  0.00 |    0 |    24 |  0.00 |
| X3Y11             |    0 |    24 |  0.00 |    1 |    24 |  4.17 |    0 |    24 |  0.00 |    0 |    24 |  0.00 |
| X4Y11             |    0 |    24 |  0.00 |    1 |    24 |  4.17 |    0 |    24 |  0.00 |    0 |    24 |  0.00 |
| X5Y11             |    0 |    24 |  0.00 |    1 |    24 |  4.17 |    0 |    24 |  0.00 |    0 |    24 |  0.00 |
| X6Y11             |    0 |    24 |  0.00 |    0 |    24 |  0.00 |    0 |    24 |  0.00 |    0 |    24 |  0.00 |
| X7Y11             |    0 |    24 |  0.00 |    0 |    24 |  0.00 |    0 |    24 |  0.00 |    0 |    24 |  0.00 |
+-------------------+------+-------+-------+------+-------+-------+------+-------+-------+------+-------+-------+


8. Device Cell Placement Summary for Global Clock g0
----------------------------------------------------

+-----------+-----------------+-------------------+--------+-------------+---------------+----------+-------------+----------+----------------+----------+-------------------+
| Global Id | Driver Type/Pin | Driver Region (D) | Clock  | Period (ns) | Waveform (ns) | Root (R) | Slice Loads | IO Loads | Clocking Loads | GT Loads | Net               |
+-----------+-----------------+-------------------+--------+-------------+---------------+----------+-------------+----------+----------------+----------+-------------------+
| g0        | BUFGCE/O        | X4Y0              | ap_clk |       4.000 | {0.000 2.000} | X4Y6     |       75625 |        0 |              0 |        0 | ooc_ap_clk_global |
+-----------+-----------------+-------------------+--------+-------------+---------------+----------+-------------+----------+----------------+----------+-------------------+
* Slice Loads column represents load cell count of all cell types other than IO, GT and clock resources
** IO Loads column represents load cell count of IO types
*** Clocking Loads column represents load cell count that are clock resources (global clock buffer, MMCM, PLL, etc)
**** GT Loads column represents load cell count of GT types


+-----+-------+-------+--------+-------+----------+------+-----+----+-----------------------+
|     | X0    | X1    | X2     | X3    | X4       | X5   | X6  | X7 | HORIZONTAL PROG DELAY |
+-----+-------+-------+--------+-------+----------+------+-----+----+-----------------------+
| Y11 |     0 |     4 |      0 |    16 |       16 |   14 |   0 |  0 |                     0 |
| Y10 |     0 |    16 |      0 |    16 |       18 |  208 |  14 |  0 |                     1 |
| Y9  |     0 |    16 |      0 |   258 |      120 |   92 |  16 |  0 |                     2 |
| Y8  |     0 |    16 |      0 |    47 |       50 |   17 |  16 |  0 |                     3 |
| Y7  |     0 |   386 |   4794 |  1408 |      962 |  174 |   8 |  0 |                     4 |
| Y6  |   216 |  4581 |  12163 |  4857 | (R) 2035 |  124 |  19 |  0 |                     4 |
| Y5  |   372 |  3699 |   9313 |  6975 |     4345 |   28 |  18 |  0 |                     3 |
| Y4  |  1113 |  3564 |   7086 |  4711 |     1651 |   21 |   0 |  0 |                     2 |
| Y3  |     0 |     0 |      0 |     0 |       16 |    8 |   0 |  0 |                     1 |
| Y2  |     0 |     0 |      0 |     0 |        8 |    0 |   0 |  0 |                     0 |
| Y1  |     0 |     0 |      0 |     0 |        0 |    0 |   0 |  0 |                     - |
| Y0  |     0 |     0 |      0 |     0 |    (D) 0 |    0 |   0 |  0 |                     - |
+-----+-------+-------+--------+-------+----------+------+-----+----+-----------------------+


9. Device Cell Placement Summary for Global Clock g1
----------------------------------------------------

+-----------+-----------------+-------------------+-------+-------------+---------------+----------+-------------+----------+----------------+----------+------------------+
| Global Id | Driver Type/Pin | Driver Region (D) | Clock | Period (ns) | Waveform (ns) | Root (R) | Slice Loads | IO Loads | Clocking Loads | GT Loads | Net              |
+-----------+-----------------+-------------------+-------+-------------+---------------+----------+-------------+----------+----------------+----------+------------------+
| g1        | BUFGCE/O        | X4Y6              |       |             |               | X4Y6     |        2264 |        0 |              0 |        0 | ap_CS_fsm_state1 |
+-----------+-----------------+-------------------+-------+-------------+---------------+----------+-------------+----------+----------------+----------+------------------+
* Slice Loads column represents load cell count of all cell types other than IO, GT and clock resources
** IO Loads column represents load cell count of IO types
*** Clocking Loads column represents load cell count that are clock resources (global clock buffer, MMCM, PLL, etc)
**** GT Loads column represents load cell count of GT types


+-----+----+------+-------+------+-----------+----+----+----+-----------------------+
|     | X0 | X1   | X2    | X3   | X4        | X5 | X6 | X7 | HORIZONTAL PROG DELAY |
+-----+----+------+-------+------+-----------+----+----+----+-----------------------+
| Y11 |  0 |    0 |     0 |    0 |         0 |  0 |  0 |  0 |                     - |
| Y10 |  0 |    0 |     0 |    0 |         0 |  0 |  0 |  0 |                     - |
| Y9  |  0 |    0 |     0 |    0 |         0 |  0 |  0 |  0 |                     - |
| Y8  |  0 |    0 |     0 |    0 |         0 |  0 |  0 |  0 |                     - |
| Y7  |  0 |    0 |   176 |    7 |         0 |  0 |  0 |  0 |                     0 |
| Y6  |  0 |  157 |  1196 |  501 | (R) (D) 0 |  0 |  0 |  0 |                     0 |
| Y5  |  0 |  140 |    48 |   39 |         0 |  0 |  0 |  0 |                     0 |
| Y4  |  0 |    0 |     0 |    0 |         0 |  0 |  0 |  0 |                     - |
| Y3  |  0 |    0 |     0 |    0 |         0 |  0 |  0 |  0 |                     - |
| Y2  |  0 |    0 |     0 |    0 |         0 |  0 |  0 |  0 |                     - |
| Y1  |  0 |    0 |     0 |    0 |         0 |  0 |  0 |  0 |                     - |
| Y0  |  0 |    0 |     0 |    0 |         0 |  0 |  0 |  0 |                     - |
+-----+----+------+-------+------+-----------+----+----+----+-----------------------+


10. Clock Region Cell Placement per Global Clock: Region X4Y2
-------------------------------------------------------------

+-----------+-------+-----------------+------------+-------------+-----------------+----+-------------+------+------+-----+----+------+-----+---------+-------------------+
| Global Id | Track | Driver Type/Pin | Constraint | Clock Loads | Non-Clock Loads | FF | Memory LUTs | RAMB | URAM | DSP | GT | MMCM | PLL | Hard IP | Net               |
+-----------+-------+-----------------+------------+-------------+-----------------+----+-------------+------+------+-----+----+------+-----+---------+-------------------+
| g0        | 0     | BUFGCE/O        | None       |           8 |               0 |  0 |           8 |    0 |    8 |   0 |  0 |    0 |   0 |       0 | ooc_ap_clk_global |
+-----------+-------+-----------------+------------+-------------+-----------------+----+-------------+------+------+-----+----+------+-----+---------+-------------------+
* Clock Loads column represents cell count of net connects that connect to a clock pin. Internal cell leaf pins are not considered
** Non-Clock Loads column represents cell count of non-clock pin loads
*** Columns FF, LUTRAM, RAMB through 'Hard IP' represents load cell counts


11. Clock Region Cell Placement per Global Clock: Region X4Y3
-------------------------------------------------------------

+-----------+-------+-----------------+------------+-------------+-----------------+----+-------------+------+------+-----+----+------+-----+---------+-------------------+
| Global Id | Track | Driver Type/Pin | Constraint | Clock Loads | Non-Clock Loads | FF | Memory LUTs | RAMB | URAM | DSP | GT | MMCM | PLL | Hard IP | Net               |
+-----------+-------+-----------------+------------+-------------+-----------------+----+-------------+------+------+-----+----+------+-----+---------+-------------------+
| g0        | 0     | BUFGCE/O        | None       |          16 |               0 |  0 |          16 |    0 |   16 |   0 |  0 |    0 |   0 |       0 | ooc_ap_clk_global |
+-----------+-------+-----------------+------------+-------------+-----------------+----+-------------+------+------+-----+----+------+-----+---------+-------------------+
* Clock Loads column represents cell count of net connects that connect to a clock pin. Internal cell leaf pins are not considered
** Non-Clock Loads column represents cell count of non-clock pin loads
*** Columns FF, LUTRAM, RAMB through 'Hard IP' represents load cell counts


12. Clock Region Cell Placement per Global Clock: Region X5Y3
-------------------------------------------------------------

+-----------+-------+-----------------+------------+-------------+-----------------+----+-------------+------+------+-----+----+------+-----+---------+-------------------+
| Global Id | Track | Driver Type/Pin | Constraint | Clock Loads | Non-Clock Loads | FF | Memory LUTs | RAMB | URAM | DSP | GT | MMCM | PLL | Hard IP | Net               |
+-----------+-------+-----------------+------------+-------------+-----------------+----+-------------+------+------+-----+----+------+-----+---------+-------------------+
| g0        | 0     | BUFGCE/O        | None       |           8 |               0 |  0 |           8 |    0 |    8 |   0 |  0 |    0 |   0 |       0 | ooc_ap_clk_global |
+-----------+-------+-----------------+------------+-------------+-----------------+----+-------------+------+------+-----+----+------+-----+---------+-------------------+
* Clock Loads column represents cell count of net connects that connect to a clock pin. Internal cell leaf pins are not considered
** Non-Clock Loads column represents cell count of non-clock pin loads
*** Columns FF, LUTRAM, RAMB through 'Hard IP' represents load cell counts


13. Clock Region Cell Placement per Global Clock: Region X0Y4
-------------------------------------------------------------

+-----------+-------+-----------------+------------+-------------+-----------------+------+-------------+------+------+-----+----+------+-----+---------+-------------------+
| Global Id | Track | Driver Type/Pin | Constraint | Clock Loads | Non-Clock Loads | FF   | Memory LUTs | RAMB | URAM | DSP | GT | MMCM | PLL | Hard IP | Net               |
+-----------+-------+-----------------+------------+-------------+-----------------+------+-------------+------+------+-----+----+------+-----+---------+-------------------+
| g0        | 0     | BUFGCE/O        | None       |        1113 |               0 | 1027 |          86 |    0 |    0 |   0 |  0 |    0 |   0 |       0 | ooc_ap_clk_global |
+-----------+-------+-----------------+------------+-------------+-----------------+------+-------------+------+------+-----+----+------+-----+---------+-------------------+
* Clock Loads column represents cell count of net connects that connect to a clock pin. Internal cell leaf pins are not considered
** Non-Clock Loads column represents cell count of non-clock pin loads
*** Columns FF, LUTRAM, RAMB through 'Hard IP' represents load cell counts


14. Clock Region Cell Placement per Global Clock: Region X1Y4
-------------------------------------------------------------

+-----------+-------+-----------------+------------+-------------+-----------------+------+-------------+------+------+-----+----+------+-----+---------+-------------------+
| Global Id | Track | Driver Type/Pin | Constraint | Clock Loads | Non-Clock Loads | FF   | Memory LUTs | RAMB | URAM | DSP | GT | MMCM | PLL | Hard IP | Net               |
+-----------+-------+-----------------+------------+-------------+-----------------+------+-------------+------+------+-----+----+------+-----+---------+-------------------+
| g0        | 0     | BUFGCE/O        | None       |        3564 |               0 | 3411 |         141 |   12 |    5 |   0 |  0 |    0 |   0 |       0 | ooc_ap_clk_global |
+-----------+-------+-----------------+------------+-------------+-----------------+------+-------------+------+------+-----+----+------+-----+---------+-------------------+
* Clock Loads column represents cell count of net connects that connect to a clock pin. Internal cell leaf pins are not considered
** Non-Clock Loads column represents cell count of non-clock pin loads
*** Columns FF, LUTRAM, RAMB through 'Hard IP' represents load cell counts


15. Clock Region Cell Placement per Global Clock: Region X2Y4
-------------------------------------------------------------

+-----------+-------+-----------------+------------+-------------+-----------------+------+-------------+------+------+-----+----+------+-----+---------+-------------------+
| Global Id | Track | Driver Type/Pin | Constraint | Clock Loads | Non-Clock Loads | FF   | Memory LUTs | RAMB | URAM | DSP | GT | MMCM | PLL | Hard IP | Net               |
+-----------+-------+-----------------+------------+-------------+-----------------+------+-------------+------+------+-----+----+------+-----+---------+-------------------+
| g0        | 0     | BUFGCE/O        | None       |        7086 |               0 | 6572 |         482 |   32 |    0 |   0 |  0 |    0 |   0 |       0 | ooc_ap_clk_global |
+-----------+-------+-----------------+------------+-------------+-----------------+------+-------------+------+------+-----+----+------+-----+---------+-------------------+
* Clock Loads column represents cell count of net connects that connect to a clock pin. Internal cell leaf pins are not considered
** Non-Clock Loads column represents cell count of non-clock pin loads
*** Columns FF, LUTRAM, RAMB through 'Hard IP' represents load cell counts


16. Clock Region Cell Placement per Global Clock: Region X3Y4
-------------------------------------------------------------

+-----------+-------+-----------------+------------+-------------+-----------------+------+-------------+------+------+-----+----+------+-----+---------+-------------------+
| Global Id | Track | Driver Type/Pin | Constraint | Clock Loads | Non-Clock Loads | FF   | Memory LUTs | RAMB | URAM | DSP | GT | MMCM | PLL | Hard IP | Net               |
+-----------+-------+-----------------+------------+-------------+-----------------+------+-------------+------+------+-----+----+------+-----+---------+-------------------+
| g0        | 0     | BUFGCE/O        | None       |        4711 |               0 | 4401 |         298 |   12 |   16 |   0 |  0 |    0 |   0 |       0 | ooc_ap_clk_global |
+-----------+-------+-----------------+------------+-------------+-----------------+------+-------------+------+------+-----+----+------+-----+---------+-------------------+
* Clock Loads column represents cell count of net connects that connect to a clock pin. Internal cell leaf pins are not considered
** Non-Clock Loads column represents cell count of non-clock pin loads
*** Columns FF, LUTRAM, RAMB through 'Hard IP' represents load cell counts


17. Clock Region Cell Placement per Global Clock: Region X4Y4
-------------------------------------------------------------

+-----------+-------+-----------------+------------+-------------+-----------------+------+-------------+------+------+-----+----+------+-----+---------+-------------------+
| Global Id | Track | Driver Type/Pin | Constraint | Clock Loads | Non-Clock Loads | FF   | Memory LUTs | RAMB | URAM | DSP | GT | MMCM | PLL | Hard IP | Net               |
+-----------+-------+-----------------+------------+-------------+-----------------+------+-------------+------+------+-----+----+------+-----+---------+-------------------+
| g0        | 0     | BUFGCE/O        | None       |        1651 |               0 | 1582 |          50 |   19 |   16 |   0 |  0 |    0 |   0 |       0 | ooc_ap_clk_global |
+-----------+-------+-----------------+------------+-------------+-----------------+------+-------------+------+------+-----+----+------+-----+---------+-------------------+
* Clock Loads column represents cell count of net connects that connect to a clock pin. Internal cell leaf pins are not considered
** Non-Clock Loads column represents cell count of non-clock pin loads
*** Columns FF, LUTRAM, RAMB through 'Hard IP' represents load cell counts


18. Clock Region Cell Placement per Global Clock: Region X5Y4
-------------------------------------------------------------

+-----------+-------+-----------------+------------+-------------+-----------------+----+-------------+------+------+-----+----+------+-----+---------+-------------------+
| Global Id | Track | Driver Type/Pin | Constraint | Clock Loads | Non-Clock Loads | FF | Memory LUTs | RAMB | URAM | DSP | GT | MMCM | PLL | Hard IP | Net               |
+-----------+-------+-----------------+------------+-------------+-----------------+----+-------------+------+------+-----+----+------+-----+---------+-------------------+
| g0        | 0     | BUFGCE/O        | None       |          21 |               0 |  0 |          16 |    5 |   16 |   0 |  0 |    0 |   0 |       0 | ooc_ap_clk_global |
+-----------+-------+-----------------+------------+-------------+-----------------+----+-------------+------+------+-----+----+------+-----+---------+-------------------+
* Clock Loads column represents cell count of net connects that connect to a clock pin. Internal cell leaf pins are not considered
** Non-Clock Loads column represents cell count of non-clock pin loads
*** Columns FF, LUTRAM, RAMB through 'Hard IP' represents load cell counts


19. Clock Region Cell Placement per Global Clock: Region X0Y5
-------------------------------------------------------------

+-----------+-------+-----------------+------------+-------------+-----------------+-----+-------------+------+------+-----+----+------+-----+---------+-------------------+
| Global Id | Track | Driver Type/Pin | Constraint | Clock Loads | Non-Clock Loads | FF  | Memory LUTs | RAMB | URAM | DSP | GT | MMCM | PLL | Hard IP | Net               |
+-----------+-------+-----------------+------------+-------------+-----------------+-----+-------------+------+------+-----+----+------+-----+---------+-------------------+
| g0        | 0     | BUFGCE/O        | None       |         372 |               0 | 362 |           5 |    5 |    0 |   0 |  0 |    0 |   0 |       0 | ooc_ap_clk_global |
+-----------+-------+-----------------+------------+-------------+-----------------+-----+-------------+------+------+-----+----+------+-----+---------+-------------------+
* Clock Loads column represents cell count of net connects that connect to a clock pin. Internal cell leaf pins are not considered
** Non-Clock Loads column represents cell count of non-clock pin loads
*** Columns FF, LUTRAM, RAMB through 'Hard IP' represents load cell counts


20. Clock Region Cell Placement per Global Clock: Region X1Y5
-------------------------------------------------------------

+-----------+-------+-----------------+------------+-------------+-----------------+------+-------------+------+------+-----+----+------+-----+---------+-------------------+
| Global Id | Track | Driver Type/Pin | Constraint | Clock Loads | Non-Clock Loads | FF   | Memory LUTs | RAMB | URAM | DSP | GT | MMCM | PLL | Hard IP | Net               |
+-----------+-------+-----------------+------------+-------------+-----------------+------+-------------+------+------+-----+----+------+-----+---------+-------------------+
| g0        | 0     | BUFGCE/O        | None       |        3699 |               0 | 3563 |         111 |   25 |   16 |   0 |  0 |    0 |   0 |       0 | ooc_ap_clk_global |
| g1        | 2     | BUFGCE/O        | None       |           0 |             140 |  140 |           0 |    0 |    0 |   0 |  0 |    0 |   0 |       0 | ap_CS_fsm_state1  |
+-----------+-------+-----------------+------------+-------------+-----------------+------+-------------+------+------+-----+----+------+-----+---------+-------------------+
* Clock Loads column represents cell count of net connects that connect to a clock pin. Internal cell leaf pins are not considered
** Non-Clock Loads column represents cell count of non-clock pin loads
*** Columns FF, LUTRAM, RAMB through 'Hard IP' represents load cell counts


21. Clock Region Cell Placement per Global Clock: Region X2Y5
-------------------------------------------------------------

+-----------+-------+-----------------+------------+-------------+-----------------+------+-------------+------+------+-----+----+------+-----+---------+-------------------+
| Global Id | Track | Driver Type/Pin | Constraint | Clock Loads | Non-Clock Loads | FF   | Memory LUTs | RAMB | URAM | DSP | GT | MMCM | PLL | Hard IP | Net               |
+-----------+-------+-----------------+------------+-------------+-----------------+------+-------------+------+------+-----+----+------+-----+---------+-------------------+
| g0        | 0     | BUFGCE/O        | None       |        9313 |               0 | 9062 |         214 |   36 |    0 |   1 |  0 |    0 |   0 |       0 | ooc_ap_clk_global |
| g1        | 2     | BUFGCE/O        | None       |           0 |              48 |   48 |           0 |    0 |    0 |   0 |  0 |    0 |   0 |       0 | ap_CS_fsm_state1  |
+-----------+-------+-----------------+------------+-------------+-----------------+------+-------------+------+------+-----+----+------+-----+---------+-------------------+
* Clock Loads column represents cell count of net connects that connect to a clock pin. Internal cell leaf pins are not considered
** Non-Clock Loads column represents cell count of non-clock pin loads
*** Columns FF, LUTRAM, RAMB through 'Hard IP' represents load cell counts


22. Clock Region Cell Placement per Global Clock: Region X3Y5
-------------------------------------------------------------

+-----------+-------+-----------------+------------+-------------+-----------------+------+-------------+------+------+-----+----+------+-----+---------+-------------------+
| Global Id | Track | Driver Type/Pin | Constraint | Clock Loads | Non-Clock Loads | FF   | Memory LUTs | RAMB | URAM | DSP | GT | MMCM | PLL | Hard IP | Net               |
+-----------+-------+-----------------+------------+-------------+-----------------+------+-------------+------+------+-----+----+------+-----+---------+-------------------+
| g0        | 0     | BUFGCE/O        | None       |        6975 |               0 | 6225 |         734 |   12 |   16 |   4 |  0 |    0 |   0 |       0 | ooc_ap_clk_global |
| g1        | 2     | BUFGCE/O        | None       |           0 |              39 |   39 |           0 |    0 |    0 |   0 |  0 |    0 |   0 |       0 | ap_CS_fsm_state1  |
+-----------+-------+-----------------+------------+-------------+-----------------+------+-------------+------+------+-----+----+------+-----+---------+-------------------+
* Clock Loads column represents cell count of net connects that connect to a clock pin. Internal cell leaf pins are not considered
** Non-Clock Loads column represents cell count of non-clock pin loads
*** Columns FF, LUTRAM, RAMB through 'Hard IP' represents load cell counts


23. Clock Region Cell Placement per Global Clock: Region X4Y5
-------------------------------------------------------------

+-----------+-------+-----------------+------------+-------------+-----------------+------+-------------+------+------+-----+----+------+-----+---------+-------------------+
| Global Id | Track | Driver Type/Pin | Constraint | Clock Loads | Non-Clock Loads | FF   | Memory LUTs | RAMB | URAM | DSP | GT | MMCM | PLL | Hard IP | Net               |
+-----------+-------+-----------------+------------+-------------+-----------------+------+-------------+------+------+-----+----+------+-----+---------+-------------------+
| g0        | 0     | BUFGCE/O        | None       |        4345 |               0 | 3799 |         516 |   24 |   16 |   6 |  0 |    0 |   0 |       0 | ooc_ap_clk_global |
| g1+       | 2     | BUFGCE/O        | None       |           0 |               0 |    0 |           0 |    0 |    0 |   0 |  0 |    0 |   0 |       0 | ap_CS_fsm_state1  |
+-----------+-------+-----------------+------------+-------------+-----------------+------+-------------+------+------+-----+----+------+-----+---------+-------------------+
* Clock Loads column represents cell count of net connects that connect to a clock pin. Internal cell leaf pins are not considered
** Non-Clock Loads column represents cell count of non-clock pin loads
*** Columns FF, LUTRAM, RAMB through 'Hard IP' represents load cell counts
**** In Global Id column, sympbol '+' indicates that global clock was used only to route through the clock region.


24. Clock Region Cell Placement per Global Clock: Region X5Y5
-------------------------------------------------------------

+-----------+-------+-----------------+------------+-------------+-----------------+----+-------------+------+------+-----+----+------+-----+---------+-------------------+
| Global Id | Track | Driver Type/Pin | Constraint | Clock Loads | Non-Clock Loads | FF | Memory LUTs | RAMB | URAM | DSP | GT | MMCM | PLL | Hard IP | Net               |
+-----------+-------+-----------------+------------+-------------+-----------------+----+-------------+------+------+-----+----+------+-----+---------+-------------------+
| g0        | 0     | BUFGCE/O        | None       |          28 |               0 |  0 |          16 |   12 |   16 |   0 |  0 |    0 |   0 |       0 | ooc_ap_clk_global |
+-----------+-------+-----------------+------------+-------------+-----------------+----+-------------+------+------+-----+----+------+-----+---------+-------------------+
* Clock Loads column represents cell count of net connects that connect to a clock pin. Internal cell leaf pins are not considered
** Non-Clock Loads column represents cell count of non-clock pin loads
*** Columns FF, LUTRAM, RAMB through 'Hard IP' represents load cell counts


25. Clock Region Cell Placement per Global Clock: Region X6Y5
-------------------------------------------------------------

+-----------+-------+-----------------+------------+-------------+-----------------+----+-------------+------+------+-----+----+------+-----+---------+-------------------+
| Global Id | Track | Driver Type/Pin | Constraint | Clock Loads | Non-Clock Loads | FF | Memory LUTs | RAMB | URAM | DSP | GT | MMCM | PLL | Hard IP | Net               |
+-----------+-------+-----------------+------------+-------------+-----------------+----+-------------+------+------+-----+----+------+-----+---------+-------------------+
| g0        | 0     | BUFGCE/O        | None       |          18 |               0 |  0 |          16 |    2 |   16 |   0 |  0 |    0 |   0 |       0 | ooc_ap_clk_global |
+-----------+-------+-----------------+------------+-------------+-----------------+----+-------------+------+------+-----+----+------+-----+---------+-------------------+
* Clock Loads column represents cell count of net connects that connect to a clock pin. Internal cell leaf pins are not considered
** Non-Clock Loads column represents cell count of non-clock pin loads
*** Columns FF, LUTRAM, RAMB through 'Hard IP' represents load cell counts


26. Clock Region Cell Placement per Global Clock: Region X0Y6
-------------------------------------------------------------

+-----------+-------+-----------------+------------+-------------+-----------------+-----+-------------+------+------+-----+----+------+-----+---------+-------------------+
| Global Id | Track | Driver Type/Pin | Constraint | Clock Loads | Non-Clock Loads | FF  | Memory LUTs | RAMB | URAM | DSP | GT | MMCM | PLL | Hard IP | Net               |
+-----------+-------+-----------------+------------+-------------+-----------------+-----+-------------+------+------+-----+----+------+-----+---------+-------------------+
| g0        | 0     | BUFGCE/O        | None       |         216 |               0 | 205 |           1 |   10 |    0 |   0 |  0 |    0 |   0 |       0 | ooc_ap_clk_global |
+-----------+-------+-----------------+------------+-------------+-----------------+-----+-------------+------+------+-----+----+------+-----+---------+-------------------+
* Clock Loads column represents cell count of net connects that connect to a clock pin. Internal cell leaf pins are not considered
** Non-Clock Loads column represents cell count of non-clock pin loads
*** Columns FF, LUTRAM, RAMB through 'Hard IP' represents load cell counts


27. Clock Region Cell Placement per Global Clock: Region X1Y6
-------------------------------------------------------------

+-----------+-------+-----------------+------------+-------------+-----------------+------+-------------+------+------+-----+----+------+-----+---------+-------------------+
| Global Id | Track | Driver Type/Pin | Constraint | Clock Loads | Non-Clock Loads | FF   | Memory LUTs | RAMB | URAM | DSP | GT | MMCM | PLL | Hard IP | Net               |
+-----------+-------+-----------------+------------+-------------+-----------------+------+-------------+------+------+-----+----+------+-----+---------+-------------------+
| g0        | 0     | BUFGCE/O        | None       |        4581 |               0 | 4386 |         171 |   24 |   16 |   0 |  0 |    0 |   0 |       0 | ooc_ap_clk_global |
| g1        | 2     | BUFGCE/O        | None       |           0 |             157 |  157 |           0 |    0 |    0 |   0 |  0 |    0 |   0 |       0 | ap_CS_fsm_state1  |
+-----------+-------+-----------------+------------+-------------+-----------------+------+-------------+------+------+-----+----+------+-----+---------+-------------------+
* Clock Loads column represents cell count of net connects that connect to a clock pin. Internal cell leaf pins are not considered
** Non-Clock Loads column represents cell count of non-clock pin loads
*** Columns FF, LUTRAM, RAMB through 'Hard IP' represents load cell counts


28. Clock Region Cell Placement per Global Clock: Region X2Y6
-------------------------------------------------------------

+-----------+-------+-----------------+------------+-------------+-----------------+-------+-------------+------+------+-----+----+------+-----+---------+-------------------+
| Global Id | Track | Driver Type/Pin | Constraint | Clock Loads | Non-Clock Loads | FF    | Memory LUTs | RAMB | URAM | DSP | GT | MMCM | PLL | Hard IP | Net               |
+-----------+-------+-----------------+------------+-------------+-----------------+-------+-------------+------+------+-----+----+------+-----+---------+-------------------+
| g0        | 0     | BUFGCE/O        | None       |       12163 |               0 | 11505 |         622 |   36 |    0 |   0 |  0 |    0 |   0 |       0 | ooc_ap_clk_global |
| g1        | 2     | BUFGCE/O        | None       |           0 |            1196 |  1196 |           0 |    0 |    0 |   0 |  0 |    0 |   0 |       0 | ap_CS_fsm_state1  |
+-----------+-------+-----------------+------------+-------------+-----------------+-------+-------------+------+------+-----+----+------+-----+---------+-------------------+
* Clock Loads column represents cell count of net connects that connect to a clock pin. Internal cell leaf pins are not considered
** Non-Clock Loads column represents cell count of non-clock pin loads
*** Columns FF, LUTRAM, RAMB through 'Hard IP' represents load cell counts


29. Clock Region Cell Placement per Global Clock: Region X3Y6
-------------------------------------------------------------

+-----------+-------+-----------------+------------+-------------+-----------------+------+-------------+------+------+-----+----+------+-----+---------+-------------------+
| Global Id | Track | Driver Type/Pin | Constraint | Clock Loads | Non-Clock Loads | FF   | Memory LUTs | RAMB | URAM | DSP | GT | MMCM | PLL | Hard IP | Net               |
+-----------+-------+-----------------+------------+-------------+-----------------+------+-------------+------+------+-----+----+------+-----+---------+-------------------+
| g0        | 0     | BUFGCE/O        | None       |        4857 |               0 | 4309 |         536 |   12 |   16 |   0 |  0 |    0 |   0 |       0 | ooc_ap_clk_global |
| g1        | 2     | BUFGCE/O        | None       |           0 |             501 |  501 |           0 |    0 |    0 |   0 |  0 |    0 |   0 |       0 | ap_CS_fsm_state1  |
+-----------+-------+-----------------+------------+-------------+-----------------+------+-------------+------+------+-----+----+------+-----+---------+-------------------+
* Clock Loads column represents cell count of net connects that connect to a clock pin. Internal cell leaf pins are not considered
** Non-Clock Loads column represents cell count of non-clock pin loads
*** Columns FF, LUTRAM, RAMB through 'Hard IP' represents load cell counts


30. Clock Region Cell Placement per Global Clock: Region X4Y6
-------------------------------------------------------------

+-----------+-------+-----------------+------------+-------------+-----------------+------+-------------+------+------+-----+----+------+-----+---------+-------------------+
| Global Id | Track | Driver Type/Pin | Constraint | Clock Loads | Non-Clock Loads | FF   | Memory LUTs | RAMB | URAM | DSP | GT | MMCM | PLL | Hard IP | Net               |
+-----------+-------+-----------------+------------+-------------+-----------------+------+-------------+------+------+-----+----+------+-----+---------+-------------------+
| g0        | 0     | BUFGCE/O        | None       |        2035 |               0 | 1911 |         101 |   23 |   16 |   0 |  0 |    0 |   0 |       0 | ooc_ap_clk_global |
| g1+       | 2     | BUFGCE/O        | None       |           0 |               0 |    0 |           0 |    0 |    0 |   0 |  0 |    0 |   0 |       0 | ap_CS_fsm_state1  |
+-----------+-------+-----------------+------------+-------------+-----------------+------+-------------+------+------+-----+----+------+-----+---------+-------------------+
* Clock Loads column represents cell count of net connects that connect to a clock pin. Internal cell leaf pins are not considered
** Non-Clock Loads column represents cell count of non-clock pin loads
*** Columns FF, LUTRAM, RAMB through 'Hard IP' represents load cell counts
**** In Global Id column, sympbol '+' indicates that global clock was used only to route through the clock region.


31. Clock Region Cell Placement per Global Clock: Region X5Y6
-------------------------------------------------------------

+-----------+-------+-----------------+------------+-------------+-----------------+----+-------------+------+------+-----+----+------+-----+---------+-------------------+
| Global Id | Track | Driver Type/Pin | Constraint | Clock Loads | Non-Clock Loads | FF | Memory LUTs | RAMB | URAM | DSP | GT | MMCM | PLL | Hard IP | Net               |
+-----------+-------+-----------------+------------+-------------+-----------------+----+-------------+------+------+-----+----+------+-----+---------+-------------------+
| g0        | 0     | BUFGCE/O        | None       |         124 |               0 | 98 |          16 |   10 |   16 |   0 |  0 |    0 |   0 |       0 | ooc_ap_clk_global |
+-----------+-------+-----------------+------------+-------------+-----------------+----+-------------+------+------+-----+----+------+-----+---------+-------------------+
* Clock Loads column represents cell count of net connects that connect to a clock pin. Internal cell leaf pins are not considered
** Non-Clock Loads column represents cell count of non-clock pin loads
*** Columns FF, LUTRAM, RAMB through 'Hard IP' represents load cell counts


32. Clock Region Cell Placement per Global Clock: Region X6Y6
-------------------------------------------------------------

+-----------+-------+-----------------+------------+-------------+-----------------+----+-------------+------+------+-----+----+------+-----+---------+-------------------+
| Global Id | Track | Driver Type/Pin | Constraint | Clock Loads | Non-Clock Loads | FF | Memory LUTs | RAMB | URAM | DSP | GT | MMCM | PLL | Hard IP | Net               |
+-----------+-------+-----------------+------------+-------------+-----------------+----+-------------+------+------+-----+----+------+-----+---------+-------------------+
| g0        | 0     | BUFGCE/O        | None       |          19 |               0 |  1 |          16 |    2 |   16 |   0 |  0 |    0 |   0 |       0 | ooc_ap_clk_global |
+-----------+-------+-----------------+------------+-------------+-----------------+----+-------------+------+------+-----+----+------+-----+---------+-------------------+
* Clock Loads column represents cell count of net connects that connect to a clock pin. Internal cell leaf pins are not considered
** Non-Clock Loads column represents cell count of non-clock pin loads
*** Columns FF, LUTRAM, RAMB through 'Hard IP' represents load cell counts


33. Clock Region Cell Placement per Global Clock: Region X1Y7
-------------------------------------------------------------

+-----------+-------+-----------------+------------+-------------+-----------------+-----+-------------+------+------+-----+----+------+-----+---------+-------------------+
| Global Id | Track | Driver Type/Pin | Constraint | Clock Loads | Non-Clock Loads | FF  | Memory LUTs | RAMB | URAM | DSP | GT | MMCM | PLL | Hard IP | Net               |
+-----------+-------+-----------------+------------+-------------+-----------------+-----+-------------+------+------+-----+----+------+-----+---------+-------------------+
| g0        | 0     | BUFGCE/O        | None       |         386 |               0 | 307 |          71 |    8 |    9 |   0 |  0 |    0 |   0 |       0 | ooc_ap_clk_global |
+-----------+-------+-----------------+------------+-------------+-----------------+-----+-------------+------+------+-----+----+------+-----+---------+-------------------+
* Clock Loads column represents cell count of net connects that connect to a clock pin. Internal cell leaf pins are not considered
** Non-Clock Loads column represents cell count of non-clock pin loads
*** Columns FF, LUTRAM, RAMB through 'Hard IP' represents load cell counts


34. Clock Region Cell Placement per Global Clock: Region X2Y7
-------------------------------------------------------------

+-----------+-------+-----------------+------------+-------------+-----------------+------+-------------+------+------+-----+----+------+-----+---------+-------------------+
| Global Id | Track | Driver Type/Pin | Constraint | Clock Loads | Non-Clock Loads | FF   | Memory LUTs | RAMB | URAM | DSP | GT | MMCM | PLL | Hard IP | Net               |
+-----------+-------+-----------------+------------+-------------+-----------------+------+-------------+------+------+-----+----+------+-----+---------+-------------------+
| g0        | 0     | BUFGCE/O        | None       |        4794 |               0 | 4180 |         594 |   20 |    0 |   0 |  0 |    0 |   0 |       0 | ooc_ap_clk_global |
| g1        | 2     | BUFGCE/O        | None       |           0 |             176 |  176 |           0 |    0 |    0 |   0 |  0 |    0 |   0 |       0 | ap_CS_fsm_state1  |
+-----------+-------+-----------------+------------+-------------+-----------------+------+-------------+------+------+-----+----+------+-----+---------+-------------------+
* Clock Loads column represents cell count of net connects that connect to a clock pin. Internal cell leaf pins are not considered
** Non-Clock Loads column represents cell count of non-clock pin loads
*** Columns FF, LUTRAM, RAMB through 'Hard IP' represents load cell counts


35. Clock Region Cell Placement per Global Clock: Region X3Y7
-------------------------------------------------------------

+-----------+-------+-----------------+------------+-------------+-----------------+------+-------------+------+------+-----+----+------+-----+---------+-------------------+
| Global Id | Track | Driver Type/Pin | Constraint | Clock Loads | Non-Clock Loads | FF   | Memory LUTs | RAMB | URAM | DSP | GT | MMCM | PLL | Hard IP | Net               |
+-----------+-------+-----------------+------------+-------------+-----------------+------+-------------+------+------+-----+----+------+-----+---------+-------------------+
| g0        | 0     | BUFGCE/O        | None       |        1408 |               0 | 1243 |         163 |    2 |   16 |   0 |  0 |    0 |   0 |       0 | ooc_ap_clk_global |
| g1        | 2     | BUFGCE/O        | None       |           0 |               7 |    7 |           0 |    0 |    0 |   0 |  0 |    0 |   0 |       0 | ap_CS_fsm_state1  |
+-----------+-------+-----------------+------------+-------------+-----------------+------+-------------+------+------+-----+----+------+-----+---------+-------------------+
* Clock Loads column represents cell count of net connects that connect to a clock pin. Internal cell leaf pins are not considered
** Non-Clock Loads column represents cell count of non-clock pin loads
*** Columns FF, LUTRAM, RAMB through 'Hard IP' represents load cell counts


36. Clock Region Cell Placement per Global Clock: Region X4Y7
-------------------------------------------------------------

+-----------+-------+-----------------+------------+-------------+-----------------+-----+-------------+------+------+-----+----+------+-----+---------+-------------------+
| Global Id | Track | Driver Type/Pin | Constraint | Clock Loads | Non-Clock Loads | FF  | Memory LUTs | RAMB | URAM | DSP | GT | MMCM | PLL | Hard IP | Net               |
+-----------+-------+-----------------+------------+-------------+-----------------+-----+-------------+------+------+-----+----+------+-----+---------+-------------------+
| g0        | 0     | BUFGCE/O        | None       |         962 |               0 | 896 |          62 |    4 |   16 |   0 |  0 |    0 |   0 |       0 | ooc_ap_clk_global |
| g1+       | 2     | BUFGCE/O        | None       |           0 |               0 |   0 |           0 |    0 |    0 |   0 |  0 |    0 |   0 |       0 | ap_CS_fsm_state1  |
+-----------+-------+-----------------+------------+-------------+-----------------+-----+-------------+------+------+-----+----+------+-----+---------+-------------------+
* Clock Loads column represents cell count of net connects that connect to a clock pin. Internal cell leaf pins are not considered
** Non-Clock Loads column represents cell count of non-clock pin loads
*** Columns FF, LUTRAM, RAMB through 'Hard IP' represents load cell counts
**** In Global Id column, sympbol '+' indicates that global clock was used only to route through the clock region.


37. Clock Region Cell Placement per Global Clock: Region X5Y7
-------------------------------------------------------------

+-----------+-------+-----------------+------------+-------------+-----------------+-----+-------------+------+------+-----+----+------+-----+---------+-------------------+
| Global Id | Track | Driver Type/Pin | Constraint | Clock Loads | Non-Clock Loads | FF  | Memory LUTs | RAMB | URAM | DSP | GT | MMCM | PLL | Hard IP | Net               |
+-----------+-------+-----------------+------------+-------------+-----------------+-----+-------------+------+------+-----+----+------+-----+---------+-------------------+
| g0        | 0     | BUFGCE/O        | None       |         174 |               0 | 158 |          16 |    0 |   16 |   0 |  0 |    0 |   0 |       0 | ooc_ap_clk_global |
+-----------+-------+-----------------+------------+-------------+-----------------+-----+-------------+------+------+-----+----+------+-----+---------+-------------------+
* Clock Loads column represents cell count of net connects that connect to a clock pin. Internal cell leaf pins are not considered
** Non-Clock Loads column represents cell count of non-clock pin loads
*** Columns FF, LUTRAM, RAMB through 'Hard IP' represents load cell counts


38. Clock Region Cell Placement per Global Clock: Region X6Y7
-------------------------------------------------------------

+-----------+-------+-----------------+------------+-------------+-----------------+----+-------------+------+------+-----+----+------+-----+---------+-------------------+
| Global Id | Track | Driver Type/Pin | Constraint | Clock Loads | Non-Clock Loads | FF | Memory LUTs | RAMB | URAM | DSP | GT | MMCM | PLL | Hard IP | Net               |
+-----------+-------+-----------------+------------+-------------+-----------------+----+-------------+------+------+-----+----+------+-----+---------+-------------------+
| g0        | 0     | BUFGCE/O        | None       |           8 |               0 |  0 |           8 |    0 |    8 |   0 |  0 |    0 |   0 |       0 | ooc_ap_clk_global |
+-----------+-------+-----------------+------------+-------------+-----------------+----+-------------+------+------+-----+----+------+-----+---------+-------------------+
* Clock Loads column represents cell count of net connects that connect to a clock pin. Internal cell leaf pins are not considered
** Non-Clock Loads column represents cell count of non-clock pin loads
*** Columns FF, LUTRAM, RAMB through 'Hard IP' represents load cell counts


39. Clock Region Cell Placement per Global Clock: Region X1Y8
-------------------------------------------------------------

+-----------+-------+-----------------+------------+-------------+-----------------+----+-------------+------+------+-----+----+------+-----+---------+-------------------+
| Global Id | Track | Driver Type/Pin | Constraint | Clock Loads | Non-Clock Loads | FF | Memory LUTs | RAMB | URAM | DSP | GT | MMCM | PLL | Hard IP | Net               |
+-----------+-------+-----------------+------------+-------------+-----------------+----+-------------+------+------+-----+----+------+-----+---------+-------------------+
| g0        | 0     | BUFGCE/O        | None       |          16 |               0 |  0 |          16 |    0 |   16 |   0 |  0 |    0 |   0 |       0 | ooc_ap_clk_global |
+-----------+-------+-----------------+------------+-------------+-----------------+----+-------------+------+------+-----+----+------+-----+---------+-------------------+
* Clock Loads column represents cell count of net connects that connect to a clock pin. Internal cell leaf pins are not considered
** Non-Clock Loads column represents cell count of non-clock pin loads
*** Columns FF, LUTRAM, RAMB through 'Hard IP' represents load cell counts


40. Clock Region Cell Placement per Global Clock: Region X2Y8
-------------------------------------------------------------

+-----------+-------+-----------------+------------+-------------+-----------------+----+-------------+------+------+-----+----+------+-----+---------+-------------------+
| Global Id | Track | Driver Type/Pin | Constraint | Clock Loads | Non-Clock Loads | FF | Memory LUTs | RAMB | URAM | DSP | GT | MMCM | PLL | Hard IP | Net               |
+-----------+-------+-----------------+------------+-------------+-----------------+----+-------------+------+------+-----+----+------+-----+---------+-------------------+
| g0+       | 0     | BUFGCE/O        | None       |           0 |               0 |  0 |           0 |    0 |    0 |   0 |  0 |    0 |   0 |       0 | ooc_ap_clk_global |
+-----------+-------+-----------------+------------+-------------+-----------------+----+-------------+------+------+-----+----+------+-----+---------+-------------------+
* Clock Loads column represents cell count of net connects that connect to a clock pin. Internal cell leaf pins are not considered
** Non-Clock Loads column represents cell count of non-clock pin loads
*** Columns FF, LUTRAM, RAMB through 'Hard IP' represents load cell counts
**** In Global Id column, sympbol '+' indicates that global clock was used only to route through the clock region.


41. Clock Region Cell Placement per Global Clock: Region X3Y8
-------------------------------------------------------------

+-----------+-------+-----------------+------------+-------------+-----------------+----+-------------+------+------+-----+----+------+-----+---------+-------------------+
| Global Id | Track | Driver Type/Pin | Constraint | Clock Loads | Non-Clock Loads | FF | Memory LUTs | RAMB | URAM | DSP | GT | MMCM | PLL | Hard IP | Net               |
+-----------+-------+-----------------+------------+-------------+-----------------+----+-------------+------+------+-----+----+------+-----+---------+-------------------+
| g0        | 0     | BUFGCE/O        | None       |          47 |               0 | 31 |          16 |    0 |   16 |   0 |  0 |    0 |   0 |       0 | ooc_ap_clk_global |
+-----------+-------+-----------------+------------+-------------+-----------------+----+-------------+------+------+-----+----+------+-----+---------+-------------------+
* Clock Loads column represents cell count of net connects that connect to a clock pin. Internal cell leaf pins are not considered
** Non-Clock Loads column represents cell count of non-clock pin loads
*** Columns FF, LUTRAM, RAMB through 'Hard IP' represents load cell counts


42. Clock Region Cell Placement per Global Clock: Region X4Y8
-------------------------------------------------------------

+-----------+-------+-----------------+------------+-------------+-----------------+----+-------------+------+------+-----+----+------+-----+---------+-------------------+
| Global Id | Track | Driver Type/Pin | Constraint | Clock Loads | Non-Clock Loads | FF | Memory LUTs | RAMB | URAM | DSP | GT | MMCM | PLL | Hard IP | Net               |
+-----------+-------+-----------------+------------+-------------+-----------------+----+-------------+------+------+-----+----+------+-----+---------+-------------------+
| g0        | 0     | BUFGCE/O        | None       |          50 |               0 | 34 |          16 |    0 |   16 |   0 |  0 |    0 |   0 |       0 | ooc_ap_clk_global |
+-----------+-------+-----------------+------------+-------------+-----------------+----+-------------+------+------+-----+----+------+-----+---------+-------------------+
* Clock Loads column represents cell count of net connects that connect to a clock pin. Internal cell leaf pins are not considered
** Non-Clock Loads column represents cell count of non-clock pin loads
*** Columns FF, LUTRAM, RAMB through 'Hard IP' represents load cell counts


43. Clock Region Cell Placement per Global Clock: Region X5Y8
-------------------------------------------------------------

+-----------+-------+-----------------+------------+-------------+-----------------+----+-------------+------+------+-----+----+------+-----+---------+-------------------+
| Global Id | Track | Driver Type/Pin | Constraint | Clock Loads | Non-Clock Loads | FF | Memory LUTs | RAMB | URAM | DSP | GT | MMCM | PLL | Hard IP | Net               |
+-----------+-------+-----------------+------------+-------------+-----------------+----+-------------+------+------+-----+----+------+-----+---------+-------------------+
| g0        | 0     | BUFGCE/O        | None       |          17 |               0 |  1 |          16 |    0 |   16 |   0 |  0 |    0 |   0 |       0 | ooc_ap_clk_global |
+-----------+-------+-----------------+------------+-------------+-----------------+----+-------------+------+------+-----+----+------+-----+---------+-------------------+
* Clock Loads column represents cell count of net connects that connect to a clock pin. Internal cell leaf pins are not considered
** Non-Clock Loads column represents cell count of non-clock pin loads
*** Columns FF, LUTRAM, RAMB through 'Hard IP' represents load cell counts


44. Clock Region Cell Placement per Global Clock: Region X6Y8
-------------------------------------------------------------

+-----------+-------+-----------------+------------+-------------+-----------------+----+-------------+------+------+-----+----+------+-----+---------+-------------------+
| Global Id | Track | Driver Type/Pin | Constraint | Clock Loads | Non-Clock Loads | FF | Memory LUTs | RAMB | URAM | DSP | GT | MMCM | PLL | Hard IP | Net               |
+-----------+-------+-----------------+------------+-------------+-----------------+----+-------------+------+------+-----+----+------+-----+---------+-------------------+
| g0        | 0     | BUFGCE/O        | None       |          16 |               0 |  0 |          16 |    0 |   16 |   0 |  0 |    0 |   0 |       0 | ooc_ap_clk_global |
+-----------+-------+-----------------+------------+-------------+-----------------+----+-------------+------+------+-----+----+------+-----+---------+-------------------+
* Clock Loads column represents cell count of net connects that connect to a clock pin. Internal cell leaf pins are not considered
** Non-Clock Loads column represents cell count of non-clock pin loads
*** Columns FF, LUTRAM, RAMB through 'Hard IP' represents load cell counts


45. Clock Region Cell Placement per Global Clock: Region X1Y9
-------------------------------------------------------------

+-----------+-------+-----------------+------------+-------------+-----------------+----+-------------+------+------+-----+----+------+-----+---------+-------------------+
| Global Id | Track | Driver Type/Pin | Constraint | Clock Loads | Non-Clock Loads | FF | Memory LUTs | RAMB | URAM | DSP | GT | MMCM | PLL | Hard IP | Net               |
+-----------+-------+-----------------+------------+-------------+-----------------+----+-------------+------+------+-----+----+------+-----+---------+-------------------+
| g0        | 0     | BUFGCE/O        | None       |          16 |               0 |  0 |          16 |    0 |   16 |   0 |  0 |    0 |   0 |       0 | ooc_ap_clk_global |
+-----------+-------+-----------------+------------+-------------+-----------------+----+-------------+------+------+-----+----+------+-----+---------+-------------------+
* Clock Loads column represents cell count of net connects that connect to a clock pin. Internal cell leaf pins are not considered
** Non-Clock Loads column represents cell count of non-clock pin loads
*** Columns FF, LUTRAM, RAMB through 'Hard IP' represents load cell counts


46. Clock Region Cell Placement per Global Clock: Region X2Y9
-------------------------------------------------------------

+-----------+-------+-----------------+------------+-------------+-----------------+----+-------------+------+------+-----+----+------+-----+---------+-------------------+
| Global Id | Track | Driver Type/Pin | Constraint | Clock Loads | Non-Clock Loads | FF | Memory LUTs | RAMB | URAM | DSP | GT | MMCM | PLL | Hard IP | Net               |
+-----------+-------+-----------------+------------+-------------+-----------------+----+-------------+------+------+-----+----+------+-----+---------+-------------------+
| g0+       | 0     | BUFGCE/O        | None       |           0 |               0 |  0 |           0 |    0 |    0 |   0 |  0 |    0 |   0 |       0 | ooc_ap_clk_global |
+-----------+-------+-----------------+------------+-------------+-----------------+----+-------------+------+------+-----+----+------+-----+---------+-------------------+
* Clock Loads column represents cell count of net connects that connect to a clock pin. Internal cell leaf pins are not considered
** Non-Clock Loads column represents cell count of non-clock pin loads
*** Columns FF, LUTRAM, RAMB through 'Hard IP' represents load cell counts
**** In Global Id column, sympbol '+' indicates that global clock was used only to route through the clock region.


47. Clock Region Cell Placement per Global Clock: Region X3Y9
-------------------------------------------------------------

+-----------+-------+-----------------+------------+-------------+-----------------+-----+-------------+------+------+-----+----+------+-----+---------+-------------------+
| Global Id | Track | Driver Type/Pin | Constraint | Clock Loads | Non-Clock Loads | FF  | Memory LUTs | RAMB | URAM | DSP | GT | MMCM | PLL | Hard IP | Net               |
+-----------+-------+-----------------+------------+-------------+-----------------+-----+-------------+------+------+-----+----+------+-----+---------+-------------------+
| g0        | 0     | BUFGCE/O        | None       |         258 |               0 | 240 |          18 |    0 |   16 |   0 |  0 |    0 |   0 |       0 | ooc_ap_clk_global |
+-----------+-------+-----------------+------------+-------------+-----------------+-----+-------------+------+------+-----+----+------+-----+---------+-------------------+
* Clock Loads column represents cell count of net connects that connect to a clock pin. Internal cell leaf pins are not considered
** Non-Clock Loads column represents cell count of non-clock pin loads
*** Columns FF, LUTRAM, RAMB through 'Hard IP' represents load cell counts


48. Clock Region Cell Placement per Global Clock: Region X4Y9
-------------------------------------------------------------

+-----------+-------+-----------------+------------+-------------+-----------------+-----+-------------+------+------+-----+----+------+-----+---------+-------------------+
| Global Id | Track | Driver Type/Pin | Constraint | Clock Loads | Non-Clock Loads | FF  | Memory LUTs | RAMB | URAM | DSP | GT | MMCM | PLL | Hard IP | Net               |
+-----------+-------+-----------------+------------+-------------+-----------------+-----+-------------+------+------+-----+----+------+-----+---------+-------------------+
| g0        | 0     | BUFGCE/O        | None       |         120 |               0 | 104 |          16 |    0 |   16 |   0 |  0 |    0 |   0 |       0 | ooc_ap_clk_global |
+-----------+-------+-----------------+------------+-------------+-----------------+-----+-------------+------+------+-----+----+------+-----+---------+-------------------+
* Clock Loads column represents cell count of net connects that connect to a clock pin. Internal cell leaf pins are not considered
** Non-Clock Loads column represents cell count of non-clock pin loads
*** Columns FF, LUTRAM, RAMB through 'Hard IP' represents load cell counts


49. Clock Region Cell Placement per Global Clock: Region X5Y9
-------------------------------------------------------------

+-----------+-------+-----------------+------------+-------------+-----------------+----+-------------+------+------+-----+----+------+-----+---------+-------------------+
| Global Id | Track | Driver Type/Pin | Constraint | Clock Loads | Non-Clock Loads | FF | Memory LUTs | RAMB | URAM | DSP | GT | MMCM | PLL | Hard IP | Net               |
+-----------+-------+-----------------+------------+-------------+-----------------+----+-------------+------+------+-----+----+------+-----+---------+-------------------+
| g0        | 0     | BUFGCE/O        | None       |          92 |               0 | 76 |          16 |    0 |   16 |   0 |  0 |    0 |   0 |       0 | ooc_ap_clk_global |
+-----------+-------+-----------------+------------+-------------+-----------------+----+-------------+------+------+-----+----+------+-----+---------+-------------------+
* Clock Loads column represents cell count of net connects that connect to a clock pin. Internal cell leaf pins are not considered
** Non-Clock Loads column represents cell count of non-clock pin loads
*** Columns FF, LUTRAM, RAMB through 'Hard IP' represents load cell counts


50. Clock Region Cell Placement per Global Clock: Region X6Y9
-------------------------------------------------------------

+-----------+-------+-----------------+------------+-------------+-----------------+----+-------------+------+------+-----+----+------+-----+---------+-------------------+
| Global Id | Track | Driver Type/Pin | Constraint | Clock Loads | Non-Clock Loads | FF | Memory LUTs | RAMB | URAM | DSP | GT | MMCM | PLL | Hard IP | Net               |
+-----------+-------+-----------------+------------+-------------+-----------------+----+-------------+------+------+-----+----+------+-----+---------+-------------------+
| g0        | 0     | BUFGCE/O        | None       |          16 |               0 |  0 |          16 |    0 |   16 |   0 |  0 |    0 |   0 |       0 | ooc_ap_clk_global |
+-----------+-------+-----------------+------------+-------------+-----------------+----+-------------+------+------+-----+----+------+-----+---------+-------------------+
* Clock Loads column represents cell count of net connects that connect to a clock pin. Internal cell leaf pins are not considered
** Non-Clock Loads column represents cell count of non-clock pin loads
*** Columns FF, LUTRAM, RAMB through 'Hard IP' represents load cell counts


51. Clock Region Cell Placement per Global Clock: Region X1Y10
--------------------------------------------------------------

+-----------+-------+-----------------+------------+-------------+-----------------+----+-------------+------+------+-----+----+------+-----+---------+-------------------+
| Global Id | Track | Driver Type/Pin | Constraint | Clock Loads | Non-Clock Loads | FF | Memory LUTs | RAMB | URAM | DSP | GT | MMCM | PLL | Hard IP | Net               |
+-----------+-------+-----------------+------------+-------------+-----------------+----+-------------+------+------+-----+----+------+-----+---------+-------------------+
| g0        | 0     | BUFGCE/O        | None       |          16 |               0 |  0 |          16 |    0 |   16 |   0 |  0 |    0 |   0 |       0 | ooc_ap_clk_global |
+-----------+-------+-----------------+------------+-------------+-----------------+----+-------------+------+------+-----+----+------+-----+---------+-------------------+
* Clock Loads column represents cell count of net connects that connect to a clock pin. Internal cell leaf pins are not considered
** Non-Clock Loads column represents cell count of non-clock pin loads
*** Columns FF, LUTRAM, RAMB through 'Hard IP' represents load cell counts


52. Clock Region Cell Placement per Global Clock: Region X2Y10
--------------------------------------------------------------

+-----------+-------+-----------------+------------+-------------+-----------------+----+-------------+------+------+-----+----+------+-----+---------+-------------------+
| Global Id | Track | Driver Type/Pin | Constraint | Clock Loads | Non-Clock Loads | FF | Memory LUTs | RAMB | URAM | DSP | GT | MMCM | PLL | Hard IP | Net               |
+-----------+-------+-----------------+------------+-------------+-----------------+----+-------------+------+------+-----+----+------+-----+---------+-------------------+
| g0+       | 0     | BUFGCE/O        | None       |           0 |               0 |  0 |           0 |    0 |    0 |   0 |  0 |    0 |   0 |       0 | ooc_ap_clk_global |
+-----------+-------+-----------------+------------+-------------+-----------------+----+-------------+------+------+-----+----+------+-----+---------+-------------------+
* Clock Loads column represents cell count of net connects that connect to a clock pin. Internal cell leaf pins are not considered
** Non-Clock Loads column represents cell count of non-clock pin loads
*** Columns FF, LUTRAM, RAMB through 'Hard IP' represents load cell counts
**** In Global Id column, sympbol '+' indicates that global clock was used only to route through the clock region.


53. Clock Region Cell Placement per Global Clock: Region X3Y10
--------------------------------------------------------------

+-----------+-------+-----------------+------------+-------------+-----------------+----+-------------+------+------+-----+----+------+-----+---------+-------------------+
| Global Id | Track | Driver Type/Pin | Constraint | Clock Loads | Non-Clock Loads | FF | Memory LUTs | RAMB | URAM | DSP | GT | MMCM | PLL | Hard IP | Net               |
+-----------+-------+-----------------+------------+-------------+-----------------+----+-------------+------+------+-----+----+------+-----+---------+-------------------+
| g0        | 0     | BUFGCE/O        | None       |          16 |               0 |  0 |          16 |    0 |   16 |   0 |  0 |    0 |   0 |       0 | ooc_ap_clk_global |
+-----------+-------+-----------------+------------+-------------+-----------------+----+-------------+------+------+-----+----+------+-----+---------+-------------------+
* Clock Loads column represents cell count of net connects that connect to a clock pin. Internal cell leaf pins are not considered
** Non-Clock Loads column represents cell count of non-clock pin loads
*** Columns FF, LUTRAM, RAMB through 'Hard IP' represents load cell counts


54. Clock Region Cell Placement per Global Clock: Region X4Y10
--------------------------------------------------------------

+-----------+-------+-----------------+------------+-------------+-----------------+----+-------------+------+------+-----+----+------+-----+---------+-------------------+
| Global Id | Track | Driver Type/Pin | Constraint | Clock Loads | Non-Clock Loads | FF | Memory LUTs | RAMB | URAM | DSP | GT | MMCM | PLL | Hard IP | Net               |
+-----------+-------+-----------------+------------+-------------+-----------------+----+-------------+------+------+-----+----+------+-----+---------+-------------------+
| g0        | 0     | BUFGCE/O        | None       |          18 |               0 |  2 |          16 |    0 |   16 |   0 |  0 |    0 |   0 |       0 | ooc_ap_clk_global |
+-----------+-------+-----------------+------------+-------------+-----------------+----+-------------+------+------+-----+----+------+-----+---------+-------------------+
* Clock Loads column represents cell count of net connects that connect to a clock pin. Internal cell leaf pins are not considered
** Non-Clock Loads column represents cell count of non-clock pin loads
*** Columns FF, LUTRAM, RAMB through 'Hard IP' represents load cell counts


55. Clock Region Cell Placement per Global Clock: Region X5Y10
--------------------------------------------------------------

+-----------+-------+-----------------+------------+-------------+-----------------+-----+-------------+------+------+-----+----+------+-----+---------+-------------------+
| Global Id | Track | Driver Type/Pin | Constraint | Clock Loads | Non-Clock Loads | FF  | Memory LUTs | RAMB | URAM | DSP | GT | MMCM | PLL | Hard IP | Net               |
+-----------+-------+-----------------+------------+-------------+-----------------+-----+-------------+------+------+-----+----+------+-----+---------+-------------------+
| g0        | 0     | BUFGCE/O        | None       |         208 |               0 | 192 |          16 |    0 |   16 |   0 |  0 |    0 |   0 |       0 | ooc_ap_clk_global |
+-----------+-------+-----------------+------------+-------------+-----------------+-----+-------------+------+------+-----+----+------+-----+---------+-------------------+
* Clock Loads column represents cell count of net connects that connect to a clock pin. Internal cell leaf pins are not considered
** Non-Clock Loads column represents cell count of non-clock pin loads
*** Columns FF, LUTRAM, RAMB through 'Hard IP' represents load cell counts


56. Clock Region Cell Placement per Global Clock: Region X6Y10
--------------------------------------------------------------

+-----------+-------+-----------------+------------+-------------+-----------------+----+-------------+------+------+-----+----+------+-----+---------+-------------------+
| Global Id | Track | Driver Type/Pin | Constraint | Clock Loads | Non-Clock Loads | FF | Memory LUTs | RAMB | URAM | DSP | GT | MMCM | PLL | Hard IP | Net               |
+-----------+-------+-----------------+------------+-------------+-----------------+----+-------------+------+------+-----+----+------+-----+---------+-------------------+
| g0        | 0     | BUFGCE/O        | None       |          14 |               0 |  0 |          14 |    0 |   14 |   0 |  0 |    0 |   0 |       0 | ooc_ap_clk_global |
+-----------+-------+-----------------+------------+-------------+-----------------+----+-------------+------+------+-----+----+------+-----+---------+-------------------+
* Clock Loads column represents cell count of net connects that connect to a clock pin. Internal cell leaf pins are not considered
** Non-Clock Loads column represents cell count of non-clock pin loads
*** Columns FF, LUTRAM, RAMB through 'Hard IP' represents load cell counts


57. Clock Region Cell Placement per Global Clock: Region X1Y11
--------------------------------------------------------------

+-----------+-------+-----------------+------------+-------------+-----------------+----+-------------+------+------+-----+----+------+-----+---------+-------------------+
| Global Id | Track | Driver Type/Pin | Constraint | Clock Loads | Non-Clock Loads | FF | Memory LUTs | RAMB | URAM | DSP | GT | MMCM | PLL | Hard IP | Net               |
+-----------+-------+-----------------+------------+-------------+-----------------+----+-------------+------+------+-----+----+------+-----+---------+-------------------+
| g0        | 0     | BUFGCE/O        | None       |           4 |               0 |  0 |           4 |    0 |    4 |   0 |  0 |    0 |   0 |       0 | ooc_ap_clk_global |
+-----------+-------+-----------------+------------+-------------+-----------------+----+-------------+------+------+-----+----+------+-----+---------+-------------------+
* Clock Loads column represents cell count of net connects that connect to a clock pin. Internal cell leaf pins are not considered
** Non-Clock Loads column represents cell count of non-clock pin loads
*** Columns FF, LUTRAM, RAMB through 'Hard IP' represents load cell counts


58. Clock Region Cell Placement per Global Clock: Region X2Y11
--------------------------------------------------------------

+-----------+-------+-----------------+------------+-------------+-----------------+----+-------------+------+------+-----+----+------+-----+---------+-------------------+
| Global Id | Track | Driver Type/Pin | Constraint | Clock Loads | Non-Clock Loads | FF | Memory LUTs | RAMB | URAM | DSP | GT | MMCM | PLL | Hard IP | Net               |
+-----------+-------+-----------------+------------+-------------+-----------------+----+-------------+------+------+-----+----+------+-----+---------+-------------------+
| g0+       | 0     | BUFGCE/O        | None       |           0 |               0 |  0 |           0 |    0 |    0 |   0 |  0 |    0 |   0 |       0 | ooc_ap_clk_global |
+-----------+-------+-----------------+------------+-------------+-----------------+----+-------------+------+------+-----+----+------+-----+---------+-------------------+
* Clock Loads column represents cell count of net connects that connect to a clock pin. Internal cell leaf pins are not considered
** Non-Clock Loads column represents cell count of non-clock pin loads
*** Columns FF, LUTRAM, RAMB through 'Hard IP' represents load cell counts
**** In Global Id column, sympbol '+' indicates that global clock was used only to route through the clock region.


59. Clock Region Cell Placement per Global Clock: Region X3Y11
--------------------------------------------------------------

+-----------+-------+-----------------+------------+-------------+-----------------+----+-------------+------+------+-----+----+------+-----+---------+-------------------+
| Global Id | Track | Driver Type/Pin | Constraint | Clock Loads | Non-Clock Loads | FF | Memory LUTs | RAMB | URAM | DSP | GT | MMCM | PLL | Hard IP | Net               |
+-----------+-------+-----------------+------------+-------------+-----------------+----+-------------+------+------+-----+----+------+-----+---------+-------------------+
| g0        | 0     | BUFGCE/O        | None       |          16 |               0 |  0 |          16 |    0 |   16 |   0 |  0 |    0 |   0 |       0 | ooc_ap_clk_global |
+-----------+-------+-----------------+------------+-------------+-----------------+----+-------------+------+------+-----+----+------+-----+---------+-------------------+
* Clock Loads column represents cell count of net connects that connect to a clock pin. Internal cell leaf pins are not considered
** Non-Clock Loads column represents cell count of non-clock pin loads
*** Columns FF, LUTRAM, RAMB through 'Hard IP' represents load cell counts


60. Clock Region Cell Placement per Global Clock: Region X4Y11
--------------------------------------------------------------

+-----------+-------+-----------------+------------+-------------+-----------------+----+-------------+------+------+-----+----+------+-----+---------+-------------------+
| Global Id | Track | Driver Type/Pin | Constraint | Clock Loads | Non-Clock Loads | FF | Memory LUTs | RAMB | URAM | DSP | GT | MMCM | PLL | Hard IP | Net               |
+-----------+-------+-----------------+------------+-------------+-----------------+----+-------------+------+------+-----+----+------+-----+---------+-------------------+
| g0        | 0     | BUFGCE/O        | None       |          16 |               0 |  0 |          16 |    0 |   16 |   0 |  0 |    0 |   0 |       0 | ooc_ap_clk_global |
+-----------+-------+-----------------+------------+-------------+-----------------+----+-------------+------+------+-----+----+------+-----+---------+-------------------+
* Clock Loads column represents cell count of net connects that connect to a clock pin. Internal cell leaf pins are not considered
** Non-Clock Loads column represents cell count of non-clock pin loads
*** Columns FF, LUTRAM, RAMB through 'Hard IP' represents load cell counts


61. Clock Region Cell Placement per Global Clock: Region X5Y11
--------------------------------------------------------------

+-----------+-------+-----------------+------------+-------------+-----------------+----+-------------+------+------+-----+----+------+-----+---------+-------------------+
| Global Id | Track | Driver Type/Pin | Constraint | Clock Loads | Non-Clock Loads | FF | Memory LUTs | RAMB | URAM | DSP | GT | MMCM | PLL | Hard IP | Net               |
+-----------+-------+-----------------+------------+-------------+-----------------+----+-------------+------+------+-----+----+------+-----+---------+-------------------+
| g0        | 0     | BUFGCE/O        | None       |          14 |               0 |  0 |          14 |    0 |   14 |   0 |  0 |    0 |   0 |       0 | ooc_ap_clk_global |
+-----------+-------+-----------------+------------+-------------+-----------------+----+-------------+------+------+-----+----+------+-----+---------+-------------------+
* Clock Loads column represents cell count of net connects that connect to a clock pin. Internal cell leaf pins are not considered
** Non-Clock Loads column represents cell count of non-clock pin loads
*** Columns FF, LUTRAM, RAMB through 'Hard IP' represents load cell counts


