

================================================================
== Vitis HLS Report for 'gdn_rs2_top_impl'
================================================================
* Date:           Thu Aug  6 04:45:06 2026

* Version:        2025.2 (Build 6295257 on Nov 14 2025)
* Project:        gdn_rs2_hls
* Solution:       u55c_250mhz (Vivado IP Flow Target)
* Product family: virtexuplusHBM
* Target device:  xcu55c-fsvh2892-2L-e


================================================================
== Performance Estimates
================================================================
+ Timing: 
    * Summary: 
    +--------+---------+----------+------------+
    |  Clock |  Target | Estimated| Uncertainty|
    +--------+---------+----------+------------+
    |ap_clk  |  4.00 ns|  3.106 ns|     1.08 ns|
    +--------+---------+----------+------------+

+ Latency: 
    * Summary: 
    +---------+-----------+-----------+-----------+------+-----------+---------+
    |   Latency (cycles)  |   Latency (absolute)  |     Interval     | Pipeline|
    |   min   |    max    |    min    |    max    |  min |    max    |   Type  |
    +---------+-----------+-----------+-----------+------+-----------+---------+
    |     4128|  102328031|  16.512 us|  0.409 sec|  4128|  102328031|       no|
    +---------+-----------+-----------+-----------+------+-----------+---------+

    + Detail: 
        * Instance: 
        +--------------------------------------------------------------------------------------+--------------------------------------------------------------------------+----------+----------+-----------+-----------+----------+----------+-------------------+
        |                                                                                      |                                                                          |   Latency (cycles)  |   Latency (absolute)  |       Interval      |      Pipeline     |
        |                                       Instance                                       |                                  Module                                  |    min   |    max   |    min    |    max    |    min   |    max   |        Type       |
        +--------------------------------------------------------------------------------------+--------------------------------------------------------------------------+----------+----------+-----------+-----------+----------+----------+-------------------+
        |grp_gdn_rs2_top_impl_Pipeline_clear_rs2_output_heads_clear_rs2_output_values_fu_9177  |gdn_rs2_top_impl_Pipeline_clear_rs2_output_heads_clear_rs2_output_values  |      4098|      4098|  16.392 us|  16.392 us|         0|         0|  loop pipeline stp|
        |grp_p_anonymous_namespace_validate_snapshot_fu_9187                                   |p_anonymous_namespace_validate_snapshot                                   |    991110|    992358|   3.964 ms|   3.969 ms|    991110|    992358|                 no|
        |grp_p_anonymous_namespace_load_snapshot_fu_9223                                       |p_anonymous_namespace_load_snapshot                                       |    952108|    952108|   3.808 ms|   3.808 ms|    952108|    952108|                 no|
        |grp_p_anonymous_namespace_reset_slot_fu_9273                                          |p_anonymous_namespace_reset_slot                                          |     17189|     17189|  68.756 us|  68.756 us|     17189|     17189|                 no|
        |grp_p_anonymous_namespace_validate_token_fu_9303                                      |p_anonymous_namespace_validate_token                                      |      4177|     17101|  16.708 us|  68.404 us|      4177|     17101|                 no|
        |grp_gdn_rs2_top_impl_Outline_3_fu_9329                                                |gdn_rs2_top_impl_Outline_3                                                |        51|        51|   0.204 us|   0.204 us|        51|        51|                 no|
        |grp_gdn_rs2_top_impl_Outline_4_fu_9336                                                |gdn_rs2_top_impl_Outline_4                                                |        51|        51|   0.204 us|   0.204 us|        51|        51|                 no|
        |grp_gdn_rs2_top_impl_Outline_decay_coefficients_heads_fu_9343                         |gdn_rs2_top_impl_Outline_decay_coefficients_heads                         |       225|       481|   0.900 us|   1.924 us|       225|       481|                 no|
        |grp_gdn_rs2_top_impl_Outline_5_fu_9359                                                |gdn_rs2_top_impl_Outline_5                                                |        51|        51|   0.204 us|   0.204 us|        51|        51|                 no|
        |grp_gdn_rs2_top_impl_Outline_6_fu_9366                                                |gdn_rs2_top_impl_Outline_6                                                |        51|        51|   0.204 us|   0.204 us|        51|        51|                 no|
        |grp_gdn_rs2_top_impl_Outline_prediction_log_entries_fu_9373                           |gdn_rs2_top_impl_Outline_prediction_log_entries                           |       103|     75127|   0.412 us|   0.301 ms|       103|     75127|                 no|
        |grp_p_anonymous_namespace_store_key_fu_9398                                           |p_anonymous_namespace_store_key                                           |      4109|      4109|  16.436 us|  16.436 us|      4109|      4109|                 no|
        |grp_gdn_rs2_top_impl_Pipeline_VITIS_LOOP_1317_1_fu_9414                               |gdn_rs2_top_impl_Pipeline_VITIS_LOOP_1317_1                               |        34|        34|   0.136 us|   0.136 us|         0|         0|  loop pipeline stp|
        |grp_gdn_rs2_top_impl_Outline_output_log_entries_fu_9422                               |gdn_rs2_top_impl_Outline_output_log_entries                               |       103|     75127|   0.412 us|   0.301 ms|       103|     75127|                 no|
        |grp_p_anonymous_namespace_dot_base_column_fu_9448                                     |p_anonymous_namespace_dot_base_column                                     |      1047|      1566|   4.188 us|   6.264 us|      1047|      1566|                 no|
        |grp_p_anonymous_namespace_quantize_update_block_fu_9482                               |p_anonymous_namespace_quantize_update_block                               |       563|      1625|   2.252 us|   6.500 us|       563|      1625|                 no|
        |grp_p_anonymous_namespace_combine_action_fu_9629                                      |p_anonymous_namespace_combine_action                                      |        22|        36|  88.000 ns|   0.144 us|        22|        36|                 no|
        |grp_aligned_sum_guarded_3_s_fu_9656                                                   |aligned_sum_guarded_3_s                                                   |         8|        18|  32.000 ns|  72.000 ns|         8|        18|                 no|
        |grp_p_anonymous_namespace_fold_log_fu_9668                                            |p_anonymous_namespace_fold_log                                            |  43967428|  88630212|  0.176 sec|  0.355 sec|  43967428|  88630212|                 no|
        |grp_p_anonymous_namespace_read_snapshot_fu_9702                                       |p_anonymous_namespace_read_snapshot                                       |    870631|    870631|   3.483 ms|   3.483 ms|    870631|    870631|                 no|
        +--------------------------------------------------------------------------------------+--------------------------------------------------------------------------+----------+----------+-----------+-----------+----------+----------+-------------------+

        * Loop: 
        +-----------------------+---------+----------+-----------------+-----------+-----------+------+----------+
        |                       |  Latency (cycles)  |    Iteration    |  Initiation Interval  | Trip |          |
        |       Loop Name       |   min   |    max   |     Latency     |  achieved |   target  | Count| Pipelined|
        +-----------------------+---------+----------+-----------------+-----------+-----------+------+----------+
        |- step_rs2_heads       |  8978912|  13522144|  280591 ~ 422567|          -|          -|    32|        no|
        | + step_rs2_blocks     |   280588|    422564|   70147 ~ 105641|          -|          -|     4|        no|
        |  ++ step_rs2_lanes    |    35169|     52545|      1099 ~ 1642|          -|          -|    32|        no|
        |  ++ output_rs2_lanes  |    34400|     51456|      1075 ~ 1608|          -|          -|    32|        no|
        +-----------------------+---------+----------+-----------------+-----------+-----------+------+----------+



================================================================
== Utilization Estimates
================================================================
* Summary: 
+---------------------+---------+------+---------+---------+-----+
|         Name        | BRAM_18K|  DSP |    FF   |   LUT   | URAM|
+---------------------+---------+------+---------+---------+-----+
|DSP                  |        -|     -|        -|        -|    -|
|Expression           |        -|     -|        0|     4196|    -|
|FIFO                 |        -|     -|        -|        -|    -|
|Instance             |        0|    26|    48779|   128451|    0|
|Memory               |       62|     -|      856|     3710|   88|
|Multiplexer          |        -|     -|        0|    10665|    -|
|Register             |        -|     -|     7268|        -|    -|
+---------------------+---------+------+---------+---------+-----+
|Total                |       62|    26|    56903|   147022|   88|
+---------------------+---------+------+---------+---------+-----+
|Available SLR        |     1344|  3008|   869120|   434560|  320|
+---------------------+---------+------+---------+---------+-----+
|Utilization SLR (%)  |        4|    ~0|        6|       33|   27|
+---------------------+---------+------+---------+---------+-----+
|Available            |     4032|  9024|  2607360|  1303680|  960|
+---------------------+---------+------+---------+---------+-----+
|Utilization (%)      |        1|    ~0|        2|       11|    9|
+---------------------+---------+------+---------+---------+-----+

+ Detail: 
    * Instance: 
    +--------------------------------------------------------------------------------------+--------------------------------------------------------------------------+---------+----+-------+-------+-----+
    |                                       Instance                                       |                                  Module                                  | BRAM_18K| DSP|   FF  |  LUT  | URAM|
    +--------------------------------------------------------------------------------------+--------------------------------------------------------------------------+---------+----+-------+-------+-----+
    |grp_aligned_sum_guarded_2_1_fu_14267                                                  |aligned_sum_guarded_2_1                                                   |        0|   0|    951|   2493|    0|
    |grp_aligned_sum_guarded_3_s_fu_9656                                                   |aligned_sum_guarded_3_s                                                   |        0|   0|    954|   2421|    0|
    |grp_gdn_rs2_top_impl_Outline_3_fu_9329                                                |gdn_rs2_top_impl_Outline_3                                                |        0|   0|     14|     81|    0|
    |grp_gdn_rs2_top_impl_Outline_4_fu_9336                                                |gdn_rs2_top_impl_Outline_4                                                |        0|   0|     14|     81|    0|
    |grp_gdn_rs2_top_impl_Outline_5_fu_9359                                                |gdn_rs2_top_impl_Outline_5                                                |        0|   0|     14|     81|    0|
    |grp_gdn_rs2_top_impl_Outline_6_fu_9366                                                |gdn_rs2_top_impl_Outline_6                                                |        0|   0|     14|     81|    0|
    |grp_gdn_rs2_top_impl_Outline_decay_coefficients_heads_fu_9343                         |gdn_rs2_top_impl_Outline_decay_coefficients_heads                         |        0|   4|    426|    837|    0|
    |grp_gdn_rs2_top_impl_Outline_output_log_entries_fu_9422                               |gdn_rs2_top_impl_Outline_output_log_entries                               |        0|   0|   2492|   6444|    0|
    |grp_gdn_rs2_top_impl_Outline_prediction_log_entries_fu_9373                           |gdn_rs2_top_impl_Outline_prediction_log_entries                           |        0|   0|   2748|   6434|    0|
    |grp_gdn_rs2_top_impl_Pipeline_VITIS_LOOP_1317_1_fu_9414                               |gdn_rs2_top_impl_Pipeline_VITIS_LOOP_1317_1                               |        0|   0|      8|     74|    0|
    |grp_gdn_rs2_top_impl_Pipeline_clear_rs2_output_heads_clear_rs2_output_values_fu_9177  |gdn_rs2_top_impl_Pipeline_clear_rs2_output_heads_clear_rs2_output_values  |        0|   0|     18|    103|    0|
    |mul_32s_16ns_48_2_1_U1538                                                             |mul_32s_16ns_48_2_1                                                       |        0|   2|    165|     49|    0|
    |grp_p_anonymous_namespace_combine_action_fu_9629                                      |p_anonymous_namespace_combine_action                                      |        0|  18|   4361|   6620|    0|
    |grp_p_anonymous_namespace_dot_base_column_fu_9448                                     |p_anonymous_namespace_dot_base_column                                     |        0|   2|   3145|   7488|    0|
    |grp_p_anonymous_namespace_fold_log_fu_9668                                            |p_anonymous_namespace_fold_log                                            |        0|   0|  17332|  42871|    0|
    |grp_p_anonymous_namespace_load_snapshot_fu_9223                                       |p_anonymous_namespace_load_snapshot                                       |        0|   0|   2335|   4589|    0|
    |grp_p_anonymous_namespace_quantize_update_block_fu_9482                               |p_anonymous_namespace_quantize_update_block                               |        0|   0|   8564|  30865|    0|
    |grp_p_anonymous_namespace_read_snapshot_fu_9702                                       |p_anonymous_namespace_read_snapshot                                       |        0|   0|   1888|   3758|    0|
    |grp_p_anonymous_namespace_reset_slot_fu_9273                                          |p_anonymous_namespace_reset_slot                                          |        0|   0|    268|   1149|    0|
    |grp_p_anonymous_namespace_store_key_fu_9398                                           |p_anonymous_namespace_store_key                                           |        0|   0|    457|   1304|    0|
    |grp_p_anonymous_namespace_validate_snapshot_fu_9187                                   |p_anonymous_namespace_validate_snapshot                                   |        0|   0|   1368|   3564|    0|
    |grp_p_anonymous_namespace_validate_token_fu_9303                                      |p_anonymous_namespace_validate_token                                      |        0|   0|    406|   1982|    0|
    |grp_select_e2m1_scale_power_fu_14276                                                  |select_e2m1_scale_power                                                   |        0|   0|    837|   4978|    0|
    |sparsemux_17_3_4_1_1_U1539                                                            |sparsemux_17_3_4_1_1                                                      |        0|   0|      0|     43|    0|
    |sparsemux_17_3_4_1_1_U1540                                                            |sparsemux_17_3_4_1_1                                                      |        0|   0|      0|     43|    0|
    |sparsemux_7_2_32_1_1_U1542                                                            |sparsemux_7_2_32_1_1                                                      |        0|   0|      0|      9|    0|
    |sparsemux_7_2_64_1_1_U1541                                                            |sparsemux_7_2_64_1_1                                                      |        0|   0|      0|      9|    0|
    +--------------------------------------------------------------------------------------+--------------------------------------------------------------------------+---------+----+-------+-------+-----+
    |Total                                                                                 |                                                                          |        0|  26|  48779| 128451|    0|
    +--------------------------------------------------------------------------------------+--------------------------------------------------------------------------+---------+----+-------+-------+-----+

    * DSP: 
    N/A

    * Memory: 
    +--------------------------------------------------------------------------------------+----------------------------------------------------------------------------------+---------+----+------+-----+--------+-----+------+-------------+
    |                                        Memory                                        |                                      Module                                      | BRAM_18K| FF |  LUT | URAM|  Words | Bits| Banks| W*Bits*Banks|
    +--------------------------------------------------------------------------------------+----------------------------------------------------------------------------------+---------+----+------+-----+--------+-----+------+-------------+
    |gdn_rs2_top_impl_unsigned_char_unsigned_short_unsigned_char_unsigned_char_ap_uin_2_U  |gdn_rs2_top_impl_gdn_rs2_top_impl_unsigned_char_unsigned_short_unsigned_char_bkb  |        0|  64|    65|    0|      36|   64|     1|         2304|
    |gdn_rs2_top_impl_unsigned_char_unsigned_short_unsigned_char_unsigned_char_ap_uin_8_U  |gdn_rs2_top_impl_gdn_rs2_top_impl_unsigned_char_unsigned_short_unsigned_char_bkb  |        0|  64|    65|    0|      36|   64|     1|         2304|
    |gdn_rs2_top_impl_unsigned_char_unsigned_short_unsigned_char_unsigned_char_ap_uin_7_U  |gdn_rs2_top_impl_gdn_rs2_top_impl_unsigned_char_unsigned_short_unsigned_char_bkb  |        0|  64|    65|    0|      36|   64|     1|         2304|
    |gdn_rs2_top_impl_unsigned_char_unsigned_short_unsigned_char_unsigned_char_ap_uin_6_U  |gdn_rs2_top_impl_gdn_rs2_top_impl_unsigned_char_unsigned_short_unsigned_char_bkb  |        0|  64|    65|    0|      36|   64|     1|         2304|
    |gdn_rs2_top_impl_unsigned_char_unsigned_short_unsigned_char_unsigned_char_ap_uin_5_U  |gdn_rs2_top_impl_gdn_rs2_top_impl_unsigned_char_unsigned_short_unsigned_char_bkb  |        0|  64|    65|    0|      36|   64|     1|         2304|
    |gdn_rs2_top_impl_unsigned_char_unsigned_short_unsigned_char_unsigned_char_ap_uin_4_U  |gdn_rs2_top_impl_gdn_rs2_top_impl_unsigned_char_unsigned_short_unsigned_char_bkb  |        0|  64|    65|    0|      36|   64|     1|         2304|
    |gdn_rs2_top_impl_unsigned_char_unsigned_short_unsigned_char_unsigned_char_ap_uin_3_U  |gdn_rs2_top_impl_gdn_rs2_top_impl_unsigned_char_unsigned_short_unsigned_char_bkb  |        0|  64|    65|    0|      36|   64|     1|         2304|
    |gdn_rs2_top_impl_unsigned_char_unsigned_short_unsigned_char_unsigned_char_ap_uin_9_U  |gdn_rs2_top_impl_gdn_rs2_top_impl_unsigned_char_unsigned_short_unsigned_char_bkb  |        0|  64|    65|    0|      36|   64|     1|         2304|
    |gdn_rs2_top_impl_unsigned_char_unsigned_short_unsigned_char_unsigned_char_ap_uin_U    |gdn_rs2_top_impl_gdn_rs2_top_impl_unsigned_char_unsigned_short_unsigned_char_jbC  |        0|   4|     5|    0|      36|    4|     1|          144|
    |gdn_rs2_top_impl_unsigned_char_unsigned_short_unsigned_char_unsigned_char_ap_uin_1_U  |gdn_rs2_top_impl_gdn_rs2_top_impl_unsigned_char_unsigned_short_unsigned_char_kbM  |        0|   2|     3|    0|      36|    1|     1|           36|
    |prediction_log_m_U                                                                    |gdn_rs2_top_impl_prediction_log_m_RAM_AUTO_1R1W                                   |        0|  32|    33|    0|      16|   32|     1|          512|
    |prediction_log_m_1_U                                                                  |gdn_rs2_top_impl_prediction_log_m_RAM_AUTO_1R1W                                   |        0|  32|    33|    0|      16|   32|     1|          512|
    |prediction_log_m_2_U                                                                  |gdn_rs2_top_impl_prediction_log_m_RAM_AUTO_1R1W                                   |        0|  32|    33|    0|      16|   32|     1|          512|
    |output_log_m_U                                                                        |gdn_rs2_top_impl_prediction_log_m_RAM_AUTO_1R1W                                   |        0|  32|    33|    0|      16|   32|     1|          512|
    |output_log_m_1_U                                                                      |gdn_rs2_top_impl_prediction_log_m_RAM_AUTO_1R1W                                   |        0|  32|    33|    0|      16|   32|     1|          512|
    |output_log_m_2_U                                                                      |gdn_rs2_top_impl_prediction_log_m_RAM_AUTO_1R1W                                   |        0|  32|    33|    0|      16|   32|     1|          512|
    |prediction_log_x_U                                                                    |gdn_rs2_top_impl_prediction_log_x_RAM_AUTO_1R1W                                   |        0|  16|    17|    0|      16|   16|     1|          256|
    |prediction_log_x_1_U                                                                  |gdn_rs2_top_impl_prediction_log_x_RAM_AUTO_1R1W                                   |        0|  16|    17|    0|      16|   16|     1|          256|
    |prediction_log_x_2_U                                                                  |gdn_rs2_top_impl_prediction_log_x_RAM_AUTO_1R1W                                   |        0|  16|    17|    0|      16|   16|     1|          256|
    |output_log_x_U                                                                        |gdn_rs2_top_impl_prediction_log_x_RAM_AUTO_1R1W                                   |        0|  16|    17|    0|      16|   16|     1|          256|
    |output_log_x_1_U                                                                      |gdn_rs2_top_impl_prediction_log_x_RAM_AUTO_1R1W                                   |        0|  16|    17|    0|      16|   16|     1|          256|
    |output_log_x_2_U                                                                      |gdn_rs2_top_impl_prediction_log_x_RAM_AUTO_1R1W                                   |        0|  16|    17|    0|      16|   16|     1|          256|
    |resident_gamma_U                                                                      |gdn_rs2_top_impl_resident_gamma_RAM_AUTO_1R1W                                     |        2|   0|     0|    0|    1152|   16|     1|        18432|
    |resident_key_scales_U                                                                 |gdn_rs2_top_impl_resident_key_scales_RAM_T2P_BRAM_1R1W                            |        8|   0|     0|    0|    3456|   32|     1|       110592|
    |resident_keys_U                                                                       |gdn_rs2_top_impl_resident_keys_RAM_T2P_URAM_1R1W                                  |        0|   4|   262|    8|   13824|  128|     1|      1769472|
    |resident_lambda_U                                                                     |gdn_rs2_top_impl_resident_lambda_RAM_AUTO_1R1W                                    |        4|   0|     0|    0|    3456|   16|     1|        55296|
    |resident_primary_U                                                                    |gdn_rs2_top_impl_resident_primary_RAM_T2P_URAM_1R1W                               |        0|  20|  1048|   32|  589824|  128|     1|     75497472|
    |resident_residual_U                                                                   |gdn_rs2_top_impl_resident_primary_RAM_T2P_URAM_1R1W                               |        0|  20|  1048|   32|  589824|  128|     1|     75497472|
    |resident_primary_scales_U                                                             |gdn_rs2_top_impl_resident_primary_scales_RAM_T2P_BRAM_1R1W                        |       16|   0|     0|    0|  147456|   32|     1|      4718592|
    |resident_residual_scales_U                                                            |gdn_rs2_top_impl_resident_primary_scales_RAM_T2P_BRAM_1R1W                        |       16|   0|     0|    0|  147456|   32|     1|      4718592|
    |resident_update_scales_U                                                              |gdn_rs2_top_impl_resident_update_scales_RAM_T2P_BRAM_1R1W                         |       16|   0|     0|    0|    6912|   32|     1|       221184|
    |resident_updates_U                                                                    |gdn_rs2_top_impl_resident_updates_RAM_T2P_URAM_1R1W                               |        0|   6|   524|   16|   27648|  128|     1|      3538944|
    +--------------------------------------------------------------------------------------+----------------------------------------------------------------------------------+---------+----+------+-----+--------+-----+------+-------------+
    |Total                                                                                 |                                                                                  |       62| 856|  3710|   88| 1531560| 1477|    32|    166169264|
    +--------------------------------------------------------------------------------------+----------------------------------------------------------------------------------+---------+----+------+-----+--------+-----+------+-------------+

    * FIFO: 
    N/A

    * Expression: 
    +----------------------------------------+----------+----+---+-----+------------+------------+
    |              Variable Name             | Operation| DSP| FF| LUT | Bitwidth P0| Bitwidth P1|
    +----------------------------------------+----------+----+---+-----+------------+------------+
    |add_ln109_fu_11727_p2                   |         +|   0|  0|   39|          32|           1|
    |add_ln1342_fu_11214_p2                  |         +|   0|  0|   13|           6|           1|
    |add_ln1345_fu_11290_p2                  |         +|   0|  0|   10|           3|           1|
    |add_ln1351_fu_11400_p2                  |         +|   0|  0|   13|           6|           1|
    |add_ln1363_fu_11224_p2                  |         +|   0|  0|   18|          11|          11|
    |add_ln1407_fu_12023_p2                  |         +|   0|  0|   13|           6|           1|
    |add_ln1426_fu_11145_p2                  |         +|   0|  0|   12|           5|           1|
    |add_ln149_1_fu_11309_p2                 |         +|   0|  0|   64|          64|          64|
    |add_ln149_2_fu_11274_p2                 |         +|   0|  0|   71|          64|          64|
    |add_ln149_3_fu_11336_p2                 |         +|   0|  0|   71|          64|          64|
    |add_ln149_fu_11304_p2                   |         +|   0|  0|   64|          64|          64|
    |add_ln77_1_fu_12185_p2                  |         +|   0|  0|   71|          64|          64|
    |add_ln77_2_fu_12192_p2                  |         +|   0|  0|   71|          64|          64|
    |add_ln77_3_fu_12209_p2                  |         +|   0|  0|   71|          64|          64|
    |add_ln77_4_fu_12216_p2                  |         +|   0|  0|   71|          64|          64|
    |add_ln77_5_fu_12223_p2                  |         +|   0|  0|   71|          64|          64|
    |add_ln77_6_fu_12235_p2                  |         +|   0|  0|   71|          64|          64|
    |command_counters_20_fu_11798_p2         |         +|   0|  0|   71|          64|           1|
    |empty_265_fu_11431_p2                   |         +|   0|  0|   71|          64|          64|
    |empty_266_fu_11463_p2                   |         +|   0|  0|   71|          64|          64|
    |grp_fu_9801_p2                          |         +|   0|  0|   71|          64|           1|
    |grp_fu_9808_p2                          |         +|   0|  0|   71|          64|           1|
    |tmp23_fu_11279_p2                       |         +|   0|  0|   71|          64|          64|
    |tmp24_fu_11422_p2                       |         +|   0|  0|   14|           7|           7|
    |tmp26_fu_11454_p2                       |         +|   0|  0|   20|          13|          13|
    |magnitude_fu_11688_p2                   |         -|   0|  0|   54|           1|          47|
    |residual_terms_2_fu_11482_p2            |         -|   0|  0|   40|           1|          33|
    |sub_ln1114_1_fu_10687_p2                |         -|   0|  0|   22|          15|          15|
    |sub_ln1114_2_fu_10710_p2                |         -|   0|  0|   20|          13|          13|
    |sub_ln1114_fu_10664_p2                  |         -|   0|  0|   26|          19|          19|
    |sub_ln113_fu_11762_p2                   |         -|   0|  0|   40|           1|          33|
    |sub_ln1166_1_fu_10397_p2                |         -|   0|  0|   22|          15|          15|
    |sub_ln1166_2_fu_10419_p2                |         -|   0|  0|   20|          13|          13|
    |sub_ln1166_fu_10375_p2                  |         -|   0|  0|   26|          19|          19|
    |sub_ln1219_1_fu_10847_p2                |         -|   0|  0|   22|          15|          15|
    |sub_ln1219_2_fu_10869_p2                |         -|   0|  0|   20|          13|          13|
    |sub_ln1219_fu_10825_p2                  |         -|   0|  0|   26|          19|          19|
    |sub_ln1276_fu_11119_p2                  |         -|   0|  0|   20|          13|          13|
    |sub_ln1342_fu_11199_p2                  |         -|   0|  0|   22|          15|          15|
    |sub_ln1365_fu_11179_p2                  |         -|   0|  0|   26|          19|          19|
    |sub_ln145_1_fu_11636_p2                 |         -|   0|  0|   12|           1|           5|
    |sub_ln145_fu_11555_p2                   |         -|   0|  0|   12|           1|           5|
    |and_ln108_fu_11739_p2                   |       and|   0|  0|    2|           1|           1|
    |and_ln125_fu_11819_p2                   |       and|   0|  0|    2|           1|           1|
    |and_ln144_1_fu_11630_p2                 |       and|   0|  0|    2|           1|           1|
    |and_ln144_fu_11549_p2                   |       and|   0|  0|    2|           1|           1|
    |ap_block_state263_on_subcall_done       |       and|   0|  0|    2|           1|           1|
    |ap_block_state286                       |       and|   0|  0|    2|           1|           1|
    |icmp_ln100_fu_10084_p2                  |      icmp|   0|  0|   15|           8|           1|
    |icmp_ln1045_fu_10027_p2                 |      icmp|   0|  0|   23|          16|           1|
    |icmp_ln1057_fu_10033_p2                 |      icmp|   0|  0|   15|           8|           6|
    |icmp_ln1071_fu_10062_p2                 |      icmp|   0|  0|   13|           6|           1|
    |icmp_ln107_1_fu_11721_p2                |      icmp|   0|  0|   23|          15|          16|
    |icmp_ln107_fu_10078_p2                  |      icmp|   0|  0|   15|           8|           1|
    |icmp_ln108_fu_11733_p2                  |      icmp|   0|  0|   23|          15|          16|
    |icmp_ln113_fu_10098_p2                  |      icmp|   0|  0|   15|           8|           2|
    |icmp_ln1218_fu_10798_p2                 |      icmp|   0|  0|   15|           8|           2|
    |icmp_ln121_fu_11792_p2                  |      icmp|   0|  0|    9|           2|           1|
    |icmp_ln125_fu_11803_p2                  |      icmp|   0|  0|   40|          33|          33|
    |icmp_ln1342_fu_11208_p2                 |      icmp|   0|  0|   14|           6|           7|
    |icmp_ln1345_fu_11284_p2                 |      icmp|   0|  0|   12|           3|           4|
    |icmp_ln1351_fu_11394_p2                 |      icmp|   0|  0|   14|           6|           7|
    |icmp_ln1407_fu_12017_p2                 |      icmp|   0|  0|   14|           6|           7|
    |icmp_ln1440_fu_12066_p2                 |      icmp|   0|  0|   12|           5|           2|
    |icmp_ln144_1_fu_11624_p2                |      icmp|   0|  0|   12|           4|           1|
    |icmp_ln144_fu_11543_p2                  |      icmp|   0|  0|   12|           4|           1|
    |icmp_ln93_fu_11683_p2                   |      icmp|   0|  0|   55|          48|           1|
    |ap_block_state101_io                    |        or|   0|  0|    2|           1|           1|
    |ap_block_state193_on_subcall_done       |        or|   0|  0|    2|           1|           1|
    |ap_block_state1_io                      |        or|   0|  0|    2|           1|           1|
    |ap_block_state202_on_subcall_done       |        or|   0|  0|    2|           1|           1|
    |ap_block_state204_on_subcall_done       |        or|   0|  0|    2|           1|           1|
    |ap_block_state207_io                    |        or|   0|  0|    2|           1|           1|
    |ap_block_state257_io                    |        or|   0|  0|    2|           1|           1|
    |ap_block_state262                       |        or|   0|  0|    2|           1|           1|
    |ap_predicate_op1788_writeresp_state286  |        or|   0|  0|    2|           1|           1|
    |or_ln108_fu_11745_p2                    |        or|   0|  0|    2|           1|           1|
    |magnitude_3_fu_11693_p3                 |    select|   0|  0|   47|           1|          47|
    |quotient_fu_11751_p3                    |    select|   0|  0|   32|           1|          32|
    |ref_tmp3_i_1_fu_11775_p3                |    select|   0|  0|   33|           1|           1|
    |residual_terms_1_fu_11642_p3            |    select|   0|  0|    5|           1|           5|
    |residual_terms_fu_11561_p3              |    select|   0|  0|    5|           1|           5|
    |select_ln112_fu_11768_p3                |    select|   0|  0|   33|           1|          33|
    |shl_ln1129_fu_10724_p2                  |       shl|   0|  0|   16|           1|           8|
    |shl_ln1192_2_fu_10548_p2                |       shl|   0|  0|  173|          60|          60|
    |shl_ln1192_fu_10530_p2                  |       shl|   0|  0|   16|           1|           8|
    |shl_ln1240_2_fu_12287_p2                |       shl|   0|  0|  173|          60|          60|
    |shl_ln1240_fu_12269_p2                  |       shl|   0|  0|   16|           1|           8|
    |shl_ln1459_2_fu_12120_p2                |       shl|   0|  0|  173|          60|          60|
    |shl_ln1459_fu_12102_p2                  |       shl|   0|  0|   16|           1|           8|
    |shl_ln91_10_fu_10299_p2                 |       shl|   0|  0|  171|          59|          59|
    |shl_ln91_11_fu_10748_p2                 |       shl|   0|  0|   16|           1|           8|
    |shl_ln91_12_fu_10882_p2                 |       shl|   0|  0|   16|           1|           8|
    |shl_ln91_14_fu_10900_p2                 |       shl|   0|  0|  171|           3|          59|
    |shl_ln91_15_fu_10576_p2                 |       shl|   0|  0|   16|           1|           8|
    |shl_ln91_16_fu_10432_p2                 |       shl|   0|  0|   16|           1|           8|
    |shl_ln91_18_fu_10450_p2                 |       shl|   0|  0|  171|           3|          59|
    |shl_ln91_19_fu_12315_p2                 |       shl|   0|  0|   16|           1|           8|
    |shl_ln91_20_fu_11004_p2                 |       shl|   0|  0|   16|           1|           8|
    |shl_ln91_22_fu_11022_p2                 |       shl|   0|  0|  171|           3|          59|
    |shl_ln91_23_fu_12148_p2                 |       shl|   0|  0|   16|           1|           8|
    |shl_ln91_2_fu_10137_p2                  |       shl|   0|  0|  169|           2|          58|
    |shl_ln91_3_fu_12372_p2                  |       shl|   0|  0|   16|           1|           8|
    |shl_ln91_5_fu_12390_p2                  |       shl|   0|  0|  169|           2|          58|
    |shl_ln91_6_fu_10198_p2                  |       shl|   0|  0|   16|           1|           8|
    |shl_ln91_8_fu_10216_p2                  |       shl|   0|  0|  167|           1|          57|
    |shl_ln91_9_fu_10281_p2                  |       shl|   0|  0|   16|           1|           8|
    |shl_ln91_fu_10119_p2                    |       shl|   0|  0|   16|           1|           8|
    |xor_ln121_fu_11813_p2                   |       xor|   0|  0|    2|           1|           2|
    |xor_ln151_1_fu_11382_p2                 |       xor|   0|  0|    2|           1|           2|
    |xor_ln151_fu_11355_p2                   |       xor|   0|  0|    2|           1|           2|
    +----------------------------------------+----------+----+---+-----+------------+------------+
    |Total                                   |          |   0|  0| 4196|        1808|        2147|
    +----------------------------------------+----------+----+---+-----+------------+------------+

    * Multiplexer: 
    +---------------------------------------------------------------------------------------------------+------+-----------+-----+-----------+
    |                                                Name                                               |  LUT | Input Size| Bits| Total Bits|
    +---------------------------------------------------------------------------------------------------+------+-----------+-----+-----------+
    |ap_NS_fsm                                                                                          |  1757|        332|    1|        332|
    |ap_phi_mux_delta_m_10_phi_fu_6928_p64                                                              |    14|          3|   32|         96|
    |ap_phi_mux_delta_m_11_phi_fu_6724_p64                                                              |    14|          3|   32|         96|
    |ap_phi_mux_delta_m_12_phi_fu_6520_p64                                                              |    14|          3|   32|         96|
    |ap_phi_mux_delta_m_13_phi_fu_6316_p64                                                              |    14|          3|   32|         96|
    |ap_phi_mux_delta_m_14_phi_fu_6112_p64                                                              |    14|          3|   32|         96|
    |ap_phi_mux_delta_m_15_phi_fu_5908_p64                                                              |    14|          3|   32|         96|
    |ap_phi_mux_delta_m_16_phi_fu_5704_p64                                                              |    14|          3|   32|         96|
    |ap_phi_mux_delta_m_17_phi_fu_5500_p64                                                              |    14|          3|   32|         96|
    |ap_phi_mux_delta_m_18_phi_fu_5296_p64                                                              |    14|          3|   32|         96|
    |ap_phi_mux_delta_m_19_phi_fu_5092_p64                                                              |    14|          3|   32|         96|
    |ap_phi_mux_delta_m_1_phi_fu_8764_p64                                                               |    14|          3|   32|         96|
    |ap_phi_mux_delta_m_20_phi_fu_4888_p64                                                              |    14|          3|   32|         96|
    |ap_phi_mux_delta_m_21_phi_fu_4684_p64                                                              |    14|          3|   32|         96|
    |ap_phi_mux_delta_m_22_phi_fu_4480_p64                                                              |    14|          3|   32|         96|
    |ap_phi_mux_delta_m_23_phi_fu_4276_p64                                                              |    14|          3|   32|         96|
    |ap_phi_mux_delta_m_24_phi_fu_4072_p64                                                              |    14|          3|   32|         96|
    |ap_phi_mux_delta_m_25_phi_fu_3868_p64                                                              |    14|          3|   32|         96|
    |ap_phi_mux_delta_m_26_phi_fu_3664_p64                                                              |    14|          3|   32|         96|
    |ap_phi_mux_delta_m_27_phi_fu_3460_p64                                                              |    14|          3|   32|         96|
    |ap_phi_mux_delta_m_28_phi_fu_3256_p64                                                              |    14|          3|   32|         96|
    |ap_phi_mux_delta_m_29_phi_fu_3052_p64                                                              |    14|          3|   32|         96|
    |ap_phi_mux_delta_m_2_phi_fu_8560_p64                                                               |    14|          3|   32|         96|
    |ap_phi_mux_delta_m_30_phi_fu_2848_p64                                                              |    14|          3|   32|         96|
    |ap_phi_mux_delta_m_31_phi_fu_2644_p64                                                              |    14|          3|   32|         96|
    |ap_phi_mux_delta_m_3_phi_fu_8356_p64                                                               |    14|          3|   32|         96|
    |ap_phi_mux_delta_m_4_phi_fu_8152_p64                                                               |    14|          3|   32|         96|
    |ap_phi_mux_delta_m_5_phi_fu_7948_p64                                                               |    14|          3|   32|         96|
    |ap_phi_mux_delta_m_6_phi_fu_7744_p64                                                               |    14|          3|   32|         96|
    |ap_phi_mux_delta_m_7_phi_fu_7540_p64                                                               |    14|          3|   32|         96|
    |ap_phi_mux_delta_m_8_phi_fu_7336_p64                                                               |    14|          3|   32|         96|
    |ap_phi_mux_delta_m_9_phi_fu_7132_p64                                                               |    14|          3|   32|         96|
    |ap_phi_mux_delta_m_phi_fu_8968_p64                                                                 |    14|          3|   32|         96|
    |ap_phi_mux_delta_x_10_phi_fu_6826_p64                                                              |    14|          3|   16|         48|
    |ap_phi_mux_delta_x_11_phi_fu_6622_p64                                                              |    14|          3|   16|         48|
    |ap_phi_mux_delta_x_12_phi_fu_6418_p64                                                              |    14|          3|   16|         48|
    |ap_phi_mux_delta_x_13_phi_fu_6214_p64                                                              |    14|          3|   16|         48|
    |ap_phi_mux_delta_x_14_phi_fu_6010_p64                                                              |    14|          3|   16|         48|
    |ap_phi_mux_delta_x_15_phi_fu_5806_p64                                                              |    14|          3|   16|         48|
    |ap_phi_mux_delta_x_16_phi_fu_5602_p64                                                              |    14|          3|   16|         48|
    |ap_phi_mux_delta_x_17_phi_fu_5398_p64                                                              |    14|          3|   16|         48|
    |ap_phi_mux_delta_x_18_phi_fu_5194_p64                                                              |    14|          3|   16|         48|
    |ap_phi_mux_delta_x_19_phi_fu_4990_p64                                                              |    14|          3|   16|         48|
    |ap_phi_mux_delta_x_1_phi_fu_8662_p64                                                               |    14|          3|   16|         48|
    |ap_phi_mux_delta_x_20_phi_fu_4786_p64                                                              |    14|          3|   16|         48|
    |ap_phi_mux_delta_x_21_phi_fu_4582_p64                                                              |    14|          3|   16|         48|
    |ap_phi_mux_delta_x_22_phi_fu_4378_p64                                                              |    14|          3|   16|         48|
    |ap_phi_mux_delta_x_23_phi_fu_4174_p64                                                              |    14|          3|   16|         48|
    |ap_phi_mux_delta_x_24_phi_fu_3970_p64                                                              |    14|          3|   16|         48|
    |ap_phi_mux_delta_x_25_phi_fu_3766_p64                                                              |    14|          3|   16|         48|
    |ap_phi_mux_delta_x_26_phi_fu_3562_p64                                                              |    14|          3|   16|         48|
    |ap_phi_mux_delta_x_27_phi_fu_3358_p64                                                              |    14|          3|   16|         48|
    |ap_phi_mux_delta_x_28_phi_fu_3154_p64                                                              |    14|          3|   16|         48|
    |ap_phi_mux_delta_x_29_phi_fu_2950_p64                                                              |    14|          3|   16|         48|
    |ap_phi_mux_delta_x_2_phi_fu_8458_p64                                                               |    14|          3|   16|         48|
    |ap_phi_mux_delta_x_30_phi_fu_2746_p64                                                              |    14|          3|   16|         48|
    |ap_phi_mux_delta_x_31_phi_fu_2542_p64                                                              |    14|          3|   16|         48|
    |ap_phi_mux_delta_x_3_phi_fu_8254_p64                                                               |    14|          3|   16|         48|
    |ap_phi_mux_delta_x_4_phi_fu_8050_p64                                                               |    14|          3|   16|         48|
    |ap_phi_mux_delta_x_5_phi_fu_7846_p64                                                               |    14|          3|   16|         48|
    |ap_phi_mux_delta_x_6_phi_fu_7642_p64                                                               |    14|          3|   16|         48|
    |ap_phi_mux_delta_x_7_phi_fu_7438_p64                                                               |    14|          3|   16|         48|
    |ap_phi_mux_delta_x_8_phi_fu_7234_p64                                                               |    14|          3|   16|         48|
    |ap_phi_mux_delta_x_9_phi_fu_7030_p64                                                               |    14|          3|   16|         48|
    |ap_phi_mux_delta_x_phi_fu_8866_p64                                                                 |    14|          3|   16|         48|
    |block_reg_1727                                                                                     |     9|          2|    3|          6|
    |command_counters_10_reg_9076                                                                       |     9|          2|   64|        128|
    |command_counters_11_reg_9119                                                                       |     9|          2|   64|        128|
    |command_counters_63_0_fu_650                                                                       |     9|          2|   64|        128|
    |command_counters_63_2_reg_9130                                                                     |     9|          2|   64|        128|
    |command_counters_64_0_fu_658                                                                       |     9|          2|   64|        128|
    |command_counters_64_2_reg_9108                                                                     |     9|          2|   64|        128|
    |command_counters_65_10_reg_9097                                                                    |     9|          2|   64|        128|
    |command_counters_65_6_fu_662                                                                       |     9|          2|   64|        128|
    |command_counters_65_8_reg_1750                                                                     |     9|          2|   64|        128|
    |command_counters_65_9_reg_9066                                                                     |     9|          2|   64|        128|
    |command_counters_66_0_reg_9152                                                                     |     9|          2|   64|        128|
    |command_counters_6_fu_654                                                                          |     9|          2|   64|        128|
    |command_counters_8_reg_1760                                                                        |     9|          2|   64|        128|
    |gdn_rs2_top_impl_unsigned_char_unsigned_short_unsigned_char_unsigned_char_ap_uin_1_address0_local  |    20|          4|    6|         24|
    |gdn_rs2_top_impl_unsigned_char_unsigned_short_unsigned_char_unsigned_char_ap_uin_2_address0_local  |    59|         11|    6|         66|
    |gdn_rs2_top_impl_unsigned_char_unsigned_short_unsigned_char_unsigned_char_ap_uin_2_d0_local        |    14|          3|   64|        192|
    |gdn_rs2_top_impl_unsigned_char_unsigned_short_unsigned_char_unsigned_char_ap_uin_3_address0_local  |    54|         10|    6|         60|
    |gdn_rs2_top_impl_unsigned_char_unsigned_short_unsigned_char_unsigned_char_ap_uin_3_d0_local        |    14|          3|   64|        192|
    |gdn_rs2_top_impl_unsigned_char_unsigned_short_unsigned_char_unsigned_char_ap_uin_4_address0_local  |    54|         10|    6|         60|
    |gdn_rs2_top_impl_unsigned_char_unsigned_short_unsigned_char_unsigned_char_ap_uin_4_d0_local        |    14|          3|   64|        192|
    |gdn_rs2_top_impl_unsigned_char_unsigned_short_unsigned_char_unsigned_char_ap_uin_5_address0_local  |    54|         10|    6|         60|
    |gdn_rs2_top_impl_unsigned_char_unsigned_short_unsigned_char_unsigned_char_ap_uin_5_d0_local        |    14|          3|   64|        192|
    |gdn_rs2_top_impl_unsigned_char_unsigned_short_unsigned_char_unsigned_char_ap_uin_6_address0_local  |    54|         10|    6|         60|
    |gdn_rs2_top_impl_unsigned_char_unsigned_short_unsigned_char_unsigned_char_ap_uin_6_d0_local        |    14|          3|   64|        192|
    |gdn_rs2_top_impl_unsigned_char_unsigned_short_unsigned_char_unsigned_char_ap_uin_7_address0_local  |    54|         10|    6|         60|
    |gdn_rs2_top_impl_unsigned_char_unsigned_short_unsigned_char_unsigned_char_ap_uin_7_d0_local        |    14|          3|   64|        192|
    |gdn_rs2_top_impl_unsigned_char_unsigned_short_unsigned_char_unsigned_char_ap_uin_8_address0_local  |    54|         10|    6|         60|
    |gdn_rs2_top_impl_unsigned_char_unsigned_short_unsigned_char_unsigned_char_ap_uin_8_d0_local        |    14|          3|   64|        192|
    |gdn_rs2_top_impl_unsigned_char_unsigned_short_unsigned_char_unsigned_char_ap_uin_9_address0_local  |    59|         11|    6|         66|
    |gdn_rs2_top_impl_unsigned_char_unsigned_short_unsigned_char_unsigned_char_ap_uin_9_d0_local        |    14|          3|   64|        192|
    |gdn_rs2_top_impl_unsigned_char_unsigned_short_unsigned_char_unsigned_char_ap_uin_address0_local    |    31|          6|    6|         36|
    |gdn_rs2_top_impl_unsigned_char_unsigned_short_unsigned_char_unsigned_char_ap_uin_d0_local          |    20|          4|    4|         16|
    |gmem15_blk_n_AW                                                                                    |     9|          2|    1|          2|
    |gmem15_blk_n_B                                                                                     |     9|          2|    1|          2|
    |gmem15_blk_n_W                                                                                     |     9|          2|    1|          2|
    |gmem18_blk_n_AR                                                                                    |     9|          2|    1|          2|
    |gmem18_blk_n_R                                                                                     |     9|          2|    1|          2|
    |gmem19_blk_n_AW                                                                                    |     9|          2|    1|          2|
    |gmem19_blk_n_B                                                                                     |     9|          2|    1|          2|
    |gmem19_blk_n_W                                                                                     |     9|          2|    1|          2|
    |gmem2_blk_n_AR                                                                                     |     9|          2|    1|          2|
    |gmem2_blk_n_R                                                                                      |     9|          2|    1|          2|
    |gmem3_blk_n_AR                                                                                     |     9|          2|    1|          2|
    |gmem3_blk_n_R                                                                                      |     9|          2|    1|          2|
    |gmem9_blk_n_AW                                                                                     |     9|          2|    1|          2|
    |gmem9_blk_n_B                                                                                      |     9|          2|    1|          2|
    |gmem9_blk_n_W                                                                                      |     9|          2|    1|          2|
    |grp_aligned_sum_guarded_2_1_fu_14267_ap_start                                                      |    14|          3|    1|          3|
    |grp_aligned_sum_guarded_2_1_fu_14267_p_read2                                                       |    14|          3|   32|         96|
    |grp_aligned_sum_guarded_2_1_fu_14267_p_read3                                                       |    14|          3|   64|        192|
    |grp_aligned_sum_guarded_2_1_fu_14267_p_read4                                                       |    14|          3|   64|        192|
    |grp_aligned_sum_guarded_2_1_fu_14267_p_read5                                                       |    14|          3|    5|         15|
    |grp_aligned_sum_guarded_2_1_fu_14267_p_read6                                                       |    14|          3|   16|         48|
    |grp_aligned_sum_guarded_2_1_fu_14267_p_read7                                                       |    14|          3|   16|         48|
    |grp_fu_9752_ce                                                                                     |    14|          3|    1|          3|
    |grp_fu_9752_p0                                                                                     |    14|          3|   32|         96|
    |grp_fu_9752_p1                                                                                     |    14|          3|   16|         48|
    |grp_p_anonymous_namespace_combine_action_fu_9629_column                                            |    14|          3|    7|         21|
    |grp_p_anonymous_namespace_combine_action_fu_9629_live_entries                                      |    14|          3|    5|         15|
    |grp_p_anonymous_namespace_combine_action_fu_9629_log_dot_m_0_q0                                    |    14|          3|   32|         96|
    |grp_p_anonymous_namespace_combine_action_fu_9629_log_dot_m_1_q0                                    |    14|          3|   32|         96|
    |grp_p_anonymous_namespace_combine_action_fu_9629_log_dot_m_2_q0                                    |    14|          3|   32|         96|
    |grp_p_anonymous_namespace_combine_action_fu_9629_log_dot_x_0_q0                                    |    14|          3|   16|         48|
    |grp_p_anonymous_namespace_combine_action_fu_9629_log_dot_x_1_q0                                    |    14|          3|   16|         48|
    |grp_p_anonymous_namespace_combine_action_fu_9629_log_dot_x_2_q0                                    |    14|          3|   16|         48|
    |grp_p_anonymous_namespace_dot_base_column_fu_9448_column                                           |    14|          3|    7|         21|
    |grp_p_anonymous_namespace_dot_base_column_fu_9448_m_axi_gmem17_0_ARREADY                           |    14|          3|    1|          3|
    |grp_p_anonymous_namespace_dot_base_column_fu_9448_m_axi_gmem17_0_RDATA                             |    14|          3|    8|         24|
    |grp_p_anonymous_namespace_dot_base_column_fu_9448_m_axi_gmem17_0_RFIFONUM                          |    14|          3|   11|         33|
    |grp_p_anonymous_namespace_dot_base_column_fu_9448_m_axi_gmem17_0_RID                               |    14|          3|    1|          3|
    |grp_p_anonymous_namespace_dot_base_column_fu_9448_m_axi_gmem17_0_RLAST                             |    14|          3|    1|          3|
    |grp_p_anonymous_namespace_dot_base_column_fu_9448_m_axi_gmem17_0_RRESP                             |    14|          3|    2|          6|
    |grp_p_anonymous_namespace_dot_base_column_fu_9448_m_axi_gmem17_0_RUSER                             |    14|          3|    1|          3|
    |grp_p_anonymous_namespace_dot_base_column_fu_9448_m_axi_gmem17_0_RVALID                            |    14|          3|    1|          3|
    |grp_p_anonymous_namespace_dot_base_column_fu_9448_m_axi_gmem1_0_ARREADY                            |    14|          3|    1|          3|
    |grp_p_anonymous_namespace_dot_base_column_fu_9448_m_axi_gmem1_0_RDATA                              |    14|          3|    8|         24|
    |grp_p_anonymous_namespace_dot_base_column_fu_9448_m_axi_gmem1_0_RFIFONUM                           |    14|          3|   11|         33|
    |grp_p_anonymous_namespace_dot_base_column_fu_9448_m_axi_gmem1_0_RID                                |    14|          3|    1|          3|
    |grp_p_anonymous_namespace_dot_base_column_fu_9448_m_axi_gmem1_0_RLAST                              |    14|          3|    1|          3|
    |grp_p_anonymous_namespace_dot_base_column_fu_9448_m_axi_gmem1_0_RRESP                              |    14|          3|    2|          6|
    |grp_p_anonymous_namespace_dot_base_column_fu_9448_m_axi_gmem1_0_RUSER                              |    14|          3|    1|          3|
    |grp_p_anonymous_namespace_dot_base_column_fu_9448_m_axi_gmem1_0_RVALID                             |    14|          3|    1|          3|
    |grp_p_anonymous_namespace_dot_base_column_fu_9448_p_read2                                          |    14|          3|   64|        192|
    |grp_p_anonymous_namespace_dot_base_column_fu_9448_p_read3                                          |    14|          3|   64|        192|
    |grp_p_anonymous_namespace_dot_base_column_fu_9448_vector_elements                                  |    14|          3|   64|        192|
    |grp_p_anonymous_namespace_dot_base_column_fu_9448_vector_scales                                    |    14|          3|   64|        192|
    |grp_select_e2m1_scale_power_fu_14276_ap_start                                                      |    14|          3|    1|          3|
    |grp_select_e2m1_scale_power_fu_14276_exponents_0_val                                               |    14|          3|   16|         48|
    |grp_select_e2m1_scale_power_fu_14276_exponents_10_val                                              |    14|          3|   16|         48|
    |grp_select_e2m1_scale_power_fu_14276_exponents_11_val                                              |    14|          3|   16|         48|
    |grp_select_e2m1_scale_power_fu_14276_exponents_12_val                                              |    14|          3|   16|         48|
    |grp_select_e2m1_scale_power_fu_14276_exponents_13_val                                              |    14|          3|   16|         48|
    |grp_select_e2m1_scale_power_fu_14276_exponents_14_val                                              |    14|          3|   16|         48|
    |grp_select_e2m1_scale_power_fu_14276_exponents_15_val                                              |    14|          3|   16|         48|
    |grp_select_e2m1_scale_power_fu_14276_exponents_16_val                                              |    14|          3|   16|         48|
    |grp_select_e2m1_scale_power_fu_14276_exponents_17_val                                              |    14|          3|   16|         48|
    |grp_select_e2m1_scale_power_fu_14276_exponents_18_val                                              |    14|          3|   16|         48|
    |grp_select_e2m1_scale_power_fu_14276_exponents_19_val                                              |    14|          3|   16|         48|
    |grp_select_e2m1_scale_power_fu_14276_exponents_1_val                                               |    14|          3|   16|         48|
    |grp_select_e2m1_scale_power_fu_14276_exponents_20_val                                              |    14|          3|   16|         48|
    |grp_select_e2m1_scale_power_fu_14276_exponents_21_val                                              |    14|          3|   16|         48|
    |grp_select_e2m1_scale_power_fu_14276_exponents_22_val                                              |    14|          3|   16|         48|
    |grp_select_e2m1_scale_power_fu_14276_exponents_23_val                                              |    14|          3|   16|         48|
    |grp_select_e2m1_scale_power_fu_14276_exponents_24_val                                              |    14|          3|   16|         48|
    |grp_select_e2m1_scale_power_fu_14276_exponents_25_val                                              |    14|          3|   16|         48|
    |grp_select_e2m1_scale_power_fu_14276_exponents_26_val                                              |    14|          3|   16|         48|
    |grp_select_e2m1_scale_power_fu_14276_exponents_27_val                                              |    14|          3|   16|         48|
    |grp_select_e2m1_scale_power_fu_14276_exponents_28_val                                              |    14|          3|   16|         48|
    |grp_select_e2m1_scale_power_fu_14276_exponents_29_val                                              |    14|          3|   16|         48|
    |grp_select_e2m1_scale_power_fu_14276_exponents_2_val                                               |    14|          3|   16|         48|
    |grp_select_e2m1_scale_power_fu_14276_exponents_30_val                                              |    14|          3|   16|         48|
    |grp_select_e2m1_scale_power_fu_14276_exponents_31_val                                              |    14|          3|   16|         48|
    |grp_select_e2m1_scale_power_fu_14276_exponents_3_val                                               |    14|          3|   16|         48|
    |grp_select_e2m1_scale_power_fu_14276_exponents_4_val                                               |    14|          3|   16|         48|
    |grp_select_e2m1_scale_power_fu_14276_exponents_5_val                                               |    14|          3|   16|         48|
    |grp_select_e2m1_scale_power_fu_14276_exponents_6_val                                               |    14|          3|   16|         48|
    |grp_select_e2m1_scale_power_fu_14276_exponents_7_val                                               |    14|          3|   16|         48|
    |grp_select_e2m1_scale_power_fu_14276_exponents_8_val                                               |    14|          3|   16|         48|
    |grp_select_e2m1_scale_power_fu_14276_exponents_9_val                                               |    14|          3|   16|         48|
    |grp_select_e2m1_scale_power_fu_14276_mantissas_0_val                                               |    14|          3|   32|         96|
    |grp_select_e2m1_scale_power_fu_14276_mantissas_10_val                                              |    14|          3|   32|         96|
    |grp_select_e2m1_scale_power_fu_14276_mantissas_11_val                                              |    14|          3|   32|         96|
    |grp_select_e2m1_scale_power_fu_14276_mantissas_12_val                                              |    14|          3|   32|         96|
    |grp_select_e2m1_scale_power_fu_14276_mantissas_13_val                                              |    14|          3|   32|         96|
    |grp_select_e2m1_scale_power_fu_14276_mantissas_14_val                                              |    14|          3|   32|         96|
    |grp_select_e2m1_scale_power_fu_14276_mantissas_15_val                                              |    14|          3|   32|         96|
    |grp_select_e2m1_scale_power_fu_14276_mantissas_16_val                                              |    14|          3|   32|         96|
    |grp_select_e2m1_scale_power_fu_14276_mantissas_17_val                                              |    14|          3|   32|         96|
    |grp_select_e2m1_scale_power_fu_14276_mantissas_18_val                                              |    14|          3|   32|         96|
    |grp_select_e2m1_scale_power_fu_14276_mantissas_19_val                                              |    14|          3|   32|         96|
    |grp_select_e2m1_scale_power_fu_14276_mantissas_1_val                                               |    14|          3|   32|         96|
    |grp_select_e2m1_scale_power_fu_14276_mantissas_20_val                                              |    14|          3|   32|         96|
    |grp_select_e2m1_scale_power_fu_14276_mantissas_21_val                                              |    14|          3|   32|         96|
    |grp_select_e2m1_scale_power_fu_14276_mantissas_22_val                                              |    14|          3|   32|         96|
    |grp_select_e2m1_scale_power_fu_14276_mantissas_23_val                                              |    14|          3|   32|         96|
    |grp_select_e2m1_scale_power_fu_14276_mantissas_24_val                                              |    14|          3|   32|         96|
    |grp_select_e2m1_scale_power_fu_14276_mantissas_25_val                                              |    14|          3|   32|         96|
    |grp_select_e2m1_scale_power_fu_14276_mantissas_26_val                                              |    14|          3|   32|         96|
    |grp_select_e2m1_scale_power_fu_14276_mantissas_27_val                                              |    14|          3|   32|         96|
    |grp_select_e2m1_scale_power_fu_14276_mantissas_28_val                                              |    14|          3|   32|         96|
    |grp_select_e2m1_scale_power_fu_14276_mantissas_29_val                                              |    14|          3|   32|         96|
    |grp_select_e2m1_scale_power_fu_14276_mantissas_2_val                                               |    14|          3|   32|         96|
    |grp_select_e2m1_scale_power_fu_14276_mantissas_30_val                                              |    14|          3|   32|         96|
    |grp_select_e2m1_scale_power_fu_14276_mantissas_31_val                                              |    14|          3|   32|         96|
    |grp_select_e2m1_scale_power_fu_14276_mantissas_3_val                                               |    14|          3|   32|         96|
    |grp_select_e2m1_scale_power_fu_14276_mantissas_4_val                                               |    14|          3|   32|         96|
    |grp_select_e2m1_scale_power_fu_14276_mantissas_5_val                                               |    14|          3|   32|         96|
    |grp_select_e2m1_scale_power_fu_14276_mantissas_6_val                                               |    14|          3|   32|         96|
    |grp_select_e2m1_scale_power_fu_14276_mantissas_7_val                                               |    14|          3|   32|         96|
    |grp_select_e2m1_scale_power_fu_14276_mantissas_8_val                                               |    14|          3|   32|         96|
    |grp_select_e2m1_scale_power_fu_14276_mantissas_9_val                                               |    14|          3|   32|         96|
    |grp_select_e2m1_scale_power_fu_14276_p_read                                                        |    14|          3|   64|        192|
    |head_2_fu_646                                                                                      |     9|          2|    6|         12|
    |lane_2_reg_9086                                                                                    |     9|          2|    6|         12|
    |lane_reg_1738                                                                                      |     9|          2|    6|         12|
    |m_axi_gmem0_0_ARADDR                                                                               |    20|          4|   64|        256|
    |m_axi_gmem0_0_ARBURST                                                                              |    20|          4|    2|          8|
    |m_axi_gmem0_0_ARCACHE                                                                              |    20|          4|    4|         16|
    |m_axi_gmem0_0_ARID                                                                                 |    20|          4|    1|          4|
    |m_axi_gmem0_0_ARLEN                                                                                |    20|          4|   32|        128|
    |m_axi_gmem0_0_ARLOCK                                                                               |    20|          4|    2|          8|
    |m_axi_gmem0_0_ARPROT                                                                               |    20|          4|    3|         12|
    |m_axi_gmem0_0_ARQOS                                                                                |    20|          4|    4|         16|
    |m_axi_gmem0_0_ARREGION                                                                             |    20|          4|    4|         16|
    |m_axi_gmem0_0_ARSIZE                                                                               |    20|          4|    3|         12|
    |m_axi_gmem0_0_ARUSER                                                                               |    20|          4|    1|          4|
    |m_axi_gmem0_0_ARVALID                                                                              |    20|          4|    1|          4|
    |m_axi_gmem0_0_RREADY                                                                               |    20|          4|    1|          4|
    |m_axi_gmem15_0_AWADDR                                                                              |   213|         49|   64|       3136|
    |m_axi_gmem15_0_AWLEN                                                                               |    14|          3|   32|         96|
    |m_axi_gmem15_0_WDATA                                                                               |   159|         35|   64|       2240|
    |m_axi_gmem15_0_WSTRB                                                                               |    81|         17|    8|        136|
    |m_axi_gmem16_0_ARADDR                                                                              |    20|          4|   64|        256|
    |m_axi_gmem16_0_ARBURST                                                                             |    20|          4|    2|          8|
    |m_axi_gmem16_0_ARCACHE                                                                             |    20|          4|    4|         16|
    |m_axi_gmem16_0_ARID                                                                                |    20|          4|    1|          4|
    |m_axi_gmem16_0_ARLEN                                                                               |    20|          4|   32|        128|
    |m_axi_gmem16_0_ARLOCK                                                                              |    20|          4|    2|          8|
    |m_axi_gmem16_0_ARPROT                                                                              |    20|          4|    3|         12|
    |m_axi_gmem16_0_ARQOS                                                                               |    20|          4|    4|         16|
    |m_axi_gmem16_0_ARREGION                                                                            |    20|          4|    4|         16|
    |m_axi_gmem16_0_ARSIZE                                                                              |    20|          4|    3|         12|
    |m_axi_gmem16_0_ARUSER                                                                              |    20|          4|    1|          4|
    |m_axi_gmem16_0_ARVALID                                                                             |    20|          4|    1|          4|
    |m_axi_gmem16_0_RREADY                                                                              |    20|          4|    1|          4|
    |m_axi_gmem17_0_ARADDR                                                                              |    26|          5|   64|        320|
    |m_axi_gmem17_0_ARBURST                                                                             |    26|          5|    2|         10|
    |m_axi_gmem17_0_ARCACHE                                                                             |    26|          5|    4|         20|
    |m_axi_gmem17_0_ARID                                                                                |    26|          5|    1|          5|
    |m_axi_gmem17_0_ARLEN                                                                               |    26|          5|   32|        160|
    |m_axi_gmem17_0_ARLOCK                                                                              |    26|          5|    2|         10|
    |m_axi_gmem17_0_ARPROT                                                                              |    26|          5|    3|         15|
    |m_axi_gmem17_0_ARQOS                                                                               |    26|          5|    4|         20|
    |m_axi_gmem17_0_ARREGION                                                                            |    26|          5|    4|         20|
    |m_axi_gmem17_0_ARSIZE                                                                              |    26|          5|    3|         15|
    |m_axi_gmem17_0_ARUSER                                                                              |    26|          5|    1|          5|
    |m_axi_gmem17_0_ARVALID                                                                             |    26|          5|    1|          5|
    |m_axi_gmem17_0_RREADY                                                                              |    26|          5|    1|          5|
    |m_axi_gmem18_0_ARADDR                                                                              |    20|          4|   64|        256|
    |m_axi_gmem18_0_ARBURST                                                                             |     9|          2|    2|          4|
    |m_axi_gmem18_0_ARCACHE                                                                             |     9|          2|    4|          8|
    |m_axi_gmem18_0_ARID                                                                                |     9|          2|    1|          2|
    |m_axi_gmem18_0_ARLEN                                                                               |    14|          3|   32|         96|
    |m_axi_gmem18_0_ARLOCK                                                                              |     9|          2|    2|          4|
    |m_axi_gmem18_0_ARPROT                                                                              |     9|          2|    3|          6|
    |m_axi_gmem18_0_ARQOS                                                                               |     9|          2|    4|          8|
    |m_axi_gmem18_0_ARREGION                                                                            |     9|          2|    4|          8|
    |m_axi_gmem18_0_ARSIZE                                                                              |     9|          2|    3|          6|
    |m_axi_gmem18_0_ARUSER                                                                              |     9|          2|    1|          2|
    |m_axi_gmem18_0_ARVALID                                                                             |    14|          3|    1|          3|
    |m_axi_gmem18_0_RREADY                                                                              |    14|          3|    1|          3|
    |m_axi_gmem19_0_AWADDR                                                                              |    20|          4|   64|        256|
    |m_axi_gmem19_0_AWBURST                                                                             |     9|          2|    2|          4|
    |m_axi_gmem19_0_AWCACHE                                                                             |     9|          2|    4|          8|
    |m_axi_gmem19_0_AWID                                                                                |     9|          2|    1|          2|
    |m_axi_gmem19_0_AWLEN                                                                               |    14|          3|   32|         96|
    |m_axi_gmem19_0_AWLOCK                                                                              |     9|          2|    2|          4|
    |m_axi_gmem19_0_AWPROT                                                                              |     9|          2|    3|          6|
    |m_axi_gmem19_0_AWQOS                                                                               |     9|          2|    4|          8|
    |m_axi_gmem19_0_AWREGION                                                                            |     9|          2|    4|          8|
    |m_axi_gmem19_0_AWSIZE                                                                              |     9|          2|    3|          6|
    |m_axi_gmem19_0_AWUSER                                                                              |     9|          2|    1|          2|
    |m_axi_gmem19_0_AWVALID                                                                             |    14|          3|    1|          3|
    |m_axi_gmem19_0_BREADY                                                                              |    14|          3|    1|          3|
    |m_axi_gmem19_0_WDATA                                                                               |    14|          3|   16|         48|
    |m_axi_gmem19_0_WID                                                                                 |     9|          2|    1|          2|
    |m_axi_gmem19_0_WLAST                                                                               |     9|          2|    1|          2|
    |m_axi_gmem19_0_WSTRB                                                                               |    14|          3|    2|          6|
    |m_axi_gmem19_0_WUSER                                                                               |     9|          2|    1|          2|
    |m_axi_gmem19_0_WVALID                                                                              |    14|          3|    1|          3|
    |m_axi_gmem1_0_ARADDR                                                                               |    26|          5|   64|        320|
    |m_axi_gmem1_0_ARBURST                                                                              |    26|          5|    2|         10|
    |m_axi_gmem1_0_ARCACHE                                                                              |    26|          5|    4|         20|
    |m_axi_gmem1_0_ARID                                                                                 |    26|          5|    1|          5|
    |m_axi_gmem1_0_ARLEN                                                                                |    26|          5|   32|        160|
    |m_axi_gmem1_0_ARLOCK                                                                               |    26|          5|    2|         10|
    |m_axi_gmem1_0_ARPROT                                                                               |    26|          5|    3|         15|
    |m_axi_gmem1_0_ARQOS                                                                                |    26|          5|    4|         20|
    |m_axi_gmem1_0_ARREGION                                                                             |    26|          5|    4|         20|
    |m_axi_gmem1_0_ARSIZE                                                                               |    26|          5|    3|         15|
    |m_axi_gmem1_0_ARUSER                                                                               |    26|          5|    1|          5|
    |m_axi_gmem1_0_ARVALID                                                                              |    26|          5|    1|          5|
    |m_axi_gmem1_0_RREADY                                                                               |    26|          5|    1|          5|
    |m_axi_gmem2_0_ARADDR                                                                               |    20|          4|   64|        256|
    |m_axi_gmem2_0_ARBURST                                                                              |     9|          2|    2|          4|
    |m_axi_gmem2_0_ARCACHE                                                                              |     9|          2|    4|          8|
    |m_axi_gmem2_0_ARID                                                                                 |     9|          2|    1|          2|
    |m_axi_gmem2_0_ARLEN                                                                                |    14|          3|   32|         96|
    |m_axi_gmem2_0_ARLOCK                                                                               |     9|          2|    2|          4|
    |m_axi_gmem2_0_ARPROT                                                                               |     9|          2|    3|          6|
    |m_axi_gmem2_0_ARQOS                                                                                |     9|          2|    4|          8|
    |m_axi_gmem2_0_ARREGION                                                                             |     9|          2|    4|          8|
    |m_axi_gmem2_0_ARSIZE                                                                               |     9|          2|    3|          6|
    |m_axi_gmem2_0_ARUSER                                                                               |     9|          2|    1|          2|
    |m_axi_gmem2_0_ARVALID                                                                              |    14|          3|    1|          3|
    |m_axi_gmem2_0_RREADY                                                                               |    14|          3|    1|          3|
    |m_axi_gmem3_0_ARADDR                                                                               |    26|          5|   64|        320|
    |m_axi_gmem3_0_ARBURST                                                                              |    14|          3|    2|          6|
    |m_axi_gmem3_0_ARCACHE                                                                              |    14|          3|    4|         12|
    |m_axi_gmem3_0_ARID                                                                                 |    14|          3|    1|          3|
    |m_axi_gmem3_0_ARLEN                                                                                |    20|          4|   32|        128|
    |m_axi_gmem3_0_ARLOCK                                                                               |    14|          3|    2|          6|
    |m_axi_gmem3_0_ARPROT                                                                               |    14|          3|    3|          9|
    |m_axi_gmem3_0_ARQOS                                                                                |    14|          3|    4|         12|
    |m_axi_gmem3_0_ARREGION                                                                             |    14|          3|    4|         12|
    |m_axi_gmem3_0_ARSIZE                                                                               |    14|          3|    3|          9|
    |m_axi_gmem3_0_ARUSER                                                                               |    14|          3|    1|          3|
    |m_axi_gmem3_0_ARVALID                                                                              |    20|          4|    1|          4|
    |m_axi_gmem3_0_RREADY                                                                               |    20|          4|    1|          4|
    |m_axi_gmem4_0_ARADDR                                                                               |    14|          3|   64|        192|
    |m_axi_gmem4_0_ARBURST                                                                              |    14|          3|    2|          6|
    |m_axi_gmem4_0_ARCACHE                                                                              |    14|          3|    4|         12|
    |m_axi_gmem4_0_ARID                                                                                 |    14|          3|    1|          3|
    |m_axi_gmem4_0_ARLEN                                                                                |    14|          3|   32|         96|
    |m_axi_gmem4_0_ARLOCK                                                                               |    14|          3|    2|          6|
    |m_axi_gmem4_0_ARPROT                                                                               |    14|          3|    3|          9|
    |m_axi_gmem4_0_ARQOS                                                                                |    14|          3|    4|         12|
    |m_axi_gmem4_0_ARREGION                                                                             |    14|          3|    4|         12|
    |m_axi_gmem4_0_ARSIZE                                                                               |    14|          3|    3|          9|
    |m_axi_gmem4_0_ARUSER                                                                               |    14|          3|    1|          3|
    |m_axi_gmem4_0_ARVALID                                                                              |    14|          3|    1|          3|
    |m_axi_gmem4_0_RREADY                                                                               |    14|          3|    1|          3|
    |m_axi_gmem5_0_ARADDR                                                                               |    14|          3|   64|        192|
    |m_axi_gmem5_0_ARBURST                                                                              |    14|          3|    2|          6|
    |m_axi_gmem5_0_ARCACHE                                                                              |    14|          3|    4|         12|
    |m_axi_gmem5_0_ARID                                                                                 |    14|          3|    1|          3|
    |m_axi_gmem5_0_ARLEN                                                                                |    14|          3|   32|         96|
    |m_axi_gmem5_0_ARLOCK                                                                               |    14|          3|    2|          6|
    |m_axi_gmem5_0_ARPROT                                                                               |    14|          3|    3|          9|
    |m_axi_gmem5_0_ARQOS                                                                                |    14|          3|    4|         12|
    |m_axi_gmem5_0_ARREGION                                                                             |    14|          3|    4|         12|
    |m_axi_gmem5_0_ARSIZE                                                                               |    14|          3|    3|          9|
    |m_axi_gmem5_0_ARUSER                                                                               |    14|          3|    1|          3|
    |m_axi_gmem5_0_ARVALID                                                                              |    14|          3|    1|          3|
    |m_axi_gmem5_0_RREADY                                                                               |    14|          3|    1|          3|
    |m_axi_gmem6_0_ARADDR                                                                               |    14|          3|   64|        192|
    |m_axi_gmem6_0_ARBURST                                                                              |    14|          3|    2|          6|
    |m_axi_gmem6_0_ARCACHE                                                                              |    14|          3|    4|         12|
    |m_axi_gmem6_0_ARID                                                                                 |    14|          3|    1|          3|
    |m_axi_gmem6_0_ARLEN                                                                                |    14|          3|   32|         96|
    |m_axi_gmem6_0_ARLOCK                                                                               |    14|          3|    2|          6|
    |m_axi_gmem6_0_ARPROT                                                                               |    14|          3|    3|          9|
    |m_axi_gmem6_0_ARQOS                                                                                |    14|          3|    4|         12|
    |m_axi_gmem6_0_ARREGION                                                                             |    14|          3|    4|         12|
    |m_axi_gmem6_0_ARSIZE                                                                               |    14|          3|    3|          9|
    |m_axi_gmem6_0_ARUSER                                                                               |    14|          3|    1|          3|
    |m_axi_gmem6_0_ARVALID                                                                              |    14|          3|    1|          3|
    |m_axi_gmem6_0_RREADY                                                                               |    14|          3|    1|          3|
    |m_axi_gmem7_0_ARADDR                                                                               |    14|          3|   64|        192|
    |m_axi_gmem7_0_ARBURST                                                                              |    14|          3|    2|          6|
    |m_axi_gmem7_0_ARCACHE                                                                              |    14|          3|    4|         12|
    |m_axi_gmem7_0_ARID                                                                                 |    14|          3|    1|          3|
    |m_axi_gmem7_0_ARLEN                                                                                |    14|          3|   32|         96|
    |m_axi_gmem7_0_ARLOCK                                                                               |    14|          3|    2|          6|
    |m_axi_gmem7_0_ARPROT                                                                               |    14|          3|    3|          9|
    |m_axi_gmem7_0_ARQOS                                                                                |    14|          3|    4|         12|
    |m_axi_gmem7_0_ARREGION                                                                             |    14|          3|    4|         12|
    |m_axi_gmem7_0_ARSIZE                                                                               |    14|          3|    3|          9|
    |m_axi_gmem7_0_ARUSER                                                                               |    14|          3|    1|          3|
    |m_axi_gmem7_0_ARVALID                                                                              |    14|          3|    1|          3|
    |m_axi_gmem7_0_RREADY                                                                               |    14|          3|    1|          3|
    |m_axi_gmem8_0_ARADDR                                                                               |    14|          3|   64|        192|
    |m_axi_gmem8_0_ARBURST                                                                              |    14|          3|    2|          6|
    |m_axi_gmem8_0_ARCACHE                                                                              |    14|          3|    4|         12|
    |m_axi_gmem8_0_ARID                                                                                 |    14|          3|    1|          3|
    |m_axi_gmem8_0_ARLEN                                                                                |    14|          3|   32|         96|
    |m_axi_gmem8_0_ARLOCK                                                                               |    14|          3|    2|          6|
    |m_axi_gmem8_0_ARPROT                                                                               |    14|          3|    3|          9|
    |m_axi_gmem8_0_ARQOS                                                                                |    14|          3|    4|         12|
    |m_axi_gmem8_0_ARREGION                                                                             |    14|          3|    4|         12|
    |m_axi_gmem8_0_ARSIZE                                                                               |    14|          3|    3|          9|
    |m_axi_gmem8_0_ARUSER                                                                               |    14|          3|    1|          3|
    |m_axi_gmem8_0_ARVALID                                                                              |    14|          3|    1|          3|
    |m_axi_gmem8_0_RREADY                                                                               |    14|          3|    1|          3|
    |m_axi_gmem9_0_AWADDR                                                                               |    20|          4|   64|        256|
    |m_axi_gmem9_0_AWBURST                                                                              |     9|          2|    2|          4|
    |m_axi_gmem9_0_AWCACHE                                                                              |     9|          2|    4|          8|
    |m_axi_gmem9_0_AWID                                                                                 |     9|          2|    1|          2|
    |m_axi_gmem9_0_AWLEN                                                                                |    14|          3|   32|         96|
    |m_axi_gmem9_0_AWLOCK                                                                               |     9|          2|    2|          4|
    |m_axi_gmem9_0_AWPROT                                                                               |     9|          2|    3|          6|
    |m_axi_gmem9_0_AWQOS                                                                                |     9|          2|    4|          8|
    |m_axi_gmem9_0_AWREGION                                                                             |     9|          2|    4|          8|
    |m_axi_gmem9_0_AWSIZE                                                                               |     9|          2|    3|          6|
    |m_axi_gmem9_0_AWUSER                                                                               |     9|          2|    1|          2|
    |m_axi_gmem9_0_AWVALID                                                                              |    14|          3|    1|          3|
    |m_axi_gmem9_0_BREADY                                                                               |    14|          3|    1|          3|
    |m_axi_gmem9_0_WDATA                                                                                |    14|          3|   32|         96|
    |m_axi_gmem9_0_WID                                                                                  |     9|          2|    1|          2|
    |m_axi_gmem9_0_WLAST                                                                                |     9|          2|    1|          2|
    |m_axi_gmem9_0_WSTRB                                                                                |    14|          3|    4|         12|
    |m_axi_gmem9_0_WUSER                                                                                |     9|          2|    1|          2|
    |m_axi_gmem9_0_WVALID                                                                               |    14|          3|    1|          3|
    |output_log_m_1_address0                                                                            |    20|          4|    4|         16|
    |output_log_m_1_ce0                                                                                 |    20|          4|    1|          4|
    |output_log_m_1_d0                                                                                  |    14|          3|   32|         96|
    |output_log_m_1_we0                                                                                 |    14|          3|    1|          3|
    |output_log_m_2_address0                                                                            |    20|          4|    4|         16|
    |output_log_m_2_ce0                                                                                 |    20|          4|    1|          4|
    |output_log_m_2_d0                                                                                  |    14|          3|   32|         96|
    |output_log_m_2_we0                                                                                 |    14|          3|    1|          3|
    |output_log_m_address0                                                                              |    20|          4|    4|         16|
    |output_log_m_ce0                                                                                   |    20|          4|    1|          4|
    |output_log_m_d0                                                                                    |    14|          3|   32|         96|
    |output_log_m_we0                                                                                   |    14|          3|    1|          3|
    |output_log_x_1_address0                                                                            |    20|          4|    4|         16|
    |output_log_x_1_ce0                                                                                 |    20|          4|    1|          4|
    |output_log_x_1_d0                                                                                  |    14|          3|   16|         48|
    |output_log_x_1_we0                                                                                 |    14|          3|    1|          3|
    |output_log_x_2_address0                                                                            |    20|          4|    4|         16|
    |output_log_x_2_ce0                                                                                 |    20|          4|    1|          4|
    |output_log_x_2_d0                                                                                  |    14|          3|   16|         48|
    |output_log_x_2_we0                                                                                 |    14|          3|    1|          3|
    |output_log_x_address0                                                                              |    20|          4|    4|         16|
    |output_log_x_ce0                                                                                   |    20|          4|    1|          4|
    |output_log_x_d0                                                                                    |    14|          3|   16|         48|
    |output_log_x_we0                                                                                   |    14|          3|    1|          3|
    |p_0_0_01048_reg_9141                                                                               |     9|          2|    4|          8|
    |prediction_log_m_1_address0                                                                        |    20|          4|    4|         16|
    |prediction_log_m_1_ce0                                                                             |    20|          4|    1|          4|
    |prediction_log_m_1_d0                                                                              |    14|          3|   32|         96|
    |prediction_log_m_1_we0                                                                             |    14|          3|    1|          3|
    |prediction_log_m_2_address0                                                                        |    20|          4|    4|         16|
    |prediction_log_m_2_ce0                                                                             |    20|          4|    1|          4|
    |prediction_log_m_2_d0                                                                              |    14|          3|   32|         96|
    |prediction_log_m_2_we0                                                                             |    14|          3|    1|          3|
    |prediction_log_m_address0                                                                          |    20|          4|    4|         16|
    |prediction_log_m_ce0                                                                               |    20|          4|    1|          4|
    |prediction_log_m_d0                                                                                |    14|          3|   32|         96|
    |prediction_log_m_we0                                                                               |    14|          3|    1|          3|
    |prediction_log_x_1_address0                                                                        |    20|          4|    4|         16|
    |prediction_log_x_1_ce0                                                                             |    20|          4|    1|          4|
    |prediction_log_x_1_d0                                                                              |    14|          3|   16|         48|
    |prediction_log_x_1_we0                                                                             |    14|          3|    1|          3|
    |prediction_log_x_2_address0                                                                        |    20|          4|    4|         16|
    |prediction_log_x_2_ce0                                                                             |    20|          4|    1|          4|
    |prediction_log_x_2_d0                                                                              |    14|          3|   16|         48|
    |prediction_log_x_2_we0                                                                             |    14|          3|    1|          3|
    |prediction_log_x_address0                                                                          |    20|          4|    4|         16|
    |prediction_log_x_ce0                                                                               |    20|          4|    1|          4|
    |prediction_log_x_d0                                                                                |    14|          3|   16|         48|
    |prediction_log_x_we0                                                                               |    14|          3|    1|          3|
    |resident_gamma_address0                                                                            |    31|          6|   11|         66|
    |resident_gamma_ce0                                                                                 |    31|          6|    1|          6|
    |resident_gamma_d0                                                                                  |    26|          5|   16|         80|
    |resident_gamma_we0                                                                                 |    26|          5|    1|          5|
    |resident_key_scales_address0                                                                       |    43|          8|   12|         96|
    |resident_key_scales_ce0                                                                            |    43|          8|    1|          8|
    |resident_key_scales_ce1                                                                            |     9|          2|    1|          2|
    |resident_key_scales_d0                                                                             |    26|          5|   32|        160|
    |resident_key_scales_we0                                                                            |    26|          5|    1|          5|
    |resident_keys_address0                                                                             |    43|          8|   14|        112|
    |resident_keys_ce0                                                                                  |    43|          8|    1|          8|
    |resident_keys_ce1                                                                                  |     9|          2|    1|          2|
    |resident_keys_d0                                                                                   |    26|          5|  128|        640|
    |resident_keys_we0                                                                                  |    26|          5|    1|          5|
    |resident_lambda_address0                                                                           |    43|          8|   12|         96|
    |resident_lambda_address1                                                                           |    14|          3|   12|         36|
    |resident_lambda_ce0                                                                                |    43|          8|    1|          8|
    |resident_lambda_ce1                                                                                |    14|          3|    1|          3|
    |resident_lambda_d0                                                                                 |    31|          6|   16|         96|
    |resident_lambda_we0                                                                                |    31|          6|    1|          6|
    |resident_primary_address0                                                                          |    31|          6|   20|        120|
    |resident_primary_ce0                                                                               |    31|          6|    1|          6|
    |resident_primary_d0                                                                                |    20|          4|  128|        512|
    |resident_primary_scales_address0                                                                   |    31|          6|   18|        108|
    |resident_primary_scales_ce0                                                                        |    31|          6|    1|          6|
    |resident_primary_scales_d0                                                                         |    20|          4|   32|        128|
    |resident_primary_scales_we0                                                                        |    20|          4|    1|          4|
    |resident_primary_we0                                                                               |    20|          4|    1|          4|
    |resident_residual_address0                                                                         |    31|          6|   20|        120|
    |resident_residual_ce0                                                                              |    31|          6|    1|          6|
    |resident_residual_d0                                                                               |    20|          4|  128|        512|
    |resident_residual_scales_address0                                                                  |    31|          6|   18|        108|
    |resident_residual_scales_ce0                                                                       |    31|          6|    1|          6|
    |resident_residual_scales_d0                                                                        |    20|          4|   32|        128|
    |resident_residual_scales_we0                                                                       |    20|          4|    1|          4|
    |resident_residual_we0                                                                              |    20|          4|    1|          4|
    |resident_update_scales_address0                                                                    |    37|          7|   13|         91|
    |resident_update_scales_address1                                                                    |    14|          3|   13|         39|
    |resident_update_scales_ce0                                                                         |    37|          7|    1|          7|
    |resident_update_scales_ce1                                                                         |    14|          3|    1|          3|
    |resident_update_scales_d0                                                                          |    26|          5|   32|        160|
    |resident_update_scales_we0                                                                         |    26|          5|    4|         20|
    |resident_updates_address0                                                                          |    37|          7|   15|        105|
    |resident_updates_address1                                                                          |    14|          3|   15|         45|
    |resident_updates_ce0                                                                               |    37|          7|    1|          7|
    |resident_updates_ce1                                                                               |    14|          3|    1|          3|
    |resident_updates_d0                                                                                |    26|          5|  128|        640|
    |resident_updates_we0                                                                               |    26|          5|    1|          5|
    |retval_0_i_ph_reg_1705                                                                             |     9|          2|    2|          4|
    +---------------------------------------------------------------------------------------------------+------+-----------+-----+-----------+
    |Total                                                                                              | 10665|       2178| 8497|      33196|
    +---------------------------------------------------------------------------------------------------+------+-----------+-----+-----------+

    * Register: 
    +---------------------------------------------------------------------------------------------------+-----+----+-----+-----------+
    |                                                Name                                               |  FF | LUT| Bits| Const Bits|
    +---------------------------------------------------------------------------------------------------+-----+----+-----+-----------+
    |add_ln1342_reg_13621                                                                               |    6|   0|    6|          0|
    |add_ln1345_reg_13673                                                                               |    3|   0|    3|          0|
    |add_ln1351_reg_13742                                                                               |    6|   0|    6|          0|
    |add_ln1407_reg_13948                                                                               |    6|   0|    6|          0|
    |add_ln1426_reg_13580                                                                               |    5|   0|    5|          0|
    |add_ln149_2_reg_13659                                                                              |   64|   0|   64|          0|
    |add_ln1_reg_13953                                                                                  |    7|   0|    7|          0|
    |add_ln77_1_reg_14102                                                                               |   64|   0|   64|          0|
    |add_ln77_2_reg_14107                                                                               |   64|   0|   64|          0|
    |add_ln77_3_reg_14118                                                                               |   64|   0|   64|          0|
    |add_ln77_4_reg_14123                                                                               |   64|   0|   64|          0|
    |add_ln77_5_reg_14128                                                                               |   64|   0|   64|          0|
    |add_ln77_6_reg_14133                                                                               |   64|   0|   64|          0|
    |add_ln_reg_13752                                                                                   |    7|   0|    7|          0|
    |ap_CS_fsm                                                                                          |  331|   0|  331|          0|
    |ap_predicate_pred6732_state250                                                                     |    1|   0|    1|          0|
    |ap_predicate_pred6737_state250                                                                     |    1|   0|    1|          0|
    |ap_predicate_pred6742_state250                                                                     |    1|   0|    1|          0|
    |ap_predicate_pred6748_state250                                                                     |    1|   0|    1|          0|
    |ap_predicate_pred6754_state250                                                                     |    1|   0|    1|          0|
    |ap_predicate_pred6760_state250                                                                     |    1|   0|    1|          0|
    |ap_predicate_pred6766_state250                                                                     |    1|   0|    1|          0|
    |ap_predicate_pred6772_state250                                                                     |    1|   0|    1|          0|
    |ap_predicate_pred6778_state250                                                                     |    1|   0|    1|          0|
    |ap_predicate_pred6784_state250                                                                     |    1|   0|    1|          0|
    |ap_predicate_pred6790_state250                                                                     |    1|   0|    1|          0|
    |ap_predicate_pred6796_state250                                                                     |    1|   0|    1|          0|
    |ap_predicate_pred6802_state250                                                                     |    1|   0|    1|          0|
    |ap_predicate_pred6808_state250                                                                     |    1|   0|    1|          0|
    |ap_predicate_pred6814_state250                                                                     |    1|   0|    1|          0|
    |ap_predicate_pred6820_state250                                                                     |    1|   0|    1|          0|
    |ap_predicate_pred6826_state250                                                                     |    1|   0|    1|          0|
    |ap_predicate_pred6832_state250                                                                     |    1|   0|    1|          0|
    |ap_predicate_pred6838_state250                                                                     |    1|   0|    1|          0|
    |ap_predicate_pred6844_state250                                                                     |    1|   0|    1|          0|
    |ap_predicate_pred6850_state250                                                                     |    1|   0|    1|          0|
    |ap_predicate_pred6856_state250                                                                     |    1|   0|    1|          0|
    |ap_predicate_pred6862_state250                                                                     |    1|   0|    1|          0|
    |ap_predicate_pred6868_state250                                                                     |    1|   0|    1|          0|
    |ap_predicate_pred6874_state250                                                                     |    1|   0|    1|          0|
    |ap_predicate_pred6880_state250                                                                     |    1|   0|    1|          0|
    |ap_predicate_pred6886_state250                                                                     |    1|   0|    1|          0|
    |ap_predicate_pred6892_state250                                                                     |    1|   0|    1|          0|
    |ap_predicate_pred6898_state250                                                                     |    1|   0|    1|          0|
    |ap_predicate_pred6904_state250                                                                     |    1|   0|    1|          0|
    |ap_predicate_pred6910_state250                                                                     |    1|   0|    1|          0|
    |ap_predicate_pred6916_state250                                                                     |    1|   0|    1|          0|
    |bit_sel1_reg_13698                                                                                 |    1|   0|    1|          0|
    |bit_sel_reg_13713                                                                                  |    1|   0|    1|          0|
    |block_reg_1727                                                                                     |    3|   0|    3|          0|
    |command_counters_0_loc_fu_590                                                                      |   64|   0|   64|          0|
    |command_counters_10_reg_9076                                                                       |   64|   0|   64|          0|
    |command_counters_11_reg_9119                                                                       |   64|   0|   64|          0|
    |command_counters_13_reg_13925                                                                      |   64|   0|   64|          0|
    |command_counters_16_reg_13775                                                                      |   64|   0|   64|          0|
    |command_counters_17_reg_13770                                                                      |   64|   0|   64|          0|
    |command_counters_18_reg_13841                                                                      |   64|   0|   64|          0|
    |command_counters_19_reg_13847                                                                      |   64|   0|   64|          0|
    |command_counters_23_reg_13969                                                                      |   64|   0|   64|          0|
    |command_counters_24_reg_13959                                                                      |   64|   0|   64|          0|
    |command_counters_63_0_fu_650                                                                       |   64|   0|   64|          0|
    |command_counters_63_2_reg_9130                                                                     |   64|   0|   64|          0|
    |command_counters_64_0_fu_658                                                                       |   64|   0|   64|          0|
    |command_counters_64_2_reg_9108                                                                     |   64|   0|   64|          0|
    |command_counters_65_0_loc_fu_594                                                                   |   64|   0|   64|          0|
    |command_counters_65_10_reg_9097                                                                    |   64|   0|   64|          0|
    |command_counters_65_6_fu_662                                                                       |   64|   0|   64|          0|
    |command_counters_65_8_reg_1750                                                                     |   64|   0|   64|          0|
    |command_counters_65_9_reg_9066                                                                     |   64|   0|   64|          0|
    |command_counters_66_0_reg_9152                                                                     |   64|   0|   64|          0|
    |command_counters_67_0_reg_9164                                                                     |    1|   0|    1|          0|
    |command_counters_6_fu_654                                                                          |   64|   0|   64|          0|
    |command_counters_7_reg_13935                                                                       |   64|   0|   64|          0|
    |command_counters_8_reg_1760                                                                        |   64|   0|   64|          0|
    |command_counters_9_reg_13884                                                                       |   64|   0|   64|          0|
    |delta_exponent_reg_13805                                                                           |   16|   0|   16|          0|
    |empty_190_reg_12732                                                                                |    2|   0|    2|          0|
    |empty_reg_12709                                                                                    |    6|   0|    6|          0|
    |gdn_rs2_top_impl_unsigned_char_unsigned_short_unsigned_char_unsigned_char_ap_uin_138_reg_13523     |    6|   0|    6|          0|
    |gdn_rs2_top_impl_unsigned_char_unsigned_short_unsigned_char_unsigned_char_ap_uin_139_reg_14008     |    6|   0|    6|          0|
    |gdn_rs2_top_impl_unsigned_char_unsigned_short_unsigned_char_unsigned_char_ap_uin_141_reg_14013     |    6|   0|    6|          0|
    |gdn_rs2_top_impl_unsigned_char_unsigned_short_unsigned_char_unsigned_char_ap_uin_142_reg_14018     |    6|   0|    6|          0|
    |gdn_rs2_top_impl_unsigned_char_unsigned_short_unsigned_char_unsigned_char_ap_uin_143_reg_14023     |    6|   0|    6|          0|
    |gdn_rs2_top_impl_unsigned_char_unsigned_short_unsigned_char_unsigned_char_ap_uin_144_reg_14028     |    6|   0|    6|          0|
    |gdn_rs2_top_impl_unsigned_char_unsigned_short_unsigned_char_unsigned_char_ap_uin_145_reg_14033     |    6|   0|    6|          0|
    |gdn_rs2_top_impl_unsigned_char_unsigned_short_unsigned_char_unsigned_char_ap_uin_146_reg_14038     |    6|   0|    6|          0|
    |gdn_rs2_top_impl_unsigned_char_unsigned_short_unsigned_char_unsigned_char_ap_uin_147_reg_14043     |    6|   0|    6|          0|
    |gdn_rs2_top_impl_unsigned_char_unsigned_short_unsigned_char_unsigned_char_ap_uin_70_reg_13157      |    6|   0|    6|          0|
    |gdn_rs2_top_impl_unsigned_char_unsigned_short_unsigned_char_unsigned_char_ap_uin_77_reg_13221      |    6|   0|    6|          0|
    |gdn_rs2_top_impl_unsigned_char_unsigned_short_unsigned_char_unsigned_char_ap_uin_87_reg_13291      |    1|   0|    1|          0|
    |gmem18_addr_1_reg_13692                                                                            |   64|   0|   64|          0|
    |gmem18_addr_reg_13686                                                                              |   64|   0|   64|          0|
    |gmem19_addr_reg_12473                                                                              |   64|   0|   64|          0|
    |gmem2_addr_1_reg_13764                                                                             |   64|   0|   64|          0|
    |gmem2_addr_reg_13758                                                                               |   64|   0|   64|          0|
    |gmem3_addr_1_reg_13438                                                                             |   64|   0|   64|          0|
    |gmem9_addr_reg_12461                                                                               |   64|   0|   64|          0|
    |grp_aligned_sum_guarded_3_s_fu_9656_ap_start_reg                                                   |    1|   0|    1|          0|
    |grp_gdn_rs2_top_impl_Outline_3_fu_9329_ap_start_reg                                                |    1|   0|    1|          0|
    |grp_gdn_rs2_top_impl_Outline_4_fu_9336_ap_start_reg                                                |    1|   0|    1|          0|
    |grp_gdn_rs2_top_impl_Outline_5_fu_9359_ap_start_reg                                                |    1|   0|    1|          0|
    |grp_gdn_rs2_top_impl_Outline_6_fu_9366_ap_start_reg                                                |    1|   0|    1|          0|
    |grp_gdn_rs2_top_impl_Outline_decay_coefficients_heads_fu_9343_ap_start_reg                         |    1|   0|    1|          0|
    |grp_gdn_rs2_top_impl_Outline_output_log_entries_fu_9422_ap_start_reg                               |    1|   0|    1|          0|
    |grp_gdn_rs2_top_impl_Outline_prediction_log_entries_fu_9373_ap_start_reg                           |    1|   0|    1|          0|
    |grp_gdn_rs2_top_impl_Pipeline_VITIS_LOOP_1317_1_fu_9414_ap_start_reg                               |    1|   0|    1|          0|
    |grp_gdn_rs2_top_impl_Pipeline_clear_rs2_output_heads_clear_rs2_output_values_fu_9177_ap_start_reg  |    1|   0|    1|          0|
    |grp_p_anonymous_namespace_combine_action_fu_9629_ap_start_reg                                      |    1|   0|    1|          0|
    |grp_p_anonymous_namespace_dot_base_column_fu_9448_ap_start_reg                                     |    1|   0|    1|          0|
    |grp_p_anonymous_namespace_fold_log_fu_9668_ap_start_reg                                            |    1|   0|    1|          0|
    |grp_p_anonymous_namespace_load_snapshot_fu_9223_ap_start_reg                                       |    1|   0|    1|          0|
    |grp_p_anonymous_namespace_quantize_update_block_fu_9482_ap_start_reg                               |    1|   0|    1|          0|
    |grp_p_anonymous_namespace_read_snapshot_fu_9702_ap_start_reg                                       |    1|   0|    1|          0|
    |grp_p_anonymous_namespace_reset_slot_fu_9273_ap_start_reg                                          |    1|   0|    1|          0|
    |grp_p_anonymous_namespace_store_key_fu_9398_ap_start_reg                                           |    1|   0|    1|          0|
    |grp_p_anonymous_namespace_validate_snapshot_fu_9187_ap_start_reg                                   |    1|   0|    1|          0|
    |grp_p_anonymous_namespace_validate_token_fu_9303_ap_start_reg                                      |    1|   0|    1|          0|
    |head_2_fu_646                                                                                      |    6|   0|    6|          0|
    |icmp_ln100_reg_12840                                                                               |    1|   0|    1|          0|
    |icmp_ln1045_reg_12736                                                                              |    1|   0|    1|          0|
    |icmp_ln1057_reg_12740                                                                              |    1|   0|    1|          0|
    |icmp_ln1071_reg_12832                                                                              |    1|   0|    1|          0|
    |icmp_ln113_reg_12848                                                                               |    1|   0|    1|          0|
    |icmp_ln1218_reg_13295                                                                              |    1|   0|    1|          0|
    |icmp_ln1351_reg_13738                                                                              |    1|   0|    1|          0|
    |icmp_ln1440_reg_13979                                                                              |    1|   0|    1|          0|
    |icmp_ln93_reg_13874                                                                                |    1|   0|    1|          0|
    |lane_2_reg_9086                                                                                    |    6|   0|    6|          0|
    |lane_reg_1738                                                                                      |    6|   0|    6|          0|
    |negative_reg_13868                                                                                 |    1|   0|    1|          0|
    |old_live_reg_13528                                                                                 |    4|   0|    4|          0|
    |output_mantissa_reg_13964                                                                          |   32|   0|   32|          0|
    |p_0_0_01048_reg_9141                                                                               |    4|   0|    4|          0|
    |p_0_0_01053100_reg_2226                                                                            |   16|   0|   16|          0|
    |p_0_0_01053104_reg_2202                                                                            |   16|   0|   16|          0|
    |p_0_0_01053108_reg_2178                                                                            |   16|   0|   16|          0|
    |p_0_0_01053112_reg_2154                                                                            |   16|   0|   16|          0|
    |p_0_0_01053116_reg_2130                                                                            |   16|   0|   16|          0|
    |p_0_0_01053120_reg_2106                                                                            |   16|   0|   16|          0|
    |p_0_0_01053124_reg_2082                                                                            |   16|   0|   16|          0|
    |p_0_0_01053128_reg_2058                                                                            |   16|   0|   16|          0|
    |p_0_0_01053132_reg_2034                                                                            |   16|   0|   16|          0|
    |p_0_0_01053136_reg_2010                                                                            |   16|   0|   16|          0|
    |p_0_0_01053140_reg_1986                                                                            |   16|   0|   16|          0|
    |p_0_0_01053144_reg_1962                                                                            |   16|   0|   16|          0|
    |p_0_0_01053148_reg_1938                                                                            |   16|   0|   16|          0|
    |p_0_0_01053152_reg_1914                                                                            |   16|   0|   16|          0|
    |p_0_0_01053156_reg_1890                                                                            |   16|   0|   16|          0|
    |p_0_0_01053160_reg_1866                                                                            |   16|   0|   16|          0|
    |p_0_0_01053164_reg_1842                                                                            |   16|   0|   16|          0|
    |p_0_0_01053168_reg_1818                                                                            |   16|   0|   16|          0|
    |p_0_0_01053172_reg_1794                                                                            |   16|   0|   16|          0|
    |p_0_0_01053176_reg_1770                                                                            |   16|   0|   16|          0|
    |p_0_0_0105352_reg_2514                                                                             |   16|   0|   16|          0|
    |p_0_0_0105356_reg_2490                                                                             |   16|   0|   16|          0|
    |p_0_0_0105360_reg_2466                                                                             |   16|   0|   16|          0|
    |p_0_0_0105364_reg_2442                                                                             |   16|   0|   16|          0|
    |p_0_0_0105368_reg_2418                                                                             |   16|   0|   16|          0|
    |p_0_0_0105372_reg_2394                                                                             |   16|   0|   16|          0|
    |p_0_0_0105376_reg_2370                                                                             |   16|   0|   16|          0|
    |p_0_0_0105380_reg_2346                                                                             |   16|   0|   16|          0|
    |p_0_0_0105384_reg_2322                                                                             |   16|   0|   16|          0|
    |p_0_0_0105388_reg_2298                                                                             |   16|   0|   16|          0|
    |p_0_0_0105392_reg_2274                                                                             |   16|   0|   16|          0|
    |p_0_0_0105396_reg_2250                                                                             |   16|   0|   16|          0|
    |product_reg_13857                                                                                  |   48|   0|   48|          0|
    |quotient_reg_13879                                                                                 |   32|   0|   32|          0|
    |ref_tmp451_0102_reg_2214                                                                           |   32|   0|   32|          0|
    |ref_tmp451_0106_reg_2190                                                                           |   32|   0|   32|          0|
    |ref_tmp451_0110_reg_2166                                                                           |   32|   0|   32|          0|
    |ref_tmp451_0114_reg_2142                                                                           |   32|   0|   32|          0|
    |ref_tmp451_0118_reg_2118                                                                           |   32|   0|   32|          0|
    |ref_tmp451_0122_reg_2094                                                                           |   32|   0|   32|          0|
    |ref_tmp451_0126_reg_2070                                                                           |   32|   0|   32|          0|
    |ref_tmp451_0130_reg_2046                                                                           |   32|   0|   32|          0|
    |ref_tmp451_0134_reg_2022                                                                           |   32|   0|   32|          0|
    |ref_tmp451_0138_reg_1998                                                                           |   32|   0|   32|          0|
    |ref_tmp451_0142_reg_1974                                                                           |   32|   0|   32|          0|
    |ref_tmp451_0146_reg_1950                                                                           |   32|   0|   32|          0|
    |ref_tmp451_0150_reg_1926                                                                           |   32|   0|   32|          0|
    |ref_tmp451_0154_reg_1902                                                                           |   32|   0|   32|          0|
    |ref_tmp451_0158_reg_1878                                                                           |   32|   0|   32|          0|
    |ref_tmp451_0162_reg_1854                                                                           |   32|   0|   32|          0|
    |ref_tmp451_0166_reg_1830                                                                           |   32|   0|   32|          0|
    |ref_tmp451_0170_reg_1806                                                                           |   32|   0|   32|          0|
    |ref_tmp451_0174_reg_1782                                                                           |   32|   0|   32|          0|
    |ref_tmp451_050_reg_2526                                                                            |   32|   0|   32|          0|
    |ref_tmp451_054_reg_2502                                                                            |   32|   0|   32|          0|
    |ref_tmp451_058_reg_2478                                                                            |   32|   0|   32|          0|
    |ref_tmp451_062_reg_2454                                                                            |   32|   0|   32|          0|
    |ref_tmp451_066_reg_2430                                                                            |   32|   0|   32|          0|
    |ref_tmp451_070_reg_2406                                                                            |   32|   0|   32|          0|
    |ref_tmp451_074_reg_2382                                                                            |   32|   0|   32|          0|
    |ref_tmp451_078_reg_2358                                                                            |   32|   0|   32|          0|
    |ref_tmp451_082_reg_2334                                                                            |   32|   0|   32|          0|
    |ref_tmp451_086_reg_2310                                                                            |   32|   0|   32|          0|
    |ref_tmp451_090_reg_2286                                                                            |   32|   0|   32|          0|
    |ref_tmp451_094_reg_2262                                                                            |   32|   0|   32|          0|
    |ref_tmp451_098_reg_2238                                                                            |   32|   0|   32|          0|
    |ref_tmp_reg_13889                                                                                  |   32|   0|   32|          0|
    |reg_9865                                                                                           |   64|   0|   64|          0|
    |reg_9870                                                                                           |   64|   0|   64|          0|
    |reg_9875                                                                                           |   64|   0|   64|          0|
    |reg_9880                                                                                           |   64|   0|   64|          0|
    |reg_9885                                                                                           |   64|   0|   64|          0|
    |reg_9890                                                                                           |   64|   0|   64|          0|
    |reg_9895                                                                                           |   64|   0|   64|          0|
    |reg_9900                                                                                           |   64|   0|   64|          0|
    |reg_9905                                                                                           |   64|   0|   64|          0|
    |reg_9910                                                                                           |   64|   0|   64|          0|
    |reg_9915                                                                                           |   64|   0|   64|          0|
    |reg_9922                                                                                           |   64|   0|   64|          0|
    |reg_9929                                                                                           |   64|   0|   64|          0|
    |reg_9936                                                                                           |   64|   0|   64|          0|
    |reg_9943                                                                                           |   32|   0|   32|          0|
    |reg_9948                                                                                           |   16|   0|   16|          0|
    |reg_9953                                                                                           |   64|   0|   64|          0|
    |reg_9958                                                                                           |   64|   0|   64|          0|
    |reg_9963                                                                                           |   16|   0|   16|          0|
    |reg_9969                                                                                           |    8|   0|    8|          0|
    |resident_gamma_load_reg_13644                                                                      |   16|   0|   16|          0|
    |residual_exponents_1_reg_13733                                                                     |    8|   0|    8|          0|
    |residual_exponents_reg_13708                                                                       |    8|   0|    8|          0|
    |residual_terms_1_reg_13800                                                                         |    5|   0|    5|          0|
    |residual_terms_2_reg_13780                                                                         |   33|   0|   33|          0|
    |residual_terms_reg_13790                                                                           |    5|   0|    5|          0|
    |retval_0_i_ph_reg_1705                                                                             |    2|   0|    3|          1|
    |shl_ln1114_1_reg_13231                                                                             |    6|   0|   20|         14|
    |shl_ln1129_reg_13251                                                                               |    8|   0|    8|          0|
    |shl_ln1166_1_reg_13136                                                                             |    6|   0|   20|         14|
    |shl_ln1192_2_reg_13146                                                                             |   60|   0|   60|          0|
    |shl_ln1192_reg_13141                                                                               |    8|   0|    8|          0|
    |shl_ln1219_1_reg_14143                                                                             |    6|   0|   20|         14|
    |shl_ln1240_2_reg_14153                                                                             |   60|   0|   60|          0|
    |shl_ln1240_reg_14148                                                                               |    8|   0|    8|          0|
    |shl_ln1346_1_reg_13723                                                                             |    2|   0|    7|          5|
    |shl_ln1459_2_reg_14068                                                                             |   60|   0|   60|          0|
    |shl_ln1459_reg_14063                                                                               |    8|   0|    8|          0|
    |shl_ln1_reg_13131                                                                                  |    6|   0|   24|         18|
    |shl_ln2_reg_14138                                                                                  |    6|   0|   24|         18|
    |shl_ln3_reg_13564                                                                                  |    4|   0|   10|          6|
    |shl_ln4_reg_13587                                                                                  |    6|   0|   20|         14|
    |shl_ln5_reg_13594                                                                                  |    6|   0|   24|         18|
    |shl_ln91_10_reg_12975                                                                              |   59|   0|   59|          0|
    |shl_ln91_11_reg_13262                                                                              |    8|   0|    8|          0|
    |shl_ln91_12_reg_13324                                                                              |    8|   0|    8|          0|
    |shl_ln91_14_reg_13329                                                                              |   59|   0|   59|          0|
    |shl_ln91_15_reg_13162                                                                              |    8|   0|    8|          0|
    |shl_ln91_16_reg_13062                                                                              |    8|   0|    8|          0|
    |shl_ln91_18_reg_13067                                                                              |   59|   0|   59|          0|
    |shl_ln91_19_reg_14169                                                                              |    8|   0|    8|          0|
    |shl_ln91_20_reg_13449                                                                              |    8|   0|    8|          0|
    |shl_ln91_22_reg_13454                                                                              |   59|   0|   59|          0|
    |shl_ln91_23_reg_14079                                                                              |    8|   0|    8|          0|
    |shl_ln91_2_reg_12862                                                                               |   58|   0|   58|          0|
    |shl_ln91_3_reg_14233                                                                               |    8|   0|    8|          0|
    |shl_ln91_5_reg_14238                                                                               |   58|   0|   58|          0|
    |shl_ln91_6_reg_12896                                                                               |    8|   0|    8|          0|
    |shl_ln91_8_reg_12901                                                                               |   57|   0|   57|          0|
    |shl_ln91_9_reg_12970                                                                               |    8|   0|    8|          0|
    |shl_ln91_reg_12857                                                                                 |    8|   0|    8|          0|
    |shl_ln_reg_13226                                                                                   |    6|   0|   24|         18|
    |sub_ln1114_1_reg_13241                                                                             |    7|   0|   15|          8|
    |sub_ln1114_2_reg_13246                                                                             |    7|   0|   13|          6|
    |sub_ln1114_reg_13236                                                                               |    7|   0|   19|         12|
    |sub_ln1166_1_reg_13047                                                                             |    7|   0|   15|          8|
    |sub_ln1166_2_reg_13052                                                                             |    7|   0|   13|          6|
    |sub_ln1166_reg_13042                                                                               |    7|   0|   19|         12|
    |sub_ln1219_1_reg_13304                                                                             |    7|   0|   15|          8|
    |sub_ln1219_2_reg_13309                                                                             |    7|   0|   13|          6|
    |sub_ln1219_reg_13299                                                                               |    7|   0|   19|         12|
    |sub_ln1276_reg_13556                                                                               |    7|   0|   13|          6|
    |sub_ln1342_reg_13608                                                                               |    7|   0|   15|          8|
    |sub_ln1365_reg_13601                                                                               |    7|   0|   19|         12|
    |tmp23_reg_13664                                                                                    |   64|   0|   64|          0|
    |tmp_102_reg_12844                                                                                  |    1|   0|    1|          0|
    |tmp_103_reg_13539                                                                                  |    3|   0|    3|          0|
    |tmp_3_reg_12826                                                                                    |    6|   0|   11|          5|
    |tmp_s_reg_13393                                                                                    |    1|   0|    1|          0|
    |trunc_ln1036_1_reg_12468                                                                           |   63|   0|   63|          0|
    |trunc_ln1276_1_reg_13550                                                                           |    7|   0|    7|          0|
    |trunc_ln1276_reg_13544                                                                             |    5|   0|    5|          0|
    |trunc_ln12_reg_13432                                                                               |   63|   0|   63|          0|
    |trunc_ln1343_1_reg_13638                                                                           |    4|   0|    4|          0|
    |trunc_ln1343_reg_13631                                                                             |    5|   0|    5|          0|
    |trunc_ln1346_reg_13678                                                                             |    2|   0|    2|          0|
    |trunc_ln1351_reg_13747                                                                             |    5|   0|    5|          0|
    |trunc_ln137_reg_13862                                                                              |   47|   0|   47|          0|
    |trunc_ln142_1_reg_13795                                                                            |    3|   0|    3|          0|
    |trunc_ln142_reg_13785                                                                              |    3|   0|    3|          0|
    |trunc_ln1439_reg_13974                                                                             |    4|   0|    4|          0|
    |trunc_ln151_1_reg_13718                                                                            |    7|   0|    7|          0|
    |trunc_ln151_reg_13703                                                                              |    7|   0|    7|          0|
    |trunc_ln15_reg_14058                                                                               |   61|   0|   61|          0|
    |trunc_ln63_s_reg_14053                                                                             |   61|   0|   61|          0|
    |trunc_ln92_s_reg_14048                                                                             |   61|   0|   61|          0|
    |trunc_ln_reg_12456                                                                                 |   62|   0|   62|          0|
    |zext_ln1070_reg_12744                                                                              |    8|   0|   64|         56|
    |zext_ln1297_reg_13575                                                                              |    4|   0|    5|          1|
    |zext_ln1345_2_reg_13728                                                                            |    2|   0|   13|         11|
    |zext_ln1345_reg_13654                                                                              |    5|   0|   64|         59|
    |zext_ln1346_reg_13649                                                                              |   16|   0|   48|         32|
    +---------------------------------------------------------------------------------------------------+-----+----+-----+-----------+
    |Total                                                                                              | 7268|   0| 7676|        408|
    +---------------------------------------------------------------------------------------------------+-----+----+-----+-----------+



================================================================
== Interface
================================================================
* Summary: 
+---------------------------+-----+-----+------------+---------------------------+--------------+
|         RTL Ports         | Dir | Bits|  Protocol  |       Source Object       |    C Type    |
+---------------------------+-----+-----+------------+---------------------------+--------------+
|ap_clk                     |   in|    1|  ap_ctrl_hs|           gdn_rs2_top_impl|  return value|
|ap_rst                     |   in|    1|  ap_ctrl_hs|           gdn_rs2_top_impl|  return value|
|ap_start                   |   in|    1|  ap_ctrl_hs|           gdn_rs2_top_impl|  return value|
|ap_done                    |  out|    1|  ap_ctrl_hs|           gdn_rs2_top_impl|  return value|
|ap_idle                    |  out|    1|  ap_ctrl_hs|           gdn_rs2_top_impl|  return value|
|ap_ready                   |  out|    1|  ap_ctrl_hs|           gdn_rs2_top_impl|  return value|
|command                    |   in|    8|     ap_none|                    command|        scalar|
|sequence_id                |   in|   16|     ap_none|                sequence_id|        scalar|
|layer_id                   |   in|    8|     ap_none|                   layer_id|        scalar|
|payload_flags              |   in|    8|     ap_none|              payload_flags|        scalar|
|m_axi_gmem0_0_AWVALID      |  out|    1|       m_axi|                      gmem0|       pointer|
|m_axi_gmem0_0_AWREADY      |   in|    1|       m_axi|                      gmem0|       pointer|
|m_axi_gmem0_0_AWADDR       |  out|   64|       m_axi|                      gmem0|       pointer|
|m_axi_gmem0_0_AWID         |  out|    1|       m_axi|                      gmem0|       pointer|
|m_axi_gmem0_0_AWLEN        |  out|   32|       m_axi|                      gmem0|       pointer|
|m_axi_gmem0_0_AWSIZE       |  out|    3|       m_axi|                      gmem0|       pointer|
|m_axi_gmem0_0_AWBURST      |  out|    2|       m_axi|                      gmem0|       pointer|
|m_axi_gmem0_0_AWLOCK       |  out|    2|       m_axi|                      gmem0|       pointer|
|m_axi_gmem0_0_AWCACHE      |  out|    4|       m_axi|                      gmem0|       pointer|
|m_axi_gmem0_0_AWPROT       |  out|    3|       m_axi|                      gmem0|       pointer|
|m_axi_gmem0_0_AWQOS        |  out|    4|       m_axi|                      gmem0|       pointer|
|m_axi_gmem0_0_AWREGION     |  out|    4|       m_axi|                      gmem0|       pointer|
|m_axi_gmem0_0_AWUSER       |  out|    1|       m_axi|                      gmem0|       pointer|
|m_axi_gmem0_0_WVALID       |  out|    1|       m_axi|                      gmem0|       pointer|
|m_axi_gmem0_0_WREADY       |   in|    1|       m_axi|                      gmem0|       pointer|
|m_axi_gmem0_0_WDATA        |  out|    8|       m_axi|                      gmem0|       pointer|
|m_axi_gmem0_0_WSTRB        |  out|    1|       m_axi|                      gmem0|       pointer|
|m_axi_gmem0_0_WLAST        |  out|    1|       m_axi|                      gmem0|       pointer|
|m_axi_gmem0_0_WID          |  out|    1|       m_axi|                      gmem0|       pointer|
|m_axi_gmem0_0_WUSER        |  out|    1|       m_axi|                      gmem0|       pointer|
|m_axi_gmem0_0_ARVALID      |  out|    1|       m_axi|                      gmem0|       pointer|
|m_axi_gmem0_0_ARREADY      |   in|    1|       m_axi|                      gmem0|       pointer|
|m_axi_gmem0_0_ARADDR       |  out|   64|       m_axi|                      gmem0|       pointer|
|m_axi_gmem0_0_ARID         |  out|    1|       m_axi|                      gmem0|       pointer|
|m_axi_gmem0_0_ARLEN        |  out|   32|       m_axi|                      gmem0|       pointer|
|m_axi_gmem0_0_ARSIZE       |  out|    3|       m_axi|                      gmem0|       pointer|
|m_axi_gmem0_0_ARBURST      |  out|    2|       m_axi|                      gmem0|       pointer|
|m_axi_gmem0_0_ARLOCK       |  out|    2|       m_axi|                      gmem0|       pointer|
|m_axi_gmem0_0_ARCACHE      |  out|    4|       m_axi|                      gmem0|       pointer|
|m_axi_gmem0_0_ARPROT       |  out|    3|       m_axi|                      gmem0|       pointer|
|m_axi_gmem0_0_ARQOS        |  out|    4|       m_axi|                      gmem0|       pointer|
|m_axi_gmem0_0_ARREGION     |  out|    4|       m_axi|                      gmem0|       pointer|
|m_axi_gmem0_0_ARUSER       |  out|    1|       m_axi|                      gmem0|       pointer|
|m_axi_gmem0_0_RVALID       |   in|    1|       m_axi|                      gmem0|       pointer|
|m_axi_gmem0_0_RREADY       |  out|    1|       m_axi|                      gmem0|       pointer|
|m_axi_gmem0_0_RDATA        |   in|    8|       m_axi|                      gmem0|       pointer|
|m_axi_gmem0_0_RLAST        |   in|    1|       m_axi|                      gmem0|       pointer|
|m_axi_gmem0_0_RID          |   in|    1|       m_axi|                      gmem0|       pointer|
|m_axi_gmem0_0_RFIFONUM     |   in|   11|       m_axi|                      gmem0|       pointer|
|m_axi_gmem0_0_RUSER        |   in|    1|       m_axi|                      gmem0|       pointer|
|m_axi_gmem0_0_RRESP        |   in|    2|       m_axi|                      gmem0|       pointer|
|m_axi_gmem0_0_BVALID       |   in|    1|       m_axi|                      gmem0|       pointer|
|m_axi_gmem0_0_BREADY       |  out|    1|       m_axi|                      gmem0|       pointer|
|m_axi_gmem0_0_BRESP        |   in|    2|       m_axi|                      gmem0|       pointer|
|m_axi_gmem0_0_BID          |   in|    1|       m_axi|                      gmem0|       pointer|
|m_axi_gmem0_0_BUSER        |   in|    1|       m_axi|                      gmem0|       pointer|
|q_elements                 |   in|   64|     ap_none|                 q_elements|        scalar|
|m_axi_gmem16_0_AWVALID     |  out|    1|       m_axi|                     gmem16|       pointer|
|m_axi_gmem16_0_AWREADY     |   in|    1|       m_axi|                     gmem16|       pointer|
|m_axi_gmem16_0_AWADDR      |  out|   64|       m_axi|                     gmem16|       pointer|
|m_axi_gmem16_0_AWID        |  out|    1|       m_axi|                     gmem16|       pointer|
|m_axi_gmem16_0_AWLEN       |  out|   32|       m_axi|                     gmem16|       pointer|
|m_axi_gmem16_0_AWSIZE      |  out|    3|       m_axi|                     gmem16|       pointer|
|m_axi_gmem16_0_AWBURST     |  out|    2|       m_axi|                     gmem16|       pointer|
|m_axi_gmem16_0_AWLOCK      |  out|    2|       m_axi|                     gmem16|       pointer|
|m_axi_gmem16_0_AWCACHE     |  out|    4|       m_axi|                     gmem16|       pointer|
|m_axi_gmem16_0_AWPROT      |  out|    3|       m_axi|                     gmem16|       pointer|
|m_axi_gmem16_0_AWQOS       |  out|    4|       m_axi|                     gmem16|       pointer|
|m_axi_gmem16_0_AWREGION    |  out|    4|       m_axi|                     gmem16|       pointer|
|m_axi_gmem16_0_AWUSER      |  out|    1|       m_axi|                     gmem16|       pointer|
|m_axi_gmem16_0_WVALID      |  out|    1|       m_axi|                     gmem16|       pointer|
|m_axi_gmem16_0_WREADY      |   in|    1|       m_axi|                     gmem16|       pointer|
|m_axi_gmem16_0_WDATA       |  out|    8|       m_axi|                     gmem16|       pointer|
|m_axi_gmem16_0_WSTRB       |  out|    1|       m_axi|                     gmem16|       pointer|
|m_axi_gmem16_0_WLAST       |  out|    1|       m_axi|                     gmem16|       pointer|
|m_axi_gmem16_0_WID         |  out|    1|       m_axi|                     gmem16|       pointer|
|m_axi_gmem16_0_WUSER       |  out|    1|       m_axi|                     gmem16|       pointer|
|m_axi_gmem16_0_ARVALID     |  out|    1|       m_axi|                     gmem16|       pointer|
|m_axi_gmem16_0_ARREADY     |   in|    1|       m_axi|                     gmem16|       pointer|
|m_axi_gmem16_0_ARADDR      |  out|   64|       m_axi|                     gmem16|       pointer|
|m_axi_gmem16_0_ARID        |  out|    1|       m_axi|                     gmem16|       pointer|
|m_axi_gmem16_0_ARLEN       |  out|   32|       m_axi|                     gmem16|       pointer|
|m_axi_gmem16_0_ARSIZE      |  out|    3|       m_axi|                     gmem16|       pointer|
|m_axi_gmem16_0_ARBURST     |  out|    2|       m_axi|                     gmem16|       pointer|
|m_axi_gmem16_0_ARLOCK      |  out|    2|       m_axi|                     gmem16|       pointer|
|m_axi_gmem16_0_ARCACHE     |  out|    4|       m_axi|                     gmem16|       pointer|
|m_axi_gmem16_0_ARPROT      |  out|    3|       m_axi|                     gmem16|       pointer|
|m_axi_gmem16_0_ARQOS       |  out|    4|       m_axi|                     gmem16|       pointer|
|m_axi_gmem16_0_ARREGION    |  out|    4|       m_axi|                     gmem16|       pointer|
|m_axi_gmem16_0_ARUSER      |  out|    1|       m_axi|                     gmem16|       pointer|
|m_axi_gmem16_0_RVALID      |   in|    1|       m_axi|                     gmem16|       pointer|
|m_axi_gmem16_0_RREADY      |  out|    1|       m_axi|                     gmem16|       pointer|
|m_axi_gmem16_0_RDATA       |   in|    8|       m_axi|                     gmem16|       pointer|
|m_axi_gmem16_0_RLAST       |   in|    1|       m_axi|                     gmem16|       pointer|
|m_axi_gmem16_0_RID         |   in|    1|       m_axi|                     gmem16|       pointer|
|m_axi_gmem16_0_RFIFONUM    |   in|   11|       m_axi|                     gmem16|       pointer|
|m_axi_gmem16_0_RUSER       |   in|    1|       m_axi|                     gmem16|       pointer|
|m_axi_gmem16_0_RRESP       |   in|    2|       m_axi|                     gmem16|       pointer|
|m_axi_gmem16_0_BVALID      |   in|    1|       m_axi|                     gmem16|       pointer|
|m_axi_gmem16_0_BREADY      |  out|    1|       m_axi|                     gmem16|       pointer|
|m_axi_gmem16_0_BRESP       |   in|    2|       m_axi|                     gmem16|       pointer|
|m_axi_gmem16_0_BID         |   in|    1|       m_axi|                     gmem16|       pointer|
|m_axi_gmem16_0_BUSER       |   in|    1|       m_axi|                     gmem16|       pointer|
|q_scales                   |   in|   64|     ap_none|                   q_scales|        scalar|
|m_axi_gmem1_0_AWVALID      |  out|    1|       m_axi|                      gmem1|       pointer|
|m_axi_gmem1_0_AWREADY      |   in|    1|       m_axi|                      gmem1|       pointer|
|m_axi_gmem1_0_AWADDR       |  out|   64|       m_axi|                      gmem1|       pointer|
|m_axi_gmem1_0_AWID         |  out|    1|       m_axi|                      gmem1|       pointer|
|m_axi_gmem1_0_AWLEN        |  out|   32|       m_axi|                      gmem1|       pointer|
|m_axi_gmem1_0_AWSIZE       |  out|    3|       m_axi|                      gmem1|       pointer|
|m_axi_gmem1_0_AWBURST      |  out|    2|       m_axi|                      gmem1|       pointer|
|m_axi_gmem1_0_AWLOCK       |  out|    2|       m_axi|                      gmem1|       pointer|
|m_axi_gmem1_0_AWCACHE      |  out|    4|       m_axi|                      gmem1|       pointer|
|m_axi_gmem1_0_AWPROT       |  out|    3|       m_axi|                      gmem1|       pointer|
|m_axi_gmem1_0_AWQOS        |  out|    4|       m_axi|                      gmem1|       pointer|
|m_axi_gmem1_0_AWREGION     |  out|    4|       m_axi|                      gmem1|       pointer|
|m_axi_gmem1_0_AWUSER       |  out|    1|       m_axi|                      gmem1|       pointer|
|m_axi_gmem1_0_WVALID       |  out|    1|       m_axi|                      gmem1|       pointer|
|m_axi_gmem1_0_WREADY       |   in|    1|       m_axi|                      gmem1|       pointer|
|m_axi_gmem1_0_WDATA        |  out|    8|       m_axi|                      gmem1|       pointer|
|m_axi_gmem1_0_WSTRB        |  out|    1|       m_axi|                      gmem1|       pointer|
|m_axi_gmem1_0_WLAST        |  out|    1|       m_axi|                      gmem1|       pointer|
|m_axi_gmem1_0_WID          |  out|    1|       m_axi|                      gmem1|       pointer|
|m_axi_gmem1_0_WUSER        |  out|    1|       m_axi|                      gmem1|       pointer|
|m_axi_gmem1_0_ARVALID      |  out|    1|       m_axi|                      gmem1|       pointer|
|m_axi_gmem1_0_ARREADY      |   in|    1|       m_axi|                      gmem1|       pointer|
|m_axi_gmem1_0_ARADDR       |  out|   64|       m_axi|                      gmem1|       pointer|
|m_axi_gmem1_0_ARID         |  out|    1|       m_axi|                      gmem1|       pointer|
|m_axi_gmem1_0_ARLEN        |  out|   32|       m_axi|                      gmem1|       pointer|
|m_axi_gmem1_0_ARSIZE       |  out|    3|       m_axi|                      gmem1|       pointer|
|m_axi_gmem1_0_ARBURST      |  out|    2|       m_axi|                      gmem1|       pointer|
|m_axi_gmem1_0_ARLOCK       |  out|    2|       m_axi|                      gmem1|       pointer|
|m_axi_gmem1_0_ARCACHE      |  out|    4|       m_axi|                      gmem1|       pointer|
|m_axi_gmem1_0_ARPROT       |  out|    3|       m_axi|                      gmem1|       pointer|
|m_axi_gmem1_0_ARQOS        |  out|    4|       m_axi|                      gmem1|       pointer|
|m_axi_gmem1_0_ARREGION     |  out|    4|       m_axi|                      gmem1|       pointer|
|m_axi_gmem1_0_ARUSER       |  out|    1|       m_axi|                      gmem1|       pointer|
|m_axi_gmem1_0_RVALID       |   in|    1|       m_axi|                      gmem1|       pointer|
|m_axi_gmem1_0_RREADY       |  out|    1|       m_axi|                      gmem1|       pointer|
|m_axi_gmem1_0_RDATA        |   in|    8|       m_axi|                      gmem1|       pointer|
|m_axi_gmem1_0_RLAST        |   in|    1|       m_axi|                      gmem1|       pointer|
|m_axi_gmem1_0_RID          |   in|    1|       m_axi|                      gmem1|       pointer|
|m_axi_gmem1_0_RFIFONUM     |   in|   11|       m_axi|                      gmem1|       pointer|
|m_axi_gmem1_0_RUSER        |   in|    1|       m_axi|                      gmem1|       pointer|
|m_axi_gmem1_0_RRESP        |   in|    2|       m_axi|                      gmem1|       pointer|
|m_axi_gmem1_0_BVALID       |   in|    1|       m_axi|                      gmem1|       pointer|
|m_axi_gmem1_0_BREADY       |  out|    1|       m_axi|                      gmem1|       pointer|
|m_axi_gmem1_0_BRESP        |   in|    2|       m_axi|                      gmem1|       pointer|
|m_axi_gmem1_0_BID          |   in|    1|       m_axi|                      gmem1|       pointer|
|m_axi_gmem1_0_BUSER        |   in|    1|       m_axi|                      gmem1|       pointer|
|k_elements                 |   in|   64|     ap_none|                 k_elements|        scalar|
|m_axi_gmem17_0_AWVALID     |  out|    1|       m_axi|                     gmem17|       pointer|
|m_axi_gmem17_0_AWREADY     |   in|    1|       m_axi|                     gmem17|       pointer|
|m_axi_gmem17_0_AWADDR      |  out|   64|       m_axi|                     gmem17|       pointer|
|m_axi_gmem17_0_AWID        |  out|    1|       m_axi|                     gmem17|       pointer|
|m_axi_gmem17_0_AWLEN       |  out|   32|       m_axi|                     gmem17|       pointer|
|m_axi_gmem17_0_AWSIZE      |  out|    3|       m_axi|                     gmem17|       pointer|
|m_axi_gmem17_0_AWBURST     |  out|    2|       m_axi|                     gmem17|       pointer|
|m_axi_gmem17_0_AWLOCK      |  out|    2|       m_axi|                     gmem17|       pointer|
|m_axi_gmem17_0_AWCACHE     |  out|    4|       m_axi|                     gmem17|       pointer|
|m_axi_gmem17_0_AWPROT      |  out|    3|       m_axi|                     gmem17|       pointer|
|m_axi_gmem17_0_AWQOS       |  out|    4|       m_axi|                     gmem17|       pointer|
|m_axi_gmem17_0_AWREGION    |  out|    4|       m_axi|                     gmem17|       pointer|
|m_axi_gmem17_0_AWUSER      |  out|    1|       m_axi|                     gmem17|       pointer|
|m_axi_gmem17_0_WVALID      |  out|    1|       m_axi|                     gmem17|       pointer|
|m_axi_gmem17_0_WREADY      |   in|    1|       m_axi|                     gmem17|       pointer|
|m_axi_gmem17_0_WDATA       |  out|    8|       m_axi|                     gmem17|       pointer|
|m_axi_gmem17_0_WSTRB       |  out|    1|       m_axi|                     gmem17|       pointer|
|m_axi_gmem17_0_WLAST       |  out|    1|       m_axi|                     gmem17|       pointer|
|m_axi_gmem17_0_WID         |  out|    1|       m_axi|                     gmem17|       pointer|
|m_axi_gmem17_0_WUSER       |  out|    1|       m_axi|                     gmem17|       pointer|
|m_axi_gmem17_0_ARVALID     |  out|    1|       m_axi|                     gmem17|       pointer|
|m_axi_gmem17_0_ARREADY     |   in|    1|       m_axi|                     gmem17|       pointer|
|m_axi_gmem17_0_ARADDR      |  out|   64|       m_axi|                     gmem17|       pointer|
|m_axi_gmem17_0_ARID        |  out|    1|       m_axi|                     gmem17|       pointer|
|m_axi_gmem17_0_ARLEN       |  out|   32|       m_axi|                     gmem17|       pointer|
|m_axi_gmem17_0_ARSIZE      |  out|    3|       m_axi|                     gmem17|       pointer|
|m_axi_gmem17_0_ARBURST     |  out|    2|       m_axi|                     gmem17|       pointer|
|m_axi_gmem17_0_ARLOCK      |  out|    2|       m_axi|                     gmem17|       pointer|
|m_axi_gmem17_0_ARCACHE     |  out|    4|       m_axi|                     gmem17|       pointer|
|m_axi_gmem17_0_ARPROT      |  out|    3|       m_axi|                     gmem17|       pointer|
|m_axi_gmem17_0_ARQOS       |  out|    4|       m_axi|                     gmem17|       pointer|
|m_axi_gmem17_0_ARREGION    |  out|    4|       m_axi|                     gmem17|       pointer|
|m_axi_gmem17_0_ARUSER      |  out|    1|       m_axi|                     gmem17|       pointer|
|m_axi_gmem17_0_RVALID      |   in|    1|       m_axi|                     gmem17|       pointer|
|m_axi_gmem17_0_RREADY      |  out|    1|       m_axi|                     gmem17|       pointer|
|m_axi_gmem17_0_RDATA       |   in|    8|       m_axi|                     gmem17|       pointer|
|m_axi_gmem17_0_RLAST       |   in|    1|       m_axi|                     gmem17|       pointer|
|m_axi_gmem17_0_RID         |   in|    1|       m_axi|                     gmem17|       pointer|
|m_axi_gmem17_0_RFIFONUM    |   in|   11|       m_axi|                     gmem17|       pointer|
|m_axi_gmem17_0_RUSER       |   in|    1|       m_axi|                     gmem17|       pointer|
|m_axi_gmem17_0_RRESP       |   in|    2|       m_axi|                     gmem17|       pointer|
|m_axi_gmem17_0_BVALID      |   in|    1|       m_axi|                     gmem17|       pointer|
|m_axi_gmem17_0_BREADY      |  out|    1|       m_axi|                     gmem17|       pointer|
|m_axi_gmem17_0_BRESP       |   in|    2|       m_axi|                     gmem17|       pointer|
|m_axi_gmem17_0_BID         |   in|    1|       m_axi|                     gmem17|       pointer|
|m_axi_gmem17_0_BUSER       |   in|    1|       m_axi|                     gmem17|       pointer|
|k_scales                   |   in|   64|     ap_none|                   k_scales|        scalar|
|m_axi_gmem2_0_AWVALID      |  out|    1|       m_axi|                      gmem2|       pointer|
|m_axi_gmem2_0_AWREADY      |   in|    1|       m_axi|                      gmem2|       pointer|
|m_axi_gmem2_0_AWADDR       |  out|   64|       m_axi|                      gmem2|       pointer|
|m_axi_gmem2_0_AWID         |  out|    1|       m_axi|                      gmem2|       pointer|
|m_axi_gmem2_0_AWLEN        |  out|   32|       m_axi|                      gmem2|       pointer|
|m_axi_gmem2_0_AWSIZE       |  out|    3|       m_axi|                      gmem2|       pointer|
|m_axi_gmem2_0_AWBURST      |  out|    2|       m_axi|                      gmem2|       pointer|
|m_axi_gmem2_0_AWLOCK       |  out|    2|       m_axi|                      gmem2|       pointer|
|m_axi_gmem2_0_AWCACHE      |  out|    4|       m_axi|                      gmem2|       pointer|
|m_axi_gmem2_0_AWPROT       |  out|    3|       m_axi|                      gmem2|       pointer|
|m_axi_gmem2_0_AWQOS        |  out|    4|       m_axi|                      gmem2|       pointer|
|m_axi_gmem2_0_AWREGION     |  out|    4|       m_axi|                      gmem2|       pointer|
|m_axi_gmem2_0_AWUSER       |  out|    1|       m_axi|                      gmem2|       pointer|
|m_axi_gmem2_0_WVALID       |  out|    1|       m_axi|                      gmem2|       pointer|
|m_axi_gmem2_0_WREADY       |   in|    1|       m_axi|                      gmem2|       pointer|
|m_axi_gmem2_0_WDATA        |  out|    8|       m_axi|                      gmem2|       pointer|
|m_axi_gmem2_0_WSTRB        |  out|    1|       m_axi|                      gmem2|       pointer|
|m_axi_gmem2_0_WLAST        |  out|    1|       m_axi|                      gmem2|       pointer|
|m_axi_gmem2_0_WID          |  out|    1|       m_axi|                      gmem2|       pointer|
|m_axi_gmem2_0_WUSER        |  out|    1|       m_axi|                      gmem2|       pointer|
|m_axi_gmem2_0_ARVALID      |  out|    1|       m_axi|                      gmem2|       pointer|
|m_axi_gmem2_0_ARREADY      |   in|    1|       m_axi|                      gmem2|       pointer|
|m_axi_gmem2_0_ARADDR       |  out|   64|       m_axi|                      gmem2|       pointer|
|m_axi_gmem2_0_ARID         |  out|    1|       m_axi|                      gmem2|       pointer|
|m_axi_gmem2_0_ARLEN        |  out|   32|       m_axi|                      gmem2|       pointer|
|m_axi_gmem2_0_ARSIZE       |  out|    3|       m_axi|                      gmem2|       pointer|
|m_axi_gmem2_0_ARBURST      |  out|    2|       m_axi|                      gmem2|       pointer|
|m_axi_gmem2_0_ARLOCK       |  out|    2|       m_axi|                      gmem2|       pointer|
|m_axi_gmem2_0_ARCACHE      |  out|    4|       m_axi|                      gmem2|       pointer|
|m_axi_gmem2_0_ARPROT       |  out|    3|       m_axi|                      gmem2|       pointer|
|m_axi_gmem2_0_ARQOS        |  out|    4|       m_axi|                      gmem2|       pointer|
|m_axi_gmem2_0_ARREGION     |  out|    4|       m_axi|                      gmem2|       pointer|
|m_axi_gmem2_0_ARUSER       |  out|    1|       m_axi|                      gmem2|       pointer|
|m_axi_gmem2_0_RVALID       |   in|    1|       m_axi|                      gmem2|       pointer|
|m_axi_gmem2_0_RREADY       |  out|    1|       m_axi|                      gmem2|       pointer|
|m_axi_gmem2_0_RDATA        |   in|    8|       m_axi|                      gmem2|       pointer|
|m_axi_gmem2_0_RLAST        |   in|    1|       m_axi|                      gmem2|       pointer|
|m_axi_gmem2_0_RID          |   in|    1|       m_axi|                      gmem2|       pointer|
|m_axi_gmem2_0_RFIFONUM     |   in|   11|       m_axi|                      gmem2|       pointer|
|m_axi_gmem2_0_RUSER        |   in|    1|       m_axi|                      gmem2|       pointer|
|m_axi_gmem2_0_RRESP        |   in|    2|       m_axi|                      gmem2|       pointer|
|m_axi_gmem2_0_BVALID       |   in|    1|       m_axi|                      gmem2|       pointer|
|m_axi_gmem2_0_BREADY       |  out|    1|       m_axi|                      gmem2|       pointer|
|m_axi_gmem2_0_BRESP        |   in|    2|       m_axi|                      gmem2|       pointer|
|m_axi_gmem2_0_BID          |   in|    1|       m_axi|                      gmem2|       pointer|
|m_axi_gmem2_0_BUSER        |   in|    1|       m_axi|                      gmem2|       pointer|
|v_elements                 |   in|   64|     ap_none|                 v_elements|        scalar|
|m_axi_gmem18_0_AWVALID     |  out|    1|       m_axi|                     gmem18|       pointer|
|m_axi_gmem18_0_AWREADY     |   in|    1|       m_axi|                     gmem18|       pointer|
|m_axi_gmem18_0_AWADDR      |  out|   64|       m_axi|                     gmem18|       pointer|
|m_axi_gmem18_0_AWID        |  out|    1|       m_axi|                     gmem18|       pointer|
|m_axi_gmem18_0_AWLEN       |  out|   32|       m_axi|                     gmem18|       pointer|
|m_axi_gmem18_0_AWSIZE      |  out|    3|       m_axi|                     gmem18|       pointer|
|m_axi_gmem18_0_AWBURST     |  out|    2|       m_axi|                     gmem18|       pointer|
|m_axi_gmem18_0_AWLOCK      |  out|    2|       m_axi|                     gmem18|       pointer|
|m_axi_gmem18_0_AWCACHE     |  out|    4|       m_axi|                     gmem18|       pointer|
|m_axi_gmem18_0_AWPROT      |  out|    3|       m_axi|                     gmem18|       pointer|
|m_axi_gmem18_0_AWQOS       |  out|    4|       m_axi|                     gmem18|       pointer|
|m_axi_gmem18_0_AWREGION    |  out|    4|       m_axi|                     gmem18|       pointer|
|m_axi_gmem18_0_AWUSER      |  out|    1|       m_axi|                     gmem18|       pointer|
|m_axi_gmem18_0_WVALID      |  out|    1|       m_axi|                     gmem18|       pointer|
|m_axi_gmem18_0_WREADY      |   in|    1|       m_axi|                     gmem18|       pointer|
|m_axi_gmem18_0_WDATA       |  out|    8|       m_axi|                     gmem18|       pointer|
|m_axi_gmem18_0_WSTRB       |  out|    1|       m_axi|                     gmem18|       pointer|
|m_axi_gmem18_0_WLAST       |  out|    1|       m_axi|                     gmem18|       pointer|
|m_axi_gmem18_0_WID         |  out|    1|       m_axi|                     gmem18|       pointer|
|m_axi_gmem18_0_WUSER       |  out|    1|       m_axi|                     gmem18|       pointer|
|m_axi_gmem18_0_ARVALID     |  out|    1|       m_axi|                     gmem18|       pointer|
|m_axi_gmem18_0_ARREADY     |   in|    1|       m_axi|                     gmem18|       pointer|
|m_axi_gmem18_0_ARADDR      |  out|   64|       m_axi|                     gmem18|       pointer|
|m_axi_gmem18_0_ARID        |  out|    1|       m_axi|                     gmem18|       pointer|
|m_axi_gmem18_0_ARLEN       |  out|   32|       m_axi|                     gmem18|       pointer|
|m_axi_gmem18_0_ARSIZE      |  out|    3|       m_axi|                     gmem18|       pointer|
|m_axi_gmem18_0_ARBURST     |  out|    2|       m_axi|                     gmem18|       pointer|
|m_axi_gmem18_0_ARLOCK      |  out|    2|       m_axi|                     gmem18|       pointer|
|m_axi_gmem18_0_ARCACHE     |  out|    4|       m_axi|                     gmem18|       pointer|
|m_axi_gmem18_0_ARPROT      |  out|    3|       m_axi|                     gmem18|       pointer|
|m_axi_gmem18_0_ARQOS       |  out|    4|       m_axi|                     gmem18|       pointer|
|m_axi_gmem18_0_ARREGION    |  out|    4|       m_axi|                     gmem18|       pointer|
|m_axi_gmem18_0_ARUSER      |  out|    1|       m_axi|                     gmem18|       pointer|
|m_axi_gmem18_0_RVALID      |   in|    1|       m_axi|                     gmem18|       pointer|
|m_axi_gmem18_0_RREADY      |  out|    1|       m_axi|                     gmem18|       pointer|
|m_axi_gmem18_0_RDATA       |   in|    8|       m_axi|                     gmem18|       pointer|
|m_axi_gmem18_0_RLAST       |   in|    1|       m_axi|                     gmem18|       pointer|
|m_axi_gmem18_0_RID         |   in|    1|       m_axi|                     gmem18|       pointer|
|m_axi_gmem18_0_RFIFONUM    |   in|   11|       m_axi|                     gmem18|       pointer|
|m_axi_gmem18_0_RUSER       |   in|    1|       m_axi|                     gmem18|       pointer|
|m_axi_gmem18_0_RRESP       |   in|    2|       m_axi|                     gmem18|       pointer|
|m_axi_gmem18_0_BVALID      |   in|    1|       m_axi|                     gmem18|       pointer|
|m_axi_gmem18_0_BREADY      |  out|    1|       m_axi|                     gmem18|       pointer|
|m_axi_gmem18_0_BRESP       |   in|    2|       m_axi|                     gmem18|       pointer|
|m_axi_gmem18_0_BID         |   in|    1|       m_axi|                     gmem18|       pointer|
|m_axi_gmem18_0_BUSER       |   in|    1|       m_axi|                     gmem18|       pointer|
|v_scales                   |   in|   64|     ap_none|                   v_scales|        scalar|
|m_axi_gmem3_0_AWVALID      |  out|    1|       m_axi|                      gmem3|       pointer|
|m_axi_gmem3_0_AWREADY      |   in|    1|       m_axi|                      gmem3|       pointer|
|m_axi_gmem3_0_AWADDR       |  out|   64|       m_axi|                      gmem3|       pointer|
|m_axi_gmem3_0_AWID         |  out|    1|       m_axi|                      gmem3|       pointer|
|m_axi_gmem3_0_AWLEN        |  out|   32|       m_axi|                      gmem3|       pointer|
|m_axi_gmem3_0_AWSIZE       |  out|    3|       m_axi|                      gmem3|       pointer|
|m_axi_gmem3_0_AWBURST      |  out|    2|       m_axi|                      gmem3|       pointer|
|m_axi_gmem3_0_AWLOCK       |  out|    2|       m_axi|                      gmem3|       pointer|
|m_axi_gmem3_0_AWCACHE      |  out|    4|       m_axi|                      gmem3|       pointer|
|m_axi_gmem3_0_AWPROT       |  out|    3|       m_axi|                      gmem3|       pointer|
|m_axi_gmem3_0_AWQOS        |  out|    4|       m_axi|                      gmem3|       pointer|
|m_axi_gmem3_0_AWREGION     |  out|    4|       m_axi|                      gmem3|       pointer|
|m_axi_gmem3_0_AWUSER       |  out|    1|       m_axi|                      gmem3|       pointer|
|m_axi_gmem3_0_WVALID       |  out|    1|       m_axi|                      gmem3|       pointer|
|m_axi_gmem3_0_WREADY       |   in|    1|       m_axi|                      gmem3|       pointer|
|m_axi_gmem3_0_WDATA        |  out|   16|       m_axi|                      gmem3|       pointer|
|m_axi_gmem3_0_WSTRB        |  out|    2|       m_axi|                      gmem3|       pointer|
|m_axi_gmem3_0_WLAST        |  out|    1|       m_axi|                      gmem3|       pointer|
|m_axi_gmem3_0_WID          |  out|    1|       m_axi|                      gmem3|       pointer|
|m_axi_gmem3_0_WUSER        |  out|    1|       m_axi|                      gmem3|       pointer|
|m_axi_gmem3_0_ARVALID      |  out|    1|       m_axi|                      gmem3|       pointer|
|m_axi_gmem3_0_ARREADY      |   in|    1|       m_axi|                      gmem3|       pointer|
|m_axi_gmem3_0_ARADDR       |  out|   64|       m_axi|                      gmem3|       pointer|
|m_axi_gmem3_0_ARID         |  out|    1|       m_axi|                      gmem3|       pointer|
|m_axi_gmem3_0_ARLEN        |  out|   32|       m_axi|                      gmem3|       pointer|
|m_axi_gmem3_0_ARSIZE       |  out|    3|       m_axi|                      gmem3|       pointer|
|m_axi_gmem3_0_ARBURST      |  out|    2|       m_axi|                      gmem3|       pointer|
|m_axi_gmem3_0_ARLOCK       |  out|    2|       m_axi|                      gmem3|       pointer|
|m_axi_gmem3_0_ARCACHE      |  out|    4|       m_axi|                      gmem3|       pointer|
|m_axi_gmem3_0_ARPROT       |  out|    3|       m_axi|                      gmem3|       pointer|
|m_axi_gmem3_0_ARQOS        |  out|    4|       m_axi|                      gmem3|       pointer|
|m_axi_gmem3_0_ARREGION     |  out|    4|       m_axi|                      gmem3|       pointer|
|m_axi_gmem3_0_ARUSER       |  out|    1|       m_axi|                      gmem3|       pointer|
|m_axi_gmem3_0_RVALID       |   in|    1|       m_axi|                      gmem3|       pointer|
|m_axi_gmem3_0_RREADY       |  out|    1|       m_axi|                      gmem3|       pointer|
|m_axi_gmem3_0_RDATA        |   in|   16|       m_axi|                      gmem3|       pointer|
|m_axi_gmem3_0_RLAST        |   in|    1|       m_axi|                      gmem3|       pointer|
|m_axi_gmem3_0_RID          |   in|    1|       m_axi|                      gmem3|       pointer|
|m_axi_gmem3_0_RFIFONUM     |   in|   10|       m_axi|                      gmem3|       pointer|
|m_axi_gmem3_0_RUSER        |   in|    1|       m_axi|                      gmem3|       pointer|
|m_axi_gmem3_0_RRESP        |   in|    2|       m_axi|                      gmem3|       pointer|
|m_axi_gmem3_0_BVALID       |   in|    1|       m_axi|                      gmem3|       pointer|
|m_axi_gmem3_0_BREADY       |  out|    1|       m_axi|                      gmem3|       pointer|
|m_axi_gmem3_0_BRESP        |   in|    2|       m_axi|                      gmem3|       pointer|
|m_axi_gmem3_0_BID          |   in|    1|       m_axi|                      gmem3|       pointer|
|m_axi_gmem3_0_BUSER        |   in|    1|       m_axi|                      gmem3|       pointer|
|alpha                      |   in|   64|     ap_none|                      alpha|        scalar|
|beta                       |   in|   64|     ap_none|                       beta|        scalar|
|m_axi_gmem4_0_AWVALID      |  out|    1|       m_axi|                      gmem4|       pointer|
|m_axi_gmem4_0_AWREADY      |   in|    1|       m_axi|                      gmem4|       pointer|
|m_axi_gmem4_0_AWADDR       |  out|   64|       m_axi|                      gmem4|       pointer|
|m_axi_gmem4_0_AWID         |  out|    1|       m_axi|                      gmem4|       pointer|
|m_axi_gmem4_0_AWLEN        |  out|   32|       m_axi|                      gmem4|       pointer|
|m_axi_gmem4_0_AWSIZE       |  out|    3|       m_axi|                      gmem4|       pointer|
|m_axi_gmem4_0_AWBURST      |  out|    2|       m_axi|                      gmem4|       pointer|
|m_axi_gmem4_0_AWLOCK       |  out|    2|       m_axi|                      gmem4|       pointer|
|m_axi_gmem4_0_AWCACHE      |  out|    4|       m_axi|                      gmem4|       pointer|
|m_axi_gmem4_0_AWPROT       |  out|    3|       m_axi|                      gmem4|       pointer|
|m_axi_gmem4_0_AWQOS        |  out|    4|       m_axi|                      gmem4|       pointer|
|m_axi_gmem4_0_AWREGION     |  out|    4|       m_axi|                      gmem4|       pointer|
|m_axi_gmem4_0_AWUSER       |  out|    1|       m_axi|                      gmem4|       pointer|
|m_axi_gmem4_0_WVALID       |  out|    1|       m_axi|                      gmem4|       pointer|
|m_axi_gmem4_0_WREADY       |   in|    1|       m_axi|                      gmem4|       pointer|
|m_axi_gmem4_0_WDATA        |  out|    8|       m_axi|                      gmem4|       pointer|
|m_axi_gmem4_0_WSTRB        |  out|    1|       m_axi|                      gmem4|       pointer|
|m_axi_gmem4_0_WLAST        |  out|    1|       m_axi|                      gmem4|       pointer|
|m_axi_gmem4_0_WID          |  out|    1|       m_axi|                      gmem4|       pointer|
|m_axi_gmem4_0_WUSER        |  out|    1|       m_axi|                      gmem4|       pointer|
|m_axi_gmem4_0_ARVALID      |  out|    1|       m_axi|                      gmem4|       pointer|
|m_axi_gmem4_0_ARREADY      |   in|    1|       m_axi|                      gmem4|       pointer|
|m_axi_gmem4_0_ARADDR       |  out|   64|       m_axi|                      gmem4|       pointer|
|m_axi_gmem4_0_ARID         |  out|    1|       m_axi|                      gmem4|       pointer|
|m_axi_gmem4_0_ARLEN        |  out|   32|       m_axi|                      gmem4|       pointer|
|m_axi_gmem4_0_ARSIZE       |  out|    3|       m_axi|                      gmem4|       pointer|
|m_axi_gmem4_0_ARBURST      |  out|    2|       m_axi|                      gmem4|       pointer|
|m_axi_gmem4_0_ARLOCK       |  out|    2|       m_axi|                      gmem4|       pointer|
|m_axi_gmem4_0_ARCACHE      |  out|    4|       m_axi|                      gmem4|       pointer|
|m_axi_gmem4_0_ARPROT       |  out|    3|       m_axi|                      gmem4|       pointer|
|m_axi_gmem4_0_ARQOS        |  out|    4|       m_axi|                      gmem4|       pointer|
|m_axi_gmem4_0_ARREGION     |  out|    4|       m_axi|                      gmem4|       pointer|
|m_axi_gmem4_0_ARUSER       |  out|    1|       m_axi|                      gmem4|       pointer|
|m_axi_gmem4_0_RVALID       |   in|    1|       m_axi|                      gmem4|       pointer|
|m_axi_gmem4_0_RREADY       |  out|    1|       m_axi|                      gmem4|       pointer|
|m_axi_gmem4_0_RDATA        |   in|    8|       m_axi|                      gmem4|       pointer|
|m_axi_gmem4_0_RLAST        |   in|    1|       m_axi|                      gmem4|       pointer|
|m_axi_gmem4_0_RID          |   in|    1|       m_axi|                      gmem4|       pointer|
|m_axi_gmem4_0_RFIFONUM     |   in|   11|       m_axi|                      gmem4|       pointer|
|m_axi_gmem4_0_RUSER        |   in|    1|       m_axi|                      gmem4|       pointer|
|m_axi_gmem4_0_RRESP        |   in|    2|       m_axi|                      gmem4|       pointer|
|m_axi_gmem4_0_BVALID       |   in|    1|       m_axi|                      gmem4|       pointer|
|m_axi_gmem4_0_BREADY       |  out|    1|       m_axi|                      gmem4|       pointer|
|m_axi_gmem4_0_BRESP        |   in|    2|       m_axi|                      gmem4|       pointer|
|m_axi_gmem4_0_BID          |   in|    1|       m_axi|                      gmem4|       pointer|
|m_axi_gmem4_0_BUSER        |   in|    1|       m_axi|                      gmem4|       pointer|
|state_primary_in           |   in|   64|     ap_none|           state_primary_in|        scalar|
|state_primary_scales_in    |   in|   64|     ap_none|    state_primary_scales_in|        scalar|
|m_axi_gmem5_0_AWVALID      |  out|    1|       m_axi|                      gmem5|       pointer|
|m_axi_gmem5_0_AWREADY      |   in|    1|       m_axi|                      gmem5|       pointer|
|m_axi_gmem5_0_AWADDR       |  out|   64|       m_axi|                      gmem5|       pointer|
|m_axi_gmem5_0_AWID         |  out|    1|       m_axi|                      gmem5|       pointer|
|m_axi_gmem5_0_AWLEN        |  out|   32|       m_axi|                      gmem5|       pointer|
|m_axi_gmem5_0_AWSIZE       |  out|    3|       m_axi|                      gmem5|       pointer|
|m_axi_gmem5_0_AWBURST      |  out|    2|       m_axi|                      gmem5|       pointer|
|m_axi_gmem5_0_AWLOCK       |  out|    2|       m_axi|                      gmem5|       pointer|
|m_axi_gmem5_0_AWCACHE      |  out|    4|       m_axi|                      gmem5|       pointer|
|m_axi_gmem5_0_AWPROT       |  out|    3|       m_axi|                      gmem5|       pointer|
|m_axi_gmem5_0_AWQOS        |  out|    4|       m_axi|                      gmem5|       pointer|
|m_axi_gmem5_0_AWREGION     |  out|    4|       m_axi|                      gmem5|       pointer|
|m_axi_gmem5_0_AWUSER       |  out|    1|       m_axi|                      gmem5|       pointer|
|m_axi_gmem5_0_WVALID       |  out|    1|       m_axi|                      gmem5|       pointer|
|m_axi_gmem5_0_WREADY       |   in|    1|       m_axi|                      gmem5|       pointer|
|m_axi_gmem5_0_WDATA        |  out|    8|       m_axi|                      gmem5|       pointer|
|m_axi_gmem5_0_WSTRB        |  out|    1|       m_axi|                      gmem5|       pointer|
|m_axi_gmem5_0_WLAST        |  out|    1|       m_axi|                      gmem5|       pointer|
|m_axi_gmem5_0_WID          |  out|    1|       m_axi|                      gmem5|       pointer|
|m_axi_gmem5_0_WUSER        |  out|    1|       m_axi|                      gmem5|       pointer|
|m_axi_gmem5_0_ARVALID      |  out|    1|       m_axi|                      gmem5|       pointer|
|m_axi_gmem5_0_ARREADY      |   in|    1|       m_axi|                      gmem5|       pointer|
|m_axi_gmem5_0_ARADDR       |  out|   64|       m_axi|                      gmem5|       pointer|
|m_axi_gmem5_0_ARID         |  out|    1|       m_axi|                      gmem5|       pointer|
|m_axi_gmem5_0_ARLEN        |  out|   32|       m_axi|                      gmem5|       pointer|
|m_axi_gmem5_0_ARSIZE       |  out|    3|       m_axi|                      gmem5|       pointer|
|m_axi_gmem5_0_ARBURST      |  out|    2|       m_axi|                      gmem5|       pointer|
|m_axi_gmem5_0_ARLOCK       |  out|    2|       m_axi|                      gmem5|       pointer|
|m_axi_gmem5_0_ARCACHE      |  out|    4|       m_axi|                      gmem5|       pointer|
|m_axi_gmem5_0_ARPROT       |  out|    3|       m_axi|                      gmem5|       pointer|
|m_axi_gmem5_0_ARQOS        |  out|    4|       m_axi|                      gmem5|       pointer|
|m_axi_gmem5_0_ARREGION     |  out|    4|       m_axi|                      gmem5|       pointer|
|m_axi_gmem5_0_ARUSER       |  out|    1|       m_axi|                      gmem5|       pointer|
|m_axi_gmem5_0_RVALID       |   in|    1|       m_axi|                      gmem5|       pointer|
|m_axi_gmem5_0_RREADY       |  out|    1|       m_axi|                      gmem5|       pointer|
|m_axi_gmem5_0_RDATA        |   in|    8|       m_axi|                      gmem5|       pointer|
|m_axi_gmem5_0_RLAST        |   in|    1|       m_axi|                      gmem5|       pointer|
|m_axi_gmem5_0_RID          |   in|    1|       m_axi|                      gmem5|       pointer|
|m_axi_gmem5_0_RFIFONUM     |   in|   11|       m_axi|                      gmem5|       pointer|
|m_axi_gmem5_0_RUSER        |   in|    1|       m_axi|                      gmem5|       pointer|
|m_axi_gmem5_0_RRESP        |   in|    2|       m_axi|                      gmem5|       pointer|
|m_axi_gmem5_0_BVALID       |   in|    1|       m_axi|                      gmem5|       pointer|
|m_axi_gmem5_0_BREADY       |  out|    1|       m_axi|                      gmem5|       pointer|
|m_axi_gmem5_0_BRESP        |   in|    2|       m_axi|                      gmem5|       pointer|
|m_axi_gmem5_0_BID          |   in|    1|       m_axi|                      gmem5|       pointer|
|m_axi_gmem5_0_BUSER        |   in|    1|       m_axi|                      gmem5|       pointer|
|state_residual_in          |   in|   64|     ap_none|          state_residual_in|        scalar|
|state_residual_scales_in   |   in|   64|     ap_none|   state_residual_scales_in|        scalar|
|m_axi_gmem6_0_AWVALID      |  out|    1|       m_axi|                      gmem6|       pointer|
|m_axi_gmem6_0_AWREADY      |   in|    1|       m_axi|                      gmem6|       pointer|
|m_axi_gmem6_0_AWADDR       |  out|   64|       m_axi|                      gmem6|       pointer|
|m_axi_gmem6_0_AWID         |  out|    1|       m_axi|                      gmem6|       pointer|
|m_axi_gmem6_0_AWLEN        |  out|   32|       m_axi|                      gmem6|       pointer|
|m_axi_gmem6_0_AWSIZE       |  out|    3|       m_axi|                      gmem6|       pointer|
|m_axi_gmem6_0_AWBURST      |  out|    2|       m_axi|                      gmem6|       pointer|
|m_axi_gmem6_0_AWLOCK       |  out|    2|       m_axi|                      gmem6|       pointer|
|m_axi_gmem6_0_AWCACHE      |  out|    4|       m_axi|                      gmem6|       pointer|
|m_axi_gmem6_0_AWPROT       |  out|    3|       m_axi|                      gmem6|       pointer|
|m_axi_gmem6_0_AWQOS        |  out|    4|       m_axi|                      gmem6|       pointer|
|m_axi_gmem6_0_AWREGION     |  out|    4|       m_axi|                      gmem6|       pointer|
|m_axi_gmem6_0_AWUSER       |  out|    1|       m_axi|                      gmem6|       pointer|
|m_axi_gmem6_0_WVALID       |  out|    1|       m_axi|                      gmem6|       pointer|
|m_axi_gmem6_0_WREADY       |   in|    1|       m_axi|                      gmem6|       pointer|
|m_axi_gmem6_0_WDATA        |  out|    8|       m_axi|                      gmem6|       pointer|
|m_axi_gmem6_0_WSTRB        |  out|    1|       m_axi|                      gmem6|       pointer|
|m_axi_gmem6_0_WLAST        |  out|    1|       m_axi|                      gmem6|       pointer|
|m_axi_gmem6_0_WID          |  out|    1|       m_axi|                      gmem6|       pointer|
|m_axi_gmem6_0_WUSER        |  out|    1|       m_axi|                      gmem6|       pointer|
|m_axi_gmem6_0_ARVALID      |  out|    1|       m_axi|                      gmem6|       pointer|
|m_axi_gmem6_0_ARREADY      |   in|    1|       m_axi|                      gmem6|       pointer|
|m_axi_gmem6_0_ARADDR       |  out|   64|       m_axi|                      gmem6|       pointer|
|m_axi_gmem6_0_ARID         |  out|    1|       m_axi|                      gmem6|       pointer|
|m_axi_gmem6_0_ARLEN        |  out|   32|       m_axi|                      gmem6|       pointer|
|m_axi_gmem6_0_ARSIZE       |  out|    3|       m_axi|                      gmem6|       pointer|
|m_axi_gmem6_0_ARBURST      |  out|    2|       m_axi|                      gmem6|       pointer|
|m_axi_gmem6_0_ARLOCK       |  out|    2|       m_axi|                      gmem6|       pointer|
|m_axi_gmem6_0_ARCACHE      |  out|    4|       m_axi|                      gmem6|       pointer|
|m_axi_gmem6_0_ARPROT       |  out|    3|       m_axi|                      gmem6|       pointer|
|m_axi_gmem6_0_ARQOS        |  out|    4|       m_axi|                      gmem6|       pointer|
|m_axi_gmem6_0_ARREGION     |  out|    4|       m_axi|                      gmem6|       pointer|
|m_axi_gmem6_0_ARUSER       |  out|    1|       m_axi|                      gmem6|       pointer|
|m_axi_gmem6_0_RVALID       |   in|    1|       m_axi|                      gmem6|       pointer|
|m_axi_gmem6_0_RREADY       |  out|    1|       m_axi|                      gmem6|       pointer|
|m_axi_gmem6_0_RDATA        |   in|    8|       m_axi|                      gmem6|       pointer|
|m_axi_gmem6_0_RLAST        |   in|    1|       m_axi|                      gmem6|       pointer|
|m_axi_gmem6_0_RID          |   in|    1|       m_axi|                      gmem6|       pointer|
|m_axi_gmem6_0_RFIFONUM     |   in|   11|       m_axi|                      gmem6|       pointer|
|m_axi_gmem6_0_RUSER        |   in|    1|       m_axi|                      gmem6|       pointer|
|m_axi_gmem6_0_RRESP        |   in|    2|       m_axi|                      gmem6|       pointer|
|m_axi_gmem6_0_BVALID       |   in|    1|       m_axi|                      gmem6|       pointer|
|m_axi_gmem6_0_BREADY       |  out|    1|       m_axi|                      gmem6|       pointer|
|m_axi_gmem6_0_BRESP        |   in|    2|       m_axi|                      gmem6|       pointer|
|m_axi_gmem6_0_BID          |   in|    1|       m_axi|                      gmem6|       pointer|
|m_axi_gmem6_0_BUSER        |   in|    1|       m_axi|                      gmem6|       pointer|
|log_keys_in                |   in|   64|     ap_none|                log_keys_in|        scalar|
|log_key_scales_in          |   in|   64|     ap_none|          log_key_scales_in|        scalar|
|m_axi_gmem7_0_AWVALID      |  out|    1|       m_axi|                      gmem7|       pointer|
|m_axi_gmem7_0_AWREADY      |   in|    1|       m_axi|                      gmem7|       pointer|
|m_axi_gmem7_0_AWADDR       |  out|   64|       m_axi|                      gmem7|       pointer|
|m_axi_gmem7_0_AWID         |  out|    1|       m_axi|                      gmem7|       pointer|
|m_axi_gmem7_0_AWLEN        |  out|   32|       m_axi|                      gmem7|       pointer|
|m_axi_gmem7_0_AWSIZE       |  out|    3|       m_axi|                      gmem7|       pointer|
|m_axi_gmem7_0_AWBURST      |  out|    2|       m_axi|                      gmem7|       pointer|
|m_axi_gmem7_0_AWLOCK       |  out|    2|       m_axi|                      gmem7|       pointer|
|m_axi_gmem7_0_AWCACHE      |  out|    4|       m_axi|                      gmem7|       pointer|
|m_axi_gmem7_0_AWPROT       |  out|    3|       m_axi|                      gmem7|       pointer|
|m_axi_gmem7_0_AWQOS        |  out|    4|       m_axi|                      gmem7|       pointer|
|m_axi_gmem7_0_AWREGION     |  out|    4|       m_axi|                      gmem7|       pointer|
|m_axi_gmem7_0_AWUSER       |  out|    1|       m_axi|                      gmem7|       pointer|
|m_axi_gmem7_0_WVALID       |  out|    1|       m_axi|                      gmem7|       pointer|
|m_axi_gmem7_0_WREADY       |   in|    1|       m_axi|                      gmem7|       pointer|
|m_axi_gmem7_0_WDATA        |  out|    8|       m_axi|                      gmem7|       pointer|
|m_axi_gmem7_0_WSTRB        |  out|    1|       m_axi|                      gmem7|       pointer|
|m_axi_gmem7_0_WLAST        |  out|    1|       m_axi|                      gmem7|       pointer|
|m_axi_gmem7_0_WID          |  out|    1|       m_axi|                      gmem7|       pointer|
|m_axi_gmem7_0_WUSER        |  out|    1|       m_axi|                      gmem7|       pointer|
|m_axi_gmem7_0_ARVALID      |  out|    1|       m_axi|                      gmem7|       pointer|
|m_axi_gmem7_0_ARREADY      |   in|    1|       m_axi|                      gmem7|       pointer|
|m_axi_gmem7_0_ARADDR       |  out|   64|       m_axi|                      gmem7|       pointer|
|m_axi_gmem7_0_ARID         |  out|    1|       m_axi|                      gmem7|       pointer|
|m_axi_gmem7_0_ARLEN        |  out|   32|       m_axi|                      gmem7|       pointer|
|m_axi_gmem7_0_ARSIZE       |  out|    3|       m_axi|                      gmem7|       pointer|
|m_axi_gmem7_0_ARBURST      |  out|    2|       m_axi|                      gmem7|       pointer|
|m_axi_gmem7_0_ARLOCK       |  out|    2|       m_axi|                      gmem7|       pointer|
|m_axi_gmem7_0_ARCACHE      |  out|    4|       m_axi|                      gmem7|       pointer|
|m_axi_gmem7_0_ARPROT       |  out|    3|       m_axi|                      gmem7|       pointer|
|m_axi_gmem7_0_ARQOS        |  out|    4|       m_axi|                      gmem7|       pointer|
|m_axi_gmem7_0_ARREGION     |  out|    4|       m_axi|                      gmem7|       pointer|
|m_axi_gmem7_0_ARUSER       |  out|    1|       m_axi|                      gmem7|       pointer|
|m_axi_gmem7_0_RVALID       |   in|    1|       m_axi|                      gmem7|       pointer|
|m_axi_gmem7_0_RREADY       |  out|    1|       m_axi|                      gmem7|       pointer|
|m_axi_gmem7_0_RDATA        |   in|    8|       m_axi|                      gmem7|       pointer|
|m_axi_gmem7_0_RLAST        |   in|    1|       m_axi|                      gmem7|       pointer|
|m_axi_gmem7_0_RID          |   in|    1|       m_axi|                      gmem7|       pointer|
|m_axi_gmem7_0_RFIFONUM     |   in|   11|       m_axi|                      gmem7|       pointer|
|m_axi_gmem7_0_RUSER        |   in|    1|       m_axi|                      gmem7|       pointer|
|m_axi_gmem7_0_RRESP        |   in|    2|       m_axi|                      gmem7|       pointer|
|m_axi_gmem7_0_BVALID       |   in|    1|       m_axi|                      gmem7|       pointer|
|m_axi_gmem7_0_BREADY       |  out|    1|       m_axi|                      gmem7|       pointer|
|m_axi_gmem7_0_BRESP        |   in|    2|       m_axi|                      gmem7|       pointer|
|m_axi_gmem7_0_BID          |   in|    1|       m_axi|                      gmem7|       pointer|
|m_axi_gmem7_0_BUSER        |   in|    1|       m_axi|                      gmem7|       pointer|
|log_updates_in             |   in|   64|     ap_none|             log_updates_in|        scalar|
|log_update_scales_in       |   in|   64|     ap_none|       log_update_scales_in|        scalar|
|m_axi_gmem8_0_AWVALID      |  out|    1|       m_axi|                      gmem8|       pointer|
|m_axi_gmem8_0_AWREADY      |   in|    1|       m_axi|                      gmem8|       pointer|
|m_axi_gmem8_0_AWADDR       |  out|   64|       m_axi|                      gmem8|       pointer|
|m_axi_gmem8_0_AWID         |  out|    1|       m_axi|                      gmem8|       pointer|
|m_axi_gmem8_0_AWLEN        |  out|   32|       m_axi|                      gmem8|       pointer|
|m_axi_gmem8_0_AWSIZE       |  out|    3|       m_axi|                      gmem8|       pointer|
|m_axi_gmem8_0_AWBURST      |  out|    2|       m_axi|                      gmem8|       pointer|
|m_axi_gmem8_0_AWLOCK       |  out|    2|       m_axi|                      gmem8|       pointer|
|m_axi_gmem8_0_AWCACHE      |  out|    4|       m_axi|                      gmem8|       pointer|
|m_axi_gmem8_0_AWPROT       |  out|    3|       m_axi|                      gmem8|       pointer|
|m_axi_gmem8_0_AWQOS        |  out|    4|       m_axi|                      gmem8|       pointer|
|m_axi_gmem8_0_AWREGION     |  out|    4|       m_axi|                      gmem8|       pointer|
|m_axi_gmem8_0_AWUSER       |  out|    1|       m_axi|                      gmem8|       pointer|
|m_axi_gmem8_0_WVALID       |  out|    1|       m_axi|                      gmem8|       pointer|
|m_axi_gmem8_0_WREADY       |   in|    1|       m_axi|                      gmem8|       pointer|
|m_axi_gmem8_0_WDATA        |  out|   16|       m_axi|                      gmem8|       pointer|
|m_axi_gmem8_0_WSTRB        |  out|    2|       m_axi|                      gmem8|       pointer|
|m_axi_gmem8_0_WLAST        |  out|    1|       m_axi|                      gmem8|       pointer|
|m_axi_gmem8_0_WID          |  out|    1|       m_axi|                      gmem8|       pointer|
|m_axi_gmem8_0_WUSER        |  out|    1|       m_axi|                      gmem8|       pointer|
|m_axi_gmem8_0_ARVALID      |  out|    1|       m_axi|                      gmem8|       pointer|
|m_axi_gmem8_0_ARREADY      |   in|    1|       m_axi|                      gmem8|       pointer|
|m_axi_gmem8_0_ARADDR       |  out|   64|       m_axi|                      gmem8|       pointer|
|m_axi_gmem8_0_ARID         |  out|    1|       m_axi|                      gmem8|       pointer|
|m_axi_gmem8_0_ARLEN        |  out|   32|       m_axi|                      gmem8|       pointer|
|m_axi_gmem8_0_ARSIZE       |  out|    3|       m_axi|                      gmem8|       pointer|
|m_axi_gmem8_0_ARBURST      |  out|    2|       m_axi|                      gmem8|       pointer|
|m_axi_gmem8_0_ARLOCK       |  out|    2|       m_axi|                      gmem8|       pointer|
|m_axi_gmem8_0_ARCACHE      |  out|    4|       m_axi|                      gmem8|       pointer|
|m_axi_gmem8_0_ARPROT       |  out|    3|       m_axi|                      gmem8|       pointer|
|m_axi_gmem8_0_ARQOS        |  out|    4|       m_axi|                      gmem8|       pointer|
|m_axi_gmem8_0_ARREGION     |  out|    4|       m_axi|                      gmem8|       pointer|
|m_axi_gmem8_0_ARUSER       |  out|    1|       m_axi|                      gmem8|       pointer|
|m_axi_gmem8_0_RVALID       |   in|    1|       m_axi|                      gmem8|       pointer|
|m_axi_gmem8_0_RREADY       |  out|    1|       m_axi|                      gmem8|       pointer|
|m_axi_gmem8_0_RDATA        |   in|   16|       m_axi|                      gmem8|       pointer|
|m_axi_gmem8_0_RLAST        |   in|    1|       m_axi|                      gmem8|       pointer|
|m_axi_gmem8_0_RID          |   in|    1|       m_axi|                      gmem8|       pointer|
|m_axi_gmem8_0_RFIFONUM     |   in|   10|       m_axi|                      gmem8|       pointer|
|m_axi_gmem8_0_RUSER        |   in|    1|       m_axi|                      gmem8|       pointer|
|m_axi_gmem8_0_RRESP        |   in|    2|       m_axi|                      gmem8|       pointer|
|m_axi_gmem8_0_BVALID       |   in|    1|       m_axi|                      gmem8|       pointer|
|m_axi_gmem8_0_BREADY       |  out|    1|       m_axi|                      gmem8|       pointer|
|m_axi_gmem8_0_BRESP        |   in|    2|       m_axi|                      gmem8|       pointer|
|m_axi_gmem8_0_BID          |   in|    1|       m_axi|                      gmem8|       pointer|
|m_axi_gmem8_0_BUSER        |   in|    1|       m_axi|                      gmem8|       pointer|
|gamma_in                   |   in|   64|     ap_none|                   gamma_in|        scalar|
|lambda_in                  |   in|   64|     ap_none|                  lambda_in|        scalar|
|live_entries_in            |   in|    4|     ap_none|            live_entries_in|        scalar|
|m_axi_gmem9_0_AWVALID      |  out|    1|       m_axi|                      gmem9|       pointer|
|m_axi_gmem9_0_AWREADY      |   in|    1|       m_axi|                      gmem9|       pointer|
|m_axi_gmem9_0_AWADDR       |  out|   64|       m_axi|                      gmem9|       pointer|
|m_axi_gmem9_0_AWID         |  out|    1|       m_axi|                      gmem9|       pointer|
|m_axi_gmem9_0_AWLEN        |  out|   32|       m_axi|                      gmem9|       pointer|
|m_axi_gmem9_0_AWSIZE       |  out|    3|       m_axi|                      gmem9|       pointer|
|m_axi_gmem9_0_AWBURST      |  out|    2|       m_axi|                      gmem9|       pointer|
|m_axi_gmem9_0_AWLOCK       |  out|    2|       m_axi|                      gmem9|       pointer|
|m_axi_gmem9_0_AWCACHE      |  out|    4|       m_axi|                      gmem9|       pointer|
|m_axi_gmem9_0_AWPROT       |  out|    3|       m_axi|                      gmem9|       pointer|
|m_axi_gmem9_0_AWQOS        |  out|    4|       m_axi|                      gmem9|       pointer|
|m_axi_gmem9_0_AWREGION     |  out|    4|       m_axi|                      gmem9|       pointer|
|m_axi_gmem9_0_AWUSER       |  out|    1|       m_axi|                      gmem9|       pointer|
|m_axi_gmem9_0_WVALID       |  out|    1|       m_axi|                      gmem9|       pointer|
|m_axi_gmem9_0_WREADY       |   in|    1|       m_axi|                      gmem9|       pointer|
|m_axi_gmem9_0_WDATA        |  out|   32|       m_axi|                      gmem9|       pointer|
|m_axi_gmem9_0_WSTRB        |  out|    4|       m_axi|                      gmem9|       pointer|
|m_axi_gmem9_0_WLAST        |  out|    1|       m_axi|                      gmem9|       pointer|
|m_axi_gmem9_0_WID          |  out|    1|       m_axi|                      gmem9|       pointer|
|m_axi_gmem9_0_WUSER        |  out|    1|       m_axi|                      gmem9|       pointer|
|m_axi_gmem9_0_ARVALID      |  out|    1|       m_axi|                      gmem9|       pointer|
|m_axi_gmem9_0_ARREADY      |   in|    1|       m_axi|                      gmem9|       pointer|
|m_axi_gmem9_0_ARADDR       |  out|   64|       m_axi|                      gmem9|       pointer|
|m_axi_gmem9_0_ARID         |  out|    1|       m_axi|                      gmem9|       pointer|
|m_axi_gmem9_0_ARLEN        |  out|   32|       m_axi|                      gmem9|       pointer|
|m_axi_gmem9_0_ARSIZE       |  out|    3|       m_axi|                      gmem9|       pointer|
|m_axi_gmem9_0_ARBURST      |  out|    2|       m_axi|                      gmem9|       pointer|
|m_axi_gmem9_0_ARLOCK       |  out|    2|       m_axi|                      gmem9|       pointer|
|m_axi_gmem9_0_ARCACHE      |  out|    4|       m_axi|                      gmem9|       pointer|
|m_axi_gmem9_0_ARPROT       |  out|    3|       m_axi|                      gmem9|       pointer|
|m_axi_gmem9_0_ARQOS        |  out|    4|       m_axi|                      gmem9|       pointer|
|m_axi_gmem9_0_ARREGION     |  out|    4|       m_axi|                      gmem9|       pointer|
|m_axi_gmem9_0_ARUSER       |  out|    1|       m_axi|                      gmem9|       pointer|
|m_axi_gmem9_0_RVALID       |   in|    1|       m_axi|                      gmem9|       pointer|
|m_axi_gmem9_0_RREADY       |  out|    1|       m_axi|                      gmem9|       pointer|
|m_axi_gmem9_0_RDATA        |   in|   32|       m_axi|                      gmem9|       pointer|
|m_axi_gmem9_0_RLAST        |   in|    1|       m_axi|                      gmem9|       pointer|
|m_axi_gmem9_0_RID          |   in|    1|       m_axi|                      gmem9|       pointer|
|m_axi_gmem9_0_RFIFONUM     |   in|    9|       m_axi|                      gmem9|       pointer|
|m_axi_gmem9_0_RUSER        |   in|    1|       m_axi|                      gmem9|       pointer|
|m_axi_gmem9_0_RRESP        |   in|    2|       m_axi|                      gmem9|       pointer|
|m_axi_gmem9_0_BVALID       |   in|    1|       m_axi|                      gmem9|       pointer|
|m_axi_gmem9_0_BREADY       |  out|    1|       m_axi|                      gmem9|       pointer|
|m_axi_gmem9_0_BRESP        |   in|    2|       m_axi|                      gmem9|       pointer|
|m_axi_gmem9_0_BID          |   in|    1|       m_axi|                      gmem9|       pointer|
|m_axi_gmem9_0_BUSER        |   in|    1|       m_axi|                      gmem9|       pointer|
|output_mantissas           |   in|   64|     ap_none|           output_mantissas|        scalar|
|m_axi_gmem19_0_AWVALID     |  out|    1|       m_axi|                     gmem19|       pointer|
|m_axi_gmem19_0_AWREADY     |   in|    1|       m_axi|                     gmem19|       pointer|
|m_axi_gmem19_0_AWADDR      |  out|   64|       m_axi|                     gmem19|       pointer|
|m_axi_gmem19_0_AWID        |  out|    1|       m_axi|                     gmem19|       pointer|
|m_axi_gmem19_0_AWLEN       |  out|   32|       m_axi|                     gmem19|       pointer|
|m_axi_gmem19_0_AWSIZE      |  out|    3|       m_axi|                     gmem19|       pointer|
|m_axi_gmem19_0_AWBURST     |  out|    2|       m_axi|                     gmem19|       pointer|
|m_axi_gmem19_0_AWLOCK      |  out|    2|       m_axi|                     gmem19|       pointer|
|m_axi_gmem19_0_AWCACHE     |  out|    4|       m_axi|                     gmem19|       pointer|
|m_axi_gmem19_0_AWPROT      |  out|    3|       m_axi|                     gmem19|       pointer|
|m_axi_gmem19_0_AWQOS       |  out|    4|       m_axi|                     gmem19|       pointer|
|m_axi_gmem19_0_AWREGION    |  out|    4|       m_axi|                     gmem19|       pointer|
|m_axi_gmem19_0_AWUSER      |  out|    1|       m_axi|                     gmem19|       pointer|
|m_axi_gmem19_0_WVALID      |  out|    1|       m_axi|                     gmem19|       pointer|
|m_axi_gmem19_0_WREADY      |   in|    1|       m_axi|                     gmem19|       pointer|
|m_axi_gmem19_0_WDATA       |  out|   16|       m_axi|                     gmem19|       pointer|
|m_axi_gmem19_0_WSTRB       |  out|    2|       m_axi|                     gmem19|       pointer|
|m_axi_gmem19_0_WLAST       |  out|    1|       m_axi|                     gmem19|       pointer|
|m_axi_gmem19_0_WID         |  out|    1|       m_axi|                     gmem19|       pointer|
|m_axi_gmem19_0_WUSER       |  out|    1|       m_axi|                     gmem19|       pointer|
|m_axi_gmem19_0_ARVALID     |  out|    1|       m_axi|                     gmem19|       pointer|
|m_axi_gmem19_0_ARREADY     |   in|    1|       m_axi|                     gmem19|       pointer|
|m_axi_gmem19_0_ARADDR      |  out|   64|       m_axi|                     gmem19|       pointer|
|m_axi_gmem19_0_ARID        |  out|    1|       m_axi|                     gmem19|       pointer|
|m_axi_gmem19_0_ARLEN       |  out|   32|       m_axi|                     gmem19|       pointer|
|m_axi_gmem19_0_ARSIZE      |  out|    3|       m_axi|                     gmem19|       pointer|
|m_axi_gmem19_0_ARBURST     |  out|    2|       m_axi|                     gmem19|       pointer|
|m_axi_gmem19_0_ARLOCK      |  out|    2|       m_axi|                     gmem19|       pointer|
|m_axi_gmem19_0_ARCACHE     |  out|    4|       m_axi|                     gmem19|       pointer|
|m_axi_gmem19_0_ARPROT      |  out|    3|       m_axi|                     gmem19|       pointer|
|m_axi_gmem19_0_ARQOS       |  out|    4|       m_axi|                     gmem19|       pointer|
|m_axi_gmem19_0_ARREGION    |  out|    4|       m_axi|                     gmem19|       pointer|
|m_axi_gmem19_0_ARUSER      |  out|    1|       m_axi|                     gmem19|       pointer|
|m_axi_gmem19_0_RVALID      |   in|    1|       m_axi|                     gmem19|       pointer|
|m_axi_gmem19_0_RREADY      |  out|    1|       m_axi|                     gmem19|       pointer|
|m_axi_gmem19_0_RDATA       |   in|   16|       m_axi|                     gmem19|       pointer|
|m_axi_gmem19_0_RLAST       |   in|    1|       m_axi|                     gmem19|       pointer|
|m_axi_gmem19_0_RID         |   in|    1|       m_axi|                     gmem19|       pointer|
|m_axi_gmem19_0_RFIFONUM    |   in|   10|       m_axi|                     gmem19|       pointer|
|m_axi_gmem19_0_RUSER       |   in|    1|       m_axi|                     gmem19|       pointer|
|m_axi_gmem19_0_RRESP       |   in|    2|       m_axi|                     gmem19|       pointer|
|m_axi_gmem19_0_BVALID      |   in|    1|       m_axi|                     gmem19|       pointer|
|m_axi_gmem19_0_BREADY      |  out|    1|       m_axi|                     gmem19|       pointer|
|m_axi_gmem19_0_BRESP       |   in|    2|       m_axi|                     gmem19|       pointer|
|m_axi_gmem19_0_BID         |   in|    1|       m_axi|                     gmem19|       pointer|
|m_axi_gmem19_0_BUSER       |   in|    1|       m_axi|                     gmem19|       pointer|
|output_exponents           |   in|   64|     ap_none|           output_exponents|        scalar|
|m_axi_gmem10_0_AWVALID     |  out|    1|       m_axi|                     gmem10|       pointer|
|m_axi_gmem10_0_AWREADY     |   in|    1|       m_axi|                     gmem10|       pointer|
|m_axi_gmem10_0_AWADDR      |  out|   64|       m_axi|                     gmem10|       pointer|
|m_axi_gmem10_0_AWID        |  out|    1|       m_axi|                     gmem10|       pointer|
|m_axi_gmem10_0_AWLEN       |  out|   32|       m_axi|                     gmem10|       pointer|
|m_axi_gmem10_0_AWSIZE      |  out|    3|       m_axi|                     gmem10|       pointer|
|m_axi_gmem10_0_AWBURST     |  out|    2|       m_axi|                     gmem10|       pointer|
|m_axi_gmem10_0_AWLOCK      |  out|    2|       m_axi|                     gmem10|       pointer|
|m_axi_gmem10_0_AWCACHE     |  out|    4|       m_axi|                     gmem10|       pointer|
|m_axi_gmem10_0_AWPROT      |  out|    3|       m_axi|                     gmem10|       pointer|
|m_axi_gmem10_0_AWQOS       |  out|    4|       m_axi|                     gmem10|       pointer|
|m_axi_gmem10_0_AWREGION    |  out|    4|       m_axi|                     gmem10|       pointer|
|m_axi_gmem10_0_AWUSER      |  out|    1|       m_axi|                     gmem10|       pointer|
|m_axi_gmem10_0_WVALID      |  out|    1|       m_axi|                     gmem10|       pointer|
|m_axi_gmem10_0_WREADY      |   in|    1|       m_axi|                     gmem10|       pointer|
|m_axi_gmem10_0_WDATA       |  out|    8|       m_axi|                     gmem10|       pointer|
|m_axi_gmem10_0_WSTRB       |  out|    1|       m_axi|                     gmem10|       pointer|
|m_axi_gmem10_0_WLAST       |  out|    1|       m_axi|                     gmem10|       pointer|
|m_axi_gmem10_0_WID         |  out|    1|       m_axi|                     gmem10|       pointer|
|m_axi_gmem10_0_WUSER       |  out|    1|       m_axi|                     gmem10|       pointer|
|m_axi_gmem10_0_ARVALID     |  out|    1|       m_axi|                     gmem10|       pointer|
|m_axi_gmem10_0_ARREADY     |   in|    1|       m_axi|                     gmem10|       pointer|
|m_axi_gmem10_0_ARADDR      |  out|   64|       m_axi|                     gmem10|       pointer|
|m_axi_gmem10_0_ARID        |  out|    1|       m_axi|                     gmem10|       pointer|
|m_axi_gmem10_0_ARLEN       |  out|   32|       m_axi|                     gmem10|       pointer|
|m_axi_gmem10_0_ARSIZE      |  out|    3|       m_axi|                     gmem10|       pointer|
|m_axi_gmem10_0_ARBURST     |  out|    2|       m_axi|                     gmem10|       pointer|
|m_axi_gmem10_0_ARLOCK      |  out|    2|       m_axi|                     gmem10|       pointer|
|m_axi_gmem10_0_ARCACHE     |  out|    4|       m_axi|                     gmem10|       pointer|
|m_axi_gmem10_0_ARPROT      |  out|    3|       m_axi|                     gmem10|       pointer|
|m_axi_gmem10_0_ARQOS       |  out|    4|       m_axi|                     gmem10|       pointer|
|m_axi_gmem10_0_ARREGION    |  out|    4|       m_axi|                     gmem10|       pointer|
|m_axi_gmem10_0_ARUSER      |  out|    1|       m_axi|                     gmem10|       pointer|
|m_axi_gmem10_0_RVALID      |   in|    1|       m_axi|                     gmem10|       pointer|
|m_axi_gmem10_0_RREADY      |  out|    1|       m_axi|                     gmem10|       pointer|
|m_axi_gmem10_0_RDATA       |   in|    8|       m_axi|                     gmem10|       pointer|
|m_axi_gmem10_0_RLAST       |   in|    1|       m_axi|                     gmem10|       pointer|
|m_axi_gmem10_0_RID         |   in|    1|       m_axi|                     gmem10|       pointer|
|m_axi_gmem10_0_RFIFONUM    |   in|   11|       m_axi|                     gmem10|       pointer|
|m_axi_gmem10_0_RUSER       |   in|    1|       m_axi|                     gmem10|       pointer|
|m_axi_gmem10_0_RRESP       |   in|    2|       m_axi|                     gmem10|       pointer|
|m_axi_gmem10_0_BVALID      |   in|    1|       m_axi|                     gmem10|       pointer|
|m_axi_gmem10_0_BREADY      |  out|    1|       m_axi|                     gmem10|       pointer|
|m_axi_gmem10_0_BRESP       |   in|    2|       m_axi|                     gmem10|       pointer|
|m_axi_gmem10_0_BID         |   in|    1|       m_axi|                     gmem10|       pointer|
|m_axi_gmem10_0_BUSER       |   in|    1|       m_axi|                     gmem10|       pointer|
|state_primary_out          |   in|   64|     ap_none|          state_primary_out|        scalar|
|state_primary_scales_out   |   in|   64|     ap_none|   state_primary_scales_out|        scalar|
|m_axi_gmem11_0_AWVALID     |  out|    1|       m_axi|                     gmem11|       pointer|
|m_axi_gmem11_0_AWREADY     |   in|    1|       m_axi|                     gmem11|       pointer|
|m_axi_gmem11_0_AWADDR      |  out|   64|       m_axi|                     gmem11|       pointer|
|m_axi_gmem11_0_AWID        |  out|    1|       m_axi|                     gmem11|       pointer|
|m_axi_gmem11_0_AWLEN       |  out|   32|       m_axi|                     gmem11|       pointer|
|m_axi_gmem11_0_AWSIZE      |  out|    3|       m_axi|                     gmem11|       pointer|
|m_axi_gmem11_0_AWBURST     |  out|    2|       m_axi|                     gmem11|       pointer|
|m_axi_gmem11_0_AWLOCK      |  out|    2|       m_axi|                     gmem11|       pointer|
|m_axi_gmem11_0_AWCACHE     |  out|    4|       m_axi|                     gmem11|       pointer|
|m_axi_gmem11_0_AWPROT      |  out|    3|       m_axi|                     gmem11|       pointer|
|m_axi_gmem11_0_AWQOS       |  out|    4|       m_axi|                     gmem11|       pointer|
|m_axi_gmem11_0_AWREGION    |  out|    4|       m_axi|                     gmem11|       pointer|
|m_axi_gmem11_0_AWUSER      |  out|    1|       m_axi|                     gmem11|       pointer|
|m_axi_gmem11_0_WVALID      |  out|    1|       m_axi|                     gmem11|       pointer|
|m_axi_gmem11_0_WREADY      |   in|    1|       m_axi|                     gmem11|       pointer|
|m_axi_gmem11_0_WDATA       |  out|    8|       m_axi|                     gmem11|       pointer|
|m_axi_gmem11_0_WSTRB       |  out|    1|       m_axi|                     gmem11|       pointer|
|m_axi_gmem11_0_WLAST       |  out|    1|       m_axi|                     gmem11|       pointer|
|m_axi_gmem11_0_WID         |  out|    1|       m_axi|                     gmem11|       pointer|
|m_axi_gmem11_0_WUSER       |  out|    1|       m_axi|                     gmem11|       pointer|
|m_axi_gmem11_0_ARVALID     |  out|    1|       m_axi|                     gmem11|       pointer|
|m_axi_gmem11_0_ARREADY     |   in|    1|       m_axi|                     gmem11|       pointer|
|m_axi_gmem11_0_ARADDR      |  out|   64|       m_axi|                     gmem11|       pointer|
|m_axi_gmem11_0_ARID        |  out|    1|       m_axi|                     gmem11|       pointer|
|m_axi_gmem11_0_ARLEN       |  out|   32|       m_axi|                     gmem11|       pointer|
|m_axi_gmem11_0_ARSIZE      |  out|    3|       m_axi|                     gmem11|       pointer|
|m_axi_gmem11_0_ARBURST     |  out|    2|       m_axi|                     gmem11|       pointer|
|m_axi_gmem11_0_ARLOCK      |  out|    2|       m_axi|                     gmem11|       pointer|
|m_axi_gmem11_0_ARCACHE     |  out|    4|       m_axi|                     gmem11|       pointer|
|m_axi_gmem11_0_ARPROT      |  out|    3|       m_axi|                     gmem11|       pointer|
|m_axi_gmem11_0_ARQOS       |  out|    4|       m_axi|                     gmem11|       pointer|
|m_axi_gmem11_0_ARREGION    |  out|    4|       m_axi|                     gmem11|       pointer|
|m_axi_gmem11_0_ARUSER      |  out|    1|       m_axi|                     gmem11|       pointer|
|m_axi_gmem11_0_RVALID      |   in|    1|       m_axi|                     gmem11|       pointer|
|m_axi_gmem11_0_RREADY      |  out|    1|       m_axi|                     gmem11|       pointer|
|m_axi_gmem11_0_RDATA       |   in|    8|       m_axi|                     gmem11|       pointer|
|m_axi_gmem11_0_RLAST       |   in|    1|       m_axi|                     gmem11|       pointer|
|m_axi_gmem11_0_RID         |   in|    1|       m_axi|                     gmem11|       pointer|
|m_axi_gmem11_0_RFIFONUM    |   in|   11|       m_axi|                     gmem11|       pointer|
|m_axi_gmem11_0_RUSER       |   in|    1|       m_axi|                     gmem11|       pointer|
|m_axi_gmem11_0_RRESP       |   in|    2|       m_axi|                     gmem11|       pointer|
|m_axi_gmem11_0_BVALID      |   in|    1|       m_axi|                     gmem11|       pointer|
|m_axi_gmem11_0_BREADY      |  out|    1|       m_axi|                     gmem11|       pointer|
|m_axi_gmem11_0_BRESP       |   in|    2|       m_axi|                     gmem11|       pointer|
|m_axi_gmem11_0_BID         |   in|    1|       m_axi|                     gmem11|       pointer|
|m_axi_gmem11_0_BUSER       |   in|    1|       m_axi|                     gmem11|       pointer|
|state_residual_out         |   in|   64|     ap_none|         state_residual_out|        scalar|
|state_residual_scales_out  |   in|   64|     ap_none|  state_residual_scales_out|        scalar|
|m_axi_gmem12_0_AWVALID     |  out|    1|       m_axi|                     gmem12|       pointer|
|m_axi_gmem12_0_AWREADY     |   in|    1|       m_axi|                     gmem12|       pointer|
|m_axi_gmem12_0_AWADDR      |  out|   64|       m_axi|                     gmem12|       pointer|
|m_axi_gmem12_0_AWID        |  out|    1|       m_axi|                     gmem12|       pointer|
|m_axi_gmem12_0_AWLEN       |  out|   32|       m_axi|                     gmem12|       pointer|
|m_axi_gmem12_0_AWSIZE      |  out|    3|       m_axi|                     gmem12|       pointer|
|m_axi_gmem12_0_AWBURST     |  out|    2|       m_axi|                     gmem12|       pointer|
|m_axi_gmem12_0_AWLOCK      |  out|    2|       m_axi|                     gmem12|       pointer|
|m_axi_gmem12_0_AWCACHE     |  out|    4|       m_axi|                     gmem12|       pointer|
|m_axi_gmem12_0_AWPROT      |  out|    3|       m_axi|                     gmem12|       pointer|
|m_axi_gmem12_0_AWQOS       |  out|    4|       m_axi|                     gmem12|       pointer|
|m_axi_gmem12_0_AWREGION    |  out|    4|       m_axi|                     gmem12|       pointer|
|m_axi_gmem12_0_AWUSER      |  out|    1|       m_axi|                     gmem12|       pointer|
|m_axi_gmem12_0_WVALID      |  out|    1|       m_axi|                     gmem12|       pointer|
|m_axi_gmem12_0_WREADY      |   in|    1|       m_axi|                     gmem12|       pointer|
|m_axi_gmem12_0_WDATA       |  out|    8|       m_axi|                     gmem12|       pointer|
|m_axi_gmem12_0_WSTRB       |  out|    1|       m_axi|                     gmem12|       pointer|
|m_axi_gmem12_0_WLAST       |  out|    1|       m_axi|                     gmem12|       pointer|
|m_axi_gmem12_0_WID         |  out|    1|       m_axi|                     gmem12|       pointer|
|m_axi_gmem12_0_WUSER       |  out|    1|       m_axi|                     gmem12|       pointer|
|m_axi_gmem12_0_ARVALID     |  out|    1|       m_axi|                     gmem12|       pointer|
|m_axi_gmem12_0_ARREADY     |   in|    1|       m_axi|                     gmem12|       pointer|
|m_axi_gmem12_0_ARADDR      |  out|   64|       m_axi|                     gmem12|       pointer|
|m_axi_gmem12_0_ARID        |  out|    1|       m_axi|                     gmem12|       pointer|
|m_axi_gmem12_0_ARLEN       |  out|   32|       m_axi|                     gmem12|       pointer|
|m_axi_gmem12_0_ARSIZE      |  out|    3|       m_axi|                     gmem12|       pointer|
|m_axi_gmem12_0_ARBURST     |  out|    2|       m_axi|                     gmem12|       pointer|
|m_axi_gmem12_0_ARLOCK      |  out|    2|       m_axi|                     gmem12|       pointer|
|m_axi_gmem12_0_ARCACHE     |  out|    4|       m_axi|                     gmem12|       pointer|
|m_axi_gmem12_0_ARPROT      |  out|    3|       m_axi|                     gmem12|       pointer|
|m_axi_gmem12_0_ARQOS       |  out|    4|       m_axi|                     gmem12|       pointer|
|m_axi_gmem12_0_ARREGION    |  out|    4|       m_axi|                     gmem12|       pointer|
|m_axi_gmem12_0_ARUSER      |  out|    1|       m_axi|                     gmem12|       pointer|
|m_axi_gmem12_0_RVALID      |   in|    1|       m_axi|                     gmem12|       pointer|
|m_axi_gmem12_0_RREADY      |  out|    1|       m_axi|                     gmem12|       pointer|
|m_axi_gmem12_0_RDATA       |   in|    8|       m_axi|                     gmem12|       pointer|
|m_axi_gmem12_0_RLAST       |   in|    1|       m_axi|                     gmem12|       pointer|
|m_axi_gmem12_0_RID         |   in|    1|       m_axi|                     gmem12|       pointer|
|m_axi_gmem12_0_RFIFONUM    |   in|   11|       m_axi|                     gmem12|       pointer|
|m_axi_gmem12_0_RUSER       |   in|    1|       m_axi|                     gmem12|       pointer|
|m_axi_gmem12_0_RRESP       |   in|    2|       m_axi|                     gmem12|       pointer|
|m_axi_gmem12_0_BVALID      |   in|    1|       m_axi|                     gmem12|       pointer|
|m_axi_gmem12_0_BREADY      |  out|    1|       m_axi|                     gmem12|       pointer|
|m_axi_gmem12_0_BRESP       |   in|    2|       m_axi|                     gmem12|       pointer|
|m_axi_gmem12_0_BID         |   in|    1|       m_axi|                     gmem12|       pointer|
|m_axi_gmem12_0_BUSER       |   in|    1|       m_axi|                     gmem12|       pointer|
|log_keys_out               |   in|   64|     ap_none|               log_keys_out|        scalar|
|log_key_scales_out         |   in|   64|     ap_none|         log_key_scales_out|        scalar|
|m_axi_gmem13_0_AWVALID     |  out|    1|       m_axi|                     gmem13|       pointer|
|m_axi_gmem13_0_AWREADY     |   in|    1|       m_axi|                     gmem13|       pointer|
|m_axi_gmem13_0_AWADDR      |  out|   64|       m_axi|                     gmem13|       pointer|
|m_axi_gmem13_0_AWID        |  out|    1|       m_axi|                     gmem13|       pointer|
|m_axi_gmem13_0_AWLEN       |  out|   32|       m_axi|                     gmem13|       pointer|
|m_axi_gmem13_0_AWSIZE      |  out|    3|       m_axi|                     gmem13|       pointer|
|m_axi_gmem13_0_AWBURST     |  out|    2|       m_axi|                     gmem13|       pointer|
|m_axi_gmem13_0_AWLOCK      |  out|    2|       m_axi|                     gmem13|       pointer|
|m_axi_gmem13_0_AWCACHE     |  out|    4|       m_axi|                     gmem13|       pointer|
|m_axi_gmem13_0_AWPROT      |  out|    3|       m_axi|                     gmem13|       pointer|
|m_axi_gmem13_0_AWQOS       |  out|    4|       m_axi|                     gmem13|       pointer|
|m_axi_gmem13_0_AWREGION    |  out|    4|       m_axi|                     gmem13|       pointer|
|m_axi_gmem13_0_AWUSER      |  out|    1|       m_axi|                     gmem13|       pointer|
|m_axi_gmem13_0_WVALID      |  out|    1|       m_axi|                     gmem13|       pointer|
|m_axi_gmem13_0_WREADY      |   in|    1|       m_axi|                     gmem13|       pointer|
|m_axi_gmem13_0_WDATA       |  out|    8|       m_axi|                     gmem13|       pointer|
|m_axi_gmem13_0_WSTRB       |  out|    1|       m_axi|                     gmem13|       pointer|
|m_axi_gmem13_0_WLAST       |  out|    1|       m_axi|                     gmem13|       pointer|
|m_axi_gmem13_0_WID         |  out|    1|       m_axi|                     gmem13|       pointer|
|m_axi_gmem13_0_WUSER       |  out|    1|       m_axi|                     gmem13|       pointer|
|m_axi_gmem13_0_ARVALID     |  out|    1|       m_axi|                     gmem13|       pointer|
|m_axi_gmem13_0_ARREADY     |   in|    1|       m_axi|                     gmem13|       pointer|
|m_axi_gmem13_0_ARADDR      |  out|   64|       m_axi|                     gmem13|       pointer|
|m_axi_gmem13_0_ARID        |  out|    1|       m_axi|                     gmem13|       pointer|
|m_axi_gmem13_0_ARLEN       |  out|   32|       m_axi|                     gmem13|       pointer|
|m_axi_gmem13_0_ARSIZE      |  out|    3|       m_axi|                     gmem13|       pointer|
|m_axi_gmem13_0_ARBURST     |  out|    2|       m_axi|                     gmem13|       pointer|
|m_axi_gmem13_0_ARLOCK      |  out|    2|       m_axi|                     gmem13|       pointer|
|m_axi_gmem13_0_ARCACHE     |  out|    4|       m_axi|                     gmem13|       pointer|
|m_axi_gmem13_0_ARPROT      |  out|    3|       m_axi|                     gmem13|       pointer|
|m_axi_gmem13_0_ARQOS       |  out|    4|       m_axi|                     gmem13|       pointer|
|m_axi_gmem13_0_ARREGION    |  out|    4|       m_axi|                     gmem13|       pointer|
|m_axi_gmem13_0_ARUSER      |  out|    1|       m_axi|                     gmem13|       pointer|
|m_axi_gmem13_0_RVALID      |   in|    1|       m_axi|                     gmem13|       pointer|
|m_axi_gmem13_0_RREADY      |  out|    1|       m_axi|                     gmem13|       pointer|
|m_axi_gmem13_0_RDATA       |   in|    8|       m_axi|                     gmem13|       pointer|
|m_axi_gmem13_0_RLAST       |   in|    1|       m_axi|                     gmem13|       pointer|
|m_axi_gmem13_0_RID         |   in|    1|       m_axi|                     gmem13|       pointer|
|m_axi_gmem13_0_RFIFONUM    |   in|   11|       m_axi|                     gmem13|       pointer|
|m_axi_gmem13_0_RUSER       |   in|    1|       m_axi|                     gmem13|       pointer|
|m_axi_gmem13_0_RRESP       |   in|    2|       m_axi|                     gmem13|       pointer|
|m_axi_gmem13_0_BVALID      |   in|    1|       m_axi|                     gmem13|       pointer|
|m_axi_gmem13_0_BREADY      |  out|    1|       m_axi|                     gmem13|       pointer|
|m_axi_gmem13_0_BRESP       |   in|    2|       m_axi|                     gmem13|       pointer|
|m_axi_gmem13_0_BID         |   in|    1|       m_axi|                     gmem13|       pointer|
|m_axi_gmem13_0_BUSER       |   in|    1|       m_axi|                     gmem13|       pointer|
|log_updates_out            |   in|   64|     ap_none|            log_updates_out|        scalar|
|log_update_scales_out      |   in|   64|     ap_none|      log_update_scales_out|        scalar|
|m_axi_gmem14_0_AWVALID     |  out|    1|       m_axi|                     gmem14|       pointer|
|m_axi_gmem14_0_AWREADY     |   in|    1|       m_axi|                     gmem14|       pointer|
|m_axi_gmem14_0_AWADDR      |  out|   64|       m_axi|                     gmem14|       pointer|
|m_axi_gmem14_0_AWID        |  out|    1|       m_axi|                     gmem14|       pointer|
|m_axi_gmem14_0_AWLEN       |  out|   32|       m_axi|                     gmem14|       pointer|
|m_axi_gmem14_0_AWSIZE      |  out|    3|       m_axi|                     gmem14|       pointer|
|m_axi_gmem14_0_AWBURST     |  out|    2|       m_axi|                     gmem14|       pointer|
|m_axi_gmem14_0_AWLOCK      |  out|    2|       m_axi|                     gmem14|       pointer|
|m_axi_gmem14_0_AWCACHE     |  out|    4|       m_axi|                     gmem14|       pointer|
|m_axi_gmem14_0_AWPROT      |  out|    3|       m_axi|                     gmem14|       pointer|
|m_axi_gmem14_0_AWQOS       |  out|    4|       m_axi|                     gmem14|       pointer|
|m_axi_gmem14_0_AWREGION    |  out|    4|       m_axi|                     gmem14|       pointer|
|m_axi_gmem14_0_AWUSER      |  out|    1|       m_axi|                     gmem14|       pointer|
|m_axi_gmem14_0_WVALID      |  out|    1|       m_axi|                     gmem14|       pointer|
|m_axi_gmem14_0_WREADY      |   in|    1|       m_axi|                     gmem14|       pointer|
|m_axi_gmem14_0_WDATA       |  out|   16|       m_axi|                     gmem14|       pointer|
|m_axi_gmem14_0_WSTRB       |  out|    2|       m_axi|                     gmem14|       pointer|
|m_axi_gmem14_0_WLAST       |  out|    1|       m_axi|                     gmem14|       pointer|
|m_axi_gmem14_0_WID         |  out|    1|       m_axi|                     gmem14|       pointer|
|m_axi_gmem14_0_WUSER       |  out|    1|       m_axi|                     gmem14|       pointer|
|m_axi_gmem14_0_ARVALID     |  out|    1|       m_axi|                     gmem14|       pointer|
|m_axi_gmem14_0_ARREADY     |   in|    1|       m_axi|                     gmem14|       pointer|
|m_axi_gmem14_0_ARADDR      |  out|   64|       m_axi|                     gmem14|       pointer|
|m_axi_gmem14_0_ARID        |  out|    1|       m_axi|                     gmem14|       pointer|
|m_axi_gmem14_0_ARLEN       |  out|   32|       m_axi|                     gmem14|       pointer|
|m_axi_gmem14_0_ARSIZE      |  out|    3|       m_axi|                     gmem14|       pointer|
|m_axi_gmem14_0_ARBURST     |  out|    2|       m_axi|                     gmem14|       pointer|
|m_axi_gmem14_0_ARLOCK      |  out|    2|       m_axi|                     gmem14|       pointer|
|m_axi_gmem14_0_ARCACHE     |  out|    4|       m_axi|                     gmem14|       pointer|
|m_axi_gmem14_0_ARPROT      |  out|    3|       m_axi|                     gmem14|       pointer|
|m_axi_gmem14_0_ARQOS       |  out|    4|       m_axi|                     gmem14|       pointer|
|m_axi_gmem14_0_ARREGION    |  out|    4|       m_axi|                     gmem14|       pointer|
|m_axi_gmem14_0_ARUSER      |  out|    1|       m_axi|                     gmem14|       pointer|
|m_axi_gmem14_0_RVALID      |   in|    1|       m_axi|                     gmem14|       pointer|
|m_axi_gmem14_0_RREADY      |  out|    1|       m_axi|                     gmem14|       pointer|
|m_axi_gmem14_0_RDATA       |   in|   16|       m_axi|                     gmem14|       pointer|
|m_axi_gmem14_0_RLAST       |   in|    1|       m_axi|                     gmem14|       pointer|
|m_axi_gmem14_0_RID         |   in|    1|       m_axi|                     gmem14|       pointer|
|m_axi_gmem14_0_RFIFONUM    |   in|   10|       m_axi|                     gmem14|       pointer|
|m_axi_gmem14_0_RUSER       |   in|    1|       m_axi|                     gmem14|       pointer|
|m_axi_gmem14_0_RRESP       |   in|    2|       m_axi|                     gmem14|       pointer|
|m_axi_gmem14_0_BVALID      |   in|    1|       m_axi|                     gmem14|       pointer|
|m_axi_gmem14_0_BREADY      |  out|    1|       m_axi|                     gmem14|       pointer|
|m_axi_gmem14_0_BRESP       |   in|    2|       m_axi|                     gmem14|       pointer|
|m_axi_gmem14_0_BID         |   in|    1|       m_axi|                     gmem14|       pointer|
|m_axi_gmem14_0_BUSER       |   in|    1|       m_axi|                     gmem14|       pointer|
|gamma_out                  |   in|   64|     ap_none|                  gamma_out|        scalar|
|lambda_out                 |   in|   64|     ap_none|                 lambda_out|        scalar|
|m_axi_gmem15_0_AWVALID     |  out|    1|       m_axi|                     gmem15|       pointer|
|m_axi_gmem15_0_AWREADY     |   in|    1|       m_axi|                     gmem15|       pointer|
|m_axi_gmem15_0_AWADDR      |  out|   64|       m_axi|                     gmem15|       pointer|
|m_axi_gmem15_0_AWID        |  out|    1|       m_axi|                     gmem15|       pointer|
|m_axi_gmem15_0_AWLEN       |  out|   32|       m_axi|                     gmem15|       pointer|
|m_axi_gmem15_0_AWSIZE      |  out|    3|       m_axi|                     gmem15|       pointer|
|m_axi_gmem15_0_AWBURST     |  out|    2|       m_axi|                     gmem15|       pointer|
|m_axi_gmem15_0_AWLOCK      |  out|    2|       m_axi|                     gmem15|       pointer|
|m_axi_gmem15_0_AWCACHE     |  out|    4|       m_axi|                     gmem15|       pointer|
|m_axi_gmem15_0_AWPROT      |  out|    3|       m_axi|                     gmem15|       pointer|
|m_axi_gmem15_0_AWQOS       |  out|    4|       m_axi|                     gmem15|       pointer|
|m_axi_gmem15_0_AWREGION    |  out|    4|       m_axi|                     gmem15|       pointer|
|m_axi_gmem15_0_AWUSER      |  out|    1|       m_axi|                     gmem15|       pointer|
|m_axi_gmem15_0_WVALID      |  out|    1|       m_axi|                     gmem15|       pointer|
|m_axi_gmem15_0_WREADY      |   in|    1|       m_axi|                     gmem15|       pointer|
|m_axi_gmem15_0_WDATA       |  out|   64|       m_axi|                     gmem15|       pointer|
|m_axi_gmem15_0_WSTRB       |  out|    8|       m_axi|                     gmem15|       pointer|
|m_axi_gmem15_0_WLAST       |  out|    1|       m_axi|                     gmem15|       pointer|
|m_axi_gmem15_0_WID         |  out|    1|       m_axi|                     gmem15|       pointer|
|m_axi_gmem15_0_WUSER       |  out|    1|       m_axi|                     gmem15|       pointer|
|m_axi_gmem15_0_ARVALID     |  out|    1|       m_axi|                     gmem15|       pointer|
|m_axi_gmem15_0_ARREADY     |   in|    1|       m_axi|                     gmem15|       pointer|
|m_axi_gmem15_0_ARADDR      |  out|   64|       m_axi|                     gmem15|       pointer|
|m_axi_gmem15_0_ARID        |  out|    1|       m_axi|                     gmem15|       pointer|
|m_axi_gmem15_0_ARLEN       |  out|   32|       m_axi|                     gmem15|       pointer|
|m_axi_gmem15_0_ARSIZE      |  out|    3|       m_axi|                     gmem15|       pointer|
|m_axi_gmem15_0_ARBURST     |  out|    2|       m_axi|                     gmem15|       pointer|
|m_axi_gmem15_0_ARLOCK      |  out|    2|       m_axi|                     gmem15|       pointer|
|m_axi_gmem15_0_ARCACHE     |  out|    4|       m_axi|                     gmem15|       pointer|
|m_axi_gmem15_0_ARPROT      |  out|    3|       m_axi|                     gmem15|       pointer|
|m_axi_gmem15_0_ARQOS       |  out|    4|       m_axi|                     gmem15|       pointer|
|m_axi_gmem15_0_ARREGION    |  out|    4|       m_axi|                     gmem15|       pointer|
|m_axi_gmem15_0_ARUSER      |  out|    1|       m_axi|                     gmem15|       pointer|
|m_axi_gmem15_0_RVALID      |   in|    1|       m_axi|                     gmem15|       pointer|
|m_axi_gmem15_0_RREADY      |  out|    1|       m_axi|                     gmem15|       pointer|
|m_axi_gmem15_0_RDATA       |   in|   64|       m_axi|                     gmem15|       pointer|
|m_axi_gmem15_0_RLAST       |   in|    1|       m_axi|                     gmem15|       pointer|
|m_axi_gmem15_0_RID         |   in|    1|       m_axi|                     gmem15|       pointer|
|m_axi_gmem15_0_RFIFONUM    |   in|    9|       m_axi|                     gmem15|       pointer|
|m_axi_gmem15_0_RUSER       |   in|    1|       m_axi|                     gmem15|       pointer|
|m_axi_gmem15_0_RRESP       |   in|    2|       m_axi|                     gmem15|       pointer|
|m_axi_gmem15_0_BVALID      |   in|    1|       m_axi|                     gmem15|       pointer|
|m_axi_gmem15_0_BREADY      |  out|    1|       m_axi|                     gmem15|       pointer|
|m_axi_gmem15_0_BRESP       |   in|    2|       m_axi|                     gmem15|       pointer|
|m_axi_gmem15_0_BID         |   in|    1|       m_axi|                     gmem15|       pointer|
|m_axi_gmem15_0_BUSER       |   in|    1|       m_axi|                     gmem15|       pointer|
|live_entries_out           |   in|   64|     ap_none|           live_entries_out|        scalar|
|status_out                 |   in|   64|     ap_none|                 status_out|        scalar|
|generation_out             |   in|   64|     ap_none|             generation_out|        scalar|
|command_counters_out       |   in|   64|     ap_none|       command_counters_out|        scalar|
|cumulative_counters_out    |   in|   64|     ap_none|    cumulative_counters_out|        scalar|
+---------------------------+-----+-----+------------+---------------------------+--------------+

