Copyright 1986-2022 Xilinx, Inc. All Rights Reserved. Copyright 2022-2025 Advanced Micro Devices, Inc. All Rights Reserved.
----------------------------------------------------------------------------------------------------------------------------------------------------
| Tool Version      : Vivado v.2025.2 (win64) Build 6299465 Fri Nov 14 19:35:11 GMT 2025
| Date              : Mon Aug 10 17:00:07 2026
| Host              : Tyler running 64-bit major release  (build 9200)
| Command           : report_clock_utilization -file X:/reports/vivado/experiments/rs2_snapshot_write_contiguous_banks_20260810/impl_clock_util.rpt
| Design            : gdn_rs2_top
| Device            : xcu55c-fsvh2892
| Speed File        : -2L  PRODUCTION 1.30 05-01-2022
| Temperature Grade : E
| Design State      : Routed
----------------------------------------------------------------------------------------------------------------------------------------------------

Clock Utilization Report

Table of Contents
-----------------
1. Clock Primitive Utilization
2. Global Clock Resources
3. Global Clock Source Details
4. Clock Regions : Clock Primitives
5. Clock Regions : Load Primitives
6. Clock Regions : Global Clock Summary
7. Clock Regions : Routing Resource Utilization
8. Device Cell Placement Summary for Global Clock g0
9. Clock Region Cell Placement per Global Clock: Region X1Y0
10. Clock Region Cell Placement per Global Clock: Region X2Y0
11. Clock Region Cell Placement per Global Clock: Region X3Y0
12. Clock Region Cell Placement per Global Clock: Region X4Y0
13. Clock Region Cell Placement per Global Clock: Region X5Y0
14. Clock Region Cell Placement per Global Clock: Region X6Y0
15. Clock Region Cell Placement per Global Clock: Region X1Y1
16. Clock Region Cell Placement per Global Clock: Region X2Y1
17. Clock Region Cell Placement per Global Clock: Region X3Y1
18. Clock Region Cell Placement per Global Clock: Region X4Y1
19. Clock Region Cell Placement per Global Clock: Region X5Y1
20. Clock Region Cell Placement per Global Clock: Region X6Y1
21. Clock Region Cell Placement per Global Clock: Region X1Y2
22. Clock Region Cell Placement per Global Clock: Region X2Y2
23. Clock Region Cell Placement per Global Clock: Region X3Y2
24. Clock Region Cell Placement per Global Clock: Region X4Y2
25. Clock Region Cell Placement per Global Clock: Region X5Y2
26. Clock Region Cell Placement per Global Clock: Region X6Y2
27. Clock Region Cell Placement per Global Clock: Region X1Y3
28. Clock Region Cell Placement per Global Clock: Region X2Y3
29. Clock Region Cell Placement per Global Clock: Region X3Y3
30. Clock Region Cell Placement per Global Clock: Region X4Y3
31. Clock Region Cell Placement per Global Clock: Region X5Y3
32. Clock Region Cell Placement per Global Clock: Region X6Y3
33. Clock Region Cell Placement per Global Clock: Region X1Y4
34. Clock Region Cell Placement per Global Clock: Region X2Y4
35. Clock Region Cell Placement per Global Clock: Region X3Y4
36. Clock Region Cell Placement per Global Clock: Region X4Y4
37. Clock Region Cell Placement per Global Clock: Region X5Y4
38. Clock Region Cell Placement per Global Clock: Region X6Y4
39. Clock Region Cell Placement per Global Clock: Region X0Y5
40. Clock Region Cell Placement per Global Clock: Region X1Y5
41. Clock Region Cell Placement per Global Clock: Region X2Y5
42. Clock Region Cell Placement per Global Clock: Region X3Y5
43. Clock Region Cell Placement per Global Clock: Region X4Y5
44. Clock Region Cell Placement per Global Clock: Region X5Y5
45. Clock Region Cell Placement per Global Clock: Region X6Y5
46. Clock Region Cell Placement per Global Clock: Region X0Y6
47. Clock Region Cell Placement per Global Clock: Region X1Y6
48. Clock Region Cell Placement per Global Clock: Region X2Y6
49. Clock Region Cell Placement per Global Clock: Region X3Y6
50. Clock Region Cell Placement per Global Clock: Region X4Y6
51. Clock Region Cell Placement per Global Clock: Region X5Y6
52. Clock Region Cell Placement per Global Clock: Region X6Y6
53. Clock Region Cell Placement per Global Clock: Region X1Y7
54. Clock Region Cell Placement per Global Clock: Region X2Y7
55. Clock Region Cell Placement per Global Clock: Region X3Y7
56. Clock Region Cell Placement per Global Clock: Region X4Y7
57. Clock Region Cell Placement per Global Clock: Region X5Y7
58. Clock Region Cell Placement per Global Clock: Region X6Y7
59. Clock Region Cell Placement per Global Clock: Region X2Y8
60. Clock Region Cell Placement per Global Clock: Region X3Y8
61. Clock Region Cell Placement per Global Clock: Region X4Y8
62. Clock Region Cell Placement per Global Clock: Region X5Y8
63. Clock Region Cell Placement per Global Clock: Region X6Y8
64. Clock Region Cell Placement per Global Clock: Region X7Y8
65. Clock Region Cell Placement per Global Clock: Region X2Y9
66. Clock Region Cell Placement per Global Clock: Region X3Y9
67. Clock Region Cell Placement per Global Clock: Region X4Y9
68. Clock Region Cell Placement per Global Clock: Region X5Y9
69. Clock Region Cell Placement per Global Clock: Region X6Y9
70. Clock Region Cell Placement per Global Clock: Region X7Y9
71. Clock Region Cell Placement per Global Clock: Region X3Y10
72. Clock Region Cell Placement per Global Clock: Region X4Y10
73. Clock Region Cell Placement per Global Clock: Region X5Y10
74. Clock Region Cell Placement per Global Clock: Region X3Y11
75. Clock Region Cell Placement per Global Clock: Region X4Y11

1. Clock Primitive Utilization
------------------------------

+------------+------+-----------+-----+--------------+--------+
| Type       | Used | Available | LOC | Clock Region | Pblock |
+------------+------+-----------+-----+--------------+--------+
| BUFGCE     |    1 |       288 |   0 |            0 |      0 |
| BUFGCE_DIV |    0 |        48 |   0 |            0 |      0 |
| BUFGCTRL   |    0 |        96 |   0 |            0 |      0 |
| BUFG_GT    |    0 |       576 |   0 |            0 |      0 |
| MMCM       |    0 |        12 |   0 |            0 |      0 |
| PLL        |    0 |        24 |   0 |            0 |      0 |
+------------+------+-----------+-----+--------------+--------+


2. Global Clock Resources
-------------------------

+-----------+-----------+-----------------+------------+-------------+--------------+------+-------------------+------------------+-------------------+-------------+-----------------+--------------+--------+-------------------+-------------------+
| Global Id | Source Id | Driver Type/Pin | Constraint | Site        | Clock Region | Root | Clock Delay Group | Clock Low Fanout | Load Clock Region | Clock Loads | Non-Clock Loads | Clock Period | Clock  | Driver Pin        | Net               |
+-----------+-----------+-----------------+------------+-------------+--------------+------+-------------------+------------------+-------------------+-------------+-----------------+--------------+--------+-------------------+-------------------+
| g0        | src0      | BUFGCE/O        | None       | BUFGCE_X0Y0 | X4Y0         | X3Y5 |                   |                  |                63 |       78182 |               0 |        4.000 | ap_clk | ooc_ap_clk_bufg/O | ooc_ap_clk_global |
+-----------+-----------+-----------------+------------+-------------+--------------+------+-------------------+------------------+-------------------+-------------+-----------------+--------------+--------+-------------------+-------------------+
* Clock Loads column represents cell count of net connects that connect to a clock pin. Internal cell leaf pins are not considered
** Non-Clock Loads column represents cell count of non-clock pin loads


3. Global Clock Source Details
------------------------------

+-----------+-----------+-----------------+------------+-------------+--------------+-------------+-----------------+---------------------+--------------+-------------------+--------+
| Source Id | Global Id | Driver Type/Pin | Constraint | Site        | Clock Region | Clock Loads | Non-Clock Loads | Source Clock Period | Source Clock | Driver Pin        | Net    |
+-----------+-----------+-----------------+------------+-------------+--------------+-------------+-----------------+---------------------+--------------+-------------------+--------+
| src0      | g0        | port/ap_clk     | None       | BUFGCE_X0Y0 | X4Y0         |           1 |               0 |                     |              | ooc_ap_clk_bufg/I | ap_clk |
+-----------+-----------+-----------------+------------+-------------+--------------+-------------+-----------------+---------------------+--------------+-------------------+--------+
* Clock Loads column represents cell count of net connects that connect to a clock pin. Internal cell leaf pins are not considered
** Non-Clock Loads column represents cell count of non-clock pin loads


4. Clock Regions : Clock Primitives
-----------------------------------

+-------------------+---------------+---------------+---------------+---------------+---------------+---------------+---------------+
|                   |  Global Clock |     BUFGCE    |   BUFGCE_DIV  |    BUFGCTRL   |    BUFG_GT    |      MMCM     |      PLL      |
+-------------------+-------+-------+-------+-------+-------+-------+-------+-------+-------+-------+-------+-------+-------+-------+
| Clock Region Name | Used  | Avail | Used  | Avail | Used  | Avail | Used  | Avail | Used  | Avail | Used  | Avail | Used  | Avail |
+-------------------+-------+-------+-------+-------+-------+-------+-------+-------+-------+-------+-------+-------+-------+-------+
| X0Y0              |     0 |    24 |     0 |     0 |     0 |     0 |     0 |     0 |     0 |    24 |     0 |     0 |     0 |     0 |
| X1Y0              |     1 |    24 |     0 |     0 |     0 |     0 |     0 |     0 |     0 |     0 |     0 |     0 |     0 |     0 |
| X2Y0              |     1 |    24 |     0 |     0 |     0 |     0 |     0 |     0 |     0 |     0 |     0 |     0 |     0 |     0 |
| X3Y0              |     1 |    24 |     0 |     0 |     0 |     0 |     0 |     0 |     0 |     0 |     0 |     0 |     0 |     0 |
| X4Y0              |     1 |    24 |     1 |    24 |     0 |     4 |     0 |     8 |     0 |     0 |     0 |     1 |     0 |     2 |
| X5Y0              |     1 |    24 |     0 |     0 |     0 |     0 |     0 |     0 |     0 |     0 |     0 |     0 |     0 |     0 |
| X6Y0              |     1 |    24 |     0 |     0 |     0 |     0 |     0 |     0 |     0 |     0 |     0 |     0 |     0 |     0 |
| X7Y0              |     0 |    24 |     0 |     0 |     0 |     0 |     0 |     0 |     0 |    24 |     0 |     0 |     0 |     0 |
| X0Y1              |     0 |    24 |     0 |     0 |     0 |     0 |     0 |     0 |     0 |    24 |     0 |     0 |     0 |     0 |
| X1Y1              |     1 |    24 |     0 |     0 |     0 |     0 |     0 |     0 |     0 |     0 |     0 |     0 |     0 |     0 |
| X2Y1              |     1 |    24 |     0 |     0 |     0 |     0 |     0 |     0 |     0 |     0 |     0 |     0 |     0 |     0 |
| X3Y1              |     1 |    24 |     0 |     0 |     0 |     0 |     0 |     0 |     0 |     0 |     0 |     0 |     0 |     0 |
| X4Y1              |     1 |    24 |     0 |    24 |     0 |     4 |     0 |     8 |     0 |     0 |     0 |     1 |     0 |     2 |
| X5Y1              |     1 |    24 |     0 |     0 |     0 |     0 |     0 |     0 |     0 |     0 |     0 |     0 |     0 |     0 |
| X6Y1              |     1 |    24 |     0 |     0 |     0 |     0 |     0 |     0 |     0 |     0 |     0 |     0 |     0 |     0 |
| X7Y1              |     0 |    24 |     0 |     0 |     0 |     0 |     0 |     0 |     0 |    24 |     0 |     0 |     0 |     0 |
| X0Y2              |     0 |    24 |     0 |     0 |     0 |     0 |     0 |     0 |     0 |    24 |     0 |     0 |     0 |     0 |
| X1Y2              |     1 |    24 |     0 |     0 |     0 |     0 |     0 |     0 |     0 |     0 |     0 |     0 |     0 |     0 |
| X2Y2              |     1 |    24 |     0 |     0 |     0 |     0 |     0 |     0 |     0 |     0 |     0 |     0 |     0 |     0 |
| X3Y2              |     1 |    24 |     0 |     0 |     0 |     0 |     0 |     0 |     0 |     0 |     0 |     0 |     0 |     0 |
| X4Y2              |     1 |    24 |     0 |    24 |     0 |     4 |     0 |     8 |     0 |     0 |     0 |     1 |     0 |     2 |
| X5Y2              |     1 |    24 |     0 |     0 |     0 |     0 |     0 |     0 |     0 |     0 |     0 |     0 |     0 |     0 |
| X6Y2              |     1 |    24 |     0 |     0 |     0 |     0 |     0 |     0 |     0 |     0 |     0 |     0 |     0 |     0 |
| X7Y2              |     0 |    24 |     0 |     0 |     0 |     0 |     0 |     0 |     0 |    24 |     0 |     0 |     0 |     0 |
| X0Y3              |     0 |    24 |     0 |     0 |     0 |     0 |     0 |     0 |     0 |    24 |     0 |     0 |     0 |     0 |
| X1Y3              |     1 |    24 |     0 |     0 |     0 |     0 |     0 |     0 |     0 |     0 |     0 |     0 |     0 |     0 |
| X2Y3              |     1 |    24 |     0 |     0 |     0 |     0 |     0 |     0 |     0 |     0 |     0 |     0 |     0 |     0 |
| X3Y3              |     1 |    24 |     0 |     0 |     0 |     0 |     0 |     0 |     0 |     0 |     0 |     0 |     0 |     0 |
| X4Y3              |     1 |    24 |     0 |    24 |     0 |     4 |     0 |     8 |     0 |     0 |     0 |     1 |     0 |     2 |
| X5Y3              |     1 |    24 |     0 |     0 |     0 |     0 |     0 |     0 |     0 |     0 |     0 |     0 |     0 |     0 |
| X6Y3              |     1 |    24 |     0 |     0 |     0 |     0 |     0 |     0 |     0 |     0 |     0 |     0 |     0 |     0 |
| X7Y3              |     0 |    24 |     0 |     0 |     0 |     0 |     0 |     0 |     0 |    24 |     0 |     0 |     0 |     0 |
| X0Y4              |     0 |    24 |     0 |     0 |     0 |     0 |     0 |     0 |     0 |    24 |     0 |     0 |     0 |     0 |
| X1Y4              |     1 |    24 |     0 |     0 |     0 |     0 |     0 |     0 |     0 |     0 |     0 |     0 |     0 |     0 |
| X2Y4              |     1 |    24 |     0 |     0 |     0 |     0 |     0 |     0 |     0 |     0 |     0 |     0 |     0 |     0 |
| X3Y4              |     1 |    24 |     0 |     0 |     0 |     0 |     0 |     0 |     0 |     0 |     0 |     0 |     0 |     0 |
| X4Y4              |     1 |    24 |     0 |    24 |     0 |     4 |     0 |     8 |     0 |     0 |     0 |     1 |     0 |     2 |
| X5Y4              |     1 |    24 |     0 |     0 |     0 |     0 |     0 |     0 |     0 |     0 |     0 |     0 |     0 |     0 |
| X6Y4              |     1 |    24 |     0 |     0 |     0 |     0 |     0 |     0 |     0 |     0 |     0 |     0 |     0 |     0 |
| X7Y4              |     0 |    24 |     0 |     0 |     0 |     0 |     0 |     0 |     0 |    24 |     0 |     0 |     0 |     0 |
| X0Y5              |     1 |    24 |     0 |     0 |     0 |     0 |     0 |     0 |     0 |    24 |     0 |     0 |     0 |     0 |
| X1Y5              |     1 |    24 |     0 |     0 |     0 |     0 |     0 |     0 |     0 |     0 |     0 |     0 |     0 |     0 |
| X2Y5              |     1 |    24 |     0 |     0 |     0 |     0 |     0 |     0 |     0 |     0 |     0 |     0 |     0 |     0 |
| X3Y5              |     1 |    24 |     0 |     0 |     0 |     0 |     0 |     0 |     0 |     0 |     0 |     0 |     0 |     0 |
| X4Y5              |     1 |    24 |     0 |    24 |     0 |     4 |     0 |     8 |     0 |     0 |     0 |     1 |     0 |     2 |
| X5Y5              |     1 |    24 |     0 |     0 |     0 |     0 |     0 |     0 |     0 |     0 |     0 |     0 |     0 |     0 |
| X6Y5              |     1 |    24 |     0 |     0 |     0 |     0 |     0 |     0 |     0 |     0 |     0 |     0 |     0 |     0 |
| X7Y5              |     0 |    24 |     0 |     0 |     0 |     0 |     0 |     0 |     0 |    24 |     0 |     0 |     0 |     0 |
| X0Y6              |     1 |    24 |     0 |     0 |     0 |     0 |     0 |     0 |     0 |    24 |     0 |     0 |     0 |     0 |
| X1Y6              |     1 |    24 |     0 |     0 |     0 |     0 |     0 |     0 |     0 |     0 |     0 |     0 |     0 |     0 |
| X2Y6              |     1 |    24 |     0 |     0 |     0 |     0 |     0 |     0 |     0 |     0 |     0 |     0 |     0 |     0 |
| X3Y6              |     1 |    24 |     0 |     0 |     0 |     0 |     0 |     0 |     0 |     0 |     0 |     0 |     0 |     0 |
| X4Y6              |     1 |    24 |     0 |    24 |     0 |     4 |     0 |     8 |     0 |     0 |     0 |     1 |     0 |     2 |
| X5Y6              |     1 |    24 |     0 |     0 |     0 |     0 |     0 |     0 |     0 |     0 |     0 |     0 |     0 |     0 |
| X6Y6              |     1 |    24 |     0 |     0 |     0 |     0 |     0 |     0 |     0 |     0 |     0 |     0 |     0 |     0 |
| X7Y6              |     0 |    24 |     0 |     0 |     0 |     0 |     0 |     0 |     0 |    24 |     0 |     0 |     0 |     0 |
| X0Y7              |     0 |    24 |     0 |     0 |     0 |     0 |     0 |     0 |     0 |    24 |     0 |     0 |     0 |     0 |
| X1Y7              |     1 |    24 |     0 |     0 |     0 |     0 |     0 |     0 |     0 |     0 |     0 |     0 |     0 |     0 |
| X2Y7              |     1 |    24 |     0 |     0 |     0 |     0 |     0 |     0 |     0 |     0 |     0 |     0 |     0 |     0 |
| X3Y7              |     1 |    24 |     0 |     0 |     0 |     0 |     0 |     0 |     0 |     0 |     0 |     0 |     0 |     0 |
| X4Y7              |     1 |    24 |     0 |    24 |     0 |     4 |     0 |     8 |     0 |     0 |     0 |     1 |     0 |     2 |
| X5Y7              |     1 |    24 |     0 |     0 |     0 |     0 |     0 |     0 |     0 |     0 |     0 |     0 |     0 |     0 |
| X6Y7              |     1 |    24 |     0 |     0 |     0 |     0 |     0 |     0 |     0 |     0 |     0 |     0 |     0 |     0 |
| X7Y7              |     0 |    24 |     0 |     0 |     0 |     0 |     0 |     0 |     0 |    24 |     0 |     0 |     0 |     0 |
| X0Y8              |     0 |    24 |     0 |     0 |     0 |     0 |     0 |     0 |     0 |    24 |     0 |     0 |     0 |     0 |
| X1Y8              |     0 |    24 |     0 |     0 |     0 |     0 |     0 |     0 |     0 |     0 |     0 |     0 |     0 |     0 |
| X2Y8              |     1 |    24 |     0 |     0 |     0 |     0 |     0 |     0 |     0 |     0 |     0 |     0 |     0 |     0 |
| X3Y8              |     1 |    24 |     0 |     0 |     0 |     0 |     0 |     0 |     0 |     0 |     0 |     0 |     0 |     0 |
| X4Y8              |     1 |    24 |     0 |    24 |     0 |     4 |     0 |     8 |     0 |     0 |     0 |     1 |     0 |     2 |
| X5Y8              |     1 |    24 |     0 |     0 |     0 |     0 |     0 |     0 |     0 |     0 |     0 |     0 |     0 |     0 |
| X6Y8              |     1 |    24 |     0 |     0 |     0 |     0 |     0 |     0 |     0 |     0 |     0 |     0 |     0 |     0 |
| X7Y8              |     1 |    24 |     0 |     0 |     0 |     0 |     0 |     0 |     0 |    24 |     0 |     0 |     0 |     0 |
| X0Y9              |     0 |    24 |     0 |     0 |     0 |     0 |     0 |     0 |     0 |    24 |     0 |     0 |     0 |     0 |
| X1Y9              |     0 |    24 |     0 |     0 |     0 |     0 |     0 |     0 |     0 |     0 |     0 |     0 |     0 |     0 |
| X2Y9              |     1 |    24 |     0 |     0 |     0 |     0 |     0 |     0 |     0 |     0 |     0 |     0 |     0 |     0 |
| X3Y9              |     1 |    24 |     0 |     0 |     0 |     0 |     0 |     0 |     0 |     0 |     0 |     0 |     0 |     0 |
| X4Y9              |     1 |    24 |     0 |    24 |     0 |     4 |     0 |     8 |     0 |     0 |     0 |     1 |     0 |     2 |
| X5Y9              |     1 |    24 |     0 |     0 |     0 |     0 |     0 |     0 |     0 |     0 |     0 |     0 |     0 |     0 |
| X6Y9              |     1 |    24 |     0 |     0 |     0 |     0 |     0 |     0 |     0 |     0 |     0 |     0 |     0 |     0 |
| X7Y9              |     1 |    24 |     0 |     0 |     0 |     0 |     0 |     0 |     0 |    24 |     0 |     0 |     0 |     0 |
| X0Y10             |     0 |    24 |     0 |     0 |     0 |     0 |     0 |     0 |     0 |    24 |     0 |     0 |     0 |     0 |
| X1Y10             |     0 |    24 |     0 |     0 |     0 |     0 |     0 |     0 |     0 |     0 |     0 |     0 |     0 |     0 |
| X2Y10             |     0 |    24 |     0 |     0 |     0 |     0 |     0 |     0 |     0 |     0 |     0 |     0 |     0 |     0 |
| X3Y10             |     1 |    24 |     0 |     0 |     0 |     0 |     0 |     0 |     0 |     0 |     0 |     0 |     0 |     0 |
| X4Y10             |     1 |    24 |     0 |    24 |     0 |     4 |     0 |     8 |     0 |     0 |     0 |     1 |     0 |     2 |
| X5Y10             |     1 |    24 |     0 |     0 |     0 |     0 |     0 |     0 |     0 |     0 |     0 |     0 |     0 |     0 |
| X6Y10             |     0 |    24 |     0 |     0 |     0 |     0 |     0 |     0 |     0 |     0 |     0 |     0 |     0 |     0 |
| X7Y10             |     0 |    24 |     0 |     0 |     0 |     0 |     0 |     0 |     0 |    24 |     0 |     0 |     0 |     0 |
| X0Y11             |     0 |    24 |     0 |     0 |     0 |     0 |     0 |     0 |     0 |    24 |     0 |     0 |     0 |     0 |
| X1Y11             |     0 |    24 |     0 |     0 |     0 |     0 |     0 |     0 |     0 |     0 |     0 |     0 |     0 |     0 |
| X2Y11             |     0 |    24 |     0 |     0 |     0 |     0 |     0 |     0 |     0 |     0 |     0 |     0 |     0 |     0 |
| X3Y11             |     1 |    24 |     0 |     0 |     0 |     0 |     0 |     0 |     0 |     0 |     0 |     0 |     0 |     0 |
| X4Y11             |     1 |    24 |     0 |    24 |     0 |     4 |     0 |     8 |     0 |     0 |     0 |     1 |     0 |     2 |
| X5Y11             |     0 |    24 |     0 |     0 |     0 |     0 |     0 |     0 |     0 |     0 |     0 |     0 |     0 |     0 |
| X6Y11             |     0 |    24 |     0 |     0 |     0 |     0 |     0 |     0 |     0 |     0 |     0 |     0 |     0 |     0 |
| X7Y11             |     0 |    24 |     0 |     0 |     0 |     0 |     0 |     0 |     0 |    24 |     0 |     0 |     0 |     0 |
+-------------------+-------+-------+-------+-------+-------+-------+-------+-------+-------+-------+-------+-------+-------+-------+
* Global Clock column represents track count; while other columns represents cell counts


5. Clock Regions : Load Primitives
----------------------------------

+-------------------+------------------+------------------+------------------+------------------+------------------+------------------+------------------+------------------+
|                   |   Global Clock   |        FF        |      LUTRAM      |  Block RAM (18K) |       URAM       |        DSP       |        GT        |      HARD IP     |
+-------------------+--------+---------+--------+---------+--------+---------+--------+---------+--------+---------+--------+---------+--------+---------+--------+---------+
| Clock Region Name | Used   | Avail   | Used   | Avail   | Used   | Avail   | Used   | Avail   | Used   | Avail   | Used   | Avail   | Used   | Avail   | Used   | Avail   |
+-------------------+--------+---------+--------+---------+--------+---------+--------+---------+--------+---------+--------+---------+--------+---------+--------+---------+
| X0Y0              |      0 |      24 |      0 |   29760 |      0 |    6720 |      0 |      48 |      0 |       0 |      0 |      72 |      0 |       4 |      0 |       1 |
| X1Y0              |      1 |      24 |      0 |   24960 |      4 |    6720 |      0 |      48 |      4 |      16 |      0 |      72 |      0 |       0 |      0 |       0 |
| X2Y0              |      1 |      24 |      0 |   36480 |      0 |    7680 |      0 |      72 |      0 |       0 |      0 |      90 |      0 |       0 |      0 |       0 |
| X3Y0              |      1 |      24 |      0 |   21120 |     16 |    5760 |      0 |      24 |     16 |      16 |      0 |      54 |      0 |       0 |      0 |       0 |
| X4Y0              |      1 |      24 |      0 |   27840 |     10 |    6240 |      0 |      48 |     10 |      16 |      0 |      72 |      0 |       0 |      0 |       2 |
| X5Y0              |      1 |      24 |      0 |   28800 |     16 |    6720 |      0 |      24 |     16 |      16 |      0 |      90 |      0 |       0 |      0 |       0 |
| X6Y0              |      1 |      24 |      0 |   28800 |      2 |    6720 |      0 |      24 |      2 |      16 |      0 |      90 |      0 |       0 |      0 |       0 |
| X7Y0              |      0 |      24 |      0 |   25920 |      0 |    6720 |      0 |      48 |      0 |       0 |      0 |      36 |      0 |       4 |      0 |       1 |
| X0Y1              |      0 |      24 |      0 |   29760 |      0 |    6720 |      0 |      48 |      0 |       0 |      0 |      96 |      0 |       4 |      0 |       1 |
| X1Y1              |      1 |      24 |      0 |   24960 |     16 |    6720 |      0 |      48 |     16 |      16 |      0 |      96 |      0 |       0 |      0 |       0 |
| X2Y1              |      1 |      24 |      0 |   36480 |      0 |    7680 |      0 |      72 |      0 |       0 |      0 |     120 |      0 |       0 |      0 |       0 |
| X3Y1              |      1 |      24 |      0 |   21120 |     16 |    5760 |      0 |      24 |     16 |      16 |      0 |      72 |      0 |       0 |      0 |       0 |
| X4Y1              |      1 |      24 |      0 |   27840 |     16 |    6240 |      0 |      48 |     16 |      16 |      0 |      96 |      0 |       0 |      0 |       0 |
| X5Y1              |      1 |      24 |      0 |   28800 |     16 |    6720 |      0 |      24 |     16 |      16 |      0 |     120 |      0 |       0 |      0 |       0 |
| X6Y1              |      1 |      24 |      0 |   28800 |     16 |    6720 |      0 |      24 |     16 |      16 |      0 |     120 |      0 |       0 |      0 |       0 |
| X7Y1              |      0 |      24 |      0 |   25920 |      0 |    6720 |      0 |      48 |      0 |       0 |      0 |      48 |      0 |       4 |      0 |       0 |
| X0Y2              |      0 |      24 |      0 |   29760 |      0 |    6720 |      0 |      48 |      0 |       0 |      0 |      96 |      0 |       4 |      0 |       1 |
| X1Y2              |      1 |      24 |      0 |   24960 |     16 |    6720 |      0 |      48 |     16 |      16 |      0 |      96 |      0 |       0 |      0 |       0 |
| X2Y2              |      1 |      24 |      0 |   36480 |      0 |    7680 |      0 |      72 |      0 |       0 |      0 |     120 |      0 |       0 |      0 |       0 |
| X3Y2              |      1 |      24 |     10 |   21120 |     16 |    5760 |      0 |      24 |     16 |      16 |      0 |      72 |      0 |       0 |      0 |       0 |
| X4Y2              |      1 |      24 |    396 |   27840 |     16 |    6240 |      0 |      48 |     16 |      16 |      0 |      96 |      0 |       0 |      0 |       0 |
| X5Y2              |      1 |      24 |      1 |   28800 |     16 |    6720 |      0 |      24 |     16 |      16 |      0 |     120 |      0 |       0 |      0 |       0 |
| X6Y2              |      1 |      24 |      0 |   28800 |     16 |    6720 |      0 |      24 |     16 |      16 |      0 |     120 |      0 |       0 |      0 |       0 |
| X7Y2              |      0 |      24 |      0 |   25920 |      0 |    6720 |      0 |      48 |      0 |       0 |      0 |      48 |      0 |       4 |      0 |       0 |
| X0Y3              |      0 |      24 |      0 |   27840 |      0 |    5760 |      0 |      48 |      0 |       0 |      0 |      96 |      0 |       4 |      0 |       1 |
| X1Y3              |      1 |      24 |      0 |   23040 |     16 |    5760 |      0 |      48 |     16 |      16 |      0 |      96 |      0 |       0 |      0 |       0 |
| X2Y3              |      1 |      24 |      5 |   34560 |      0 |    6720 |      0 |      72 |      0 |       0 |      0 |     120 |      0 |       0 |      0 |       0 |
| X3Y3              |      1 |      24 |     10 |   19200 |     16 |    4800 |      0 |      24 |     16 |      16 |      0 |      72 |      0 |       0 |      0 |       0 |
| X4Y3              |      1 |      24 |    303 |   25920 |     18 |    5280 |      0 |      48 |     16 |      16 |      0 |      96 |      0 |       0 |      0 |       0 |
| X5Y3              |      1 |      24 |     18 |   26880 |     16 |    5760 |      0 |      24 |     16 |      16 |      0 |     120 |      0 |       0 |      0 |       0 |
| X6Y3              |      1 |      24 |      0 |   26880 |     16 |    5760 |      0 |      24 |     16 |      16 |      0 |     120 |      0 |       0 |      0 |       0 |
| X7Y3              |      0 |      24 |      0 |   24000 |      0 |    5760 |      0 |      48 |      0 |       0 |      0 |      48 |      0 |       4 |      0 |       1 |
| X0Y4              |      0 |      24 |      0 |   27840 |      0 |    5760 |      0 |      48 |      0 |       0 |      0 |      96 |      0 |       4 |      0 |       1 |
| X1Y4              |      1 |      24 |      0 |   23040 |      6 |    5760 |     34 |      48 |      6 |      16 |      0 |      96 |      0 |       0 |      0 |       0 |
| X2Y4              |      1 |      24 |     20 |   34560 |      0 |    6720 |     72 |      72 |      0 |       0 |      0 |     120 |      0 |       0 |      0 |       0 |
| X3Y4              |      1 |      24 |      9 |   19200 |     16 |    4800 |     24 |      24 |     16 |      16 |      0 |      72 |      0 |       0 |      0 |       0 |
| X4Y4              |      1 |      24 |     58 |   25920 |     16 |    5280 |     16 |      48 |     16 |      16 |      0 |      96 |      0 |       0 |      0 |       0 |
| X5Y4              |      1 |      24 |      0 |   26880 |     16 |    5760 |      0 |      24 |     16 |      16 |      0 |     120 |      0 |       0 |      0 |       0 |
| X6Y4              |      1 |      24 |      0 |   26880 |      6 |    5760 |      0 |      24 |      6 |      16 |      0 |     120 |      0 |       0 |      0 |       0 |
| X7Y4              |      0 |      24 |      0 |   24000 |      0 |    5760 |      0 |      48 |      0 |       0 |      0 |      48 |      0 |       4 |      0 |       1 |
| X0Y5              |      1 |      24 |      0 |   29760 |      0 |    6720 |      6 |      48 |      0 |       0 |      0 |      96 |      0 |       4 |      0 |       1 |
| X1Y5              |      1 |      24 |      0 |   24960 |     16 |    6720 |     48 |      48 |     16 |      16 |      0 |      96 |      0 |       0 |      0 |       0 |
| X2Y5              |      1 |      24 |     75 |   36480 |      0 |    7680 |     72 |      72 |      0 |       0 |      0 |     120 |      0 |       0 |      0 |       0 |
| X3Y5              |      1 |      24 |   1282 |   21120 |    178 |    5760 |     24 |      24 |     16 |      16 |      0 |      72 |      0 |       0 |      0 |       0 |
| X4Y5              |      1 |      24 |   5922 |   27840 |    615 |    6240 |     24 |      48 |     16 |      16 |      0 |      96 |      0 |       0 |      0 |       0 |
| X5Y5              |      1 |      24 |    281 |   28800 |     18 |    6720 |      0 |      24 |     16 |      16 |      0 |     120 |      0 |       0 |      0 |       0 |
| X6Y5              |      1 |      24 |      0 |   28800 |     15 |    6720 |      0 |      24 |     15 |      16 |      0 |     120 |      0 |       0 |      0 |       0 |
| X7Y5              |      0 |      24 |      0 |   25920 |      0 |    6720 |      0 |      48 |      0 |       0 |      0 |      48 |      0 |       4 |      0 |       0 |
| X0Y6              |      1 |      24 |      0 |   29760 |      0 |    6720 |     24 |      48 |      0 |       0 |      0 |      96 |      0 |       4 |      0 |       1 |
| X1Y6              |      1 |      24 |      0 |   24960 |     16 |    6720 |     48 |      48 |     16 |      16 |      0 |      96 |      0 |       0 |      0 |       0 |
| X2Y6              |      1 |      24 |     17 |   36480 |      0 |    7680 |     72 |      72 |      0 |       0 |      0 |     120 |      0 |       0 |      0 |       0 |
| X3Y6              |      1 |      24 |   1810 |   21120 |    181 |    5760 |     24 |      24 |     16 |      16 |      0 |      72 |      0 |       0 |      0 |       0 |
| X4Y6              |      1 |      24 |   6424 |   27840 |    647 |    6240 |     14 |      48 |     16 |      16 |      0 |      96 |      0 |       0 |      0 |       0 |
| X5Y6              |      1 |      24 |    238 |   28800 |     76 |    6720 |      0 |      24 |     16 |      16 |      0 |     120 |      0 |       0 |      0 |       0 |
| X6Y6              |      1 |      24 |      0 |   28800 |     16 |    6720 |      0 |      24 |     16 |      16 |      0 |     120 |      0 |       0 |      0 |       0 |
| X7Y6              |      0 |      24 |      0 |   25920 |      0 |    6720 |      0 |      48 |      0 |       0 |      0 |      48 |      0 |       4 |      0 |       0 |
| X0Y7              |      0 |      24 |      0 |   27840 |      0 |    5760 |      0 |      48 |      0 |       0 |      0 |      96 |      0 |       4 |      0 |       1 |
| X1Y7              |      1 |      24 |      0 |   23040 |     10 |    5760 |     42 |      48 |     10 |      16 |      0 |      96 |      0 |       0 |      0 |       0 |
| X2Y7              |      1 |      24 |      6 |   34560 |      0 |    6720 |     72 |      72 |      0 |       0 |      0 |     120 |      0 |       0 |      0 |       0 |
| X3Y7              |      1 |      24 |   1796 |   19200 |     81 |    4800 |     24 |      24 |     16 |      16 |      0 |      72 |      0 |       0 |      0 |       0 |
| X4Y7              |      1 |      24 |   5511 |   25920 |    261 |    5280 |      4 |      48 |     16 |      16 |      0 |      96 |      0 |       0 |      0 |       0 |
| X5Y7              |      1 |      24 |   3284 |   26880 |    444 |    5760 |      1 |      24 |     16 |      16 |      0 |     120 |      0 |       0 |      0 |       0 |
| X6Y7              |      1 |      24 |    690 |   26880 |    179 |    5760 |      0 |      24 |     11 |      16 |      0 |     120 |      0 |       0 |      0 |       0 |
| X7Y7              |      0 |      24 |      0 |   24000 |      0 |    5760 |      0 |      48 |      0 |       0 |      0 |      48 |      0 |       4 |      0 |       1 |
| X0Y8              |      0 |      24 |      0 |   27840 |      0 |    5760 |      0 |      48 |      0 |       0 |      0 |      96 |      0 |       4 |      0 |       1 |
| X1Y8              |      0 |      24 |      0 |   23040 |      0 |    5760 |      0 |      48 |      0 |      16 |      0 |      96 |      0 |       0 |      0 |       0 |
| X2Y8              |      1 |      24 |    132 |   34560 |      0 |    6720 |      0 |      72 |      0 |       0 |      0 |     120 |      0 |       0 |      0 |       0 |
| X3Y8              |      1 |      24 |   2715 |   19200 |    192 |    4800 |      0 |      24 |      0 |      16 |      0 |      72 |      0 |       0 |      0 |       0 |
| X4Y8              |      1 |      24 |   5904 |   25920 |    499 |    5280 |      8 |      48 |      2 |      16 |      9 |      96 |      0 |       0 |      0 |       0 |
| X5Y8              |      1 |      24 |   7302 |   26880 |    820 |    5760 |     14 |      24 |     12 |      16 |      2 |     120 |      0 |       0 |      0 |       0 |
| X6Y8              |      1 |      24 |   7352 |   26880 |    505 |    5760 |      9 |      24 |      8 |      16 |      0 |     120 |      0 |       0 |      0 |       0 |
| X7Y8              |      1 |      24 |   2466 |   24000 |     15 |    5760 |      5 |      48 |      0 |       0 |      0 |      48 |      0 |       4 |      0 |       1 |
| X0Y9              |      0 |      24 |      0 |   29760 |      0 |    6720 |      0 |      48 |      0 |       0 |      0 |      96 |      0 |       4 |      0 |       1 |
| X1Y9              |      0 |      24 |      0 |   24960 |      0 |    6720 |      0 |      48 |      0 |      16 |      0 |      96 |      0 |       0 |      0 |       0 |
| X2Y9              |      1 |      24 |      2 |   36480 |      0 |    7680 |      0 |      72 |      0 |       0 |      0 |     120 |      0 |       0 |      0 |       0 |
| X3Y9              |      1 |      24 |   2855 |   21120 |      1 |    5760 |      0 |      24 |      0 |      16 |      0 |      72 |      0 |       0 |      0 |       0 |
| X4Y9              |      1 |      24 |   5267 |   27840 |     52 |    6240 |      0 |      48 |      0 |      16 |      0 |      96 |      0 |       0 |      0 |       0 |
| X5Y9              |      1 |      24 |   5012 |   28800 |     54 |    6720 |      0 |      24 |      0 |      16 |      2 |     120 |      0 |       0 |      0 |       0 |
| X6Y9              |      1 |      24 |   1598 |   28800 |      4 |    6720 |      0 |      24 |      0 |      16 |      0 |     120 |      0 |       0 |      0 |       0 |
| X7Y9              |      1 |      24 |    227 |   25920 |      1 |    6720 |      1 |      48 |      0 |       0 |      0 |      48 |      0 |       4 |      0 |       0 |
| X0Y10             |      0 |      24 |      0 |   29760 |      0 |    6720 |      0 |      48 |      0 |       0 |      0 |      96 |      0 |       4 |      0 |       1 |
| X1Y10             |      0 |      24 |      0 |   24960 |      0 |    6720 |      0 |      48 |      0 |      16 |      0 |      96 |      0 |       0 |      0 |       0 |
| X2Y10             |      0 |      24 |      0 |   36480 |      0 |    7680 |      0 |      72 |      0 |       0 |      0 |     120 |      0 |       0 |      0 |       0 |
| X3Y10             |      1 |      24 |    193 |   21120 |      0 |    5760 |      0 |      24 |      0 |      16 |      0 |      72 |      0 |       0 |      0 |       0 |
| X4Y10             |      1 |      24 |   1640 |   27840 |    138 |    6240 |      0 |      48 |      0 |      16 |      0 |      96 |      0 |       0 |      0 |       0 |
| X5Y10             |      1 |      24 |   1556 |   28800 |     50 |    6720 |      0 |      24 |      0 |      16 |      0 |     120 |      0 |       0 |      0 |       0 |
| X6Y10             |      0 |      24 |      0 |   28800 |      0 |    6720 |      0 |      24 |      0 |      16 |      0 |     120 |      0 |       0 |      0 |       0 |
| X7Y10             |      0 |      24 |      0 |   25920 |      0 |    6720 |      0 |      48 |      0 |       0 |      0 |      48 |      0 |       4 |      0 |       0 |
| X0Y11             |      0 |      24 |      0 |   27840 |      0 |    5760 |      0 |      48 |      0 |       0 |      0 |      96 |      0 |       4 |      0 |       1 |
| X1Y11             |      0 |      24 |      0 |   23040 |      0 |    5760 |      0 |      48 |      0 |      16 |      0 |      96 |      0 |       0 |      0 |       0 |
| X2Y11             |      0 |      24 |      0 |   34560 |      0 |    6720 |      0 |      72 |      0 |       0 |      0 |     120 |      0 |       0 |      0 |       0 |
| X3Y11             |      1 |      24 |      0 |   19200 |      0 |    4800 |      0 |      24 |      0 |      16 |      0 |      72 |      0 |       0 |      0 |       0 |
| X4Y11             |      1 |      24 |      1 |   25920 |      0 |    5280 |      0 |      48 |      0 |      16 |      0 |      96 |      0 |       0 |      0 |       0 |
| X5Y11             |      0 |      24 |      0 |   26880 |      0 |    5760 |      0 |      24 |      0 |      16 |      0 |     120 |      0 |       0 |      0 |       0 |
| X6Y11             |      0 |      24 |      0 |   26880 |      0 |    5760 |      0 |      24 |      0 |      16 |      0 |     120 |      0 |       0 |      0 |       0 |
| X7Y11             |      0 |      24 |      0 |   24000 |      0 |    5760 |      0 |      48 |      0 |       0 |      0 |      48 |      0 |       4 |      0 |       1 |
+-------------------+--------+---------+--------+---------+--------+---------+--------+---------+--------+---------+--------+---------+--------+---------+--------+---------+
* Global Clock column represents track count; while other columns represents cell counts


6. Clock Regions : Global Clock Summary
---------------------------------------

All Modules
+-----+----+----+----+----+----+----+----+----+
|     | X0 | X1 | X2 | X3 | X4 | X5 | X6 | X7 |
+-----+----+----+----+----+----+----+----+----+
| Y11 |  0 |  0 |  0 |  1 |  1 |  0 |  0 |  0 |
| Y10 |  0 |  0 |  0 |  1 |  1 |  1 |  0 |  0 |
| Y9  |  0 |  0 |  1 |  1 |  1 |  1 |  1 |  1 |
| Y8  |  0 |  0 |  1 |  1 |  1 |  1 |  1 |  1 |
| Y7  |  0 |  1 |  1 |  1 |  1 |  1 |  1 |  0 |
| Y6  |  1 |  1 |  1 |  1 |  1 |  1 |  1 |  0 |
| Y5  |  1 |  1 |  1 |  1 |  1 |  1 |  1 |  0 |
| Y4  |  0 |  1 |  1 |  1 |  1 |  1 |  1 |  0 |
| Y3  |  0 |  1 |  1 |  1 |  1 |  1 |  1 |  0 |
| Y2  |  0 |  1 |  1 |  1 |  1 |  1 |  1 |  0 |
| Y1  |  0 |  1 |  1 |  1 |  1 |  1 |  1 |  0 |
| Y0  |  0 |  1 |  1 |  1 |  1 |  1 |  1 |  0 |
+-----+----+----+----+----+----+----+----+----+


7. Clock Regions : Routing Resource Utilization
-----------------------------------------------

All Modules
+-------------------+----------------------+----------------------+----------------------+----------------------+
|                   |        HROUTES       |        HDISTRS       |        VROUTES       |        VDISTRS       |
+-------------------+------+-------+-------+------+-------+-------+------+-------+-------+------+-------+-------+
| Clock Region Name | Used | Avail | Util% | Used | Avail | Util% | Used | Avail | Util% | Used | Avail | Util% |
+-------------------+------+-------+-------+------+-------+-------+------+-------+-------+------+-------+-------+
| X0Y0              |    0 |    24 |  0.00 |    0 |    24 |  0.00 |    0 |    24 |  0.00 |    0 |    24 |  0.00 |
| X1Y0              |    0 |    24 |  0.00 |    1 |    24 |  4.17 |    0 |    24 |  0.00 |    0 |    24 |  0.00 |
| X2Y0              |    0 |    24 |  0.00 |    1 |    24 |  4.17 |    0 |    24 |  0.00 |    0 |    24 |  0.00 |
| X3Y0              |    2 |    24 |  8.33 |    1 |    24 |  4.17 |    0 |    24 |  0.00 |    1 |    24 |  4.17 |
| X4Y0              |    1 |    24 |  4.17 |    1 |    24 |  4.17 |    0 |    24 |  0.00 |    0 |    24 |  0.00 |
| X5Y0              |    0 |    24 |  0.00 |    1 |    24 |  4.17 |    0 |    24 |  0.00 |    0 |    24 |  0.00 |
| X6Y0              |    0 |    24 |  0.00 |    1 |    24 |  4.17 |    0 |    24 |  0.00 |    0 |    24 |  0.00 |
| X7Y0              |    0 |    24 |  0.00 |    0 |    24 |  0.00 |    0 |    24 |  0.00 |    0 |    24 |  0.00 |
| X0Y1              |    0 |    24 |  0.00 |    0 |    24 |  0.00 |    0 |    24 |  0.00 |    0 |    24 |  0.00 |
| X1Y1              |    0 |    24 |  0.00 |    1 |    24 |  4.17 |    0 |    24 |  0.00 |    0 |    24 |  0.00 |
| X2Y1              |    0 |    24 |  0.00 |    1 |    24 |  4.17 |    0 |    24 |  0.00 |    0 |    24 |  0.00 |
| X3Y1              |    0 |    24 |  0.00 |    1 |    24 |  4.17 |    1 |    24 |  4.17 |    1 |    24 |  4.17 |
| X4Y1              |    0 |    24 |  0.00 |    1 |    24 |  4.17 |    0 |    24 |  0.00 |    0 |    24 |  0.00 |
| X5Y1              |    0 |    24 |  0.00 |    1 |    24 |  4.17 |    0 |    24 |  0.00 |    0 |    24 |  0.00 |
| X6Y1              |    0 |    24 |  0.00 |    1 |    24 |  4.17 |    0 |    24 |  0.00 |    0 |    24 |  0.00 |
| X7Y1              |    0 |    24 |  0.00 |    0 |    24 |  0.00 |    0 |    24 |  0.00 |    0 |    24 |  0.00 |
| X0Y2              |    0 |    24 |  0.00 |    0 |    24 |  0.00 |    0 |    24 |  0.00 |    0 |    24 |  0.00 |
| X1Y2              |    0 |    24 |  0.00 |    1 |    24 |  4.17 |    0 |    24 |  0.00 |    0 |    24 |  0.00 |
| X2Y2              |    0 |    24 |  0.00 |    1 |    24 |  4.17 |    0 |    24 |  0.00 |    0 |    24 |  0.00 |
| X3Y2              |    0 |    24 |  0.00 |    1 |    24 |  4.17 |    1 |    24 |  4.17 |    1 |    24 |  4.17 |
| X4Y2              |    0 |    24 |  0.00 |    1 |    24 |  4.17 |    0 |    24 |  0.00 |    0 |    24 |  0.00 |
| X5Y2              |    0 |    24 |  0.00 |    1 |    24 |  4.17 |    0 |    24 |  0.00 |    0 |    24 |  0.00 |
| X6Y2              |    0 |    24 |  0.00 |    1 |    24 |  4.17 |    0 |    24 |  0.00 |    0 |    24 |  0.00 |
| X7Y2              |    0 |    24 |  0.00 |    0 |    24 |  0.00 |    0 |    24 |  0.00 |    0 |    24 |  0.00 |
| X0Y3              |    0 |    24 |  0.00 |    0 |    24 |  0.00 |    0 |    24 |  0.00 |    0 |    24 |  0.00 |
| X1Y3              |    0 |    24 |  0.00 |    1 |    24 |  4.17 |    0 |    24 |  0.00 |    0 |    24 |  0.00 |
| X2Y3              |    0 |    24 |  0.00 |    1 |    24 |  4.17 |    0 |    24 |  0.00 |    0 |    24 |  0.00 |
| X3Y3              |    0 |    24 |  0.00 |    1 |    24 |  4.17 |    1 |    24 |  4.17 |    1 |    24 |  4.17 |
| X4Y3              |    0 |    24 |  0.00 |    1 |    24 |  4.17 |    0 |    24 |  0.00 |    0 |    24 |  0.00 |
| X5Y3              |    0 |    24 |  0.00 |    1 |    24 |  4.17 |    0 |    24 |  0.00 |    0 |    24 |  0.00 |
| X6Y3              |    0 |    24 |  0.00 |    1 |    24 |  4.17 |    0 |    24 |  0.00 |    0 |    24 |  0.00 |
| X7Y3              |    0 |    24 |  0.00 |    0 |    24 |  0.00 |    0 |    24 |  0.00 |    0 |    24 |  0.00 |
| X0Y4              |    0 |    24 |  0.00 |    0 |    24 |  0.00 |    0 |    24 |  0.00 |    0 |    24 |  0.00 |
| X1Y4              |    0 |    24 |  0.00 |    1 |    24 |  4.17 |    0 |    24 |  0.00 |    0 |    24 |  0.00 |
| X2Y4              |    0 |    24 |  0.00 |    1 |    24 |  4.17 |    0 |    24 |  0.00 |    0 |    24 |  0.00 |
| X3Y4              |    0 |    24 |  0.00 |    1 |    24 |  4.17 |    1 |    24 |  4.17 |    1 |    24 |  4.17 |
| X4Y4              |    0 |    24 |  0.00 |    1 |    24 |  4.17 |    0 |    24 |  0.00 |    0 |    24 |  0.00 |
| X5Y4              |    0 |    24 |  0.00 |    1 |    24 |  4.17 |    0 |    24 |  0.00 |    0 |    24 |  0.00 |
| X6Y4              |    0 |    24 |  0.00 |    1 |    24 |  4.17 |    0 |    24 |  0.00 |    0 |    24 |  0.00 |
| X7Y4              |    0 |    24 |  0.00 |    0 |    24 |  0.00 |    0 |    24 |  0.00 |    0 |    24 |  0.00 |
| X0Y5              |    0 |    24 |  0.00 |    1 |    24 |  4.17 |    0 |    24 |  0.00 |    0 |    24 |  0.00 |
| X1Y5              |    0 |    24 |  0.00 |    1 |    24 |  4.17 |    0 |    24 |  0.00 |    0 |    24 |  0.00 |
| X2Y5              |    0 |    24 |  0.00 |    1 |    24 |  4.17 |    0 |    24 |  0.00 |    0 |    24 |  0.00 |
| X3Y5              |    0 |    24 |  0.00 |    1 |    24 |  4.17 |    1 |    24 |  4.17 |    1 |    24 |  4.17 |
| X4Y5              |    0 |    24 |  0.00 |    1 |    24 |  4.17 |    0 |    24 |  0.00 |    0 |    24 |  0.00 |
| X5Y5              |    0 |    24 |  0.00 |    1 |    24 |  4.17 |    0 |    24 |  0.00 |    0 |    24 |  0.00 |
| X6Y5              |    0 |    24 |  0.00 |    1 |    24 |  4.17 |    0 |    24 |  0.00 |    0 |    24 |  0.00 |
| X7Y5              |    0 |    24 |  0.00 |    0 |    24 |  0.00 |    0 |    24 |  0.00 |    0 |    24 |  0.00 |
| X0Y6              |    0 |    24 |  0.00 |    1 |    24 |  4.17 |    0 |    24 |  0.00 |    0 |    24 |  0.00 |
| X1Y6              |    0 |    24 |  0.00 |    1 |    24 |  4.17 |    0 |    24 |  0.00 |    0 |    24 |  0.00 |
| X2Y6              |    0 |    24 |  0.00 |    1 |    24 |  4.17 |    0 |    24 |  0.00 |    0 |    24 |  0.00 |
| X3Y6              |    0 |    24 |  0.00 |    1 |    24 |  4.17 |    0 |    24 |  0.00 |    1 |    24 |  4.17 |
| X4Y6              |    0 |    24 |  0.00 |    1 |    24 |  4.17 |    0 |    24 |  0.00 |    0 |    24 |  0.00 |
| X5Y6              |    0 |    24 |  0.00 |    1 |    24 |  4.17 |    0 |    24 |  0.00 |    0 |    24 |  0.00 |
| X6Y6              |    0 |    24 |  0.00 |    1 |    24 |  4.17 |    0 |    24 |  0.00 |    0 |    24 |  0.00 |
| X7Y6              |    0 |    24 |  0.00 |    0 |    24 |  0.00 |    0 |    24 |  0.00 |    0 |    24 |  0.00 |
| X0Y7              |    0 |    24 |  0.00 |    0 |    24 |  0.00 |    0 |    24 |  0.00 |    0 |    24 |  0.00 |
| X1Y7              |    0 |    24 |  0.00 |    1 |    24 |  4.17 |    0 |    24 |  0.00 |    0 |    24 |  0.00 |
| X2Y7              |    0 |    24 |  0.00 |    1 |    24 |  4.17 |    0 |    24 |  0.00 |    0 |    24 |  0.00 |
| X3Y7              |    0 |    24 |  0.00 |    1 |    24 |  4.17 |    0 |    24 |  0.00 |    1 |    24 |  4.17 |
| X4Y7              |    0 |    24 |  0.00 |    1 |    24 |  4.17 |    0 |    24 |  0.00 |    0 |    24 |  0.00 |
| X5Y7              |    0 |    24 |  0.00 |    1 |    24 |  4.17 |    0 |    24 |  0.00 |    0 |    24 |  0.00 |
| X6Y7              |    0 |    24 |  0.00 |    1 |    24 |  4.17 |    0 |    24 |  0.00 |    0 |    24 |  0.00 |
| X7Y7              |    0 |    24 |  0.00 |    0 |    24 |  0.00 |    0 |    24 |  0.00 |    0 |    24 |  0.00 |
| X0Y8              |    0 |    24 |  0.00 |    0 |    24 |  0.00 |    0 |    24 |  0.00 |    0 |    24 |  0.00 |
| X1Y8              |    0 |    24 |  0.00 |    0 |    24 |  0.00 |    0 |    24 |  0.00 |    0 |    24 |  0.00 |
| X2Y8              |    0 |    24 |  0.00 |    1 |    24 |  4.17 |    0 |    24 |  0.00 |    0 |    24 |  0.00 |
| X3Y8              |    0 |    24 |  0.00 |    1 |    24 |  4.17 |    0 |    24 |  0.00 |    1 |    24 |  4.17 |
| X4Y8              |    0 |    24 |  0.00 |    1 |    24 |  4.17 |    0 |    24 |  0.00 |    0 |    24 |  0.00 |
| X5Y8              |    0 |    24 |  0.00 |    1 |    24 |  4.17 |    0 |    24 |  0.00 |    0 |    24 |  0.00 |
| X6Y8              |    0 |    24 |  0.00 |    1 |    24 |  4.17 |    0 |    24 |  0.00 |    0 |    24 |  0.00 |
| X7Y8              |    0 |    24 |  0.00 |    1 |    24 |  4.17 |    0 |    24 |  0.00 |    0 |    24 |  0.00 |
| X0Y9              |    0 |    24 |  0.00 |    0 |    24 |  0.00 |    0 |    24 |  0.00 |    0 |    24 |  0.00 |
| X1Y9              |    0 |    24 |  0.00 |    0 |    24 |  0.00 |    0 |    24 |  0.00 |    0 |    24 |  0.00 |
| X2Y9              |    0 |    24 |  0.00 |    1 |    24 |  4.17 |    0 |    24 |  0.00 |    0 |    24 |  0.00 |
| X3Y9              |    0 |    24 |  0.00 |    1 |    24 |  4.17 |    0 |    24 |  0.00 |    1 |    24 |  4.17 |
| X4Y9              |    0 |    24 |  0.00 |    1 |    24 |  4.17 |    0 |    24 |  0.00 |    0 |    24 |  0.00 |
| X5Y9              |    0 |    24 |  0.00 |    1 |    24 |  4.17 |    0 |    24 |  0.00 |    0 |    24 |  0.00 |
| X6Y9              |    0 |    24 |  0.00 |    1 |    24 |  4.17 |    0 |    24 |  0.00 |    0 |    24 |  0.00 |
| X7Y9              |    0 |    24 |  0.00 |    1 |    24 |  4.17 |    0 |    24 |  0.00 |    0 |    24 |  0.00 |
| X0Y10             |    0 |    24 |  0.00 |    0 |    24 |  0.00 |    0 |    24 |  0.00 |    0 |    24 |  0.00 |
| X1Y10             |    0 |    24 |  0.00 |    0 |    24 |  0.00 |    0 |    24 |  0.00 |    0 |    24 |  0.00 |
| X2Y10             |    0 |    24 |  0.00 |    0 |    24 |  0.00 |    0 |    24 |  0.00 |    0 |    24 |  0.00 |
| X3Y10             |    0 |    24 |  0.00 |    1 |    24 |  4.17 |    0 |    24 |  0.00 |    1 |    24 |  4.17 |
| X4Y10             |    0 |    24 |  0.00 |    1 |    24 |  4.17 |    0 |    24 |  0.00 |    0 |    24 |  0.00 |
| X5Y10             |    0 |    24 |  0.00 |    1 |    24 |  4.17 |    0 |    24 |  0.00 |    0 |    24 |  0.00 |
| X6Y10             |    0 |    24 |  0.00 |    0 |    24 |  0.00 |    0 |    24 |  0.00 |    0 |    24 |  0.00 |
| X7Y10             |    0 |    24 |  0.00 |    0 |    24 |  0.00 |    0 |    24 |  0.00 |    0 |    24 |  0.00 |
| X0Y11             |    0 |    24 |  0.00 |    0 |    24 |  0.00 |    0 |    24 |  0.00 |    0 |    24 |  0.00 |
| X1Y11             |    0 |    24 |  0.00 |    0 |    24 |  0.00 |    0 |    24 |  0.00 |    0 |    24 |  0.00 |
| X2Y11             |    0 |    24 |  0.00 |    0 |    24 |  0.00 |    0 |    24 |  0.00 |    0 |    24 |  0.00 |
| X3Y11             |    0 |    24 |  0.00 |    1 |    24 |  4.17 |    0 |    24 |  0.00 |    0 |    24 |  0.00 |
| X4Y11             |    0 |    24 |  0.00 |    1 |    24 |  4.17 |    0 |    24 |  0.00 |    0 |    24 |  0.00 |
| X5Y11             |    0 |    24 |  0.00 |    0 |    24 |  0.00 |    0 |    24 |  0.00 |    0 |    24 |  0.00 |
| X6Y11             |    0 |    24 |  0.00 |    0 |    24 |  0.00 |    0 |    24 |  0.00 |    0 |    24 |  0.00 |
| X7Y11             |    0 |    24 |  0.00 |    0 |    24 |  0.00 |    0 |    24 |  0.00 |    0 |    24 |  0.00 |
+-------------------+------+-------+-------+------+-------+-------+------+-------+-------+------+-------+-------+


8. Device Cell Placement Summary for Global Clock g0
----------------------------------------------------

+-----------+-----------------+-------------------+--------+-------------+---------------+----------+-------------+----------+----------------+----------+-------------------+
| Global Id | Driver Type/Pin | Driver Region (D) | Clock  | Period (ns) | Waveform (ns) | Root (R) | Slice Loads | IO Loads | Clocking Loads | GT Loads | Net               |
+-----------+-----------------+-------------------+--------+-------------+---------------+----------+-------------+----------+----------------+----------+-------------------+
| g0        | BUFGCE/O        | X4Y0              | ap_clk |       4.000 | {0.000 2.000} | X3Y5     |       78182 |        0 |              0 |        0 | ooc_ap_clk_global |
+-----------+-----------------+-------------------+--------+-------------+---------------+----------+-------------+----------+----------------+----------+-------------------+
* Slice Loads column represents load cell count of all cell types other than IO, GT and clock resources
** IO Loads column represents load cell count of IO types
*** Clocking Loads column represents load cell count that are clock resources (global clock buffer, MMCM, PLL, etc)
**** GT Loads column represents load cell count of GT types


+-----+-----+-----+------+----------+---------+-------+-------+-------+-----------------------+
|     | X0  | X1  | X2   | X3       | X4      | X5    | X6    | X7    | HORIZONTAL PROG DELAY |
+-----+-----+-----+------+----------+---------+-------+-------+-------+-----------------------+
| Y11 |   0 |   0 |    0 |        0 |       1 |     0 |     0 |     0 |                     0 |
| Y10 |   0 |   0 |    0 |      193 |    1778 |  1606 |     0 |     0 |                     0 |
| Y9  |   0 |   0 |    2 |     2856 |    5319 |  5068 |  1602 |   229 |                     1 |
| Y8  |   0 |   0 |  132 |     2907 |    6416 |  8131 |  7862 |  2486 |                     2 |
| Y7  |   0 |  31 |   42 |     1889 |    5776 |  3729 |   869 |     0 |                     3 |
| Y6  |  12 |  40 |   53 |     2003 |    7078 |   314 |    16 |     0 |                     4 |
| Y5  |   3 |  40 |  111 | (R) 1472 |    6549 |   299 |    15 |     0 |                     4 |
| Y4  |   0 |  23 |   56 |       37 |      82 |    16 |     6 |     0 |                     3 |
| Y3  |   0 |  16 |    5 |       26 |     321 |    34 |    16 |     0 |                     2 |
| Y2  |   0 |  16 |    0 |       26 |     412 |    17 |    16 |     0 |                     1 |
| Y1  |   0 |  16 |    0 |       16 |      16 |    16 |    16 |     0 |                     0 |
| Y0  |   0 |   4 |    0 |       16 |  (D) 10 |    16 |     2 |     0 |                     0 |
+-----+-----+-----+------+----------+---------+-------+-------+-------+-----------------------+


9. Clock Region Cell Placement per Global Clock: Region X1Y0
------------------------------------------------------------

+-----------+-------+-----------------+------------+-------------+-----------------+----+-------------+------+------+-----+----+------+-----+---------+-------------------+
| Global Id | Track | Driver Type/Pin | Constraint | Clock Loads | Non-Clock Loads | FF | Memory LUTs | RAMB | URAM | DSP | GT | MMCM | PLL | Hard IP | Net               |
+-----------+-------+-----------------+------------+-------------+-----------------+----+-------------+------+------+-----+----+------+-----+---------+-------------------+
| g0        | 0     | BUFGCE/O        | None       |           4 |               0 |  0 |           4 |    0 |    4 |   0 |  0 |    0 |   0 |       0 | ooc_ap_clk_global |
+-----------+-------+-----------------+------------+-------------+-----------------+----+-------------+------+------+-----+----+------+-----+---------+-------------------+
* Clock Loads column represents cell count of net connects that connect to a clock pin. Internal cell leaf pins are not considered
** Non-Clock Loads column represents cell count of non-clock pin loads
*** Columns FF, LUTRAM, RAMB through 'Hard IP' represents load cell counts


10. Clock Region Cell Placement per Global Clock: Region X2Y0
-------------------------------------------------------------

+-----------+-------+-----------------+------------+-------------+-----------------+----+-------------+------+------+-----+----+------+-----+---------+-------------------+
| Global Id | Track | Driver Type/Pin | Constraint | Clock Loads | Non-Clock Loads | FF | Memory LUTs | RAMB | URAM | DSP | GT | MMCM | PLL | Hard IP | Net               |
+-----------+-------+-----------------+------------+-------------+-----------------+----+-------------+------+------+-----+----+------+-----+---------+-------------------+
| g0+       | 0     | BUFGCE/O        | None       |           0 |               0 |  0 |           0 |    0 |    0 |   0 |  0 |    0 |   0 |       0 | ooc_ap_clk_global |
+-----------+-------+-----------------+------------+-------------+-----------------+----+-------------+------+------+-----+----+------+-----+---------+-------------------+
* Clock Loads column represents cell count of net connects that connect to a clock pin. Internal cell leaf pins are not considered
** Non-Clock Loads column represents cell count of non-clock pin loads
*** Columns FF, LUTRAM, RAMB through 'Hard IP' represents load cell counts
**** In Global Id column, sympbol '+' indicates that global clock was used only to route through the clock region.


11. Clock Region Cell Placement per Global Clock: Region X3Y0
-------------------------------------------------------------

+-----------+-------+-----------------+------------+-------------+-----------------+----+-------------+------+------+-----+----+------+-----+---------+-------------------+
| Global Id | Track | Driver Type/Pin | Constraint | Clock Loads | Non-Clock Loads | FF | Memory LUTs | RAMB | URAM | DSP | GT | MMCM | PLL | Hard IP | Net               |
+-----------+-------+-----------------+------------+-------------+-----------------+----+-------------+------+------+-----+----+------+-----+---------+-------------------+
| g0        | 0     | BUFGCE/O        | None       |          16 |               0 |  0 |          16 |    0 |   16 |   0 |  0 |    0 |   0 |       0 | ooc_ap_clk_global |
+-----------+-------+-----------------+------------+-------------+-----------------+----+-------------+------+------+-----+----+------+-----+---------+-------------------+
* Clock Loads column represents cell count of net connects that connect to a clock pin. Internal cell leaf pins are not considered
** Non-Clock Loads column represents cell count of non-clock pin loads
*** Columns FF, LUTRAM, RAMB through 'Hard IP' represents load cell counts


12. Clock Region Cell Placement per Global Clock: Region X4Y0
-------------------------------------------------------------

+-----------+-------+-----------------+------------+-------------+-----------------+----+-------------+------+------+-----+----+------+-----+---------+-------------------+
| Global Id | Track | Driver Type/Pin | Constraint | Clock Loads | Non-Clock Loads | FF | Memory LUTs | RAMB | URAM | DSP | GT | MMCM | PLL | Hard IP | Net               |
+-----------+-------+-----------------+------------+-------------+-----------------+----+-------------+------+------+-----+----+------+-----+---------+-------------------+
| g0        | 0     | BUFGCE/O        | None       |          10 |               0 |  0 |          10 |    0 |   10 |   0 |  0 |    0 |   0 |       0 | ooc_ap_clk_global |
+-----------+-------+-----------------+------------+-------------+-----------------+----+-------------+------+------+-----+----+------+-----+---------+-------------------+
* Clock Loads column represents cell count of net connects that connect to a clock pin. Internal cell leaf pins are not considered
** Non-Clock Loads column represents cell count of non-clock pin loads
*** Columns FF, LUTRAM, RAMB through 'Hard IP' represents load cell counts


13. Clock Region Cell Placement per Global Clock: Region X5Y0
-------------------------------------------------------------

+-----------+-------+-----------------+------------+-------------+-----------------+----+-------------+------+------+-----+----+------+-----+---------+-------------------+
| Global Id | Track | Driver Type/Pin | Constraint | Clock Loads | Non-Clock Loads | FF | Memory LUTs | RAMB | URAM | DSP | GT | MMCM | PLL | Hard IP | Net               |
+-----------+-------+-----------------+------------+-------------+-----------------+----+-------------+------+------+-----+----+------+-----+---------+-------------------+
| g0        | 0     | BUFGCE/O        | None       |          16 |               0 |  0 |          16 |    0 |   16 |   0 |  0 |    0 |   0 |       0 | ooc_ap_clk_global |
+-----------+-------+-----------------+------------+-------------+-----------------+----+-------------+------+------+-----+----+------+-----+---------+-------------------+
* Clock Loads column represents cell count of net connects that connect to a clock pin. Internal cell leaf pins are not considered
** Non-Clock Loads column represents cell count of non-clock pin loads
*** Columns FF, LUTRAM, RAMB through 'Hard IP' represents load cell counts


14. Clock Region Cell Placement per Global Clock: Region X6Y0
-------------------------------------------------------------

+-----------+-------+-----------------+------------+-------------+-----------------+----+-------------+------+------+-----+----+------+-----+---------+-------------------+
| Global Id | Track | Driver Type/Pin | Constraint | Clock Loads | Non-Clock Loads | FF | Memory LUTs | RAMB | URAM | DSP | GT | MMCM | PLL | Hard IP | Net               |
+-----------+-------+-----------------+------------+-------------+-----------------+----+-------------+------+------+-----+----+------+-----+---------+-------------------+
| g0        | 0     | BUFGCE/O        | None       |           2 |               0 |  0 |           2 |    0 |    2 |   0 |  0 |    0 |   0 |       0 | ooc_ap_clk_global |
+-----------+-------+-----------------+------------+-------------+-----------------+----+-------------+------+------+-----+----+------+-----+---------+-------------------+
* Clock Loads column represents cell count of net connects that connect to a clock pin. Internal cell leaf pins are not considered
** Non-Clock Loads column represents cell count of non-clock pin loads
*** Columns FF, LUTRAM, RAMB through 'Hard IP' represents load cell counts


15. Clock Region Cell Placement per Global Clock: Region X1Y1
-------------------------------------------------------------

+-----------+-------+-----------------+------------+-------------+-----------------+----+-------------+------+------+-----+----+------+-----+---------+-------------------+
| Global Id | Track | Driver Type/Pin | Constraint | Clock Loads | Non-Clock Loads | FF | Memory LUTs | RAMB | URAM | DSP | GT | MMCM | PLL | Hard IP | Net               |
+-----------+-------+-----------------+------------+-------------+-----------------+----+-------------+------+------+-----+----+------+-----+---------+-------------------+
| g0        | 0     | BUFGCE/O        | None       |          16 |               0 |  0 |          16 |    0 |   16 |   0 |  0 |    0 |   0 |       0 | ooc_ap_clk_global |
+-----------+-------+-----------------+------------+-------------+-----------------+----+-------------+------+------+-----+----+------+-----+---------+-------------------+
* Clock Loads column represents cell count of net connects that connect to a clock pin. Internal cell leaf pins are not considered
** Non-Clock Loads column represents cell count of non-clock pin loads
*** Columns FF, LUTRAM, RAMB through 'Hard IP' represents load cell counts


16. Clock Region Cell Placement per Global Clock: Region X2Y1
-------------------------------------------------------------

+-----------+-------+-----------------+------------+-------------+-----------------+----+-------------+------+------+-----+----+------+-----+---------+-------------------+
| Global Id | Track | Driver Type/Pin | Constraint | Clock Loads | Non-Clock Loads | FF | Memory LUTs | RAMB | URAM | DSP | GT | MMCM | PLL | Hard IP | Net               |
+-----------+-------+-----------------+------------+-------------+-----------------+----+-------------+------+------+-----+----+------+-----+---------+-------------------+
| g0+       | 0     | BUFGCE/O        | None       |           0 |               0 |  0 |           0 |    0 |    0 |   0 |  0 |    0 |   0 |       0 | ooc_ap_clk_global |
+-----------+-------+-----------------+------------+-------------+-----------------+----+-------------+------+------+-----+----+------+-----+---------+-------------------+
* Clock Loads column represents cell count of net connects that connect to a clock pin. Internal cell leaf pins are not considered
** Non-Clock Loads column represents cell count of non-clock pin loads
*** Columns FF, LUTRAM, RAMB through 'Hard IP' represents load cell counts
**** In Global Id column, sympbol '+' indicates that global clock was used only to route through the clock region.


17. Clock Region Cell Placement per Global Clock: Region X3Y1
-------------------------------------------------------------

+-----------+-------+-----------------+------------+-------------+-----------------+----+-------------+------+------+-----+----+------+-----+---------+-------------------+
| Global Id | Track | Driver Type/Pin | Constraint | Clock Loads | Non-Clock Loads | FF | Memory LUTs | RAMB | URAM | DSP | GT | MMCM | PLL | Hard IP | Net               |
+-----------+-------+-----------------+------------+-------------+-----------------+----+-------------+------+------+-----+----+------+-----+---------+-------------------+
| g0        | 0     | BUFGCE/O        | None       |          16 |               0 |  0 |          16 |    0 |   16 |   0 |  0 |    0 |   0 |       0 | ooc_ap_clk_global |
+-----------+-------+-----------------+------------+-------------+-----------------+----+-------------+------+------+-----+----+------+-----+---------+-------------------+
* Clock Loads column represents cell count of net connects that connect to a clock pin. Internal cell leaf pins are not considered
** Non-Clock Loads column represents cell count of non-clock pin loads
*** Columns FF, LUTRAM, RAMB through 'Hard IP' represents load cell counts


18. Clock Region Cell Placement per Global Clock: Region X4Y1
-------------------------------------------------------------

+-----------+-------+-----------------+------------+-------------+-----------------+----+-------------+------+------+-----+----+------+-----+---------+-------------------+
| Global Id | Track | Driver Type/Pin | Constraint | Clock Loads | Non-Clock Loads | FF | Memory LUTs | RAMB | URAM | DSP | GT | MMCM | PLL | Hard IP | Net               |
+-----------+-------+-----------------+------------+-------------+-----------------+----+-------------+------+------+-----+----+------+-----+---------+-------------------+
| g0        | 0     | BUFGCE/O        | None       |          16 |               0 |  0 |          16 |    0 |   16 |   0 |  0 |    0 |   0 |       0 | ooc_ap_clk_global |
+-----------+-------+-----------------+------------+-------------+-----------------+----+-------------+------+------+-----+----+------+-----+---------+-------------------+
* Clock Loads column represents cell count of net connects that connect to a clock pin. Internal cell leaf pins are not considered
** Non-Clock Loads column represents cell count of non-clock pin loads
*** Columns FF, LUTRAM, RAMB through 'Hard IP' represents load cell counts


19. Clock Region Cell Placement per Global Clock: Region X5Y1
-------------------------------------------------------------

+-----------+-------+-----------------+------------+-------------+-----------------+----+-------------+------+------+-----+----+------+-----+---------+-------------------+
| Global Id | Track | Driver Type/Pin | Constraint | Clock Loads | Non-Clock Loads | FF | Memory LUTs | RAMB | URAM | DSP | GT | MMCM | PLL | Hard IP | Net               |
+-----------+-------+-----------------+------------+-------------+-----------------+----+-------------+------+------+-----+----+------+-----+---------+-------------------+
| g0        | 0     | BUFGCE/O        | None       |          16 |               0 |  0 |          16 |    0 |   16 |   0 |  0 |    0 |   0 |       0 | ooc_ap_clk_global |
+-----------+-------+-----------------+------------+-------------+-----------------+----+-------------+------+------+-----+----+------+-----+---------+-------------------+
* Clock Loads column represents cell count of net connects that connect to a clock pin. Internal cell leaf pins are not considered
** Non-Clock Loads column represents cell count of non-clock pin loads
*** Columns FF, LUTRAM, RAMB through 'Hard IP' represents load cell counts


20. Clock Region Cell Placement per Global Clock: Region X6Y1
-------------------------------------------------------------

+-----------+-------+-----------------+------------+-------------+-----------------+----+-------------+------+------+-----+----+------+-----+---------+-------------------+
| Global Id | Track | Driver Type/Pin | Constraint | Clock Loads | Non-Clock Loads | FF | Memory LUTs | RAMB | URAM | DSP | GT | MMCM | PLL | Hard IP | Net               |
+-----------+-------+-----------------+------------+-------------+-----------------+----+-------------+------+------+-----+----+------+-----+---------+-------------------+
| g0        | 0     | BUFGCE/O        | None       |          16 |               0 |  0 |          16 |    0 |   16 |   0 |  0 |    0 |   0 |       0 | ooc_ap_clk_global |
+-----------+-------+-----------------+------------+-------------+-----------------+----+-------------+------+------+-----+----+------+-----+---------+-------------------+
* Clock Loads column represents cell count of net connects that connect to a clock pin. Internal cell leaf pins are not considered
** Non-Clock Loads column represents cell count of non-clock pin loads
*** Columns FF, LUTRAM, RAMB through 'Hard IP' represents load cell counts


21. Clock Region Cell Placement per Global Clock: Region X1Y2
-------------------------------------------------------------

+-----------+-------+-----------------+------------+-------------+-----------------+----+-------------+------+------+-----+----+------+-----+---------+-------------------+
| Global Id | Track | Driver Type/Pin | Constraint | Clock Loads | Non-Clock Loads | FF | Memory LUTs | RAMB | URAM | DSP | GT | MMCM | PLL | Hard IP | Net               |
+-----------+-------+-----------------+------------+-------------+-----------------+----+-------------+------+------+-----+----+------+-----+---------+-------------------+
| g0        | 0     | BUFGCE/O        | None       |          16 |               0 |  0 |          16 |    0 |   16 |   0 |  0 |    0 |   0 |       0 | ooc_ap_clk_global |
+-----------+-------+-----------------+------------+-------------+-----------------+----+-------------+------+------+-----+----+------+-----+---------+-------------------+
* Clock Loads column represents cell count of net connects that connect to a clock pin. Internal cell leaf pins are not considered
** Non-Clock Loads column represents cell count of non-clock pin loads
*** Columns FF, LUTRAM, RAMB through 'Hard IP' represents load cell counts


22. Clock Region Cell Placement per Global Clock: Region X2Y2
-------------------------------------------------------------

+-----------+-------+-----------------+------------+-------------+-----------------+----+-------------+------+------+-----+----+------+-----+---------+-------------------+
| Global Id | Track | Driver Type/Pin | Constraint | Clock Loads | Non-Clock Loads | FF | Memory LUTs | RAMB | URAM | DSP | GT | MMCM | PLL | Hard IP | Net               |
+-----------+-------+-----------------+------------+-------------+-----------------+----+-------------+------+------+-----+----+------+-----+---------+-------------------+
| g0+       | 0     | BUFGCE/O        | None       |           0 |               0 |  0 |           0 |    0 |    0 |   0 |  0 |    0 |   0 |       0 | ooc_ap_clk_global |
+-----------+-------+-----------------+------------+-------------+-----------------+----+-------------+------+------+-----+----+------+-----+---------+-------------------+
* Clock Loads column represents cell count of net connects that connect to a clock pin. Internal cell leaf pins are not considered
** Non-Clock Loads column represents cell count of non-clock pin loads
*** Columns FF, LUTRAM, RAMB through 'Hard IP' represents load cell counts
**** In Global Id column, sympbol '+' indicates that global clock was used only to route through the clock region.


23. Clock Region Cell Placement per Global Clock: Region X3Y2
-------------------------------------------------------------

+-----------+-------+-----------------+------------+-------------+-----------------+----+-------------+------+------+-----+----+------+-----+---------+-------------------+
| Global Id | Track | Driver Type/Pin | Constraint | Clock Loads | Non-Clock Loads | FF | Memory LUTs | RAMB | URAM | DSP | GT | MMCM | PLL | Hard IP | Net               |
+-----------+-------+-----------------+------------+-------------+-----------------+----+-------------+------+------+-----+----+------+-----+---------+-------------------+
| g0        | 0     | BUFGCE/O        | None       |          26 |               0 | 10 |          16 |    0 |   16 |   0 |  0 |    0 |   0 |       0 | ooc_ap_clk_global |
+-----------+-------+-----------------+------------+-------------+-----------------+----+-------------+------+------+-----+----+------+-----+---------+-------------------+
* Clock Loads column represents cell count of net connects that connect to a clock pin. Internal cell leaf pins are not considered
** Non-Clock Loads column represents cell count of non-clock pin loads
*** Columns FF, LUTRAM, RAMB through 'Hard IP' represents load cell counts


24. Clock Region Cell Placement per Global Clock: Region X4Y2
-------------------------------------------------------------

+-----------+-------+-----------------+------------+-------------+-----------------+-----+-------------+------+------+-----+----+------+-----+---------+-------------------+
| Global Id | Track | Driver Type/Pin | Constraint | Clock Loads | Non-Clock Loads | FF  | Memory LUTs | RAMB | URAM | DSP | GT | MMCM | PLL | Hard IP | Net               |
+-----------+-------+-----------------+------------+-------------+-----------------+-----+-------------+------+------+-----+----+------+-----+---------+-------------------+
| g0        | 0     | BUFGCE/O        | None       |         412 |               0 | 396 |          16 |    0 |   16 |   0 |  0 |    0 |   0 |       0 | ooc_ap_clk_global |
+-----------+-------+-----------------+------------+-------------+-----------------+-----+-------------+------+------+-----+----+------+-----+---------+-------------------+
* Clock Loads column represents cell count of net connects that connect to a clock pin. Internal cell leaf pins are not considered
** Non-Clock Loads column represents cell count of non-clock pin loads
*** Columns FF, LUTRAM, RAMB through 'Hard IP' represents load cell counts


25. Clock Region Cell Placement per Global Clock: Region X5Y2
-------------------------------------------------------------

+-----------+-------+-----------------+------------+-------------+-----------------+----+-------------+------+------+-----+----+------+-----+---------+-------------------+
| Global Id | Track | Driver Type/Pin | Constraint | Clock Loads | Non-Clock Loads | FF | Memory LUTs | RAMB | URAM | DSP | GT | MMCM | PLL | Hard IP | Net               |
+-----------+-------+-----------------+------------+-------------+-----------------+----+-------------+------+------+-----+----+------+-----+---------+-------------------+
| g0        | 0     | BUFGCE/O        | None       |          17 |               0 |  1 |          16 |    0 |   16 |   0 |  0 |    0 |   0 |       0 | ooc_ap_clk_global |
+-----------+-------+-----------------+------------+-------------+-----------------+----+-------------+------+------+-----+----+------+-----+---------+-------------------+
* Clock Loads column represents cell count of net connects that connect to a clock pin. Internal cell leaf pins are not considered
** Non-Clock Loads column represents cell count of non-clock pin loads
*** Columns FF, LUTRAM, RAMB through 'Hard IP' represents load cell counts


26. Clock Region Cell Placement per Global Clock: Region X6Y2
-------------------------------------------------------------

+-----------+-------+-----------------+------------+-------------+-----------------+----+-------------+------+------+-----+----+------+-----+---------+-------------------+
| Global Id | Track | Driver Type/Pin | Constraint | Clock Loads | Non-Clock Loads | FF | Memory LUTs | RAMB | URAM | DSP | GT | MMCM | PLL | Hard IP | Net               |
+-----------+-------+-----------------+------------+-------------+-----------------+----+-------------+------+------+-----+----+------+-----+---------+-------------------+
| g0        | 0     | BUFGCE/O        | None       |          16 |               0 |  0 |          16 |    0 |   16 |   0 |  0 |    0 |   0 |       0 | ooc_ap_clk_global |
+-----------+-------+-----------------+------------+-------------+-----------------+----+-------------+------+------+-----+----+------+-----+---------+-------------------+
* Clock Loads column represents cell count of net connects that connect to a clock pin. Internal cell leaf pins are not considered
** Non-Clock Loads column represents cell count of non-clock pin loads
*** Columns FF, LUTRAM, RAMB through 'Hard IP' represents load cell counts


27. Clock Region Cell Placement per Global Clock: Region X1Y3
-------------------------------------------------------------

+-----------+-------+-----------------+------------+-------------+-----------------+----+-------------+------+------+-----+----+------+-----+---------+-------------------+
| Global Id | Track | Driver Type/Pin | Constraint | Clock Loads | Non-Clock Loads | FF | Memory LUTs | RAMB | URAM | DSP | GT | MMCM | PLL | Hard IP | Net               |
+-----------+-------+-----------------+------------+-------------+-----------------+----+-------------+------+------+-----+----+------+-----+---------+-------------------+
| g0        | 0     | BUFGCE/O        | None       |          16 |               0 |  0 |          16 |    0 |   16 |   0 |  0 |    0 |   0 |       0 | ooc_ap_clk_global |
+-----------+-------+-----------------+------------+-------------+-----------------+----+-------------+------+------+-----+----+------+-----+---------+-------------------+
* Clock Loads column represents cell count of net connects that connect to a clock pin. Internal cell leaf pins are not considered
** Non-Clock Loads column represents cell count of non-clock pin loads
*** Columns FF, LUTRAM, RAMB through 'Hard IP' represents load cell counts


28. Clock Region Cell Placement per Global Clock: Region X2Y3
-------------------------------------------------------------

+-----------+-------+-----------------+------------+-------------+-----------------+----+-------------+------+------+-----+----+------+-----+---------+-------------------+
| Global Id | Track | Driver Type/Pin | Constraint | Clock Loads | Non-Clock Loads | FF | Memory LUTs | RAMB | URAM | DSP | GT | MMCM | PLL | Hard IP | Net               |
+-----------+-------+-----------------+------------+-------------+-----------------+----+-------------+------+------+-----+----+------+-----+---------+-------------------+
| g0        | 0     | BUFGCE/O        | None       |           5 |               0 |  5 |           0 |    0 |    0 |   0 |  0 |    0 |   0 |       0 | ooc_ap_clk_global |
+-----------+-------+-----------------+------------+-------------+-----------------+----+-------------+------+------+-----+----+------+-----+---------+-------------------+
* Clock Loads column represents cell count of net connects that connect to a clock pin. Internal cell leaf pins are not considered
** Non-Clock Loads column represents cell count of non-clock pin loads
*** Columns FF, LUTRAM, RAMB through 'Hard IP' represents load cell counts


29. Clock Region Cell Placement per Global Clock: Region X3Y3
-------------------------------------------------------------

+-----------+-------+-----------------+------------+-------------+-----------------+----+-------------+------+------+-----+----+------+-----+---------+-------------------+
| Global Id | Track | Driver Type/Pin | Constraint | Clock Loads | Non-Clock Loads | FF | Memory LUTs | RAMB | URAM | DSP | GT | MMCM | PLL | Hard IP | Net               |
+-----------+-------+-----------------+------------+-------------+-----------------+----+-------------+------+------+-----+----+------+-----+---------+-------------------+
| g0        | 0     | BUFGCE/O        | None       |          26 |               0 | 10 |          16 |    0 |   16 |   0 |  0 |    0 |   0 |       0 | ooc_ap_clk_global |
+-----------+-------+-----------------+------------+-------------+-----------------+----+-------------+------+------+-----+----+------+-----+---------+-------------------+
* Clock Loads column represents cell count of net connects that connect to a clock pin. Internal cell leaf pins are not considered
** Non-Clock Loads column represents cell count of non-clock pin loads
*** Columns FF, LUTRAM, RAMB through 'Hard IP' represents load cell counts


30. Clock Region Cell Placement per Global Clock: Region X4Y3
-------------------------------------------------------------

+-----------+-------+-----------------+------------+-------------+-----------------+-----+-------------+------+------+-----+----+------+-----+---------+-------------------+
| Global Id | Track | Driver Type/Pin | Constraint | Clock Loads | Non-Clock Loads | FF  | Memory LUTs | RAMB | URAM | DSP | GT | MMCM | PLL | Hard IP | Net               |
+-----------+-------+-----------------+------------+-------------+-----------------+-----+-------------+------+------+-----+----+------+-----+---------+-------------------+
| g0        | 0     | BUFGCE/O        | None       |         321 |               0 | 303 |          18 |    0 |   16 |   0 |  0 |    0 |   0 |       0 | ooc_ap_clk_global |
+-----------+-------+-----------------+------------+-------------+-----------------+-----+-------------+------+------+-----+----+------+-----+---------+-------------------+
* Clock Loads column represents cell count of net connects that connect to a clock pin. Internal cell leaf pins are not considered
** Non-Clock Loads column represents cell count of non-clock pin loads
*** Columns FF, LUTRAM, RAMB through 'Hard IP' represents load cell counts


31. Clock Region Cell Placement per Global Clock: Region X5Y3
-------------------------------------------------------------

+-----------+-------+-----------------+------------+-------------+-----------------+----+-------------+------+------+-----+----+------+-----+---------+-------------------+
| Global Id | Track | Driver Type/Pin | Constraint | Clock Loads | Non-Clock Loads | FF | Memory LUTs | RAMB | URAM | DSP | GT | MMCM | PLL | Hard IP | Net               |
+-----------+-------+-----------------+------------+-------------+-----------------+----+-------------+------+------+-----+----+------+-----+---------+-------------------+
| g0        | 0     | BUFGCE/O        | None       |          34 |               0 | 18 |          16 |    0 |   16 |   0 |  0 |    0 |   0 |       0 | ooc_ap_clk_global |
+-----------+-------+-----------------+------------+-------------+-----------------+----+-------------+------+------+-----+----+------+-----+---------+-------------------+
* Clock Loads column represents cell count of net connects that connect to a clock pin. Internal cell leaf pins are not considered
** Non-Clock Loads column represents cell count of non-clock pin loads
*** Columns FF, LUTRAM, RAMB through 'Hard IP' represents load cell counts


32. Clock Region Cell Placement per Global Clock: Region X6Y3
-------------------------------------------------------------

+-----------+-------+-----------------+------------+-------------+-----------------+----+-------------+------+------+-----+----+------+-----+---------+-------------------+
| Global Id | Track | Driver Type/Pin | Constraint | Clock Loads | Non-Clock Loads | FF | Memory LUTs | RAMB | URAM | DSP | GT | MMCM | PLL | Hard IP | Net               |
+-----------+-------+-----------------+------------+-------------+-----------------+----+-------------+------+------+-----+----+------+-----+---------+-------------------+
| g0        | 0     | BUFGCE/O        | None       |          16 |               0 |  0 |          16 |    0 |   16 |   0 |  0 |    0 |   0 |       0 | ooc_ap_clk_global |
+-----------+-------+-----------------+------------+-------------+-----------------+----+-------------+------+------+-----+----+------+-----+---------+-------------------+
* Clock Loads column represents cell count of net connects that connect to a clock pin. Internal cell leaf pins are not considered
** Non-Clock Loads column represents cell count of non-clock pin loads
*** Columns FF, LUTRAM, RAMB through 'Hard IP' represents load cell counts


33. Clock Region Cell Placement per Global Clock: Region X1Y4
-------------------------------------------------------------

+-----------+-------+-----------------+------------+-------------+-----------------+----+-------------+------+------+-----+----+------+-----+---------+-------------------+
| Global Id | Track | Driver Type/Pin | Constraint | Clock Loads | Non-Clock Loads | FF | Memory LUTs | RAMB | URAM | DSP | GT | MMCM | PLL | Hard IP | Net               |
+-----------+-------+-----------------+------------+-------------+-----------------+----+-------------+------+------+-----+----+------+-----+---------+-------------------+
| g0        | 0     | BUFGCE/O        | None       |          23 |               0 |  0 |           6 |   17 |    6 |   0 |  0 |    0 |   0 |       0 | ooc_ap_clk_global |
+-----------+-------+-----------------+------------+-------------+-----------------+----+-------------+------+------+-----+----+------+-----+---------+-------------------+
* Clock Loads column represents cell count of net connects that connect to a clock pin. Internal cell leaf pins are not considered
** Non-Clock Loads column represents cell count of non-clock pin loads
*** Columns FF, LUTRAM, RAMB through 'Hard IP' represents load cell counts


34. Clock Region Cell Placement per Global Clock: Region X2Y4
-------------------------------------------------------------

+-----------+-------+-----------------+------------+-------------+-----------------+----+-------------+------+------+-----+----+------+-----+---------+-------------------+
| Global Id | Track | Driver Type/Pin | Constraint | Clock Loads | Non-Clock Loads | FF | Memory LUTs | RAMB | URAM | DSP | GT | MMCM | PLL | Hard IP | Net               |
+-----------+-------+-----------------+------------+-------------+-----------------+----+-------------+------+------+-----+----+------+-----+---------+-------------------+
| g0        | 0     | BUFGCE/O        | None       |          56 |               0 | 20 |           0 |   36 |    0 |   0 |  0 |    0 |   0 |       0 | ooc_ap_clk_global |
+-----------+-------+-----------------+------------+-------------+-----------------+----+-------------+------+------+-----+----+------+-----+---------+-------------------+
* Clock Loads column represents cell count of net connects that connect to a clock pin. Internal cell leaf pins are not considered
** Non-Clock Loads column represents cell count of non-clock pin loads
*** Columns FF, LUTRAM, RAMB through 'Hard IP' represents load cell counts


35. Clock Region Cell Placement per Global Clock: Region X3Y4
-------------------------------------------------------------

+-----------+-------+-----------------+------------+-------------+-----------------+----+-------------+------+------+-----+----+------+-----+---------+-------------------+
| Global Id | Track | Driver Type/Pin | Constraint | Clock Loads | Non-Clock Loads | FF | Memory LUTs | RAMB | URAM | DSP | GT | MMCM | PLL | Hard IP | Net               |
+-----------+-------+-----------------+------------+-------------+-----------------+----+-------------+------+------+-----+----+------+-----+---------+-------------------+
| g0        | 0     | BUFGCE/O        | None       |          37 |               0 |  9 |          16 |   12 |   16 |   0 |  0 |    0 |   0 |       0 | ooc_ap_clk_global |
+-----------+-------+-----------------+------------+-------------+-----------------+----+-------------+------+------+-----+----+------+-----+---------+-------------------+
* Clock Loads column represents cell count of net connects that connect to a clock pin. Internal cell leaf pins are not considered
** Non-Clock Loads column represents cell count of non-clock pin loads
*** Columns FF, LUTRAM, RAMB through 'Hard IP' represents load cell counts


36. Clock Region Cell Placement per Global Clock: Region X4Y4
-------------------------------------------------------------

+-----------+-------+-----------------+------------+-------------+-----------------+----+-------------+------+------+-----+----+------+-----+---------+-------------------+
| Global Id | Track | Driver Type/Pin | Constraint | Clock Loads | Non-Clock Loads | FF | Memory LUTs | RAMB | URAM | DSP | GT | MMCM | PLL | Hard IP | Net               |
+-----------+-------+-----------------+------------+-------------+-----------------+----+-------------+------+------+-----+----+------+-----+---------+-------------------+
| g0        | 0     | BUFGCE/O        | None       |          82 |               0 | 58 |          16 |    8 |   16 |   0 |  0 |    0 |   0 |       0 | ooc_ap_clk_global |
+-----------+-------+-----------------+------------+-------------+-----------------+----+-------------+------+------+-----+----+------+-----+---------+-------------------+
* Clock Loads column represents cell count of net connects that connect to a clock pin. Internal cell leaf pins are not considered
** Non-Clock Loads column represents cell count of non-clock pin loads
*** Columns FF, LUTRAM, RAMB through 'Hard IP' represents load cell counts


37. Clock Region Cell Placement per Global Clock: Region X5Y4
-------------------------------------------------------------

+-----------+-------+-----------------+------------+-------------+-----------------+----+-------------+------+------+-----+----+------+-----+---------+-------------------+
| Global Id | Track | Driver Type/Pin | Constraint | Clock Loads | Non-Clock Loads | FF | Memory LUTs | RAMB | URAM | DSP | GT | MMCM | PLL | Hard IP | Net               |
+-----------+-------+-----------------+------------+-------------+-----------------+----+-------------+------+------+-----+----+------+-----+---------+-------------------+
| g0        | 0     | BUFGCE/O        | None       |          16 |               0 |  0 |          16 |    0 |   16 |   0 |  0 |    0 |   0 |       0 | ooc_ap_clk_global |
+-----------+-------+-----------------+------------+-------------+-----------------+----+-------------+------+------+-----+----+------+-----+---------+-------------------+
* Clock Loads column represents cell count of net connects that connect to a clock pin. Internal cell leaf pins are not considered
** Non-Clock Loads column represents cell count of non-clock pin loads
*** Columns FF, LUTRAM, RAMB through 'Hard IP' represents load cell counts


38. Clock Region Cell Placement per Global Clock: Region X6Y4
-------------------------------------------------------------

+-----------+-------+-----------------+------------+-------------+-----------------+----+-------------+------+------+-----+----+------+-----+---------+-------------------+
| Global Id | Track | Driver Type/Pin | Constraint | Clock Loads | Non-Clock Loads | FF | Memory LUTs | RAMB | URAM | DSP | GT | MMCM | PLL | Hard IP | Net               |
+-----------+-------+-----------------+------------+-------------+-----------------+----+-------------+------+------+-----+----+------+-----+---------+-------------------+
| g0        | 0     | BUFGCE/O        | None       |           6 |               0 |  0 |           6 |    0 |    6 |   0 |  0 |    0 |   0 |       0 | ooc_ap_clk_global |
+-----------+-------+-----------------+------------+-------------+-----------------+----+-------------+------+------+-----+----+------+-----+---------+-------------------+
* Clock Loads column represents cell count of net connects that connect to a clock pin. Internal cell leaf pins are not considered
** Non-Clock Loads column represents cell count of non-clock pin loads
*** Columns FF, LUTRAM, RAMB through 'Hard IP' represents load cell counts


39. Clock Region Cell Placement per Global Clock: Region X0Y5
-------------------------------------------------------------

+-----------+-------+-----------------+------------+-------------+-----------------+----+-------------+------+------+-----+----+------+-----+---------+-------------------+
| Global Id | Track | Driver Type/Pin | Constraint | Clock Loads | Non-Clock Loads | FF | Memory LUTs | RAMB | URAM | DSP | GT | MMCM | PLL | Hard IP | Net               |
+-----------+-------+-----------------+------------+-------------+-----------------+----+-------------+------+------+-----+----+------+-----+---------+-------------------+
| g0        | 0     | BUFGCE/O        | None       |           3 |               0 |  0 |           0 |    3 |    0 |   0 |  0 |    0 |   0 |       0 | ooc_ap_clk_global |
+-----------+-------+-----------------+------------+-------------+-----------------+----+-------------+------+------+-----+----+------+-----+---------+-------------------+
* Clock Loads column represents cell count of net connects that connect to a clock pin. Internal cell leaf pins are not considered
** Non-Clock Loads column represents cell count of non-clock pin loads
*** Columns FF, LUTRAM, RAMB through 'Hard IP' represents load cell counts


40. Clock Region Cell Placement per Global Clock: Region X1Y5
-------------------------------------------------------------

+-----------+-------+-----------------+------------+-------------+-----------------+----+-------------+------+------+-----+----+------+-----+---------+-------------------+
| Global Id | Track | Driver Type/Pin | Constraint | Clock Loads | Non-Clock Loads | FF | Memory LUTs | RAMB | URAM | DSP | GT | MMCM | PLL | Hard IP | Net               |
+-----------+-------+-----------------+------------+-------------+-----------------+----+-------------+------+------+-----+----+------+-----+---------+-------------------+
| g0        | 0     | BUFGCE/O        | None       |          40 |               0 |  0 |          16 |   24 |   16 |   0 |  0 |    0 |   0 |       0 | ooc_ap_clk_global |
+-----------+-------+-----------------+------------+-------------+-----------------+----+-------------+------+------+-----+----+------+-----+---------+-------------------+
* Clock Loads column represents cell count of net connects that connect to a clock pin. Internal cell leaf pins are not considered
** Non-Clock Loads column represents cell count of non-clock pin loads
*** Columns FF, LUTRAM, RAMB through 'Hard IP' represents load cell counts


41. Clock Region Cell Placement per Global Clock: Region X2Y5
-------------------------------------------------------------

+-----------+-------+-----------------+------------+-------------+-----------------+----+-------------+------+------+-----+----+------+-----+---------+-------------------+
| Global Id | Track | Driver Type/Pin | Constraint | Clock Loads | Non-Clock Loads | FF | Memory LUTs | RAMB | URAM | DSP | GT | MMCM | PLL | Hard IP | Net               |
+-----------+-------+-----------------+------------+-------------+-----------------+----+-------------+------+------+-----+----+------+-----+---------+-------------------+
| g0        | 0     | BUFGCE/O        | None       |         111 |               0 | 75 |           0 |   36 |    0 |   0 |  0 |    0 |   0 |       0 | ooc_ap_clk_global |
+-----------+-------+-----------------+------------+-------------+-----------------+----+-------------+------+------+-----+----+------+-----+---------+-------------------+
* Clock Loads column represents cell count of net connects that connect to a clock pin. Internal cell leaf pins are not considered
** Non-Clock Loads column represents cell count of non-clock pin loads
*** Columns FF, LUTRAM, RAMB through 'Hard IP' represents load cell counts


42. Clock Region Cell Placement per Global Clock: Region X3Y5
-------------------------------------------------------------

+-----------+-------+-----------------+------------+-------------+-----------------+------+-------------+------+------+-----+----+------+-----+---------+-------------------+
| Global Id | Track | Driver Type/Pin | Constraint | Clock Loads | Non-Clock Loads | FF   | Memory LUTs | RAMB | URAM | DSP | GT | MMCM | PLL | Hard IP | Net               |
+-----------+-------+-----------------+------------+-------------+-----------------+------+-------------+------+------+-----+----+------+-----+---------+-------------------+
| g0        | 0     | BUFGCE/O        | None       |        1472 |               0 | 1282 |         178 |   12 |   16 |   0 |  0 |    0 |   0 |       0 | ooc_ap_clk_global |
+-----------+-------+-----------------+------------+-------------+-----------------+------+-------------+------+------+-----+----+------+-----+---------+-------------------+
* Clock Loads column represents cell count of net connects that connect to a clock pin. Internal cell leaf pins are not considered
** Non-Clock Loads column represents cell count of non-clock pin loads
*** Columns FF, LUTRAM, RAMB through 'Hard IP' represents load cell counts


43. Clock Region Cell Placement per Global Clock: Region X4Y5
-------------------------------------------------------------

+-----------+-------+-----------------+------------+-------------+-----------------+------+-------------+------+------+-----+----+------+-----+---------+-------------------+
| Global Id | Track | Driver Type/Pin | Constraint | Clock Loads | Non-Clock Loads | FF   | Memory LUTs | RAMB | URAM | DSP | GT | MMCM | PLL | Hard IP | Net               |
+-----------+-------+-----------------+------------+-------------+-----------------+------+-------------+------+------+-----+----+------+-----+---------+-------------------+
| g0        | 0     | BUFGCE/O        | None       |        6549 |               0 | 5922 |         615 |   12 |   16 |   0 |  0 |    0 |   0 |       0 | ooc_ap_clk_global |
+-----------+-------+-----------------+------------+-------------+-----------------+------+-------------+------+------+-----+----+------+-----+---------+-------------------+
* Clock Loads column represents cell count of net connects that connect to a clock pin. Internal cell leaf pins are not considered
** Non-Clock Loads column represents cell count of non-clock pin loads
*** Columns FF, LUTRAM, RAMB through 'Hard IP' represents load cell counts


44. Clock Region Cell Placement per Global Clock: Region X5Y5
-------------------------------------------------------------

+-----------+-------+-----------------+------------+-------------+-----------------+-----+-------------+------+------+-----+----+------+-----+---------+-------------------+
| Global Id | Track | Driver Type/Pin | Constraint | Clock Loads | Non-Clock Loads | FF  | Memory LUTs | RAMB | URAM | DSP | GT | MMCM | PLL | Hard IP | Net               |
+-----------+-------+-----------------+------------+-------------+-----------------+-----+-------------+------+------+-----+----+------+-----+---------+-------------------+
| g0        | 0     | BUFGCE/O        | None       |         299 |               0 | 281 |          18 |    0 |   16 |   0 |  0 |    0 |   0 |       0 | ooc_ap_clk_global |
+-----------+-------+-----------------+------------+-------------+-----------------+-----+-------------+------+------+-----+----+------+-----+---------+-------------------+
* Clock Loads column represents cell count of net connects that connect to a clock pin. Internal cell leaf pins are not considered
** Non-Clock Loads column represents cell count of non-clock pin loads
*** Columns FF, LUTRAM, RAMB through 'Hard IP' represents load cell counts


45. Clock Region Cell Placement per Global Clock: Region X6Y5
-------------------------------------------------------------

+-----------+-------+-----------------+------------+-------------+-----------------+----+-------------+------+------+-----+----+------+-----+---------+-------------------+
| Global Id | Track | Driver Type/Pin | Constraint | Clock Loads | Non-Clock Loads | FF | Memory LUTs | RAMB | URAM | DSP | GT | MMCM | PLL | Hard IP | Net               |
+-----------+-------+-----------------+------------+-------------+-----------------+----+-------------+------+------+-----+----+------+-----+---------+-------------------+
| g0        | 0     | BUFGCE/O        | None       |          15 |               0 |  0 |          15 |    0 |   15 |   0 |  0 |    0 |   0 |       0 | ooc_ap_clk_global |
+-----------+-------+-----------------+------------+-------------+-----------------+----+-------------+------+------+-----+----+------+-----+---------+-------------------+
* Clock Loads column represents cell count of net connects that connect to a clock pin. Internal cell leaf pins are not considered
** Non-Clock Loads column represents cell count of non-clock pin loads
*** Columns FF, LUTRAM, RAMB through 'Hard IP' represents load cell counts


46. Clock Region Cell Placement per Global Clock: Region X0Y6
-------------------------------------------------------------

+-----------+-------+-----------------+------------+-------------+-----------------+----+-------------+------+------+-----+----+------+-----+---------+-------------------+
| Global Id | Track | Driver Type/Pin | Constraint | Clock Loads | Non-Clock Loads | FF | Memory LUTs | RAMB | URAM | DSP | GT | MMCM | PLL | Hard IP | Net               |
+-----------+-------+-----------------+------------+-------------+-----------------+----+-------------+------+------+-----+----+------+-----+---------+-------------------+
| g0        | 0     | BUFGCE/O        | None       |          12 |               0 |  0 |           0 |   12 |    0 |   0 |  0 |    0 |   0 |       0 | ooc_ap_clk_global |
+-----------+-------+-----------------+------------+-------------+-----------------+----+-------------+------+------+-----+----+------+-----+---------+-------------------+
* Clock Loads column represents cell count of net connects that connect to a clock pin. Internal cell leaf pins are not considered
** Non-Clock Loads column represents cell count of non-clock pin loads
*** Columns FF, LUTRAM, RAMB through 'Hard IP' represents load cell counts


47. Clock Region Cell Placement per Global Clock: Region X1Y6
-------------------------------------------------------------

+-----------+-------+-----------------+------------+-------------+-----------------+----+-------------+------+------+-----+----+------+-----+---------+-------------------+
| Global Id | Track | Driver Type/Pin | Constraint | Clock Loads | Non-Clock Loads | FF | Memory LUTs | RAMB | URAM | DSP | GT | MMCM | PLL | Hard IP | Net               |
+-----------+-------+-----------------+------------+-------------+-----------------+----+-------------+------+------+-----+----+------+-----+---------+-------------------+
| g0        | 0     | BUFGCE/O        | None       |          40 |               0 |  0 |          16 |   24 |   16 |   0 |  0 |    0 |   0 |       0 | ooc_ap_clk_global |
+-----------+-------+-----------------+------------+-------------+-----------------+----+-------------+------+------+-----+----+------+-----+---------+-------------------+
* Clock Loads column represents cell count of net connects that connect to a clock pin. Internal cell leaf pins are not considered
** Non-Clock Loads column represents cell count of non-clock pin loads
*** Columns FF, LUTRAM, RAMB through 'Hard IP' represents load cell counts


48. Clock Region Cell Placement per Global Clock: Region X2Y6
-------------------------------------------------------------

+-----------+-------+-----------------+------------+-------------+-----------------+----+-------------+------+------+-----+----+------+-----+---------+-------------------+
| Global Id | Track | Driver Type/Pin | Constraint | Clock Loads | Non-Clock Loads | FF | Memory LUTs | RAMB | URAM | DSP | GT | MMCM | PLL | Hard IP | Net               |
+-----------+-------+-----------------+------------+-------------+-----------------+----+-------------+------+------+-----+----+------+-----+---------+-------------------+
| g0        | 0     | BUFGCE/O        | None       |          53 |               0 | 17 |           0 |   36 |    0 |   0 |  0 |    0 |   0 |       0 | ooc_ap_clk_global |
+-----------+-------+-----------------+------------+-------------+-----------------+----+-------------+------+------+-----+----+------+-----+---------+-------------------+
* Clock Loads column represents cell count of net connects that connect to a clock pin. Internal cell leaf pins are not considered
** Non-Clock Loads column represents cell count of non-clock pin loads
*** Columns FF, LUTRAM, RAMB through 'Hard IP' represents load cell counts


49. Clock Region Cell Placement per Global Clock: Region X3Y6
-------------------------------------------------------------

+-----------+-------+-----------------+------------+-------------+-----------------+------+-------------+------+------+-----+----+------+-----+---------+-------------------+
| Global Id | Track | Driver Type/Pin | Constraint | Clock Loads | Non-Clock Loads | FF   | Memory LUTs | RAMB | URAM | DSP | GT | MMCM | PLL | Hard IP | Net               |
+-----------+-------+-----------------+------------+-------------+-----------------+------+-------------+------+------+-----+----+------+-----+---------+-------------------+
| g0        | 0     | BUFGCE/O        | None       |        2003 |               0 | 1810 |         181 |   12 |   16 |   0 |  0 |    0 |   0 |       0 | ooc_ap_clk_global |
+-----------+-------+-----------------+------------+-------------+-----------------+------+-------------+------+------+-----+----+------+-----+---------+-------------------+
* Clock Loads column represents cell count of net connects that connect to a clock pin. Internal cell leaf pins are not considered
** Non-Clock Loads column represents cell count of non-clock pin loads
*** Columns FF, LUTRAM, RAMB through 'Hard IP' represents load cell counts


50. Clock Region Cell Placement per Global Clock: Region X4Y6
-------------------------------------------------------------

+-----------+-------+-----------------+------------+-------------+-----------------+------+-------------+------+------+-----+----+------+-----+---------+-------------------+
| Global Id | Track | Driver Type/Pin | Constraint | Clock Loads | Non-Clock Loads | FF   | Memory LUTs | RAMB | URAM | DSP | GT | MMCM | PLL | Hard IP | Net               |
+-----------+-------+-----------------+------------+-------------+-----------------+------+-------------+------+------+-----+----+------+-----+---------+-------------------+
| g0        | 0     | BUFGCE/O        | None       |        7078 |               0 | 6424 |         647 |    7 |   16 |   0 |  0 |    0 |   0 |       0 | ooc_ap_clk_global |
+-----------+-------+-----------------+------------+-------------+-----------------+------+-------------+------+------+-----+----+------+-----+---------+-------------------+
* Clock Loads column represents cell count of net connects that connect to a clock pin. Internal cell leaf pins are not considered
** Non-Clock Loads column represents cell count of non-clock pin loads
*** Columns FF, LUTRAM, RAMB through 'Hard IP' represents load cell counts


51. Clock Region Cell Placement per Global Clock: Region X5Y6
-------------------------------------------------------------

+-----------+-------+-----------------+------------+-------------+-----------------+-----+-------------+------+------+-----+----+------+-----+---------+-------------------+
| Global Id | Track | Driver Type/Pin | Constraint | Clock Loads | Non-Clock Loads | FF  | Memory LUTs | RAMB | URAM | DSP | GT | MMCM | PLL | Hard IP | Net               |
+-----------+-------+-----------------+------------+-------------+-----------------+-----+-------------+------+------+-----+----+------+-----+---------+-------------------+
| g0        | 0     | BUFGCE/O        | None       |         314 |               0 | 238 |          76 |    0 |   16 |   0 |  0 |    0 |   0 |       0 | ooc_ap_clk_global |
+-----------+-------+-----------------+------------+-------------+-----------------+-----+-------------+------+------+-----+----+------+-----+---------+-------------------+
* Clock Loads column represents cell count of net connects that connect to a clock pin. Internal cell leaf pins are not considered
** Non-Clock Loads column represents cell count of non-clock pin loads
*** Columns FF, LUTRAM, RAMB through 'Hard IP' represents load cell counts


52. Clock Region Cell Placement per Global Clock: Region X6Y6
-------------------------------------------------------------

+-----------+-------+-----------------+------------+-------------+-----------------+----+-------------+------+------+-----+----+------+-----+---------+-------------------+
| Global Id | Track | Driver Type/Pin | Constraint | Clock Loads | Non-Clock Loads | FF | Memory LUTs | RAMB | URAM | DSP | GT | MMCM | PLL | Hard IP | Net               |
+-----------+-------+-----------------+------------+-------------+-----------------+----+-------------+------+------+-----+----+------+-----+---------+-------------------+
| g0        | 0     | BUFGCE/O        | None       |          16 |               0 |  0 |          16 |    0 |   16 |   0 |  0 |    0 |   0 |       0 | ooc_ap_clk_global |
+-----------+-------+-----------------+------------+-------------+-----------------+----+-------------+------+------+-----+----+------+-----+---------+-------------------+
* Clock Loads column represents cell count of net connects that connect to a clock pin. Internal cell leaf pins are not considered
** Non-Clock Loads column represents cell count of non-clock pin loads
*** Columns FF, LUTRAM, RAMB through 'Hard IP' represents load cell counts


53. Clock Region Cell Placement per Global Clock: Region X1Y7
-------------------------------------------------------------

+-----------+-------+-----------------+------------+-------------+-----------------+----+-------------+------+------+-----+----+------+-----+---------+-------------------+
| Global Id | Track | Driver Type/Pin | Constraint | Clock Loads | Non-Clock Loads | FF | Memory LUTs | RAMB | URAM | DSP | GT | MMCM | PLL | Hard IP | Net               |
+-----------+-------+-----------------+------------+-------------+-----------------+----+-------------+------+------+-----+----+------+-----+---------+-------------------+
| g0        | 0     | BUFGCE/O        | None       |          31 |               0 |  0 |          10 |   21 |   10 |   0 |  0 |    0 |   0 |       0 | ooc_ap_clk_global |
+-----------+-------+-----------------+------------+-------------+-----------------+----+-------------+------+------+-----+----+------+-----+---------+-------------------+
* Clock Loads column represents cell count of net connects that connect to a clock pin. Internal cell leaf pins are not considered
** Non-Clock Loads column represents cell count of non-clock pin loads
*** Columns FF, LUTRAM, RAMB through 'Hard IP' represents load cell counts


54. Clock Region Cell Placement per Global Clock: Region X2Y7
-------------------------------------------------------------

+-----------+-------+-----------------+------------+-------------+-----------------+----+-------------+------+------+-----+----+------+-----+---------+-------------------+
| Global Id | Track | Driver Type/Pin | Constraint | Clock Loads | Non-Clock Loads | FF | Memory LUTs | RAMB | URAM | DSP | GT | MMCM | PLL | Hard IP | Net               |
+-----------+-------+-----------------+------------+-------------+-----------------+----+-------------+------+------+-----+----+------+-----+---------+-------------------+
| g0        | 0     | BUFGCE/O        | None       |          42 |               0 |  6 |           0 |   36 |    0 |   0 |  0 |    0 |   0 |       0 | ooc_ap_clk_global |
+-----------+-------+-----------------+------------+-------------+-----------------+----+-------------+------+------+-----+----+------+-----+---------+-------------------+
* Clock Loads column represents cell count of net connects that connect to a clock pin. Internal cell leaf pins are not considered
** Non-Clock Loads column represents cell count of non-clock pin loads
*** Columns FF, LUTRAM, RAMB through 'Hard IP' represents load cell counts


55. Clock Region Cell Placement per Global Clock: Region X3Y7
-------------------------------------------------------------

+-----------+-------+-----------------+------------+-------------+-----------------+------+-------------+------+------+-----+----+------+-----+---------+-------------------+
| Global Id | Track | Driver Type/Pin | Constraint | Clock Loads | Non-Clock Loads | FF   | Memory LUTs | RAMB | URAM | DSP | GT | MMCM | PLL | Hard IP | Net               |
+-----------+-------+-----------------+------------+-------------+-----------------+------+-------------+------+------+-----+----+------+-----+---------+-------------------+
| g0        | 0     | BUFGCE/O        | None       |        1889 |               0 | 1796 |          81 |   12 |   16 |   0 |  0 |    0 |   0 |       0 | ooc_ap_clk_global |
+-----------+-------+-----------------+------------+-------------+-----------------+------+-------------+------+------+-----+----+------+-----+---------+-------------------+
* Clock Loads column represents cell count of net connects that connect to a clock pin. Internal cell leaf pins are not considered
** Non-Clock Loads column represents cell count of non-clock pin loads
*** Columns FF, LUTRAM, RAMB through 'Hard IP' represents load cell counts


56. Clock Region Cell Placement per Global Clock: Region X4Y7
-------------------------------------------------------------

+-----------+-------+-----------------+------------+-------------+-----------------+------+-------------+------+------+-----+----+------+-----+---------+-------------------+
| Global Id | Track | Driver Type/Pin | Constraint | Clock Loads | Non-Clock Loads | FF   | Memory LUTs | RAMB | URAM | DSP | GT | MMCM | PLL | Hard IP | Net               |
+-----------+-------+-----------------+------------+-------------+-----------------+------+-------------+------+------+-----+----+------+-----+---------+-------------------+
| g0        | 0     | BUFGCE/O        | None       |        5776 |               0 | 5511 |         261 |    4 |   16 |   0 |  0 |    0 |   0 |       0 | ooc_ap_clk_global |
+-----------+-------+-----------------+------------+-------------+-----------------+------+-------------+------+------+-----+----+------+-----+---------+-------------------+
* Clock Loads column represents cell count of net connects that connect to a clock pin. Internal cell leaf pins are not considered
** Non-Clock Loads column represents cell count of non-clock pin loads
*** Columns FF, LUTRAM, RAMB through 'Hard IP' represents load cell counts


57. Clock Region Cell Placement per Global Clock: Region X5Y7
-------------------------------------------------------------

+-----------+-------+-----------------+------------+-------------+-----------------+------+-------------+------+------+-----+----+------+-----+---------+-------------------+
| Global Id | Track | Driver Type/Pin | Constraint | Clock Loads | Non-Clock Loads | FF   | Memory LUTs | RAMB | URAM | DSP | GT | MMCM | PLL | Hard IP | Net               |
+-----------+-------+-----------------+------------+-------------+-----------------+------+-------------+------+------+-----+----+------+-----+---------+-------------------+
| g0        | 0     | BUFGCE/O        | None       |        3729 |               0 | 3284 |         444 |    1 |   16 |   0 |  0 |    0 |   0 |       0 | ooc_ap_clk_global |
+-----------+-------+-----------------+------------+-------------+-----------------+------+-------------+------+------+-----+----+------+-----+---------+-------------------+
* Clock Loads column represents cell count of net connects that connect to a clock pin. Internal cell leaf pins are not considered
** Non-Clock Loads column represents cell count of non-clock pin loads
*** Columns FF, LUTRAM, RAMB through 'Hard IP' represents load cell counts


58. Clock Region Cell Placement per Global Clock: Region X6Y7
-------------------------------------------------------------

+-----------+-------+-----------------+------------+-------------+-----------------+-----+-------------+------+------+-----+----+------+-----+---------+-------------------+
| Global Id | Track | Driver Type/Pin | Constraint | Clock Loads | Non-Clock Loads | FF  | Memory LUTs | RAMB | URAM | DSP | GT | MMCM | PLL | Hard IP | Net               |
+-----------+-------+-----------------+------------+-------------+-----------------+-----+-------------+------+------+-----+----+------+-----+---------+-------------------+
| g0        | 0     | BUFGCE/O        | None       |         869 |               0 | 690 |         179 |    0 |   11 |   0 |  0 |    0 |   0 |       0 | ooc_ap_clk_global |
+-----------+-------+-----------------+------------+-------------+-----------------+-----+-------------+------+------+-----+----+------+-----+---------+-------------------+
* Clock Loads column represents cell count of net connects that connect to a clock pin. Internal cell leaf pins are not considered
** Non-Clock Loads column represents cell count of non-clock pin loads
*** Columns FF, LUTRAM, RAMB through 'Hard IP' represents load cell counts


59. Clock Region Cell Placement per Global Clock: Region X2Y8
-------------------------------------------------------------

+-----------+-------+-----------------+------------+-------------+-----------------+-----+-------------+------+------+-----+----+------+-----+---------+-------------------+
| Global Id | Track | Driver Type/Pin | Constraint | Clock Loads | Non-Clock Loads | FF  | Memory LUTs | RAMB | URAM | DSP | GT | MMCM | PLL | Hard IP | Net               |
+-----------+-------+-----------------+------------+-------------+-----------------+-----+-------------+------+------+-----+----+------+-----+---------+-------------------+
| g0        | 0     | BUFGCE/O        | None       |         132 |               0 | 132 |           0 |    0 |    0 |   0 |  0 |    0 |   0 |       0 | ooc_ap_clk_global |
+-----------+-------+-----------------+------------+-------------+-----------------+-----+-------------+------+------+-----+----+------+-----+---------+-------------------+
* Clock Loads column represents cell count of net connects that connect to a clock pin. Internal cell leaf pins are not considered
** Non-Clock Loads column represents cell count of non-clock pin loads
*** Columns FF, LUTRAM, RAMB through 'Hard IP' represents load cell counts


60. Clock Region Cell Placement per Global Clock: Region X3Y8
-------------------------------------------------------------

+-----------+-------+-----------------+------------+-------------+-----------------+------+-------------+------+------+-----+----+------+-----+---------+-------------------+
| Global Id | Track | Driver Type/Pin | Constraint | Clock Loads | Non-Clock Loads | FF   | Memory LUTs | RAMB | URAM | DSP | GT | MMCM | PLL | Hard IP | Net               |
+-----------+-------+-----------------+------------+-------------+-----------------+------+-------------+------+------+-----+----+------+-----+---------+-------------------+
| g0        | 0     | BUFGCE/O        | None       |        2907 |               0 | 2715 |         192 |    0 |    0 |   0 |  0 |    0 |   0 |       0 | ooc_ap_clk_global |
+-----------+-------+-----------------+------------+-------------+-----------------+------+-------------+------+------+-----+----+------+-----+---------+-------------------+
* Clock Loads column represents cell count of net connects that connect to a clock pin. Internal cell leaf pins are not considered
** Non-Clock Loads column represents cell count of non-clock pin loads
*** Columns FF, LUTRAM, RAMB through 'Hard IP' represents load cell counts


61. Clock Region Cell Placement per Global Clock: Region X4Y8
-------------------------------------------------------------

+-----------+-------+-----------------+------------+-------------+-----------------+------+-------------+------+------+-----+----+------+-----+---------+-------------------+
| Global Id | Track | Driver Type/Pin | Constraint | Clock Loads | Non-Clock Loads | FF   | Memory LUTs | RAMB | URAM | DSP | GT | MMCM | PLL | Hard IP | Net               |
+-----------+-------+-----------------+------------+-------------+-----------------+------+-------------+------+------+-----+----+------+-----+---------+-------------------+
| g0        | 0     | BUFGCE/O        | None       |        6416 |               0 | 5904 |         499 |    4 |    2 |   9 |  0 |    0 |   0 |       0 | ooc_ap_clk_global |
+-----------+-------+-----------------+------------+-------------+-----------------+------+-------------+------+------+-----+----+------+-----+---------+-------------------+
* Clock Loads column represents cell count of net connects that connect to a clock pin. Internal cell leaf pins are not considered
** Non-Clock Loads column represents cell count of non-clock pin loads
*** Columns FF, LUTRAM, RAMB through 'Hard IP' represents load cell counts


62. Clock Region Cell Placement per Global Clock: Region X5Y8
-------------------------------------------------------------

+-----------+-------+-----------------+------------+-------------+-----------------+------+-------------+------+------+-----+----+------+-----+---------+-------------------+
| Global Id | Track | Driver Type/Pin | Constraint | Clock Loads | Non-Clock Loads | FF   | Memory LUTs | RAMB | URAM | DSP | GT | MMCM | PLL | Hard IP | Net               |
+-----------+-------+-----------------+------------+-------------+-----------------+------+-------------+------+------+-----+----+------+-----+---------+-------------------+
| g0        | 0     | BUFGCE/O        | None       |        8131 |               0 | 7302 |         820 |    7 |   12 |   2 |  0 |    0 |   0 |       0 | ooc_ap_clk_global |
+-----------+-------+-----------------+------------+-------------+-----------------+------+-------------+------+------+-----+----+------+-----+---------+-------------------+
* Clock Loads column represents cell count of net connects that connect to a clock pin. Internal cell leaf pins are not considered
** Non-Clock Loads column represents cell count of non-clock pin loads
*** Columns FF, LUTRAM, RAMB through 'Hard IP' represents load cell counts


63. Clock Region Cell Placement per Global Clock: Region X6Y8
-------------------------------------------------------------

+-----------+-------+-----------------+------------+-------------+-----------------+------+-------------+------+------+-----+----+------+-----+---------+-------------------+
| Global Id | Track | Driver Type/Pin | Constraint | Clock Loads | Non-Clock Loads | FF   | Memory LUTs | RAMB | URAM | DSP | GT | MMCM | PLL | Hard IP | Net               |
+-----------+-------+-----------------+------------+-------------+-----------------+------+-------------+------+------+-----+----+------+-----+---------+-------------------+
| g0        | 0     | BUFGCE/O        | None       |        7862 |               0 | 7352 |         505 |    5 |    8 |   0 |  0 |    0 |   0 |       0 | ooc_ap_clk_global |
+-----------+-------+-----------------+------------+-------------+-----------------+------+-------------+------+------+-----+----+------+-----+---------+-------------------+
* Clock Loads column represents cell count of net connects that connect to a clock pin. Internal cell leaf pins are not considered
** Non-Clock Loads column represents cell count of non-clock pin loads
*** Columns FF, LUTRAM, RAMB through 'Hard IP' represents load cell counts


64. Clock Region Cell Placement per Global Clock: Region X7Y8
-------------------------------------------------------------

+-----------+-------+-----------------+------------+-------------+-----------------+------+-------------+------+------+-----+----+------+-----+---------+-------------------+
| Global Id | Track | Driver Type/Pin | Constraint | Clock Loads | Non-Clock Loads | FF   | Memory LUTs | RAMB | URAM | DSP | GT | MMCM | PLL | Hard IP | Net               |
+-----------+-------+-----------------+------------+-------------+-----------------+------+-------------+------+------+-----+----+------+-----+---------+-------------------+
| g0        | 0     | BUFGCE/O        | None       |        2486 |               0 | 2466 |          15 |    5 |    0 |   0 |  0 |    0 |   0 |       0 | ooc_ap_clk_global |
+-----------+-------+-----------------+------------+-------------+-----------------+------+-------------+------+------+-----+----+------+-----+---------+-------------------+
* Clock Loads column represents cell count of net connects that connect to a clock pin. Internal cell leaf pins are not considered
** Non-Clock Loads column represents cell count of non-clock pin loads
*** Columns FF, LUTRAM, RAMB through 'Hard IP' represents load cell counts


65. Clock Region Cell Placement per Global Clock: Region X2Y9
-------------------------------------------------------------

+-----------+-------+-----------------+------------+-------------+-----------------+----+-------------+------+------+-----+----+------+-----+---------+-------------------+
| Global Id | Track | Driver Type/Pin | Constraint | Clock Loads | Non-Clock Loads | FF | Memory LUTs | RAMB | URAM | DSP | GT | MMCM | PLL | Hard IP | Net               |
+-----------+-------+-----------------+------------+-------------+-----------------+----+-------------+------+------+-----+----+------+-----+---------+-------------------+
| g0        | 0     | BUFGCE/O        | None       |           2 |               0 |  2 |           0 |    0 |    0 |   0 |  0 |    0 |   0 |       0 | ooc_ap_clk_global |
+-----------+-------+-----------------+------------+-------------+-----------------+----+-------------+------+------+-----+----+------+-----+---------+-------------------+
* Clock Loads column represents cell count of net connects that connect to a clock pin. Internal cell leaf pins are not considered
** Non-Clock Loads column represents cell count of non-clock pin loads
*** Columns FF, LUTRAM, RAMB through 'Hard IP' represents load cell counts


66. Clock Region Cell Placement per Global Clock: Region X3Y9
-------------------------------------------------------------

+-----------+-------+-----------------+------------+-------------+-----------------+------+-------------+------+------+-----+----+------+-----+---------+-------------------+
| Global Id | Track | Driver Type/Pin | Constraint | Clock Loads | Non-Clock Loads | FF   | Memory LUTs | RAMB | URAM | DSP | GT | MMCM | PLL | Hard IP | Net               |
+-----------+-------+-----------------+------------+-------------+-----------------+------+-------------+------+------+-----+----+------+-----+---------+-------------------+
| g0        | 0     | BUFGCE/O        | None       |        2856 |               0 | 2855 |           1 |    0 |    0 |   0 |  0 |    0 |   0 |       0 | ooc_ap_clk_global |
+-----------+-------+-----------------+------------+-------------+-----------------+------+-------------+------+------+-----+----+------+-----+---------+-------------------+
* Clock Loads column represents cell count of net connects that connect to a clock pin. Internal cell leaf pins are not considered
** Non-Clock Loads column represents cell count of non-clock pin loads
*** Columns FF, LUTRAM, RAMB through 'Hard IP' represents load cell counts


67. Clock Region Cell Placement per Global Clock: Region X4Y9
-------------------------------------------------------------

+-----------+-------+-----------------+------------+-------------+-----------------+------+-------------+------+------+-----+----+------+-----+---------+-------------------+
| Global Id | Track | Driver Type/Pin | Constraint | Clock Loads | Non-Clock Loads | FF   | Memory LUTs | RAMB | URAM | DSP | GT | MMCM | PLL | Hard IP | Net               |
+-----------+-------+-----------------+------------+-------------+-----------------+------+-------------+------+------+-----+----+------+-----+---------+-------------------+
| g0        | 0     | BUFGCE/O        | None       |        5319 |               0 | 5267 |          52 |    0 |    0 |   0 |  0 |    0 |   0 |       0 | ooc_ap_clk_global |
+-----------+-------+-----------------+------------+-------------+-----------------+------+-------------+------+------+-----+----+------+-----+---------+-------------------+
* Clock Loads column represents cell count of net connects that connect to a clock pin. Internal cell leaf pins are not considered
** Non-Clock Loads column represents cell count of non-clock pin loads
*** Columns FF, LUTRAM, RAMB through 'Hard IP' represents load cell counts


68. Clock Region Cell Placement per Global Clock: Region X5Y9
-------------------------------------------------------------

+-----------+-------+-----------------+------------+-------------+-----------------+------+-------------+------+------+-----+----+------+-----+---------+-------------------+
| Global Id | Track | Driver Type/Pin | Constraint | Clock Loads | Non-Clock Loads | FF   | Memory LUTs | RAMB | URAM | DSP | GT | MMCM | PLL | Hard IP | Net               |
+-----------+-------+-----------------+------------+-------------+-----------------+------+-------------+------+------+-----+----+------+-----+---------+-------------------+
| g0        | 0     | BUFGCE/O        | None       |        5068 |               0 | 5012 |          54 |    0 |    0 |   2 |  0 |    0 |   0 |       0 | ooc_ap_clk_global |
+-----------+-------+-----------------+------------+-------------+-----------------+------+-------------+------+------+-----+----+------+-----+---------+-------------------+
* Clock Loads column represents cell count of net connects that connect to a clock pin. Internal cell leaf pins are not considered
** Non-Clock Loads column represents cell count of non-clock pin loads
*** Columns FF, LUTRAM, RAMB through 'Hard IP' represents load cell counts


69. Clock Region Cell Placement per Global Clock: Region X6Y9
-------------------------------------------------------------

+-----------+-------+-----------------+------------+-------------+-----------------+------+-------------+------+------+-----+----+------+-----+---------+-------------------+
| Global Id | Track | Driver Type/Pin | Constraint | Clock Loads | Non-Clock Loads | FF   | Memory LUTs | RAMB | URAM | DSP | GT | MMCM | PLL | Hard IP | Net               |
+-----------+-------+-----------------+------------+-------------+-----------------+------+-------------+------+------+-----+----+------+-----+---------+-------------------+
| g0        | 0     | BUFGCE/O        | None       |        1602 |               0 | 1598 |           4 |    0 |    0 |   0 |  0 |    0 |   0 |       0 | ooc_ap_clk_global |
+-----------+-------+-----------------+------------+-------------+-----------------+------+-------------+------+------+-----+----+------+-----+---------+-------------------+
* Clock Loads column represents cell count of net connects that connect to a clock pin. Internal cell leaf pins are not considered
** Non-Clock Loads column represents cell count of non-clock pin loads
*** Columns FF, LUTRAM, RAMB through 'Hard IP' represents load cell counts


70. Clock Region Cell Placement per Global Clock: Region X7Y9
-------------------------------------------------------------

+-----------+-------+-----------------+------------+-------------+-----------------+-----+-------------+------+------+-----+----+------+-----+---------+-------------------+
| Global Id | Track | Driver Type/Pin | Constraint | Clock Loads | Non-Clock Loads | FF  | Memory LUTs | RAMB | URAM | DSP | GT | MMCM | PLL | Hard IP | Net               |
+-----------+-------+-----------------+------------+-------------+-----------------+-----+-------------+------+------+-----+----+------+-----+---------+-------------------+
| g0        | 0     | BUFGCE/O        | None       |         229 |               0 | 227 |           1 |    1 |    0 |   0 |  0 |    0 |   0 |       0 | ooc_ap_clk_global |
+-----------+-------+-----------------+------------+-------------+-----------------+-----+-------------+------+------+-----+----+------+-----+---------+-------------------+
* Clock Loads column represents cell count of net connects that connect to a clock pin. Internal cell leaf pins are not considered
** Non-Clock Loads column represents cell count of non-clock pin loads
*** Columns FF, LUTRAM, RAMB through 'Hard IP' represents load cell counts


71. Clock Region Cell Placement per Global Clock: Region X3Y10
--------------------------------------------------------------

+-----------+-------+-----------------+------------+-------------+-----------------+-----+-------------+------+------+-----+----+------+-----+---------+-------------------+
| Global Id | Track | Driver Type/Pin | Constraint | Clock Loads | Non-Clock Loads | FF  | Memory LUTs | RAMB | URAM | DSP | GT | MMCM | PLL | Hard IP | Net               |
+-----------+-------+-----------------+------------+-------------+-----------------+-----+-------------+------+------+-----+----+------+-----+---------+-------------------+
| g0        | 0     | BUFGCE/O        | None       |         193 |               0 | 193 |           0 |    0 |    0 |   0 |  0 |    0 |   0 |       0 | ooc_ap_clk_global |
+-----------+-------+-----------------+------------+-------------+-----------------+-----+-------------+------+------+-----+----+------+-----+---------+-------------------+
* Clock Loads column represents cell count of net connects that connect to a clock pin. Internal cell leaf pins are not considered
** Non-Clock Loads column represents cell count of non-clock pin loads
*** Columns FF, LUTRAM, RAMB through 'Hard IP' represents load cell counts


72. Clock Region Cell Placement per Global Clock: Region X4Y10
--------------------------------------------------------------

+-----------+-------+-----------------+------------+-------------+-----------------+------+-------------+------+------+-----+----+------+-----+---------+-------------------+
| Global Id | Track | Driver Type/Pin | Constraint | Clock Loads | Non-Clock Loads | FF   | Memory LUTs | RAMB | URAM | DSP | GT | MMCM | PLL | Hard IP | Net               |
+-----------+-------+-----------------+------------+-------------+-----------------+------+-------------+------+------+-----+----+------+-----+---------+-------------------+
| g0        | 0     | BUFGCE/O        | None       |        1778 |               0 | 1640 |         138 |    0 |    0 |   0 |  0 |    0 |   0 |       0 | ooc_ap_clk_global |
+-----------+-------+-----------------+------------+-------------+-----------------+------+-------------+------+------+-----+----+------+-----+---------+-------------------+
* Clock Loads column represents cell count of net connects that connect to a clock pin. Internal cell leaf pins are not considered
** Non-Clock Loads column represents cell count of non-clock pin loads
*** Columns FF, LUTRAM, RAMB through 'Hard IP' represents load cell counts


73. Clock Region Cell Placement per Global Clock: Region X5Y10
--------------------------------------------------------------

+-----------+-------+-----------------+------------+-------------+-----------------+------+-------------+------+------+-----+----+------+-----+---------+-------------------+
| Global Id | Track | Driver Type/Pin | Constraint | Clock Loads | Non-Clock Loads | FF   | Memory LUTs | RAMB | URAM | DSP | GT | MMCM | PLL | Hard IP | Net               |
+-----------+-------+-----------------+------------+-------------+-----------------+------+-------------+------+------+-----+----+------+-----+---------+-------------------+
| g0        | 0     | BUFGCE/O        | None       |        1606 |               0 | 1556 |          50 |    0 |    0 |   0 |  0 |    0 |   0 |       0 | ooc_ap_clk_global |
+-----------+-------+-----------------+------------+-------------+-----------------+------+-------------+------+------+-----+----+------+-----+---------+-------------------+
* Clock Loads column represents cell count of net connects that connect to a clock pin. Internal cell leaf pins are not considered
** Non-Clock Loads column represents cell count of non-clock pin loads
*** Columns FF, LUTRAM, RAMB through 'Hard IP' represents load cell counts


74. Clock Region Cell Placement per Global Clock: Region X3Y11
--------------------------------------------------------------

+-----------+-------+-----------------+------------+-------------+-----------------+----+-------------+------+------+-----+----+------+-----+---------+-------------------+
| Global Id | Track | Driver Type/Pin | Constraint | Clock Loads | Non-Clock Loads | FF | Memory LUTs | RAMB | URAM | DSP | GT | MMCM | PLL | Hard IP | Net               |
+-----------+-------+-----------------+------------+-------------+-----------------+----+-------------+------+------+-----+----+------+-----+---------+-------------------+
| g0+       | 0     | BUFGCE/O        | None       |           0 |               0 |  0 |           0 |    0 |    0 |   0 |  0 |    0 |   0 |       0 | ooc_ap_clk_global |
+-----------+-------+-----------------+------------+-------------+-----------------+----+-------------+------+------+-----+----+------+-----+---------+-------------------+
* Clock Loads column represents cell count of net connects that connect to a clock pin. Internal cell leaf pins are not considered
** Non-Clock Loads column represents cell count of non-clock pin loads
*** Columns FF, LUTRAM, RAMB through 'Hard IP' represents load cell counts
**** In Global Id column, sympbol '+' indicates that global clock was used only to route through the clock region.


75. Clock Region Cell Placement per Global Clock: Region X4Y11
--------------------------------------------------------------

+-----------+-------+-----------------+------------+-------------+-----------------+----+-------------+------+------+-----+----+------+-----+---------+-------------------+
| Global Id | Track | Driver Type/Pin | Constraint | Clock Loads | Non-Clock Loads | FF | Memory LUTs | RAMB | URAM | DSP | GT | MMCM | PLL | Hard IP | Net               |
+-----------+-------+-----------------+------------+-------------+-----------------+----+-------------+------+------+-----+----+------+-----+---------+-------------------+
| g0        | 0     | BUFGCE/O        | None       |           1 |               0 |  1 |           0 |    0 |    0 |   0 |  0 |    0 |   0 |       0 | ooc_ap_clk_global |
+-----------+-------+-----------------+------------+-------------+-----------------+----+-------------+------+------+-----+----+------+-----+---------+-------------------+
* Clock Loads column represents cell count of net connects that connect to a clock pin. Internal cell leaf pins are not considered
** Non-Clock Loads column represents cell count of non-clock pin loads
*** Columns FF, LUTRAM, RAMB through 'Hard IP' represents load cell counts


