Copyright 1986-2022 Xilinx, Inc. All Rights Reserved. Copyright 2022-2025 Advanced Micro Devices, Inc. All Rights Reserved.
---------------------------------------------------------------------------------------------------------------------------------------------
| Tool Version : Vivado v.2025.2 (win64) Build 6299465 Fri Nov 14 19:35:11 GMT 2025
| Date         : Mon Aug 10 03:36:51 2026
| Host         : Tyler running 64-bit major release  (build 9200)
| Command      : report_utilization -hierarchical -file X:/reports/vivado/experiments/rs2_layer_banks_20260810/impl_util_hierarchical.rpt
| Design       : gdn_rs2_top
| Device       : xcu55c-fsvh2892-2L-e
| Speed File   : -2L
| Design State : Routed
---------------------------------------------------------------------------------------------------------------------------------------------

Utilization Design Information

Table of Contents
-----------------
1. Utilization by Hierarchy

1. Utilization by Hierarchy
---------------------------

+-------------------------------------------------------------------------------------------------------------+----------------------------------------------------------------------------------------------------+------------+------------+---------+------+-------+--------+--------+------+------------+
|                                                   Instance                                                  |                                               Module                                               | Total LUTs | Logic LUTs | LUTRAMs | SRLs |  FFs  | RAMB36 | RAMB18 | URAM | DSP Blocks |
+-------------------------------------------------------------------------------------------------------------+----------------------------------------------------------------------------------------------------+------------+------------+---------+------+-------+--------+--------+------+------------+
| gdn_rs2_top                                                                                                 |                                                                                              (top) |     110046 |     107055 |    1191 | 1800 | 72728 |    335 |     12 |  598 |         14 |
|   (gdn_rs2_top)                                                                                             |                                                                                              (top) |         12 |          0 |       0 |   12 |  2286 |      0 |      0 |    0 |          0 |
|   control_r_s_axi_U                                                                                         |                                                                        gdn_rs2_top_control_r_s_axi |       1824 |       1824 |       0 |    0 |  2284 |      0 |      0 |    0 |          0 |
|   control_s_axi_U                                                                                           |                                                                          gdn_rs2_top_control_s_axi |         70 |         70 |       0 |    0 |    77 |      0 |      0 |    0 |          0 |
|   gmem0_m_axi_U                                                                                             |                                                                            gdn_rs2_top_gmem0_m_axi |        575 |        537 |       0 |   38 |   927 |      0 |      1 |    0 |          0 |
|     bus_read                                                                                                |                                                                       gdn_rs2_top_gmem0_m_axi_read |        385 |        385 |       0 |    0 |   631 |      0 |      0 |    0 |          0 |
|       rreq_burst_conv                                                                                       |                                                            gdn_rs2_top_gmem0_m_axi_burst_converter |        308 |        308 |       0 |    0 |   529 |      0 |      0 |    0 |          0 |
|         burst_sequential                                                                                    |                                                           gdn_rs2_top_gmem0_m_axi_burst_sequential |        308 |        308 |       0 |    0 |   529 |      0 |      0 |    0 |          0 |
|           (burst_sequential)                                                                                |                                                           gdn_rs2_top_gmem0_m_axi_burst_sequential |        143 |        143 |       0 |    0 |   332 |      0 |      0 |    0 |          0 |
|           rs_req                                                                                            |                                                  gdn_rs2_top_gmem0_m_axi_reg_slice__parameterized0 |        165 |        165 |       0 |    0 |   197 |      0 |      0 |    0 |          0 |
|       rs_rdata                                                                                              |                                                  gdn_rs2_top_gmem0_m_axi_reg_slice__parameterized1 |         39 |         39 |       0 |    0 |    71 |      0 |      0 |    0 |          0 |
|     load_unit_0                                                                                             |                                                                       gdn_rs2_top_gmem0_m_axi_load |        191 |        153 |       0 |   38 |   296 |      0 |      1 |    0 |          0 |
|       (load_unit_0)                                                                                         |                                                                       gdn_rs2_top_gmem0_m_axi_load |          2 |          2 |       0 |    0 |   119 |      0 |      0 |    0 |          0 |
|       bus_wide_gen.rreq_offset                                                                              |                                                                       gdn_rs2_top_gmem0_m_axi_fifo |         53 |         49 |       0 |    4 |    21 |      0 |      0 |    0 |          0 |
|       fifo_rreq                                                                                             |                                                       gdn_rs2_top_gmem0_m_axi_fifo__parameterized0 |         53 |         19 |       0 |   34 |    80 |      0 |      0 |    0 |          0 |
|         U_fifo_srl                                                                                          |                                                        gdn_rs2_top_gmem0_m_axi_srl__parameterized0 |         38 |          4 |       0 |   34 |    66 |      0 |      0 |    0 |          0 |
|   gmem10_m_axi_U                                                                                            |                                                                           gdn_rs2_top_gmem10_m_axi |        833 |        706 |       0 |  127 |  1307 |      0 |      0 |    0 |          0 |
|     bus_write                                                                                               |                                                                     gdn_rs2_top_gmem10_m_axi_write |        490 |        457 |       0 |   33 |   828 |      0 |      0 |    0 |          0 |
|       wreq_burst_conv                                                                                       |                                                           gdn_rs2_top_gmem10_m_axi_burst_converter |        310 |        310 |       0 |    0 |   529 |      0 |      0 |    0 |          0 |
|         burst_sequential                                                                                    |                                                          gdn_rs2_top_gmem10_m_axi_burst_sequential |        310 |        310 |       0 |    0 |   529 |      0 |      0 |    0 |          0 |
|           (burst_sequential)                                                                                |                                                          gdn_rs2_top_gmem10_m_axi_burst_sequential |        145 |        145 |       0 |    0 |   332 |      0 |      0 |    0 |          0 |
|           rs_req                                                                                            |                                                                 gdn_rs2_top_gmem10_m_axi_reg_slice |        166 |        166 |       0 |    0 |   197 |      0 |      0 |    0 |          0 |
|       wreq_throttle                                                                                         |                                                                  gdn_rs2_top_gmem10_m_axi_throttle |        153 |        121 |       0 |   32 |   276 |      0 |      0 |    0 |          0 |
|         rs_req                                                                                              |                                                 gdn_rs2_top_gmem10_m_axi_reg_slice__parameterized1 |         75 |         75 |       0 |    0 |   137 |      0 |      0 |    0 |          0 |
|         fifo_burst_gen[0].fifo_req                                                                          |                                                      gdn_rs2_top_gmem10_m_axi_fifo__parameterized6 |         51 |         19 |       0 |   32 |    79 |      0 |      0 |    0 |          0 |
|           U_fifo_srl                                                                                        |                                                       gdn_rs2_top_gmem10_m_axi_srl__parameterized6 |         33 |          1 |       0 |   32 |    62 |      0 |      0 |    0 |          0 |
|     store_unit_0                                                                                            |                                                                     gdn_rs2_top_gmem10_m_axi_store |        344 |        250 |       0 |   94 |   479 |      0 |      0 |    0 |          0 |
|       (store_unit_0)                                                                                        |                                                                     gdn_rs2_top_gmem10_m_axi_store |         56 |         56 |       0 |    0 |   219 |      0 |      0 |    0 |          0 |
|       buff_wdata                                                                                            |                                                      gdn_rs2_top_gmem10_m_axi_fifo__parameterized3 |         47 |         27 |       0 |   20 |    53 |      0 |      0 |    0 |          0 |
|       bus_wide_gen.buff_wdata_in                                                                            |                                                      gdn_rs2_top_gmem10_m_axi_fifo__parameterized1 |         69 |         51 |       0 |   18 |    32 |      0 |      0 |    0 |          0 |
|       bus_wide_gen.wreq_offset                                                                              |                                                      gdn_rs2_top_gmem10_m_axi_fifo__parameterized0 |         46 |         28 |       0 |   18 |    51 |      0 |      0 |    0 |          0 |
|       fifo_wreq                                                                                             |                                                      gdn_rs2_top_gmem10_m_axi_fifo__parameterized2 |         51 |         18 |       0 |   33 |    76 |      0 |      0 |    0 |          0 |
|         U_fifo_srl                                                                                          |                                                       gdn_rs2_top_gmem10_m_axi_srl__parameterized2 |         37 |          4 |       0 |   33 |    65 |      0 |      0 |    0 |          0 |
|   gmem11_m_axi_U                                                                                            |                                                                           gdn_rs2_top_gmem11_m_axi |        820 |        693 |       0 |  127 |  1307 |      0 |      0 |    0 |          0 |
|     bus_write                                                                                               |                                                                     gdn_rs2_top_gmem11_m_axi_write |        488 |        455 |       0 |   33 |   828 |      0 |      0 |    0 |          0 |
|       wreq_burst_conv                                                                                       |                                                           gdn_rs2_top_gmem11_m_axi_burst_converter |        308 |        308 |       0 |    0 |   529 |      0 |      0 |    0 |          0 |
|         burst_sequential                                                                                    |                                                          gdn_rs2_top_gmem11_m_axi_burst_sequential |        308 |        308 |       0 |    0 |   529 |      0 |      0 |    0 |          0 |
|           (burst_sequential)                                                                                |                                                          gdn_rs2_top_gmem11_m_axi_burst_sequential |        144 |        144 |       0 |    0 |   332 |      0 |      0 |    0 |          0 |
|           rs_req                                                                                            |                                                                 gdn_rs2_top_gmem11_m_axi_reg_slice |        166 |        166 |       0 |    0 |   197 |      0 |      0 |    0 |          0 |
|       wreq_throttle                                                                                         |                                                                  gdn_rs2_top_gmem11_m_axi_throttle |        153 |        121 |       0 |   32 |   276 |      0 |      0 |    0 |          0 |
|         rs_req                                                                                              |                                                 gdn_rs2_top_gmem11_m_axi_reg_slice__parameterized1 |         75 |         75 |       0 |    0 |   137 |      0 |      0 |    0 |          0 |
|         fifo_burst_gen[0].fifo_req                                                                          |                                                      gdn_rs2_top_gmem11_m_axi_fifo__parameterized6 |         51 |         19 |       0 |   32 |    79 |      0 |      0 |    0 |          0 |
|           U_fifo_srl                                                                                        |                                                       gdn_rs2_top_gmem11_m_axi_srl__parameterized6 |         33 |          1 |       0 |   32 |    62 |      0 |      0 |    0 |          0 |
|     store_unit_0                                                                                            |                                                                     gdn_rs2_top_gmem11_m_axi_store |        333 |        239 |       0 |   94 |   479 |      0 |      0 |    0 |          0 |
|       (store_unit_0)                                                                                        |                                                                     gdn_rs2_top_gmem11_m_axi_store |         56 |         56 |       0 |    0 |   219 |      0 |      0 |    0 |          0 |
|       buff_wdata                                                                                            |                                                      gdn_rs2_top_gmem11_m_axi_fifo__parameterized3 |         47 |         27 |       0 |   20 |    53 |      0 |      0 |    0 |          0 |
|       bus_wide_gen.buff_wdata_in                                                                            |                                                      gdn_rs2_top_gmem11_m_axi_fifo__parameterized1 |         66 |         48 |       0 |   18 |    32 |      0 |      0 |    0 |          0 |
|       bus_wide_gen.wreq_offset                                                                              |                                                      gdn_rs2_top_gmem11_m_axi_fifo__parameterized0 |         42 |         24 |       0 |   18 |    51 |      0 |      0 |    0 |          0 |
|       fifo_wreq                                                                                             |                                                      gdn_rs2_top_gmem11_m_axi_fifo__parameterized2 |         47 |         14 |       0 |   33 |    76 |      0 |      0 |    0 |          0 |
|         U_fifo_srl                                                                                          |                                                       gdn_rs2_top_gmem11_m_axi_srl__parameterized2 |         36 |          3 |       0 |   33 |    65 |      0 |      0 |    0 |          0 |
|   gmem12_m_axi_U                                                                                            |                                                                           gdn_rs2_top_gmem12_m_axi |        831 |        704 |       0 |  127 |  1307 |      0 |      0 |    0 |          0 |
|     bus_write                                                                                               |                                                                     gdn_rs2_top_gmem12_m_axi_write |        490 |        457 |       0 |   33 |   828 |      0 |      0 |    0 |          0 |
|       wreq_burst_conv                                                                                       |                                                           gdn_rs2_top_gmem12_m_axi_burst_converter |        310 |        310 |       0 |    0 |   529 |      0 |      0 |    0 |          0 |
|         burst_sequential                                                                                    |                                                          gdn_rs2_top_gmem12_m_axi_burst_sequential |        310 |        310 |       0 |    0 |   529 |      0 |      0 |    0 |          0 |
|           (burst_sequential)                                                                                |                                                          gdn_rs2_top_gmem12_m_axi_burst_sequential |        145 |        145 |       0 |    0 |   332 |      0 |      0 |    0 |          0 |
|           rs_req                                                                                            |                                                                 gdn_rs2_top_gmem12_m_axi_reg_slice |        166 |        166 |       0 |    0 |   197 |      0 |      0 |    0 |          0 |
|       wreq_throttle                                                                                         |                                                                  gdn_rs2_top_gmem12_m_axi_throttle |        154 |        122 |       0 |   32 |   276 |      0 |      0 |    0 |          0 |
|         rs_req                                                                                              |                                                 gdn_rs2_top_gmem12_m_axi_reg_slice__parameterized1 |         75 |         75 |       0 |    0 |   137 |      0 |      0 |    0 |          0 |
|         fifo_burst_gen[0].fifo_req                                                                          |                                                      gdn_rs2_top_gmem12_m_axi_fifo__parameterized6 |         52 |         20 |       0 |   32 |    79 |      0 |      0 |    0 |          0 |
|           U_fifo_srl                                                                                        |                                                       gdn_rs2_top_gmem12_m_axi_srl__parameterized6 |         33 |          1 |       0 |   32 |    62 |      0 |      0 |    0 |          0 |
|     store_unit_0                                                                                            |                                                                     gdn_rs2_top_gmem12_m_axi_store |        342 |        248 |       0 |   94 |   479 |      0 |      0 |    0 |          0 |
|       (store_unit_0)                                                                                        |                                                                     gdn_rs2_top_gmem12_m_axi_store |         56 |         56 |       0 |    0 |   219 |      0 |      0 |    0 |          0 |
|       buff_wdata                                                                                            |                                                      gdn_rs2_top_gmem12_m_axi_fifo__parameterized3 |         47 |         27 |       0 |   20 |    53 |      0 |      0 |    0 |          0 |
|       bus_wide_gen.buff_wdata_in                                                                            |                                                      gdn_rs2_top_gmem12_m_axi_fifo__parameterized1 |         70 |         52 |       0 |   18 |    32 |      0 |      0 |    0 |          0 |
|       bus_wide_gen.wreq_offset                                                                              |                                                      gdn_rs2_top_gmem12_m_axi_fifo__parameterized0 |         46 |         28 |       0 |   18 |    51 |      0 |      0 |    0 |          0 |
|       fifo_wreq                                                                                             |                                                      gdn_rs2_top_gmem12_m_axi_fifo__parameterized2 |         48 |         15 |       0 |   33 |    76 |      0 |      0 |    0 |          0 |
|         U_fifo_srl                                                                                          |                                                       gdn_rs2_top_gmem12_m_axi_srl__parameterized2 |         36 |          3 |       0 |   33 |    65 |      0 |      0 |    0 |          0 |
|   gmem13_m_axi_U                                                                                            |                                                                           gdn_rs2_top_gmem13_m_axi |        830 |        703 |       0 |  127 |  1307 |      0 |      0 |    0 |          0 |
|     bus_write                                                                                               |                                                                     gdn_rs2_top_gmem13_m_axi_write |        490 |        457 |       0 |   33 |   828 |      0 |      0 |    0 |          0 |
|       wreq_burst_conv                                                                                       |                                                           gdn_rs2_top_gmem13_m_axi_burst_converter |        310 |        310 |       0 |    0 |   529 |      0 |      0 |    0 |          0 |
|         burst_sequential                                                                                    |                                                          gdn_rs2_top_gmem13_m_axi_burst_sequential |        310 |        310 |       0 |    0 |   529 |      0 |      0 |    0 |          0 |
|           (burst_sequential)                                                                                |                                                          gdn_rs2_top_gmem13_m_axi_burst_sequential |        145 |        145 |       0 |    0 |   332 |      0 |      0 |    0 |          0 |
|           rs_req                                                                                            |                                                                 gdn_rs2_top_gmem13_m_axi_reg_slice |        166 |        166 |       0 |    0 |   197 |      0 |      0 |    0 |          0 |
|       wreq_throttle                                                                                         |                                                                  gdn_rs2_top_gmem13_m_axi_throttle |        154 |        122 |       0 |   32 |   276 |      0 |      0 |    0 |          0 |
|         rs_req                                                                                              |                                                 gdn_rs2_top_gmem13_m_axi_reg_slice__parameterized1 |         75 |         75 |       0 |    0 |   137 |      0 |      0 |    0 |          0 |
|         fifo_burst_gen[0].fifo_req                                                                          |                                                      gdn_rs2_top_gmem13_m_axi_fifo__parameterized6 |         52 |         20 |       0 |   32 |    79 |      0 |      0 |    0 |          0 |
|           U_fifo_srl                                                                                        |                                                       gdn_rs2_top_gmem13_m_axi_srl__parameterized6 |         33 |          1 |       0 |   32 |    62 |      0 |      0 |    0 |          0 |
|     store_unit_0                                                                                            |                                                                     gdn_rs2_top_gmem13_m_axi_store |        341 |        247 |       0 |   94 |   479 |      0 |      0 |    0 |          0 |
|       (store_unit_0)                                                                                        |                                                                     gdn_rs2_top_gmem13_m_axi_store |         56 |         56 |       0 |    0 |   219 |      0 |      0 |    0 |          0 |
|       buff_wdata                                                                                            |                                                      gdn_rs2_top_gmem13_m_axi_fifo__parameterized3 |         47 |         27 |       0 |   20 |    53 |      0 |      0 |    0 |          0 |
|       bus_wide_gen.buff_wdata_in                                                                            |                                                      gdn_rs2_top_gmem13_m_axi_fifo__parameterized1 |         70 |         52 |       0 |   18 |    32 |      0 |      0 |    0 |          0 |
|       bus_wide_gen.wreq_offset                                                                              |                                                      gdn_rs2_top_gmem13_m_axi_fifo__parameterized0 |         46 |         28 |       0 |   18 |    51 |      0 |      0 |    0 |          0 |
|       fifo_wreq                                                                                             |                                                      gdn_rs2_top_gmem13_m_axi_fifo__parameterized2 |         48 |         15 |       0 |   33 |    76 |      0 |      0 |    0 |          0 |
|         U_fifo_srl                                                                                          |                                                       gdn_rs2_top_gmem13_m_axi_srl__parameterized2 |         36 |          3 |       0 |   33 |    65 |      0 |      0 |    0 |          0 |
|   gmem14_m_axi_U                                                                                            |                                                                           gdn_rs2_top_gmem14_m_axi |        812 |        686 |       0 |  126 |  1301 |      0 |      0 |    0 |          0 |
|     bus_write                                                                                               |                                                                     gdn_rs2_top_gmem14_m_axi_write |        475 |        442 |       0 |   33 |   824 |      0 |      0 |    0 |          0 |
|       wreq_burst_conv                                                                                       |                                                           gdn_rs2_top_gmem14_m_axi_burst_converter |        299 |        299 |       0 |    0 |   525 |      0 |      0 |    0 |          0 |
|         burst_sequential                                                                                    |                                                          gdn_rs2_top_gmem14_m_axi_burst_sequential |        299 |        299 |       0 |    0 |   525 |      0 |      0 |    0 |          0 |
|           (burst_sequential)                                                                                |                                                          gdn_rs2_top_gmem14_m_axi_burst_sequential |        142 |        142 |       0 |    0 |   332 |      0 |      0 |    0 |          0 |
|           rs_req                                                                                            |                                                                 gdn_rs2_top_gmem14_m_axi_reg_slice |        157 |        157 |       0 |    0 |   193 |      0 |      0 |    0 |          0 |
|       wreq_throttle                                                                                         |                                                                  gdn_rs2_top_gmem14_m_axi_throttle |        151 |        119 |       0 |   32 |   276 |      0 |      0 |    0 |          0 |
|         rs_req                                                                                              |                                                 gdn_rs2_top_gmem14_m_axi_reg_slice__parameterized1 |         74 |         74 |       0 |    0 |   137 |      0 |      0 |    0 |          0 |
|         fifo_burst_gen[0].fifo_req                                                                          |                                                      gdn_rs2_top_gmem14_m_axi_fifo__parameterized6 |         52 |         20 |       0 |   32 |    79 |      0 |      0 |    0 |          0 |
|           U_fifo_srl                                                                                        |                                                       gdn_rs2_top_gmem14_m_axi_srl__parameterized6 |         33 |          1 |       0 |   32 |    62 |      0 |      0 |    0 |          0 |
|     store_unit_0                                                                                            |                                                                     gdn_rs2_top_gmem14_m_axi_store |        338 |        245 |       0 |   93 |   477 |      0 |      0 |    0 |          0 |
|       (store_unit_0)                                                                                        |                                                                     gdn_rs2_top_gmem14_m_axi_store |         56 |         56 |       0 |    0 |   213 |      0 |      0 |    0 |          0 |
|       buff_wdata                                                                                            |                                                      gdn_rs2_top_gmem14_m_axi_fifo__parameterized3 |         47 |         27 |       0 |   20 |    53 |      0 |      0 |    0 |          0 |
|       bus_wide_gen.buff_wdata_in                                                                            |                                                      gdn_rs2_top_gmem14_m_axi_fifo__parameterized1 |         57 |         39 |       0 |   18 |    38 |      0 |      0 |    0 |          0 |
|       fifo_wreq                                                                                             |                                                      gdn_rs2_top_gmem14_m_axi_fifo__parameterized2 |         56 |         22 |       0 |   34 |    76 |      0 |      0 |    0 |          0 |
|         U_fifo_srl                                                                                          |                                                       gdn_rs2_top_gmem14_m_axi_srl__parameterized2 |         41 |          7 |       0 |   34 |    65 |      0 |      0 |    0 |          0 |
|   gmem15_m_axi_U                                                                                            |                                                                           gdn_rs2_top_gmem15_m_axi |        793 |        648 |       0 |  145 |  1161 |      0 |      0 |    0 |          0 |
|     bus_write                                                                                               |                                                                     gdn_rs2_top_gmem15_m_axi_write |        454 |        421 |       0 |   33 |   842 |      0 |      0 |    0 |          0 |
|       wreq_burst_conv                                                                                       |                                                           gdn_rs2_top_gmem15_m_axi_burst_converter |        277 |        277 |       0 |    0 |   510 |      0 |      0 |    0 |          0 |
|         burst_sequential                                                                                    |                                                          gdn_rs2_top_gmem15_m_axi_burst_sequential |        277 |        277 |       0 |    0 |   510 |      0 |      0 |    0 |          0 |
|           (burst_sequential)                                                                                |                                                          gdn_rs2_top_gmem15_m_axi_burst_sequential |        134 |        134 |       0 |    0 |   325 |      0 |      0 |    0 |          0 |
|           rs_req                                                                                            |                                                                 gdn_rs2_top_gmem15_m_axi_reg_slice |        144 |        144 |       0 |    0 |   185 |      0 |      0 |    0 |          0 |
|       wreq_throttle                                                                                         |                                                                  gdn_rs2_top_gmem15_m_axi_throttle |        152 |        120 |       0 |   32 |   309 |      0 |      0 |    0 |          0 |
|         (wreq_throttle)                                                                                     |                                                                  gdn_rs2_top_gmem15_m_axi_throttle |          7 |          7 |       0 |    0 |    83 |      0 |      0 |    0 |          0 |
|         fifo_burst_gen[0].fifo_req                                                                          |                                                      gdn_rs2_top_gmem15_m_axi_fifo__parameterized4 |         53 |         21 |       0 |   32 |    78 |      0 |      0 |    0 |          0 |
|           U_fifo_srl                                                                                        |                                                       gdn_rs2_top_gmem15_m_axi_srl__parameterized4 |         33 |          1 |       0 |   32 |    61 |      0 |      0 |    0 |          0 |
|         rs_req                                                                                              |                                                 gdn_rs2_top_gmem15_m_axi_reg_slice__parameterized1 |         73 |         73 |       0 |    0 |   135 |      0 |      0 |    0 |          0 |
|     store_unit_0                                                                                            |                                                                     gdn_rs2_top_gmem15_m_axi_store |        342 |        230 |       0 |  112 |   319 |      0 |      0 |    0 |          0 |
|       (store_unit_0)                                                                                        |                                                                     gdn_rs2_top_gmem15_m_axi_store |          2 |          2 |       0 |    0 |   104 |      0 |      0 |    0 |          0 |
|       buff_wdata                                                                                            |                                                      gdn_rs2_top_gmem15_m_axi_fifo__parameterized1 |        110 |         38 |       0 |   72 |    92 |      0 |      0 |    0 |          0 |
|         U_fifo_srl                                                                                          |                                                       gdn_rs2_top_gmem15_m_axi_srl__parameterized1 |         73 |          1 |       0 |   72 |    72 |      0 |      0 |    0 |          0 |
|       fifo_wreq                                                                                             |                                                      gdn_rs2_top_gmem15_m_axi_fifo__parameterized0 |        126 |         91 |       0 |   35 |    75 |      0 |      0 |    0 |          0 |
|         U_fifo_srl                                                                                          |                                                       gdn_rs2_top_gmem15_m_axi_srl__parameterized0 |         86 |         51 |       0 |   35 |    64 |      0 |      0 |    0 |          0 |
|   gmem16_m_axi_U                                                                                            |                                                                           gdn_rs2_top_gmem16_m_axi |        621 |        583 |       0 |   38 |   975 |      0 |      1 |    0 |          0 |
|     bus_read                                                                                                |                                                                      gdn_rs2_top_gmem16_m_axi_read |        386 |        386 |       0 |    0 |   631 |      0 |      0 |    0 |          0 |
|       rreq_burst_conv                                                                                       |                                                           gdn_rs2_top_gmem16_m_axi_burst_converter |        309 |        309 |       0 |    0 |   529 |      0 |      0 |    0 |          0 |
|         burst_sequential                                                                                    |                                                          gdn_rs2_top_gmem16_m_axi_burst_sequential |        309 |        309 |       0 |    0 |   529 |      0 |      0 |    0 |          0 |
|           (burst_sequential)                                                                                |                                                          gdn_rs2_top_gmem16_m_axi_burst_sequential |        144 |        144 |       0 |    0 |   332 |      0 |      0 |    0 |          0 |
|           rs_req                                                                                            |                                                 gdn_rs2_top_gmem16_m_axi_reg_slice__parameterized0 |        165 |        165 |       0 |    0 |   197 |      0 |      0 |    0 |          0 |
|       rs_rdata                                                                                              |                                                 gdn_rs2_top_gmem16_m_axi_reg_slice__parameterized1 |         39 |         39 |       0 |    0 |    71 |      0 |      0 |    0 |          0 |
|     load_unit_0                                                                                             |                                                                      gdn_rs2_top_gmem16_m_axi_load |        236 |        198 |       0 |   38 |   344 |      0 |      1 |    0 |          0 |
|       (load_unit_0)                                                                                         |                                                                      gdn_rs2_top_gmem16_m_axi_load |          4 |          4 |       0 |    0 |   135 |      0 |      0 |    0 |          0 |
|       bus_wide_gen.rreq_offset                                                                              |                                                                      gdn_rs2_top_gmem16_m_axi_fifo |         70 |         66 |       0 |    4 |    21 |      0 |      0 |    0 |          0 |
|         U_fifo_srl                                                                                          |                                                                       gdn_rs2_top_gmem16_m_axi_srl |         53 |         49 |       0 |    4 |     4 |      0 |      0 |    0 |          0 |
|       bus_wide_gen.rs_rdata_int                                                                             |                                                                 gdn_rs2_top_gmem16_m_axi_reg_slice |         62 |         62 |       0 |    0 |    71 |      0 |      0 |    0 |          0 |
|       fifo_rreq                                                                                             |                                                      gdn_rs2_top_gmem16_m_axi_fifo__parameterized0 |         53 |         19 |       0 |   34 |    80 |      0 |      0 |    0 |          0 |
|         U_fifo_srl                                                                                          |                                                       gdn_rs2_top_gmem16_m_axi_srl__parameterized0 |         38 |          4 |       0 |   34 |    66 |      0 |      0 |    0 |          0 |
|   gmem17_m_axi_U                                                                                            |                                                                           gdn_rs2_top_gmem17_m_axi |        612 |        574 |       0 |   38 |   975 |      0 |      1 |    0 |          0 |
|     bus_read                                                                                                |                                                                      gdn_rs2_top_gmem17_m_axi_read |        384 |        384 |       0 |    0 |   631 |      0 |      0 |    0 |          0 |
|       rreq_burst_conv                                                                                       |                                                           gdn_rs2_top_gmem17_m_axi_burst_converter |        308 |        308 |       0 |    0 |   529 |      0 |      0 |    0 |          0 |
|         burst_sequential                                                                                    |                                                          gdn_rs2_top_gmem17_m_axi_burst_sequential |        308 |        308 |       0 |    0 |   529 |      0 |      0 |    0 |          0 |
|           (burst_sequential)                                                                                |                                                          gdn_rs2_top_gmem17_m_axi_burst_sequential |        143 |        143 |       0 |    0 |   332 |      0 |      0 |    0 |          0 |
|           rs_req                                                                                            |                                                 gdn_rs2_top_gmem17_m_axi_reg_slice__parameterized0 |        165 |        165 |       0 |    0 |   197 |      0 |      0 |    0 |          0 |
|       rs_rdata                                                                                              |                                                 gdn_rs2_top_gmem17_m_axi_reg_slice__parameterized1 |         39 |         39 |       0 |    0 |    71 |      0 |      0 |    0 |          0 |
|     load_unit_0                                                                                             |                                                                      gdn_rs2_top_gmem17_m_axi_load |        229 |        191 |       0 |   38 |   344 |      0 |      1 |    0 |          0 |
|       (load_unit_0)                                                                                         |                                                                      gdn_rs2_top_gmem17_m_axi_load |          0 |          0 |       0 |    0 |   135 |      0 |      0 |    0 |          0 |
|       bus_wide_gen.rreq_offset                                                                              |                                                                      gdn_rs2_top_gmem17_m_axi_fifo |         50 |         46 |       0 |    4 |    21 |      0 |      0 |    0 |          0 |
|       bus_wide_gen.rs_rdata_int                                                                             |                                                                 gdn_rs2_top_gmem17_m_axi_reg_slice |         76 |         76 |       0 |    0 |    71 |      0 |      0 |    0 |          0 |
|       fifo_rreq                                                                                             |                                                      gdn_rs2_top_gmem17_m_axi_fifo__parameterized0 |         58 |         24 |       0 |   34 |    80 |      0 |      0 |    0 |          0 |
|         U_fifo_srl                                                                                          |                                                       gdn_rs2_top_gmem17_m_axi_srl__parameterized0 |         39 |          5 |       0 |   34 |    66 |      0 |      0 |    0 |          0 |
|   gmem18_m_axi_U                                                                                            |                                                                           gdn_rs2_top_gmem18_m_axi |        611 |        573 |       0 |   38 |   975 |      0 |      1 |    0 |          0 |
|     bus_read                                                                                                |                                                                      gdn_rs2_top_gmem18_m_axi_read |        387 |        387 |       0 |    0 |   631 |      0 |      0 |    0 |          0 |
|       rreq_burst_conv                                                                                       |                                                           gdn_rs2_top_gmem18_m_axi_burst_converter |        310 |        310 |       0 |    0 |   529 |      0 |      0 |    0 |          0 |
|         burst_sequential                                                                                    |                                                          gdn_rs2_top_gmem18_m_axi_burst_sequential |        310 |        310 |       0 |    0 |   529 |      0 |      0 |    0 |          0 |
|           (burst_sequential)                                                                                |                                                          gdn_rs2_top_gmem18_m_axi_burst_sequential |        145 |        145 |       0 |    0 |   332 |      0 |      0 |    0 |          0 |
|           rs_req                                                                                            |                                                 gdn_rs2_top_gmem18_m_axi_reg_slice__parameterized0 |        165 |        165 |       0 |    0 |   197 |      0 |      0 |    0 |          0 |
|       rs_rdata                                                                                              |                                                 gdn_rs2_top_gmem18_m_axi_reg_slice__parameterized1 |         39 |         39 |       0 |    0 |    71 |      0 |      0 |    0 |          0 |
|     load_unit_0                                                                                             |                                                                      gdn_rs2_top_gmem18_m_axi_load |        224 |        186 |       0 |   38 |   344 |      0 |      1 |    0 |          0 |
|       (load_unit_0)                                                                                         |                                                                      gdn_rs2_top_gmem18_m_axi_load |          1 |          1 |       0 |    0 |   135 |      0 |      0 |    0 |          0 |
|       bus_wide_gen.rs_rdata_int                                                                             |                                                                 gdn_rs2_top_gmem18_m_axi_reg_slice |         75 |         75 |       0 |    0 |    71 |      0 |      0 |    0 |          0 |
|       fifo_rreq                                                                                             |                                                      gdn_rs2_top_gmem18_m_axi_fifo__parameterized0 |         58 |         24 |       0 |   34 |    80 |      0 |      0 |    0 |          0 |
|         U_fifo_srl                                                                                          |                                                       gdn_rs2_top_gmem18_m_axi_srl__parameterized0 |         40 |          6 |       0 |   34 |    66 |      0 |      0 |    0 |          0 |
|   gmem19_m_axi_U                                                                                            |                                                                           gdn_rs2_top_gmem19_m_axi |        805 |        680 |       0 |  125 |  1300 |      0 |      0 |    0 |          0 |
|     bus_write                                                                                               |                                                                     gdn_rs2_top_gmem19_m_axi_write |        476 |        443 |       0 |   33 |   824 |      0 |      0 |    0 |          0 |
|       wreq_burst_conv                                                                                       |                                                           gdn_rs2_top_gmem19_m_axi_burst_converter |        299 |        299 |       0 |    0 |   525 |      0 |      0 |    0 |          0 |
|         burst_sequential                                                                                    |                                                          gdn_rs2_top_gmem19_m_axi_burst_sequential |        299 |        299 |       0 |    0 |   525 |      0 |      0 |    0 |          0 |
|           (burst_sequential)                                                                                |                                                          gdn_rs2_top_gmem19_m_axi_burst_sequential |        142 |        142 |       0 |    0 |   332 |      0 |      0 |    0 |          0 |
|           rs_req                                                                                            |                                                                 gdn_rs2_top_gmem19_m_axi_reg_slice |        157 |        157 |       0 |    0 |   193 |      0 |      0 |    0 |          0 |
|       wreq_throttle                                                                                         |                                                                  gdn_rs2_top_gmem19_m_axi_throttle |        152 |        120 |       0 |   32 |   276 |      0 |      0 |    0 |          0 |
|         rs_req                                                                                              |                                                 gdn_rs2_top_gmem19_m_axi_reg_slice__parameterized1 |         74 |         74 |       0 |    0 |   137 |      0 |      0 |    0 |          0 |
|         fifo_burst_gen[0].fifo_req                                                                          |                                                      gdn_rs2_top_gmem19_m_axi_fifo__parameterized6 |         52 |         20 |       0 |   32 |    79 |      0 |      0 |    0 |          0 |
|           U_fifo_srl                                                                                        |                                                       gdn_rs2_top_gmem19_m_axi_srl__parameterized6 |         33 |          1 |       0 |   32 |    62 |      0 |      0 |    0 |          0 |
|     store_unit_0                                                                                            |                                                                     gdn_rs2_top_gmem19_m_axi_store |        330 |        238 |       0 |   92 |   476 |      0 |      0 |    0 |          0 |
|       (store_unit_0)                                                                                        |                                                                     gdn_rs2_top_gmem19_m_axi_store |         56 |         56 |       0 |    0 |   213 |      0 |      0 |    0 |          0 |
|       buff_wdata                                                                                            |                                                      gdn_rs2_top_gmem19_m_axi_fifo__parameterized3 |         48 |         28 |       0 |   20 |    53 |      0 |      0 |    0 |          0 |
|       bus_wide_gen.buff_wdata_in                                                                            |                                                      gdn_rs2_top_gmem19_m_axi_fifo__parameterized1 |         56 |         38 |       0 |   18 |    38 |      0 |      0 |    0 |          0 |
|       fifo_wreq                                                                                             |                                                      gdn_rs2_top_gmem19_m_axi_fifo__parameterized2 |         50 |         17 |       0 |   33 |    75 |      0 |      0 |    0 |          0 |
|         U_fifo_srl                                                                                          |                                                       gdn_rs2_top_gmem19_m_axi_srl__parameterized2 |         37 |          4 |       0 |   33 |    64 |      0 |      0 |    0 |          0 |
|   gmem1_m_axi_U                                                                                             |                                                                            gdn_rs2_top_gmem1_m_axi |        580 |        542 |       0 |   38 |   927 |      0 |      1 |    0 |          0 |
|     bus_read                                                                                                |                                                                       gdn_rs2_top_gmem1_m_axi_read |        386 |        386 |       0 |    0 |   631 |      0 |      0 |    0 |          0 |
|       rreq_burst_conv                                                                                       |                                                            gdn_rs2_top_gmem1_m_axi_burst_converter |        309 |        309 |       0 |    0 |   529 |      0 |      0 |    0 |          0 |
|         burst_sequential                                                                                    |                                                           gdn_rs2_top_gmem1_m_axi_burst_sequential |        309 |        309 |       0 |    0 |   529 |      0 |      0 |    0 |          0 |
|           (burst_sequential)                                                                                |                                                           gdn_rs2_top_gmem1_m_axi_burst_sequential |        145 |        145 |       0 |    0 |   332 |      0 |      0 |    0 |          0 |
|           rs_req                                                                                            |                                                  gdn_rs2_top_gmem1_m_axi_reg_slice__parameterized0 |        165 |        165 |       0 |    0 |   197 |      0 |      0 |    0 |          0 |
|       rs_rdata                                                                                              |                                                  gdn_rs2_top_gmem1_m_axi_reg_slice__parameterized1 |         39 |         39 |       0 |    0 |    71 |      0 |      0 |    0 |          0 |
|     load_unit_0                                                                                             |                                                                       gdn_rs2_top_gmem1_m_axi_load |        195 |        157 |       0 |   38 |   296 |      0 |      1 |    0 |          0 |
|       (load_unit_0)                                                                                         |                                                                       gdn_rs2_top_gmem1_m_axi_load |          0 |          0 |       0 |    0 |   119 |      0 |      0 |    0 |          0 |
|       fifo_rreq                                                                                             |                                                       gdn_rs2_top_gmem1_m_axi_fifo__parameterized0 |         57 |         23 |       0 |   34 |    80 |      0 |      0 |    0 |          0 |
|         U_fifo_srl                                                                                          |                                                        gdn_rs2_top_gmem1_m_axi_srl__parameterized0 |         39 |          5 |       0 |   34 |    66 |      0 |      0 |    0 |          0 |
|   gmem2_m_axi_U                                                                                             |                                                                            gdn_rs2_top_gmem2_m_axi |        578 |        540 |       0 |   38 |   927 |      0 |      1 |    0 |          0 |
|     bus_read                                                                                                |                                                                       gdn_rs2_top_gmem2_m_axi_read |        386 |        386 |       0 |    0 |   631 |      0 |      0 |    0 |          0 |
|       rreq_burst_conv                                                                                       |                                                            gdn_rs2_top_gmem2_m_axi_burst_converter |        309 |        309 |       0 |    0 |   529 |      0 |      0 |    0 |          0 |
|         burst_sequential                                                                                    |                                                           gdn_rs2_top_gmem2_m_axi_burst_sequential |        309 |        309 |       0 |    0 |   529 |      0 |      0 |    0 |          0 |
|           (burst_sequential)                                                                                |                                                           gdn_rs2_top_gmem2_m_axi_burst_sequential |        144 |        144 |       0 |    0 |   332 |      0 |      0 |    0 |          0 |
|           rs_req                                                                                            |                                                  gdn_rs2_top_gmem2_m_axi_reg_slice__parameterized0 |        165 |        165 |       0 |    0 |   197 |      0 |      0 |    0 |          0 |
|       rs_rdata                                                                                              |                                                  gdn_rs2_top_gmem2_m_axi_reg_slice__parameterized1 |         39 |         39 |       0 |    0 |    71 |      0 |      0 |    0 |          0 |
|     load_unit_0                                                                                             |                                                                       gdn_rs2_top_gmem2_m_axi_load |        193 |        155 |       0 |   38 |   296 |      0 |      1 |    0 |          0 |
|       (load_unit_0)                                                                                         |                                                                       gdn_rs2_top_gmem2_m_axi_load |          1 |          1 |       0 |    0 |   119 |      0 |      0 |    0 |          0 |
|       fifo_rreq                                                                                             |                                                       gdn_rs2_top_gmem2_m_axi_fifo__parameterized0 |         58 |         24 |       0 |   34 |    80 |      0 |      0 |    0 |          0 |
|         U_fifo_srl                                                                                          |                                                        gdn_rs2_top_gmem2_m_axi_srl__parameterized0 |         41 |          7 |       0 |   34 |    66 |      0 |      0 |    0 |          0 |
|   gmem3_m_axi_U                                                                                             |                                                                            gdn_rs2_top_gmem3_m_axi |        610 |        574 |       0 |   36 |   965 |      0 |      1 |    0 |          0 |
|     bus_read                                                                                                |                                                                       gdn_rs2_top_gmem3_m_axi_read |        408 |        408 |       0 |    0 |   627 |      0 |      0 |    0 |          0 |
|       rreq_burst_conv                                                                                       |                                                            gdn_rs2_top_gmem3_m_axi_burst_converter |        333 |        333 |       0 |    0 |   525 |      0 |      0 |    0 |          0 |
|         burst_sequential                                                                                    |                                                           gdn_rs2_top_gmem3_m_axi_burst_sequential |        333 |        333 |       0 |    0 |   525 |      0 |      0 |    0 |          0 |
|           (burst_sequential)                                                                                |                                                           gdn_rs2_top_gmem3_m_axi_burst_sequential |        147 |        147 |       0 |    0 |   332 |      0 |      0 |    0 |          0 |
|           rs_req                                                                                            |                                                  gdn_rs2_top_gmem3_m_axi_reg_slice__parameterized0 |        186 |        186 |       0 |    0 |   193 |      0 |      0 |    0 |          0 |
|       rs_rdata                                                                                              |                                                  gdn_rs2_top_gmem3_m_axi_reg_slice__parameterized1 |         40 |         40 |       0 |    0 |    71 |      0 |      0 |    0 |          0 |
|     load_unit_0                                                                                             |                                                                       gdn_rs2_top_gmem3_m_axi_load |        202 |        166 |       0 |   36 |   338 |      0 |      1 |    0 |          0 |
|       (load_unit_0)                                                                                         |                                                                       gdn_rs2_top_gmem3_m_axi_load |          0 |          0 |       0 |    0 |   132 |      0 |      0 |    0 |          0 |
|       bus_wide_gen.rs_rdata_int                                                                             |                                                                  gdn_rs2_top_gmem3_m_axi_reg_slice |         60 |         60 |       0 |    0 |    71 |      0 |      0 |    0 |          0 |
|       fifo_rreq                                                                                             |                                                       gdn_rs2_top_gmem3_m_axi_fifo__parameterized0 |         57 |         23 |       0 |   34 |    79 |      0 |      0 |    0 |          0 |
|         U_fifo_srl                                                                                          |                                                        gdn_rs2_top_gmem3_m_axi_srl__parameterized0 |         38 |          4 |       0 |   34 |    65 |      0 |      0 |    0 |          0 |
|   gmem4_m_axi_U                                                                                             |                                                                            gdn_rs2_top_gmem4_m_axi |        612 |        575 |       0 |   37 |   974 |      0 |      1 |    0 |          0 |
|     bus_read                                                                                                |                                                                       gdn_rs2_top_gmem4_m_axi_read |        385 |        385 |       0 |    0 |   631 |      0 |      0 |    0 |          0 |
|       rreq_burst_conv                                                                                       |                                                            gdn_rs2_top_gmem4_m_axi_burst_converter |        308 |        308 |       0 |    0 |   529 |      0 |      0 |    0 |          0 |
|         burst_sequential                                                                                    |                                                           gdn_rs2_top_gmem4_m_axi_burst_sequential |        308 |        308 |       0 |    0 |   529 |      0 |      0 |    0 |          0 |
|           (burst_sequential)                                                                                |                                                           gdn_rs2_top_gmem4_m_axi_burst_sequential |        143 |        143 |       0 |    0 |   332 |      0 |      0 |    0 |          0 |
|           rs_req                                                                                            |                                                  gdn_rs2_top_gmem4_m_axi_reg_slice__parameterized0 |        165 |        165 |       0 |    0 |   197 |      0 |      0 |    0 |          0 |
|       rs_rdata                                                                                              |                                                  gdn_rs2_top_gmem4_m_axi_reg_slice__parameterized1 |         39 |         39 |       0 |    0 |    71 |      0 |      0 |    0 |          0 |
|     load_unit_0                                                                                             |                                                                       gdn_rs2_top_gmem4_m_axi_load |        229 |        192 |       0 |   37 |   343 |      0 |      1 |    0 |          0 |
|       (load_unit_0)                                                                                         |                                                                       gdn_rs2_top_gmem4_m_axi_load |          0 |          0 |       0 |    0 |   135 |      0 |      0 |    0 |          0 |
|       bus_wide_gen.rreq_offset                                                                              |                                                                       gdn_rs2_top_gmem4_m_axi_fifo |         50 |         46 |       0 |    4 |    21 |      0 |      0 |    0 |          0 |
|       bus_wide_gen.rs_rdata_int                                                                             |                                                                  gdn_rs2_top_gmem4_m_axi_reg_slice |         76 |         76 |       0 |    0 |    71 |      0 |      0 |    0 |          0 |
|       fifo_rreq                                                                                             |                                                       gdn_rs2_top_gmem4_m_axi_fifo__parameterized0 |         57 |         24 |       0 |   33 |    79 |      0 |      0 |    0 |          0 |
|         U_fifo_srl                                                                                          |                                                        gdn_rs2_top_gmem4_m_axi_srl__parameterized0 |         38 |          5 |       0 |   33 |    65 |      0 |      0 |    0 |          0 |
|   gmem5_m_axi_U                                                                                             |                                                                            gdn_rs2_top_gmem5_m_axi |        613 |        576 |       0 |   37 |   974 |      0 |      1 |    0 |          0 |
|     bus_read                                                                                                |                                                                       gdn_rs2_top_gmem5_m_axi_read |        385 |        385 |       0 |    0 |   631 |      0 |      0 |    0 |          0 |
|       rreq_burst_conv                                                                                       |                                                            gdn_rs2_top_gmem5_m_axi_burst_converter |        308 |        308 |       0 |    0 |   529 |      0 |      0 |    0 |          0 |
|         burst_sequential                                                                                    |                                                           gdn_rs2_top_gmem5_m_axi_burst_sequential |        308 |        308 |       0 |    0 |   529 |      0 |      0 |    0 |          0 |
|           (burst_sequential)                                                                                |                                                           gdn_rs2_top_gmem5_m_axi_burst_sequential |        143 |        143 |       0 |    0 |   332 |      0 |      0 |    0 |          0 |
|           rs_req                                                                                            |                                                  gdn_rs2_top_gmem5_m_axi_reg_slice__parameterized0 |        165 |        165 |       0 |    0 |   197 |      0 |      0 |    0 |          0 |
|       rs_rdata                                                                                              |                                                  gdn_rs2_top_gmem5_m_axi_reg_slice__parameterized1 |         39 |         39 |       0 |    0 |    71 |      0 |      0 |    0 |          0 |
|     load_unit_0                                                                                             |                                                                       gdn_rs2_top_gmem5_m_axi_load |        229 |        192 |       0 |   37 |   343 |      0 |      1 |    0 |          0 |
|       (load_unit_0)                                                                                         |                                                                       gdn_rs2_top_gmem5_m_axi_load |          0 |          0 |       0 |    0 |   135 |      0 |      0 |    0 |          0 |
|       bus_wide_gen.rreq_offset                                                                              |                                                                       gdn_rs2_top_gmem5_m_axi_fifo |         51 |         47 |       0 |    4 |    21 |      0 |      0 |    0 |          0 |
|       bus_wide_gen.rs_rdata_int                                                                             |                                                                  gdn_rs2_top_gmem5_m_axi_reg_slice |         76 |         76 |       0 |    0 |    71 |      0 |      0 |    0 |          0 |
|       fifo_rreq                                                                                             |                                                       gdn_rs2_top_gmem5_m_axi_fifo__parameterized0 |         56 |         23 |       0 |   33 |    79 |      0 |      0 |    0 |          0 |
|         U_fifo_srl                                                                                          |                                                        gdn_rs2_top_gmem5_m_axi_srl__parameterized0 |         38 |          5 |       0 |   33 |    65 |      0 |      0 |    0 |          0 |
|   gmem6_m_axi_U                                                                                             |                                                                            gdn_rs2_top_gmem6_m_axi |        614 |        577 |       0 |   37 |   974 |      0 |      1 |    0 |          0 |
|     bus_read                                                                                                |                                                                       gdn_rs2_top_gmem6_m_axi_read |        385 |        385 |       0 |    0 |   631 |      0 |      0 |    0 |          0 |
|       rreq_burst_conv                                                                                       |                                                            gdn_rs2_top_gmem6_m_axi_burst_converter |        307 |        307 |       0 |    0 |   529 |      0 |      0 |    0 |          0 |
|         burst_sequential                                                                                    |                                                           gdn_rs2_top_gmem6_m_axi_burst_sequential |        307 |        307 |       0 |    0 |   529 |      0 |      0 |    0 |          0 |
|           (burst_sequential)                                                                                |                                                           gdn_rs2_top_gmem6_m_axi_burst_sequential |        143 |        143 |       0 |    0 |   332 |      0 |      0 |    0 |          0 |
|           rs_req                                                                                            |                                                  gdn_rs2_top_gmem6_m_axi_reg_slice__parameterized0 |        165 |        165 |       0 |    0 |   197 |      0 |      0 |    0 |          0 |
|       rs_rdata                                                                                              |                                                  gdn_rs2_top_gmem6_m_axi_reg_slice__parameterized1 |         40 |         40 |       0 |    0 |    71 |      0 |      0 |    0 |          0 |
|     load_unit_0                                                                                             |                                                                       gdn_rs2_top_gmem6_m_axi_load |        230 |        193 |       0 |   37 |   343 |      0 |      1 |    0 |          0 |
|       (load_unit_0)                                                                                         |                                                                       gdn_rs2_top_gmem6_m_axi_load |          1 |          1 |       0 |    0 |   135 |      0 |      0 |    0 |          0 |
|       bus_wide_gen.rreq_offset                                                                              |                                                                       gdn_rs2_top_gmem6_m_axi_fifo |         50 |         46 |       0 |    4 |    21 |      0 |      0 |    0 |          0 |
|       bus_wide_gen.rs_rdata_int                                                                             |                                                                  gdn_rs2_top_gmem6_m_axi_reg_slice |         78 |         78 |       0 |    0 |    71 |      0 |      0 |    0 |          0 |
|       fifo_rreq                                                                                             |                                                       gdn_rs2_top_gmem6_m_axi_fifo__parameterized0 |         55 |         22 |       0 |   33 |    79 |      0 |      0 |    0 |          0 |
|         U_fifo_srl                                                                                          |                                                        gdn_rs2_top_gmem6_m_axi_srl__parameterized0 |         37 |          4 |       0 |   33 |    65 |      0 |      0 |    0 |          0 |
|   gmem7_m_axi_U                                                                                             |                                                                            gdn_rs2_top_gmem7_m_axi |        617 |        580 |       0 |   37 |   974 |      0 |      1 |    0 |          0 |
|     bus_read                                                                                                |                                                                       gdn_rs2_top_gmem7_m_axi_read |        387 |        387 |       0 |    0 |   631 |      0 |      0 |    0 |          0 |
|       rreq_burst_conv                                                                                       |                                                            gdn_rs2_top_gmem7_m_axi_burst_converter |        310 |        310 |       0 |    0 |   529 |      0 |      0 |    0 |          0 |
|         burst_sequential                                                                                    |                                                           gdn_rs2_top_gmem7_m_axi_burst_sequential |        310 |        310 |       0 |    0 |   529 |      0 |      0 |    0 |          0 |
|           (burst_sequential)                                                                                |                                                           gdn_rs2_top_gmem7_m_axi_burst_sequential |        145 |        145 |       0 |    0 |   332 |      0 |      0 |    0 |          0 |
|           rs_req                                                                                            |                                                  gdn_rs2_top_gmem7_m_axi_reg_slice__parameterized0 |        165 |        165 |       0 |    0 |   197 |      0 |      0 |    0 |          0 |
|       rs_rdata                                                                                              |                                                  gdn_rs2_top_gmem7_m_axi_reg_slice__parameterized1 |         39 |         39 |       0 |    0 |    71 |      0 |      0 |    0 |          0 |
|     load_unit_0                                                                                             |                                                                       gdn_rs2_top_gmem7_m_axi_load |        230 |        193 |       0 |   37 |   343 |      0 |      1 |    0 |          0 |
|       (load_unit_0)                                                                                         |                                                                       gdn_rs2_top_gmem7_m_axi_load |          1 |          1 |       0 |    0 |   135 |      0 |      0 |    0 |          0 |
|       bus_wide_gen.rs_rdata_int                                                                             |                                                                  gdn_rs2_top_gmem7_m_axi_reg_slice |         77 |         77 |       0 |    0 |    71 |      0 |      0 |    0 |          0 |
|       fifo_rreq                                                                                             |                                                       gdn_rs2_top_gmem7_m_axi_fifo__parameterized0 |         57 |         24 |       0 |   33 |    79 |      0 |      0 |    0 |          0 |
|         U_fifo_srl                                                                                          |                                                        gdn_rs2_top_gmem7_m_axi_srl__parameterized0 |         37 |          4 |       0 |   33 |    65 |      0 |      0 |    0 |          0 |
|   gmem8_m_axi_U                                                                                             |                                                                            gdn_rs2_top_gmem8_m_axi |        620 |        583 |       0 |   37 |   966 |      0 |      1 |    0 |          0 |
|     bus_read                                                                                                |                                                                       gdn_rs2_top_gmem8_m_axi_read |        410 |        410 |       0 |    0 |   627 |      0 |      0 |    0 |          0 |
|       rreq_burst_conv                                                                                       |                                                            gdn_rs2_top_gmem8_m_axi_burst_converter |        335 |        335 |       0 |    0 |   525 |      0 |      0 |    0 |          0 |
|         burst_sequential                                                                                    |                                                           gdn_rs2_top_gmem8_m_axi_burst_sequential |        335 |        335 |       0 |    0 |   525 |      0 |      0 |    0 |          0 |
|           (burst_sequential)                                                                                |                                                           gdn_rs2_top_gmem8_m_axi_burst_sequential |        148 |        148 |       0 |    0 |   332 |      0 |      0 |    0 |          0 |
|           rs_req                                                                                            |                                                  gdn_rs2_top_gmem8_m_axi_reg_slice__parameterized0 |        187 |        187 |       0 |    0 |   193 |      0 |      0 |    0 |          0 |
|       rs_rdata                                                                                              |                                                  gdn_rs2_top_gmem8_m_axi_reg_slice__parameterized1 |         40 |         40 |       0 |    0 |    71 |      0 |      0 |    0 |          0 |
|     load_unit_0                                                                                             |                                                                       gdn_rs2_top_gmem8_m_axi_load |        210 |        173 |       0 |   37 |   339 |      0 |      1 |    0 |          0 |
|       (load_unit_0)                                                                                         |                                                                       gdn_rs2_top_gmem8_m_axi_load |          1 |          1 |       0 |    0 |   132 |      0 |      0 |    0 |          0 |
|       bus_wide_gen.rs_rdata_int                                                                             |                                                                  gdn_rs2_top_gmem8_m_axi_reg_slice |         62 |         62 |       0 |    0 |    71 |      0 |      0 |    0 |          0 |
|       fifo_rreq                                                                                             |                                                       gdn_rs2_top_gmem8_m_axi_fifo__parameterized0 |         61 |         26 |       0 |   35 |    80 |      0 |      0 |    0 |          0 |
|         U_fifo_srl                                                                                          |                                                        gdn_rs2_top_gmem8_m_axi_srl__parameterized0 |         41 |          6 |       0 |   35 |    66 |      0 |      0 |    0 |          0 |
|   gmem9_m_axi_U                                                                                             |                                                                            gdn_rs2_top_gmem9_m_axi |        659 |        552 |       0 |  107 |  1104 |      0 |      0 |    0 |          0 |
|     bus_write                                                                                               |                                                                      gdn_rs2_top_gmem9_m_axi_write |        464 |        431 |       0 |   33 |   820 |      0 |      0 |    0 |          0 |
|       wreq_burst_conv                                                                                       |                                                            gdn_rs2_top_gmem9_m_axi_burst_converter |        287 |        287 |       0 |    0 |   521 |      0 |      0 |    0 |          0 |
|         burst_sequential                                                                                    |                                                           gdn_rs2_top_gmem9_m_axi_burst_sequential |        287 |        287 |       0 |    0 |   521 |      0 |      0 |    0 |          0 |
|           (burst_sequential)                                                                                |                                                           gdn_rs2_top_gmem9_m_axi_burst_sequential |        141 |        141 |       0 |    0 |   332 |      0 |      0 |    0 |          0 |
|           rs_req                                                                                            |                                                                  gdn_rs2_top_gmem9_m_axi_reg_slice |        146 |        146 |       0 |    0 |   189 |      0 |      0 |    0 |          0 |
|       wreq_throttle                                                                                         |                                                                   gdn_rs2_top_gmem9_m_axi_throttle |        152 |        120 |       0 |   32 |   276 |      0 |      0 |    0 |          0 |
|         rs_req                                                                                              |                                                  gdn_rs2_top_gmem9_m_axi_reg_slice__parameterized1 |         73 |         73 |       0 |    0 |   137 |      0 |      0 |    0 |          0 |
|         fifo_burst_gen[0].fifo_req                                                                          |                                                       gdn_rs2_top_gmem9_m_axi_fifo__parameterized4 |         54 |         22 |       0 |   32 |    79 |      0 |      0 |    0 |          0 |
|           U_fifo_srl                                                                                        |                                                        gdn_rs2_top_gmem9_m_axi_srl__parameterized4 |         33 |          1 |       0 |   32 |    62 |      0 |      0 |    0 |          0 |
|     store_unit_0                                                                                            |                                                                      gdn_rs2_top_gmem9_m_axi_store |        196 |        122 |       0 |   74 |   284 |      0 |      0 |    0 |          0 |
|       (store_unit_0)                                                                                        |                                                                      gdn_rs2_top_gmem9_m_axi_store |          2 |          2 |       0 |    0 |   106 |      0 |      0 |    0 |          0 |
|       buff_wdata                                                                                            |                                                       gdn_rs2_top_gmem9_m_axi_fifo__parameterized1 |         65 |         29 |       0 |   36 |    56 |      0 |      0 |    0 |          0 |
|       fifo_wreq                                                                                             |                                                       gdn_rs2_top_gmem9_m_axi_fifo__parameterized0 |         51 |         18 |       0 |   33 |    74 |      0 |      0 |    0 |          0 |
|         U_fifo_srl                                                                                          |                                                        gdn_rs2_top_gmem9_m_axi_srl__parameterized0 |         38 |          5 |       0 |   33 |    63 |      0 |      0 |    0 |          0 |
|   grp_gdn_rs2_top_impl_fu_702                                                                               |                                                                       gdn_rs2_top_gdn_rs2_top_impl |      94505 |      92986 |    1191 |  328 | 46454 |    335 |      0 |  598 |         14 |
|     (grp_gdn_rs2_top_impl_fu_702)                                                                           |                                                                       gdn_rs2_top_gdn_rs2_top_impl |       3317 |       3300 |       0 |   17 |  7882 |      0 |      0 |    0 |          0 |
|     gdn_rs2_top_impl_unsigned_char_unsigned_short_unsigned_char_unsigned_char_ap_uin_10_U                   |       gdn_rs2_top_gdn_rs2_top_impl_gdn_rs2_top_impl_unsigned_char_unsigned_short_unsigned_char_jbC |        141 |        141 |       0 |    0 |     2 |      0 |      0 |    8 |          0 |
|     gdn_rs2_top_impl_unsigned_char_unsigned_short_unsigned_char_unsigned_char_ap_uin_11_U                   |     gdn_rs2_top_gdn_rs2_top_impl_gdn_rs2_top_impl_unsigned_char_unsigned_short_unsigned_char_jbC_0 |        141 |        141 |       0 |    0 |     2 |      0 |      0 |    8 |          0 |
|     gdn_rs2_top_impl_unsigned_char_unsigned_short_unsigned_char_unsigned_char_ap_uin_12_U                   |     gdn_rs2_top_gdn_rs2_top_impl_gdn_rs2_top_impl_unsigned_char_unsigned_short_unsigned_char_jbC_1 |        514 |        514 |       0 |    0 |     4 |      0 |      0 |    8 |          0 |
|     gdn_rs2_top_impl_unsigned_char_unsigned_short_unsigned_char_unsigned_char_ap_uin_13_U                   |     gdn_rs2_top_gdn_rs2_top_impl_gdn_rs2_top_impl_unsigned_char_unsigned_short_unsigned_char_jbC_2 |        130 |        130 |       0 |    0 |     0 |      0 |      0 |    8 |          0 |
|     gdn_rs2_top_impl_unsigned_char_unsigned_short_unsigned_char_unsigned_char_ap_uin_14_U                   |     gdn_rs2_top_gdn_rs2_top_impl_gdn_rs2_top_impl_unsigned_char_unsigned_short_unsigned_char_jbC_3 |        132 |        132 |       0 |    0 |     2 |      0 |      0 |    8 |          0 |
|     gdn_rs2_top_impl_unsigned_char_unsigned_short_unsigned_char_unsigned_char_ap_uin_15_U                   |     gdn_rs2_top_gdn_rs2_top_impl_gdn_rs2_top_impl_unsigned_char_unsigned_short_unsigned_char_jbC_4 |        909 |        909 |       0 |    0 |     4 |      0 |      0 |    8 |          0 |
|     gdn_rs2_top_impl_unsigned_char_unsigned_short_unsigned_char_unsigned_char_ap_uin_16_U                   |     gdn_rs2_top_gdn_rs2_top_impl_gdn_rs2_top_impl_unsigned_char_unsigned_short_unsigned_char_jbC_5 |        131 |        131 |       0 |    0 |     2 |      0 |      0 |    8 |          0 |
|     gdn_rs2_top_impl_unsigned_char_unsigned_short_unsigned_char_unsigned_char_ap_uin_17_U                   |     gdn_rs2_top_gdn_rs2_top_impl_gdn_rs2_top_impl_unsigned_char_unsigned_short_unsigned_char_jbC_6 |        131 |        131 |       0 |    0 |     2 |      0 |      0 |    8 |          0 |
|     gdn_rs2_top_impl_unsigned_char_unsigned_short_unsigned_char_unsigned_char_ap_uin_18_U                   |     gdn_rs2_top_gdn_rs2_top_impl_gdn_rs2_top_impl_unsigned_char_unsigned_short_unsigned_char_jbC_7 |        525 |        525 |       0 |    0 |     2 |      0 |      0 |    8 |          0 |
|     gdn_rs2_top_impl_unsigned_char_unsigned_short_unsigned_char_unsigned_char_ap_uin_19_U                   |     gdn_rs2_top_gdn_rs2_top_impl_gdn_rs2_top_impl_unsigned_char_unsigned_short_unsigned_char_jbC_8 |        132 |        132 |       0 |    0 |     2 |      0 |      0 |    8 |          0 |
|     gdn_rs2_top_impl_unsigned_char_unsigned_short_unsigned_char_unsigned_char_ap_uin_1_U                    |     gdn_rs2_top_gdn_rs2_top_impl_gdn_rs2_top_impl_unsigned_char_unsigned_short_unsigned_char_jbC_9 |        132 |        132 |       0 |    0 |     2 |      0 |      0 |    8 |          0 |
|     gdn_rs2_top_impl_unsigned_char_unsigned_short_unsigned_char_unsigned_char_ap_uin_22_U                   |       gdn_rs2_top_gdn_rs2_top_impl_gdn_rs2_top_impl_unsigned_char_unsigned_short_unsigned_char_bkb |        115 |         51 |      64 |    0 |    64 |      0 |      0 |    0 |          0 |
|     gdn_rs2_top_impl_unsigned_char_unsigned_short_unsigned_char_unsigned_char_ap_uin_23_U                   |    gdn_rs2_top_gdn_rs2_top_impl_gdn_rs2_top_impl_unsigned_char_unsigned_short_unsigned_char_bkb_10 |        117 |         53 |      64 |    0 |    64 |      0 |      0 |    0 |          0 |
|     gdn_rs2_top_impl_unsigned_char_unsigned_short_unsigned_char_unsigned_char_ap_uin_24_U                   |    gdn_rs2_top_gdn_rs2_top_impl_gdn_rs2_top_impl_unsigned_char_unsigned_short_unsigned_char_bkb_11 |        105 |         41 |      64 |    0 |    64 |      0 |      0 |    0 |          0 |
|     gdn_rs2_top_impl_unsigned_char_unsigned_short_unsigned_char_unsigned_char_ap_uin_25_U                   |    gdn_rs2_top_gdn_rs2_top_impl_gdn_rs2_top_impl_unsigned_char_unsigned_short_unsigned_char_bkb_12 |        168 |        104 |      64 |    0 |    64 |      0 |      0 |    0 |          0 |
|     gdn_rs2_top_impl_unsigned_char_unsigned_short_unsigned_char_unsigned_char_ap_uin_26_U                   |    gdn_rs2_top_gdn_rs2_top_impl_gdn_rs2_top_impl_unsigned_char_unsigned_short_unsigned_char_bkb_13 |        167 |        103 |      64 |    0 |    64 |      0 |      0 |    0 |          0 |
|     gdn_rs2_top_impl_unsigned_char_unsigned_short_unsigned_char_unsigned_char_ap_uin_27_U                   |    gdn_rs2_top_gdn_rs2_top_impl_gdn_rs2_top_impl_unsigned_char_unsigned_short_unsigned_char_bkb_14 |        168 |        104 |      64 |    0 |    64 |      0 |      0 |    0 |          0 |
|     gdn_rs2_top_impl_unsigned_char_unsigned_short_unsigned_char_unsigned_char_ap_uin_28_U                   |    gdn_rs2_top_gdn_rs2_top_impl_gdn_rs2_top_impl_unsigned_char_unsigned_short_unsigned_char_bkb_15 |        170 |        106 |      64 |    0 |    64 |      0 |      0 |    0 |          0 |
|     gdn_rs2_top_impl_unsigned_char_unsigned_short_unsigned_char_unsigned_char_ap_uin_29_U                   |    gdn_rs2_top_gdn_rs2_top_impl_gdn_rs2_top_impl_unsigned_char_unsigned_short_unsigned_char_bkb_16 |        175 |        111 |      64 |    0 |    64 |      0 |      0 |    0 |          0 |
|     gdn_rs2_top_impl_unsigned_char_unsigned_short_unsigned_char_unsigned_char_ap_uin_2_U                    |    gdn_rs2_top_gdn_rs2_top_impl_gdn_rs2_top_impl_unsigned_char_unsigned_short_unsigned_char_jbC_17 |        131 |        131 |       0 |    0 |     2 |      0 |      0 |    8 |          0 |
|     gdn_rs2_top_impl_unsigned_char_unsigned_short_unsigned_char_unsigned_char_ap_uin_3_U                    |    gdn_rs2_top_gdn_rs2_top_impl_gdn_rs2_top_impl_unsigned_char_unsigned_short_unsigned_char_jbC_18 |        532 |        532 |       0 |    0 |     2 |      0 |      0 |    8 |          0 |
|     gdn_rs2_top_impl_unsigned_char_unsigned_short_unsigned_char_unsigned_char_ap_uin_4_U                    |    gdn_rs2_top_gdn_rs2_top_impl_gdn_rs2_top_impl_unsigned_char_unsigned_short_unsigned_char_jbC_19 |        156 |        156 |       0 |    0 |     2 |      0 |      0 |    8 |          0 |
|     gdn_rs2_top_impl_unsigned_char_unsigned_short_unsigned_char_unsigned_char_ap_uin_5_U                    |    gdn_rs2_top_gdn_rs2_top_impl_gdn_rs2_top_impl_unsigned_char_unsigned_short_unsigned_char_jbC_20 |        133 |        133 |       0 |    0 |     2 |      0 |      0 |    8 |          0 |
|     gdn_rs2_top_impl_unsigned_char_unsigned_short_unsigned_char_unsigned_char_ap_uin_6_U                    |    gdn_rs2_top_gdn_rs2_top_impl_gdn_rs2_top_impl_unsigned_char_unsigned_short_unsigned_char_jbC_21 |        899 |        899 |       0 |    0 |     2 |      0 |      0 |    8 |          0 |
|     gdn_rs2_top_impl_unsigned_char_unsigned_short_unsigned_char_unsigned_char_ap_uin_7_U                    |    gdn_rs2_top_gdn_rs2_top_impl_gdn_rs2_top_impl_unsigned_char_unsigned_short_unsigned_char_jbC_22 |        142 |        142 |       0 |    0 |     2 |      0 |      0 |    8 |          0 |
|     gdn_rs2_top_impl_unsigned_char_unsigned_short_unsigned_char_unsigned_char_ap_uin_8_U                    |    gdn_rs2_top_gdn_rs2_top_impl_gdn_rs2_top_impl_unsigned_char_unsigned_short_unsigned_char_jbC_23 |        139 |        139 |       0 |    0 |     2 |      0 |      0 |    8 |          0 |
|     gdn_rs2_top_impl_unsigned_char_unsigned_short_unsigned_char_unsigned_char_ap_uin_9_U                    |    gdn_rs2_top_gdn_rs2_top_impl_gdn_rs2_top_impl_unsigned_char_unsigned_short_unsigned_char_jbC_24 |        139 |        139 |       0 |    0 |     2 |      0 |      0 |    8 |          0 |
|     gdn_rs2_top_impl_unsigned_char_unsigned_short_unsigned_char_unsigned_char_ap_uin_U                      |    gdn_rs2_top_gdn_rs2_top_impl_gdn_rs2_top_impl_unsigned_char_unsigned_short_unsigned_char_jbC_25 |        516 |        516 |       0 |    0 |     2 |      0 |      0 |    8 |          0 |
|     grp_aligned_sum_guarded_3_s_fu_11529                                                                    |                                                                gdn_rs2_top_aligned_sum_guarded_3_s |       1364 |       1363 |       0 |    1 |   854 |      0 |      0 |    0 |          0 |
|       (grp_aligned_sum_guarded_3_s_fu_11529)                                                                |                                                                gdn_rs2_top_aligned_sum_guarded_3_s |         22 |         22 |       0 |    0 |   382 |      0 |      0 |    0 |          0 |
|       grp_aligned_sum_guarded_3_Pipeline_align_terms_fu_166                                                 |                                             gdn_rs2_top_aligned_sum_guarded_3_Pipeline_align_terms |       1247 |       1246 |       0 |    1 |   451 |      0 |      0 |    0 |          0 |
|         (grp_aligned_sum_guarded_3_Pipeline_align_terms_fu_166)                                             |                                             gdn_rs2_top_aligned_sum_guarded_3_Pipeline_align_terms |        995 |        994 |       0 |    1 |   449 |      0 |      0 |    0 |          0 |
|         flow_control_loop_pipe_sequential_init_U                                                            |                                             gdn_rs2_top_flow_control_loop_pipe_sequential_init_296 |        252 |        252 |       0 |    0 |     2 |      0 |      0 |    0 |          0 |
|       grp_aligned_sum_guarded_3_Pipeline_find_dominant_fu_148                                               |                                           gdn_rs2_top_aligned_sum_guarded_3_Pipeline_find_dominant |         95 |         95 |       0 |    0 |    21 |      0 |      0 |    0 |          0 |
|         flow_control_loop_pipe_sequential_init_U                                                            |                                             gdn_rs2_top_flow_control_loop_pipe_sequential_init_295 |         80 |         80 |       0 |    0 |     2 |      0 |      0 |    0 |          0 |
|     grp_gdn_rs2_top_impl_Outline_4_fu_11133                                                                 |                                                             gdn_rs2_top_gdn_rs2_top_impl_Outline_4 |         82 |         82 |       0 |    0 |    14 |      0 |      0 |    0 |          0 |
|     grp_gdn_rs2_top_impl_Outline_decay_coefficients_heads_fu_11140                                          |                                      gdn_rs2_top_gdn_rs2_top_impl_Outline_decay_coefficients_heads |        131 |        131 |       0 |    0 |   234 |      0 |      0 |    0 |          2 |
|       (grp_gdn_rs2_top_impl_Outline_decay_coefficients_heads_fu_11140)                                      |                                      gdn_rs2_top_gdn_rs2_top_impl_Outline_decay_coefficients_heads |        119 |        119 |       0 |    0 |   234 |      0 |      0 |    0 |          0 |
|     grp_gdn_rs2_top_impl_Outline_output_log_entries_fu_11219                                                |                                            gdn_rs2_top_gdn_rs2_top_impl_Outline_output_log_entries |       2114 |       1939 |     160 |   15 |  1731 |      0 |      0 |    0 |          0 |
|       grp_p_anonymous_namespace_dot_log_entry_fu_225                                                        |                                                gdn_rs2_top_p_anonymous_namespace_dot_log_entry_253 |       2095 |       1920 |     160 |   15 |  1705 |      0 |      0 |    0 |          0 |
|         (grp_p_anonymous_namespace_dot_log_entry_fu_225)                                                    |                                                gdn_rs2_top_p_anonymous_namespace_dot_log_entry_253 |        740 |        740 |       0 |    0 |   201 |      0 |      0 |    0 |          0 |
|         grp_aligned_sum_guarded_512_s_fu_342                                                                |                                                          gdn_rs2_top_aligned_sum_guarded_512_s_270 |       1016 |       1014 |       0 |    2 |   777 |      0 |      0 |    0 |          0 |
|           (grp_aligned_sum_guarded_512_s_fu_342)                                                            |                                                          gdn_rs2_top_aligned_sum_guarded_512_s_270 |         19 |         19 |       0 |    0 |   367 |      0 |      0 |    0 |          0 |
|           grp_aligned_sum_guarded_512_Pipeline_align_terms_fu_226                                           |                                       gdn_rs2_top_aligned_sum_guarded_512_Pipeline_align_terms_290 |        896 |        894 |       0 |    2 |   382 |      0 |      0 |    0 |          0 |
|             (grp_aligned_sum_guarded_512_Pipeline_align_terms_fu_226)                                       |                                       gdn_rs2_top_aligned_sum_guarded_512_Pipeline_align_terms_290 |        734 |        732 |       0 |    2 |   380 |      0 |      0 |    0 |          0 |
|             flow_control_loop_pipe_sequential_init_U                                                        |                                             gdn_rs2_top_flow_control_loop_pipe_sequential_init_293 |        162 |        162 |       0 |    0 |     2 |      0 |      0 |    0 |          0 |
|           grp_aligned_sum_guarded_512_Pipeline_find_dominant_fu_156                                         |                                     gdn_rs2_top_aligned_sum_guarded_512_Pipeline_find_dominant_291 |        102 |        102 |       0 |    0 |    28 |      0 |      0 |    0 |          0 |
|             (grp_aligned_sum_guarded_512_Pipeline_find_dominant_fu_156)                                     |                                     gdn_rs2_top_aligned_sum_guarded_512_Pipeline_find_dominant_291 |         85 |         85 |       0 |    0 |    26 |      0 |      0 |    0 |          0 |
|         grp_p_anonymous_namespace_dot_log_entry_Pipeline_dot_log_vector_terms_dot_log_key_ter_fu_256        |  gdn_rs2_top_p_anonymous_namespace_dot_log_entry_Pipeline_dot_log_vector_terms_dot_log_key_ter_271 |        198 |        185 |       0 |   13 |   423 |      0 |      0 |    0 |          0 |
|           (grp_p_anonymous_namespace_dot_log_entry_Pipeline_dot_log_vector_terms_dot_log_key_ter_fu_256)    |  gdn_rs2_top_p_anonymous_namespace_dot_log_entry_Pipeline_dot_log_vector_terms_dot_log_key_ter_271 |        115 |        102 |       0 |   13 |   421 |      0 |      0 |    0 |          0 |
|           flow_control_loop_pipe_sequential_init_U                                                          |                                             gdn_rs2_top_flow_control_loop_pipe_sequential_init_288 |         55 |         55 |       0 |    0 |     2 |      0 |      0 |    0 |          0 |
|     grp_gdn_rs2_top_impl_Outline_prediction_log_entries_fu_11170                                            |                                        gdn_rs2_top_gdn_rs2_top_impl_Outline_prediction_log_entries |       1848 |       1673 |     160 |   15 |  1986 |      0 |      0 |    0 |          0 |
|       (grp_gdn_rs2_top_impl_Outline_prediction_log_entries_fu_11170)                                        |                                        gdn_rs2_top_gdn_rs2_top_impl_Outline_prediction_log_entries |         18 |         18 |       0 |    0 |   282 |      0 |      0 |    0 |          0 |
|       grp_p_anonymous_namespace_dot_log_entry_fu_233                                                        |                                                    gdn_rs2_top_p_anonymous_namespace_dot_log_entry |       1831 |       1656 |     160 |   15 |  1704 |      0 |      0 |    0 |          0 |
|         (grp_p_anonymous_namespace_dot_log_entry_fu_233)                                                    |                                                    gdn_rs2_top_p_anonymous_namespace_dot_log_entry |        727 |        727 |       0 |    0 |   201 |      0 |      0 |    0 |          0 |
|         grp_aligned_sum_guarded_512_s_fu_342                                                                |                                                          gdn_rs2_top_aligned_sum_guarded_512_s_232 |        759 |        757 |       0 |    2 |   776 |      0 |      0 |    0 |          0 |
|           (grp_aligned_sum_guarded_512_s_fu_342)                                                            |                                                          gdn_rs2_top_aligned_sum_guarded_512_s_232 |         18 |         18 |       0 |    0 |   366 |      0 |      0 |    0 |          0 |
|           grp_aligned_sum_guarded_512_Pipeline_align_terms_fu_226                                           |                                       gdn_rs2_top_aligned_sum_guarded_512_Pipeline_align_terms_249 |        640 |        638 |       0 |    2 |   382 |      0 |      0 |    0 |          0 |
|             (grp_aligned_sum_guarded_512_Pipeline_align_terms_fu_226)                                       |                                       gdn_rs2_top_aligned_sum_guarded_512_Pipeline_align_terms_249 |        478 |        476 |       0 |    2 |   380 |      0 |      0 |    0 |          0 |
|             flow_control_loop_pipe_sequential_init_U                                                        |                                             gdn_rs2_top_flow_control_loop_pipe_sequential_init_252 |        162 |        162 |       0 |    0 |     2 |      0 |      0 |    0 |          0 |
|           grp_aligned_sum_guarded_512_Pipeline_find_dominant_fu_156                                         |                                     gdn_rs2_top_aligned_sum_guarded_512_Pipeline_find_dominant_250 |        102 |        102 |       0 |    0 |    28 |      0 |      0 |    0 |          0 |
|             (grp_aligned_sum_guarded_512_Pipeline_find_dominant_fu_156)                                     |                                     gdn_rs2_top_aligned_sum_guarded_512_Pipeline_find_dominant_250 |         85 |         85 |       0 |    0 |    26 |      0 |      0 |    0 |          0 |
|         grp_p_anonymous_namespace_dot_log_entry_Pipeline_dot_log_vector_terms_dot_log_key_ter_fu_256        |      gdn_rs2_top_p_anonymous_namespace_dot_log_entry_Pipeline_dot_log_vector_terms_dot_log_key_ter |        204 |        191 |       0 |   13 |   423 |      0 |      0 |    0 |          0 |
|           (grp_p_anonymous_namespace_dot_log_entry_Pipeline_dot_log_vector_terms_dot_log_key_ter_fu_256)    |      gdn_rs2_top_p_anonymous_namespace_dot_log_entry_Pipeline_dot_log_vector_terms_dot_log_key_ter |        121 |        108 |       0 |   13 |   421 |      0 |      0 |    0 |          0 |
|           flow_control_loop_pipe_sequential_init_U                                                          |                                             gdn_rs2_top_flow_control_loop_pipe_sequential_init_248 |         55 |         55 |       0 |    0 |     2 |      0 |      0 |    0 |          0 |
|     grp_p_anonymous_namespace_combine_action_fu_11494                                                       |                                                   gdn_rs2_top_p_anonymous_namespace_combine_action |       4071 |       4070 |       0 |    1 |  2752 |      0 |      0 |    0 |          6 |
|       (grp_p_anonymous_namespace_combine_action_fu_11494)                                                   |                                                   gdn_rs2_top_p_anonymous_namespace_combine_action |        995 |        995 |       0 |    0 |  1611 |      0 |      0 |    0 |          0 |
|       grp_aligned_sum_guarded_7_s_fu_537                                                                    |                                                                gdn_rs2_top_aligned_sum_guarded_7_s |       1846 |       1845 |       0 |    1 |   874 |      0 |      0 |    0 |          0 |
|         (grp_aligned_sum_guarded_7_s_fu_537)                                                                |                                                                gdn_rs2_top_aligned_sum_guarded_7_s |         46 |         46 |       0 |    0 |   385 |      0 |      0 |    0 |          0 |
|         grp_aligned_sum_guarded_7_Pipeline_align_terms_fu_244                                               |                                             gdn_rs2_top_aligned_sum_guarded_7_Pipeline_align_terms |       1614 |       1613 |       0 |    1 |   467 |      0 |      0 |    0 |          0 |
|           (grp_aligned_sum_guarded_7_Pipeline_align_terms_fu_244)                                           |                                             gdn_rs2_top_aligned_sum_guarded_7_Pipeline_align_terms |       1293 |       1292 |       0 |    1 |   465 |      0 |      0 |    0 |          0 |
|           flow_control_loop_pipe_sequential_init_U                                                          |                                             gdn_rs2_top_flow_control_loop_pipe_sequential_init_214 |        323 |        323 |       0 |    0 |     2 |      0 |      0 |    0 |          0 |
|         grp_aligned_sum_guarded_7_Pipeline_find_dominant_fu_210                                             |                                           gdn_rs2_top_aligned_sum_guarded_7_Pipeline_find_dominant |        186 |        186 |       0 |    0 |    22 |      0 |      0 |    0 |          0 |
|           flow_control_loop_pipe_sequential_init_U                                                          |                                             gdn_rs2_top_flow_control_loop_pipe_sequential_init_213 |        171 |        171 |       0 |    0 |     2 |      0 |      0 |    0 |          0 |
|       mul_5s_32s_36_2_1_U664                                                                                |                                                                      gdn_rs2_top_mul_5s_32s_36_2_1 |        168 |        168 |       0 |    0 |    36 |      0 |      0 |    0 |          0 |
|       mul_5s_32s_36_2_1_U665                                                                                |                                                                  gdn_rs2_top_mul_5s_32s_36_2_1_200 |        169 |        169 |       0 |    0 |    36 |      0 |      0 |    0 |          0 |
|       mul_5s_32s_36_2_1_U668                                                                                |                                                                  gdn_rs2_top_mul_5s_32s_36_2_1_201 |        189 |        189 |       0 |    0 |    36 |      0 |      0 |    0 |          0 |
|       mul_5s_32s_36_2_1_U670                                                                                |                                                                  gdn_rs2_top_mul_5s_32s_36_2_1_202 |        176 |        176 |       0 |    0 |    36 |      0 |      0 |    0 |          0 |
|       mul_5s_32s_36_2_1_U673                                                                                |                                                                  gdn_rs2_top_mul_5s_32s_36_2_1_203 |        189 |        189 |       0 |    0 |    36 |      0 |      0 |    0 |          0 |
|       mul_5s_32s_36_2_1_U674                                                                                |                                                                  gdn_rs2_top_mul_5s_32s_36_2_1_204 |        176 |        176 |       0 |    0 |    36 |      0 |      0 |    0 |          0 |
|     grp_p_anonymous_namespace_dot_base_column_fu_11392                                                      |                                                  gdn_rs2_top_p_anonymous_namespace_dot_base_column |       2730 |       2546 |     160 |   24 |  2042 |      0 |      0 |    0 |          2 |
|       (grp_p_anonymous_namespace_dot_base_column_fu_11392)                                                  |                                                  gdn_rs2_top_p_anonymous_namespace_dot_base_column |        265 |        265 |       0 |    0 |   264 |      0 |      0 |    0 |          0 |
|       grp_aligned_sum_guarded_512_s_fu_441                                                                  |                                                              gdn_rs2_top_aligned_sum_guarded_512_s |       1182 |       1180 |       0 |    2 |   780 |      0 |      0 |    0 |          0 |
|         (grp_aligned_sum_guarded_512_s_fu_441)                                                              |                                                              gdn_rs2_top_aligned_sum_guarded_512_s |         22 |         22 |       0 |    0 |   370 |      0 |      0 |    0 |          0 |
|         grp_aligned_sum_guarded_512_Pipeline_align_terms_fu_226                                             |                                           gdn_rs2_top_aligned_sum_guarded_512_Pipeline_align_terms |       1053 |       1051 |       0 |    2 |   382 |      0 |      0 |    0 |          0 |
|           (grp_aligned_sum_guarded_512_Pipeline_align_terms_fu_226)                                         |                                           gdn_rs2_top_aligned_sum_guarded_512_Pipeline_align_terms |        883 |        881 |       0 |    2 |   380 |      0 |      0 |    0 |          0 |
|           flow_control_loop_pipe_sequential_init_U                                                          |                                             gdn_rs2_top_flow_control_loop_pipe_sequential_init_196 |        170 |        170 |       0 |    0 |     2 |      0 |      0 |    0 |          0 |
|         grp_aligned_sum_guarded_512_Pipeline_find_dominant_fu_156                                           |                                         gdn_rs2_top_aligned_sum_guarded_512_Pipeline_find_dominant |        107 |        107 |       0 |    0 |    28 |      0 |      0 |    0 |          0 |
|           (grp_aligned_sum_guarded_512_Pipeline_find_dominant_fu_156)                                       |                                         gdn_rs2_top_aligned_sum_guarded_512_Pipeline_find_dominant |         86 |         86 |       0 |    0 |    26 |      0 |      0 |    0 |          0 |
|       grp_p_anonymous_namespace_dot_base_column_Pipeline_dot_base_vector_terms_dot_base_sta_fu_346          |      gdn_rs2_top_p_anonymous_namespace_dot_base_column_Pipeline_dot_base_vector_terms_dot_base_sta |       1122 |       1100 |       0 |   22 |   693 |      0 |      0 |    0 |          0 |
|         (grp_p_anonymous_namespace_dot_base_column_Pipeline_dot_base_vector_terms_dot_base_sta_fu_346)      |      gdn_rs2_top_p_anonymous_namespace_dot_base_column_Pipeline_dot_base_vector_terms_dot_base_sta |       1056 |       1034 |       0 |   22 |   691 |      0 |      0 |    0 |          0 |
|         flow_control_loop_pipe_sequential_init_U                                                            |                                             gdn_rs2_top_flow_control_loop_pipe_sequential_init_194 |         67 |         67 |       0 |    0 |     2 |      0 |      0 |    0 |          0 |
|     grp_p_anonymous_namespace_fold_log_fu_11541                                                             |                                                         gdn_rs2_top_p_anonymous_namespace_fold_log |      30591 |      30456 |      25 |  110 | 15041 |      0 |      0 |    0 |          2 |
|       (grp_p_anonymous_namespace_fold_log_fu_11541)                                                         |                                                         gdn_rs2_top_p_anonymous_namespace_fold_log |       1719 |       1719 |       0 |    0 |  6072 |      0 |      0 |    0 |          0 |
|       grp_aligned_sum_guarded_2_s_fu_8320                                                                   |                                                                gdn_rs2_top_aligned_sum_guarded_2_s |        963 |        962 |       0 |    1 |   711 |      0 |      0 |    0 |          0 |
|         (grp_aligned_sum_guarded_2_s_fu_8320)                                                               |                                                                gdn_rs2_top_aligned_sum_guarded_2_s |         21 |         21 |       0 |    0 |   380 |      0 |      0 |    0 |          0 |
|         grp_aligned_sum_guarded_2_Pipeline_align_terms_fu_142                                               |                                             gdn_rs2_top_aligned_sum_guarded_2_Pipeline_align_terms |        886 |        885 |       0 |    1 |   310 |      0 |      0 |    0 |          0 |
|           (grp_aligned_sum_guarded_2_Pipeline_align_terms_fu_142)                                           |                                             gdn_rs2_top_aligned_sum_guarded_2_Pipeline_align_terms |        704 |        703 |       0 |    1 |   308 |      0 |      0 |    0 |          0 |
|           flow_control_loop_pipe_sequential_init_U                                                          |                                             gdn_rs2_top_flow_control_loop_pipe_sequential_init_162 |        182 |        182 |       0 |    0 |     2 |      0 |      0 |    0 |          0 |
|         grp_aligned_sum_guarded_2_Pipeline_find_dominant_fu_128                                             |                                           gdn_rs2_top_aligned_sum_guarded_2_Pipeline_find_dominant |         56 |         56 |       0 |    0 |    21 |      0 |      0 |    0 |          0 |
|       grp_aligned_sum_guarded_4_s_fu_8332                                                                   |                                                                gdn_rs2_top_aligned_sum_guarded_4_s |       1882 |       1881 |       0 |    1 |   855 |      0 |      0 |    0 |          0 |
|         (grp_aligned_sum_guarded_4_s_fu_8332)                                                               |                                                                gdn_rs2_top_aligned_sum_guarded_4_s |         56 |         56 |       0 |    0 |   383 |      0 |      0 |    0 |          0 |
|         grp_aligned_sum_guarded_4_Pipeline_align_terms_fu_182                                               |                                             gdn_rs2_top_aligned_sum_guarded_4_Pipeline_align_terms |       1691 |       1690 |       0 |    1 |   450 |      0 |      0 |    0 |          0 |
|           (grp_aligned_sum_guarded_4_Pipeline_align_terms_fu_182)                                           |                                             gdn_rs2_top_aligned_sum_guarded_4_Pipeline_align_terms |       1393 |       1392 |       0 |    1 |   448 |      0 |      0 |    0 |          0 |
|           flow_control_loop_pipe_sequential_init_U                                                          |                                             gdn_rs2_top_flow_control_loop_pipe_sequential_init_160 |        298 |        298 |       0 |    0 |     2 |      0 |      0 |    0 |          0 |
|         grp_aligned_sum_guarded_4_Pipeline_find_dominant_fu_160                                             |                                           gdn_rs2_top_aligned_sum_guarded_4_Pipeline_find_dominant |        139 |        139 |       0 |    0 |    22 |      0 |      0 |    0 |          0 |
|           flow_control_loop_pipe_sequential_init_U                                                          |                                             gdn_rs2_top_flow_control_loop_pipe_sequential_init_159 |        116 |        116 |       0 |    0 |     2 |      0 |      0 |    0 |          0 |
|       grp_p_anonymous_namespace_clear_log_fu_8149                                                           |                                                    gdn_rs2_top_p_anonymous_namespace_clear_log_111 |        537 |        537 |       0 |    0 |   148 |      0 |      0 |    0 |          0 |
|         grp_p_anonymous_namespace_clear_log_Pipeline_clear_log_lambda_fu_129                                |                          gdn_rs2_top_p_anonymous_namespace_clear_log_Pipeline_clear_log_lambda_153 |        129 |        129 |       0 |    0 |     8 |      0 |      0 |    0 |          0 |
|           (grp_p_anonymous_namespace_clear_log_Pipeline_clear_log_lambda_fu_129)                            |                          gdn_rs2_top_p_anonymous_namespace_clear_log_Pipeline_clear_log_lambda_153 |        111 |        111 |       0 |    0 |     6 |      0 |      0 |    0 |          0 |
|         grp_p_anonymous_namespace_clear_log_Outline_clear_log_terms_fu_112                                  |                            gdn_rs2_top_p_anonymous_namespace_clear_log_Outline_clear_log_terms_152 |        378 |        378 |       0 |    0 |   105 |      0 |      0 |    0 |          0 |
|           grp_p_anonymous_namespace_clear_log_Pipeline_clear_log_update_heads_clear_log_update_s_fu_108     | gdn_rs2_top_p_anonymous_namespace_clear_log_Pipeline_clear_log_update_heads_clear_log_update_s_156 |        205 |        205 |       0 |    0 |    40 |      0 |      0 |    0 |          0 |
|             (grp_p_anonymous_namespace_clear_log_Pipeline_clear_log_update_heads_clear_log_update_s_fu_108) | gdn_rs2_top_p_anonymous_namespace_clear_log_Pipeline_clear_log_update_heads_clear_log_update_s_156 |        171 |        171 |       0 |    0 |    38 |      0 |      0 |    0 |          0 |
|           grp_p_anonymous_namespace_clear_log_Pipeline_clear_log_key_heads_clear_log_key_blocks_fu_98       |  gdn_rs2_top_p_anonymous_namespace_clear_log_Pipeline_clear_log_key_heads_clear_log_key_blocks_155 |        155 |        155 |       0 |    0 |    45 |      0 |      0 |    0 |          0 |
|             (grp_p_anonymous_namespace_clear_log_Pipeline_clear_log_key_heads_clear_log_key_blocks_fu_98)   |  gdn_rs2_top_p_anonymous_namespace_clear_log_Pipeline_clear_log_key_heads_clear_log_key_blocks_155 |        124 |        124 |       0 |    0 |    43 |      0 |      0 |    0 |          0 |
|       grp_p_anonymous_namespace_quantize_fold_block_fu_8168                                                 |                                              gdn_rs2_top_p_anonymous_namespace_quantize_fold_block |      24914 |      24781 |      25 |  108 |  7238 |      0 |      0 |    0 |          0 |
|         (grp_p_anonymous_namespace_quantize_fold_block_fu_8168)                                             |                                              gdn_rs2_top_p_anonymous_namespace_quantize_fold_block |       8627 |       8627 |       0 |    0 |  3244 |      0 |      0 |    0 |          0 |
|         grp_aligned_sum_guarded_2_1_fu_2625                                                                 |                                                            gdn_rs2_top_aligned_sum_guarded_2_1_137 |       1565 |       1564 |       0 |    1 |   849 |      0 |      0 |    0 |          0 |
|           (grp_aligned_sum_guarded_2_1_fu_2625)                                                             |                                                            gdn_rs2_top_aligned_sum_guarded_2_1_137 |         52 |         52 |       0 |    0 |   379 |      0 |      0 |    0 |          0 |
|           grp_aligned_sum_guarded_2_1_Pipeline_align_terms_fu_144                                           |                                       gdn_rs2_top_aligned_sum_guarded_2_1_Pipeline_align_terms_148 |       1418 |       1417 |       0 |    1 |   449 |      0 |      0 |    0 |          0 |
|             (grp_aligned_sum_guarded_2_1_Pipeline_align_terms_fu_144)                                       |                                       gdn_rs2_top_aligned_sum_guarded_2_1_Pipeline_align_terms_148 |       1168 |       1167 |       0 |    1 |   447 |      0 |      0 |    0 |          0 |
|             flow_control_loop_pipe_sequential_init_U                                                        |                                             gdn_rs2_top_flow_control_loop_pipe_sequential_init_151 |        250 |        250 |       0 |    0 |     2 |      0 |      0 |    0 |          0 |
|           grp_aligned_sum_guarded_2_1_Pipeline_find_dominant_fu_130                                         |                                     gdn_rs2_top_aligned_sum_guarded_2_1_Pipeline_find_dominant_149 |         95 |         95 |       0 |    0 |    21 |      0 |      0 |    0 |          0 |
|             flow_control_loop_pipe_sequential_init_U                                                        |                                             gdn_rs2_top_flow_control_loop_pipe_sequential_init_150 |         80 |         80 |       0 |    0 |     2 |      0 |      0 |    0 |          0 |
|         grp_p_anonymous_namespace_quantize_fold_block_Pipeline_quantize_fold_residual_fu_2635               |              gdn_rs2_top_p_anonymous_namespace_quantize_fold_block_Pipeline_quantize_fold_residual |      11044 |      10937 |       0 |  107 |  2464 |      0 |      0 |    0 |          0 |
|           (grp_p_anonymous_namespace_quantize_fold_block_Pipeline_quantize_fold_residual_fu_2635)           |              gdn_rs2_top_p_anonymous_namespace_quantize_fold_block_Pipeline_quantize_fold_residual |      10364 |      10257 |       0 |  107 |  2462 |      0 |      0 |    0 |          0 |
|           flow_control_loop_pipe_sequential_init_U                                                          |                                             gdn_rs2_top_flow_control_loop_pipe_sequential_init_147 |        680 |        680 |       0 |    0 |     2 |      0 |      0 |    0 |          0 |
|         grp_select_e2m1_scale_power_fu_2491                                                                 |                                                            gdn_rs2_top_select_e2m1_scale_power_138 |       3532 |       3507 |      25 |    0 |   681 |      0 |      0 |    0 |          0 |
|           (grp_select_e2m1_scale_power_fu_2491)                                                             |                                                            gdn_rs2_top_select_e2m1_scale_power_138 |       1109 |       1109 |       0 |    0 |   383 |      0 |      0 |    0 |          0 |
|           grp_select_e2m1_scale_power_Pipeline_select_e2m1_max_fu_1150                                      |                                   gdn_rs2_top_select_e2m1_scale_power_Pipeline_select_e2m1_max_141 |        724 |        724 |       0 |    0 |   156 |      0 |      0 |    0 |          0 |
|             (grp_select_e2m1_scale_power_Pipeline_select_e2m1_max_fu_1150)                                  |                                   gdn_rs2_top_select_e2m1_scale_power_Pipeline_select_e2m1_max_141 |        272 |        272 |       0 |    0 |   154 |      0 |      0 |    0 |          0 |
|             flow_control_loop_pipe_sequential_init_U                                                        |                                             gdn_rs2_top_flow_control_loop_pipe_sequential_init_146 |        452 |        452 |       0 |    0 |     2 |      0 |      0 |    0 |          0 |
|           grp_select_e2m1_scale_power_Pipeline_select_e2m1_normalize_fu_1014                                |                             gdn_rs2_top_select_e2m1_scale_power_Pipeline_select_e2m1_normalize_142 |       1173 |       1173 |       0 |    0 |    93 |      0 |      0 |    0 |          0 |
|             (grp_select_e2m1_scale_power_Pipeline_select_e2m1_normalize_fu_1014)                            |                             gdn_rs2_top_select_e2m1_scale_power_Pipeline_select_e2m1_normalize_142 |        865 |        865 |       0 |    0 |    91 |      0 |      0 |    0 |          0 |
|             flow_control_loop_pipe_sequential_init_U                                                        |                                             gdn_rs2_top_flow_control_loop_pipe_sequential_init_145 |        308 |        308 |       0 |    0 |     2 |      0 |      0 |    0 |          0 |
|           top_exponents_U                                                                                   |                                gdn_rs2_top_select_e2m1_scale_power_top_exponents_RAM_AUTO_1R1W_144 |        514 |        505 |       9 |    0 |    17 |      0 |      0 |    0 |          0 |
|         partset_128ns_128ns_4ns_7ns_128_1_1_U1273                                                           |                                                    gdn_rs2_top_partset_128ns_128ns_4ns_7ns_128_1_1 |        130 |        130 |       0 |    0 |     0 |      0 |      0 |    0 |          0 |
|     grp_p_anonymous_namespace_load_snapshot_fu_10798                                                        |                                                    gdn_rs2_top_p_anonymous_namespace_load_snapshot |       3931 |       3913 |       0 |   18 |  1797 |      0 |      0 |    0 |          0 |
|       (grp_p_anonymous_namespace_load_snapshot_fu_10798)                                                    |                                                    gdn_rs2_top_p_anonymous_namespace_load_snapshot |       2486 |       2486 |       0 |    0 |   522 |      0 |      0 |    0 |          0 |
|       grp_p_anonymous_namespace_load_snapshot_Outline_load_snapshot_terms_fu_521                            |                        gdn_rs2_top_p_anonymous_namespace_load_snapshot_Outline_load_snapshot_terms |        954 |        942 |       0 |   12 |   793 |      0 |      0 |    0 |          0 |
|         grp_p_anonymous_namespace_load_snapshot_Outline_load_snapshot_update_heads_fu_187                   |                 gdn_rs2_top_p_anonymous_namespace_load_snapshot_Outline_load_snapshot_update_heads |        472 |        466 |       0 |    6 |   383 |      0 |      0 |    0 |          0 |
|           (grp_p_anonymous_namespace_load_snapshot_Outline_load_snapshot_update_heads_fu_187)               |                 gdn_rs2_top_p_anonymous_namespace_load_snapshot_Outline_load_snapshot_update_heads |         95 |         95 |       0 |    0 |   159 |      0 |      0 |    0 |          0 |
|           grp_p_anonymous_namespace_load_snapshot_Pipeline_load_snapshot_update_lanes_fu_243                |                gdn_rs2_top_p_anonymous_namespace_load_snapshot_Pipeline_load_snapshot_update_lanes |        377 |        371 |       0 |    6 |   224 |      0 |      0 |    0 |          0 |
|             (grp_p_anonymous_namespace_load_snapshot_Pipeline_load_snapshot_update_lanes_fu_243)            |                gdn_rs2_top_p_anonymous_namespace_load_snapshot_Pipeline_load_snapshot_update_lanes |        348 |        342 |       0 |    6 |   222 |      0 |      0 |    0 |          0 |
|         grp_p_anonymous_namespace_load_snapshot_Outline_load_snapshot_key_heads_fu_170                      |                    gdn_rs2_top_p_anonymous_namespace_load_snapshot_Outline_load_snapshot_key_heads |        473 |        467 |       0 |    6 |   395 |      0 |      0 |    0 |          0 |
|           (grp_p_anonymous_namespace_load_snapshot_Outline_load_snapshot_key_heads_fu_170)                  |                    gdn_rs2_top_p_anonymous_namespace_load_snapshot_Outline_load_snapshot_key_heads |         97 |         97 |       0 |    0 |   169 |      0 |      0 |    0 |          0 |
|           grp_p_anonymous_namespace_load_snapshot_Pipeline_load_snapshot_key_lanes_fu_217                   |                   gdn_rs2_top_p_anonymous_namespace_load_snapshot_Pipeline_load_snapshot_key_lanes |        376 |        370 |       0 |    6 |   226 |      0 |      0 |    0 |          0 |
|             (grp_p_anonymous_namespace_load_snapshot_Pipeline_load_snapshot_key_lanes_fu_217)               |                   gdn_rs2_top_p_anonymous_namespace_load_snapshot_Pipeline_load_snapshot_key_lanes |        347 |        341 |       0 |    6 |   224 |      0 |      0 |    0 |          0 |
|       grp_p_anonymous_namespace_load_snapshot_Pipeline_load_snapshot_lambda_fu_547                          |                      gdn_rs2_top_p_anonymous_namespace_load_snapshot_Pipeline_load_snapshot_lambda |         30 |         30 |       0 |    0 |    52 |      0 |      0 |    0 |          0 |
|         (grp_p_anonymous_namespace_load_snapshot_Pipeline_load_snapshot_lambda_fu_547)                      |                      gdn_rs2_top_p_anonymous_namespace_load_snapshot_Pipeline_load_snapshot_lambda |         18 |         18 |       0 |    0 |    50 |      0 |      0 |    0 |          0 |
|       grp_p_anonymous_namespace_load_snapshot_Pipeline_load_snapshot_lanes_fu_506                           |                       gdn_rs2_top_p_anonymous_namespace_load_snapshot_Pipeline_load_snapshot_lanes |        461 |        455 |       0 |    6 |   430 |      0 |      0 |    0 |          0 |
|         (grp_p_anonymous_namespace_load_snapshot_Pipeline_load_snapshot_lanes_fu_506)                       |                       gdn_rs2_top_p_anonymous_namespace_load_snapshot_Pipeline_load_snapshot_lanes |        404 |        398 |       0 |    6 |   428 |      0 |      0 |    0 |          0 |
|         flow_control_loop_pipe_sequential_init_U                                                            |                                             gdn_rs2_top_flow_control_loop_pipe_sequential_init_107 |         57 |         57 |       0 |    0 |     2 |      0 |      0 |    0 |          0 |
|     grp_p_anonymous_namespace_quantize_update_block_fu_11245                                                |                                            gdn_rs2_top_p_anonymous_namespace_quantize_update_block |      15133 |      15000 |      25 |  108 |  7031 |      0 |      0 |    0 |          0 |
|       (grp_p_anonymous_namespace_quantize_update_block_fu_11245)                                            |                                            gdn_rs2_top_p_anonymous_namespace_quantize_update_block |       3873 |       3873 |       0 |    0 |  3034 |      0 |      0 |    0 |          0 |
|       grp_aligned_sum_guarded_2_1_fu_2623                                                                   |                                                                gdn_rs2_top_aligned_sum_guarded_2_1 |       1558 |       1557 |       0 |    1 |   850 |      0 |      0 |    0 |          0 |
|         (grp_aligned_sum_guarded_2_1_fu_2623)                                                               |                                                                gdn_rs2_top_aligned_sum_guarded_2_1 |         52 |         52 |       0 |    0 |   380 |      0 |      0 |    0 |          0 |
|         grp_aligned_sum_guarded_2_1_Pipeline_align_terms_fu_144                                             |                                           gdn_rs2_top_aligned_sum_guarded_2_1_Pipeline_align_terms |       1408 |       1407 |       0 |    1 |   449 |      0 |      0 |    0 |          0 |
|           (grp_aligned_sum_guarded_2_1_Pipeline_align_terms_fu_144)                                         |                                           gdn_rs2_top_aligned_sum_guarded_2_1_Pipeline_align_terms |       1157 |       1156 |       0 |    1 |   447 |      0 |      0 |    0 |          0 |
|           flow_control_loop_pipe_sequential_init_U                                                          |                                             gdn_rs2_top_flow_control_loop_pipe_sequential_init_106 |        251 |        251 |       0 |    0 |     2 |      0 |      0 |    0 |          0 |
|         grp_aligned_sum_guarded_2_1_Pipeline_find_dominant_fu_130                                           |                                         gdn_rs2_top_aligned_sum_guarded_2_1_Pipeline_find_dominant |         98 |         98 |       0 |    0 |    21 |      0 |      0 |    0 |          0 |
|           flow_control_loop_pipe_sequential_init_U                                                          |                                             gdn_rs2_top_flow_control_loop_pipe_sequential_init_105 |         83 |         83 |       0 |    0 |     2 |      0 |      0 |    0 |          0 |
|       grp_p_anonymous_namespace_quantize_update_block_Pipeline_quantize_update_second_fu_2633               |            gdn_rs2_top_p_anonymous_namespace_quantize_update_block_Pipeline_quantize_update_second |       6345 |       6238 |       0 |  107 |  2464 |      0 |      0 |    0 |          0 |
|         (grp_p_anonymous_namespace_quantize_update_block_Pipeline_quantize_update_second_fu_2633)           |            gdn_rs2_top_p_anonymous_namespace_quantize_update_block_Pipeline_quantize_update_second |       5694 |       5587 |       0 |  107 |  2462 |      0 |      0 |    0 |          0 |
|         flow_control_loop_pipe_sequential_init_U                                                            |                                             gdn_rs2_top_flow_control_loop_pipe_sequential_init_104 |        651 |        651 |       0 |    0 |     2 |      0 |      0 |    0 |          0 |
|       grp_select_e2m1_scale_power_fu_2489                                                                   |                                                                gdn_rs2_top_select_e2m1_scale_power |       3350 |       3325 |      25 |    0 |   683 |      0 |      0 |    0 |          0 |
|         (grp_select_e2m1_scale_power_fu_2489)                                                               |                                                                gdn_rs2_top_select_e2m1_scale_power |       1121 |       1121 |       0 |    0 |   385 |      0 |      0 |    0 |          0 |
|         grp_select_e2m1_scale_power_Pipeline_select_e2m1_max_fu_1150                                        |                                       gdn_rs2_top_select_e2m1_scale_power_Pipeline_select_e2m1_max |        725 |        725 |       0 |    0 |   156 |      0 |      0 |    0 |          0 |
|           (grp_select_e2m1_scale_power_Pipeline_select_e2m1_max_fu_1150)                                    |                                       gdn_rs2_top_select_e2m1_scale_power_Pipeline_select_e2m1_max |        273 |        273 |       0 |    0 |   154 |      0 |      0 |    0 |          0 |
|           flow_control_loop_pipe_sequential_init_U                                                          |                                             gdn_rs2_top_flow_control_loop_pipe_sequential_init_103 |        452 |        452 |       0 |    0 |     2 |      0 |      0 |    0 |          0 |
|         grp_select_e2m1_scale_power_Pipeline_select_e2m1_normalize_fu_1014                                  |                                 gdn_rs2_top_select_e2m1_scale_power_Pipeline_select_e2m1_normalize |       1162 |       1162 |       0 |    0 |    93 |      0 |      0 |    0 |          0 |
|           (grp_select_e2m1_scale_power_Pipeline_select_e2m1_normalize_fu_1014)                              |                                 gdn_rs2_top_select_e2m1_scale_power_Pipeline_select_e2m1_normalize |        859 |        859 |       0 |    0 |    91 |      0 |      0 |    0 |          0 |
|           flow_control_loop_pipe_sequential_init_U                                                          |                                             gdn_rs2_top_flow_control_loop_pipe_sequential_init_102 |        303 |        303 |       0 |    0 |     2 |      0 |      0 |    0 |          0 |
|         top_exponents_U                                                                                     |                                    gdn_rs2_top_select_e2m1_scale_power_top_exponents_RAM_AUTO_1R1W |        331 |        322 |       9 |    0 |    17 |      0 |      0 |    0 |          0 |
|     grp_p_anonymous_namespace_read_snapshot_fu_11827                                                        |                                                    gdn_rs2_top_p_anonymous_namespace_read_snapshot |        948 |        940 |       0 |    8 |  1799 |      0 |      0 |    0 |          0 |
|       (grp_p_anonymous_namespace_read_snapshot_fu_11827)                                                    |                                                    gdn_rs2_top_p_anonymous_namespace_read_snapshot |        264 |        261 |       0 |    3 |   818 |      0 |      0 |    0 |          0 |
|       grp_p_anonymous_namespace_read_snapshot_Outline_read_snapshot_terms_fu_517                            |                        gdn_rs2_top_p_anonymous_namespace_read_snapshot_Outline_read_snapshot_terms |        414 |        410 |       0 |    4 |   788 |      0 |      0 |    0 |          0 |
|         grp_p_anonymous_namespace_read_snapshot_Outline_read_snapshot_update_heads_fu_187                   |                 gdn_rs2_top_p_anonymous_namespace_read_snapshot_Outline_read_snapshot_update_heads |        198 |        196 |       0 |    2 |   382 |      0 |      0 |    0 |          0 |
|           (grp_p_anonymous_namespace_read_snapshot_Outline_read_snapshot_update_heads_fu_187)               |                 gdn_rs2_top_p_anonymous_namespace_read_snapshot_Outline_read_snapshot_update_heads |         35 |         34 |       0 |    1 |   291 |      0 |      0 |    0 |          0 |
|           grp_p_anonymous_namespace_read_snapshot_Pipeline_read_snapshot_update_lanes_fu_235                |                gdn_rs2_top_p_anonymous_namespace_read_snapshot_Pipeline_read_snapshot_update_lanes |        163 |        162 |       0 |    1 |    91 |      0 |      0 |    0 |          0 |
|             (grp_p_anonymous_namespace_read_snapshot_Pipeline_read_snapshot_update_lanes_fu_235)            |                gdn_rs2_top_p_anonymous_namespace_read_snapshot_Pipeline_read_snapshot_update_lanes |         89 |         88 |       0 |    1 |    89 |      0 |      0 |    0 |          0 |
|             flow_control_loop_pipe_sequential_init_U                                                        |                                              gdn_rs2_top_flow_control_loop_pipe_sequential_init_99 |         75 |         75 |       0 |    0 |     2 |      0 |      0 |    0 |          0 |
|         grp_p_anonymous_namespace_read_snapshot_Outline_read_snapshot_key_heads_fu_170                      |                    gdn_rs2_top_p_anonymous_namespace_read_snapshot_Outline_read_snapshot_key_heads |        206 |        204 |       0 |    2 |   391 |      0 |      0 |    0 |          0 |
|           (grp_p_anonymous_namespace_read_snapshot_Outline_read_snapshot_key_heads_fu_170)                  |                    gdn_rs2_top_p_anonymous_namespace_read_snapshot_Outline_read_snapshot_key_heads |         45 |         44 |       0 |    1 |   300 |      0 |      0 |    0 |          0 |
|           grp_p_anonymous_namespace_read_snapshot_Pipeline_read_snapshot_key_lanes_fu_213                   |                   gdn_rs2_top_p_anonymous_namespace_read_snapshot_Pipeline_read_snapshot_key_lanes |        161 |        160 |       0 |    1 |    91 |      0 |      0 |    0 |          0 |
|             (grp_p_anonymous_namespace_read_snapshot_Pipeline_read_snapshot_key_lanes_fu_213)               |                   gdn_rs2_top_p_anonymous_namespace_read_snapshot_Pipeline_read_snapshot_key_lanes |         88 |         87 |       0 |    1 |    89 |      0 |      0 |    0 |          0 |
|             flow_control_loop_pipe_sequential_init_U                                                        |                                             gdn_rs2_top_flow_control_loop_pipe_sequential_init_100 |         74 |         74 |       0 |    0 |     2 |      0 |      0 |    0 |          0 |
|       grp_p_anonymous_namespace_read_snapshot_Pipeline_read_snapshot_lanes_fu_502                           |                       gdn_rs2_top_p_anonymous_namespace_read_snapshot_Pipeline_read_snapshot_lanes |        233 |        232 |       0 |    1 |   166 |      0 |      0 |    0 |          0 |
|         (grp_p_anonymous_namespace_read_snapshot_Pipeline_read_snapshot_lanes_fu_502)                       |                       gdn_rs2_top_p_anonymous_namespace_read_snapshot_Pipeline_read_snapshot_lanes |        126 |        125 |       0 |    1 |   164 |      0 |      0 |    0 |          0 |
|         flow_control_loop_pipe_sequential_init_U                                                            |                                              gdn_rs2_top_flow_control_loop_pipe_sequential_init_97 |        115 |        115 |       0 |    0 |     2 |      0 |      0 |    0 |          0 |
|     grp_p_anonymous_namespace_reset_slot_fu_10516                                                           |                                                       gdn_rs2_top_p_anonymous_namespace_reset_slot |        370 |        370 |       0 |    0 |   251 |      0 |      0 |    0 |          0 |
|       (grp_p_anonymous_namespace_reset_slot_fu_10516)                                                       |                                                       gdn_rs2_top_p_anonymous_namespace_reset_slot |        244 |        244 |       0 |    0 |   113 |      0 |      0 |    0 |          0 |
|       grp_p_anonymous_namespace_clear_log_fu_278                                                            |                                                        gdn_rs2_top_p_anonymous_namespace_clear_log |        126 |        126 |       0 |    0 |   138 |      0 |      0 |    0 |          0 |
|     grp_p_anonymous_namespace_store_key_fu_11195                                                            |                                                        gdn_rs2_top_p_anonymous_namespace_store_key |        314 |        314 |       0 |    0 |   456 |      0 |      0 |    0 |          0 |
|       grp_p_anonymous_namespace_store_key_Pipeline_store_key_terms_store_key_heads_store_ke_fu_106          |      gdn_rs2_top_p_anonymous_namespace_store_key_Pipeline_store_key_terms_store_key_heads_store_ke |        304 |        304 |       0 |    0 |   438 |      0 |      0 |    0 |          0 |
|         (grp_p_anonymous_namespace_store_key_Pipeline_store_key_terms_store_key_heads_store_ke_fu_106)      |      gdn_rs2_top_p_anonymous_namespace_store_key_Pipeline_store_key_terms_store_key_heads_store_ke |        279 |        279 |       0 |    0 |   436 |      0 |      0 |    0 |          0 |
|     grp_p_anonymous_namespace_validate_snapshot_fu_10480                                                    |                                                gdn_rs2_top_p_anonymous_namespace_validate_snapshot |        666 |        655 |       0 |   11 |  1118 |      0 |      0 |    0 |          0 |
|       (grp_p_anonymous_namespace_validate_snapshot_fu_10480)                                                |                                                gdn_rs2_top_p_anonymous_namespace_validate_snapshot |        243 |        238 |       0 |    5 |   769 |      0 |      0 |    0 |          0 |
|       grp_p_anonymous_namespace_validate_snapshot_Pipeline_validate_snapshot_key_lanes_fu_636               |           gdn_rs2_top_p_anonymous_namespace_validate_snapshot_Pipeline_validate_snapshot_key_lanes |        112 |        110 |       0 |    2 |    93 |      0 |      0 |    0 |          0 |
|         (grp_p_anonymous_namespace_validate_snapshot_Pipeline_validate_snapshot_key_lanes_fu_636)           |           gdn_rs2_top_p_anonymous_namespace_validate_snapshot_Pipeline_validate_snapshot_key_lanes |         87 |         85 |       0 |    2 |    91 |      0 |      0 |    0 |          0 |
|       grp_p_anonymous_namespace_validate_snapshot_Pipeline_validate_snapshot_lanes_fu_619                   |               gdn_rs2_top_p_anonymous_namespace_validate_snapshot_Pipeline_validate_snapshot_lanes |        197 |        195 |       0 |    2 |   163 |      0 |      0 |    0 |          0 |
|         (grp_p_anonymous_namespace_validate_snapshot_Pipeline_validate_snapshot_lanes_fu_619)               |               gdn_rs2_top_p_anonymous_namespace_validate_snapshot_Pipeline_validate_snapshot_lanes |        177 |        175 |       0 |    2 |   161 |      0 |      0 |    0 |          0 |
|       grp_p_anonymous_namespace_validate_snapshot_Pipeline_validate_snapshot_update_lanes_fu_651            |        gdn_rs2_top_p_anonymous_namespace_validate_snapshot_Pipeline_validate_snapshot_update_lanes |        115 |        113 |       0 |    2 |    93 |      0 |      0 |    0 |          0 |
|         (grp_p_anonymous_namespace_validate_snapshot_Pipeline_validate_snapshot_update_lanes_fu_651)        |        gdn_rs2_top_p_anonymous_namespace_validate_snapshot_Pipeline_validate_snapshot_update_lanes |         88 |         86 |       0 |    2 |    91 |      0 |      0 |    0 |          0 |
|     grp_p_anonymous_namespace_validate_token_fu_11100                                                       |                                                   gdn_rs2_top_p_anonymous_namespace_validate_token |        602 |        602 |       0 |    0 |   400 |      0 |      0 |    0 |          0 |
|       (grp_p_anonymous_namespace_validate_token_fu_11100)                                                   |                                                   gdn_rs2_top_p_anonymous_namespace_validate_token |         73 |         73 |       0 |    0 |   210 |      0 |      0 |    0 |          0 |
|       grp_p_anonymous_namespace_validate_qk_stack_fu_202                                                    |                                                gdn_rs2_top_p_anonymous_namespace_validate_qk_stack |        329 |        329 |       0 |    0 |    94 |      0 |      0 |    0 |          0 |
|         (grp_p_anonymous_namespace_validate_qk_stack_fu_202)                                                |                                                gdn_rs2_top_p_anonymous_namespace_validate_qk_stack |        269 |        269 |       0 |    0 |    12 |      0 |      0 |    0 |          0 |
|         grp_p_anonymous_namespace_validate_qk_stack_Pipeline_validate_qk_terms_validate_qk_he_fu_70         |      gdn_rs2_top_p_anonymous_namespace_validate_qk_stack_Pipeline_validate_qk_terms_validate_qk_he |         60 |         60 |       0 |    0 |    82 |      0 |      0 |    0 |          0 |
|           (grp_p_anonymous_namespace_validate_qk_stack_Pipeline_validate_qk_terms_validate_qk_he_fu_70)     |      gdn_rs2_top_p_anonymous_namespace_validate_qk_stack_Pipeline_validate_qk_terms_validate_qk_he |         51 |         51 |       0 |    0 |    80 |      0 |      0 |    0 |          0 |
|       grp_p_anonymous_namespace_validate_value_stack_fu_218                                                 |                                             gdn_rs2_top_p_anonymous_namespace_validate_value_stack |        200 |        200 |       0 |    0 |    96 |      0 |      0 |    0 |          0 |
|         (grp_p_anonymous_namespace_validate_value_stack_fu_218)                                             |                                             gdn_rs2_top_p_anonymous_namespace_validate_value_stack |        139 |        139 |       0 |    0 |    12 |      0 |      0 |    0 |          0 |
|         grp_p_anonymous_namespace_validate_value_stack_Pipeline_validate_value_terms_validate_fu_70         |      gdn_rs2_top_p_anonymous_namespace_validate_value_stack_Pipeline_validate_value_terms_validate |         61 |         61 |       0 |    0 |    84 |      0 |      0 |    0 |          0 |
|           (grp_p_anonymous_namespace_validate_value_stack_Pipeline_validate_value_terms_validate_fu_70)     |      gdn_rs2_top_p_anonymous_namespace_validate_value_stack_Pipeline_validate_value_terms_validate |         52 |         52 |       0 |    0 |    82 |      0 |      0 |    0 |          0 |
|     p_ZZN7gdn_rs216gdn_rs2_top_implEhthhPA16_A128_K7ap_uintILi4EEPA16_A4_KS0_ILi8EES5_10_U                  |    gdn_rs2_top_gdn_rs2_top_impl_gdn_rs2_top_impl_unsigned_char_unsigned_short_unsigned_char_jbC_30 |        144 |        144 |       0 |    0 |     2 |      0 |      0 |    8 |          0 |
|     p_ZZN7gdn_rs216gdn_rs2_top_implEhthhPA16_A128_K7ap_uintILi4EEPA16_A4_KS0_ILi8EES5_11_U                  |    gdn_rs2_top_gdn_rs2_top_impl_gdn_rs2_top_impl_unsigned_char_unsigned_short_unsigned_char_jbC_31 |        516 |        516 |       0 |    0 |     2 |      0 |      0 |    8 |          0 |
|     p_ZZN7gdn_rs216gdn_rs2_top_implEhthhPA16_A128_K7ap_uintILi4EEPA16_A4_KS0_ILi8EES5_12_U                  |    gdn_rs2_top_gdn_rs2_top_impl_gdn_rs2_top_impl_unsigned_char_unsigned_short_unsigned_char_jbC_32 |        153 |        153 |       0 |    0 |     2 |      0 |      0 |    8 |          0 |
|     p_ZZN7gdn_rs216gdn_rs2_top_implEhthhPA16_A128_K7ap_uintILi4EEPA16_A4_KS0_ILi8EES5_13_U                  |    gdn_rs2_top_gdn_rs2_top_impl_gdn_rs2_top_impl_unsigned_char_unsigned_short_unsigned_char_jbC_33 |        148 |        148 |       0 |    0 |     2 |      0 |      0 |    8 |          0 |
|     p_ZZN7gdn_rs216gdn_rs2_top_implEhthhPA16_A128_K7ap_uintILi4EEPA16_A4_KS0_ILi8EES5_14_U                  |    gdn_rs2_top_gdn_rs2_top_impl_gdn_rs2_top_impl_unsigned_char_unsigned_short_unsigned_char_jbC_34 |       1678 |       1678 |       0 |    0 |     2 |      0 |      0 |    8 |          0 |
|     p_ZZN7gdn_rs216gdn_rs2_top_implEhthhPA16_A128_K7ap_uintILi4EEPA16_A4_KS0_ILi8EES5_15_U                  |    gdn_rs2_top_gdn_rs2_top_impl_gdn_rs2_top_impl_unsigned_char_unsigned_short_unsigned_char_jbC_35 |        138 |        138 |       0 |    0 |     2 |      0 |      0 |    8 |          0 |
|     p_ZZN7gdn_rs216gdn_rs2_top_implEhthhPA16_A128_K7ap_uintILi4EEPA16_A4_KS0_ILi8EES5_16_U                  |    gdn_rs2_top_gdn_rs2_top_impl_gdn_rs2_top_impl_unsigned_char_unsigned_short_unsigned_char_jbC_36 |        138 |        138 |       0 |    0 |     2 |      0 |      0 |    8 |          0 |
|     p_ZZN7gdn_rs216gdn_rs2_top_implEhthhPA16_A128_K7ap_uintILi4EEPA16_A4_KS0_ILi8EES5_17_U                  |    gdn_rs2_top_gdn_rs2_top_impl_gdn_rs2_top_impl_unsigned_char_unsigned_short_unsigned_char_jbC_37 |        517 |        517 |       0 |    0 |     2 |      0 |      0 |    8 |          0 |
|     p_ZZN7gdn_rs216gdn_rs2_top_implEhthhPA16_A128_K7ap_uintILi4EEPA16_A4_KS0_ILi8EES5_18_U                  |    gdn_rs2_top_gdn_rs2_top_impl_gdn_rs2_top_impl_unsigned_char_unsigned_short_unsigned_char_jbC_38 |        132 |        132 |       0 |    0 |     2 |      0 |      0 |    8 |          0 |
|     p_ZZN7gdn_rs216gdn_rs2_top_implEhthhPA16_A128_K7ap_uintILi4EEPA16_A4_KS0_ILi8EES5_19_U                  |    gdn_rs2_top_gdn_rs2_top_impl_gdn_rs2_top_impl_unsigned_char_unsigned_short_unsigned_char_jbC_39 |        138 |        138 |       0 |    0 |     2 |      0 |      0 |    8 |          0 |
|     p_ZZN7gdn_rs216gdn_rs2_top_implEhthhPA16_A128_K7ap_uintILi4EEPA16_A4_KS0_ILi8EES5_1_U                   |    gdn_rs2_top_gdn_rs2_top_impl_gdn_rs2_top_impl_unsigned_char_unsigned_short_unsigned_char_jbC_40 |        140 |        140 |       0 |    0 |     2 |      0 |      0 |    8 |          0 |
|     p_ZZN7gdn_rs216gdn_rs2_top_implEhthhPA16_A128_K7ap_uintILi4EEPA16_A4_KS0_ILi8EES5_20_U                  |    gdn_rs2_top_gdn_rs2_top_impl_gdn_rs2_top_impl_unsigned_char_unsigned_short_unsigned_char_jbC_41 |        517 |        517 |       0 |    0 |     2 |      0 |      0 |    8 |          0 |
|     p_ZZN7gdn_rs216gdn_rs2_top_implEhthhPA16_A128_K7ap_uintILi4EEPA16_A4_KS0_ILi8EES5_21_U                  |    gdn_rs2_top_gdn_rs2_top_impl_gdn_rs2_top_impl_unsigned_char_unsigned_short_unsigned_char_jbC_42 |        133 |        133 |       0 |    0 |     2 |      0 |      0 |    8 |          0 |
|     p_ZZN7gdn_rs216gdn_rs2_top_implEhthhPA16_A128_K7ap_uintILi4EEPA16_A4_KS0_ILi8EES5_22_U                  |    gdn_rs2_top_gdn_rs2_top_impl_gdn_rs2_top_impl_unsigned_char_unsigned_short_unsigned_char_jbC_43 |        133 |        133 |       0 |    0 |     2 |      0 |      0 |    8 |          0 |
|     p_ZZN7gdn_rs216gdn_rs2_top_implEhthhPA16_A128_K7ap_uintILi4EEPA16_A4_KS0_ILi8EES5_23_U                  |    gdn_rs2_top_gdn_rs2_top_impl_gdn_rs2_top_impl_unsigned_char_unsigned_short_unsigned_char_jbC_44 |        900 |        900 |       0 |    0 |     2 |      0 |      0 |    8 |          0 |
|     p_ZZN7gdn_rs216gdn_rs2_top_implEhthhPA16_A128_K7ap_uintILi4EEPA16_A4_KS0_ILi8EES5_24_U                  |    gdn_rs2_top_gdn_rs2_top_impl_gdn_rs2_top_impl_unsigned_char_unsigned_short_unsigned_char_jbC_45 |        133 |        133 |       0 |    0 |     2 |      0 |      0 |    8 |          0 |
|     p_ZZN7gdn_rs216gdn_rs2_top_implEhthhPA16_A128_K7ap_uintILi4EEPA16_A4_KS0_ILi8EES5_25_U                  |    gdn_rs2_top_gdn_rs2_top_impl_gdn_rs2_top_impl_unsigned_char_unsigned_short_unsigned_char_jbC_46 |        133 |        133 |       0 |    0 |     2 |      0 |      0 |    8 |          0 |
|     p_ZZN7gdn_rs216gdn_rs2_top_implEhthhPA16_A128_K7ap_uintILi4EEPA16_A4_KS0_ILi8EES5_26_U                  |    gdn_rs2_top_gdn_rs2_top_impl_gdn_rs2_top_impl_unsigned_char_unsigned_short_unsigned_char_jbC_47 |        514 |        514 |       0 |    0 |     2 |      0 |      0 |    8 |          0 |
|     p_ZZN7gdn_rs216gdn_rs2_top_implEhthhPA16_A128_K7ap_uintILi4EEPA16_A4_KS0_ILi8EES5_27_U                  |    gdn_rs2_top_gdn_rs2_top_impl_gdn_rs2_top_impl_unsigned_char_unsigned_short_unsigned_char_jbC_48 |        130 |        130 |       0 |    0 |     2 |      0 |      0 |    8 |          0 |
|     p_ZZN7gdn_rs216gdn_rs2_top_implEhthhPA16_A128_K7ap_uintILi4EEPA16_A4_KS0_ILi8EES5_28_U                  |    gdn_rs2_top_gdn_rs2_top_impl_gdn_rs2_top_impl_unsigned_char_unsigned_short_unsigned_char_jbC_49 |        525 |        525 |       0 |    0 |     2 |      0 |      0 |    8 |          0 |
|     p_ZZN7gdn_rs216gdn_rs2_top_implEhthhPA16_A128_K7ap_uintILi4EEPA16_A4_KS0_ILi8EES5_29_U                  |    gdn_rs2_top_gdn_rs2_top_impl_gdn_rs2_top_impl_unsigned_char_unsigned_short_unsigned_char_jbC_50 |        140 |        140 |       0 |    0 |     2 |      0 |      0 |    8 |          0 |
|     p_ZZN7gdn_rs216gdn_rs2_top_implEhthhPA16_A128_K7ap_uintILi4EEPA16_A4_KS0_ILi8EES5_2_U                   |    gdn_rs2_top_gdn_rs2_top_impl_gdn_rs2_top_impl_unsigned_char_unsigned_short_unsigned_char_jbC_51 |        516 |        516 |       0 |    0 |     2 |      0 |      0 |    8 |          0 |
|     p_ZZN7gdn_rs216gdn_rs2_top_implEhthhPA16_A128_K7ap_uintILi4EEPA16_A4_KS0_ILi8EES5_30_U                  |    gdn_rs2_top_gdn_rs2_top_impl_gdn_rs2_top_impl_unsigned_char_unsigned_short_unsigned_char_jbC_52 |        137 |        137 |       0 |    0 |     2 |      0 |      0 |    8 |          0 |
|     p_ZZN7gdn_rs216gdn_rs2_top_implEhthhPA16_A128_K7ap_uintILi4EEPA16_A4_KS0_ILi8EES5_31_U                  |    gdn_rs2_top_gdn_rs2_top_impl_gdn_rs2_top_impl_unsigned_char_unsigned_short_unsigned_char_jbC_53 |        908 |        908 |       0 |    0 |     2 |      0 |      0 |    8 |          0 |
|     p_ZZN7gdn_rs216gdn_rs2_top_implEhthhPA16_A128_K7ap_uintILi4EEPA16_A4_KS0_ILi8EES5_32_U                  |    gdn_rs2_top_gdn_rs2_top_impl_gdn_rs2_top_impl_unsigned_char_unsigned_short_unsigned_char_jbC_54 |        131 |        131 |       0 |    0 |     2 |      0 |      0 |    8 |          0 |
|     p_ZZN7gdn_rs216gdn_rs2_top_implEhthhPA16_A128_K7ap_uintILi4EEPA16_A4_KS0_ILi8EES5_33_U                  |    gdn_rs2_top_gdn_rs2_top_impl_gdn_rs2_top_impl_unsigned_char_unsigned_short_unsigned_char_jbC_55 |        130 |        130 |       0 |    0 |     2 |      0 |      0 |    8 |          0 |
|     p_ZZN7gdn_rs216gdn_rs2_top_implEhthhPA16_A128_K7ap_uintILi4EEPA16_A4_KS0_ILi8EES5_34_U                  |    gdn_rs2_top_gdn_rs2_top_impl_gdn_rs2_top_impl_unsigned_char_unsigned_short_unsigned_char_jbC_56 |        524 |        524 |       0 |    0 |     2 |      0 |      0 |    8 |          0 |
|     p_ZZN7gdn_rs216gdn_rs2_top_implEhthhPA16_A128_K7ap_uintILi4EEPA16_A4_KS0_ILi8EES5_35_U                  |    gdn_rs2_top_gdn_rs2_top_impl_gdn_rs2_top_impl_unsigned_char_unsigned_short_unsigned_char_jbC_57 |        132 |        132 |       0 |    0 |     2 |      0 |      0 |    8 |          0 |
|     p_ZZN7gdn_rs216gdn_rs2_top_implEhthhPA16_A128_K7ap_uintILi4EEPA16_A4_KS0_ILi8EES5_36_U                  |    gdn_rs2_top_gdn_rs2_top_impl_gdn_rs2_top_impl_unsigned_char_unsigned_short_unsigned_char_jbC_58 |        132 |        132 |       0 |    0 |     2 |      0 |      0 |    8 |          0 |
|     p_ZZN7gdn_rs216gdn_rs2_top_implEhthhPA16_A128_K7ap_uintILi4EEPA16_A4_KS0_ILi8EES5_37_U                  |    gdn_rs2_top_gdn_rs2_top_impl_gdn_rs2_top_impl_unsigned_char_unsigned_short_unsigned_char_jbC_59 |        525 |        525 |       0 |    0 |     2 |      0 |      0 |    8 |          0 |
|     p_ZZN7gdn_rs216gdn_rs2_top_implEhthhPA16_A128_K7ap_uintILi4EEPA16_A4_KS0_ILi8EES5_38_U                  |    gdn_rs2_top_gdn_rs2_top_impl_gdn_rs2_top_impl_unsigned_char_unsigned_short_unsigned_char_jbC_60 |        132 |        132 |       0 |    0 |     2 |      0 |      0 |    8 |          0 |
|     p_ZZN7gdn_rs216gdn_rs2_top_implEhthhPA16_A128_K7ap_uintILi4EEPA16_A4_KS0_ILi8EES5_39_U                  |    gdn_rs2_top_gdn_rs2_top_impl_gdn_rs2_top_impl_unsigned_char_unsigned_short_unsigned_char_jbC_61 |        138 |        138 |       0 |    0 |     2 |      0 |      0 |    8 |          0 |
|     p_ZZN7gdn_rs216gdn_rs2_top_implEhthhPA16_A128_K7ap_uintILi4EEPA16_A4_KS0_ILi8EES5_3_U                   |    gdn_rs2_top_gdn_rs2_top_impl_gdn_rs2_top_impl_unsigned_char_unsigned_short_unsigned_char_jbC_62 |        142 |        142 |       0 |    0 |     2 |      0 |      0 |    8 |          0 |
|     p_ZZN7gdn_rs216gdn_rs2_top_implEhthhPA16_A128_K7ap_uintILi4EEPA16_A4_KS0_ILi8EES5_40_U                  |    gdn_rs2_top_gdn_rs2_top_impl_gdn_rs2_top_impl_unsigned_char_unsigned_short_unsigned_char_jbC_63 |       1677 |       1677 |       0 |    0 |     2 |      0 |      0 |    8 |          0 |
|     p_ZZN7gdn_rs216gdn_rs2_top_implEhthhPA16_A128_K7ap_uintILi4EEPA16_A4_KS0_ILi8EES5_41_U                  |    gdn_rs2_top_gdn_rs2_top_impl_gdn_rs2_top_impl_unsigned_char_unsigned_short_unsigned_char_jbC_64 |        142 |        142 |       0 |    0 |     2 |      0 |      0 |    8 |          0 |
|     p_ZZN7gdn_rs216gdn_rs2_top_implEhthhPA16_A128_K7ap_uintILi4EEPA16_A4_KS0_ILi8EES5_42_U                  |    gdn_rs2_top_gdn_rs2_top_impl_gdn_rs2_top_impl_unsigned_char_unsigned_short_unsigned_char_jbC_65 |        141 |        141 |       0 |    0 |     2 |      0 |      0 |    8 |          0 |
|     p_ZZN7gdn_rs216gdn_rs2_top_implEhthhPA16_A128_K7ap_uintILi4EEPA16_A4_KS0_ILi8EES5_43_U                  |    gdn_rs2_top_gdn_rs2_top_impl_gdn_rs2_top_impl_unsigned_char_unsigned_short_unsigned_char_jbC_66 |        514 |        514 |       0 |    0 |     2 |      0 |      0 |    8 |          0 |
|     p_ZZN7gdn_rs216gdn_rs2_top_implEhthhPA16_A128_K7ap_uintILi4EEPA16_A4_KS0_ILi8EES5_44_U                  |    gdn_rs2_top_gdn_rs2_top_impl_gdn_rs2_top_impl_unsigned_char_unsigned_short_unsigned_char_jbC_67 |        141 |        141 |       0 |    0 |     2 |      0 |      0 |    8 |          0 |
|     p_ZZN7gdn_rs216gdn_rs2_top_implEhthhPA16_A128_K7ap_uintILi4EEPA16_A4_KS0_ILi8EES5_45_U                  |    gdn_rs2_top_gdn_rs2_top_impl_gdn_rs2_top_impl_unsigned_char_unsigned_short_unsigned_char_jbC_68 |        132 |        132 |       0 |    0 |     2 |      0 |      0 |    8 |          0 |
|     p_ZZN7gdn_rs216gdn_rs2_top_implEhthhPA16_A128_K7ap_uintILi4EEPA16_A4_KS0_ILi8EES5_46_U                  |    gdn_rs2_top_gdn_rs2_top_impl_gdn_rs2_top_impl_unsigned_char_unsigned_short_unsigned_char_jbC_69 |        515 |        515 |       0 |    0 |     2 |      0 |      0 |    8 |          0 |
|     p_ZZN7gdn_rs216gdn_rs2_top_implEhthhPA16_A128_K7ap_uintILi4EEPA16_A4_KS0_ILi8EES5_47_U                  |    gdn_rs2_top_gdn_rs2_top_impl_gdn_rs2_top_impl_unsigned_char_unsigned_short_unsigned_char_jbC_70 |        130 |        130 |       0 |    0 |     2 |      0 |      0 |    8 |          0 |
|     p_ZZN7gdn_rs216gdn_rs2_top_implEhthhPA16_A128_K7ap_uintILi4EEPA16_A4_KS0_ILi8EES5_48_U                  |    gdn_rs2_top_gdn_rs2_top_impl_gdn_rs2_top_impl_unsigned_char_unsigned_short_unsigned_char_jbC_71 |        135 |        135 |       0 |    0 |     2 |      0 |      0 |    8 |          0 |
|     p_ZZN7gdn_rs216gdn_rs2_top_implEhthhPA16_A128_K7ap_uintILi4EEPA16_A4_KS0_ILi8EES5_49_U                  |    gdn_rs2_top_gdn_rs2_top_impl_gdn_rs2_top_impl_unsigned_char_unsigned_short_unsigned_char_jbC_72 |        910 |        910 |       0 |    0 |     2 |      0 |      0 |    8 |          0 |
|     p_ZZN7gdn_rs216gdn_rs2_top_implEhthhPA16_A128_K7ap_uintILi4EEPA16_A4_KS0_ILi8EES5_4_U                   |    gdn_rs2_top_gdn_rs2_top_impl_gdn_rs2_top_impl_unsigned_char_unsigned_short_unsigned_char_jbC_73 |        142 |        142 |       0 |    0 |     2 |      0 |      0 |    8 |          0 |
|     p_ZZN7gdn_rs216gdn_rs2_top_implEhthhPA16_A128_K7ap_uintILi4EEPA16_A4_KS0_ILi8EES5_50_U                  |    gdn_rs2_top_gdn_rs2_top_impl_gdn_rs2_top_impl_unsigned_char_unsigned_short_unsigned_char_jbC_74 |        133 |        133 |       0 |    0 |     4 |      0 |      0 |    8 |          0 |
|     p_ZZN7gdn_rs216gdn_rs2_top_implEhthhPA16_A128_K7ap_uintILi4EEPA16_A4_KS0_ILi8EES5_51_U                  |    gdn_rs2_top_gdn_rs2_top_impl_gdn_rs2_top_impl_unsigned_char_unsigned_short_unsigned_char_jbC_75 |        131 |        131 |       0 |    0 |     2 |      0 |      0 |    8 |          0 |
|     p_ZZN7gdn_rs216gdn_rs2_top_implEhthhPA16_A128_K7ap_uintILi4EEPA16_A4_KS0_ILi8EES5_5_U                   |    gdn_rs2_top_gdn_rs2_top_impl_gdn_rs2_top_impl_unsigned_char_unsigned_short_unsigned_char_jbC_76 |        909 |        909 |       0 |    0 |     2 |      0 |      0 |    8 |          0 |
|     p_ZZN7gdn_rs216gdn_rs2_top_implEhthhPA16_A128_K7ap_uintILi4EEPA16_A4_KS0_ILi8EES5_6_U                   |    gdn_rs2_top_gdn_rs2_top_impl_gdn_rs2_top_impl_unsigned_char_unsigned_short_unsigned_char_jbC_77 |        140 |        140 |       0 |    0 |     2 |      0 |      0 |    8 |          0 |
|     p_ZZN7gdn_rs216gdn_rs2_top_implEhthhPA16_A128_K7ap_uintILi4EEPA16_A4_KS0_ILi8EES5_7_U                   |    gdn_rs2_top_gdn_rs2_top_impl_gdn_rs2_top_impl_unsigned_char_unsigned_short_unsigned_char_jbC_78 |        140 |        140 |       0 |    0 |     2 |      0 |      0 |    8 |          0 |
|     p_ZZN7gdn_rs216gdn_rs2_top_implEhthhPA16_A128_K7ap_uintILi4EEPA16_A4_KS0_ILi8EES5_8_U                   |    gdn_rs2_top_gdn_rs2_top_impl_gdn_rs2_top_impl_unsigned_char_unsigned_short_unsigned_char_jbC_79 |        526 |        526 |       0 |    0 |     2 |      0 |      0 |    8 |          0 |
|     p_ZZN7gdn_rs216gdn_rs2_top_implEhthhPA16_A128_K7ap_uintILi4EEPA16_A4_KS0_ILi8EES5_9_U                   |    gdn_rs2_top_gdn_rs2_top_impl_gdn_rs2_top_impl_unsigned_char_unsigned_short_unsigned_char_jbC_80 |        143 |        143 |       0 |    0 |     2 |      0 |      0 |    8 |          0 |
|     p_ZZN7gdn_rs216gdn_rs2_top_implEhthhPA16_A128_K7ap_uintILi4EEPA16_A4_KS0_ILi8EES5_U                     |    gdn_rs2_top_gdn_rs2_top_impl_gdn_rs2_top_impl_unsigned_char_unsigned_short_unsigned_char_jbC_81 |        516 |        516 |       0 |    0 |     2 |      0 |      0 |    8 |          0 |
|     resident_keys_U                                                                                         |                                       gdn_rs2_top_gdn_rs2_top_impl_resident_keys_RAM_T2P_URAM_1R1W |        262 |        262 |       0 |    0 |     4 |      0 |      0 |    8 |          0 |
|     resident_primary_scales_U                                                                               |                             gdn_rs2_top_gdn_rs2_top_impl_resident_primary_scales_RAM_T2P_BRAM_1R1W |        125 |        125 |       0 |    0 |     3 |    160 |      0 |    0 |          0 |
|     resident_residual_scales_U                                                                              |                          gdn_rs2_top_gdn_rs2_top_impl_resident_primary_scales_RAM_T2P_BRAM_1R1W_88 |        162 |        162 |       0 |    0 |     3 |    160 |      0 |    0 |          0 |
|     resident_updates_U                                                                                      |                                    gdn_rs2_top_gdn_rs2_top_impl_resident_updates_RAM_T2P_URAM_1R1W |        536 |        536 |       0 |    0 |    18 |      0 |      0 |   14 |          0 |
+-------------------------------------------------------------------------------------------------------------+----------------------------------------------------------------------------------------------------+------------+------------+---------+------+-------+--------+--------+------+------------+
* Note: The sum of lower-level cells may be larger than their parent cells total, due to cross-hierarchy LUT combining


