Copyright 1986-2022 Xilinx, Inc. All Rights Reserved. Copyright 2022-2025 Advanced Micro Devices, Inc. All Rights Reserved.
--------------------------------------------------------------------------------------------------------------------------------------------------
| Tool Version      : Vivado v.2025.2 (win64) Build 6299465 Fri Nov 14 19:35:11 GMT 2025
| Date              : Thu Aug  6 00:00:34 2026
| Host              : Tyler running 64-bit major release  (build 9200)
| Command           : report_clock_utilization -file X:/reports/vivado/baselines/bf16/impl_clock_util.rpt
| Design            : gdn_bf16_top
| Device            : xcu55c-fsvh2892
| Speed File        : -2L  PRODUCTION 1.30 05-01-2022
| Temperature Grade : E
| Design State      : Routed
--------------------------------------------------------------------------------------------------------------------------------------------------

Clock Utilization Report

Table of Contents
-----------------
1. Clock Primitive Utilization
2. Global Clock Resources
3. Global Clock Source Details
4. Clock Regions : Clock Primitives
5. Clock Regions : Load Primitives
6. Clock Regions : Global Clock Summary
7. Clock Regions : Routing Resource Utilization
8. Device Cell Placement Summary for Global Clock g0
9. Device Cell Placement Summary for Global Clock g1
10. Device Cell Placement Summary for Global Clock g2
11. Device Cell Placement Summary for Global Clock g3
12. Device Cell Placement Summary for Global Clock g4
13. Clock Region Cell Placement per Global Clock: Region X1Y0
14. Clock Region Cell Placement per Global Clock: Region X2Y0
15. Clock Region Cell Placement per Global Clock: Region X3Y0
16. Clock Region Cell Placement per Global Clock: Region X4Y0
17. Clock Region Cell Placement per Global Clock: Region X5Y0
18. Clock Region Cell Placement per Global Clock: Region X6Y0
19. Clock Region Cell Placement per Global Clock: Region X0Y1
20. Clock Region Cell Placement per Global Clock: Region X1Y1
21. Clock Region Cell Placement per Global Clock: Region X2Y1
22. Clock Region Cell Placement per Global Clock: Region X3Y1
23. Clock Region Cell Placement per Global Clock: Region X4Y1
24. Clock Region Cell Placement per Global Clock: Region X5Y1
25. Clock Region Cell Placement per Global Clock: Region X6Y1
26. Clock Region Cell Placement per Global Clock: Region X7Y1
27. Clock Region Cell Placement per Global Clock: Region X0Y2
28. Clock Region Cell Placement per Global Clock: Region X1Y2
29. Clock Region Cell Placement per Global Clock: Region X2Y2
30. Clock Region Cell Placement per Global Clock: Region X3Y2
31. Clock Region Cell Placement per Global Clock: Region X4Y2
32. Clock Region Cell Placement per Global Clock: Region X5Y2
33. Clock Region Cell Placement per Global Clock: Region X6Y2
34. Clock Region Cell Placement per Global Clock: Region X7Y2
35. Clock Region Cell Placement per Global Clock: Region X0Y3
36. Clock Region Cell Placement per Global Clock: Region X1Y3
37. Clock Region Cell Placement per Global Clock: Region X2Y3
38. Clock Region Cell Placement per Global Clock: Region X3Y3
39. Clock Region Cell Placement per Global Clock: Region X4Y3
40. Clock Region Cell Placement per Global Clock: Region X5Y3
41. Clock Region Cell Placement per Global Clock: Region X6Y3
42. Clock Region Cell Placement per Global Clock: Region X7Y3
43. Clock Region Cell Placement per Global Clock: Region X0Y4
44. Clock Region Cell Placement per Global Clock: Region X1Y4
45. Clock Region Cell Placement per Global Clock: Region X2Y4
46. Clock Region Cell Placement per Global Clock: Region X3Y4
47. Clock Region Cell Placement per Global Clock: Region X4Y4
48. Clock Region Cell Placement per Global Clock: Region X5Y4
49. Clock Region Cell Placement per Global Clock: Region X6Y4
50. Clock Region Cell Placement per Global Clock: Region X7Y4
51. Clock Region Cell Placement per Global Clock: Region X0Y5
52. Clock Region Cell Placement per Global Clock: Region X1Y5
53. Clock Region Cell Placement per Global Clock: Region X2Y5
54. Clock Region Cell Placement per Global Clock: Region X3Y5
55. Clock Region Cell Placement per Global Clock: Region X4Y5
56. Clock Region Cell Placement per Global Clock: Region X5Y5
57. Clock Region Cell Placement per Global Clock: Region X6Y5
58. Clock Region Cell Placement per Global Clock: Region X7Y5
59. Clock Region Cell Placement per Global Clock: Region X0Y6
60. Clock Region Cell Placement per Global Clock: Region X1Y6
61. Clock Region Cell Placement per Global Clock: Region X2Y6
62. Clock Region Cell Placement per Global Clock: Region X3Y6
63. Clock Region Cell Placement per Global Clock: Region X4Y6
64. Clock Region Cell Placement per Global Clock: Region X5Y6
65. Clock Region Cell Placement per Global Clock: Region X6Y6
66. Clock Region Cell Placement per Global Clock: Region X7Y6
67. Clock Region Cell Placement per Global Clock: Region X1Y7
68. Clock Region Cell Placement per Global Clock: Region X2Y7
69. Clock Region Cell Placement per Global Clock: Region X3Y7
70. Clock Region Cell Placement per Global Clock: Region X4Y7
71. Clock Region Cell Placement per Global Clock: Region X5Y7
72. Clock Region Cell Placement per Global Clock: Region X6Y7
73. Clock Region Cell Placement per Global Clock: Region X7Y7
74. Clock Region Cell Placement per Global Clock: Region X0Y8
75. Clock Region Cell Placement per Global Clock: Region X1Y8
76. Clock Region Cell Placement per Global Clock: Region X2Y8
77. Clock Region Cell Placement per Global Clock: Region X3Y8
78. Clock Region Cell Placement per Global Clock: Region X4Y8
79. Clock Region Cell Placement per Global Clock: Region X5Y8
80. Clock Region Cell Placement per Global Clock: Region X6Y8
81. Clock Region Cell Placement per Global Clock: Region X7Y8
82. Clock Region Cell Placement per Global Clock: Region X0Y9
83. Clock Region Cell Placement per Global Clock: Region X1Y9
84. Clock Region Cell Placement per Global Clock: Region X2Y9
85. Clock Region Cell Placement per Global Clock: Region X3Y9
86. Clock Region Cell Placement per Global Clock: Region X4Y9
87. Clock Region Cell Placement per Global Clock: Region X5Y9
88. Clock Region Cell Placement per Global Clock: Region X6Y9
89. Clock Region Cell Placement per Global Clock: Region X7Y9
90. Clock Region Cell Placement per Global Clock: Region X1Y10
91. Clock Region Cell Placement per Global Clock: Region X2Y10
92. Clock Region Cell Placement per Global Clock: Region X3Y10
93. Clock Region Cell Placement per Global Clock: Region X4Y10
94. Clock Region Cell Placement per Global Clock: Region X5Y10
95. Clock Region Cell Placement per Global Clock: Region X6Y10
96. Clock Region Cell Placement per Global Clock: Region X7Y10
97. Clock Region Cell Placement per Global Clock: Region X1Y11
98. Clock Region Cell Placement per Global Clock: Region X2Y11
99. Clock Region Cell Placement per Global Clock: Region X3Y11
100. Clock Region Cell Placement per Global Clock: Region X4Y11
101. Clock Region Cell Placement per Global Clock: Region X5Y11
102. Clock Region Cell Placement per Global Clock: Region X6Y11

1. Clock Primitive Utilization
------------------------------

+------------+------+-----------+-----+--------------+--------+
| Type       | Used | Available | LOC | Clock Region | Pblock |
+------------+------+-----------+-----+--------------+--------+
| BUFGCE     |    5 |       288 |   0 |            0 |      0 |
| BUFGCE_DIV |    0 |        48 |   0 |            0 |      0 |
| BUFGCTRL   |    0 |        96 |   0 |            0 |      0 |
| BUFG_GT    |    0 |       576 |   0 |            0 |      0 |
| MMCM       |    0 |        12 |   0 |            0 |      0 |
| PLL        |    0 |        24 |   0 |            0 |      0 |
+------------+------+-----------+-----+--------------+--------+


2. Global Clock Resources
-------------------------

+-----------+-----------+-----------------+------------+---------------+--------------+------+-------------------+------------------+-------------------+-------------+-----------------+--------------+--------+-------------------------------------------------------------------------------------------------------------------------+------------------------------------------------------------------------------------------------------------------------------------------------------------------------------------------------+
| Global Id | Source Id | Driver Type/Pin | Constraint | Site          | Clock Region | Root | Clock Delay Group | Clock Low Fanout | Load Clock Region | Clock Loads | Non-Clock Loads | Clock Period | Clock  | Driver Pin                                                                                                              | Net                                                                                                                                                                                            |
+-----------+-----------+-----------------+------------+---------------+--------------+------+-------------------+------------------+-------------------+-------------+-----------------+--------------+--------+-------------------------------------------------------------------------------------------------------------------------+------------------------------------------------------------------------------------------------------------------------------------------------------------------------------------------------+
| g0        | src0      | BUFGCE/O        | None       | BUFGCE_X0Y0   | X4Y0         | X4Y6 |                   |                  |                90 |       56815 |               0 |        4.000 | ap_clk | ooc_ap_clk_bufg/O                                                                                                       | ooc_ap_clk_global                                                                                                                                                                              |
| g1        | src1      | BUFGCE/O        | None       | BUFGCE_X0Y158 | X4Y6         | X4Y6 | n/a               |                  |                12 |           0 |            1888 |          n/a | n/a    | grp_gdn_bf16_top_impl_fu_1036/grp_gdn_bf16_top_impl_Outline_store_bf16_resident_rows_fu_3788/q0[15]_i_1__0_bufg_place/O | grp_gdn_bf16_top_impl_fu_1036/grp_gdn_bf16_top_impl_Outline_store_bf16_resident_rows_fu_3788/p_ZZN8gdn_bf1617gdn_bf16_top_implEhthhPA128_K7ap_uintILi16EES4_S4_PS2_S5_PA128_S3_410_ce0         |
| g2        | src2      | BUFGCE/O        | None       | BUFGCE_X0Y188 | X4Y7         | X4Y7 | n/a               |                  |                 9 |           0 |            1885 |          n/a | n/a    | grp_gdn_bf16_top_impl_fu_1036/grp_p_anonymous_namespace_phase4_update_state_tile_fu_2738/q0[31]_i_1__5_bufg_place/O     | grp_gdn_bf16_top_impl_fu_1036/grp_p_anonymous_namespace_phase4_update_state_tile_fu_2738/ap_enable_reg_pp0_iter4_reg_0[0]                                                                      |
| g3        | src3      | BUFGCE/O        | None       | BUFGCE_X0Y170 | X4Y7         | X4Y7 | n/a               |                  |                 6 |           0 |            1797 |          n/a | n/a    | grp_gdn_bf16_top_impl_fu_1036/grp_p_anonymous_namespace_phase4_update_state_tile_fu_2738/q0[31]_i_1__6_bufg_place/O     | grp_gdn_bf16_top_impl_fu_1036/grp_p_anonymous_namespace_phase4_update_state_tile_fu_2738/ap_enable_reg_pp0_iter4_reg_1[0]                                                                      |
| g4        | src4      | BUFGCE/O        | None       | BUFGCE_X0Y128 | X4Y5         | X4Y5 | n/a               |                  |                10 |           0 |            1938 |          n/a | n/a    | grp_gdn_bf16_top_impl_fu_1036/grp_p_anonymous_namespace_phase5_output_tile_fu_3521/q0[31]_i_1__8_bufg_place/O           | grp_gdn_bf16_top_impl_fu_1036/grp_p_anonymous_namespace_phase5_output_tile_fu_3521/grp_p_anonymous_namespace_phase5_output_tile_Pipeline_phase5_bf16_output_terms_fu_446_ap_start_reg_reg_1[0] |
+-----------+-----------+-----------------+------------+---------------+--------------+------+-------------------+------------------+-------------------+-------------+-----------------+--------------+--------+-------------------------------------------------------------------------------------------------------------------------+------------------------------------------------------------------------------------------------------------------------------------------------------------------------------------------------+
* Clock Loads column represents cell count of net connects that connect to a clock pin. Internal cell leaf pins are not considered
** Non-Clock Loads column represents cell count of non-clock pin loads


3. Global Clock Source Details
------------------------------

+-----------+-----------+-----------------+------------+----------------+--------------+-------------+-----------------+---------------------+--------------+--------------------------------------------------------------------------------------------------------------+-----------------------------------------------------------------------------------------------------------------------------------------------------------------------------------------------------------+
| Source Id | Global Id | Driver Type/Pin | Constraint | Site           | Clock Region | Clock Loads | Non-Clock Loads | Source Clock Period | Source Clock | Driver Pin                                                                                                   | Net                                                                                                                                                                                                       |
+-----------+-----------+-----------------+------------+----------------+--------------+-------------+-----------------+---------------------+--------------+--------------------------------------------------------------------------------------------------------------+-----------------------------------------------------------------------------------------------------------------------------------------------------------------------------------------------------------+
| src0      | g0        | port/ap_clk     | None       | BUFGCE_X0Y0    | X4Y0         |           1 |               0 |                     |              | ooc_ap_clk_bufg/I                                                                                            | ap_clk                                                                                                                                                                                                    |
| src1      | g1        | LUT3/O          | None       | SLICE_X117Y360 | X4Y6         |           1 |             118 |                     |              | grp_gdn_bf16_top_impl_fu_1036/grp_gdn_bf16_top_impl_Outline_store_bf16_resident_rows_fu_3788/q0[15]_i_1__0/O | grp_gdn_bf16_top_impl_fu_1036/grp_gdn_bf16_top_impl_Outline_store_bf16_resident_rows_fu_3788/p_ZZN8gdn_bf1617gdn_bf16_top_implEhthhPA128_K7ap_uintILi16EES4_S4_PS2_S5_PA128_S3_410_ce0_bufg_place         |
| src2      | g2        | LUT4/O          | None       | SLICE_X125Y390 | X4Y6         |           1 |               3 |                     |              | grp_gdn_bf16_top_impl_fu_1036/grp_p_anonymous_namespace_phase4_update_state_tile_fu_2738/q0[31]_i_1__5/O     | grp_gdn_bf16_top_impl_fu_1036/grp_p_anonymous_namespace_phase4_update_state_tile_fu_2738/ap_enable_reg_pp0_iter4_reg_0[0]_bufg_place                                                                      |
| src3      | g3        | LUT4/O          | None       | SLICE_X125Y390 | X4Y6         |           1 |             411 |                     |              | grp_gdn_bf16_top_impl_fu_1036/grp_p_anonymous_namespace_phase4_update_state_tile_fu_2738/q0[31]_i_1__6/O     | grp_gdn_bf16_top_impl_fu_1036/grp_p_anonymous_namespace_phase4_update_state_tile_fu_2738/ap_enable_reg_pp0_iter4_reg_1[0]_bufg_place                                                                      |
| src4      | g4        | LUT4/O          | None       | SLICE_X121Y324 | X4Y5         |           1 |             942 |                     |              | grp_gdn_bf16_top_impl_fu_1036/grp_p_anonymous_namespace_phase5_output_tile_fu_3521/q0[31]_i_1__8/O           | grp_gdn_bf16_top_impl_fu_1036/grp_p_anonymous_namespace_phase5_output_tile_fu_3521/grp_p_anonymous_namespace_phase5_output_tile_Pipeline_phase5_bf16_output_terms_fu_446_ap_start_reg_reg_1[0]_bufg_place |
+-----------+-----------+-----------------+------------+----------------+--------------+-------------+-----------------+---------------------+--------------+--------------------------------------------------------------------------------------------------------------+-----------------------------------------------------------------------------------------------------------------------------------------------------------------------------------------------------------+
* Clock Loads column represents cell count of net connects that connect to a clock pin. Internal cell leaf pins are not considered
** Non-Clock Loads column represents cell count of non-clock pin loads


4. Clock Regions : Clock Primitives
-----------------------------------

+-------------------+---------------+---------------+---------------+---------------+---------------+---------------+---------------+
|                   |  Global Clock |     BUFGCE    |   BUFGCE_DIV  |    BUFGCTRL   |    BUFG_GT    |      MMCM     |      PLL      |
+-------------------+-------+-------+-------+-------+-------+-------+-------+-------+-------+-------+-------+-------+-------+-------+
| Clock Region Name | Used  | Avail | Used  | Avail | Used  | Avail | Used  | Avail | Used  | Avail | Used  | Avail | Used  | Avail |
+-------------------+-------+-------+-------+-------+-------+-------+-------+-------+-------+-------+-------+-------+-------+-------+
| X0Y0              |     0 |    24 |     0 |     0 |     0 |     0 |     0 |     0 |     0 |    24 |     0 |     0 |     0 |     0 |
| X1Y0              |     1 |    24 |     0 |     0 |     0 |     0 |     0 |     0 |     0 |     0 |     0 |     0 |     0 |     0 |
| X2Y0              |     1 |    24 |     0 |     0 |     0 |     0 |     0 |     0 |     0 |     0 |     0 |     0 |     0 |     0 |
| X3Y0              |     1 |    24 |     0 |     0 |     0 |     0 |     0 |     0 |     0 |     0 |     0 |     0 |     0 |     0 |
| X4Y0              |     1 |    24 |     1 |    24 |     0 |     4 |     0 |     8 |     0 |     0 |     0 |     1 |     0 |     2 |
| X5Y0              |     1 |    24 |     0 |     0 |     0 |     0 |     0 |     0 |     0 |     0 |     0 |     0 |     0 |     0 |
| X6Y0              |     1 |    24 |     0 |     0 |     0 |     0 |     0 |     0 |     0 |     0 |     0 |     0 |     0 |     0 |
| X7Y0              |     0 |    24 |     0 |     0 |     0 |     0 |     0 |     0 |     0 |    24 |     0 |     0 |     0 |     0 |
| X0Y1              |     1 |    24 |     0 |     0 |     0 |     0 |     0 |     0 |     0 |    24 |     0 |     0 |     0 |     0 |
| X1Y1              |     1 |    24 |     0 |     0 |     0 |     0 |     0 |     0 |     0 |     0 |     0 |     0 |     0 |     0 |
| X2Y1              |     1 |    24 |     0 |     0 |     0 |     0 |     0 |     0 |     0 |     0 |     0 |     0 |     0 |     0 |
| X3Y1              |     1 |    24 |     0 |     0 |     0 |     0 |     0 |     0 |     0 |     0 |     0 |     0 |     0 |     0 |
| X4Y1              |     1 |    24 |     0 |    24 |     0 |     4 |     0 |     8 |     0 |     0 |     0 |     1 |     0 |     2 |
| X5Y1              |     1 |    24 |     0 |     0 |     0 |     0 |     0 |     0 |     0 |     0 |     0 |     0 |     0 |     0 |
| X6Y1              |     1 |    24 |     0 |     0 |     0 |     0 |     0 |     0 |     0 |     0 |     0 |     0 |     0 |     0 |
| X7Y1              |     1 |    24 |     0 |     0 |     0 |     0 |     0 |     0 |     0 |    24 |     0 |     0 |     0 |     0 |
| X0Y2              |     1 |    24 |     0 |     0 |     0 |     0 |     0 |     0 |     0 |    24 |     0 |     0 |     0 |     0 |
| X1Y2              |     1 |    24 |     0 |     0 |     0 |     0 |     0 |     0 |     0 |     0 |     0 |     0 |     0 |     0 |
| X2Y2              |     1 |    24 |     0 |     0 |     0 |     0 |     0 |     0 |     0 |     0 |     0 |     0 |     0 |     0 |
| X3Y2              |     1 |    24 |     0 |     0 |     0 |     0 |     0 |     0 |     0 |     0 |     0 |     0 |     0 |     0 |
| X4Y2              |     1 |    24 |     0 |    24 |     0 |     4 |     0 |     8 |     0 |     0 |     0 |     1 |     0 |     2 |
| X5Y2              |     1 |    24 |     0 |     0 |     0 |     0 |     0 |     0 |     0 |     0 |     0 |     0 |     0 |     0 |
| X6Y2              |     1 |    24 |     0 |     0 |     0 |     0 |     0 |     0 |     0 |     0 |     0 |     0 |     0 |     0 |
| X7Y2              |     1 |    24 |     0 |     0 |     0 |     0 |     0 |     0 |     0 |    24 |     0 |     0 |     0 |     0 |
| X0Y3              |     1 |    24 |     0 |     0 |     0 |     0 |     0 |     0 |     0 |    24 |     0 |     0 |     0 |     0 |
| X1Y3              |     1 |    24 |     0 |     0 |     0 |     0 |     0 |     0 |     0 |     0 |     0 |     0 |     0 |     0 |
| X2Y3              |     1 |    24 |     0 |     0 |     0 |     0 |     0 |     0 |     0 |     0 |     0 |     0 |     0 |     0 |
| X3Y3              |     1 |    24 |     0 |     0 |     0 |     0 |     0 |     0 |     0 |     0 |     0 |     0 |     0 |     0 |
| X4Y3              |     1 |    24 |     0 |    24 |     0 |     4 |     0 |     8 |     0 |     0 |     0 |     1 |     0 |     2 |
| X5Y3              |     1 |    24 |     0 |     0 |     0 |     0 |     0 |     0 |     0 |     0 |     0 |     0 |     0 |     0 |
| X6Y3              |     1 |    24 |     0 |     0 |     0 |     0 |     0 |     0 |     0 |     0 |     0 |     0 |     0 |     0 |
| X7Y3              |     1 |    24 |     0 |     0 |     0 |     0 |     0 |     0 |     0 |    24 |     0 |     0 |     0 |     0 |
| X0Y4              |     1 |    24 |     0 |     0 |     0 |     0 |     0 |     0 |     0 |    24 |     0 |     0 |     0 |     0 |
| X1Y4              |     1 |    24 |     0 |     0 |     0 |     0 |     0 |     0 |     0 |     0 |     0 |     0 |     0 |     0 |
| X2Y4              |     2 |    24 |     0 |     0 |     0 |     0 |     0 |     0 |     0 |     0 |     0 |     0 |     0 |     0 |
| X3Y4              |     2 |    24 |     0 |     0 |     0 |     0 |     0 |     0 |     0 |     0 |     0 |     0 |     0 |     0 |
| X4Y4              |     2 |    24 |     0 |    24 |     0 |     4 |     0 |     8 |     0 |     0 |     0 |     1 |     0 |     2 |
| X5Y4              |     2 |    24 |     0 |     0 |     0 |     0 |     0 |     0 |     0 |     0 |     0 |     0 |     0 |     0 |
| X6Y4              |     1 |    24 |     0 |     0 |     0 |     0 |     0 |     0 |     0 |     0 |     0 |     0 |     0 |     0 |
| X7Y4              |     1 |    24 |     0 |     0 |     0 |     0 |     0 |     0 |     0 |    24 |     0 |     0 |     0 |     0 |
| X0Y5              |     1 |    24 |     0 |     0 |     0 |     0 |     0 |     0 |     0 |    24 |     0 |     0 |     0 |     0 |
| X1Y5              |     3 |    24 |     0 |     0 |     0 |     0 |     0 |     0 |     0 |     0 |     0 |     0 |     0 |     0 |
| X2Y5              |     3 |    24 |     0 |     0 |     0 |     0 |     0 |     0 |     0 |     0 |     0 |     0 |     0 |     0 |
| X3Y5              |     3 |    24 |     0 |     0 |     0 |     0 |     0 |     0 |     0 |     0 |     0 |     0 |     0 |     0 |
| X4Y5              |     4 |    24 |     1 |    24 |     0 |     4 |     0 |     8 |     0 |     0 |     0 |     1 |     0 |     2 |
| X5Y5              |     4 |    24 |     0 |     0 |     0 |     0 |     0 |     0 |     0 |     0 |     0 |     0 |     0 |     0 |
| X6Y5              |     1 |    24 |     0 |     0 |     0 |     0 |     0 |     0 |     0 |     0 |     0 |     0 |     0 |     0 |
| X7Y5              |     1 |    24 |     0 |     0 |     0 |     0 |     0 |     0 |     0 |    24 |     0 |     0 |     0 |     0 |
| X0Y6              |     1 |    24 |     0 |     0 |     0 |     0 |     0 |     0 |     0 |    24 |     0 |     0 |     0 |     0 |
| X1Y6              |     2 |    24 |     0 |     0 |     0 |     0 |     0 |     0 |     0 |     0 |     0 |     0 |     0 |     0 |
| X2Y6              |     3 |    24 |     0 |     0 |     0 |     0 |     0 |     0 |     0 |     0 |     0 |     0 |     0 |     0 |
| X3Y6              |     5 |    24 |     0 |     0 |     0 |     0 |     0 |     0 |     0 |     0 |     0 |     0 |     0 |     0 |
| X4Y6              |     5 |    24 |     1 |    24 |     0 |     4 |     0 |     8 |     0 |     0 |     0 |     1 |     0 |     2 |
| X5Y6              |     4 |    24 |     0 |     0 |     0 |     0 |     0 |     0 |     0 |     0 |     0 |     0 |     0 |     0 |
| X6Y6              |     1 |    24 |     0 |     0 |     0 |     0 |     0 |     0 |     0 |     0 |     0 |     0 |     0 |     0 |
| X7Y6              |     1 |    24 |     0 |     0 |     0 |     0 |     0 |     0 |     0 |    24 |     0 |     0 |     0 |     0 |
| X0Y7              |     0 |    24 |     0 |     0 |     0 |     0 |     0 |     0 |     0 |    24 |     0 |     0 |     0 |     0 |
| X1Y7              |     1 |    24 |     0 |     0 |     0 |     0 |     0 |     0 |     0 |     0 |     0 |     0 |     0 |     0 |
| X2Y7              |     3 |    24 |     0 |     0 |     0 |     0 |     0 |     0 |     0 |     0 |     0 |     0 |     0 |     0 |
| X3Y7              |     4 |    24 |     0 |     0 |     0 |     0 |     0 |     0 |     0 |     0 |     0 |     0 |     0 |     0 |
| X4Y7              |     4 |    24 |     2 |    24 |     0 |     4 |     0 |     8 |     0 |     0 |     0 |     1 |     0 |     2 |
| X5Y7              |     3 |    24 |     0 |     0 |     0 |     0 |     0 |     0 |     0 |     0 |     0 |     0 |     0 |     0 |
| X6Y7              |     1 |    24 |     0 |     0 |     0 |     0 |     0 |     0 |     0 |     0 |     0 |     0 |     0 |     0 |
| X7Y7              |     1 |    24 |     0 |     0 |     0 |     0 |     0 |     0 |     0 |    24 |     0 |     0 |     0 |     0 |
| X0Y8              |     1 |    24 |     0 |     0 |     0 |     0 |     0 |     0 |     0 |    24 |     0 |     0 |     0 |     0 |
| X1Y8              |     1 |    24 |     0 |     0 |     0 |     0 |     0 |     0 |     0 |     0 |     0 |     0 |     0 |     0 |
| X2Y8              |     1 |    24 |     0 |     0 |     0 |     0 |     0 |     0 |     0 |     0 |     0 |     0 |     0 |     0 |
| X3Y8              |     1 |    24 |     0 |     0 |     0 |     0 |     0 |     0 |     0 |     0 |     0 |     0 |     0 |     0 |
| X4Y8              |     1 |    24 |     0 |    24 |     0 |     4 |     0 |     8 |     0 |     0 |     0 |     1 |     0 |     2 |
| X5Y8              |     1 |    24 |     0 |     0 |     0 |     0 |     0 |     0 |     0 |     0 |     0 |     0 |     0 |     0 |
| X6Y8              |     1 |    24 |     0 |     0 |     0 |     0 |     0 |     0 |     0 |     0 |     0 |     0 |     0 |     0 |
| X7Y8              |     1 |    24 |     0 |     0 |     0 |     0 |     0 |     0 |     0 |    24 |     0 |     0 |     0 |     0 |
| X0Y9              |     1 |    24 |     0 |     0 |     0 |     0 |     0 |     0 |     0 |    24 |     0 |     0 |     0 |     0 |
| X1Y9              |     1 |    24 |     0 |     0 |     0 |     0 |     0 |     0 |     0 |     0 |     0 |     0 |     0 |     0 |
| X2Y9              |     1 |    24 |     0 |     0 |     0 |     0 |     0 |     0 |     0 |     0 |     0 |     0 |     0 |     0 |
| X3Y9              |     1 |    24 |     0 |     0 |     0 |     0 |     0 |     0 |     0 |     0 |     0 |     0 |     0 |     0 |
| X4Y9              |     1 |    24 |     0 |    24 |     0 |     4 |     0 |     8 |     0 |     0 |     0 |     1 |     0 |     2 |
| X5Y9              |     1 |    24 |     0 |     0 |     0 |     0 |     0 |     0 |     0 |     0 |     0 |     0 |     0 |     0 |
| X6Y9              |     1 |    24 |     0 |     0 |     0 |     0 |     0 |     0 |     0 |     0 |     0 |     0 |     0 |     0 |
| X7Y9              |     1 |    24 |     0 |     0 |     0 |     0 |     0 |     0 |     0 |    24 |     0 |     0 |     0 |     0 |
| X0Y10             |     0 |    24 |     0 |     0 |     0 |     0 |     0 |     0 |     0 |    24 |     0 |     0 |     0 |     0 |
| X1Y10             |     1 |    24 |     0 |     0 |     0 |     0 |     0 |     0 |     0 |     0 |     0 |     0 |     0 |     0 |
| X2Y10             |     1 |    24 |     0 |     0 |     0 |     0 |     0 |     0 |     0 |     0 |     0 |     0 |     0 |     0 |
| X3Y10             |     1 |    24 |     0 |     0 |     0 |     0 |     0 |     0 |     0 |     0 |     0 |     0 |     0 |     0 |
| X4Y10             |     1 |    24 |     0 |    24 |     0 |     4 |     0 |     8 |     0 |     0 |     0 |     1 |     0 |     2 |
| X5Y10             |     1 |    24 |     0 |     0 |     0 |     0 |     0 |     0 |     0 |     0 |     0 |     0 |     0 |     0 |
| X6Y10             |     1 |    24 |     0 |     0 |     0 |     0 |     0 |     0 |     0 |     0 |     0 |     0 |     0 |     0 |
| X7Y10             |     1 |    24 |     0 |     0 |     0 |     0 |     0 |     0 |     0 |    24 |     0 |     0 |     0 |     0 |
| X0Y11             |     0 |    24 |     0 |     0 |     0 |     0 |     0 |     0 |     0 |    24 |     0 |     0 |     0 |     0 |
| X1Y11             |     1 |    24 |     0 |     0 |     0 |     0 |     0 |     0 |     0 |     0 |     0 |     0 |     0 |     0 |
| X2Y11             |     1 |    24 |     0 |     0 |     0 |     0 |     0 |     0 |     0 |     0 |     0 |     0 |     0 |     0 |
| X3Y11             |     1 |    24 |     0 |     0 |     0 |     0 |     0 |     0 |     0 |     0 |     0 |     0 |     0 |     0 |
| X4Y11             |     1 |    24 |     0 |    24 |     0 |     4 |     0 |     8 |     0 |     0 |     0 |     1 |     0 |     2 |
| X5Y11             |     1 |    24 |     0 |     0 |     0 |     0 |     0 |     0 |     0 |     0 |     0 |     0 |     0 |     0 |
| X6Y11             |     1 |    24 |     0 |     0 |     0 |     0 |     0 |     0 |     0 |     0 |     0 |     0 |     0 |     0 |
| X7Y11             |     0 |    24 |     0 |     0 |     0 |     0 |     0 |     0 |     0 |    24 |     0 |     0 |     0 |     0 |
+-------------------+-------+-------+-------+-------+-------+-------+-------+-------+-------+-------+-------+-------+-------+-------+
* Global Clock column represents track count; while other columns represents cell counts


5. Clock Regions : Load Primitives
----------------------------------

+-------------------+------------------+------------------+------------------+------------------+------------------+------------------+------------------+------------------+
|                   |   Global Clock   |        FF        |      LUTRAM      |  Block RAM (18K) |       URAM       |        DSP       |        GT        |      HARD IP     |
+-------------------+--------+---------+--------+---------+--------+---------+--------+---------+--------+---------+--------+---------+--------+---------+--------+---------+
| Clock Region Name | Used   | Avail   | Used   | Avail   | Used   | Avail   | Used   | Avail   | Used   | Avail   | Used   | Avail   | Used   | Avail   | Used   | Avail   |
+-------------------+--------+---------+--------+---------+--------+---------+--------+---------+--------+---------+--------+---------+--------+---------+--------+---------+
| X0Y0              |      0 |      24 |      0 |   29760 |      0 |    6720 |      0 |      48 |      0 |       0 |      0 |      72 |      0 |       4 |      0 |       1 |
| X1Y0              |      1 |      24 |      0 |   24960 |     12 |    6720 |     24 |      48 |     12 |      16 |      0 |      72 |      0 |       0 |      0 |       0 |
| X2Y0              |      1 |      24 |      0 |   36480 |      0 |    7680 |     72 |      72 |      0 |       0 |      0 |      90 |      0 |       0 |      0 |       0 |
| X3Y0              |      1 |      24 |      0 |   21120 |     16 |    5760 |     24 |      24 |     16 |      16 |      0 |      54 |      0 |       0 |      0 |       0 |
| X4Y0              |      1 |      24 |      0 |   27840 |     16 |    6240 |     44 |      48 |     16 |      16 |      0 |      72 |      0 |       0 |      0 |       2 |
| X5Y0              |      1 |      24 |      2 |   28800 |     16 |    6720 |     24 |      24 |     16 |      16 |      0 |      90 |      0 |       0 |      0 |       0 |
| X6Y0              |      1 |      24 |      0 |   28800 |     16 |    6720 |     24 |      24 |     16 |      16 |      0 |      90 |      0 |       0 |      0 |       0 |
| X7Y0              |      0 |      24 |      0 |   25920 |      0 |    6720 |      0 |      48 |      0 |       0 |      0 |      36 |      0 |       4 |      0 |       1 |
| X0Y1              |      1 |      24 |      0 |   29760 |      0 |    6720 |     16 |      48 |      0 |       0 |      0 |      96 |      0 |       4 |      0 |       1 |
| X1Y1              |      1 |      24 |      0 |   24960 |     16 |    6720 |     40 |      48 |     16 |      16 |      0 |      96 |      0 |       0 |      0 |       0 |
| X2Y1              |      1 |      24 |     10 |   36480 |      0 |    7680 |     72 |      72 |      0 |       0 |      0 |     120 |      0 |       0 |      0 |       0 |
| X3Y1              |      1 |      24 |     31 |   21120 |     16 |    5760 |     24 |      24 |     16 |      16 |      0 |      72 |      0 |       0 |      0 |       0 |
| X4Y1              |      1 |      24 |     16 |   27840 |     16 |    6240 |     48 |      48 |     16 |      16 |      0 |      96 |      0 |       0 |      0 |       0 |
| X5Y1              |      1 |      24 |      7 |   28800 |     16 |    6720 |     24 |      24 |     16 |      16 |      0 |     120 |      0 |       0 |      0 |       0 |
| X6Y1              |      1 |      24 |      2 |   28800 |     16 |    6720 |     24 |      24 |     16 |      16 |      0 |     120 |      0 |       0 |      0 |       0 |
| X7Y1              |      1 |      24 |      0 |   25920 |      0 |    6720 |     16 |      48 |      0 |       0 |      0 |      48 |      0 |       4 |      0 |       0 |
| X0Y2              |      1 |      24 |      0 |   29760 |      0 |    6720 |     48 |      48 |      0 |       0 |      0 |      96 |      0 |       4 |      0 |       1 |
| X1Y2              |      1 |      24 |      1 |   24960 |     16 |    6720 |     48 |      48 |     16 |      16 |      0 |      96 |      0 |       0 |      0 |       0 |
| X2Y2              |      1 |      24 |    111 |   36480 |      0 |    7680 |     72 |      72 |      0 |       0 |      0 |     120 |      0 |       0 |      0 |       0 |
| X3Y2              |      1 |      24 |    459 |   21120 |     16 |    5760 |     24 |      24 |     16 |      16 |      0 |      72 |      0 |       0 |      0 |       0 |
| X4Y2              |      1 |      24 |    185 |   27840 |     16 |    6240 |     48 |      48 |     16 |      16 |      0 |      96 |      0 |       0 |      0 |       0 |
| X5Y2              |      1 |      24 |     39 |   28800 |     16 |    6720 |     24 |      24 |     16 |      16 |      0 |     120 |      0 |       0 |      0 |       0 |
| X6Y2              |      1 |      24 |      0 |   28800 |     16 |    6720 |     24 |      24 |     16 |      16 |      0 |     120 |      0 |       0 |      0 |       0 |
| X7Y2              |      1 |      24 |      0 |   25920 |      0 |    6720 |     32 |      48 |      0 |       0 |      0 |      48 |      0 |       4 |      0 |       0 |
| X0Y3              |      1 |      24 |      0 |   27840 |      0 |    5760 |     32 |      48 |      0 |       0 |      0 |      96 |      0 |       4 |      0 |       1 |
| X1Y3              |      1 |      24 |      9 |   23040 |     16 |    5760 |     48 |      48 |     16 |      16 |      0 |      96 |      0 |       0 |      0 |       0 |
| X2Y3              |      1 |      24 |     17 |   34560 |      0 |    6720 |     72 |      72 |      0 |       0 |      0 |     120 |      0 |       0 |      0 |       0 |
| X3Y3              |      1 |      24 |     95 |   19200 |     16 |    4800 |     24 |      24 |     16 |      16 |      0 |      72 |      0 |       0 |      0 |       0 |
| X4Y3              |      1 |      24 |     82 |   25920 |     16 |    5280 |     48 |      48 |     16 |      16 |      0 |      96 |      0 |       0 |      0 |       0 |
| X5Y3              |      1 |      24 |     15 |   26880 |     16 |    5760 |     24 |      24 |     16 |      16 |      0 |     120 |      0 |       0 |      0 |       0 |
| X6Y3              |      1 |      24 |      4 |   26880 |     16 |    5760 |     24 |      24 |     16 |      16 |      0 |     120 |      0 |       0 |      0 |       0 |
| X7Y3              |      1 |      24 |      0 |   24000 |      0 |    5760 |     32 |      48 |      0 |       0 |      0 |      48 |      0 |       4 |      0 |       1 |
| X0Y4              |      1 |      24 |      0 |   27840 |      0 |    5760 |     16 |      48 |      0 |       0 |      0 |      96 |      0 |       4 |      0 |       1 |
| X1Y4              |      1 |      24 |     24 |   23040 |     37 |    5760 |     32 |      48 |     16 |      16 |      0 |      96 |      0 |       0 |      0 |       0 |
| X2Y4              |      2 |      24 |    729 |   34560 |    695 |    6720 |     62 |      72 |      0 |       0 |      0 |     120 |      0 |       0 |      0 |       0 |
| X3Y4              |      2 |      24 |   1219 |   19200 |    605 |    4800 |     16 |      24 |     16 |      16 |      1 |      72 |      0 |       0 |      0 |       0 |
| X4Y4              |      2 |      24 |   4351 |   25920 |   2061 |    5280 |     45 |      48 |     16 |      16 |      0 |      96 |      0 |       0 |      0 |       0 |
| X5Y4              |      2 |      24 |    834 |   26880 |    275 |    5760 |     16 |      24 |     16 |      16 |      0 |     120 |      0 |       0 |      0 |       0 |
| X6Y4              |      1 |      24 |      2 |   26880 |     16 |    5760 |     16 |      24 |     16 |      16 |      0 |     120 |      0 |       0 |      0 |       0 |
| X7Y4              |      1 |      24 |      0 |   24000 |      0 |    5760 |     28 |      48 |      0 |       0 |      0 |      48 |      0 |       4 |      0 |       1 |
| X0Y5              |      1 |      24 |      0 |   29760 |      0 |    6720 |     16 |      48 |      0 |       0 |      0 |      96 |      0 |       4 |      0 |       1 |
| X1Y5              |      3 |      24 |    130 |   24960 |    140 |    6720 |     48 |      48 |     16 |      16 |      0 |      96 |      0 |       0 |      0 |       0 |
| X2Y5              |      3 |      24 |   3335 |   36480 |   1268 |    7680 |     72 |      72 |      0 |       0 |      0 |     120 |      0 |       0 |      0 |       0 |
| X3Y5              |      3 |      24 |   1039 |   21120 |    736 |    5760 |     24 |      24 |     16 |      16 |      2 |      72 |      0 |       0 |      0 |       0 |
| X4Y5              |      4 |      24 |   1492 |   27840 |    853 |    6240 |     48 |      48 |     16 |      16 |      0 |      96 |      0 |       0 |      0 |       0 |
| X5Y5              |      4 |      24 |    707 |   28800 |    697 |    6720 |     22 |      24 |     16 |      16 |      0 |     120 |      0 |       0 |      0 |       0 |
| X6Y5              |      1 |      24 |      2 |   28800 |     12 |    6720 |     20 |      24 |     12 |      16 |      0 |     120 |      0 |       0 |      0 |       0 |
| X7Y5              |      1 |      24 |      0 |   25920 |      0 |    6720 |     24 |      48 |      0 |       0 |      0 |      48 |      0 |       4 |      0 |       0 |
| X0Y6              |      1 |      24 |      0 |   29760 |      0 |    6720 |     16 |      48 |      0 |       0 |      0 |      96 |      0 |       4 |      0 |       1 |
| X1Y6              |      2 |      24 |     19 |   24960 |     31 |    6720 |     48 |      48 |     16 |      16 |      0 |      96 |      0 |       0 |      0 |       0 |
| X2Y6              |      3 |      24 |   3674 |   36480 |   2106 |    7680 |     72 |      72 |      0 |       0 |      3 |     120 |      0 |       0 |      0 |       0 |
| X3Y6              |      5 |      24 |   2548 |   21120 |   1207 |    5760 |     24 |      24 |     16 |      16 |      9 |      72 |      0 |       0 |      0 |       0 |
| X4Y6              |      5 |      24 |   4643 |   27840 |   1871 |    6240 |     48 |      48 |     16 |      16 |      0 |      96 |      0 |       0 |      0 |       0 |
| X5Y6              |      4 |      24 |   4676 |   28800 |   1318 |    6720 |     24 |      24 |     16 |      16 |      0 |     120 |      0 |       0 |      0 |       0 |
| X6Y6              |      1 |      24 |      7 |   28800 |     16 |    6720 |     12 |      24 |     16 |      16 |      0 |     120 |      0 |       0 |      0 |       0 |
| X7Y6              |      1 |      24 |      0 |   25920 |      0 |    6720 |     40 |      48 |      0 |       0 |      0 |      48 |      0 |       4 |      0 |       0 |
| X0Y7              |      0 |      24 |      0 |   27840 |      0 |    5760 |      0 |      48 |      0 |       0 |      0 |      96 |      0 |       4 |      0 |       1 |
| X1Y7              |      1 |      24 |      0 |   23040 |     16 |    5760 |     32 |      48 |     16 |      16 |      0 |      96 |      0 |       0 |      0 |       0 |
| X2Y7              |      3 |      24 |    108 |   34560 |     90 |    6720 |     54 |      72 |      0 |       0 |      0 |     120 |      0 |       0 |      0 |       0 |
| X3Y7              |      4 |      24 |   1149 |   19200 |    430 |    4800 |     24 |      24 |     16 |      16 |      0 |      72 |      0 |       0 |      0 |       0 |
| X4Y7              |      4 |      24 |   4190 |   25920 |    948 |    5280 |     48 |      48 |     16 |      16 |      0 |      96 |      0 |       0 |      0 |       0 |
| X5Y7              |      3 |      24 |   1757 |   26880 |    263 |    5760 |     18 |      24 |     16 |      16 |      0 |     120 |      0 |       0 |      0 |       0 |
| X6Y7              |      1 |      24 |      3 |   26880 |     16 |    5760 |     16 |      24 |     16 |      16 |      0 |     120 |      0 |       0 |      0 |       0 |
| X7Y7              |      1 |      24 |      0 |   24000 |      0 |    5760 |      4 |      48 |      0 |       0 |      0 |      48 |      0 |       4 |      0 |       1 |
| X0Y8              |      1 |      24 |      0 |   27840 |      0 |    5760 |     48 |      48 |      0 |       0 |      0 |      96 |      0 |       4 |      0 |       1 |
| X1Y8              |      1 |      24 |      0 |   23040 |     16 |    5760 |     48 |      48 |     16 |      16 |      0 |      96 |      0 |       0 |      0 |       0 |
| X2Y8              |      1 |      24 |     54 |   34560 |      0 |    6720 |     72 |      72 |      0 |       0 |      0 |     120 |      0 |       0 |      0 |       0 |
| X3Y8              |      1 |      24 |    273 |   19200 |     16 |    4800 |     24 |      24 |     16 |      16 |      0 |      72 |      0 |       0 |      0 |       0 |
| X4Y8              |      1 |      24 |     71 |   25920 |     16 |    5280 |     48 |      48 |     16 |      16 |      0 |      96 |      0 |       0 |      0 |       0 |
| X5Y8              |      1 |      24 |     38 |   26880 |     16 |    5760 |     24 |      24 |     16 |      16 |      0 |     120 |      0 |       0 |      0 |       0 |
| X6Y8              |      1 |      24 |      0 |   26880 |     11 |    5760 |     24 |      24 |     11 |      16 |      0 |     120 |      0 |       0 |      0 |       0 |
| X7Y8              |      1 |      24 |      0 |   24000 |      0 |    5760 |     48 |      48 |      0 |       0 |      0 |      48 |      0 |       4 |      0 |       1 |
| X0Y9              |      1 |      24 |      0 |   29760 |      0 |    6720 |     48 |      48 |      0 |       0 |      0 |      96 |      0 |       4 |      0 |       1 |
| X1Y9              |      1 |      24 |      2 |   24960 |     16 |    6720 |     48 |      48 |     16 |      16 |      0 |      96 |      0 |       0 |      0 |       0 |
| X2Y9              |      1 |      24 |    134 |   36480 |      0 |    7680 |     72 |      72 |      0 |       0 |      0 |     120 |      0 |       0 |      0 |       0 |
| X3Y9              |      1 |      24 |    127 |   21120 |     16 |    5760 |     24 |      24 |     16 |      16 |      0 |      72 |      0 |       0 |      0 |       0 |
| X4Y9              |      1 |      24 |     36 |   27840 |     16 |    6240 |     48 |      48 |     16 |      16 |      0 |      96 |      0 |       0 |      0 |       0 |
| X5Y9              |      1 |      24 |     43 |   28800 |     16 |    6720 |     24 |      24 |     16 |      16 |      0 |     120 |      0 |       0 |      0 |       0 |
| X6Y9              |      1 |      24 |      1 |   28800 |     16 |    6720 |     24 |      24 |     16 |      16 |      0 |     120 |      0 |       0 |      0 |       0 |
| X7Y9              |      1 |      24 |      0 |   25920 |      0 |    6720 |     48 |      48 |      0 |       0 |      0 |      48 |      0 |       4 |      0 |       0 |
| X0Y10             |      0 |      24 |      0 |   29760 |      0 |    6720 |      0 |      48 |      0 |       0 |      0 |      96 |      0 |       4 |      0 |       1 |
| X1Y10             |      1 |      24 |      8 |   24960 |     16 |    6720 |     40 |      48 |     16 |      16 |      0 |      96 |      0 |       0 |      0 |       0 |
| X2Y10             |      1 |      24 |    120 |   36480 |      0 |    7680 |     72 |      72 |      0 |       0 |      0 |     120 |      0 |       0 |      0 |       0 |
| X3Y10             |      1 |      24 |    168 |   21120 |     16 |    5760 |     24 |      24 |     16 |      16 |      0 |      72 |      0 |       0 |      0 |       0 |
| X4Y10             |      1 |      24 |     65 |   27840 |     16 |    6240 |     48 |      48 |     16 |      16 |      0 |      96 |      0 |       0 |      0 |       0 |
| X5Y10             |      1 |      24 |      3 |   28800 |     16 |    6720 |     24 |      24 |     16 |      16 |      0 |     120 |      0 |       0 |      0 |       0 |
| X6Y10             |      1 |      24 |      2 |   28800 |     15 |    6720 |     24 |      24 |     15 |      16 |      0 |     120 |      0 |       0 |      0 |       0 |
| X7Y10             |      1 |      24 |      0 |   25920 |      0 |    6720 |     16 |      48 |      0 |       0 |      0 |      48 |      0 |       4 |      0 |       0 |
| X0Y11             |      0 |      24 |      0 |   27840 |      0 |    5760 |      0 |      48 |      0 |       0 |      0 |      96 |      0 |       4 |      0 |       1 |
| X1Y11             |      1 |      24 |      3 |   23040 |     12 |    5760 |     24 |      48 |     12 |      16 |      0 |      96 |      0 |       0 |      0 |       0 |
| X2Y11             |      1 |      24 |      0 |   34560 |      0 |    6720 |     72 |      72 |      0 |       0 |      0 |     120 |      0 |       0 |      0 |       0 |
| X3Y11             |      1 |      24 |      0 |   19200 |     16 |    4800 |     24 |      24 |     16 |      16 |      0 |      72 |      0 |       0 |      0 |       0 |
| X4Y11             |      1 |      24 |      2 |   25920 |     16 |    5280 |     48 |      48 |     16 |      16 |      0 |      96 |      0 |       0 |      0 |       0 |
| X5Y11             |      1 |      24 |      3 |   26880 |     16 |    5760 |     24 |      24 |     16 |      16 |      0 |     120 |      0 |       0 |      0 |       0 |
| X6Y11             |      1 |      24 |      0 |   26880 |      2 |    5760 |      8 |      24 |      2 |      16 |      0 |     120 |      0 |       0 |      0 |       0 |
| X7Y11             |      0 |      24 |      0 |   24000 |      0 |    5760 |      0 |      48 |      0 |       0 |      0 |      48 |      0 |       4 |      0 |       1 |
+-------------------+--------+---------+--------+---------+--------+---------+--------+---------+--------+---------+--------+---------+--------+---------+--------+---------+
* Global Clock column represents track count; while other columns represents cell counts


6. Clock Regions : Global Clock Summary
---------------------------------------

All Modules
+-----+----+----+----+----+----+----+----+----+
|     | X0 | X1 | X2 | X3 | X4 | X5 | X6 | X7 |
+-----+----+----+----+----+----+----+----+----+
| Y11 |  0 |  1 |  1 |  1 |  1 |  1 |  1 |  0 |
| Y10 |  0 |  1 |  1 |  1 |  1 |  1 |  1 |  1 |
| Y9  |  1 |  1 |  1 |  1 |  1 |  1 |  1 |  1 |
| Y8  |  1 |  1 |  1 |  1 |  1 |  1 |  1 |  1 |
| Y7  |  0 |  1 |  3 |  4 |  4 |  3 |  1 |  1 |
| Y6  |  1 |  2 |  3 |  5 |  5 |  4 |  1 |  1 |
| Y5  |  1 |  3 |  3 |  3 |  4 |  4 |  1 |  1 |
| Y4  |  1 |  1 |  2 |  2 |  2 |  2 |  1 |  1 |
| Y3  |  1 |  1 |  1 |  1 |  1 |  1 |  1 |  1 |
| Y2  |  1 |  1 |  1 |  1 |  1 |  1 |  1 |  1 |
| Y1  |  1 |  1 |  1 |  1 |  1 |  1 |  1 |  1 |
| Y0  |  0 |  1 |  1 |  1 |  1 |  1 |  1 |  0 |
+-----+----+----+----+----+----+----+----+----+


7. Clock Regions : Routing Resource Utilization
-----------------------------------------------

All Modules
+-------------------+----------------------+----------------------+----------------------+----------------------+
|                   |        HROUTES       |        HDISTRS       |        VROUTES       |        VDISTRS       |
+-------------------+------+-------+-------+------+-------+-------+------+-------+-------+------+-------+-------+
| Clock Region Name | Used | Avail | Util% | Used | Avail | Util% | Used | Avail | Util% | Used | Avail | Util% |
+-------------------+------+-------+-------+------+-------+-------+------+-------+-------+------+-------+-------+
| X0Y0              |    0 |    24 |  0.00 |    0 |    24 |  0.00 |    0 |    24 |  0.00 |    0 |    24 |  0.00 |
| X1Y0              |    0 |    24 |  0.00 |    1 |    24 |  4.17 |    0 |    24 |  0.00 |    0 |    24 |  0.00 |
| X2Y0              |    0 |    24 |  0.00 |    1 |    24 |  4.17 |    0 |    24 |  0.00 |    0 |    24 |  0.00 |
| X3Y0              |    0 |    24 |  0.00 |    1 |    24 |  4.17 |    0 |    24 |  0.00 |    0 |    24 |  0.00 |
| X4Y0              |    1 |    24 |  4.17 |    1 |    24 |  4.17 |    0 |    24 |  0.00 |    1 |    24 |  4.17 |
| X5Y0              |    0 |    24 |  0.00 |    1 |    24 |  4.17 |    0 |    24 |  0.00 |    0 |    24 |  0.00 |
| X6Y0              |    0 |    24 |  0.00 |    1 |    24 |  4.17 |    0 |    24 |  0.00 |    0 |    24 |  0.00 |
| X7Y0              |    0 |    24 |  0.00 |    0 |    24 |  0.00 |    0 |    24 |  0.00 |    0 |    24 |  0.00 |
| X0Y1              |    0 |    24 |  0.00 |    1 |    24 |  4.17 |    0 |    24 |  0.00 |    0 |    24 |  0.00 |
| X1Y1              |    0 |    24 |  0.00 |    1 |    24 |  4.17 |    0 |    24 |  0.00 |    0 |    24 |  0.00 |
| X2Y1              |    0 |    24 |  0.00 |    1 |    24 |  4.17 |    0 |    24 |  0.00 |    0 |    24 |  0.00 |
| X3Y1              |    0 |    24 |  0.00 |    1 |    24 |  4.17 |    0 |    24 |  0.00 |    0 |    24 |  0.00 |
| X4Y1              |    0 |    24 |  0.00 |    1 |    24 |  4.17 |    1 |    24 |  4.17 |    1 |    24 |  4.17 |
| X5Y1              |    0 |    24 |  0.00 |    1 |    24 |  4.17 |    0 |    24 |  0.00 |    0 |    24 |  0.00 |
| X6Y1              |    0 |    24 |  0.00 |    1 |    24 |  4.17 |    0 |    24 |  0.00 |    0 |    24 |  0.00 |
| X7Y1              |    0 |    24 |  0.00 |    1 |    24 |  4.17 |    0 |    24 |  0.00 |    0 |    24 |  0.00 |
| X0Y2              |    0 |    24 |  0.00 |    1 |    24 |  4.17 |    0 |    24 |  0.00 |    0 |    24 |  0.00 |
| X1Y2              |    0 |    24 |  0.00 |    1 |    24 |  4.17 |    0 |    24 |  0.00 |    0 |    24 |  0.00 |
| X2Y2              |    0 |    24 |  0.00 |    1 |    24 |  4.17 |    0 |    24 |  0.00 |    0 |    24 |  0.00 |
| X3Y2              |    0 |    24 |  0.00 |    1 |    24 |  4.17 |    0 |    24 |  0.00 |    0 |    24 |  0.00 |
| X4Y2              |    0 |    24 |  0.00 |    1 |    24 |  4.17 |    1 |    24 |  4.17 |    1 |    24 |  4.17 |
| X5Y2              |    0 |    24 |  0.00 |    1 |    24 |  4.17 |    0 |    24 |  0.00 |    0 |    24 |  0.00 |
| X6Y2              |    0 |    24 |  0.00 |    1 |    24 |  4.17 |    0 |    24 |  0.00 |    0 |    24 |  0.00 |
| X7Y2              |    0 |    24 |  0.00 |    1 |    24 |  4.17 |    0 |    24 |  0.00 |    0 |    24 |  0.00 |
| X0Y3              |    0 |    24 |  0.00 |    1 |    24 |  4.17 |    0 |    24 |  0.00 |    0 |    24 |  0.00 |
| X1Y3              |    0 |    24 |  0.00 |    1 |    24 |  4.17 |    0 |    24 |  0.00 |    0 |    24 |  0.00 |
| X2Y3              |    0 |    24 |  0.00 |    1 |    24 |  4.17 |    0 |    24 |  0.00 |    0 |    24 |  0.00 |
| X3Y3              |    0 |    24 |  0.00 |    1 |    24 |  4.17 |    0 |    24 |  0.00 |    0 |    24 |  0.00 |
| X4Y3              |    0 |    24 |  0.00 |    1 |    24 |  4.17 |    1 |    24 |  4.17 |    1 |    24 |  4.17 |
| X5Y3              |    0 |    24 |  0.00 |    1 |    24 |  4.17 |    0 |    24 |  0.00 |    0 |    24 |  0.00 |
| X6Y3              |    0 |    24 |  0.00 |    1 |    24 |  4.17 |    0 |    24 |  0.00 |    0 |    24 |  0.00 |
| X7Y3              |    0 |    24 |  0.00 |    1 |    24 |  4.17 |    0 |    24 |  0.00 |    0 |    24 |  0.00 |
| X0Y4              |    0 |    24 |  0.00 |    1 |    24 |  4.17 |    0 |    24 |  0.00 |    0 |    24 |  0.00 |
| X1Y4              |    0 |    24 |  0.00 |    1 |    24 |  4.17 |    0 |    24 |  0.00 |    0 |    24 |  0.00 |
| X2Y4              |    0 |    24 |  0.00 |    2 |    24 |  8.33 |    0 |    24 |  0.00 |    0 |    24 |  0.00 |
| X3Y4              |    0 |    24 |  0.00 |    2 |    24 |  8.33 |    0 |    24 |  0.00 |    0 |    24 |  0.00 |
| X4Y4              |    0 |    24 |  0.00 |    2 |    24 |  8.33 |    1 |    24 |  4.17 |    2 |    24 |  8.33 |
| X5Y4              |    0 |    24 |  0.00 |    2 |    24 |  8.33 |    0 |    24 |  0.00 |    0 |    24 |  0.00 |
| X6Y4              |    0 |    24 |  0.00 |    1 |    24 |  4.17 |    0 |    24 |  0.00 |    0 |    24 |  0.00 |
| X7Y4              |    0 |    24 |  0.00 |    1 |    24 |  4.17 |    0 |    24 |  0.00 |    0 |    24 |  0.00 |
| X0Y5              |    0 |    24 |  0.00 |    1 |    24 |  4.17 |    0 |    24 |  0.00 |    0 |    24 |  0.00 |
| X1Y5              |    0 |    24 |  0.00 |    3 |    24 | 12.50 |    0 |    24 |  0.00 |    0 |    24 |  0.00 |
| X2Y5              |    0 |    24 |  0.00 |    3 |    24 | 12.50 |    0 |    24 |  0.00 |    0 |    24 |  0.00 |
| X3Y5              |    0 |    24 |  0.00 |    3 |    24 | 12.50 |    0 |    24 |  0.00 |    0 |    24 |  0.00 |
| X4Y5              |    0 |    24 |  0.00 |    4 |    24 | 16.67 |    1 |    24 |  4.17 |    4 |    24 | 16.67 |
| X5Y5              |    0 |    24 |  0.00 |    4 |    24 | 16.67 |    0 |    24 |  0.00 |    0 |    24 |  0.00 |
| X6Y5              |    0 |    24 |  0.00 |    1 |    24 |  4.17 |    0 |    24 |  0.00 |    0 |    24 |  0.00 |
| X7Y5              |    0 |    24 |  0.00 |    1 |    24 |  4.17 |    0 |    24 |  0.00 |    0 |    24 |  0.00 |
| X0Y6              |    0 |    24 |  0.00 |    1 |    24 |  4.17 |    0 |    24 |  0.00 |    0 |    24 |  0.00 |
| X1Y6              |    0 |    24 |  0.00 |    2 |    24 |  8.33 |    0 |    24 |  0.00 |    0 |    24 |  0.00 |
| X2Y6              |    0 |    24 |  0.00 |    3 |    24 | 12.50 |    0 |    24 |  0.00 |    0 |    24 |  0.00 |
| X3Y6              |    0 |    24 |  0.00 |    5 |    24 | 20.83 |    0 |    24 |  0.00 |    0 |    24 |  0.00 |
| X4Y6              |    0 |    24 |  0.00 |    5 |    24 | 20.83 |    1 |    24 |  4.17 |    4 |    24 | 16.67 |
| X5Y6              |    0 |    24 |  0.00 |    4 |    24 | 16.67 |    0 |    24 |  0.00 |    0 |    24 |  0.00 |
| X6Y6              |    0 |    24 |  0.00 |    1 |    24 |  4.17 |    0 |    24 |  0.00 |    0 |    24 |  0.00 |
| X7Y6              |    0 |    24 |  0.00 |    1 |    24 |  4.17 |    0 |    24 |  0.00 |    0 |    24 |  0.00 |
| X0Y7              |    0 |    24 |  0.00 |    0 |    24 |  0.00 |    0 |    24 |  0.00 |    0 |    24 |  0.00 |
| X1Y7              |    0 |    24 |  0.00 |    1 |    24 |  4.17 |    0 |    24 |  0.00 |    0 |    24 |  0.00 |
| X2Y7              |    0 |    24 |  0.00 |    3 |    24 | 12.50 |    0 |    24 |  0.00 |    0 |    24 |  0.00 |
| X3Y7              |    0 |    24 |  0.00 |    4 |    24 | 16.67 |    0 |    24 |  0.00 |    0 |    24 |  0.00 |
| X4Y7              |    0 |    24 |  0.00 |    4 |    24 | 16.67 |    0 |    24 |  0.00 |    3 |    24 | 12.50 |
| X5Y7              |    0 |    24 |  0.00 |    3 |    24 | 12.50 |    0 |    24 |  0.00 |    0 |    24 |  0.00 |
| X6Y7              |    0 |    24 |  0.00 |    1 |    24 |  4.17 |    0 |    24 |  0.00 |    0 |    24 |  0.00 |
| X7Y7              |    0 |    24 |  0.00 |    1 |    24 |  4.17 |    0 |    24 |  0.00 |    0 |    24 |  0.00 |
| X0Y8              |    0 |    24 |  0.00 |    1 |    24 |  4.17 |    0 |    24 |  0.00 |    0 |    24 |  0.00 |
| X1Y8              |    0 |    24 |  0.00 |    1 |    24 |  4.17 |    0 |    24 |  0.00 |    0 |    24 |  0.00 |
| X2Y8              |    0 |    24 |  0.00 |    1 |    24 |  4.17 |    0 |    24 |  0.00 |    0 |    24 |  0.00 |
| X3Y8              |    0 |    24 |  0.00 |    1 |    24 |  4.17 |    0 |    24 |  0.00 |    0 |    24 |  0.00 |
| X4Y8              |    0 |    24 |  0.00 |    1 |    24 |  4.17 |    0 |    24 |  0.00 |    1 |    24 |  4.17 |
| X5Y8              |    0 |    24 |  0.00 |    1 |    24 |  4.17 |    0 |    24 |  0.00 |    0 |    24 |  0.00 |
| X6Y8              |    0 |    24 |  0.00 |    1 |    24 |  4.17 |    0 |    24 |  0.00 |    0 |    24 |  0.00 |
| X7Y8              |    0 |    24 |  0.00 |    1 |    24 |  4.17 |    0 |    24 |  0.00 |    0 |    24 |  0.00 |
| X0Y9              |    0 |    24 |  0.00 |    1 |    24 |  4.17 |    0 |    24 |  0.00 |    0 |    24 |  0.00 |
| X1Y9              |    0 |    24 |  0.00 |    1 |    24 |  4.17 |    0 |    24 |  0.00 |    0 |    24 |  0.00 |
| X2Y9              |    0 |    24 |  0.00 |    1 |    24 |  4.17 |    0 |    24 |  0.00 |    0 |    24 |  0.00 |
| X3Y9              |    0 |    24 |  0.00 |    1 |    24 |  4.17 |    0 |    24 |  0.00 |    0 |    24 |  0.00 |
| X4Y9              |    0 |    24 |  0.00 |    1 |    24 |  4.17 |    0 |    24 |  0.00 |    1 |    24 |  4.17 |
| X5Y9              |    0 |    24 |  0.00 |    1 |    24 |  4.17 |    0 |    24 |  0.00 |    0 |    24 |  0.00 |
| X6Y9              |    0 |    24 |  0.00 |    1 |    24 |  4.17 |    0 |    24 |  0.00 |    0 |    24 |  0.00 |
| X7Y9              |    0 |    24 |  0.00 |    1 |    24 |  4.17 |    0 |    24 |  0.00 |    0 |    24 |  0.00 |
| X0Y10             |    0 |    24 |  0.00 |    0 |    24 |  0.00 |    0 |    24 |  0.00 |    0 |    24 |  0.00 |
| X1Y10             |    0 |    24 |  0.00 |    1 |    24 |  4.17 |    0 |    24 |  0.00 |    0 |    24 |  0.00 |
| X2Y10             |    0 |    24 |  0.00 |    1 |    24 |  4.17 |    0 |    24 |  0.00 |    0 |    24 |  0.00 |
| X3Y10             |    0 |    24 |  0.00 |    1 |    24 |  4.17 |    0 |    24 |  0.00 |    0 |    24 |  0.00 |
| X4Y10             |    0 |    24 |  0.00 |    1 |    24 |  4.17 |    0 |    24 |  0.00 |    1 |    24 |  4.17 |
| X5Y10             |    0 |    24 |  0.00 |    1 |    24 |  4.17 |    0 |    24 |  0.00 |    0 |    24 |  0.00 |
| X6Y10             |    0 |    24 |  0.00 |    1 |    24 |  4.17 |    0 |    24 |  0.00 |    0 |    24 |  0.00 |
| X7Y10             |    0 |    24 |  0.00 |    1 |    24 |  4.17 |    0 |    24 |  0.00 |    0 |    24 |  0.00 |
| X0Y11             |    0 |    24 |  0.00 |    0 |    24 |  0.00 |    0 |    24 |  0.00 |    0 |    24 |  0.00 |
| X1Y11             |    0 |    24 |  0.00 |    1 |    24 |  4.17 |    0 |    24 |  0.00 |    0 |    24 |  0.00 |
| X2Y11             |    0 |    24 |  0.00 |    1 |    24 |  4.17 |    0 |    24 |  0.00 |    0 |    24 |  0.00 |
| X3Y11             |    0 |    24 |  0.00 |    1 |    24 |  4.17 |    0 |    24 |  0.00 |    0 |    24 |  0.00 |
| X4Y11             |    0 |    24 |  0.00 |    1 |    24 |  4.17 |    0 |    24 |  0.00 |    0 |    24 |  0.00 |
| X5Y11             |    0 |    24 |  0.00 |    1 |    24 |  4.17 |    0 |    24 |  0.00 |    0 |    24 |  0.00 |
| X6Y11             |    0 |    24 |  0.00 |    1 |    24 |  4.17 |    0 |    24 |  0.00 |    0 |    24 |  0.00 |
| X7Y11             |    0 |    24 |  0.00 |    0 |    24 |  0.00 |    0 |    24 |  0.00 |    0 |    24 |  0.00 |
+-------------------+------+-------+-------+------+-------+-------+------+-------+-------+------+-------+-------+


8. Device Cell Placement Summary for Global Clock g0
----------------------------------------------------

+-----------+-----------------+-------------------+--------+-------------+---------------+----------+-------------+----------+----------------+----------+-------------------+
| Global Id | Driver Type/Pin | Driver Region (D) | Clock  | Period (ns) | Waveform (ns) | Root (R) | Slice Loads | IO Loads | Clocking Loads | GT Loads | Net               |
+-----------+-----------------+-------------------+--------+-------------+---------------+----------+-------------+----------+----------------+----------+-------------------+
| g0        | BUFGCE/O        | X4Y0              | ap_clk |       4.000 | {0.000 2.000} | X4Y6     |       56815 |        0 |              0 |        0 | ooc_ap_clk_global |
+-----------+-----------------+-------------------+--------+-------------+---------------+----------+-------------+----------+----------------+----------+-------------------+
* Slice Loads column represents load cell count of all cell types other than IO, GT and clock resources
** IO Loads column represents load cell count of IO types
*** Clocking Loads column represents load cell count that are clock resources (global clock buffer, MMCM, PLL, etc)
**** GT Loads column represents load cell count of GT types


+-----+-----+------+-------+-------+----------+-------+-----+-----+-----------------------+
|     | X0  | X1   | X2    | X3    | X4       | X5    | X6  | X7  | HORIZONTAL PROG DELAY |
+-----+-----+------+-------+-------+----------+-------+-----+-----+-----------------------+
| Y11 |   0 |   27 |    36 |    28 |       42 |    31 |   6 |   0 |                     0 |
| Y10 |   0 |   44 |   156 |   196 |      105 |    31 |  29 |   8 |                     1 |
| Y9  |  24 |   42 |   170 |   155 |       76 |    71 |  29 |  24 |                     2 |
| Y8  |  24 |   40 |    90 |   301 |      111 |    66 |  23 |  24 |                     3 |
| Y7  |   0 |   32 |   225 |  1592 |     5162 |  2029 |  27 |   2 |                     4 |
| Y6  |   8 |   74 |  5819 |  3776 | (R) 6538 |  6006 |  29 |  20 |                     4 |
| Y5  |   8 |  294 |  4639 |  1789 |     2369 |  1415 |  24 |  12 |                     3 |
| Y4  |   8 |   77 |  1455 |  1834 |     6435 |  1117 |  26 |  14 |                     2 |
| Y3  |  16 |   49 |    53 |   123 |      122 |    43 |  32 |  16 |                     1 |
| Y2  |  24 |   41 |   147 |   487 |      225 |    67 |  28 |  16 |                     0 |
| Y1  |   8 |   36 |    46 |    59 |       56 |    35 |  30 |   8 |                     0 |
| Y0  |   0 |   24 |    36 |    28 |   (D) 38 |    30 |  28 |   0 |                     0 |
+-----+-----+------+-------+-------+----------+-------+-----+-----+-----------------------+


9. Device Cell Placement Summary for Global Clock g1
----------------------------------------------------

+-----------+-----------------+-------------------+-------+-------------+---------------+----------+-------------+----------+----------------+----------+----------------------------------------------------------------------------------------------------------------------------------------------------------------------------------------+
| Global Id | Driver Type/Pin | Driver Region (D) | Clock | Period (ns) | Waveform (ns) | Root (R) | Slice Loads | IO Loads | Clocking Loads | GT Loads | Net                                                                                                                                                                                    |
+-----------+-----------------+-------------------+-------+-------------+---------------+----------+-------------+----------+----------------+----------+----------------------------------------------------------------------------------------------------------------------------------------------------------------------------------------+
| g1        | BUFGCE/O        | X4Y6              |       |             |               | X4Y6     |        1888 |        0 |              0 |        0 | grp_gdn_bf16_top_impl_fu_1036/grp_gdn_bf16_top_impl_Outline_store_bf16_resident_rows_fu_3788/p_ZZN8gdn_bf1617gdn_bf16_top_implEhthhPA128_K7ap_uintILi16EES4_S4_PS2_S5_PA128_S3_410_ce0 |
+-----------+-----------------+-------------------+-------+-------------+---------------+----------+-------------+----------+----------------+----------+----------------------------------------------------------------------------------------------------------------------------------------------------------------------------------------+
* Slice Loads column represents load cell count of all cell types other than IO, GT and clock resources
** IO Loads column represents load cell count of IO types
*** Clocking Loads column represents load cell count that are clock resources (global clock buffer, MMCM, PLL, etc)
**** GT Loads column represents load cell count of GT types


+-----+----+----+------+------+------------+------+----+----+-----------------------+
|     | X0 | X1 | X2   | X3   | X4         | X5   | X6 | X7 | HORIZONTAL PROG DELAY |
+-----+----+----+------+------+------------+------+----+----+-----------------------+
| Y11 |  0 |  0 |    0 |    0 |          0 |    0 |  0 |  0 |                     - |
| Y10 |  0 |  0 |    0 |    0 |          0 |    0 |  0 |  0 |                     - |
| Y9  |  0 |  0 |    0 |    0 |          0 |    0 |  0 |  0 |                     - |
| Y8  |  0 |  0 |    0 |    0 |          0 |    0 |  0 |  0 |                     - |
| Y7  |  0 |  0 |    9 |    4 |          0 |    0 |  0 |  0 |                     0 |
| Y6  |  0 |  3 |  498 |  409 | (R) (D) 14 |    6 |  0 |  0 |                     0 |
| Y5  |  0 |  7 |  209 |  323 |        296 |  110 |  0 |  0 |                     0 |
| Y4  |  0 |  0 |    0 |    0 |          0 |    0 |  0 |  0 |                     - |
| Y3  |  0 |  0 |    0 |    0 |          0 |    0 |  0 |  0 |                     - |
| Y2  |  0 |  0 |    0 |    0 |          0 |    0 |  0 |  0 |                     - |
| Y1  |  0 |  0 |    0 |    0 |          0 |    0 |  0 |  0 |                     - |
| Y0  |  0 |  0 |    0 |    0 |          0 |    0 |  0 |  0 |                     - |
+-----+----+----+------+------+------------+------+----+----+-----------------------+


10. Device Cell Placement Summary for Global Clock g2
-----------------------------------------------------

+-----------+-----------------+-------------------+-------+-------------+---------------+----------+-------------+----------+----------------+----------+---------------------------------------------------------------------------------------------------------------------------+
| Global Id | Driver Type/Pin | Driver Region (D) | Clock | Period (ns) | Waveform (ns) | Root (R) | Slice Loads | IO Loads | Clocking Loads | GT Loads | Net                                                                                                                       |
+-----------+-----------------+-------------------+-------+-------------+---------------+----------+-------------+----------+----------------+----------+---------------------------------------------------------------------------------------------------------------------------+
| g2        | BUFGCE/O        | X4Y7              |       |             |               | X4Y7     |        1885 |        0 |              0 |        0 | grp_gdn_bf16_top_impl_fu_1036/grp_p_anonymous_namespace_phase4_update_state_tile_fu_2738/ap_enable_reg_pp0_iter4_reg_0[0] |
+-----------+-----------------+-------------------+-------+-------------+---------------+----------+-------------+----------+----------------+----------+---------------------------------------------------------------------------------------------------------------------------+
* Slice Loads column represents load cell count of all cell types other than IO, GT and clock resources
** IO Loads column represents load cell count of IO types
*** Clocking Loads column represents load cell count that are clock resources (global clock buffer, MMCM, PLL, etc)
**** GT Loads column represents load cell count of GT types


+-----+----+----+----+------+-------------+------+----+----+-----------------------+
|     | X0 | X1 | X2 | X3   | X4          | X5   | X6 | X7 | HORIZONTAL PROG DELAY |
+-----+----+----+----+------+-------------+------+----+----+-----------------------+
| Y11 |  0 |  0 |  0 |    0 |           0 |    0 |  0 |  0 |                     - |
| Y10 |  0 |  0 |  0 |    0 |           0 |    0 |  0 |  0 |                     - |
| Y9  |  0 |  0 |  0 |    0 |           0 |    0 |  0 |  0 |                     - |
| Y8  |  0 |  0 |  0 |    0 |           0 |    0 |  0 |  0 |                     - |
| Y7  |  0 |  0 |  6 |   80 | (R) (D) 217 |   15 |  0 |  0 |                     0 |
| Y6  |  0 |  0 |  0 |  203 |        1108 |  247 |  0 |  0 |                     0 |
| Y5  |  0 |  0 |  0 |    0 |           1 |    8 |  0 |  0 |                     0 |
| Y4  |  0 |  0 |  0 |    0 |           0 |    0 |  0 |  0 |                     - |
| Y3  |  0 |  0 |  0 |    0 |           0 |    0 |  0 |  0 |                     - |
| Y2  |  0 |  0 |  0 |    0 |           0 |    0 |  0 |  0 |                     - |
| Y1  |  0 |  0 |  0 |    0 |           0 |    0 |  0 |  0 |                     - |
| Y0  |  0 |  0 |  0 |    0 |           0 |    0 |  0 |  0 |                     - |
+-----+----+----+----+------+-------------+------+----+----+-----------------------+


11. Device Cell Placement Summary for Global Clock g3
-----------------------------------------------------

+-----------+-----------------+-------------------+-------+-------------+---------------+----------+-------------+----------+----------------+----------+---------------------------------------------------------------------------------------------------------------------------+
| Global Id | Driver Type/Pin | Driver Region (D) | Clock | Period (ns) | Waveform (ns) | Root (R) | Slice Loads | IO Loads | Clocking Loads | GT Loads | Net                                                                                                                       |
+-----------+-----------------+-------------------+-------+-------------+---------------+----------+-------------+----------+----------------+----------+---------------------------------------------------------------------------------------------------------------------------+
| g3        | BUFGCE/O        | X4Y7              |       |             |               | X4Y7     |        1797 |        0 |              0 |        0 | grp_gdn_bf16_top_impl_fu_1036/grp_p_anonymous_namespace_phase4_update_state_tile_fu_2738/ap_enable_reg_pp0_iter4_reg_1[0] |
+-----------+-----------------+-------------------+-------+-------------+---------------+----------+-------------+----------+----------------+----------+---------------------------------------------------------------------------------------------------------------------------+
* Slice Loads column represents load cell count of all cell types other than IO, GT and clock resources
** IO Loads column represents load cell count of IO types
*** Clocking Loads column represents load cell count that are clock resources (global clock buffer, MMCM, PLL, etc)
**** GT Loads column represents load cell count of GT types


+-----+----+----+----+------+-------------+------+----+----+-----------------------+
|     | X0 | X1 | X2 | X3   | X4          | X5   | X6 | X7 | HORIZONTAL PROG DELAY |
+-----+----+----+----+------+-------------+------+----+----+-----------------------+
| Y11 |  0 |  0 |  0 |    0 |           0 |    0 |  0 |  0 |                     - |
| Y10 |  0 |  0 |  0 |    0 |           0 |    0 |  0 |  0 |                     - |
| Y9  |  0 |  0 |  0 |    0 |           0 |    0 |  0 |  0 |                     - |
| Y8  |  0 |  0 |  0 |    0 |           0 |    0 |  0 |  0 |                     - |
| Y7  |  0 |  0 |  0 |  163 | (R) (D) 400 |  120 |  0 |  0 |                     0 |
| Y6  |  0 |  0 |  0 |   62 |         505 |  547 |  0 |  0 |                     0 |
| Y5  |  0 |  0 |  0 |    0 |           0 |    0 |  0 |  0 |                     - |
| Y4  |  0 |  0 |  0 |    0 |           0 |    0 |  0 |  0 |                     - |
| Y3  |  0 |  0 |  0 |    0 |           0 |    0 |  0 |  0 |                     - |
| Y2  |  0 |  0 |  0 |    0 |           0 |    0 |  0 |  0 |                     - |
| Y1  |  0 |  0 |  0 |    0 |           0 |    0 |  0 |  0 |                     - |
| Y0  |  0 |  0 |  0 |    0 |           0 |    0 |  0 |  0 |                     - |
+-----+----+----+----+------+-------------+------+----+----+-----------------------+


12. Device Cell Placement Summary for Global Clock g4
-----------------------------------------------------

+-----------+-----------------+-------------------+-------+-------------+---------------+----------+-------------+----------+----------------+----------+------------------------------------------------------------------------------------------------------------------------------------------------------------------------------------------------+
| Global Id | Driver Type/Pin | Driver Region (D) | Clock | Period (ns) | Waveform (ns) | Root (R) | Slice Loads | IO Loads | Clocking Loads | GT Loads | Net                                                                                                                                                                                            |
+-----------+-----------------+-------------------+-------+-------------+---------------+----------+-------------+----------+----------------+----------+------------------------------------------------------------------------------------------------------------------------------------------------------------------------------------------------+
| g4        | BUFGCE/O        | X4Y5              |       |             |               | X4Y5     |        1938 |        0 |              0 |        0 | grp_gdn_bf16_top_impl_fu_1036/grp_p_anonymous_namespace_phase5_output_tile_fu_3521/grp_p_anonymous_namespace_phase5_output_tile_Pipeline_phase5_bf16_output_terms_fu_446_ap_start_reg_reg_1[0] |
+-----------+-----------------+-------------------+-------+-------------+---------------+----------+-------------+----------+----------------+----------+------------------------------------------------------------------------------------------------------------------------------------------------------------------------------------------------+
* Slice Loads column represents load cell count of all cell types other than IO, GT and clock resources
** IO Loads column represents load cell count of IO types
*** Clocking Loads column represents load cell count that are clock resources (global clock buffer, MMCM, PLL, etc)
**** GT Loads column represents load cell count of GT types


+-----+----+----+------+------+-------------+------+----+----+-----------------------+
|     | X0 | X1 | X2   | X3   | X4          | X5   | X6 | X7 | HORIZONTAL PROG DELAY |
+-----+----+----+------+------+-------------+------+----+----+-----------------------+
| Y11 |  0 |  0 |    0 |    0 |           0 |    0 |  0 |  0 |                     - |
| Y10 |  0 |  0 |    0 |    0 |           0 |    0 |  0 |  0 |                     - |
| Y9  |  0 |  0 |    0 |    0 |           0 |    0 |  0 |  0 |                     - |
| Y8  |  0 |  0 |    0 |    0 |           0 |    0 |  0 |  0 |                     - |
| Y7  |  0 |  0 |    0 |    0 |           0 |    0 |  0 |  0 |                     - |
| Y6  |  0 |  0 |    1 |    0 |           0 |    0 |  0 |  0 |                     0 |
| Y5  |  0 |  2 |  265 |  222 | (R) (D) 315 |  315 |  0 |  0 |                     0 |
| Y4  |  0 |  0 |   59 |  299 |         311 |  149 |  0 |  0 |                     0 |
| Y3  |  0 |  0 |    0 |    0 |           0 |    0 |  0 |  0 |                     - |
| Y2  |  0 |  0 |    0 |    0 |           0 |    0 |  0 |  0 |                     - |
| Y1  |  0 |  0 |    0 |    0 |           0 |    0 |  0 |  0 |                     - |
| Y0  |  0 |  0 |    0 |    0 |           0 |    0 |  0 |  0 |                     - |
+-----+----+----+------+------+-------------+------+----+----+-----------------------+


13. Clock Region Cell Placement per Global Clock: Region X1Y0
-------------------------------------------------------------

+-----------+-------+-----------------+------------+-------------+-----------------+----+-------------+------+------+-----+----+------+-----+---------+-------------------+
| Global Id | Track | Driver Type/Pin | Constraint | Clock Loads | Non-Clock Loads | FF | Memory LUTs | RAMB | URAM | DSP | GT | MMCM | PLL | Hard IP | Net               |
+-----------+-------+-----------------+------------+-------------+-----------------+----+-------------+------+------+-----+----+------+-----+---------+-------------------+
| g0        | 0     | BUFGCE/O        | None       |          24 |               0 |  0 |          12 |   12 |   12 |   0 |  0 |    0 |   0 |       0 | ooc_ap_clk_global |
+-----------+-------+-----------------+------------+-------------+-----------------+----+-------------+------+------+-----+----+------+-----+---------+-------------------+
* Clock Loads column represents cell count of net connects that connect to a clock pin. Internal cell leaf pins are not considered
** Non-Clock Loads column represents cell count of non-clock pin loads
*** Columns FF, LUTRAM, RAMB through 'Hard IP' represents load cell counts


14. Clock Region Cell Placement per Global Clock: Region X2Y0
-------------------------------------------------------------

+-----------+-------+-----------------+------------+-------------+-----------------+----+-------------+------+------+-----+----+------+-----+---------+-------------------+
| Global Id | Track | Driver Type/Pin | Constraint | Clock Loads | Non-Clock Loads | FF | Memory LUTs | RAMB | URAM | DSP | GT | MMCM | PLL | Hard IP | Net               |
+-----------+-------+-----------------+------------+-------------+-----------------+----+-------------+------+------+-----+----+------+-----+---------+-------------------+
| g0        | 0     | BUFGCE/O        | None       |          36 |               0 |  0 |           0 |   36 |    0 |   0 |  0 |    0 |   0 |       0 | ooc_ap_clk_global |
+-----------+-------+-----------------+------------+-------------+-----------------+----+-------------+------+------+-----+----+------+-----+---------+-------------------+
* Clock Loads column represents cell count of net connects that connect to a clock pin. Internal cell leaf pins are not considered
** Non-Clock Loads column represents cell count of non-clock pin loads
*** Columns FF, LUTRAM, RAMB through 'Hard IP' represents load cell counts


15. Clock Region Cell Placement per Global Clock: Region X3Y0
-------------------------------------------------------------

+-----------+-------+-----------------+------------+-------------+-----------------+----+-------------+------+------+-----+----+------+-----+---------+-------------------+
| Global Id | Track | Driver Type/Pin | Constraint | Clock Loads | Non-Clock Loads | FF | Memory LUTs | RAMB | URAM | DSP | GT | MMCM | PLL | Hard IP | Net               |
+-----------+-------+-----------------+------------+-------------+-----------------+----+-------------+------+------+-----+----+------+-----+---------+-------------------+
| g0        | 0     | BUFGCE/O        | None       |          28 |               0 |  0 |          16 |   12 |   16 |   0 |  0 |    0 |   0 |       0 | ooc_ap_clk_global |
+-----------+-------+-----------------+------------+-------------+-----------------+----+-------------+------+------+-----+----+------+-----+---------+-------------------+
* Clock Loads column represents cell count of net connects that connect to a clock pin. Internal cell leaf pins are not considered
** Non-Clock Loads column represents cell count of non-clock pin loads
*** Columns FF, LUTRAM, RAMB through 'Hard IP' represents load cell counts


16. Clock Region Cell Placement per Global Clock: Region X4Y0
-------------------------------------------------------------

+-----------+-------+-----------------+------------+-------------+-----------------+----+-------------+------+------+-----+----+------+-----+---------+-------------------+
| Global Id | Track | Driver Type/Pin | Constraint | Clock Loads | Non-Clock Loads | FF | Memory LUTs | RAMB | URAM | DSP | GT | MMCM | PLL | Hard IP | Net               |
+-----------+-------+-----------------+------------+-------------+-----------------+----+-------------+------+------+-----+----+------+-----+---------+-------------------+
| g0        | 0     | BUFGCE/O        | None       |          38 |               0 |  0 |          16 |   22 |   16 |   0 |  0 |    0 |   0 |       0 | ooc_ap_clk_global |
+-----------+-------+-----------------+------------+-------------+-----------------+----+-------------+------+------+-----+----+------+-----+---------+-------------------+
* Clock Loads column represents cell count of net connects that connect to a clock pin. Internal cell leaf pins are not considered
** Non-Clock Loads column represents cell count of non-clock pin loads
*** Columns FF, LUTRAM, RAMB through 'Hard IP' represents load cell counts


17. Clock Region Cell Placement per Global Clock: Region X5Y0
-------------------------------------------------------------

+-----------+-------+-----------------+------------+-------------+-----------------+----+-------------+------+------+-----+----+------+-----+---------+-------------------+
| Global Id | Track | Driver Type/Pin | Constraint | Clock Loads | Non-Clock Loads | FF | Memory LUTs | RAMB | URAM | DSP | GT | MMCM | PLL | Hard IP | Net               |
+-----------+-------+-----------------+------------+-------------+-----------------+----+-------------+------+------+-----+----+------+-----+---------+-------------------+
| g0        | 0     | BUFGCE/O        | None       |          30 |               0 |  2 |          16 |   12 |   16 |   0 |  0 |    0 |   0 |       0 | ooc_ap_clk_global |
+-----------+-------+-----------------+------------+-------------+-----------------+----+-------------+------+------+-----+----+------+-----+---------+-------------------+
* Clock Loads column represents cell count of net connects that connect to a clock pin. Internal cell leaf pins are not considered
** Non-Clock Loads column represents cell count of non-clock pin loads
*** Columns FF, LUTRAM, RAMB through 'Hard IP' represents load cell counts


18. Clock Region Cell Placement per Global Clock: Region X6Y0
-------------------------------------------------------------

+-----------+-------+-----------------+------------+-------------+-----------------+----+-------------+------+------+-----+----+------+-----+---------+-------------------+
| Global Id | Track | Driver Type/Pin | Constraint | Clock Loads | Non-Clock Loads | FF | Memory LUTs | RAMB | URAM | DSP | GT | MMCM | PLL | Hard IP | Net               |
+-----------+-------+-----------------+------------+-------------+-----------------+----+-------------+------+------+-----+----+------+-----+---------+-------------------+
| g0        | 0     | BUFGCE/O        | None       |          28 |               0 |  0 |          16 |   12 |   16 |   0 |  0 |    0 |   0 |       0 | ooc_ap_clk_global |
+-----------+-------+-----------------+------------+-------------+-----------------+----+-------------+------+------+-----+----+------+-----+---------+-------------------+
* Clock Loads column represents cell count of net connects that connect to a clock pin. Internal cell leaf pins are not considered
** Non-Clock Loads column represents cell count of non-clock pin loads
*** Columns FF, LUTRAM, RAMB through 'Hard IP' represents load cell counts


19. Clock Region Cell Placement per Global Clock: Region X0Y1
-------------------------------------------------------------

+-----------+-------+-----------------+------------+-------------+-----------------+----+-------------+------+------+-----+----+------+-----+---------+-------------------+
| Global Id | Track | Driver Type/Pin | Constraint | Clock Loads | Non-Clock Loads | FF | Memory LUTs | RAMB | URAM | DSP | GT | MMCM | PLL | Hard IP | Net               |
+-----------+-------+-----------------+------------+-------------+-----------------+----+-------------+------+------+-----+----+------+-----+---------+-------------------+
| g0        | 0     | BUFGCE/O        | None       |           8 |               0 |  0 |           0 |    8 |    0 |   0 |  0 |    0 |   0 |       0 | ooc_ap_clk_global |
+-----------+-------+-----------------+------------+-------------+-----------------+----+-------------+------+------+-----+----+------+-----+---------+-------------------+
* Clock Loads column represents cell count of net connects that connect to a clock pin. Internal cell leaf pins are not considered
** Non-Clock Loads column represents cell count of non-clock pin loads
*** Columns FF, LUTRAM, RAMB through 'Hard IP' represents load cell counts


20. Clock Region Cell Placement per Global Clock: Region X1Y1
-------------------------------------------------------------

+-----------+-------+-----------------+------------+-------------+-----------------+----+-------------+------+------+-----+----+------+-----+---------+-------------------+
| Global Id | Track | Driver Type/Pin | Constraint | Clock Loads | Non-Clock Loads | FF | Memory LUTs | RAMB | URAM | DSP | GT | MMCM | PLL | Hard IP | Net               |
+-----------+-------+-----------------+------------+-------------+-----------------+----+-------------+------+------+-----+----+------+-----+---------+-------------------+
| g0        | 0     | BUFGCE/O        | None       |          36 |               0 |  0 |          16 |   20 |   16 |   0 |  0 |    0 |   0 |       0 | ooc_ap_clk_global |
+-----------+-------+-----------------+------------+-------------+-----------------+----+-------------+------+------+-----+----+------+-----+---------+-------------------+
* Clock Loads column represents cell count of net connects that connect to a clock pin. Internal cell leaf pins are not considered
** Non-Clock Loads column represents cell count of non-clock pin loads
*** Columns FF, LUTRAM, RAMB through 'Hard IP' represents load cell counts


21. Clock Region Cell Placement per Global Clock: Region X2Y1
-------------------------------------------------------------

+-----------+-------+-----------------+------------+-------------+-----------------+----+-------------+------+------+-----+----+------+-----+---------+-------------------+
| Global Id | Track | Driver Type/Pin | Constraint | Clock Loads | Non-Clock Loads | FF | Memory LUTs | RAMB | URAM | DSP | GT | MMCM | PLL | Hard IP | Net               |
+-----------+-------+-----------------+------------+-------------+-----------------+----+-------------+------+------+-----+----+------+-----+---------+-------------------+
| g0        | 0     | BUFGCE/O        | None       |          46 |               0 | 10 |           0 |   36 |    0 |   0 |  0 |    0 |   0 |       0 | ooc_ap_clk_global |
+-----------+-------+-----------------+------------+-------------+-----------------+----+-------------+------+------+-----+----+------+-----+---------+-------------------+
* Clock Loads column represents cell count of net connects that connect to a clock pin. Internal cell leaf pins are not considered
** Non-Clock Loads column represents cell count of non-clock pin loads
*** Columns FF, LUTRAM, RAMB through 'Hard IP' represents load cell counts


22. Clock Region Cell Placement per Global Clock: Region X3Y1
-------------------------------------------------------------

+-----------+-------+-----------------+------------+-------------+-----------------+----+-------------+------+------+-----+----+------+-----+---------+-------------------+
| Global Id | Track | Driver Type/Pin | Constraint | Clock Loads | Non-Clock Loads | FF | Memory LUTs | RAMB | URAM | DSP | GT | MMCM | PLL | Hard IP | Net               |
+-----------+-------+-----------------+------------+-------------+-----------------+----+-------------+------+------+-----+----+------+-----+---------+-------------------+
| g0        | 0     | BUFGCE/O        | None       |          59 |               0 | 31 |          16 |   12 |   16 |   0 |  0 |    0 |   0 |       0 | ooc_ap_clk_global |
+-----------+-------+-----------------+------------+-------------+-----------------+----+-------------+------+------+-----+----+------+-----+---------+-------------------+
* Clock Loads column represents cell count of net connects that connect to a clock pin. Internal cell leaf pins are not considered
** Non-Clock Loads column represents cell count of non-clock pin loads
*** Columns FF, LUTRAM, RAMB through 'Hard IP' represents load cell counts


23. Clock Region Cell Placement per Global Clock: Region X4Y1
-------------------------------------------------------------

+-----------+-------+-----------------+------------+-------------+-----------------+----+-------------+------+------+-----+----+------+-----+---------+-------------------+
| Global Id | Track | Driver Type/Pin | Constraint | Clock Loads | Non-Clock Loads | FF | Memory LUTs | RAMB | URAM | DSP | GT | MMCM | PLL | Hard IP | Net               |
+-----------+-------+-----------------+------------+-------------+-----------------+----+-------------+------+------+-----+----+------+-----+---------+-------------------+
| g0        | 0     | BUFGCE/O        | None       |          56 |               0 | 16 |          16 |   24 |   16 |   0 |  0 |    0 |   0 |       0 | ooc_ap_clk_global |
+-----------+-------+-----------------+------------+-------------+-----------------+----+-------------+------+------+-----+----+------+-----+---------+-------------------+
* Clock Loads column represents cell count of net connects that connect to a clock pin. Internal cell leaf pins are not considered
** Non-Clock Loads column represents cell count of non-clock pin loads
*** Columns FF, LUTRAM, RAMB through 'Hard IP' represents load cell counts


24. Clock Region Cell Placement per Global Clock: Region X5Y1
-------------------------------------------------------------

+-----------+-------+-----------------+------------+-------------+-----------------+----+-------------+------+------+-----+----+------+-----+---------+-------------------+
| Global Id | Track | Driver Type/Pin | Constraint | Clock Loads | Non-Clock Loads | FF | Memory LUTs | RAMB | URAM | DSP | GT | MMCM | PLL | Hard IP | Net               |
+-----------+-------+-----------------+------------+-------------+-----------------+----+-------------+------+------+-----+----+------+-----+---------+-------------------+
| g0        | 0     | BUFGCE/O        | None       |          35 |               0 |  7 |          16 |   12 |   16 |   0 |  0 |    0 |   0 |       0 | ooc_ap_clk_global |
+-----------+-------+-----------------+------------+-------------+-----------------+----+-------------+------+------+-----+----+------+-----+---------+-------------------+
* Clock Loads column represents cell count of net connects that connect to a clock pin. Internal cell leaf pins are not considered
** Non-Clock Loads column represents cell count of non-clock pin loads
*** Columns FF, LUTRAM, RAMB through 'Hard IP' represents load cell counts


25. Clock Region Cell Placement per Global Clock: Region X6Y1
-------------------------------------------------------------

+-----------+-------+-----------------+------------+-------------+-----------------+----+-------------+------+------+-----+----+------+-----+---------+-------------------+
| Global Id | Track | Driver Type/Pin | Constraint | Clock Loads | Non-Clock Loads | FF | Memory LUTs | RAMB | URAM | DSP | GT | MMCM | PLL | Hard IP | Net               |
+-----------+-------+-----------------+------------+-------------+-----------------+----+-------------+------+------+-----+----+------+-----+---------+-------------------+
| g0        | 0     | BUFGCE/O        | None       |          30 |               0 |  2 |          16 |   12 |   16 |   0 |  0 |    0 |   0 |       0 | ooc_ap_clk_global |
+-----------+-------+-----------------+------------+-------------+-----------------+----+-------------+------+------+-----+----+------+-----+---------+-------------------+
* Clock Loads column represents cell count of net connects that connect to a clock pin. Internal cell leaf pins are not considered
** Non-Clock Loads column represents cell count of non-clock pin loads
*** Columns FF, LUTRAM, RAMB through 'Hard IP' represents load cell counts


26. Clock Region Cell Placement per Global Clock: Region X7Y1
-------------------------------------------------------------

+-----------+-------+-----------------+------------+-------------+-----------------+----+-------------+------+------+-----+----+------+-----+---------+-------------------+
| Global Id | Track | Driver Type/Pin | Constraint | Clock Loads | Non-Clock Loads | FF | Memory LUTs | RAMB | URAM | DSP | GT | MMCM | PLL | Hard IP | Net               |
+-----------+-------+-----------------+------------+-------------+-----------------+----+-------------+------+------+-----+----+------+-----+---------+-------------------+
| g0        | 0     | BUFGCE/O        | None       |           8 |               0 |  0 |           0 |    8 |    0 |   0 |  0 |    0 |   0 |       0 | ooc_ap_clk_global |
+-----------+-------+-----------------+------------+-------------+-----------------+----+-------------+------+------+-----+----+------+-----+---------+-------------------+
* Clock Loads column represents cell count of net connects that connect to a clock pin. Internal cell leaf pins are not considered
** Non-Clock Loads column represents cell count of non-clock pin loads
*** Columns FF, LUTRAM, RAMB through 'Hard IP' represents load cell counts


27. Clock Region Cell Placement per Global Clock: Region X0Y2
-------------------------------------------------------------

+-----------+-------+-----------------+------------+-------------+-----------------+----+-------------+------+------+-----+----+------+-----+---------+-------------------+
| Global Id | Track | Driver Type/Pin | Constraint | Clock Loads | Non-Clock Loads | FF | Memory LUTs | RAMB | URAM | DSP | GT | MMCM | PLL | Hard IP | Net               |
+-----------+-------+-----------------+------------+-------------+-----------------+----+-------------+------+------+-----+----+------+-----+---------+-------------------+
| g0        | 0     | BUFGCE/O        | None       |          24 |               0 |  0 |           0 |   24 |    0 |   0 |  0 |    0 |   0 |       0 | ooc_ap_clk_global |
+-----------+-------+-----------------+------------+-------------+-----------------+----+-------------+------+------+-----+----+------+-----+---------+-------------------+
* Clock Loads column represents cell count of net connects that connect to a clock pin. Internal cell leaf pins are not considered
** Non-Clock Loads column represents cell count of non-clock pin loads
*** Columns FF, LUTRAM, RAMB through 'Hard IP' represents load cell counts


28. Clock Region Cell Placement per Global Clock: Region X1Y2
-------------------------------------------------------------

+-----------+-------+-----------------+------------+-------------+-----------------+----+-------------+------+------+-----+----+------+-----+---------+-------------------+
| Global Id | Track | Driver Type/Pin | Constraint | Clock Loads | Non-Clock Loads | FF | Memory LUTs | RAMB | URAM | DSP | GT | MMCM | PLL | Hard IP | Net               |
+-----------+-------+-----------------+------------+-------------+-----------------+----+-------------+------+------+-----+----+------+-----+---------+-------------------+
| g0        | 0     | BUFGCE/O        | None       |          41 |               0 |  1 |          16 |   24 |   16 |   0 |  0 |    0 |   0 |       0 | ooc_ap_clk_global |
+-----------+-------+-----------------+------------+-------------+-----------------+----+-------------+------+------+-----+----+------+-----+---------+-------------------+
* Clock Loads column represents cell count of net connects that connect to a clock pin. Internal cell leaf pins are not considered
** Non-Clock Loads column represents cell count of non-clock pin loads
*** Columns FF, LUTRAM, RAMB through 'Hard IP' represents load cell counts


29. Clock Region Cell Placement per Global Clock: Region X2Y2
-------------------------------------------------------------

+-----------+-------+-----------------+------------+-------------+-----------------+-----+-------------+------+------+-----+----+------+-----+---------+-------------------+
| Global Id | Track | Driver Type/Pin | Constraint | Clock Loads | Non-Clock Loads | FF  | Memory LUTs | RAMB | URAM | DSP | GT | MMCM | PLL | Hard IP | Net               |
+-----------+-------+-----------------+------------+-------------+-----------------+-----+-------------+------+------+-----+----+------+-----+---------+-------------------+
| g0        | 0     | BUFGCE/O        | None       |         147 |               0 | 111 |           0 |   36 |    0 |   0 |  0 |    0 |   0 |       0 | ooc_ap_clk_global |
+-----------+-------+-----------------+------------+-------------+-----------------+-----+-------------+------+------+-----+----+------+-----+---------+-------------------+
* Clock Loads column represents cell count of net connects that connect to a clock pin. Internal cell leaf pins are not considered
** Non-Clock Loads column represents cell count of non-clock pin loads
*** Columns FF, LUTRAM, RAMB through 'Hard IP' represents load cell counts


30. Clock Region Cell Placement per Global Clock: Region X3Y2
-------------------------------------------------------------

+-----------+-------+-----------------+------------+-------------+-----------------+-----+-------------+------+------+-----+----+------+-----+---------+-------------------+
| Global Id | Track | Driver Type/Pin | Constraint | Clock Loads | Non-Clock Loads | FF  | Memory LUTs | RAMB | URAM | DSP | GT | MMCM | PLL | Hard IP | Net               |
+-----------+-------+-----------------+------------+-------------+-----------------+-----+-------------+------+------+-----+----+------+-----+---------+-------------------+
| g0        | 0     | BUFGCE/O        | None       |         487 |               0 | 459 |          16 |   12 |   16 |   0 |  0 |    0 |   0 |       0 | ooc_ap_clk_global |
+-----------+-------+-----------------+------------+-------------+-----------------+-----+-------------+------+------+-----+----+------+-----+---------+-------------------+
* Clock Loads column represents cell count of net connects that connect to a clock pin. Internal cell leaf pins are not considered
** Non-Clock Loads column represents cell count of non-clock pin loads
*** Columns FF, LUTRAM, RAMB through 'Hard IP' represents load cell counts


31. Clock Region Cell Placement per Global Clock: Region X4Y2
-------------------------------------------------------------

+-----------+-------+-----------------+------------+-------------+-----------------+-----+-------------+------+------+-----+----+------+-----+---------+-------------------+
| Global Id | Track | Driver Type/Pin | Constraint | Clock Loads | Non-Clock Loads | FF  | Memory LUTs | RAMB | URAM | DSP | GT | MMCM | PLL | Hard IP | Net               |
+-----------+-------+-----------------+------------+-------------+-----------------+-----+-------------+------+------+-----+----+------+-----+---------+-------------------+
| g0        | 0     | BUFGCE/O        | None       |         225 |               0 | 185 |          16 |   24 |   16 |   0 |  0 |    0 |   0 |       0 | ooc_ap_clk_global |
+-----------+-------+-----------------+------------+-------------+-----------------+-----+-------------+------+------+-----+----+------+-----+---------+-------------------+
* Clock Loads column represents cell count of net connects that connect to a clock pin. Internal cell leaf pins are not considered
** Non-Clock Loads column represents cell count of non-clock pin loads
*** Columns FF, LUTRAM, RAMB through 'Hard IP' represents load cell counts


32. Clock Region Cell Placement per Global Clock: Region X5Y2
-------------------------------------------------------------

+-----------+-------+-----------------+------------+-------------+-----------------+----+-------------+------+------+-----+----+------+-----+---------+-------------------+
| Global Id | Track | Driver Type/Pin | Constraint | Clock Loads | Non-Clock Loads | FF | Memory LUTs | RAMB | URAM | DSP | GT | MMCM | PLL | Hard IP | Net               |
+-----------+-------+-----------------+------------+-------------+-----------------+----+-------------+------+------+-----+----+------+-----+---------+-------------------+
| g0        | 0     | BUFGCE/O        | None       |          67 |               0 | 39 |          16 |   12 |   16 |   0 |  0 |    0 |   0 |       0 | ooc_ap_clk_global |
+-----------+-------+-----------------+------------+-------------+-----------------+----+-------------+------+------+-----+----+------+-----+---------+-------------------+
* Clock Loads column represents cell count of net connects that connect to a clock pin. Internal cell leaf pins are not considered
** Non-Clock Loads column represents cell count of non-clock pin loads
*** Columns FF, LUTRAM, RAMB through 'Hard IP' represents load cell counts


33. Clock Region Cell Placement per Global Clock: Region X6Y2
-------------------------------------------------------------

+-----------+-------+-----------------+------------+-------------+-----------------+----+-------------+------+------+-----+----+------+-----+---------+-------------------+
| Global Id | Track | Driver Type/Pin | Constraint | Clock Loads | Non-Clock Loads | FF | Memory LUTs | RAMB | URAM | DSP | GT | MMCM | PLL | Hard IP | Net               |
+-----------+-------+-----------------+------------+-------------+-----------------+----+-------------+------+------+-----+----+------+-----+---------+-------------------+
| g0        | 0     | BUFGCE/O        | None       |          28 |               0 |  0 |          16 |   12 |   16 |   0 |  0 |    0 |   0 |       0 | ooc_ap_clk_global |
+-----------+-------+-----------------+------------+-------------+-----------------+----+-------------+------+------+-----+----+------+-----+---------+-------------------+
* Clock Loads column represents cell count of net connects that connect to a clock pin. Internal cell leaf pins are not considered
** Non-Clock Loads column represents cell count of non-clock pin loads
*** Columns FF, LUTRAM, RAMB through 'Hard IP' represents load cell counts


34. Clock Region Cell Placement per Global Clock: Region X7Y2
-------------------------------------------------------------

+-----------+-------+-----------------+------------+-------------+-----------------+----+-------------+------+------+-----+----+------+-----+---------+-------------------+
| Global Id | Track | Driver Type/Pin | Constraint | Clock Loads | Non-Clock Loads | FF | Memory LUTs | RAMB | URAM | DSP | GT | MMCM | PLL | Hard IP | Net               |
+-----------+-------+-----------------+------------+-------------+-----------------+----+-------------+------+------+-----+----+------+-----+---------+-------------------+
| g0        | 0     | BUFGCE/O        | None       |          16 |               0 |  0 |           0 |   16 |    0 |   0 |  0 |    0 |   0 |       0 | ooc_ap_clk_global |
+-----------+-------+-----------------+------------+-------------+-----------------+----+-------------+------+------+-----+----+------+-----+---------+-------------------+
* Clock Loads column represents cell count of net connects that connect to a clock pin. Internal cell leaf pins are not considered
** Non-Clock Loads column represents cell count of non-clock pin loads
*** Columns FF, LUTRAM, RAMB through 'Hard IP' represents load cell counts


35. Clock Region Cell Placement per Global Clock: Region X0Y3
-------------------------------------------------------------

+-----------+-------+-----------------+------------+-------------+-----------------+----+-------------+------+------+-----+----+------+-----+---------+-------------------+
| Global Id | Track | Driver Type/Pin | Constraint | Clock Loads | Non-Clock Loads | FF | Memory LUTs | RAMB | URAM | DSP | GT | MMCM | PLL | Hard IP | Net               |
+-----------+-------+-----------------+------------+-------------+-----------------+----+-------------+------+------+-----+----+------+-----+---------+-------------------+
| g0        | 0     | BUFGCE/O        | None       |          16 |               0 |  0 |           0 |   16 |    0 |   0 |  0 |    0 |   0 |       0 | ooc_ap_clk_global |
+-----------+-------+-----------------+------------+-------------+-----------------+----+-------------+------+------+-----+----+------+-----+---------+-------------------+
* Clock Loads column represents cell count of net connects that connect to a clock pin. Internal cell leaf pins are not considered
** Non-Clock Loads column represents cell count of non-clock pin loads
*** Columns FF, LUTRAM, RAMB through 'Hard IP' represents load cell counts


36. Clock Region Cell Placement per Global Clock: Region X1Y3
-------------------------------------------------------------

+-----------+-------+-----------------+------------+-------------+-----------------+----+-------------+------+------+-----+----+------+-----+---------+-------------------+
| Global Id | Track | Driver Type/Pin | Constraint | Clock Loads | Non-Clock Loads | FF | Memory LUTs | RAMB | URAM | DSP | GT | MMCM | PLL | Hard IP | Net               |
+-----------+-------+-----------------+------------+-------------+-----------------+----+-------------+------+------+-----+----+------+-----+---------+-------------------+
| g0        | 0     | BUFGCE/O        | None       |          49 |               0 |  9 |          16 |   24 |   16 |   0 |  0 |    0 |   0 |       0 | ooc_ap_clk_global |
+-----------+-------+-----------------+------------+-------------+-----------------+----+-------------+------+------+-----+----+------+-----+---------+-------------------+
* Clock Loads column represents cell count of net connects that connect to a clock pin. Internal cell leaf pins are not considered
** Non-Clock Loads column represents cell count of non-clock pin loads
*** Columns FF, LUTRAM, RAMB through 'Hard IP' represents load cell counts


37. Clock Region Cell Placement per Global Clock: Region X2Y3
-------------------------------------------------------------

+-----------+-------+-----------------+------------+-------------+-----------------+----+-------------+------+------+-----+----+------+-----+---------+-------------------+
| Global Id | Track | Driver Type/Pin | Constraint | Clock Loads | Non-Clock Loads | FF | Memory LUTs | RAMB | URAM | DSP | GT | MMCM | PLL | Hard IP | Net               |
+-----------+-------+-----------------+------------+-------------+-----------------+----+-------------+------+------+-----+----+------+-----+---------+-------------------+
| g0        | 0     | BUFGCE/O        | None       |          53 |               0 | 17 |           0 |   36 |    0 |   0 |  0 |    0 |   0 |       0 | ooc_ap_clk_global |
+-----------+-------+-----------------+------------+-------------+-----------------+----+-------------+------+------+-----+----+------+-----+---------+-------------------+
* Clock Loads column represents cell count of net connects that connect to a clock pin. Internal cell leaf pins are not considered
** Non-Clock Loads column represents cell count of non-clock pin loads
*** Columns FF, LUTRAM, RAMB through 'Hard IP' represents load cell counts


38. Clock Region Cell Placement per Global Clock: Region X3Y3
-------------------------------------------------------------

+-----------+-------+-----------------+------------+-------------+-----------------+----+-------------+------+------+-----+----+------+-----+---------+-------------------+
| Global Id | Track | Driver Type/Pin | Constraint | Clock Loads | Non-Clock Loads | FF | Memory LUTs | RAMB | URAM | DSP | GT | MMCM | PLL | Hard IP | Net               |
+-----------+-------+-----------------+------------+-------------+-----------------+----+-------------+------+------+-----+----+------+-----+---------+-------------------+
| g0        | 0     | BUFGCE/O        | None       |         123 |               0 | 95 |          16 |   12 |   16 |   0 |  0 |    0 |   0 |       0 | ooc_ap_clk_global |
+-----------+-------+-----------------+------------+-------------+-----------------+----+-------------+------+------+-----+----+------+-----+---------+-------------------+
* Clock Loads column represents cell count of net connects that connect to a clock pin. Internal cell leaf pins are not considered
** Non-Clock Loads column represents cell count of non-clock pin loads
*** Columns FF, LUTRAM, RAMB through 'Hard IP' represents load cell counts


39. Clock Region Cell Placement per Global Clock: Region X4Y3
-------------------------------------------------------------

+-----------+-------+-----------------+------------+-------------+-----------------+----+-------------+------+------+-----+----+------+-----+---------+-------------------+
| Global Id | Track | Driver Type/Pin | Constraint | Clock Loads | Non-Clock Loads | FF | Memory LUTs | RAMB | URAM | DSP | GT | MMCM | PLL | Hard IP | Net               |
+-----------+-------+-----------------+------------+-------------+-----------------+----+-------------+------+------+-----+----+------+-----+---------+-------------------+
| g0        | 0     | BUFGCE/O        | None       |         122 |               0 | 82 |          16 |   24 |   16 |   0 |  0 |    0 |   0 |       0 | ooc_ap_clk_global |
+-----------+-------+-----------------+------------+-------------+-----------------+----+-------------+------+------+-----+----+------+-----+---------+-------------------+
* Clock Loads column represents cell count of net connects that connect to a clock pin. Internal cell leaf pins are not considered
** Non-Clock Loads column represents cell count of non-clock pin loads
*** Columns FF, LUTRAM, RAMB through 'Hard IP' represents load cell counts


40. Clock Region Cell Placement per Global Clock: Region X5Y3
-------------------------------------------------------------

+-----------+-------+-----------------+------------+-------------+-----------------+----+-------------+------+------+-----+----+------+-----+---------+-------------------+
| Global Id | Track | Driver Type/Pin | Constraint | Clock Loads | Non-Clock Loads | FF | Memory LUTs | RAMB | URAM | DSP | GT | MMCM | PLL | Hard IP | Net               |
+-----------+-------+-----------------+------------+-------------+-----------------+----+-------------+------+------+-----+----+------+-----+---------+-------------------+
| g0        | 0     | BUFGCE/O        | None       |          43 |               0 | 15 |          16 |   12 |   16 |   0 |  0 |    0 |   0 |       0 | ooc_ap_clk_global |
+-----------+-------+-----------------+------------+-------------+-----------------+----+-------------+------+------+-----+----+------+-----+---------+-------------------+
* Clock Loads column represents cell count of net connects that connect to a clock pin. Internal cell leaf pins are not considered
** Non-Clock Loads column represents cell count of non-clock pin loads
*** Columns FF, LUTRAM, RAMB through 'Hard IP' represents load cell counts


41. Clock Region Cell Placement per Global Clock: Region X6Y3
-------------------------------------------------------------

+-----------+-------+-----------------+------------+-------------+-----------------+----+-------------+------+------+-----+----+------+-----+---------+-------------------+
| Global Id | Track | Driver Type/Pin | Constraint | Clock Loads | Non-Clock Loads | FF | Memory LUTs | RAMB | URAM | DSP | GT | MMCM | PLL | Hard IP | Net               |
+-----------+-------+-----------------+------------+-------------+-----------------+----+-------------+------+------+-----+----+------+-----+---------+-------------------+
| g0        | 0     | BUFGCE/O        | None       |          32 |               0 |  4 |          16 |   12 |   16 |   0 |  0 |    0 |   0 |       0 | ooc_ap_clk_global |
+-----------+-------+-----------------+------------+-------------+-----------------+----+-------------+------+------+-----+----+------+-----+---------+-------------------+
* Clock Loads column represents cell count of net connects that connect to a clock pin. Internal cell leaf pins are not considered
** Non-Clock Loads column represents cell count of non-clock pin loads
*** Columns FF, LUTRAM, RAMB through 'Hard IP' represents load cell counts


42. Clock Region Cell Placement per Global Clock: Region X7Y3
-------------------------------------------------------------

+-----------+-------+-----------------+------------+-------------+-----------------+----+-------------+------+------+-----+----+------+-----+---------+-------------------+
| Global Id | Track | Driver Type/Pin | Constraint | Clock Loads | Non-Clock Loads | FF | Memory LUTs | RAMB | URAM | DSP | GT | MMCM | PLL | Hard IP | Net               |
+-----------+-------+-----------------+------------+-------------+-----------------+----+-------------+------+------+-----+----+------+-----+---------+-------------------+
| g0        | 0     | BUFGCE/O        | None       |          16 |               0 |  0 |           0 |   16 |    0 |   0 |  0 |    0 |   0 |       0 | ooc_ap_clk_global |
+-----------+-------+-----------------+------------+-------------+-----------------+----+-------------+------+------+-----+----+------+-----+---------+-------------------+
* Clock Loads column represents cell count of net connects that connect to a clock pin. Internal cell leaf pins are not considered
** Non-Clock Loads column represents cell count of non-clock pin loads
*** Columns FF, LUTRAM, RAMB through 'Hard IP' represents load cell counts


43. Clock Region Cell Placement per Global Clock: Region X0Y4
-------------------------------------------------------------

+-----------+-------+-----------------+------------+-------------+-----------------+----+-------------+------+------+-----+----+------+-----+---------+-------------------+
| Global Id | Track | Driver Type/Pin | Constraint | Clock Loads | Non-Clock Loads | FF | Memory LUTs | RAMB | URAM | DSP | GT | MMCM | PLL | Hard IP | Net               |
+-----------+-------+-----------------+------------+-------------+-----------------+----+-------------+------+------+-----+----+------+-----+---------+-------------------+
| g0        | 0     | BUFGCE/O        | None       |           8 |               0 |  0 |           0 |    8 |    0 |   0 |  0 |    0 |   0 |       0 | ooc_ap_clk_global |
+-----------+-------+-----------------+------------+-------------+-----------------+----+-------------+------+------+-----+----+------+-----+---------+-------------------+
* Clock Loads column represents cell count of net connects that connect to a clock pin. Internal cell leaf pins are not considered
** Non-Clock Loads column represents cell count of non-clock pin loads
*** Columns FF, LUTRAM, RAMB through 'Hard IP' represents load cell counts


44. Clock Region Cell Placement per Global Clock: Region X1Y4
-------------------------------------------------------------

+-----------+-------+-----------------+------------+-------------+-----------------+----+-------------+------+------+-----+----+------+-----+---------+-------------------+
| Global Id | Track | Driver Type/Pin | Constraint | Clock Loads | Non-Clock Loads | FF | Memory LUTs | RAMB | URAM | DSP | GT | MMCM | PLL | Hard IP | Net               |
+-----------+-------+-----------------+------------+-------------+-----------------+----+-------------+------+------+-----+----+------+-----+---------+-------------------+
| g0        | 0     | BUFGCE/O        | None       |          77 |               0 | 24 |          37 |   16 |   16 |   0 |  0 |    0 |   0 |       0 | ooc_ap_clk_global |
+-----------+-------+-----------------+------------+-------------+-----------------+----+-------------+------+------+-----+----+------+-----+---------+-------------------+
* Clock Loads column represents cell count of net connects that connect to a clock pin. Internal cell leaf pins are not considered
** Non-Clock Loads column represents cell count of non-clock pin loads
*** Columns FF, LUTRAM, RAMB through 'Hard IP' represents load cell counts


45. Clock Region Cell Placement per Global Clock: Region X2Y4
-------------------------------------------------------------

+-----------+-------+-----------------+------------+-------------+-----------------+-----+-------------+------+------+-----+----+------+-----+---------+------------------------------------------------------------------------------------------------------------------------------------------------------------------------------------------------+
| Global Id | Track | Driver Type/Pin | Constraint | Clock Loads | Non-Clock Loads | FF  | Memory LUTs | RAMB | URAM | DSP | GT | MMCM | PLL | Hard IP | Net                                                                                                                                                                                            |
+-----------+-------+-----------------+------------+-------------+-----------------+-----+-------------+------+------+-----+----+------+-----+---------+------------------------------------------------------------------------------------------------------------------------------------------------------------------------------------------------+
| g0        | 0     | BUFGCE/O        | None       |        1455 |               0 | 729 |         695 |   31 |    0 |   0 |  0 |    0 |   0 |       0 | ooc_ap_clk_global                                                                                                                                                                              |
| g4        | 8     | BUFGCE/O        | None       |           0 |              59 |  59 |           0 |    0 |    0 |   0 |  0 |    0 |   0 |       0 | grp_gdn_bf16_top_impl_fu_1036/grp_p_anonymous_namespace_phase5_output_tile_fu_3521/grp_p_anonymous_namespace_phase5_output_tile_Pipeline_phase5_bf16_output_terms_fu_446_ap_start_reg_reg_1[0] |
+-----------+-------+-----------------+------------+-------------+-----------------+-----+-------------+------+------+-----+----+------+-----+---------+------------------------------------------------------------------------------------------------------------------------------------------------------------------------------------------------+
* Clock Loads column represents cell count of net connects that connect to a clock pin. Internal cell leaf pins are not considered
** Non-Clock Loads column represents cell count of non-clock pin loads
*** Columns FF, LUTRAM, RAMB through 'Hard IP' represents load cell counts


46. Clock Region Cell Placement per Global Clock: Region X3Y4
-------------------------------------------------------------

+-----------+-------+-----------------+------------+-------------+-----------------+------+-------------+------+------+-----+----+------+-----+---------+------------------------------------------------------------------------------------------------------------------------------------------------------------------------------------------------+
| Global Id | Track | Driver Type/Pin | Constraint | Clock Loads | Non-Clock Loads | FF   | Memory LUTs | RAMB | URAM | DSP | GT | MMCM | PLL | Hard IP | Net                                                                                                                                                                                            |
+-----------+-------+-----------------+------------+-------------+-----------------+------+-------------+------+------+-----+----+------+-----+---------+------------------------------------------------------------------------------------------------------------------------------------------------------------------------------------------------+
| g0        | 0     | BUFGCE/O        | None       |        1834 |               0 | 1219 |         605 |    9 |   16 |   1 |  0 |    0 |   0 |       0 | ooc_ap_clk_global                                                                                                                                                                              |
| g4        | 8     | BUFGCE/O        | None       |           0 |             299 |  299 |           0 |    0 |    0 |   0 |  0 |    0 |   0 |       0 | grp_gdn_bf16_top_impl_fu_1036/grp_p_anonymous_namespace_phase5_output_tile_fu_3521/grp_p_anonymous_namespace_phase5_output_tile_Pipeline_phase5_bf16_output_terms_fu_446_ap_start_reg_reg_1[0] |
+-----------+-------+-----------------+------------+-------------+-----------------+------+-------------+------+------+-----+----+------+-----+---------+------------------------------------------------------------------------------------------------------------------------------------------------------------------------------------------------+
* Clock Loads column represents cell count of net connects that connect to a clock pin. Internal cell leaf pins are not considered
** Non-Clock Loads column represents cell count of non-clock pin loads
*** Columns FF, LUTRAM, RAMB through 'Hard IP' represents load cell counts


47. Clock Region Cell Placement per Global Clock: Region X4Y4
-------------------------------------------------------------

+-----------+-------+-----------------+------------+-------------+-----------------+------+-------------+------+------+-----+----+------+-----+---------+------------------------------------------------------------------------------------------------------------------------------------------------------------------------------------------------+
| Global Id | Track | Driver Type/Pin | Constraint | Clock Loads | Non-Clock Loads | FF   | Memory LUTs | RAMB | URAM | DSP | GT | MMCM | PLL | Hard IP | Net                                                                                                                                                                                            |
+-----------+-------+-----------------+------------+-------------+-----------------+------+-------------+------+------+-----+----+------+-----+---------+------------------------------------------------------------------------------------------------------------------------------------------------------------------------------------------------+
| g0        | 0     | BUFGCE/O        | None       |        6435 |               0 | 4351 |        2061 |   23 |   16 |   0 |  0 |    0 |   0 |       0 | ooc_ap_clk_global                                                                                                                                                                              |
| g4        | 8     | BUFGCE/O        | None       |           0 |             311 |  311 |           0 |    0 |    0 |   0 |  0 |    0 |   0 |       0 | grp_gdn_bf16_top_impl_fu_1036/grp_p_anonymous_namespace_phase5_output_tile_fu_3521/grp_p_anonymous_namespace_phase5_output_tile_Pipeline_phase5_bf16_output_terms_fu_446_ap_start_reg_reg_1[0] |
+-----------+-------+-----------------+------------+-------------+-----------------+------+-------------+------+------+-----+----+------+-----+---------+------------------------------------------------------------------------------------------------------------------------------------------------------------------------------------------------+
* Clock Loads column represents cell count of net connects that connect to a clock pin. Internal cell leaf pins are not considered
** Non-Clock Loads column represents cell count of non-clock pin loads
*** Columns FF, LUTRAM, RAMB through 'Hard IP' represents load cell counts


48. Clock Region Cell Placement per Global Clock: Region X5Y4
-------------------------------------------------------------

+-----------+-------+-----------------+------------+-------------+-----------------+-----+-------------+------+------+-----+----+------+-----+---------+------------------------------------------------------------------------------------------------------------------------------------------------------------------------------------------------+
| Global Id | Track | Driver Type/Pin | Constraint | Clock Loads | Non-Clock Loads | FF  | Memory LUTs | RAMB | URAM | DSP | GT | MMCM | PLL | Hard IP | Net                                                                                                                                                                                            |
+-----------+-------+-----------------+------------+-------------+-----------------+-----+-------------+------+------+-----+----+------+-----+---------+------------------------------------------------------------------------------------------------------------------------------------------------------------------------------------------------+
| g0        | 0     | BUFGCE/O        | None       |        1117 |               0 | 834 |         275 |    8 |   16 |   0 |  0 |    0 |   0 |       0 | ooc_ap_clk_global                                                                                                                                                                              |
| g4        | 8     | BUFGCE/O        | None       |           0 |             149 | 149 |           0 |    0 |    0 |   0 |  0 |    0 |   0 |       0 | grp_gdn_bf16_top_impl_fu_1036/grp_p_anonymous_namespace_phase5_output_tile_fu_3521/grp_p_anonymous_namespace_phase5_output_tile_Pipeline_phase5_bf16_output_terms_fu_446_ap_start_reg_reg_1[0] |
+-----------+-------+-----------------+------------+-------------+-----------------+-----+-------------+------+------+-----+----+------+-----+---------+------------------------------------------------------------------------------------------------------------------------------------------------------------------------------------------------+
* Clock Loads column represents cell count of net connects that connect to a clock pin. Internal cell leaf pins are not considered
** Non-Clock Loads column represents cell count of non-clock pin loads
*** Columns FF, LUTRAM, RAMB through 'Hard IP' represents load cell counts


49. Clock Region Cell Placement per Global Clock: Region X6Y4
-------------------------------------------------------------

+-----------+-------+-----------------+------------+-------------+-----------------+----+-------------+------+------+-----+----+------+-----+---------+-------------------+
| Global Id | Track | Driver Type/Pin | Constraint | Clock Loads | Non-Clock Loads | FF | Memory LUTs | RAMB | URAM | DSP | GT | MMCM | PLL | Hard IP | Net               |
+-----------+-------+-----------------+------------+-------------+-----------------+----+-------------+------+------+-----+----+------+-----+---------+-------------------+
| g0        | 0     | BUFGCE/O        | None       |          26 |               0 |  2 |          16 |    8 |   16 |   0 |  0 |    0 |   0 |       0 | ooc_ap_clk_global |
+-----------+-------+-----------------+------------+-------------+-----------------+----+-------------+------+------+-----+----+------+-----+---------+-------------------+
* Clock Loads column represents cell count of net connects that connect to a clock pin. Internal cell leaf pins are not considered
** Non-Clock Loads column represents cell count of non-clock pin loads
*** Columns FF, LUTRAM, RAMB through 'Hard IP' represents load cell counts


50. Clock Region Cell Placement per Global Clock: Region X7Y4
-------------------------------------------------------------

+-----------+-------+-----------------+------------+-------------+-----------------+----+-------------+------+------+-----+----+------+-----+---------+-------------------+
| Global Id | Track | Driver Type/Pin | Constraint | Clock Loads | Non-Clock Loads | FF | Memory LUTs | RAMB | URAM | DSP | GT | MMCM | PLL | Hard IP | Net               |
+-----------+-------+-----------------+------------+-------------+-----------------+----+-------------+------+------+-----+----+------+-----+---------+-------------------+
| g0        | 0     | BUFGCE/O        | None       |          14 |               0 |  0 |           0 |   14 |    0 |   0 |  0 |    0 |   0 |       0 | ooc_ap_clk_global |
+-----------+-------+-----------------+------------+-------------+-----------------+----+-------------+------+------+-----+----+------+-----+---------+-------------------+
* Clock Loads column represents cell count of net connects that connect to a clock pin. Internal cell leaf pins are not considered
** Non-Clock Loads column represents cell count of non-clock pin loads
*** Columns FF, LUTRAM, RAMB through 'Hard IP' represents load cell counts


51. Clock Region Cell Placement per Global Clock: Region X0Y5
-------------------------------------------------------------

+-----------+-------+-----------------+------------+-------------+-----------------+----+-------------+------+------+-----+----+------+-----+---------+-------------------+
| Global Id | Track | Driver Type/Pin | Constraint | Clock Loads | Non-Clock Loads | FF | Memory LUTs | RAMB | URAM | DSP | GT | MMCM | PLL | Hard IP | Net               |
+-----------+-------+-----------------+------------+-------------+-----------------+----+-------------+------+------+-----+----+------+-----+---------+-------------------+
| g0        | 0     | BUFGCE/O        | None       |           8 |               0 |  0 |           0 |    8 |    0 |   0 |  0 |    0 |   0 |       0 | ooc_ap_clk_global |
+-----------+-------+-----------------+------------+-------------+-----------------+----+-------------+------+------+-----+----+------+-----+---------+-------------------+
* Clock Loads column represents cell count of net connects that connect to a clock pin. Internal cell leaf pins are not considered
** Non-Clock Loads column represents cell count of non-clock pin loads
*** Columns FF, LUTRAM, RAMB through 'Hard IP' represents load cell counts


52. Clock Region Cell Placement per Global Clock: Region X1Y5
-------------------------------------------------------------

+-----------+-------+-----------------+------------+-------------+-----------------+-----+-------------+------+------+-----+----+------+-----+---------+------------------------------------------------------------------------------------------------------------------------------------------------------------------------------------------------+
| Global Id | Track | Driver Type/Pin | Constraint | Clock Loads | Non-Clock Loads | FF  | Memory LUTs | RAMB | URAM | DSP | GT | MMCM | PLL | Hard IP | Net                                                                                                                                                                                            |
+-----------+-------+-----------------+------------+-------------+-----------------+-----+-------------+------+------+-----+----+------+-----+---------+------------------------------------------------------------------------------------------------------------------------------------------------------------------------------------------------+
| g0        | 0     | BUFGCE/O        | None       |         294 |               0 | 130 |         140 |   24 |   16 |   0 |  0 |    0 |   0 |       0 | ooc_ap_clk_global                                                                                                                                                                              |
| g1        | 14    | BUFGCE/O        | None       |           0 |               7 |   7 |           0 |    0 |    0 |   0 |  0 |    0 |   0 |       0 | grp_gdn_bf16_top_impl_fu_1036/grp_gdn_bf16_top_impl_Outline_store_bf16_resident_rows_fu_3788/p_ZZN8gdn_bf1617gdn_bf16_top_implEhthhPA128_K7ap_uintILi16EES4_S4_PS2_S5_PA128_S3_410_ce0         |
| g4        | 8     | BUFGCE/O        | None       |           0 |               2 |   2 |           0 |    0 |    0 |   0 |  0 |    0 |   0 |       0 | grp_gdn_bf16_top_impl_fu_1036/grp_p_anonymous_namespace_phase5_output_tile_fu_3521/grp_p_anonymous_namespace_phase5_output_tile_Pipeline_phase5_bf16_output_terms_fu_446_ap_start_reg_reg_1[0] |
+-----------+-------+-----------------+------------+-------------+-----------------+-----+-------------+------+------+-----+----+------+-----+---------+------------------------------------------------------------------------------------------------------------------------------------------------------------------------------------------------+
* Clock Loads column represents cell count of net connects that connect to a clock pin. Internal cell leaf pins are not considered
** Non-Clock Loads column represents cell count of non-clock pin loads
*** Columns FF, LUTRAM, RAMB through 'Hard IP' represents load cell counts


53. Clock Region Cell Placement per Global Clock: Region X2Y5
-------------------------------------------------------------

+-----------+-------+-----------------+------------+-------------+-----------------+------+-------------+------+------+-----+----+------+-----+---------+------------------------------------------------------------------------------------------------------------------------------------------------------------------------------------------------+
| Global Id | Track | Driver Type/Pin | Constraint | Clock Loads | Non-Clock Loads | FF   | Memory LUTs | RAMB | URAM | DSP | GT | MMCM | PLL | Hard IP | Net                                                                                                                                                                                            |
+-----------+-------+-----------------+------------+-------------+-----------------+------+-------------+------+------+-----+----+------+-----+---------+------------------------------------------------------------------------------------------------------------------------------------------------------------------------------------------------+
| g0        | 0     | BUFGCE/O        | None       |        4639 |               0 | 3335 |        1268 |   36 |    0 |   0 |  0 |    0 |   0 |       0 | ooc_ap_clk_global                                                                                                                                                                              |
| g1        | 14    | BUFGCE/O        | None       |           0 |             209 |  209 |           0 |    0 |    0 |   0 |  0 |    0 |   0 |       0 | grp_gdn_bf16_top_impl_fu_1036/grp_gdn_bf16_top_impl_Outline_store_bf16_resident_rows_fu_3788/p_ZZN8gdn_bf1617gdn_bf16_top_implEhthhPA128_K7ap_uintILi16EES4_S4_PS2_S5_PA128_S3_410_ce0         |
| g4        | 8     | BUFGCE/O        | None       |           0 |             265 |  265 |           0 |    0 |    0 |   0 |  0 |    0 |   0 |       0 | grp_gdn_bf16_top_impl_fu_1036/grp_p_anonymous_namespace_phase5_output_tile_fu_3521/grp_p_anonymous_namespace_phase5_output_tile_Pipeline_phase5_bf16_output_terms_fu_446_ap_start_reg_reg_1[0] |
+-----------+-------+-----------------+------------+-------------+-----------------+------+-------------+------+------+-----+----+------+-----+---------+------------------------------------------------------------------------------------------------------------------------------------------------------------------------------------------------+
* Clock Loads column represents cell count of net connects that connect to a clock pin. Internal cell leaf pins are not considered
** Non-Clock Loads column represents cell count of non-clock pin loads
*** Columns FF, LUTRAM, RAMB through 'Hard IP' represents load cell counts


54. Clock Region Cell Placement per Global Clock: Region X3Y5
-------------------------------------------------------------

+-----------+-------+-----------------+------------+-------------+-----------------+------+-------------+------+------+-----+----+------+-----+---------+------------------------------------------------------------------------------------------------------------------------------------------------------------------------------------------------+
| Global Id | Track | Driver Type/Pin | Constraint | Clock Loads | Non-Clock Loads | FF   | Memory LUTs | RAMB | URAM | DSP | GT | MMCM | PLL | Hard IP | Net                                                                                                                                                                                            |
+-----------+-------+-----------------+------------+-------------+-----------------+------+-------------+------+------+-----+----+------+-----+---------+------------------------------------------------------------------------------------------------------------------------------------------------------------------------------------------------+
| g0        | 0     | BUFGCE/O        | None       |        1789 |               0 | 1039 |         736 |   12 |   16 |   2 |  0 |    0 |   0 |       0 | ooc_ap_clk_global                                                                                                                                                                              |
| g1        | 14    | BUFGCE/O        | None       |           0 |             323 |  323 |           0 |    0 |    0 |   0 |  0 |    0 |   0 |       0 | grp_gdn_bf16_top_impl_fu_1036/grp_gdn_bf16_top_impl_Outline_store_bf16_resident_rows_fu_3788/p_ZZN8gdn_bf1617gdn_bf16_top_implEhthhPA128_K7ap_uintILi16EES4_S4_PS2_S5_PA128_S3_410_ce0         |
| g4        | 8     | BUFGCE/O        | None       |           0 |             222 |  222 |           0 |    0 |    0 |   0 |  0 |    0 |   0 |       0 | grp_gdn_bf16_top_impl_fu_1036/grp_p_anonymous_namespace_phase5_output_tile_fu_3521/grp_p_anonymous_namespace_phase5_output_tile_Pipeline_phase5_bf16_output_terms_fu_446_ap_start_reg_reg_1[0] |
+-----------+-------+-----------------+------------+-------------+-----------------+------+-------------+------+------+-----+----+------+-----+---------+------------------------------------------------------------------------------------------------------------------------------------------------------------------------------------------------+
* Clock Loads column represents cell count of net connects that connect to a clock pin. Internal cell leaf pins are not considered
** Non-Clock Loads column represents cell count of non-clock pin loads
*** Columns FF, LUTRAM, RAMB through 'Hard IP' represents load cell counts


55. Clock Region Cell Placement per Global Clock: Region X4Y5
-------------------------------------------------------------

+-----------+-------+-----------------+------------+-------------+-----------------+------+-------------+------+------+-----+----+------+-----+---------+------------------------------------------------------------------------------------------------------------------------------------------------------------------------------------------------+
| Global Id | Track | Driver Type/Pin | Constraint | Clock Loads | Non-Clock Loads | FF   | Memory LUTs | RAMB | URAM | DSP | GT | MMCM | PLL | Hard IP | Net                                                                                                                                                                                            |
+-----------+-------+-----------------+------------+-------------+-----------------+------+-------------+------+------+-----+----+------+-----+---------+------------------------------------------------------------------------------------------------------------------------------------------------------------------------------------------------+
| g0        | 0     | BUFGCE/O        | None       |        2369 |               0 | 1492 |         853 |   24 |   16 |   0 |  0 |    0 |   0 |       0 | ooc_ap_clk_global                                                                                                                                                                              |
| g1        | 14    | BUFGCE/O        | None       |           0 |             296 |  296 |           0 |    0 |    0 |   0 |  0 |    0 |   0 |       0 | grp_gdn_bf16_top_impl_fu_1036/grp_gdn_bf16_top_impl_Outline_store_bf16_resident_rows_fu_3788/p_ZZN8gdn_bf1617gdn_bf16_top_implEhthhPA128_K7ap_uintILi16EES4_S4_PS2_S5_PA128_S3_410_ce0         |
| g2        | 20    | BUFGCE/O        | None       |           0 |               1 |    1 |           0 |    0 |    0 |   0 |  0 |    0 |   0 |       0 | grp_gdn_bf16_top_impl_fu_1036/grp_p_anonymous_namespace_phase4_update_state_tile_fu_2738/ap_enable_reg_pp0_iter4_reg_0[0]                                                                      |
| g4        | 8     | BUFGCE/O        | None       |           0 |             315 |  315 |           0 |    0 |    0 |   0 |  0 |    0 |   0 |       0 | grp_gdn_bf16_top_impl_fu_1036/grp_p_anonymous_namespace_phase5_output_tile_fu_3521/grp_p_anonymous_namespace_phase5_output_tile_Pipeline_phase5_bf16_output_terms_fu_446_ap_start_reg_reg_1[0] |
+-----------+-------+-----------------+------------+-------------+-----------------+------+-------------+------+------+-----+----+------+-----+---------+------------------------------------------------------------------------------------------------------------------------------------------------------------------------------------------------+
* Clock Loads column represents cell count of net connects that connect to a clock pin. Internal cell leaf pins are not considered
** Non-Clock Loads column represents cell count of non-clock pin loads
*** Columns FF, LUTRAM, RAMB through 'Hard IP' represents load cell counts


56. Clock Region Cell Placement per Global Clock: Region X5Y5
-------------------------------------------------------------

+-----------+-------+-----------------+------------+-------------+-----------------+-----+-------------+------+------+-----+----+------+-----+---------+------------------------------------------------------------------------------------------------------------------------------------------------------------------------------------------------+
| Global Id | Track | Driver Type/Pin | Constraint | Clock Loads | Non-Clock Loads | FF  | Memory LUTs | RAMB | URAM | DSP | GT | MMCM | PLL | Hard IP | Net                                                                                                                                                                                            |
+-----------+-------+-----------------+------------+-------------+-----------------+-----+-------------+------+------+-----+----+------+-----+---------+------------------------------------------------------------------------------------------------------------------------------------------------------------------------------------------------+
| g0        | 0     | BUFGCE/O        | None       |        1415 |               0 | 707 |         697 |   11 |   16 |   0 |  0 |    0 |   0 |       0 | ooc_ap_clk_global                                                                                                                                                                              |
| g1        | 14    | BUFGCE/O        | None       |           0 |             110 | 110 |           0 |    0 |    0 |   0 |  0 |    0 |   0 |       0 | grp_gdn_bf16_top_impl_fu_1036/grp_gdn_bf16_top_impl_Outline_store_bf16_resident_rows_fu_3788/p_ZZN8gdn_bf1617gdn_bf16_top_implEhthhPA128_K7ap_uintILi16EES4_S4_PS2_S5_PA128_S3_410_ce0         |
| g2        | 20    | BUFGCE/O        | None       |           0 |               8 |   8 |           0 |    0 |    0 |   0 |  0 |    0 |   0 |       0 | grp_gdn_bf16_top_impl_fu_1036/grp_p_anonymous_namespace_phase4_update_state_tile_fu_2738/ap_enable_reg_pp0_iter4_reg_0[0]                                                                      |
| g4        | 8     | BUFGCE/O        | None       |           0 |             315 | 315 |           0 |    0 |    0 |   0 |  0 |    0 |   0 |       0 | grp_gdn_bf16_top_impl_fu_1036/grp_p_anonymous_namespace_phase5_output_tile_fu_3521/grp_p_anonymous_namespace_phase5_output_tile_Pipeline_phase5_bf16_output_terms_fu_446_ap_start_reg_reg_1[0] |
+-----------+-------+-----------------+------------+-------------+-----------------+-----+-------------+------+------+-----+----+------+-----+---------+------------------------------------------------------------------------------------------------------------------------------------------------------------------------------------------------+
* Clock Loads column represents cell count of net connects that connect to a clock pin. Internal cell leaf pins are not considered
** Non-Clock Loads column represents cell count of non-clock pin loads
*** Columns FF, LUTRAM, RAMB through 'Hard IP' represents load cell counts


57. Clock Region Cell Placement per Global Clock: Region X6Y5
-------------------------------------------------------------

+-----------+-------+-----------------+------------+-------------+-----------------+----+-------------+------+------+-----+----+------+-----+---------+-------------------+
| Global Id | Track | Driver Type/Pin | Constraint | Clock Loads | Non-Clock Loads | FF | Memory LUTs | RAMB | URAM | DSP | GT | MMCM | PLL | Hard IP | Net               |
+-----------+-------+-----------------+------------+-------------+-----------------+----+-------------+------+------+-----+----+------+-----+---------+-------------------+
| g0        | 0     | BUFGCE/O        | None       |          24 |               0 |  2 |          12 |   10 |   12 |   0 |  0 |    0 |   0 |       0 | ooc_ap_clk_global |
+-----------+-------+-----------------+------------+-------------+-----------------+----+-------------+------+------+-----+----+------+-----+---------+-------------------+
* Clock Loads column represents cell count of net connects that connect to a clock pin. Internal cell leaf pins are not considered
** Non-Clock Loads column represents cell count of non-clock pin loads
*** Columns FF, LUTRAM, RAMB through 'Hard IP' represents load cell counts


58. Clock Region Cell Placement per Global Clock: Region X7Y5
-------------------------------------------------------------

+-----------+-------+-----------------+------------+-------------+-----------------+----+-------------+------+------+-----+----+------+-----+---------+-------------------+
| Global Id | Track | Driver Type/Pin | Constraint | Clock Loads | Non-Clock Loads | FF | Memory LUTs | RAMB | URAM | DSP | GT | MMCM | PLL | Hard IP | Net               |
+-----------+-------+-----------------+------------+-------------+-----------------+----+-------------+------+------+-----+----+------+-----+---------+-------------------+
| g0        | 0     | BUFGCE/O        | None       |          12 |               0 |  0 |           0 |   12 |    0 |   0 |  0 |    0 |   0 |       0 | ooc_ap_clk_global |
+-----------+-------+-----------------+------------+-------------+-----------------+----+-------------+------+------+-----+----+------+-----+---------+-------------------+
* Clock Loads column represents cell count of net connects that connect to a clock pin. Internal cell leaf pins are not considered
** Non-Clock Loads column represents cell count of non-clock pin loads
*** Columns FF, LUTRAM, RAMB through 'Hard IP' represents load cell counts


59. Clock Region Cell Placement per Global Clock: Region X0Y6
-------------------------------------------------------------

+-----------+-------+-----------------+------------+-------------+-----------------+----+-------------+------+------+-----+----+------+-----+---------+-------------------+
| Global Id | Track | Driver Type/Pin | Constraint | Clock Loads | Non-Clock Loads | FF | Memory LUTs | RAMB | URAM | DSP | GT | MMCM | PLL | Hard IP | Net               |
+-----------+-------+-----------------+------------+-------------+-----------------+----+-------------+------+------+-----+----+------+-----+---------+-------------------+
| g0        | 0     | BUFGCE/O        | None       |           8 |               0 |  0 |           0 |    8 |    0 |   0 |  0 |    0 |   0 |       0 | ooc_ap_clk_global |
+-----------+-------+-----------------+------------+-------------+-----------------+----+-------------+------+------+-----+----+------+-----+---------+-------------------+
* Clock Loads column represents cell count of net connects that connect to a clock pin. Internal cell leaf pins are not considered
** Non-Clock Loads column represents cell count of non-clock pin loads
*** Columns FF, LUTRAM, RAMB through 'Hard IP' represents load cell counts


60. Clock Region Cell Placement per Global Clock: Region X1Y6
-------------------------------------------------------------

+-----------+-------+-----------------+------------+-------------+-----------------+----+-------------+------+------+-----+----+------+-----+---------+----------------------------------------------------------------------------------------------------------------------------------------------------------------------------------------+
| Global Id | Track | Driver Type/Pin | Constraint | Clock Loads | Non-Clock Loads | FF | Memory LUTs | RAMB | URAM | DSP | GT | MMCM | PLL | Hard IP | Net                                                                                                                                                                                    |
+-----------+-------+-----------------+------------+-------------+-----------------+----+-------------+------+------+-----+----+------+-----+---------+----------------------------------------------------------------------------------------------------------------------------------------------------------------------------------------+
| g0        | 0     | BUFGCE/O        | None       |          74 |               0 | 19 |          31 |   24 |   16 |   0 |  0 |    0 |   0 |       0 | ooc_ap_clk_global                                                                                                                                                                      |
| g1        | 14    | BUFGCE/O        | None       |           0 |               3 |  3 |           0 |    0 |    0 |   0 |  0 |    0 |   0 |       0 | grp_gdn_bf16_top_impl_fu_1036/grp_gdn_bf16_top_impl_Outline_store_bf16_resident_rows_fu_3788/p_ZZN8gdn_bf1617gdn_bf16_top_implEhthhPA128_K7ap_uintILi16EES4_S4_PS2_S5_PA128_S3_410_ce0 |
+-----------+-------+-----------------+------------+-------------+-----------------+----+-------------+------+------+-----+----+------+-----+---------+----------------------------------------------------------------------------------------------------------------------------------------------------------------------------------------+
* Clock Loads column represents cell count of net connects that connect to a clock pin. Internal cell leaf pins are not considered
** Non-Clock Loads column represents cell count of non-clock pin loads
*** Columns FF, LUTRAM, RAMB through 'Hard IP' represents load cell counts


61. Clock Region Cell Placement per Global Clock: Region X2Y6
-------------------------------------------------------------

+-----------+-------+-----------------+------------+-------------+-----------------+------+-------------+------+------+-----+----+------+-----+---------+------------------------------------------------------------------------------------------------------------------------------------------------------------------------------------------------+
| Global Id | Track | Driver Type/Pin | Constraint | Clock Loads | Non-Clock Loads | FF   | Memory LUTs | RAMB | URAM | DSP | GT | MMCM | PLL | Hard IP | Net                                                                                                                                                                                            |
+-----------+-------+-----------------+------------+-------------+-----------------+------+-------------+------+------+-----+----+------+-----+---------+------------------------------------------------------------------------------------------------------------------------------------------------------------------------------------------------+
| g0        | 0     | BUFGCE/O        | None       |        5819 |               0 | 3674 |        2106 |   36 |    0 |   3 |  0 |    0 |   0 |       0 | ooc_ap_clk_global                                                                                                                                                                              |
| g1        | 14    | BUFGCE/O        | None       |           0 |             498 |  498 |           0 |    0 |    0 |   0 |  0 |    0 |   0 |       0 | grp_gdn_bf16_top_impl_fu_1036/grp_gdn_bf16_top_impl_Outline_store_bf16_resident_rows_fu_3788/p_ZZN8gdn_bf1617gdn_bf16_top_implEhthhPA128_K7ap_uintILi16EES4_S4_PS2_S5_PA128_S3_410_ce0         |
| g4        | 8     | BUFGCE/O        | None       |           0 |               1 |    1 |           0 |    0 |    0 |   0 |  0 |    0 |   0 |       0 | grp_gdn_bf16_top_impl_fu_1036/grp_p_anonymous_namespace_phase5_output_tile_fu_3521/grp_p_anonymous_namespace_phase5_output_tile_Pipeline_phase5_bf16_output_terms_fu_446_ap_start_reg_reg_1[0] |
+-----------+-------+-----------------+------------+-------------+-----------------+------+-------------+------+------+-----+----+------+-----+---------+------------------------------------------------------------------------------------------------------------------------------------------------------------------------------------------------+
* Clock Loads column represents cell count of net connects that connect to a clock pin. Internal cell leaf pins are not considered
** Non-Clock Loads column represents cell count of non-clock pin loads
*** Columns FF, LUTRAM, RAMB through 'Hard IP' represents load cell counts


62. Clock Region Cell Placement per Global Clock: Region X3Y6
-------------------------------------------------------------

+-----------+-------+-----------------+------------+-------------+-----------------+------+-------------+------+------+-----+----+------+-----+---------+------------------------------------------------------------------------------------------------------------------------------------------------------------------------------------------------+
| Global Id | Track | Driver Type/Pin | Constraint | Clock Loads | Non-Clock Loads | FF   | Memory LUTs | RAMB | URAM | DSP | GT | MMCM | PLL | Hard IP | Net                                                                                                                                                                                            |
+-----------+-------+-----------------+------------+-------------+-----------------+------+-------------+------+------+-----+----+------+-----+---------+------------------------------------------------------------------------------------------------------------------------------------------------------------------------------------------------+
| g0        | 0     | BUFGCE/O        | None       |        3776 |               0 | 2548 |        1207 |   12 |   16 |   9 |  0 |    0 |   0 |       0 | ooc_ap_clk_global                                                                                                                                                                              |
| g1        | 14    | BUFGCE/O        | None       |           0 |             409 |  409 |           0 |    0 |    0 |   0 |  0 |    0 |   0 |       0 | grp_gdn_bf16_top_impl_fu_1036/grp_gdn_bf16_top_impl_Outline_store_bf16_resident_rows_fu_3788/p_ZZN8gdn_bf1617gdn_bf16_top_implEhthhPA128_K7ap_uintILi16EES4_S4_PS2_S5_PA128_S3_410_ce0         |
| g2        | 20    | BUFGCE/O        | None       |           0 |             203 |  203 |           0 |    0 |    0 |   0 |  0 |    0 |   0 |       0 | grp_gdn_bf16_top_impl_fu_1036/grp_p_anonymous_namespace_phase4_update_state_tile_fu_2738/ap_enable_reg_pp0_iter4_reg_0[0]                                                                      |
| g3        | 2     | BUFGCE/O        | None       |           0 |              62 |   62 |           0 |    0 |    0 |   0 |  0 |    0 |   0 |       0 | grp_gdn_bf16_top_impl_fu_1036/grp_p_anonymous_namespace_phase4_update_state_tile_fu_2738/ap_enable_reg_pp0_iter4_reg_1[0]                                                                      |
| g4+       | 8     | BUFGCE/O        | None       |           0 |               0 |    0 |           0 |    0 |    0 |   0 |  0 |    0 |   0 |       0 | grp_gdn_bf16_top_impl_fu_1036/grp_p_anonymous_namespace_phase5_output_tile_fu_3521/grp_p_anonymous_namespace_phase5_output_tile_Pipeline_phase5_bf16_output_terms_fu_446_ap_start_reg_reg_1[0] |
+-----------+-------+-----------------+------------+-------------+-----------------+------+-------------+------+------+-----+----+------+-----+---------+------------------------------------------------------------------------------------------------------------------------------------------------------------------------------------------------+
* Clock Loads column represents cell count of net connects that connect to a clock pin. Internal cell leaf pins are not considered
** Non-Clock Loads column represents cell count of non-clock pin loads
*** Columns FF, LUTRAM, RAMB through 'Hard IP' represents load cell counts
**** In Global Id column, sympbol '+' indicates that global clock was used only to route through the clock region.


63. Clock Region Cell Placement per Global Clock: Region X4Y6
-------------------------------------------------------------

+-----------+-------+-----------------+------------+-------------+-----------------+------+-------------+------+------+-----+----+------+-----+---------+------------------------------------------------------------------------------------------------------------------------------------------------------------------------------------------------+
| Global Id | Track | Driver Type/Pin | Constraint | Clock Loads | Non-Clock Loads | FF   | Memory LUTs | RAMB | URAM | DSP | GT | MMCM | PLL | Hard IP | Net                                                                                                                                                                                            |
+-----------+-------+-----------------+------------+-------------+-----------------+------+-------------+------+------+-----+----+------+-----+---------+------------------------------------------------------------------------------------------------------------------------------------------------------------------------------------------------+
| g0        | 0     | BUFGCE/O        | None       |        6538 |               0 | 4643 |        1871 |   24 |   16 |   0 |  0 |    0 |   0 |       0 | ooc_ap_clk_global                                                                                                                                                                              |
| g1        | 14    | BUFGCE/O        | None       |           0 |              14 |   14 |           0 |    0 |    0 |   0 |  0 |    0 |   0 |       0 | grp_gdn_bf16_top_impl_fu_1036/grp_gdn_bf16_top_impl_Outline_store_bf16_resident_rows_fu_3788/p_ZZN8gdn_bf1617gdn_bf16_top_implEhthhPA128_K7ap_uintILi16EES4_S4_PS2_S5_PA128_S3_410_ce0         |
| g2        | 20    | BUFGCE/O        | None       |           0 |            1108 | 1108 |           0 |    0 |    0 |   0 |  0 |    0 |   0 |       0 | grp_gdn_bf16_top_impl_fu_1036/grp_p_anonymous_namespace_phase4_update_state_tile_fu_2738/ap_enable_reg_pp0_iter4_reg_0[0]                                                                      |
| g3        | 2     | BUFGCE/O        | None       |           0 |             505 |  505 |           0 |    0 |    0 |   0 |  0 |    0 |   0 |       0 | grp_gdn_bf16_top_impl_fu_1036/grp_p_anonymous_namespace_phase4_update_state_tile_fu_2738/ap_enable_reg_pp0_iter4_reg_1[0]                                                                      |
| g4+       | 8     | BUFGCE/O        | None       |           0 |               0 |    0 |           0 |    0 |    0 |   0 |  0 |    0 |   0 |       0 | grp_gdn_bf16_top_impl_fu_1036/grp_p_anonymous_namespace_phase5_output_tile_fu_3521/grp_p_anonymous_namespace_phase5_output_tile_Pipeline_phase5_bf16_output_terms_fu_446_ap_start_reg_reg_1[0] |
+-----------+-------+-----------------+------------+-------------+-----------------+------+-------------+------+------+-----+----+------+-----+---------+------------------------------------------------------------------------------------------------------------------------------------------------------------------------------------------------+
* Clock Loads column represents cell count of net connects that connect to a clock pin. Internal cell leaf pins are not considered
** Non-Clock Loads column represents cell count of non-clock pin loads
*** Columns FF, LUTRAM, RAMB through 'Hard IP' represents load cell counts
**** In Global Id column, sympbol '+' indicates that global clock was used only to route through the clock region.


64. Clock Region Cell Placement per Global Clock: Region X5Y6
-------------------------------------------------------------

+-----------+-------+-----------------+------------+-------------+-----------------+------+-------------+------+------+-----+----+------+-----+---------+----------------------------------------------------------------------------------------------------------------------------------------------------------------------------------------+
| Global Id | Track | Driver Type/Pin | Constraint | Clock Loads | Non-Clock Loads | FF   | Memory LUTs | RAMB | URAM | DSP | GT | MMCM | PLL | Hard IP | Net                                                                                                                                                                                    |
+-----------+-------+-----------------+------------+-------------+-----------------+------+-------------+------+------+-----+----+------+-----+---------+----------------------------------------------------------------------------------------------------------------------------------------------------------------------------------------+
| g0        | 0     | BUFGCE/O        | None       |        6006 |               0 | 4676 |        1318 |   12 |   16 |   0 |  0 |    0 |   0 |       0 | ooc_ap_clk_global                                                                                                                                                                      |
| g1        | 14    | BUFGCE/O        | None       |           0 |               6 |    6 |           0 |    0 |    0 |   0 |  0 |    0 |   0 |       0 | grp_gdn_bf16_top_impl_fu_1036/grp_gdn_bf16_top_impl_Outline_store_bf16_resident_rows_fu_3788/p_ZZN8gdn_bf1617gdn_bf16_top_implEhthhPA128_K7ap_uintILi16EES4_S4_PS2_S5_PA128_S3_410_ce0 |
| g2        | 20    | BUFGCE/O        | None       |           0 |             247 |  247 |           0 |    0 |    0 |   0 |  0 |    0 |   0 |       0 | grp_gdn_bf16_top_impl_fu_1036/grp_p_anonymous_namespace_phase4_update_state_tile_fu_2738/ap_enable_reg_pp0_iter4_reg_0[0]                                                              |
| g3        | 2     | BUFGCE/O        | None       |           0 |             547 |  547 |           0 |    0 |    0 |   0 |  0 |    0 |   0 |       0 | grp_gdn_bf16_top_impl_fu_1036/grp_p_anonymous_namespace_phase4_update_state_tile_fu_2738/ap_enable_reg_pp0_iter4_reg_1[0]                                                              |
+-----------+-------+-----------------+------------+-------------+-----------------+------+-------------+------+------+-----+----+------+-----+---------+----------------------------------------------------------------------------------------------------------------------------------------------------------------------------------------+
* Clock Loads column represents cell count of net connects that connect to a clock pin. Internal cell leaf pins are not considered
** Non-Clock Loads column represents cell count of non-clock pin loads
*** Columns FF, LUTRAM, RAMB through 'Hard IP' represents load cell counts


65. Clock Region Cell Placement per Global Clock: Region X6Y6
-------------------------------------------------------------

+-----------+-------+-----------------+------------+-------------+-----------------+----+-------------+------+------+-----+----+------+-----+---------+-------------------+
| Global Id | Track | Driver Type/Pin | Constraint | Clock Loads | Non-Clock Loads | FF | Memory LUTs | RAMB | URAM | DSP | GT | MMCM | PLL | Hard IP | Net               |
+-----------+-------+-----------------+------------+-------------+-----------------+----+-------------+------+------+-----+----+------+-----+---------+-------------------+
| g0        | 0     | BUFGCE/O        | None       |          29 |               0 |  7 |          16 |    6 |   16 |   0 |  0 |    0 |   0 |       0 | ooc_ap_clk_global |
+-----------+-------+-----------------+------------+-------------+-----------------+----+-------------+------+------+-----+----+------+-----+---------+-------------------+
* Clock Loads column represents cell count of net connects that connect to a clock pin. Internal cell leaf pins are not considered
** Non-Clock Loads column represents cell count of non-clock pin loads
*** Columns FF, LUTRAM, RAMB through 'Hard IP' represents load cell counts


66. Clock Region Cell Placement per Global Clock: Region X7Y6
-------------------------------------------------------------

+-----------+-------+-----------------+------------+-------------+-----------------+----+-------------+------+------+-----+----+------+-----+---------+-------------------+
| Global Id | Track | Driver Type/Pin | Constraint | Clock Loads | Non-Clock Loads | FF | Memory LUTs | RAMB | URAM | DSP | GT | MMCM | PLL | Hard IP | Net               |
+-----------+-------+-----------------+------------+-------------+-----------------+----+-------------+------+------+-----+----+------+-----+---------+-------------------+
| g0        | 0     | BUFGCE/O        | None       |          20 |               0 |  0 |           0 |   20 |    0 |   0 |  0 |    0 |   0 |       0 | ooc_ap_clk_global |
+-----------+-------+-----------------+------------+-------------+-----------------+----+-------------+------+------+-----+----+------+-----+---------+-------------------+
* Clock Loads column represents cell count of net connects that connect to a clock pin. Internal cell leaf pins are not considered
** Non-Clock Loads column represents cell count of non-clock pin loads
*** Columns FF, LUTRAM, RAMB through 'Hard IP' represents load cell counts


67. Clock Region Cell Placement per Global Clock: Region X1Y7
-------------------------------------------------------------

+-----------+-------+-----------------+------------+-------------+-----------------+----+-------------+------+------+-----+----+------+-----+---------+-------------------+
| Global Id | Track | Driver Type/Pin | Constraint | Clock Loads | Non-Clock Loads | FF | Memory LUTs | RAMB | URAM | DSP | GT | MMCM | PLL | Hard IP | Net               |
+-----------+-------+-----------------+------------+-------------+-----------------+----+-------------+------+------+-----+----+------+-----+---------+-------------------+
| g0        | 0     | BUFGCE/O        | None       |          32 |               0 |  0 |          16 |   16 |   16 |   0 |  0 |    0 |   0 |       0 | ooc_ap_clk_global |
+-----------+-------+-----------------+------------+-------------+-----------------+----+-------------+------+------+-----+----+------+-----+---------+-------------------+
* Clock Loads column represents cell count of net connects that connect to a clock pin. Internal cell leaf pins are not considered
** Non-Clock Loads column represents cell count of non-clock pin loads
*** Columns FF, LUTRAM, RAMB through 'Hard IP' represents load cell counts


68. Clock Region Cell Placement per Global Clock: Region X2Y7
-------------------------------------------------------------

+-----------+-------+-----------------+------------+-------------+-----------------+-----+-------------+------+------+-----+----+------+-----+---------+----------------------------------------------------------------------------------------------------------------------------------------------------------------------------------------+
| Global Id | Track | Driver Type/Pin | Constraint | Clock Loads | Non-Clock Loads | FF  | Memory LUTs | RAMB | URAM | DSP | GT | MMCM | PLL | Hard IP | Net                                                                                                                                                                                    |
+-----------+-------+-----------------+------------+-------------+-----------------+-----+-------------+------+------+-----+----+------+-----+---------+----------------------------------------------------------------------------------------------------------------------------------------------------------------------------------------+
| g0        | 0     | BUFGCE/O        | None       |         225 |               0 | 108 |          90 |   27 |    0 |   0 |  0 |    0 |   0 |       0 | ooc_ap_clk_global                                                                                                                                                                      |
| g1        | 14    | BUFGCE/O        | None       |           0 |               9 |   9 |           0 |    0 |    0 |   0 |  0 |    0 |   0 |       0 | grp_gdn_bf16_top_impl_fu_1036/grp_gdn_bf16_top_impl_Outline_store_bf16_resident_rows_fu_3788/p_ZZN8gdn_bf1617gdn_bf16_top_implEhthhPA128_K7ap_uintILi16EES4_S4_PS2_S5_PA128_S3_410_ce0 |
| g2        | 20    | BUFGCE/O        | None       |           0 |               6 |   6 |           0 |    0 |    0 |   0 |  0 |    0 |   0 |       0 | grp_gdn_bf16_top_impl_fu_1036/grp_p_anonymous_namespace_phase4_update_state_tile_fu_2738/ap_enable_reg_pp0_iter4_reg_0[0]                                                              |
+-----------+-------+-----------------+------------+-------------+-----------------+-----+-------------+------+------+-----+----+------+-----+---------+----------------------------------------------------------------------------------------------------------------------------------------------------------------------------------------+
* Clock Loads column represents cell count of net connects that connect to a clock pin. Internal cell leaf pins are not considered
** Non-Clock Loads column represents cell count of non-clock pin loads
*** Columns FF, LUTRAM, RAMB through 'Hard IP' represents load cell counts


69. Clock Region Cell Placement per Global Clock: Region X3Y7
-------------------------------------------------------------

+-----------+-------+-----------------+------------+-------------+-----------------+------+-------------+------+------+-----+----+------+-----+---------+----------------------------------------------------------------------------------------------------------------------------------------------------------------------------------------+
| Global Id | Track | Driver Type/Pin | Constraint | Clock Loads | Non-Clock Loads | FF   | Memory LUTs | RAMB | URAM | DSP | GT | MMCM | PLL | Hard IP | Net                                                                                                                                                                                    |
+-----------+-------+-----------------+------------+-------------+-----------------+------+-------------+------+------+-----+----+------+-----+---------+----------------------------------------------------------------------------------------------------------------------------------------------------------------------------------------+
| g0        | 0     | BUFGCE/O        | None       |        1592 |               0 | 1149 |         430 |   13 |   16 |   0 |  0 |    0 |   0 |       0 | ooc_ap_clk_global                                                                                                                                                                      |
| g1        | 14    | BUFGCE/O        | None       |           0 |               4 |    4 |           0 |    0 |    0 |   0 |  0 |    0 |   0 |       0 | grp_gdn_bf16_top_impl_fu_1036/grp_gdn_bf16_top_impl_Outline_store_bf16_resident_rows_fu_3788/p_ZZN8gdn_bf1617gdn_bf16_top_implEhthhPA128_K7ap_uintILi16EES4_S4_PS2_S5_PA128_S3_410_ce0 |
| g2        | 20    | BUFGCE/O        | None       |           0 |              80 |   80 |           0 |    0 |    0 |   0 |  0 |    0 |   0 |       0 | grp_gdn_bf16_top_impl_fu_1036/grp_p_anonymous_namespace_phase4_update_state_tile_fu_2738/ap_enable_reg_pp0_iter4_reg_0[0]                                                              |
| g3        | 2     | BUFGCE/O        | None       |           0 |             163 |  163 |           0 |    0 |    0 |   0 |  0 |    0 |   0 |       0 | grp_gdn_bf16_top_impl_fu_1036/grp_p_anonymous_namespace_phase4_update_state_tile_fu_2738/ap_enable_reg_pp0_iter4_reg_1[0]                                                              |
+-----------+-------+-----------------+------------+-------------+-----------------+------+-------------+------+------+-----+----+------+-----+---------+----------------------------------------------------------------------------------------------------------------------------------------------------------------------------------------+
* Clock Loads column represents cell count of net connects that connect to a clock pin. Internal cell leaf pins are not considered
** Non-Clock Loads column represents cell count of non-clock pin loads
*** Columns FF, LUTRAM, RAMB through 'Hard IP' represents load cell counts


70. Clock Region Cell Placement per Global Clock: Region X4Y7
-------------------------------------------------------------

+-----------+-------+-----------------+------------+-------------+-----------------+------+-------------+------+------+-----+----+------+-----+---------+----------------------------------------------------------------------------------------------------------------------------------------------------------------------------------------+
| Global Id | Track | Driver Type/Pin | Constraint | Clock Loads | Non-Clock Loads | FF   | Memory LUTs | RAMB | URAM | DSP | GT | MMCM | PLL | Hard IP | Net                                                                                                                                                                                    |
+-----------+-------+-----------------+------------+-------------+-----------------+------+-------------+------+------+-----+----+------+-----+---------+----------------------------------------------------------------------------------------------------------------------------------------------------------------------------------------+
| g0        | 0     | BUFGCE/O        | None       |        5162 |               0 | 4190 |         948 |   24 |   16 |   0 |  0 |    0 |   0 |       0 | ooc_ap_clk_global                                                                                                                                                                      |
| g1+       | 14    | BUFGCE/O        | None       |           0 |               0 |    0 |           0 |    0 |    0 |   0 |  0 |    0 |   0 |       0 | grp_gdn_bf16_top_impl_fu_1036/grp_gdn_bf16_top_impl_Outline_store_bf16_resident_rows_fu_3788/p_ZZN8gdn_bf1617gdn_bf16_top_implEhthhPA128_K7ap_uintILi16EES4_S4_PS2_S5_PA128_S3_410_ce0 |
| g2        | 20    | BUFGCE/O        | None       |           0 |             217 |  217 |           0 |    0 |    0 |   0 |  0 |    0 |   0 |       0 | grp_gdn_bf16_top_impl_fu_1036/grp_p_anonymous_namespace_phase4_update_state_tile_fu_2738/ap_enable_reg_pp0_iter4_reg_0[0]                                                              |
| g3        | 2     | BUFGCE/O        | None       |           0 |             400 |  400 |           0 |    0 |    0 |   0 |  0 |    0 |   0 |       0 | grp_gdn_bf16_top_impl_fu_1036/grp_p_anonymous_namespace_phase4_update_state_tile_fu_2738/ap_enable_reg_pp0_iter4_reg_1[0]                                                              |
+-----------+-------+-----------------+------------+-------------+-----------------+------+-------------+------+------+-----+----+------+-----+---------+----------------------------------------------------------------------------------------------------------------------------------------------------------------------------------------+
* Clock Loads column represents cell count of net connects that connect to a clock pin. Internal cell leaf pins are not considered
** Non-Clock Loads column represents cell count of non-clock pin loads
*** Columns FF, LUTRAM, RAMB through 'Hard IP' represents load cell counts
**** In Global Id column, sympbol '+' indicates that global clock was used only to route through the clock region.


71. Clock Region Cell Placement per Global Clock: Region X5Y7
-------------------------------------------------------------

+-----------+-------+-----------------+------------+-------------+-----------------+------+-------------+------+------+-----+----+------+-----+---------+---------------------------------------------------------------------------------------------------------------------------+
| Global Id | Track | Driver Type/Pin | Constraint | Clock Loads | Non-Clock Loads | FF   | Memory LUTs | RAMB | URAM | DSP | GT | MMCM | PLL | Hard IP | Net                                                                                                                       |
+-----------+-------+-----------------+------------+-------------+-----------------+------+-------------+------+------+-----+----+------+-----+---------+---------------------------------------------------------------------------------------------------------------------------+
| g0        | 0     | BUFGCE/O        | None       |        2029 |               0 | 1757 |         263 |    9 |   16 |   0 |  0 |    0 |   0 |       0 | ooc_ap_clk_global                                                                                                         |
| g2        | 20    | BUFGCE/O        | None       |           0 |              15 |   15 |           0 |    0 |    0 |   0 |  0 |    0 |   0 |       0 | grp_gdn_bf16_top_impl_fu_1036/grp_p_anonymous_namespace_phase4_update_state_tile_fu_2738/ap_enable_reg_pp0_iter4_reg_0[0] |
| g3        | 2     | BUFGCE/O        | None       |           0 |             120 |  120 |           0 |    0 |    0 |   0 |  0 |    0 |   0 |       0 | grp_gdn_bf16_top_impl_fu_1036/grp_p_anonymous_namespace_phase4_update_state_tile_fu_2738/ap_enable_reg_pp0_iter4_reg_1[0] |
+-----------+-------+-----------------+------------+-------------+-----------------+------+-------------+------+------+-----+----+------+-----+---------+---------------------------------------------------------------------------------------------------------------------------+
* Clock Loads column represents cell count of net connects that connect to a clock pin. Internal cell leaf pins are not considered
** Non-Clock Loads column represents cell count of non-clock pin loads
*** Columns FF, LUTRAM, RAMB through 'Hard IP' represents load cell counts


72. Clock Region Cell Placement per Global Clock: Region X6Y7
-------------------------------------------------------------

+-----------+-------+-----------------+------------+-------------+-----------------+----+-------------+------+------+-----+----+------+-----+---------+-------------------+
| Global Id | Track | Driver Type/Pin | Constraint | Clock Loads | Non-Clock Loads | FF | Memory LUTs | RAMB | URAM | DSP | GT | MMCM | PLL | Hard IP | Net               |
+-----------+-------+-----------------+------------+-------------+-----------------+----+-------------+------+------+-----+----+------+-----+---------+-------------------+
| g0        | 0     | BUFGCE/O        | None       |          27 |               0 |  3 |          16 |    8 |   16 |   0 |  0 |    0 |   0 |       0 | ooc_ap_clk_global |
+-----------+-------+-----------------+------------+-------------+-----------------+----+-------------+------+------+-----+----+------+-----+---------+-------------------+
* Clock Loads column represents cell count of net connects that connect to a clock pin. Internal cell leaf pins are not considered
** Non-Clock Loads column represents cell count of non-clock pin loads
*** Columns FF, LUTRAM, RAMB through 'Hard IP' represents load cell counts


73. Clock Region Cell Placement per Global Clock: Region X7Y7
-------------------------------------------------------------

+-----------+-------+-----------------+------------+-------------+-----------------+----+-------------+------+------+-----+----+------+-----+---------+-------------------+
| Global Id | Track | Driver Type/Pin | Constraint | Clock Loads | Non-Clock Loads | FF | Memory LUTs | RAMB | URAM | DSP | GT | MMCM | PLL | Hard IP | Net               |
+-----------+-------+-----------------+------------+-------------+-----------------+----+-------------+------+------+-----+----+------+-----+---------+-------------------+
| g0        | 0     | BUFGCE/O        | None       |           2 |               0 |  0 |           0 |    2 |    0 |   0 |  0 |    0 |   0 |       0 | ooc_ap_clk_global |
+-----------+-------+-----------------+------------+-------------+-----------------+----+-------------+------+------+-----+----+------+-----+---------+-------------------+
* Clock Loads column represents cell count of net connects that connect to a clock pin. Internal cell leaf pins are not considered
** Non-Clock Loads column represents cell count of non-clock pin loads
*** Columns FF, LUTRAM, RAMB through 'Hard IP' represents load cell counts


74. Clock Region Cell Placement per Global Clock: Region X0Y8
-------------------------------------------------------------

+-----------+-------+-----------------+------------+-------------+-----------------+----+-------------+------+------+-----+----+------+-----+---------+-------------------+
| Global Id | Track | Driver Type/Pin | Constraint | Clock Loads | Non-Clock Loads | FF | Memory LUTs | RAMB | URAM | DSP | GT | MMCM | PLL | Hard IP | Net               |
+-----------+-------+-----------------+------------+-------------+-----------------+----+-------------+------+------+-----+----+------+-----+---------+-------------------+
| g0        | 0     | BUFGCE/O        | None       |          24 |               0 |  0 |           0 |   24 |    0 |   0 |  0 |    0 |   0 |       0 | ooc_ap_clk_global |
+-----------+-------+-----------------+------------+-------------+-----------------+----+-------------+------+------+-----+----+------+-----+---------+-------------------+
* Clock Loads column represents cell count of net connects that connect to a clock pin. Internal cell leaf pins are not considered
** Non-Clock Loads column represents cell count of non-clock pin loads
*** Columns FF, LUTRAM, RAMB through 'Hard IP' represents load cell counts


75. Clock Region Cell Placement per Global Clock: Region X1Y8
-------------------------------------------------------------

+-----------+-------+-----------------+------------+-------------+-----------------+----+-------------+------+------+-----+----+------+-----+---------+-------------------+
| Global Id | Track | Driver Type/Pin | Constraint | Clock Loads | Non-Clock Loads | FF | Memory LUTs | RAMB | URAM | DSP | GT | MMCM | PLL | Hard IP | Net               |
+-----------+-------+-----------------+------------+-------------+-----------------+----+-------------+------+------+-----+----+------+-----+---------+-------------------+
| g0        | 0     | BUFGCE/O        | None       |          40 |               0 |  0 |          16 |   24 |   16 |   0 |  0 |    0 |   0 |       0 | ooc_ap_clk_global |
+-----------+-------+-----------------+------------+-------------+-----------------+----+-------------+------+------+-----+----+------+-----+---------+-------------------+
* Clock Loads column represents cell count of net connects that connect to a clock pin. Internal cell leaf pins are not considered
** Non-Clock Loads column represents cell count of non-clock pin loads
*** Columns FF, LUTRAM, RAMB through 'Hard IP' represents load cell counts


76. Clock Region Cell Placement per Global Clock: Region X2Y8
-------------------------------------------------------------

+-----------+-------+-----------------+------------+-------------+-----------------+----+-------------+------+------+-----+----+------+-----+---------+-------------------+
| Global Id | Track | Driver Type/Pin | Constraint | Clock Loads | Non-Clock Loads | FF | Memory LUTs | RAMB | URAM | DSP | GT | MMCM | PLL | Hard IP | Net               |
+-----------+-------+-----------------+------------+-------------+-----------------+----+-------------+------+------+-----+----+------+-----+---------+-------------------+
| g0        | 0     | BUFGCE/O        | None       |          90 |               0 | 54 |           0 |   36 |    0 |   0 |  0 |    0 |   0 |       0 | ooc_ap_clk_global |
+-----------+-------+-----------------+------------+-------------+-----------------+----+-------------+------+------+-----+----+------+-----+---------+-------------------+
* Clock Loads column represents cell count of net connects that connect to a clock pin. Internal cell leaf pins are not considered
** Non-Clock Loads column represents cell count of non-clock pin loads
*** Columns FF, LUTRAM, RAMB through 'Hard IP' represents load cell counts


77. Clock Region Cell Placement per Global Clock: Region X3Y8
-------------------------------------------------------------

+-----------+-------+-----------------+------------+-------------+-----------------+-----+-------------+------+------+-----+----+------+-----+---------+-------------------+
| Global Id | Track | Driver Type/Pin | Constraint | Clock Loads | Non-Clock Loads | FF  | Memory LUTs | RAMB | URAM | DSP | GT | MMCM | PLL | Hard IP | Net               |
+-----------+-------+-----------------+------------+-------------+-----------------+-----+-------------+------+------+-----+----+------+-----+---------+-------------------+
| g0        | 0     | BUFGCE/O        | None       |         301 |               0 | 273 |          16 |   12 |   16 |   0 |  0 |    0 |   0 |       0 | ooc_ap_clk_global |
+-----------+-------+-----------------+------------+-------------+-----------------+-----+-------------+------+------+-----+----+------+-----+---------+-------------------+
* Clock Loads column represents cell count of net connects that connect to a clock pin. Internal cell leaf pins are not considered
** Non-Clock Loads column represents cell count of non-clock pin loads
*** Columns FF, LUTRAM, RAMB through 'Hard IP' represents load cell counts


78. Clock Region Cell Placement per Global Clock: Region X4Y8
-------------------------------------------------------------

+-----------+-------+-----------------+------------+-------------+-----------------+----+-------------+------+------+-----+----+------+-----+---------+-------------------+
| Global Id | Track | Driver Type/Pin | Constraint | Clock Loads | Non-Clock Loads | FF | Memory LUTs | RAMB | URAM | DSP | GT | MMCM | PLL | Hard IP | Net               |
+-----------+-------+-----------------+------------+-------------+-----------------+----+-------------+------+------+-----+----+------+-----+---------+-------------------+
| g0        | 0     | BUFGCE/O        | None       |         111 |               0 | 71 |          16 |   24 |   16 |   0 |  0 |    0 |   0 |       0 | ooc_ap_clk_global |
+-----------+-------+-----------------+------------+-------------+-----------------+----+-------------+------+------+-----+----+------+-----+---------+-------------------+
* Clock Loads column represents cell count of net connects that connect to a clock pin. Internal cell leaf pins are not considered
** Non-Clock Loads column represents cell count of non-clock pin loads
*** Columns FF, LUTRAM, RAMB through 'Hard IP' represents load cell counts


79. Clock Region Cell Placement per Global Clock: Region X5Y8
-------------------------------------------------------------

+-----------+-------+-----------------+------------+-------------+-----------------+----+-------------+------+------+-----+----+------+-----+---------+-------------------+
| Global Id | Track | Driver Type/Pin | Constraint | Clock Loads | Non-Clock Loads | FF | Memory LUTs | RAMB | URAM | DSP | GT | MMCM | PLL | Hard IP | Net               |
+-----------+-------+-----------------+------------+-------------+-----------------+----+-------------+------+------+-----+----+------+-----+---------+-------------------+
| g0        | 0     | BUFGCE/O        | None       |          66 |               0 | 38 |          16 |   12 |   16 |   0 |  0 |    0 |   0 |       0 | ooc_ap_clk_global |
+-----------+-------+-----------------+------------+-------------+-----------------+----+-------------+------+------+-----+----+------+-----+---------+-------------------+
* Clock Loads column represents cell count of net connects that connect to a clock pin. Internal cell leaf pins are not considered
** Non-Clock Loads column represents cell count of non-clock pin loads
*** Columns FF, LUTRAM, RAMB through 'Hard IP' represents load cell counts


80. Clock Region Cell Placement per Global Clock: Region X6Y8
-------------------------------------------------------------

+-----------+-------+-----------------+------------+-------------+-----------------+----+-------------+------+------+-----+----+------+-----+---------+-------------------+
| Global Id | Track | Driver Type/Pin | Constraint | Clock Loads | Non-Clock Loads | FF | Memory LUTs | RAMB | URAM | DSP | GT | MMCM | PLL | Hard IP | Net               |
+-----------+-------+-----------------+------------+-------------+-----------------+----+-------------+------+------+-----+----+------+-----+---------+-------------------+
| g0        | 0     | BUFGCE/O        | None       |          23 |               0 |  0 |          11 |   12 |   11 |   0 |  0 |    0 |   0 |       0 | ooc_ap_clk_global |
+-----------+-------+-----------------+------------+-------------+-----------------+----+-------------+------+------+-----+----+------+-----+---------+-------------------+
* Clock Loads column represents cell count of net connects that connect to a clock pin. Internal cell leaf pins are not considered
** Non-Clock Loads column represents cell count of non-clock pin loads
*** Columns FF, LUTRAM, RAMB through 'Hard IP' represents load cell counts


81. Clock Region Cell Placement per Global Clock: Region X7Y8
-------------------------------------------------------------

+-----------+-------+-----------------+------------+-------------+-----------------+----+-------------+------+------+-----+----+------+-----+---------+-------------------+
| Global Id | Track | Driver Type/Pin | Constraint | Clock Loads | Non-Clock Loads | FF | Memory LUTs | RAMB | URAM | DSP | GT | MMCM | PLL | Hard IP | Net               |
+-----------+-------+-----------------+------------+-------------+-----------------+----+-------------+------+------+-----+----+------+-----+---------+-------------------+
| g0        | 0     | BUFGCE/O        | None       |          24 |               0 |  0 |           0 |   24 |    0 |   0 |  0 |    0 |   0 |       0 | ooc_ap_clk_global |
+-----------+-------+-----------------+------------+-------------+-----------------+----+-------------+------+------+-----+----+------+-----+---------+-------------------+
* Clock Loads column represents cell count of net connects that connect to a clock pin. Internal cell leaf pins are not considered
** Non-Clock Loads column represents cell count of non-clock pin loads
*** Columns FF, LUTRAM, RAMB through 'Hard IP' represents load cell counts


82. Clock Region Cell Placement per Global Clock: Region X0Y9
-------------------------------------------------------------

+-----------+-------+-----------------+------------+-------------+-----------------+----+-------------+------+------+-----+----+------+-----+---------+-------------------+
| Global Id | Track | Driver Type/Pin | Constraint | Clock Loads | Non-Clock Loads | FF | Memory LUTs | RAMB | URAM | DSP | GT | MMCM | PLL | Hard IP | Net               |
+-----------+-------+-----------------+------------+-------------+-----------------+----+-------------+------+------+-----+----+------+-----+---------+-------------------+
| g0        | 0     | BUFGCE/O        | None       |          24 |               0 |  0 |           0 |   24 |    0 |   0 |  0 |    0 |   0 |       0 | ooc_ap_clk_global |
+-----------+-------+-----------------+------------+-------------+-----------------+----+-------------+------+------+-----+----+------+-----+---------+-------------------+
* Clock Loads column represents cell count of net connects that connect to a clock pin. Internal cell leaf pins are not considered
** Non-Clock Loads column represents cell count of non-clock pin loads
*** Columns FF, LUTRAM, RAMB through 'Hard IP' represents load cell counts


83. Clock Region Cell Placement per Global Clock: Region X1Y9
-------------------------------------------------------------

+-----------+-------+-----------------+------------+-------------+-----------------+----+-------------+------+------+-----+----+------+-----+---------+-------------------+
| Global Id | Track | Driver Type/Pin | Constraint | Clock Loads | Non-Clock Loads | FF | Memory LUTs | RAMB | URAM | DSP | GT | MMCM | PLL | Hard IP | Net               |
+-----------+-------+-----------------+------------+-------------+-----------------+----+-------------+------+------+-----+----+------+-----+---------+-------------------+
| g0        | 0     | BUFGCE/O        | None       |          42 |               0 |  2 |          16 |   24 |   16 |   0 |  0 |    0 |   0 |       0 | ooc_ap_clk_global |
+-----------+-------+-----------------+------------+-------------+-----------------+----+-------------+------+------+-----+----+------+-----+---------+-------------------+
* Clock Loads column represents cell count of net connects that connect to a clock pin. Internal cell leaf pins are not considered
** Non-Clock Loads column represents cell count of non-clock pin loads
*** Columns FF, LUTRAM, RAMB through 'Hard IP' represents load cell counts


84. Clock Region Cell Placement per Global Clock: Region X2Y9
-------------------------------------------------------------

+-----------+-------+-----------------+------------+-------------+-----------------+-----+-------------+------+------+-----+----+------+-----+---------+-------------------+
| Global Id | Track | Driver Type/Pin | Constraint | Clock Loads | Non-Clock Loads | FF  | Memory LUTs | RAMB | URAM | DSP | GT | MMCM | PLL | Hard IP | Net               |
+-----------+-------+-----------------+------------+-------------+-----------------+-----+-------------+------+------+-----+----+------+-----+---------+-------------------+
| g0        | 0     | BUFGCE/O        | None       |         170 |               0 | 134 |           0 |   36 |    0 |   0 |  0 |    0 |   0 |       0 | ooc_ap_clk_global |
+-----------+-------+-----------------+------------+-------------+-----------------+-----+-------------+------+------+-----+----+------+-----+---------+-------------------+
* Clock Loads column represents cell count of net connects that connect to a clock pin. Internal cell leaf pins are not considered
** Non-Clock Loads column represents cell count of non-clock pin loads
*** Columns FF, LUTRAM, RAMB through 'Hard IP' represents load cell counts


85. Clock Region Cell Placement per Global Clock: Region X3Y9
-------------------------------------------------------------

+-----------+-------+-----------------+------------+-------------+-----------------+-----+-------------+------+------+-----+----+------+-----+---------+-------------------+
| Global Id | Track | Driver Type/Pin | Constraint | Clock Loads | Non-Clock Loads | FF  | Memory LUTs | RAMB | URAM | DSP | GT | MMCM | PLL | Hard IP | Net               |
+-----------+-------+-----------------+------------+-------------+-----------------+-----+-------------+------+------+-----+----+------+-----+---------+-------------------+
| g0        | 0     | BUFGCE/O        | None       |         155 |               0 | 127 |          16 |   12 |   16 |   0 |  0 |    0 |   0 |       0 | ooc_ap_clk_global |
+-----------+-------+-----------------+------------+-------------+-----------------+-----+-------------+------+------+-----+----+------+-----+---------+-------------------+
* Clock Loads column represents cell count of net connects that connect to a clock pin. Internal cell leaf pins are not considered
** Non-Clock Loads column represents cell count of non-clock pin loads
*** Columns FF, LUTRAM, RAMB through 'Hard IP' represents load cell counts


86. Clock Region Cell Placement per Global Clock: Region X4Y9
-------------------------------------------------------------

+-----------+-------+-----------------+------------+-------------+-----------------+----+-------------+------+------+-----+----+------+-----+---------+-------------------+
| Global Id | Track | Driver Type/Pin | Constraint | Clock Loads | Non-Clock Loads | FF | Memory LUTs | RAMB | URAM | DSP | GT | MMCM | PLL | Hard IP | Net               |
+-----------+-------+-----------------+------------+-------------+-----------------+----+-------------+------+------+-----+----+------+-----+---------+-------------------+
| g0        | 0     | BUFGCE/O        | None       |          76 |               0 | 36 |          16 |   24 |   16 |   0 |  0 |    0 |   0 |       0 | ooc_ap_clk_global |
+-----------+-------+-----------------+------------+-------------+-----------------+----+-------------+------+------+-----+----+------+-----+---------+-------------------+
* Clock Loads column represents cell count of net connects that connect to a clock pin. Internal cell leaf pins are not considered
** Non-Clock Loads column represents cell count of non-clock pin loads
*** Columns FF, LUTRAM, RAMB through 'Hard IP' represents load cell counts


87. Clock Region Cell Placement per Global Clock: Region X5Y9
-------------------------------------------------------------

+-----------+-------+-----------------+------------+-------------+-----------------+----+-------------+------+------+-----+----+------+-----+---------+-------------------+
| Global Id | Track | Driver Type/Pin | Constraint | Clock Loads | Non-Clock Loads | FF | Memory LUTs | RAMB | URAM | DSP | GT | MMCM | PLL | Hard IP | Net               |
+-----------+-------+-----------------+------------+-------------+-----------------+----+-------------+------+------+-----+----+------+-----+---------+-------------------+
| g0        | 0     | BUFGCE/O        | None       |          71 |               0 | 43 |          16 |   12 |   16 |   0 |  0 |    0 |   0 |       0 | ooc_ap_clk_global |
+-----------+-------+-----------------+------------+-------------+-----------------+----+-------------+------+------+-----+----+------+-----+---------+-------------------+
* Clock Loads column represents cell count of net connects that connect to a clock pin. Internal cell leaf pins are not considered
** Non-Clock Loads column represents cell count of non-clock pin loads
*** Columns FF, LUTRAM, RAMB through 'Hard IP' represents load cell counts


88. Clock Region Cell Placement per Global Clock: Region X6Y9
-------------------------------------------------------------

+-----------+-------+-----------------+------------+-------------+-----------------+----+-------------+------+------+-----+----+------+-----+---------+-------------------+
| Global Id | Track | Driver Type/Pin | Constraint | Clock Loads | Non-Clock Loads | FF | Memory LUTs | RAMB | URAM | DSP | GT | MMCM | PLL | Hard IP | Net               |
+-----------+-------+-----------------+------------+-------------+-----------------+----+-------------+------+------+-----+----+------+-----+---------+-------------------+
| g0        | 0     | BUFGCE/O        | None       |          29 |               0 |  1 |          16 |   12 |   16 |   0 |  0 |    0 |   0 |       0 | ooc_ap_clk_global |
+-----------+-------+-----------------+------------+-------------+-----------------+----+-------------+------+------+-----+----+------+-----+---------+-------------------+
* Clock Loads column represents cell count of net connects that connect to a clock pin. Internal cell leaf pins are not considered
** Non-Clock Loads column represents cell count of non-clock pin loads
*** Columns FF, LUTRAM, RAMB through 'Hard IP' represents load cell counts


89. Clock Region Cell Placement per Global Clock: Region X7Y9
-------------------------------------------------------------

+-----------+-------+-----------------+------------+-------------+-----------------+----+-------------+------+------+-----+----+------+-----+---------+-------------------+
| Global Id | Track | Driver Type/Pin | Constraint | Clock Loads | Non-Clock Loads | FF | Memory LUTs | RAMB | URAM | DSP | GT | MMCM | PLL | Hard IP | Net               |
+-----------+-------+-----------------+------------+-------------+-----------------+----+-------------+------+------+-----+----+------+-----+---------+-------------------+
| g0        | 0     | BUFGCE/O        | None       |          24 |               0 |  0 |           0 |   24 |    0 |   0 |  0 |    0 |   0 |       0 | ooc_ap_clk_global |
+-----------+-------+-----------------+------------+-------------+-----------------+----+-------------+------+------+-----+----+------+-----+---------+-------------------+
* Clock Loads column represents cell count of net connects that connect to a clock pin. Internal cell leaf pins are not considered
** Non-Clock Loads column represents cell count of non-clock pin loads
*** Columns FF, LUTRAM, RAMB through 'Hard IP' represents load cell counts


90. Clock Region Cell Placement per Global Clock: Region X1Y10
--------------------------------------------------------------

+-----------+-------+-----------------+------------+-------------+-----------------+----+-------------+------+------+-----+----+------+-----+---------+-------------------+
| Global Id | Track | Driver Type/Pin | Constraint | Clock Loads | Non-Clock Loads | FF | Memory LUTs | RAMB | URAM | DSP | GT | MMCM | PLL | Hard IP | Net               |
+-----------+-------+-----------------+------------+-------------+-----------------+----+-------------+------+------+-----+----+------+-----+---------+-------------------+
| g0        | 0     | BUFGCE/O        | None       |          44 |               0 |  8 |          16 |   20 |   16 |   0 |  0 |    0 |   0 |       0 | ooc_ap_clk_global |
+-----------+-------+-----------------+------------+-------------+-----------------+----+-------------+------+------+-----+----+------+-----+---------+-------------------+
* Clock Loads column represents cell count of net connects that connect to a clock pin. Internal cell leaf pins are not considered
** Non-Clock Loads column represents cell count of non-clock pin loads
*** Columns FF, LUTRAM, RAMB through 'Hard IP' represents load cell counts


91. Clock Region Cell Placement per Global Clock: Region X2Y10
--------------------------------------------------------------

+-----------+-------+-----------------+------------+-------------+-----------------+-----+-------------+------+------+-----+----+------+-----+---------+-------------------+
| Global Id | Track | Driver Type/Pin | Constraint | Clock Loads | Non-Clock Loads | FF  | Memory LUTs | RAMB | URAM | DSP | GT | MMCM | PLL | Hard IP | Net               |
+-----------+-------+-----------------+------------+-------------+-----------------+-----+-------------+------+------+-----+----+------+-----+---------+-------------------+
| g0        | 0     | BUFGCE/O        | None       |         156 |               0 | 120 |           0 |   36 |    0 |   0 |  0 |    0 |   0 |       0 | ooc_ap_clk_global |
+-----------+-------+-----------------+------------+-------------+-----------------+-----+-------------+------+------+-----+----+------+-----+---------+-------------------+
* Clock Loads column represents cell count of net connects that connect to a clock pin. Internal cell leaf pins are not considered
** Non-Clock Loads column represents cell count of non-clock pin loads
*** Columns FF, LUTRAM, RAMB through 'Hard IP' represents load cell counts


92. Clock Region Cell Placement per Global Clock: Region X3Y10
--------------------------------------------------------------

+-----------+-------+-----------------+------------+-------------+-----------------+-----+-------------+------+------+-----+----+------+-----+---------+-------------------+
| Global Id | Track | Driver Type/Pin | Constraint | Clock Loads | Non-Clock Loads | FF  | Memory LUTs | RAMB | URAM | DSP | GT | MMCM | PLL | Hard IP | Net               |
+-----------+-------+-----------------+------------+-------------+-----------------+-----+-------------+------+------+-----+----+------+-----+---------+-------------------+
| g0        | 0     | BUFGCE/O        | None       |         196 |               0 | 168 |          16 |   12 |   16 |   0 |  0 |    0 |   0 |       0 | ooc_ap_clk_global |
+-----------+-------+-----------------+------------+-------------+-----------------+-----+-------------+------+------+-----+----+------+-----+---------+-------------------+
* Clock Loads column represents cell count of net connects that connect to a clock pin. Internal cell leaf pins are not considered
** Non-Clock Loads column represents cell count of non-clock pin loads
*** Columns FF, LUTRAM, RAMB through 'Hard IP' represents load cell counts


93. Clock Region Cell Placement per Global Clock: Region X4Y10
--------------------------------------------------------------

+-----------+-------+-----------------+------------+-------------+-----------------+----+-------------+------+------+-----+----+------+-----+---------+-------------------+
| Global Id | Track | Driver Type/Pin | Constraint | Clock Loads | Non-Clock Loads | FF | Memory LUTs | RAMB | URAM | DSP | GT | MMCM | PLL | Hard IP | Net               |
+-----------+-------+-----------------+------------+-------------+-----------------+----+-------------+------+------+-----+----+------+-----+---------+-------------------+
| g0        | 0     | BUFGCE/O        | None       |         105 |               0 | 65 |          16 |   24 |   16 |   0 |  0 |    0 |   0 |       0 | ooc_ap_clk_global |
+-----------+-------+-----------------+------------+-------------+-----------------+----+-------------+------+------+-----+----+------+-----+---------+-------------------+
* Clock Loads column represents cell count of net connects that connect to a clock pin. Internal cell leaf pins are not considered
** Non-Clock Loads column represents cell count of non-clock pin loads
*** Columns FF, LUTRAM, RAMB through 'Hard IP' represents load cell counts


94. Clock Region Cell Placement per Global Clock: Region X5Y10
--------------------------------------------------------------

+-----------+-------+-----------------+------------+-------------+-----------------+----+-------------+------+------+-----+----+------+-----+---------+-------------------+
| Global Id | Track | Driver Type/Pin | Constraint | Clock Loads | Non-Clock Loads | FF | Memory LUTs | RAMB | URAM | DSP | GT | MMCM | PLL | Hard IP | Net               |
+-----------+-------+-----------------+------------+-------------+-----------------+----+-------------+------+------+-----+----+------+-----+---------+-------------------+
| g0        | 0     | BUFGCE/O        | None       |          31 |               0 |  3 |          16 |   12 |   16 |   0 |  0 |    0 |   0 |       0 | ooc_ap_clk_global |
+-----------+-------+-----------------+------------+-------------+-----------------+----+-------------+------+------+-----+----+------+-----+---------+-------------------+
* Clock Loads column represents cell count of net connects that connect to a clock pin. Internal cell leaf pins are not considered
** Non-Clock Loads column represents cell count of non-clock pin loads
*** Columns FF, LUTRAM, RAMB through 'Hard IP' represents load cell counts


95. Clock Region Cell Placement per Global Clock: Region X6Y10
--------------------------------------------------------------

+-----------+-------+-----------------+------------+-------------+-----------------+----+-------------+------+------+-----+----+------+-----+---------+-------------------+
| Global Id | Track | Driver Type/Pin | Constraint | Clock Loads | Non-Clock Loads | FF | Memory LUTs | RAMB | URAM | DSP | GT | MMCM | PLL | Hard IP | Net               |
+-----------+-------+-----------------+------------+-------------+-----------------+----+-------------+------+------+-----+----+------+-----+---------+-------------------+
| g0        | 0     | BUFGCE/O        | None       |          29 |               0 |  2 |          15 |   12 |   15 |   0 |  0 |    0 |   0 |       0 | ooc_ap_clk_global |
+-----------+-------+-----------------+------------+-------------+-----------------+----+-------------+------+------+-----+----+------+-----+---------+-------------------+
* Clock Loads column represents cell count of net connects that connect to a clock pin. Internal cell leaf pins are not considered
** Non-Clock Loads column represents cell count of non-clock pin loads
*** Columns FF, LUTRAM, RAMB through 'Hard IP' represents load cell counts


96. Clock Region Cell Placement per Global Clock: Region X7Y10
--------------------------------------------------------------

+-----------+-------+-----------------+------------+-------------+-----------------+----+-------------+------+------+-----+----+------+-----+---------+-------------------+
| Global Id | Track | Driver Type/Pin | Constraint | Clock Loads | Non-Clock Loads | FF | Memory LUTs | RAMB | URAM | DSP | GT | MMCM | PLL | Hard IP | Net               |
+-----------+-------+-----------------+------------+-------------+-----------------+----+-------------+------+------+-----+----+------+-----+---------+-------------------+
| g0        | 0     | BUFGCE/O        | None       |           8 |               0 |  0 |           0 |    8 |    0 |   0 |  0 |    0 |   0 |       0 | ooc_ap_clk_global |
+-----------+-------+-----------------+------------+-------------+-----------------+----+-------------+------+------+-----+----+------+-----+---------+-------------------+
* Clock Loads column represents cell count of net connects that connect to a clock pin. Internal cell leaf pins are not considered
** Non-Clock Loads column represents cell count of non-clock pin loads
*** Columns FF, LUTRAM, RAMB through 'Hard IP' represents load cell counts


97. Clock Region Cell Placement per Global Clock: Region X1Y11
--------------------------------------------------------------

+-----------+-------+-----------------+------------+-------------+-----------------+----+-------------+------+------+-----+----+------+-----+---------+-------------------+
| Global Id | Track | Driver Type/Pin | Constraint | Clock Loads | Non-Clock Loads | FF | Memory LUTs | RAMB | URAM | DSP | GT | MMCM | PLL | Hard IP | Net               |
+-----------+-------+-----------------+------------+-------------+-----------------+----+-------------+------+------+-----+----+------+-----+---------+-------------------+
| g0        | 0     | BUFGCE/O        | None       |          27 |               0 |  3 |          12 |   12 |   12 |   0 |  0 |    0 |   0 |       0 | ooc_ap_clk_global |
+-----------+-------+-----------------+------------+-------------+-----------------+----+-------------+------+------+-----+----+------+-----+---------+-------------------+
* Clock Loads column represents cell count of net connects that connect to a clock pin. Internal cell leaf pins are not considered
** Non-Clock Loads column represents cell count of non-clock pin loads
*** Columns FF, LUTRAM, RAMB through 'Hard IP' represents load cell counts


98. Clock Region Cell Placement per Global Clock: Region X2Y11
--------------------------------------------------------------

+-----------+-------+-----------------+------------+-------------+-----------------+----+-------------+------+------+-----+----+------+-----+---------+-------------------+
| Global Id | Track | Driver Type/Pin | Constraint | Clock Loads | Non-Clock Loads | FF | Memory LUTs | RAMB | URAM | DSP | GT | MMCM | PLL | Hard IP | Net               |
+-----------+-------+-----------------+------------+-------------+-----------------+----+-------------+------+------+-----+----+------+-----+---------+-------------------+
| g0        | 0     | BUFGCE/O        | None       |          36 |               0 |  0 |           0 |   36 |    0 |   0 |  0 |    0 |   0 |       0 | ooc_ap_clk_global |
+-----------+-------+-----------------+------------+-------------+-----------------+----+-------------+------+------+-----+----+------+-----+---------+-------------------+
* Clock Loads column represents cell count of net connects that connect to a clock pin. Internal cell leaf pins are not considered
** Non-Clock Loads column represents cell count of non-clock pin loads
*** Columns FF, LUTRAM, RAMB through 'Hard IP' represents load cell counts


99. Clock Region Cell Placement per Global Clock: Region X3Y11
--------------------------------------------------------------

+-----------+-------+-----------------+------------+-------------+-----------------+----+-------------+------+------+-----+----+------+-----+---------+-------------------+
| Global Id | Track | Driver Type/Pin | Constraint | Clock Loads | Non-Clock Loads | FF | Memory LUTs | RAMB | URAM | DSP | GT | MMCM | PLL | Hard IP | Net               |
+-----------+-------+-----------------+------------+-------------+-----------------+----+-------------+------+------+-----+----+------+-----+---------+-------------------+
| g0        | 0     | BUFGCE/O        | None       |          28 |               0 |  0 |          16 |   12 |   16 |   0 |  0 |    0 |   0 |       0 | ooc_ap_clk_global |
+-----------+-------+-----------------+------------+-------------+-----------------+----+-------------+------+------+-----+----+------+-----+---------+-------------------+
* Clock Loads column represents cell count of net connects that connect to a clock pin. Internal cell leaf pins are not considered
** Non-Clock Loads column represents cell count of non-clock pin loads
*** Columns FF, LUTRAM, RAMB through 'Hard IP' represents load cell counts


100. Clock Region Cell Placement per Global Clock: Region X4Y11
---------------------------------------------------------------

+-----------+-------+-----------------+------------+-------------+-----------------+----+-------------+------+------+-----+----+------+-----+---------+-------------------+
| Global Id | Track | Driver Type/Pin | Constraint | Clock Loads | Non-Clock Loads | FF | Memory LUTs | RAMB | URAM | DSP | GT | MMCM | PLL | Hard IP | Net               |
+-----------+-------+-----------------+------------+-------------+-----------------+----+-------------+------+------+-----+----+------+-----+---------+-------------------+
| g0        | 0     | BUFGCE/O        | None       |          42 |               0 |  2 |          16 |   24 |   16 |   0 |  0 |    0 |   0 |       0 | ooc_ap_clk_global |
+-----------+-------+-----------------+------------+-------------+-----------------+----+-------------+------+------+-----+----+------+-----+---------+-------------------+
* Clock Loads column represents cell count of net connects that connect to a clock pin. Internal cell leaf pins are not considered
** Non-Clock Loads column represents cell count of non-clock pin loads
*** Columns FF, LUTRAM, RAMB through 'Hard IP' represents load cell counts


101. Clock Region Cell Placement per Global Clock: Region X5Y11
---------------------------------------------------------------

+-----------+-------+-----------------+------------+-------------+-----------------+----+-------------+------+------+-----+----+------+-----+---------+-------------------+
| Global Id | Track | Driver Type/Pin | Constraint | Clock Loads | Non-Clock Loads | FF | Memory LUTs | RAMB | URAM | DSP | GT | MMCM | PLL | Hard IP | Net               |
+-----------+-------+-----------------+------------+-------------+-----------------+----+-------------+------+------+-----+----+------+-----+---------+-------------------+
| g0        | 0     | BUFGCE/O        | None       |          31 |               0 |  3 |          16 |   12 |   16 |   0 |  0 |    0 |   0 |       0 | ooc_ap_clk_global |
+-----------+-------+-----------------+------------+-------------+-----------------+----+-------------+------+------+-----+----+------+-----+---------+-------------------+
* Clock Loads column represents cell count of net connects that connect to a clock pin. Internal cell leaf pins are not considered
** Non-Clock Loads column represents cell count of non-clock pin loads
*** Columns FF, LUTRAM, RAMB through 'Hard IP' represents load cell counts


102. Clock Region Cell Placement per Global Clock: Region X6Y11
---------------------------------------------------------------

+-----------+-------+-----------------+------------+-------------+-----------------+----+-------------+------+------+-----+----+------+-----+---------+-------------------+
| Global Id | Track | Driver Type/Pin | Constraint | Clock Loads | Non-Clock Loads | FF | Memory LUTs | RAMB | URAM | DSP | GT | MMCM | PLL | Hard IP | Net               |
+-----------+-------+-----------------+------------+-------------+-----------------+----+-------------+------+------+-----+----+------+-----+---------+-------------------+
| g0        | 0     | BUFGCE/O        | None       |           6 |               0 |  0 |           2 |    4 |    2 |   0 |  0 |    0 |   0 |       0 | ooc_ap_clk_global |
+-----------+-------+-----------------+------------+-------------+-----------------+----+-------------+------+------+-----+----+------+-----+---------+-------------------+
* Clock Loads column represents cell count of net connects that connect to a clock pin. Internal cell leaf pins are not considered
** Non-Clock Loads column represents cell count of non-clock pin loads
*** Columns FF, LUTRAM, RAMB through 'Hard IP' represents load cell counts


