Copyright 1986-2022 Xilinx, Inc. All Rights Reserved. Copyright 2022-2025 Advanced Micro Devices, Inc. All Rights Reserved.
---------------------------------------------------------------------------------------------------------------------------------------------
| Tool Version : Vivado v.2025.2 (win64) Build 6299465 Fri Nov 14 19:35:11 GMT 2025
| Date         : Wed Aug  5 22:27:55 2026
| Host         : Tyler running 64-bit major release  (build 9200)
| Command      : report_utilization -hierarchical -file X:/reports/vivado/baselines/bf16/synth_util.rpt
| Design       : gdn_bf16_top
| Device       : xcu55c-fsvh2892-2L-e
| Speed File   : -2L
| Design State : Synthesized
---------------------------------------------------------------------------------------------------------------------------------------------

Utilization Design Information

Table of Contents
-----------------
1. Utilization by Hierarchy

1. Utilization by Hierarchy
---------------------------

+---------------------------------------------------------------------------------------------------------+--------------------------------------------------------------------------------------------------+------------+------------+---------+------+-------+--------+--------+------+------------+
|                                                 Instance                                                |                                              Module                                              | Total LUTs | Logic LUTs | LUTRAMs | SRLs |  FFs  | RAMB36 | RAMB18 | URAM | DSP Blocks |
+---------------------------------------------------------------------------------------------------------+--------------------------------------------------------------------------------------------------+------------+------------+---------+------+-------+--------+--------+------+------------+
| gdn_bf16_top                                                                                            |                                                                                            (top) |      63098 |      47461 |   14113 | 1524 | 38582 |   1600 |      5 |  928 |         15 |
|   (gdn_bf16_top)                                                                                        |                                                                                            (top) |          5 |          0 |       0 |    5 |   795 |      0 |      0 |    0 |          0 |
|   control_r_s_axi_U                                                                                     |                                                                     gdn_bf16_top_control_r_s_axi |        654 |        654 |       0 |    0 |   811 |      0 |      0 |    0 |          0 |
|   control_s_axi_U                                                                                       |                                                                       gdn_bf16_top_control_s_axi |         71 |         71 |       0 |    0 |    77 |      0 |      0 |    0 |          0 |
|   gmem0_m_axi_U                                                                                         |                                                                         gdn_bf16_top_gmem0_m_axi |        712 |        615 |       0 |   97 |   995 |      0 |      1 |    0 |          0 |
|     bus_read                                                                                            |                                                                    gdn_bf16_top_gmem0_m_axi_read |        418 |        418 |       0 |    0 |   627 |      0 |      0 |    0 |          0 |
|       rreq_burst_conv                                                                                   |                                                         gdn_bf16_top_gmem0_m_axi_burst_converter |        341 |        341 |       0 |    0 |   525 |      0 |      0 |    0 |          0 |
|         burst_sequential                                                                                |                                                        gdn_bf16_top_gmem0_m_axi_burst_sequential |        341 |        341 |       0 |    0 |   525 |      0 |      0 |    0 |          0 |
|           (burst_sequential)                                                                            |                                                        gdn_bf16_top_gmem0_m_axi_burst_sequential |        152 |        152 |       0 |    0 |   332 |      0 |      0 |    0 |          0 |
|           rs_req                                                                                        |                                               gdn_bf16_top_gmem0_m_axi_reg_slice__parameterized0 |        189 |        189 |       0 |    0 |   193 |      0 |      0 |    0 |          0 |
|       rs_rdata                                                                                          |                                               gdn_bf16_top_gmem0_m_axi_reg_slice__parameterized1 |         41 |         41 |       0 |    0 |    71 |      0 |      0 |    0 |          0 |
|     load_unit_0                                                                                         |                                                                    gdn_bf16_top_gmem0_m_axi_load |        294 |        197 |       0 |   97 |   368 |      0 |      1 |    0 |          0 |
|       (load_unit_0)                                                                                     |                                                                    gdn_bf16_top_gmem0_m_axi_load |          0 |          0 |       0 |    0 |   132 |      0 |      0 |    0 |          0 |
|       bus_wide_gen.rs_rdata_int                                                                         |                                                               gdn_bf16_top_gmem0_m_axi_reg_slice |         60 |         60 |       0 |    0 |    71 |      0 |      0 |    0 |          0 |
|       fifo_rreq                                                                                         |                                                    gdn_bf16_top_gmem0_m_axi_fifo__parameterized0 |        153 |         58 |       0 |   95 |   109 |      0 |      0 |    0 |          0 |
|         U_fifo_srl                                                                                      |                                                     gdn_bf16_top_gmem0_m_axi_srl__parameterized0 |        136 |         41 |       0 |   95 |    95 |      0 |      0 |    0 |          0 |
|   gmem1_m_axi_U                                                                                         |                                                                         gdn_bf16_top_gmem1_m_axi |        713 |        616 |       0 |   97 |   995 |      0 |      1 |    0 |          0 |
|     bus_read                                                                                            |                                                                    gdn_bf16_top_gmem1_m_axi_read |        418 |        418 |       0 |    0 |   627 |      0 |      0 |    0 |          0 |
|       rreq_burst_conv                                                                                   |                                                         gdn_bf16_top_gmem1_m_axi_burst_converter |        341 |        341 |       0 |    0 |   525 |      0 |      0 |    0 |          0 |
|         burst_sequential                                                                                |                                                        gdn_bf16_top_gmem1_m_axi_burst_sequential |        341 |        341 |       0 |    0 |   525 |      0 |      0 |    0 |          0 |
|           (burst_sequential)                                                                            |                                                        gdn_bf16_top_gmem1_m_axi_burst_sequential |        152 |        152 |       0 |    0 |   332 |      0 |      0 |    0 |          0 |
|           rs_req                                                                                        |                                               gdn_bf16_top_gmem1_m_axi_reg_slice__parameterized0 |        189 |        189 |       0 |    0 |   193 |      0 |      0 |    0 |          0 |
|       rs_rdata                                                                                          |                                               gdn_bf16_top_gmem1_m_axi_reg_slice__parameterized1 |         41 |         41 |       0 |    0 |    71 |      0 |      0 |    0 |          0 |
|     load_unit_0                                                                                         |                                                                    gdn_bf16_top_gmem1_m_axi_load |        295 |        198 |       0 |   97 |   368 |      0 |      1 |    0 |          0 |
|       (load_unit_0)                                                                                     |                                                                    gdn_bf16_top_gmem1_m_axi_load |          0 |          0 |       0 |    0 |   132 |      0 |      0 |    0 |          0 |
|       bus_wide_gen.rs_rdata_int                                                                         |                                                               gdn_bf16_top_gmem1_m_axi_reg_slice |         60 |         60 |       0 |    0 |    71 |      0 |      0 |    0 |          0 |
|       fifo_rreq                                                                                         |                                                    gdn_bf16_top_gmem1_m_axi_fifo__parameterized0 |        153 |         58 |       0 |   95 |   109 |      0 |      0 |    0 |          0 |
|         U_fifo_srl                                                                                      |                                                     gdn_bf16_top_gmem1_m_axi_srl__parameterized0 |        137 |         42 |       0 |   95 |    95 |      0 |      0 |    0 |          0 |
|   gmem2_m_axi_U                                                                                         |                                                                         gdn_bf16_top_gmem2_m_axi |        713 |        616 |       0 |   97 |   995 |      0 |      1 |    0 |          0 |
|     bus_read                                                                                            |                                                                    gdn_bf16_top_gmem2_m_axi_read |        418 |        418 |       0 |    0 |   627 |      0 |      0 |    0 |          0 |
|       rreq_burst_conv                                                                                   |                                                         gdn_bf16_top_gmem2_m_axi_burst_converter |        341 |        341 |       0 |    0 |   525 |      0 |      0 |    0 |          0 |
|         burst_sequential                                                                                |                                                        gdn_bf16_top_gmem2_m_axi_burst_sequential |        341 |        341 |       0 |    0 |   525 |      0 |      0 |    0 |          0 |
|           (burst_sequential)                                                                            |                                                        gdn_bf16_top_gmem2_m_axi_burst_sequential |        152 |        152 |       0 |    0 |   332 |      0 |      0 |    0 |          0 |
|           rs_req                                                                                        |                                               gdn_bf16_top_gmem2_m_axi_reg_slice__parameterized0 |        189 |        189 |       0 |    0 |   193 |      0 |      0 |    0 |          0 |
|       rs_rdata                                                                                          |                                               gdn_bf16_top_gmem2_m_axi_reg_slice__parameterized1 |         41 |         41 |       0 |    0 |    71 |      0 |      0 |    0 |          0 |
|     load_unit_0                                                                                         |                                                                    gdn_bf16_top_gmem2_m_axi_load |        295 |        198 |       0 |   97 |   368 |      0 |      1 |    0 |          0 |
|       (load_unit_0)                                                                                     |                                                                    gdn_bf16_top_gmem2_m_axi_load |          0 |          0 |       0 |    0 |   132 |      0 |      0 |    0 |          0 |
|       bus_wide_gen.rs_rdata_int                                                                         |                                                               gdn_bf16_top_gmem2_m_axi_reg_slice |         60 |         60 |       0 |    0 |    71 |      0 |      0 |    0 |          0 |
|       fifo_rreq                                                                                         |                                                    gdn_bf16_top_gmem2_m_axi_fifo__parameterized0 |        153 |         58 |       0 |   95 |   109 |      0 |      0 |    0 |          0 |
|         U_fifo_srl                                                                                      |                                                     gdn_bf16_top_gmem2_m_axi_srl__parameterized0 |        137 |         42 |       0 |   95 |    95 |      0 |      0 |    0 |          0 |
|   gmem3_m_axi_U                                                                                         |                                                                         gdn_bf16_top_gmem3_m_axi |        713 |        616 |       0 |   97 |   995 |      0 |      1 |    0 |          0 |
|     bus_read                                                                                            |                                                                    gdn_bf16_top_gmem3_m_axi_read |        418 |        418 |       0 |    0 |   627 |      0 |      0 |    0 |          0 |
|       rreq_burst_conv                                                                                   |                                                         gdn_bf16_top_gmem3_m_axi_burst_converter |        341 |        341 |       0 |    0 |   525 |      0 |      0 |    0 |          0 |
|         burst_sequential                                                                                |                                                        gdn_bf16_top_gmem3_m_axi_burst_sequential |        341 |        341 |       0 |    0 |   525 |      0 |      0 |    0 |          0 |
|           (burst_sequential)                                                                            |                                                        gdn_bf16_top_gmem3_m_axi_burst_sequential |        152 |        152 |       0 |    0 |   332 |      0 |      0 |    0 |          0 |
|           rs_req                                                                                        |                                               gdn_bf16_top_gmem3_m_axi_reg_slice__parameterized0 |        189 |        189 |       0 |    0 |   193 |      0 |      0 |    0 |          0 |
|       rs_rdata                                                                                          |                                               gdn_bf16_top_gmem3_m_axi_reg_slice__parameterized1 |         41 |         41 |       0 |    0 |    71 |      0 |      0 |    0 |          0 |
|     load_unit_0                                                                                         |                                                                    gdn_bf16_top_gmem3_m_axi_load |        295 |        198 |       0 |   97 |   368 |      0 |      1 |    0 |          0 |
|       (load_unit_0)                                                                                     |                                                                    gdn_bf16_top_gmem3_m_axi_load |          0 |          0 |       0 |    0 |   132 |      0 |      0 |    0 |          0 |
|       bus_wide_gen.rs_rdata_int                                                                         |                                                               gdn_bf16_top_gmem3_m_axi_reg_slice |         60 |         60 |       0 |    0 |    71 |      0 |      0 |    0 |          0 |
|       fifo_rreq                                                                                         |                                                    gdn_bf16_top_gmem3_m_axi_fifo__parameterized0 |        153 |         58 |       0 |   95 |   109 |      0 |      0 |    0 |          0 |
|         U_fifo_srl                                                                                      |                                                     gdn_bf16_top_gmem3_m_axi_srl__parameterized0 |        137 |         42 |       0 |   95 |    95 |      0 |      0 |    0 |          0 |
|   gmem4_m_axi_U                                                                                         |                                                                         gdn_bf16_top_gmem4_m_axi |        714 |        617 |       0 |   97 |   995 |      0 |      1 |    0 |          0 |
|     bus_read                                                                                            |                                                                    gdn_bf16_top_gmem4_m_axi_read |        418 |        418 |       0 |    0 |   627 |      0 |      0 |    0 |          0 |
|       rreq_burst_conv                                                                                   |                                                         gdn_bf16_top_gmem4_m_axi_burst_converter |        341 |        341 |       0 |    0 |   525 |      0 |      0 |    0 |          0 |
|         burst_sequential                                                                                |                                                        gdn_bf16_top_gmem4_m_axi_burst_sequential |        341 |        341 |       0 |    0 |   525 |      0 |      0 |    0 |          0 |
|           (burst_sequential)                                                                            |                                                        gdn_bf16_top_gmem4_m_axi_burst_sequential |        152 |        152 |       0 |    0 |   332 |      0 |      0 |    0 |          0 |
|           rs_req                                                                                        |                                               gdn_bf16_top_gmem4_m_axi_reg_slice__parameterized0 |        189 |        189 |       0 |    0 |   193 |      0 |      0 |    0 |          0 |
|       rs_rdata                                                                                          |                                               gdn_bf16_top_gmem4_m_axi_reg_slice__parameterized1 |         41 |         41 |       0 |    0 |    71 |      0 |      0 |    0 |          0 |
|     load_unit_0                                                                                         |                                                                    gdn_bf16_top_gmem4_m_axi_load |        296 |        199 |       0 |   97 |   368 |      0 |      1 |    0 |          0 |
|       (load_unit_0)                                                                                     |                                                                    gdn_bf16_top_gmem4_m_axi_load |          1 |          1 |       0 |    0 |   132 |      0 |      0 |    0 |          0 |
|       bus_wide_gen.rs_rdata_int                                                                         |                                                               gdn_bf16_top_gmem4_m_axi_reg_slice |         60 |         60 |       0 |    0 |    71 |      0 |      0 |    0 |          0 |
|       fifo_rreq                                                                                         |                                                    gdn_bf16_top_gmem4_m_axi_fifo__parameterized0 |        153 |         58 |       0 |   95 |   109 |      0 |      0 |    0 |          0 |
|         U_fifo_srl                                                                                      |                                                     gdn_bf16_top_gmem4_m_axi_srl__parameterized0 |        137 |         42 |       0 |   95 |    95 |      0 |      0 |    0 |          0 |
|   gmem5_m_axi_U                                                                                         |                                                                         gdn_bf16_top_gmem5_m_axi |        994 |        745 |       0 |  249 |  1331 |      0 |      0 |    0 |          0 |
|     bus_write                                                                                           |                                                                   gdn_bf16_top_gmem5_m_axi_write |        517 |        454 |       0 |   63 |   824 |      0 |      0 |    0 |          0 |
|       wreq_burst_conv                                                                                   |                                                         gdn_bf16_top_gmem5_m_axi_burst_converter |        306 |        306 |       0 |    0 |   525 |      0 |      0 |    0 |          0 |
|         burst_sequential                                                                                |                                                        gdn_bf16_top_gmem5_m_axi_burst_sequential |        306 |        306 |       0 |    0 |   525 |      0 |      0 |    0 |          0 |
|           (burst_sequential)                                                                            |                                                        gdn_bf16_top_gmem5_m_axi_burst_sequential |        147 |        147 |       0 |    0 |   332 |      0 |      0 |    0 |          0 |
|           rs_req                                                                                        |                                                               gdn_bf16_top_gmem5_m_axi_reg_slice |        159 |        159 |       0 |    0 |   193 |      0 |      0 |    0 |          0 |
|       wreq_throttle                                                                                     |                                                                gdn_bf16_top_gmem5_m_axi_throttle |        184 |        122 |       0 |   62 |   276 |      0 |      0 |    0 |          0 |
|         rs_req                                                                                          |                                               gdn_bf16_top_gmem5_m_axi_reg_slice__parameterized1 |         74 |         74 |       0 |    0 |   137 |      0 |      0 |    0 |          0 |
|         fifo_burst_gen[0].fifo_req                                                                      |                                                    gdn_bf16_top_gmem5_m_axi_fifo__parameterized6 |         84 |         22 |       0 |   62 |    79 |      0 |      0 |    0 |          0 |
|           U_fifo_srl                                                                                    |                                                     gdn_bf16_top_gmem5_m_axi_srl__parameterized6 |         63 |          1 |       0 |   62 |    62 |      0 |      0 |    0 |          0 |
|     store_unit_0                                                                                        |                                                                   gdn_bf16_top_gmem5_m_axi_store |        477 |        291 |       0 |  186 |   507 |      0 |      0 |    0 |          0 |
|       (store_unit_0)                                                                                    |                                                                   gdn_bf16_top_gmem5_m_axi_store |         55 |         55 |       0 |    0 |   213 |      0 |      0 |    0 |          0 |
|       buff_wdata                                                                                        |                                                    gdn_bf16_top_gmem5_m_axi_fifo__parameterized3 |         65 |         29 |       0 |   36 |    53 |      0 |      0 |    0 |          0 |
|       bus_wide_gen.buff_wdata_in                                                                        |                                                    gdn_bf16_top_gmem5_m_axi_fifo__parameterized1 |         56 |         38 |       0 |   18 |    38 |      0 |      0 |    0 |          0 |
|       bus_wide_gen.wreq_offset                                                                          |                                                    gdn_bf16_top_gmem5_m_axi_fifo__parameterized0 |         61 |         29 |       0 |   32 |    49 |      0 |      0 |    0 |          0 |
|       fifo_wreq                                                                                         |                                                    gdn_bf16_top_gmem5_m_axi_fifo__parameterized2 |        154 |         59 |       0 |   95 |   106 |      0 |      0 |    0 |          0 |
|         U_fifo_srl                                                                                      |                                                     gdn_bf16_top_gmem5_m_axi_srl__parameterized2 |        139 |         44 |       0 |   95 |    95 |      0 |      0 |    0 |          0 |
|   gmem6_m_axi_U                                                                                         |                                                                         gdn_bf16_top_gmem6_m_axi |        984 |        735 |       0 |  249 |  1331 |      0 |      0 |    0 |          0 |
|     bus_write                                                                                           |                                                                   gdn_bf16_top_gmem6_m_axi_write |        517 |        454 |       0 |   63 |   824 |      0 |      0 |    0 |          0 |
|       wreq_burst_conv                                                                                   |                                                         gdn_bf16_top_gmem6_m_axi_burst_converter |        306 |        306 |       0 |    0 |   525 |      0 |      0 |    0 |          0 |
|         burst_sequential                                                                                |                                                        gdn_bf16_top_gmem6_m_axi_burst_sequential |        306 |        306 |       0 |    0 |   525 |      0 |      0 |    0 |          0 |
|           (burst_sequential)                                                                            |                                                        gdn_bf16_top_gmem6_m_axi_burst_sequential |        147 |        147 |       0 |    0 |   332 |      0 |      0 |    0 |          0 |
|           rs_req                                                                                        |                                                               gdn_bf16_top_gmem6_m_axi_reg_slice |        159 |        159 |       0 |    0 |   193 |      0 |      0 |    0 |          0 |
|       wreq_throttle                                                                                     |                                                                gdn_bf16_top_gmem6_m_axi_throttle |        184 |        122 |       0 |   62 |   276 |      0 |      0 |    0 |          0 |
|         rs_req                                                                                          |                                               gdn_bf16_top_gmem6_m_axi_reg_slice__parameterized1 |         74 |         74 |       0 |    0 |   137 |      0 |      0 |    0 |          0 |
|         fifo_burst_gen[0].fifo_req                                                                      |                                                    gdn_bf16_top_gmem6_m_axi_fifo__parameterized6 |         84 |         22 |       0 |   62 |    79 |      0 |      0 |    0 |          0 |
|           U_fifo_srl                                                                                    |                                                     gdn_bf16_top_gmem6_m_axi_srl__parameterized6 |         63 |          1 |       0 |   62 |    62 |      0 |      0 |    0 |          0 |
|     store_unit_0                                                                                        |                                                                   gdn_bf16_top_gmem6_m_axi_store |        467 |        281 |       0 |  186 |   507 |      0 |      0 |    0 |          0 |
|       (store_unit_0)                                                                                    |                                                                   gdn_bf16_top_gmem6_m_axi_store |         55 |         55 |       0 |    0 |   213 |      0 |      0 |    0 |          0 |
|       buff_wdata                                                                                        |                                                    gdn_bf16_top_gmem6_m_axi_fifo__parameterized3 |         65 |         29 |       0 |   36 |    53 |      0 |      0 |    0 |          0 |
|       bus_wide_gen.buff_wdata_in                                                                        |                                                    gdn_bf16_top_gmem6_m_axi_fifo__parameterized1 |         56 |         38 |       0 |   18 |    38 |      0 |      0 |    0 |          0 |
|       bus_wide_gen.wreq_offset                                                                          |                                                    gdn_bf16_top_gmem6_m_axi_fifo__parameterized0 |         61 |         29 |       0 |   32 |    49 |      0 |      0 |    0 |          0 |
|       fifo_wreq                                                                                         |                                                    gdn_bf16_top_gmem6_m_axi_fifo__parameterized2 |        151 |         56 |       0 |   95 |   106 |      0 |      0 |    0 |          0 |
|         U_fifo_srl                                                                                      |                                                     gdn_bf16_top_gmem6_m_axi_srl__parameterized2 |        137 |         42 |       0 |   95 |    95 |      0 |      0 |    0 |          0 |
|   gmem7_m_axi_U                                                                                         |                                                                         gdn_bf16_top_gmem7_m_axi |        900 |        668 |       0 |  232 |  1190 |      0 |      0 |    0 |          0 |
|     bus_write                                                                                           |                                                                   gdn_bf16_top_gmem7_m_axi_write |        492 |        430 |       0 |   62 |   842 |      0 |      0 |    0 |          0 |
|       wreq_burst_conv                                                                                   |                                                         gdn_bf16_top_gmem7_m_axi_burst_converter |        281 |        281 |       0 |    0 |   510 |      0 |      0 |    0 |          0 |
|         burst_sequential                                                                                |                                                        gdn_bf16_top_gmem7_m_axi_burst_sequential |        281 |        281 |       0 |    0 |   510 |      0 |      0 |    0 |          0 |
|           (burst_sequential)                                                                            |                                                        gdn_bf16_top_gmem7_m_axi_burst_sequential |        137 |        137 |       0 |    0 |   325 |      0 |      0 |    0 |          0 |
|           rs_req                                                                                        |                                                               gdn_bf16_top_gmem7_m_axi_reg_slice |        144 |        144 |       0 |    0 |   185 |      0 |      0 |    0 |          0 |
|       wreq_throttle                                                                                     |                                                                gdn_bf16_top_gmem7_m_axi_throttle |        184 |        123 |       0 |   61 |   309 |      0 |      0 |    0 |          0 |
|         (wreq_throttle)                                                                                 |                                                                gdn_bf16_top_gmem7_m_axi_throttle |          7 |          7 |       0 |    0 |    83 |      0 |      0 |    0 |          0 |
|         fifo_burst_gen[0].fifo_req                                                                      |                                                    gdn_bf16_top_gmem7_m_axi_fifo__parameterized4 |         85 |         24 |       0 |   61 |    78 |      0 |      0 |    0 |          0 |
|           U_fifo_srl                                                                                    |                                                     gdn_bf16_top_gmem7_m_axi_srl__parameterized4 |         62 |          1 |       0 |   61 |    61 |      0 |      0 |    0 |          0 |
|         rs_req                                                                                          |                                               gdn_bf16_top_gmem7_m_axi_reg_slice__parameterized1 |         72 |         72 |       0 |    0 |   135 |      0 |      0 |    0 |          0 |
|     store_unit_0                                                                                        |                                                                   gdn_bf16_top_gmem7_m_axi_store |        408 |        238 |       0 |  170 |   348 |      0 |      0 |    0 |          0 |
|       (store_unit_0)                                                                                    |                                                                   gdn_bf16_top_gmem7_m_axi_store |          2 |          2 |       0 |    0 |   104 |      0 |      0 |    0 |          0 |
|       buff_wdata                                                                                        |                                                    gdn_bf16_top_gmem7_m_axi_fifo__parameterized1 |        108 |         36 |       0 |   72 |    92 |      0 |      0 |    0 |          0 |
|         U_fifo_srl                                                                                      |                                                     gdn_bf16_top_gmem7_m_axi_srl__parameterized1 |         73 |          1 |       0 |   72 |    72 |      0 |      0 |    0 |          0 |
|       fifo_wreq                                                                                         |                                                    gdn_bf16_top_gmem7_m_axi_fifo__parameterized0 |        198 |        105 |       0 |   93 |   104 |      0 |      0 |    0 |          0 |
|         U_fifo_srl                                                                                      |                                                     gdn_bf16_top_gmem7_m_axi_srl__parameterized0 |        163 |         70 |       0 |   93 |    93 |      0 |      0 |    0 |          0 |
|   grp_gdn_bf16_top_impl_fu_1036                                                                         |                                                                   gdn_bf16_top_gdn_bf16_top_impl |      55925 |      41508 |   14113 |  304 | 28072 |   1600 |      0 |  928 |         15 |
|     (grp_gdn_bf16_top_impl_fu_1036)                                                                     |                                                                   gdn_bf16_top_gdn_bf16_top_impl |       1131 |       1118 |       0 |   13 |  1579 |      0 |      0 |    0 |          0 |
|     gdn_bf16_top_impl_unsigned_char_unsigned_short_unsigned_char_unsigned_char_ap_ui_17_U               |    gdn_bf16_top_gdn_bf16_top_impl_gdn_bf16_top_impl_unsigned_char_unsigned_short_unsigned_chabkb |        141 |         77 |      64 |    0 |    64 |      0 |      0 |    0 |          0 |
|     gdn_bf16_top_impl_unsigned_char_unsigned_short_unsigned_char_unsigned_char_ap_ui_26_U               | gdn_bf16_top_gdn_bf16_top_impl_gdn_bf16_top_impl_unsigned_char_unsigned_short_unsigned_chabkb_22 |        142 |         78 |      64 |    0 |    64 |      0 |      0 |    0 |          0 |
|     gdn_bf16_top_impl_unsigned_char_unsigned_short_unsigned_char_unsigned_char_ap_ui_27_U               | gdn_bf16_top_gdn_bf16_top_impl_gdn_bf16_top_impl_unsigned_char_unsigned_short_unsigned_chabkb_23 |        161 |         97 |      64 |    0 |    64 |      0 |      0 |    0 |          0 |
|     gdn_bf16_top_impl_unsigned_char_unsigned_short_unsigned_char_unsigned_char_ap_ui_28_U               | gdn_bf16_top_gdn_bf16_top_impl_gdn_bf16_top_impl_unsigned_char_unsigned_short_unsigned_chabkb_24 |        141 |         77 |      64 |    0 |    64 |      0 |      0 |    0 |          0 |
|     grp_gdn_bf16_top_impl_Outline_store_bf16_resident_rows_fu_3788                                      |                                  gdn_bf16_top_gdn_bf16_top_impl_Outline_store_bf16_resident_rows |       5326 |       5326 |       0 |    0 |   591 |      0 |      0 |    0 |          0 |
|       (grp_gdn_bf16_top_impl_Outline_store_bf16_resident_rows_fu_3788)                                  |                                  gdn_bf16_top_gdn_bf16_top_impl_Outline_store_bf16_resident_rows |        123 |        123 |       0 |    0 |    47 |      0 |      0 |    0 |          0 |
|       grp_gdn_bf16_top_impl_Pipeline_pack_bf16_resident_lanes_fu_414                                    |                                 gdn_bf16_top_gdn_bf16_top_impl_Pipeline_pack_bf16_resident_lanes |       5203 |       5203 |       0 |    0 |   544 |      0 |      0 |    0 |          0 |
|         (grp_gdn_bf16_top_impl_Pipeline_pack_bf16_resident_lanes_fu_414)                                |                                 gdn_bf16_top_gdn_bf16_top_impl_Pipeline_pack_bf16_resident_lanes |       4592 |       4592 |       0 |    0 |   542 |      0 |      0 |    0 |          0 |
|         flow_control_loop_pipe_sequential_init_U                                                        |                                         gdn_bf16_top_flow_control_loop_pipe_sequential_init_2054 |         95 |         95 |       0 |    0 |     2 |      0 |      0 |    0 |          0 |
|         partset_512ns_512ns_16ns_9ns_512_1_1_U1839                                                      |                                                gdn_bf16_top_partset_512ns_512ns_16ns_9ns_512_1_1 |        516 |        516 |       0 |    0 |     0 |      0 |      0 |    0 |          0 |
|     grp_gdn_bf16_top_impl_Pipeline_load_bf16_lanes_fu_1861                                              |                                          gdn_bf16_top_gdn_bf16_top_impl_Pipeline_load_bf16_lanes |        533 |        533 |       0 |    0 |   568 |      0 |      0 |    0 |          0 |
|       (grp_gdn_bf16_top_impl_Pipeline_load_bf16_lanes_fu_1861)                                          |                                          gdn_bf16_top_gdn_bf16_top_impl_Pipeline_load_bf16_lanes |        520 |        520 |       0 |    0 |   566 |      0 |      0 |    0 |          0 |
|     grp_gdn_bf16_top_impl_Pipeline_load_bf16_resident_rows_unpack_bf16_resident_lanes_fu_1911           |       gdn_bf16_top_gdn_bf16_top_impl_Pipeline_load_bf16_resident_rows_unpack_bf16_resident_lanes |        513 |        504 |       0 |    9 |  1230 |      0 |      0 |    0 |          0 |
|       (grp_gdn_bf16_top_impl_Pipeline_load_bf16_resident_rows_unpack_bf16_resident_lanes_fu_1911)       |       gdn_bf16_top_gdn_bf16_top_impl_Pipeline_load_bf16_resident_rows_unpack_bf16_resident_lanes |        199 |        190 |       0 |    9 |  1228 |      0 |      0 |    0 |          0 |
|       partselect_16ns_512ns_9ns_16_1_1_U46                                                              |                                               gdn_bf16_top_partselect_16ns_512ns_9ns_16_1_1_2051 |        272 |        272 |       0 |    0 |     0 |      0 |      0 |    0 |          0 |
|     grp_gdn_bf16_top_impl_Pipeline_readback_bf16_heads_readback_bf16_rows_readback_bf16_s_fu_4060       |   gdn_bf16_top_gdn_bf16_top_impl_Pipeline_readback_bf16_heads_readback_bf16_rows_readback_bf16_s |       1227 |       1221 |       0 |    6 |  1174 |      0 |      0 |    0 |          0 |
|       (grp_gdn_bf16_top_impl_Pipeline_readback_bf16_heads_readback_bf16_rows_readback_bf16_s_fu_4060)   |   gdn_bf16_top_gdn_bf16_top_impl_Pipeline_readback_bf16_heads_readback_bf16_rows_readback_bf16_s |        919 |        913 |       0 |    6 |  1172 |      0 |      0 |    0 |          0 |
|       partselect_16ns_512ns_9ns_16_1_1_U2107                                                            |                                                    gdn_bf16_top_partselect_16ns_512ns_9ns_16_1_1 |        272 |        272 |       0 |    0 |     0 |      0 |      0 |    0 |          0 |
|     grp_gdn_bf16_top_impl_Pipeline_reset_bf16_heads_reset_bf16_rows_reset_bf16_blocks_fu_1869           |       gdn_bf16_top_gdn_bf16_top_impl_Pipeline_reset_bf16_heads_reset_bf16_rows_reset_bf16_blocks |        105 |        105 |       0 |    0 |    90 |      0 |      0 |    0 |          0 |
|       (grp_gdn_bf16_top_impl_Pipeline_reset_bf16_heads_reset_bf16_rows_reset_bf16_blocks_fu_1869)       |       gdn_bf16_top_gdn_bf16_top_impl_Pipeline_reset_bf16_heads_reset_bf16_rows_reset_bf16_blocks |         61 |         61 |       0 |    0 |    88 |      0 |      0 |    0 |          0 |
|     grp_p_anonymous_namespace_phase1_validate_state_fu_1854                                             |                                         gdn_bf16_top_p_anonymous_namespace_phase1_validate_state |         45 |         45 |       0 |    0 |    66 |      0 |      0 |    0 |          0 |
|     grp_p_anonymous_namespace_phase1_validate_token_fu_1884                                             |                                         gdn_bf16_top_p_anonymous_namespace_phase1_validate_token |        264 |        264 |       0 |    0 |   440 |      0 |      0 |    0 |          0 |
|       (grp_p_anonymous_namespace_phase1_validate_token_fu_1884)                                         |                                         gdn_bf16_top_p_anonymous_namespace_phase1_validate_token |        181 |        181 |       0 |    0 |   315 |      0 |      0 |    0 |          0 |
|       grp_p_anonymous_namespace_phase1_validate_token_Pipeline_phase1_bf16_qk_heads_phase1_s_fu_231     |  gdn_bf16_top_p_anonymous_namespace_phase1_validate_token_Pipeline_phase1_bf16_qk_heads_phase1_s |         52 |         52 |       0 |    0 |    76 |      0 |      0 |    0 |          0 |
|         (grp_p_anonymous_namespace_phase1_validate_token_Pipeline_phase1_bf16_qk_heads_phase1_s_fu_231) |  gdn_bf16_top_p_anonymous_namespace_phase1_validate_token_Pipeline_phase1_bf16_qk_heads_phase1_s |         29 |         29 |       0 |    0 |    74 |      0 |      0 |    0 |          0 |
|     grp_p_anonymous_namespace_phase2_decay_predict_tile_fu_2183                                         |                                     gdn_bf16_top_p_anonymous_namespace_phase2_decay_predict_tile |       6975 |       5320 |    1536 |  119 |  4947 |      0 |      0 |    0 |          6 |
|       (grp_p_anonymous_namespace_phase2_decay_predict_tile_fu_2183)                                     |                                     gdn_bf16_top_p_anonymous_namespace_phase2_decay_predict_tile |         39 |         39 |       0 |    0 |   114 |      0 |      0 |    0 |          0 |
|       grp_p_anonymous_namespace_phase2_decay_predict_tile_Pipeline_phase2_bf16_decay_rows_p_fu_776      |   gdn_bf16_top_p_anonymous_namespace_phase2_decay_predict_tile_Pipeline_phase2_bf16_decay_rows_p |       1004 |        990 |       0 |   14 |   319 |      0 |      0 |    0 |          3 |
|         (grp_p_anonymous_namespace_phase2_decay_predict_tile_Pipeline_phase2_bf16_decay_rows_p_fu_776)  |   gdn_bf16_top_p_anonymous_namespace_phase2_decay_predict_tile_Pipeline_phase2_bf16_decay_rows_p |        864 |        850 |       0 |   14 |   268 |      0 |      0 |    0 |          0 |
|         floatingpoint_mul_32ns_32ns_32ns_32ns_32_3_1_U184                                               |                             gdn_bf16_top_floatingpoint_mul_32ns_32ns_32ns_32ns_32_3_1__xdcDup__1 |         75 |         75 |       0 |    0 |    49 |      0 |      0 |    0 |          3 |
|           gdn_bf16_top_floatingpoint_mul_32ns_32ns_32ns_32ns_32_3_1_ip_u                                |                                  gdn_bf16_top_floatingpoint_mul_32ns_32ns_32ns_32ns_32_3_1_ip__6 |         75 |         75 |       0 |    0 |    49 |      0 |      0 |    0 |          3 |
|             U0                                                                                          |                                                                        floating_point_v7_1_21__6 |         75 |         75 |       0 |    0 |    49 |      0 |      0 |    0 |          3 |
|               i_synth                                                                                   |                                                                    floating_point_v7_1_21_viv__6 |         75 |         75 |       0 |    0 |    49 |      0 |      0 |    0 |          3 |
|                 MULT.OP                                                                                 |                                                                                    flt_mult_2006 |         74 |         74 |       0 |    0 |    48 |      0 |      0 |    0 |          3 |
|       grp_p_anonymous_namespace_phase2_decay_predict_tile_Pipeline_phase2_bf16_prediction_t_fu_1293     |   gdn_bf16_top_p_anonymous_namespace_phase2_decay_predict_tile_Pipeline_phase2_bf16_prediction_t |       1249 |       1240 |       0 |    9 |   170 |      0 |      0 |    0 |          3 |
|         (grp_p_anonymous_namespace_phase2_decay_predict_tile_Pipeline_phase2_bf16_prediction_t_fu_1293) |   gdn_bf16_top_p_anonymous_namespace_phase2_decay_predict_tile_Pipeline_phase2_bf16_prediction_t |       1116 |       1107 |       0 |    9 |   119 |      0 |      0 |    0 |          0 |
|         floatingpoint_mul_32ns_32ns_32ns_32ns_32_3_1_U464                                               |                             gdn_bf16_top_floatingpoint_mul_32ns_32ns_32ns_32ns_32_3_1__xdcDup__2 |         75 |         75 |       0 |    0 |    49 |      0 |      0 |    0 |          3 |
|           gdn_bf16_top_floatingpoint_mul_32ns_32ns_32ns_32ns_32_3_1_ip_u                                |                                  gdn_bf16_top_floatingpoint_mul_32ns_32ns_32ns_32ns_32_3_1_ip__5 |         75 |         75 |       0 |    0 |    49 |      0 |      0 |    0 |          3 |
|             U0                                                                                          |                                                                        floating_point_v7_1_21__5 |         75 |         75 |       0 |    0 |    49 |      0 |      0 |    0 |          3 |
|               i_synth                                                                                   |                                                                    floating_point_v7_1_21_viv__5 |         75 |         75 |       0 |    0 |    49 |      0 |      0 |    0 |          3 |
|                 MULT.OP                                                                                 |                                                                                    flt_mult_1971 |         74 |         74 |       0 |    0 |    48 |      0 |      0 |    0 |          3 |
|       grp_p_anonymous_namespace_reduce_128_fu_1574                                                      |                                         gdn_bf16_top_p_anonymous_namespace_reduce_128__xdcDup__1 |       4135 |       3015 |    1024 |   96 |  3832 |      0 |      0 |    0 |          0 |
|         (grp_p_anonymous_namespace_reduce_128_fu_1574)                                                  |                                         gdn_bf16_top_p_anonymous_namespace_reduce_128__xdcDup__1 |          6 |          6 |       0 |    0 |    55 |      0 |      0 |    0 |          0 |
|         floatingpoint_add_32ns_32ns_32ns_32ns_32_5_1_U789                                               |                             gdn_bf16_top_floatingpoint_add_32ns_32ns_32ns_32ns_32_5_1__xdcDup__7 |        344 |        335 |       0 |    9 |   187 |      0 |      0 |    0 |          0 |
|           gdn_bf16_top_floatingpoint_add_32ns_32ns_32ns_32ns_32_5_1_ip_u                                |                                 gdn_bf16_top_floatingpoint_add_32ns_32ns_32ns_32ns_32_5_1_ip__15 |        328 |        319 |       0 |    9 |   187 |      0 |      0 |    0 |          0 |
|             U0                                                                                          |                                                       floating_point_v7_1_21__parameterized3__15 |        328 |        319 |       0 |    9 |   187 |      0 |      0 |    0 |          0 |
|               i_synth                                                                                   |                                                   floating_point_v7_1_21_viv__parameterized3__15 |        328 |        319 |       0 |    9 |   187 |      0 |      0 |    0 |          0 |
|                 ADDSUB_OP.ADDSUB                                                                        |                                                                                     flt_add_1881 |        327 |        318 |       0 |    9 |   186 |      0 |      0 |    0 |          0 |
|                   LOGIC_SPEED.OP                                                                        |                                                                               flt_add_logic_1883 |        327 |        318 |       0 |    9 |   186 |      0 |      0 |    0 |          0 |
|                     ALIGN_BLK                                                                           |                                                                                   align_add_1884 |        143 |        143 |       0 |    0 |   100 |      0 |      0 |    0 |          0 |
|                       FRAC_ADDSUB                                                                       |                                                                                      addsub_1936 |         63 |         63 |       0 |    0 |    51 |      0 |      0 |    0 |          0 |
|                         LOGIC_ADD.FRAC_ADDSUB                                                           |                                                                                addsub_logic_1945 |         63 |         63 |       0 |    0 |    51 |      0 |      0 |    0 |          0 |
|                     EXP                                                                                 |                                                                                 flt_add_exp_1885 |        135 |        126 |       0 |    9 |    21 |      0 |      0 |    0 |          0 |
|                       NUMB_CMP                                                                          |                                                                                     compare_1920 |         73 |         73 |       0 |    0 |     0 |      0 |      0 |    0 |          0 |
|                         NOT_FAST.CMP                                                                    |                                                                                  compare_gt_1923 |         73 |         73 |       0 |    0 |     0 |      0 |      0 |    0 |          0 |
|                           C_CHAIN                                                                       |                                                                carry_chain__parameterized11_1924 |         73 |         73 |       0 |    0 |     0 |      0 |      0 |    0 |          0 |
|         grp_p_anonymous_namespace_reduce_128_Pipeline_reduce_bf16_16_fu_402                             |                 gdn_bf16_top_p_anonymous_namespace_reduce_128_Pipeline_reduce_bf16_16__xdcDup__1 |        619 |        604 |       0 |   15 |   782 |      0 |      0 |    0 |          0 |
|           (grp_p_anonymous_namespace_reduce_128_Pipeline_reduce_bf16_16_fu_402)                         |                 gdn_bf16_top_p_anonymous_namespace_reduce_128_Pipeline_reduce_bf16_16__xdcDup__1 |        279 |        273 |       0 |    6 |   593 |      0 |      0 |    0 |          0 |
|           floatingpoint_add_32ns_32ns_32ns_32ns_32_5_1_U704                                             |                             gdn_bf16_top_floatingpoint_add_32ns_32ns_32ns_32ns_32_5_1__xdcDup__3 |        328 |        319 |       0 |    9 |   187 |      0 |      0 |    0 |          0 |
|             gdn_bf16_top_floatingpoint_add_32ns_32ns_32ns_32ns_32_5_1_ip_u                              |                                 gdn_bf16_top_floatingpoint_add_32ns_32ns_32ns_32ns_32_5_1_ip__19 |        328 |        319 |       0 |    9 |   187 |      0 |      0 |    0 |          0 |
|               U0                                                                                        |                                                       floating_point_v7_1_21__parameterized3__19 |        328 |        319 |       0 |    9 |   187 |      0 |      0 |    0 |          0 |
|                 i_synth                                                                                 |                                                   floating_point_v7_1_21_viv__parameterized3__19 |        328 |        319 |       0 |    9 |   187 |      0 |      0 |    0 |          0 |
|                   ADDSUB_OP.ADDSUB                                                                      |                                                                                     flt_add_1792 |        327 |        318 |       0 |    9 |   186 |      0 |      0 |    0 |          0 |
|                     LOGIC_SPEED.OP                                                                      |                                                                               flt_add_logic_1794 |        327 |        318 |       0 |    9 |   186 |      0 |      0 |    0 |          0 |
|                       ALIGN_BLK                                                                         |                                                                                   align_add_1795 |        143 |        143 |       0 |    0 |   100 |      0 |      0 |    0 |          0 |
|                         FRAC_ADDSUB                                                                     |                                                                                      addsub_1847 |         63 |         63 |       0 |    0 |    51 |      0 |      0 |    0 |          0 |
|                           LOGIC_ADD.FRAC_ADDSUB                                                         |                                                                                addsub_logic_1856 |         63 |         63 |       0 |    0 |    51 |      0 |      0 |    0 |          0 |
|                       EXP                                                                               |                                                                                 flt_add_exp_1796 |        135 |        126 |       0 |    9 |    21 |      0 |      0 |    0 |          0 |
|                         NUMB_CMP                                                                        |                                                                                     compare_1831 |         73 |         73 |       0 |    0 |     0 |      0 |      0 |    0 |          0 |
|                           NOT_FAST.CMP                                                                  |                                                                                  compare_gt_1834 |         73 |         73 |       0 |    0 |     0 |      0 |      0 |    0 |          0 |
|                             C_CHAIN                                                                     |                                                                carry_chain__parameterized11_1835 |         73 |         73 |       0 |    0 |     0 |      0 |      0 |    0 |          0 |
|         grp_p_anonymous_namespace_reduce_128_Pipeline_reduce_bf16_2_fu_482                              |                  gdn_bf16_top_p_anonymous_namespace_reduce_128_Pipeline_reduce_bf16_2__xdcDup__1 |        374 |        362 |       0 |   12 |   261 |      0 |      0 |    0 |          0 |
|           (grp_p_anonymous_namespace_reduce_128_Pipeline_reduce_bf16_2_fu_482)                          |                  gdn_bf16_top_p_anonymous_namespace_reduce_128_Pipeline_reduce_bf16_2__xdcDup__1 |         41 |         38 |       0 |    3 |    72 |      0 |      0 |    0 |          0 |
|           floatingpoint_add_32ns_32ns_32ns_32ns_32_5_1_U782                                             |                             gdn_bf16_top_floatingpoint_add_32ns_32ns_32ns_32ns_32_5_1__xdcDup__6 |        328 |        319 |       0 |    9 |   187 |      0 |      0 |    0 |          0 |
|             gdn_bf16_top_floatingpoint_add_32ns_32ns_32ns_32ns_32_5_1_ip_u                              |                                 gdn_bf16_top_floatingpoint_add_32ns_32ns_32ns_32ns_32_5_1_ip__16 |        328 |        319 |       0 |    9 |   187 |      0 |      0 |    0 |          0 |
|               U0                                                                                        |                                                       floating_point_v7_1_21__parameterized3__16 |        328 |        319 |       0 |    9 |   187 |      0 |      0 |    0 |          0 |
|                 i_synth                                                                                 |                                                   floating_point_v7_1_21_viv__parameterized3__16 |        328 |        319 |       0 |    9 |   187 |      0 |      0 |    0 |          0 |
|                   ADDSUB_OP.ADDSUB                                                                      |                                                                                     flt_add_1702 |        327 |        318 |       0 |    9 |   186 |      0 |      0 |    0 |          0 |
|                     LOGIC_SPEED.OP                                                                      |                                                                               flt_add_logic_1704 |        327 |        318 |       0 |    9 |   186 |      0 |      0 |    0 |          0 |
|                       ALIGN_BLK                                                                         |                                                                                   align_add_1705 |        143 |        143 |       0 |    0 |   100 |      0 |      0 |    0 |          0 |
|                         FRAC_ADDSUB                                                                     |                                                                                      addsub_1757 |         63 |         63 |       0 |    0 |    51 |      0 |      0 |    0 |          0 |
|                           LOGIC_ADD.FRAC_ADDSUB                                                         |                                                                                addsub_logic_1766 |         63 |         63 |       0 |    0 |    51 |      0 |      0 |    0 |          0 |
|                       EXP                                                                               |                                                                                 flt_add_exp_1706 |        135 |        126 |       0 |    9 |    21 |      0 |      0 |    0 |          0 |
|                         NUMB_CMP                                                                        |                                                                                     compare_1741 |         73 |         73 |       0 |    0 |     0 |      0 |      0 |    0 |          0 |
|                           NOT_FAST.CMP                                                                  |                                                                                  compare_gt_1744 |         73 |         73 |       0 |    0 |     0 |      0 |      0 |    0 |          0 |
|                             C_CHAIN                                                                     |                                                                carry_chain__parameterized11_1745 |         73 |         73 |       0 |    0 |     0 |      0 |      0 |    0 |          0 |
|         grp_p_anonymous_namespace_reduce_128_Pipeline_reduce_bf16_32_fu_366                             |                 gdn_bf16_top_p_anonymous_namespace_reduce_128_Pipeline_reduce_bf16_32__xdcDup__1 |        501 |        485 |       0 |   16 |   305 |      0 |      0 |    0 |          0 |
|           (grp_p_anonymous_namespace_reduce_128_Pipeline_reduce_bf16_32_fu_366)                         |                 gdn_bf16_top_p_anonymous_namespace_reduce_128_Pipeline_reduce_bf16_32__xdcDup__1 |        155 |        148 |       0 |    7 |   116 |      0 |      0 |    0 |          0 |
|           floatingpoint_add_32ns_32ns_32ns_32ns_32_5_1_U669                                             |                             gdn_bf16_top_floatingpoint_add_32ns_32ns_32ns_32ns_32_5_1__xdcDup__2 |        328 |        319 |       0 |    9 |   187 |      0 |      0 |    0 |          0 |
|             gdn_bf16_top_floatingpoint_add_32ns_32ns_32ns_32ns_32_5_1_ip_u                              |                                 gdn_bf16_top_floatingpoint_add_32ns_32ns_32ns_32ns_32_5_1_ip__20 |        328 |        319 |       0 |    9 |   187 |      0 |      0 |    0 |          0 |
|               U0                                                                                        |                                                       floating_point_v7_1_21__parameterized3__20 |        328 |        319 |       0 |    9 |   187 |      0 |      0 |    0 |          0 |
|                 i_synth                                                                                 |                                                   floating_point_v7_1_21_viv__parameterized3__20 |        328 |        319 |       0 |    9 |   187 |      0 |      0 |    0 |          0 |
|                   ADDSUB_OP.ADDSUB                                                                      |                                                                                     flt_add_1612 |        327 |        318 |       0 |    9 |   186 |      0 |      0 |    0 |          0 |
|                     LOGIC_SPEED.OP                                                                      |                                                                               flt_add_logic_1614 |        327 |        318 |       0 |    9 |   186 |      0 |      0 |    0 |          0 |
|                       ALIGN_BLK                                                                         |                                                                                   align_add_1615 |        143 |        143 |       0 |    0 |   100 |      0 |      0 |    0 |          0 |
|                         FRAC_ADDSUB                                                                     |                                                                                      addsub_1667 |         63 |         63 |       0 |    0 |    51 |      0 |      0 |    0 |          0 |
|                           LOGIC_ADD.FRAC_ADDSUB                                                         |                                                                                addsub_logic_1676 |         63 |         63 |       0 |    0 |    51 |      0 |      0 |    0 |          0 |
|                       EXP                                                                               |                                                                                 flt_add_exp_1616 |        135 |        126 |       0 |    9 |    21 |      0 |      0 |    0 |          0 |
|                         NUMB_CMP                                                                        |                                                                                     compare_1651 |         73 |         73 |       0 |    0 |     0 |      0 |      0 |    0 |          0 |
|                           NOT_FAST.CMP                                                                  |                                                                                  compare_gt_1654 |         73 |         73 |       0 |    0 |     0 |      0 |      0 |    0 |          0 |
|                             C_CHAIN                                                                     |                                                                carry_chain__parameterized11_1655 |         73 |         73 |       0 |    0 |     0 |      0 |      0 |    0 |          0 |
|         grp_p_anonymous_namespace_reduce_128_Pipeline_reduce_bf16_4_fu_466                              |                  gdn_bf16_top_p_anonymous_namespace_reduce_128_Pipeline_reduce_bf16_4__xdcDup__1 |        343 |        330 |       0 |   13 |   390 |      0 |      0 |    0 |          0 |
|           (grp_p_anonymous_namespace_reduce_128_Pipeline_reduce_bf16_4_fu_466)                          |                  gdn_bf16_top_p_anonymous_namespace_reduce_128_Pipeline_reduce_bf16_4__xdcDup__1 |          9 |          5 |       0 |    4 |   201 |      0 |      0 |    0 |          0 |
|           floatingpoint_add_32ns_32ns_32ns_32ns_32_5_1_U766                                             |                             gdn_bf16_top_floatingpoint_add_32ns_32ns_32ns_32ns_32_5_1__xdcDup__5 |        328 |        319 |       0 |    9 |   187 |      0 |      0 |    0 |          0 |
|             gdn_bf16_top_floatingpoint_add_32ns_32ns_32ns_32ns_32_5_1_ip_u                              |                                 gdn_bf16_top_floatingpoint_add_32ns_32ns_32ns_32ns_32_5_1_ip__17 |        328 |        319 |       0 |    9 |   187 |      0 |      0 |    0 |          0 |
|               U0                                                                                        |                                                       floating_point_v7_1_21__parameterized3__17 |        328 |        319 |       0 |    9 |   187 |      0 |      0 |    0 |          0 |
|                 i_synth                                                                                 |                                                   floating_point_v7_1_21_viv__parameterized3__17 |        328 |        319 |       0 |    9 |   187 |      0 |      0 |    0 |          0 |
|                   ADDSUB_OP.ADDSUB                                                                      |                                                                                     flt_add_1522 |        327 |        318 |       0 |    9 |   186 |      0 |      0 |    0 |          0 |
|                     LOGIC_SPEED.OP                                                                      |                                                                               flt_add_logic_1524 |        327 |        318 |       0 |    9 |   186 |      0 |      0 |    0 |          0 |
|                       ALIGN_BLK                                                                         |                                                                                   align_add_1525 |        143 |        143 |       0 |    0 |   100 |      0 |      0 |    0 |          0 |
|                         FRAC_ADDSUB                                                                     |                                                                                      addsub_1577 |         63 |         63 |       0 |    0 |    51 |      0 |      0 |    0 |          0 |
|                           LOGIC_ADD.FRAC_ADDSUB                                                         |                                                                                addsub_logic_1586 |         63 |         63 |       0 |    0 |    51 |      0 |      0 |    0 |          0 |
|                       EXP                                                                               |                                                                                 flt_add_exp_1526 |        135 |        126 |       0 |    9 |    21 |      0 |      0 |    0 |          0 |
|                         NUMB_CMP                                                                        |                                                                                     compare_1561 |         73 |         73 |       0 |    0 |     0 |      0 |      0 |    0 |          0 |
|                           NOT_FAST.CMP                                                                  |                                                                                  compare_gt_1564 |         73 |         73 |       0 |    0 |     0 |      0 |      0 |    0 |          0 |
|                             C_CHAIN                                                                     |                                                                carry_chain__parameterized11_1565 |         73 |         73 |       0 |    0 |     0 |      0 |      0 |    0 |          0 |
|         grp_p_anonymous_namespace_reduce_128_Pipeline_reduce_bf16_64_fu_298                             |                 gdn_bf16_top_p_anonymous_namespace_reduce_128_Pipeline_reduce_bf16_64__xdcDup__1 |        509 |        492 |       0 |   17 |   308 |      0 |      0 |    0 |          0 |
|           (grp_p_anonymous_namespace_reduce_128_Pipeline_reduce_bf16_64_fu_298)                         |                 gdn_bf16_top_p_anonymous_namespace_reduce_128_Pipeline_reduce_bf16_64__xdcDup__1 |        156 |        148 |       0 |    8 |   119 |      0 |      0 |    0 |          0 |
|           floatingpoint_add_32ns_32ns_32ns_32ns_32_5_1_U633                                             |                             gdn_bf16_top_floatingpoint_add_32ns_32ns_32ns_32ns_32_5_1__xdcDup__1 |        328 |        319 |       0 |    9 |   187 |      0 |      0 |    0 |          0 |
|             gdn_bf16_top_floatingpoint_add_32ns_32ns_32ns_32ns_32_5_1_ip_u                              |                                 gdn_bf16_top_floatingpoint_add_32ns_32ns_32ns_32ns_32_5_1_ip__21 |        328 |        319 |       0 |    9 |   187 |      0 |      0 |    0 |          0 |
|               U0                                                                                        |                                                       floating_point_v7_1_21__parameterized3__21 |        328 |        319 |       0 |    9 |   187 |      0 |      0 |    0 |          0 |
|                 i_synth                                                                                 |                                                   floating_point_v7_1_21_viv__parameterized3__21 |        328 |        319 |       0 |    9 |   187 |      0 |      0 |    0 |          0 |
|                   ADDSUB_OP.ADDSUB                                                                      |                                                                                     flt_add_1432 |        327 |        318 |       0 |    9 |   186 |      0 |      0 |    0 |          0 |
|                     LOGIC_SPEED.OP                                                                      |                                                                               flt_add_logic_1434 |        327 |        318 |       0 |    9 |   186 |      0 |      0 |    0 |          0 |
|                       ALIGN_BLK                                                                         |                                                                                   align_add_1435 |        143 |        143 |       0 |    0 |   100 |      0 |      0 |    0 |          0 |
|                         FRAC_ADDSUB                                                                     |                                                                                      addsub_1487 |         63 |         63 |       0 |    0 |    51 |      0 |      0 |    0 |          0 |
|                           LOGIC_ADD.FRAC_ADDSUB                                                         |                                                                                addsub_logic_1496 |         63 |         63 |       0 |    0 |    51 |      0 |      0 |    0 |          0 |
|                       EXP                                                                               |                                                                                 flt_add_exp_1436 |        135 |        126 |       0 |    9 |    21 |      0 |      0 |    0 |          0 |
|                         NUMB_CMP                                                                        |                                                                                     compare_1471 |         73 |         73 |       0 |    0 |     0 |      0 |      0 |    0 |          0 |
|                           NOT_FAST.CMP                                                                  |                                                                                  compare_gt_1474 |         73 |         73 |       0 |    0 |     0 |      0 |      0 |    0 |          0 |
|                             C_CHAIN                                                                     |                                                                carry_chain__parameterized11_1475 |         73 |         73 |       0 |    0 |     0 |      0 |      0 |    0 |          0 |
|         grp_p_anonymous_namespace_reduce_128_Pipeline_reduce_bf16_8_fu_438                              |                  gdn_bf16_top_p_anonymous_namespace_reduce_128_Pipeline_reduce_bf16_8__xdcDup__1 |        415 |        401 |       0 |   14 |   520 |      0 |      0 |    0 |          0 |
|           (grp_p_anonymous_namespace_reduce_128_Pipeline_reduce_bf16_8_fu_438)                          |                  gdn_bf16_top_p_anonymous_namespace_reduce_128_Pipeline_reduce_bf16_8__xdcDup__1 |         78 |         73 |       0 |    5 |   331 |      0 |      0 |    0 |          0 |
|           floatingpoint_add_32ns_32ns_32ns_32ns_32_5_1_U739                                             |                             gdn_bf16_top_floatingpoint_add_32ns_32ns_32ns_32ns_32_5_1__xdcDup__4 |        328 |        319 |       0 |    9 |   187 |      0 |      0 |    0 |          0 |
|             gdn_bf16_top_floatingpoint_add_32ns_32ns_32ns_32ns_32_5_1_ip_u                              |                                 gdn_bf16_top_floatingpoint_add_32ns_32ns_32ns_32ns_32_5_1_ip__18 |        328 |        319 |       0 |    9 |   187 |      0 |      0 |    0 |          0 |
|               U0                                                                                        |                                                       floating_point_v7_1_21__parameterized3__18 |        328 |        319 |       0 |    9 |   187 |      0 |      0 |    0 |          0 |
|                 i_synth                                                                                 |                                                   floating_point_v7_1_21_viv__parameterized3__18 |        328 |        319 |       0 |    9 |   187 |      0 |      0 |    0 |          0 |
|                   ADDSUB_OP.ADDSUB                                                                      |                                                                                     flt_add_1342 |        327 |        318 |       0 |    9 |   186 |      0 |      0 |    0 |          0 |
|                     LOGIC_SPEED.OP                                                                      |                                                                               flt_add_logic_1344 |        327 |        318 |       0 |    9 |   186 |      0 |      0 |    0 |          0 |
|                       ALIGN_BLK                                                                         |                                                                                   align_add_1345 |        143 |        143 |       0 |    0 |   100 |      0 |      0 |    0 |          0 |
|                         FRAC_ADDSUB                                                                     |                                                                                      addsub_1397 |         63 |         63 |       0 |    0 |    51 |      0 |      0 |    0 |          0 |
|                           LOGIC_ADD.FRAC_ADDSUB                                                         |                                                                                addsub_logic_1406 |         63 |         63 |       0 |    0 |    51 |      0 |      0 |    0 |          0 |
|                       EXP                                                                               |                                                                                 flt_add_exp_1346 |        135 |        126 |       0 |    9 |    21 |      0 |      0 |    0 |          0 |
|                         NUMB_CMP                                                                        |                                                                                     compare_1381 |         73 |         73 |       0 |    0 |     0 |      0 |      0 |    0 |          0 |
|                           NOT_FAST.CMP                                                                  |                                                                                  compare_gt_1384 |         73 |         73 |       0 |    0 |     0 |      0 |      0 |    0 |          0 |
|                             C_CHAIN                                                                     |                                                                carry_chain__parameterized11_1385 |         73 |         73 |       0 |    0 |     0 |      0 |      0 |    0 |          0 |
|     grp_p_anonymous_namespace_phase3_delta_tile_fu_2712                                                 |                                             gdn_bf16_top_p_anonymous_namespace_phase3_delta_tile |        576 |        560 |       0 |   16 |   424 |      0 |      0 |    0 |          3 |
|       (grp_p_anonymous_namespace_phase3_delta_tile_fu_2712)                                             |                                             gdn_bf16_top_p_anonymous_namespace_phase3_delta_tile |         81 |         74 |       0 |    7 |   186 |      0 |      0 |    0 |          0 |
|       floatingpoint_mul_32ns_32ns_32ns_32ns_32_3_1_U1078                                                |                             gdn_bf16_top_floatingpoint_mul_32ns_32ns_32ns_32ns_32_3_1__xdcDup__3 |         75 |         75 |       0 |    0 |    49 |      0 |      0 |    0 |          3 |
|         gdn_bf16_top_floatingpoint_mul_32ns_32ns_32ns_32ns_32_3_1_ip_u                                  |                                  gdn_bf16_top_floatingpoint_mul_32ns_32ns_32ns_32ns_32_3_1_ip__7 |         75 |         75 |       0 |    0 |    49 |      0 |      0 |    0 |          3 |
|           U0                                                                                            |                                                                        floating_point_v7_1_21__7 |         75 |         75 |       0 |    0 |    49 |      0 |      0 |    0 |          3 |
|             i_synth                                                                                     |                                                                    floating_point_v7_1_21_viv__7 |         75 |         75 |       0 |    0 |    49 |      0 |      0 |    0 |          3 |
|               MULT.OP                                                                                   |                                                                                    flt_mult_1254 |         74 |         74 |       0 |    0 |    48 |      0 |      0 |    0 |          3 |
|       floatingpoint_sub_32ns_32ns_32ns_32ns_32_5_1_U1077                                                |                                        gdn_bf16_top_floatingpoint_sub_32ns_32ns_32ns_32ns_32_5_1 |        328 |        319 |       0 |    9 |   187 |      0 |      0 |    0 |          0 |
|         gdn_bf16_top_floatingpoint_sub_32ns_32ns_32ns_32ns_32_5_1_ip_u                                  |                                     gdn_bf16_top_floatingpoint_sub_32ns_32ns_32ns_32ns_32_5_1_ip |        328 |        319 |       0 |    9 |   187 |      0 |      0 |    0 |          0 |
|           U0                                                                                            |                                                           floating_point_v7_1_21__parameterized5 |        328 |        319 |       0 |    9 |   187 |      0 |      0 |    0 |          0 |
|             i_synth                                                                                     |                                                       floating_point_v7_1_21_viv__parameterized5 |        328 |        319 |       0 |    9 |   187 |      0 |      0 |    0 |          0 |
|               ADDSUB_OP.ADDSUB                                                                          |                                                                          flt_add__parameterized0 |        327 |        318 |       0 |    9 |   186 |      0 |      0 |    0 |          0 |
|                 LOGIC_SPEED.OP                                                                          |                                                                               flt_add_logic_1167 |        327 |        318 |       0 |    9 |   186 |      0 |      0 |    0 |          0 |
|                   ALIGN_BLK                                                                             |                                                                                   align_add_1168 |        143 |        143 |       0 |    0 |   100 |      0 |      0 |    0 |          0 |
|                     FRAC_ADDSUB                                                                         |                                                                                      addsub_1220 |         63 |         63 |       0 |    0 |    51 |      0 |      0 |    0 |          0 |
|                       LOGIC_ADD.FRAC_ADDSUB                                                             |                                                                                addsub_logic_1229 |         63 |         63 |       0 |    0 |    51 |      0 |      0 |    0 |          0 |
|                   EXP                                                                                   |                                                                                 flt_add_exp_1169 |        135 |        126 |       0 |    9 |    21 |      0 |      0 |    0 |          0 |
|                     NUMB_CMP                                                                            |                                                                                     compare_1204 |         73 |         73 |       0 |    0 |     0 |      0 |      0 |    0 |          0 |
|                       NOT_FAST.CMP                                                                      |                                                                                  compare_gt_1207 |         73 |         73 |       0 |    0 |     0 |      0 |      0 |    0 |          0 |
|                         C_CHAIN                                                                         |                                                                carry_chain__parameterized11_1208 |         73 |         73 |       0 |    0 |     0 |      0 |      0 |    0 |          0 |
|     grp_p_anonymous_namespace_phase4_update_state_tile_fu_2738                                          |                                      gdn_bf16_top_p_anonymous_namespace_phase4_update_state_tile |       2094 |       2059 |       0 |   35 |   625 |      0 |      0 |    0 |          3 |
|       (grp_p_anonymous_namespace_phase4_update_state_tile_fu_2738)                                      |                                      gdn_bf16_top_p_anonymous_namespace_phase4_update_state_tile |       1570 |       1544 |       0 |   26 |   387 |      0 |      0 |    0 |          0 |
|       floatingpoint_add_32ns_32ns_32ns_32ns_32_5_1_U1103                                                |                             gdn_bf16_top_floatingpoint_add_32ns_32ns_32ns_32ns_32_5_1__xdcDup__8 |        328 |        319 |       0 |    9 |   187 |      0 |      0 |    0 |          0 |
|         gdn_bf16_top_floatingpoint_add_32ns_32ns_32ns_32ns_32_5_1_ip_u                                  |                                 gdn_bf16_top_floatingpoint_add_32ns_32ns_32ns_32ns_32_5_1_ip__22 |        328 |        319 |       0 |    9 |   187 |      0 |      0 |    0 |          0 |
|           U0                                                                                            |                                                       floating_point_v7_1_21__parameterized3__22 |        328 |        319 |       0 |    9 |   187 |      0 |      0 |    0 |          0 |
|             i_synth                                                                                     |                                                   floating_point_v7_1_21_viv__parameterized3__22 |        328 |        319 |       0 |    9 |   187 |      0 |      0 |    0 |          0 |
|               ADDSUB_OP.ADDSUB                                                                          |                                                                                     flt_add_1076 |        327 |        318 |       0 |    9 |   186 |      0 |      0 |    0 |          0 |
|                 LOGIC_SPEED.OP                                                                          |                                                                               flt_add_logic_1078 |        327 |        318 |       0 |    9 |   186 |      0 |      0 |    0 |          0 |
|                   ALIGN_BLK                                                                             |                                                                                   align_add_1079 |        143 |        143 |       0 |    0 |   100 |      0 |      0 |    0 |          0 |
|                     FRAC_ADDSUB                                                                         |                                                                                      addsub_1131 |         63 |         63 |       0 |    0 |    51 |      0 |      0 |    0 |          0 |
|                       LOGIC_ADD.FRAC_ADDSUB                                                             |                                                                                addsub_logic_1140 |         63 |         63 |       0 |    0 |    51 |      0 |      0 |    0 |          0 |
|                   EXP                                                                                   |                                                                                 flt_add_exp_1080 |        135 |        126 |       0 |    9 |    21 |      0 |      0 |    0 |          0 |
|                     NUMB_CMP                                                                            |                                                                                     compare_1115 |         73 |         73 |       0 |    0 |     0 |      0 |      0 |    0 |          0 |
|                       NOT_FAST.CMP                                                                      |                                                                                  compare_gt_1118 |         73 |         73 |       0 |    0 |     0 |      0 |      0 |    0 |          0 |
|                         C_CHAIN                                                                         |                                                                carry_chain__parameterized11_1119 |         73 |         73 |       0 |    0 |     0 |      0 |      0 |    0 |          0 |
|       floatingpoint_floattofloat_16ns_32ns_32ns_32ns_16_1_1_U1106                                       |                    gdn_bf16_top_floatingpoint_floattofloat_16ns_32ns_32ns_32ns_16_1_1__xdcDup__1 |         58 |         58 |       0 |    0 |     0 |      0 |      0 |    0 |          0 |
|       floatingpoint_mul_32ns_32ns_32ns_32ns_32_3_1_U1104                                                |                             gdn_bf16_top_floatingpoint_mul_32ns_32ns_32ns_32ns_32_3_1__xdcDup__4 |         75 |         75 |       0 |    0 |    49 |      0 |      0 |    0 |          3 |
|         gdn_bf16_top_floatingpoint_mul_32ns_32ns_32ns_32ns_32_3_1_ip_u                                  |                                  gdn_bf16_top_floatingpoint_mul_32ns_32ns_32ns_32ns_32_3_1_ip__8 |         75 |         75 |       0 |    0 |    49 |      0 |      0 |    0 |          3 |
|           U0                                                                                            |                                                                        floating_point_v7_1_21__8 |         75 |         75 |       0 |    0 |    49 |      0 |      0 |    0 |          3 |
|             i_synth                                                                                     |                                                                    floating_point_v7_1_21_viv__8 |         75 |         75 |       0 |    0 |    49 |      0 |      0 |    0 |          3 |
|               MULT.OP                                                                                   |                                                                                    flt_mult_1028 |         74 |         74 |       0 |    0 |    48 |      0 |      0 |    0 |          3 |
|     grp_p_anonymous_namespace_phase5_output_tile_fu_3521                                                |                                            gdn_bf16_top_p_anonymous_namespace_phase5_output_tile |       6298 |       4656 |    1536 |  106 |  4676 |      0 |      0 |    0 |          3 |
|       (grp_p_anonymous_namespace_phase5_output_tile_fu_3521)                                            |                                            gdn_bf16_top_p_anonymous_namespace_phase5_output_tile |        228 |        227 |       0 |    1 |   162 |      0 |      0 |    0 |          0 |
|       grp_p_anonymous_namespace_phase5_output_tile_Pipeline_phase5_bf16_output_terms_fu_446             |          gdn_bf16_top_p_anonymous_namespace_phase5_output_tile_Pipeline_phase5_bf16_output_terms |       1397 |       1388 |       0 |    9 |   170 |      0 |      0 |    0 |          3 |
|         (grp_p_anonymous_namespace_phase5_output_tile_Pipeline_phase5_bf16_output_terms_fu_446)         |          gdn_bf16_top_p_anonymous_namespace_phase5_output_tile_Pipeline_phase5_bf16_output_terms |       1130 |       1121 |       0 |    9 |   119 |      0 |      0 |    0 |          0 |
|         floatingpoint_mul_32ns_32ns_32ns_32ns_32_3_1_U1520                                              |                                        gdn_bf16_top_floatingpoint_mul_32ns_32ns_32ns_32ns_32_3_1 |         75 |         75 |       0 |    0 |    49 |      0 |      0 |    0 |          3 |
|           gdn_bf16_top_floatingpoint_mul_32ns_32ns_32ns_32ns_32_3_1_ip_u                                |                                     gdn_bf16_top_floatingpoint_mul_32ns_32ns_32ns_32ns_32_3_1_ip |         75 |         75 |       0 |    0 |    49 |      0 |      0 |    0 |          3 |
|             U0                                                                                          |                                                                           floating_point_v7_1_21 |         75 |         75 |       0 |    0 |    49 |      0 |      0 |    0 |          3 |
|               i_synth                                                                                   |                                                                       floating_point_v7_1_21_viv |         75 |         75 |       0 |    0 |    49 |      0 |      0 |    0 |          3 |
|                 MULT.OP                                                                                 |                                                                                         flt_mult |         74 |         74 |       0 |    0 |    48 |      0 |      0 |    0 |          3 |
|         flow_control_loop_pipe_sequential_init_U                                                        |                                         gdn_bf16_top_flow_control_loop_pipe_sequential_init_1016 |        156 |        156 |       0 |    0 |     2 |      0 |      0 |    0 |          0 |
|       grp_p_anonymous_namespace_reduce_128_fu_727                                                       |                                                    gdn_bf16_top_p_anonymous_namespace_reduce_128 |       4135 |       3015 |    1024 |   96 |  3832 |      0 |      0 |    0 |          0 |
|         (grp_p_anonymous_namespace_reduce_128_fu_727)                                                   |                                                    gdn_bf16_top_p_anonymous_namespace_reduce_128 |          6 |          6 |       0 |    0 |    55 |      0 |      0 |    0 |          0 |
|         floatingpoint_add_32ns_32ns_32ns_32ns_32_5_1_U789                                               |                                        gdn_bf16_top_floatingpoint_add_32ns_32ns_32ns_32ns_32_5_1 |        344 |        335 |       0 |    9 |   187 |      0 |      0 |    0 |          0 |
|           gdn_bf16_top_floatingpoint_add_32ns_32ns_32ns_32ns_32_5_1_ip_u                                |                                 gdn_bf16_top_floatingpoint_add_32ns_32ns_32ns_32ns_32_5_1_ip__23 |        328 |        319 |       0 |    9 |   187 |      0 |      0 |    0 |          0 |
|             U0                                                                                          |                                                       floating_point_v7_1_21__parameterized3__23 |        328 |        319 |       0 |    9 |   187 |      0 |      0 |    0 |          0 |
|               i_synth                                                                                   |                                                   floating_point_v7_1_21_viv__parameterized3__23 |        328 |        319 |       0 |    9 |   187 |      0 |      0 |    0 |          0 |
|                 ADDSUB_OP.ADDSUB                                                                        |                                                                                      flt_add_927 |        327 |        318 |       0 |    9 |   186 |      0 |      0 |    0 |          0 |
|                   LOGIC_SPEED.OP                                                                        |                                                                                flt_add_logic_929 |        327 |        318 |       0 |    9 |   186 |      0 |      0 |    0 |          0 |
|                     ALIGN_BLK                                                                           |                                                                                    align_add_930 |        143 |        143 |       0 |    0 |   100 |      0 |      0 |    0 |          0 |
|                       FRAC_ADDSUB                                                                       |                                                                                       addsub_982 |         63 |         63 |       0 |    0 |    51 |      0 |      0 |    0 |          0 |
|                         LOGIC_ADD.FRAC_ADDSUB                                                           |                                                                                 addsub_logic_991 |         63 |         63 |       0 |    0 |    51 |      0 |      0 |    0 |          0 |
|                     EXP                                                                                 |                                                                                  flt_add_exp_931 |        135 |        126 |       0 |    9 |    21 |      0 |      0 |    0 |          0 |
|                       NUMB_CMP                                                                          |                                                                                      compare_966 |         73 |         73 |       0 |    0 |     0 |      0 |      0 |    0 |          0 |
|                         NOT_FAST.CMP                                                                    |                                                                                   compare_gt_969 |         73 |         73 |       0 |    0 |     0 |      0 |      0 |    0 |          0 |
|                           C_CHAIN                                                                       |                                                                 carry_chain__parameterized11_970 |         73 |         73 |       0 |    0 |     0 |      0 |      0 |    0 |          0 |
|         grp_p_anonymous_namespace_reduce_128_Pipeline_reduce_bf16_16_fu_402                             |                            gdn_bf16_top_p_anonymous_namespace_reduce_128_Pipeline_reduce_bf16_16 |        619 |        604 |       0 |   15 |   782 |      0 |      0 |    0 |          0 |
|           (grp_p_anonymous_namespace_reduce_128_Pipeline_reduce_bf16_16_fu_402)                         |                            gdn_bf16_top_p_anonymous_namespace_reduce_128_Pipeline_reduce_bf16_16 |        279 |        273 |       0 |    6 |   593 |      0 |      0 |    0 |          0 |
|           floatingpoint_add_32ns_32ns_32ns_32ns_32_5_1_U704                                             |                            gdn_bf16_top_floatingpoint_add_32ns_32ns_32ns_32ns_32_5_1__xdcDup__11 |        328 |        319 |       0 |    9 |   187 |      0 |      0 |    0 |          0 |
|             gdn_bf16_top_floatingpoint_add_32ns_32ns_32ns_32ns_32_5_1_ip_u                              |                                 gdn_bf16_top_floatingpoint_add_32ns_32ns_32ns_32ns_32_5_1_ip__27 |        328 |        319 |       0 |    9 |   187 |      0 |      0 |    0 |          0 |
|               U0                                                                                        |                                                       floating_point_v7_1_21__parameterized3__27 |        328 |        319 |       0 |    9 |   187 |      0 |      0 |    0 |          0 |
|                 i_synth                                                                                 |                                                   floating_point_v7_1_21_viv__parameterized3__27 |        328 |        319 |       0 |    9 |   187 |      0 |      0 |    0 |          0 |
|                   ADDSUB_OP.ADDSUB                                                                      |                                                                                      flt_add_838 |        327 |        318 |       0 |    9 |   186 |      0 |      0 |    0 |          0 |
|                     LOGIC_SPEED.OP                                                                      |                                                                                flt_add_logic_840 |        327 |        318 |       0 |    9 |   186 |      0 |      0 |    0 |          0 |
|                       ALIGN_BLK                                                                         |                                                                                    align_add_841 |        143 |        143 |       0 |    0 |   100 |      0 |      0 |    0 |          0 |
|                         FRAC_ADDSUB                                                                     |                                                                                       addsub_893 |         63 |         63 |       0 |    0 |    51 |      0 |      0 |    0 |          0 |
|                           LOGIC_ADD.FRAC_ADDSUB                                                         |                                                                                 addsub_logic_902 |         63 |         63 |       0 |    0 |    51 |      0 |      0 |    0 |          0 |
|                       EXP                                                                               |                                                                                  flt_add_exp_842 |        135 |        126 |       0 |    9 |    21 |      0 |      0 |    0 |          0 |
|                         NUMB_CMP                                                                        |                                                                                      compare_877 |         73 |         73 |       0 |    0 |     0 |      0 |      0 |    0 |          0 |
|                           NOT_FAST.CMP                                                                  |                                                                                   compare_gt_880 |         73 |         73 |       0 |    0 |     0 |      0 |      0 |    0 |          0 |
|                             C_CHAIN                                                                     |                                                                 carry_chain__parameterized11_881 |         73 |         73 |       0 |    0 |     0 |      0 |      0 |    0 |          0 |
|         grp_p_anonymous_namespace_reduce_128_Pipeline_reduce_bf16_2_fu_482                              |                             gdn_bf16_top_p_anonymous_namespace_reduce_128_Pipeline_reduce_bf16_2 |        374 |        362 |       0 |   12 |   261 |      0 |      0 |    0 |          0 |
|           (grp_p_anonymous_namespace_reduce_128_Pipeline_reduce_bf16_2_fu_482)                          |                             gdn_bf16_top_p_anonymous_namespace_reduce_128_Pipeline_reduce_bf16_2 |         41 |         38 |       0 |    3 |    72 |      0 |      0 |    0 |          0 |
|           floatingpoint_add_32ns_32ns_32ns_32ns_32_5_1_U782                                             |                            gdn_bf16_top_floatingpoint_add_32ns_32ns_32ns_32ns_32_5_1__xdcDup__14 |        328 |        319 |       0 |    9 |   187 |      0 |      0 |    0 |          0 |
|             gdn_bf16_top_floatingpoint_add_32ns_32ns_32ns_32ns_32_5_1_ip_u                              |                                 gdn_bf16_top_floatingpoint_add_32ns_32ns_32ns_32ns_32_5_1_ip__24 |        328 |        319 |       0 |    9 |   187 |      0 |      0 |    0 |          0 |
|               U0                                                                                        |                                                       floating_point_v7_1_21__parameterized3__24 |        328 |        319 |       0 |    9 |   187 |      0 |      0 |    0 |          0 |
|                 i_synth                                                                                 |                                                   floating_point_v7_1_21_viv__parameterized3__24 |        328 |        319 |       0 |    9 |   187 |      0 |      0 |    0 |          0 |
|                   ADDSUB_OP.ADDSUB                                                                      |                                                                                      flt_add_748 |        327 |        318 |       0 |    9 |   186 |      0 |      0 |    0 |          0 |
|                     LOGIC_SPEED.OP                                                                      |                                                                                flt_add_logic_750 |        327 |        318 |       0 |    9 |   186 |      0 |      0 |    0 |          0 |
|                       ALIGN_BLK                                                                         |                                                                                    align_add_751 |        143 |        143 |       0 |    0 |   100 |      0 |      0 |    0 |          0 |
|                         FRAC_ADDSUB                                                                     |                                                                                       addsub_803 |         63 |         63 |       0 |    0 |    51 |      0 |      0 |    0 |          0 |
|                           LOGIC_ADD.FRAC_ADDSUB                                                         |                                                                                 addsub_logic_812 |         63 |         63 |       0 |    0 |    51 |      0 |      0 |    0 |          0 |
|                       EXP                                                                               |                                                                                  flt_add_exp_752 |        135 |        126 |       0 |    9 |    21 |      0 |      0 |    0 |          0 |
|                         NUMB_CMP                                                                        |                                                                                      compare_787 |         73 |         73 |       0 |    0 |     0 |      0 |      0 |    0 |          0 |
|                           NOT_FAST.CMP                                                                  |                                                                                   compare_gt_790 |         73 |         73 |       0 |    0 |     0 |      0 |      0 |    0 |          0 |
|                             C_CHAIN                                                                     |                                                                 carry_chain__parameterized11_791 |         73 |         73 |       0 |    0 |     0 |      0 |      0 |    0 |          0 |
|         grp_p_anonymous_namespace_reduce_128_Pipeline_reduce_bf16_32_fu_366                             |                            gdn_bf16_top_p_anonymous_namespace_reduce_128_Pipeline_reduce_bf16_32 |        501 |        485 |       0 |   16 |   305 |      0 |      0 |    0 |          0 |
|           (grp_p_anonymous_namespace_reduce_128_Pipeline_reduce_bf16_32_fu_366)                         |                            gdn_bf16_top_p_anonymous_namespace_reduce_128_Pipeline_reduce_bf16_32 |        155 |        148 |       0 |    7 |   116 |      0 |      0 |    0 |          0 |
|           floatingpoint_add_32ns_32ns_32ns_32ns_32_5_1_U669                                             |                            gdn_bf16_top_floatingpoint_add_32ns_32ns_32ns_32ns_32_5_1__xdcDup__10 |        328 |        319 |       0 |    9 |   187 |      0 |      0 |    0 |          0 |
|             gdn_bf16_top_floatingpoint_add_32ns_32ns_32ns_32ns_32_5_1_ip_u                              |                                 gdn_bf16_top_floatingpoint_add_32ns_32ns_32ns_32ns_32_5_1_ip__28 |        328 |        319 |       0 |    9 |   187 |      0 |      0 |    0 |          0 |
|               U0                                                                                        |                                                       floating_point_v7_1_21__parameterized3__28 |        328 |        319 |       0 |    9 |   187 |      0 |      0 |    0 |          0 |
|                 i_synth                                                                                 |                                                   floating_point_v7_1_21_viv__parameterized3__28 |        328 |        319 |       0 |    9 |   187 |      0 |      0 |    0 |          0 |
|                   ADDSUB_OP.ADDSUB                                                                      |                                                                                      flt_add_658 |        327 |        318 |       0 |    9 |   186 |      0 |      0 |    0 |          0 |
|                     LOGIC_SPEED.OP                                                                      |                                                                                flt_add_logic_660 |        327 |        318 |       0 |    9 |   186 |      0 |      0 |    0 |          0 |
|                       ALIGN_BLK                                                                         |                                                                                    align_add_661 |        143 |        143 |       0 |    0 |   100 |      0 |      0 |    0 |          0 |
|                         FRAC_ADDSUB                                                                     |                                                                                       addsub_713 |         63 |         63 |       0 |    0 |    51 |      0 |      0 |    0 |          0 |
|                           LOGIC_ADD.FRAC_ADDSUB                                                         |                                                                                 addsub_logic_722 |         63 |         63 |       0 |    0 |    51 |      0 |      0 |    0 |          0 |
|                       EXP                                                                               |                                                                                  flt_add_exp_662 |        135 |        126 |       0 |    9 |    21 |      0 |      0 |    0 |          0 |
|                         NUMB_CMP                                                                        |                                                                                      compare_697 |         73 |         73 |       0 |    0 |     0 |      0 |      0 |    0 |          0 |
|                           NOT_FAST.CMP                                                                  |                                                                                   compare_gt_700 |         73 |         73 |       0 |    0 |     0 |      0 |      0 |    0 |          0 |
|                             C_CHAIN                                                                     |                                                                 carry_chain__parameterized11_701 |         73 |         73 |       0 |    0 |     0 |      0 |      0 |    0 |          0 |
|         grp_p_anonymous_namespace_reduce_128_Pipeline_reduce_bf16_4_fu_466                              |                             gdn_bf16_top_p_anonymous_namespace_reduce_128_Pipeline_reduce_bf16_4 |        343 |        330 |       0 |   13 |   390 |      0 |      0 |    0 |          0 |
|           (grp_p_anonymous_namespace_reduce_128_Pipeline_reduce_bf16_4_fu_466)                          |                             gdn_bf16_top_p_anonymous_namespace_reduce_128_Pipeline_reduce_bf16_4 |          9 |          5 |       0 |    4 |   201 |      0 |      0 |    0 |          0 |
|           floatingpoint_add_32ns_32ns_32ns_32ns_32_5_1_U766                                             |                            gdn_bf16_top_floatingpoint_add_32ns_32ns_32ns_32ns_32_5_1__xdcDup__13 |        328 |        319 |       0 |    9 |   187 |      0 |      0 |    0 |          0 |
|             gdn_bf16_top_floatingpoint_add_32ns_32ns_32ns_32ns_32_5_1_ip_u                              |                                 gdn_bf16_top_floatingpoint_add_32ns_32ns_32ns_32ns_32_5_1_ip__25 |        328 |        319 |       0 |    9 |   187 |      0 |      0 |    0 |          0 |
|               U0                                                                                        |                                                       floating_point_v7_1_21__parameterized3__25 |        328 |        319 |       0 |    9 |   187 |      0 |      0 |    0 |          0 |
|                 i_synth                                                                                 |                                                   floating_point_v7_1_21_viv__parameterized3__25 |        328 |        319 |       0 |    9 |   187 |      0 |      0 |    0 |          0 |
|                   ADDSUB_OP.ADDSUB                                                                      |                                                                                      flt_add_568 |        327 |        318 |       0 |    9 |   186 |      0 |      0 |    0 |          0 |
|                     LOGIC_SPEED.OP                                                                      |                                                                                flt_add_logic_570 |        327 |        318 |       0 |    9 |   186 |      0 |      0 |    0 |          0 |
|                       ALIGN_BLK                                                                         |                                                                                    align_add_571 |        143 |        143 |       0 |    0 |   100 |      0 |      0 |    0 |          0 |
|                         FRAC_ADDSUB                                                                     |                                                                                       addsub_623 |         63 |         63 |       0 |    0 |    51 |      0 |      0 |    0 |          0 |
|                           LOGIC_ADD.FRAC_ADDSUB                                                         |                                                                                 addsub_logic_632 |         63 |         63 |       0 |    0 |    51 |      0 |      0 |    0 |          0 |
|                       EXP                                                                               |                                                                                  flt_add_exp_572 |        135 |        126 |       0 |    9 |    21 |      0 |      0 |    0 |          0 |
|                         NUMB_CMP                                                                        |                                                                                      compare_607 |         73 |         73 |       0 |    0 |     0 |      0 |      0 |    0 |          0 |
|                           NOT_FAST.CMP                                                                  |                                                                                   compare_gt_610 |         73 |         73 |       0 |    0 |     0 |      0 |      0 |    0 |          0 |
|                             C_CHAIN                                                                     |                                                                 carry_chain__parameterized11_611 |         73 |         73 |       0 |    0 |     0 |      0 |      0 |    0 |          0 |
|         grp_p_anonymous_namespace_reduce_128_Pipeline_reduce_bf16_64_fu_298                             |                            gdn_bf16_top_p_anonymous_namespace_reduce_128_Pipeline_reduce_bf16_64 |        509 |        492 |       0 |   17 |   308 |      0 |      0 |    0 |          0 |
|           (grp_p_anonymous_namespace_reduce_128_Pipeline_reduce_bf16_64_fu_298)                         |                            gdn_bf16_top_p_anonymous_namespace_reduce_128_Pipeline_reduce_bf16_64 |        156 |        148 |       0 |    8 |   119 |      0 |      0 |    0 |          0 |
|           floatingpoint_add_32ns_32ns_32ns_32ns_32_5_1_U633                                             |                             gdn_bf16_top_floatingpoint_add_32ns_32ns_32ns_32ns_32_5_1__xdcDup__9 |        328 |        319 |       0 |    9 |   187 |      0 |      0 |    0 |          0 |
|             gdn_bf16_top_floatingpoint_add_32ns_32ns_32ns_32ns_32_5_1_ip_u                              |                                     gdn_bf16_top_floatingpoint_add_32ns_32ns_32ns_32ns_32_5_1_ip |        328 |        319 |       0 |    9 |   187 |      0 |      0 |    0 |          0 |
|               U0                                                                                        |                                                           floating_point_v7_1_21__parameterized3 |        328 |        319 |       0 |    9 |   187 |      0 |      0 |    0 |          0 |
|                 i_synth                                                                                 |                                                       floating_point_v7_1_21_viv__parameterized3 |        328 |        319 |       0 |    9 |   187 |      0 |      0 |    0 |          0 |
|                   ADDSUB_OP.ADDSUB                                                                      |                                                                                      flt_add_478 |        327 |        318 |       0 |    9 |   186 |      0 |      0 |    0 |          0 |
|                     LOGIC_SPEED.OP                                                                      |                                                                                flt_add_logic_480 |        327 |        318 |       0 |    9 |   186 |      0 |      0 |    0 |          0 |
|                       ALIGN_BLK                                                                         |                                                                                    align_add_481 |        143 |        143 |       0 |    0 |   100 |      0 |      0 |    0 |          0 |
|                         FRAC_ADDSUB                                                                     |                                                                                       addsub_533 |         63 |         63 |       0 |    0 |    51 |      0 |      0 |    0 |          0 |
|                           LOGIC_ADD.FRAC_ADDSUB                                                         |                                                                                 addsub_logic_542 |         63 |         63 |       0 |    0 |    51 |      0 |      0 |    0 |          0 |
|                       EXP                                                                               |                                                                                  flt_add_exp_482 |        135 |        126 |       0 |    9 |    21 |      0 |      0 |    0 |          0 |
|                         NUMB_CMP                                                                        |                                                                                      compare_517 |         73 |         73 |       0 |    0 |     0 |      0 |      0 |    0 |          0 |
|                           NOT_FAST.CMP                                                                  |                                                                                   compare_gt_520 |         73 |         73 |       0 |    0 |     0 |      0 |      0 |    0 |          0 |
|                             C_CHAIN                                                                     |                                                                 carry_chain__parameterized11_521 |         73 |         73 |       0 |    0 |     0 |      0 |      0 |    0 |          0 |
|         grp_p_anonymous_namespace_reduce_128_Pipeline_reduce_bf16_8_fu_438                              |                             gdn_bf16_top_p_anonymous_namespace_reduce_128_Pipeline_reduce_bf16_8 |        415 |        401 |       0 |   14 |   520 |      0 |      0 |    0 |          0 |
|           (grp_p_anonymous_namespace_reduce_128_Pipeline_reduce_bf16_8_fu_438)                          |                             gdn_bf16_top_p_anonymous_namespace_reduce_128_Pipeline_reduce_bf16_8 |         78 |         73 |       0 |    5 |   331 |      0 |      0 |    0 |          0 |
|           floatingpoint_add_32ns_32ns_32ns_32ns_32_5_1_U739                                             |                            gdn_bf16_top_floatingpoint_add_32ns_32ns_32ns_32ns_32_5_1__xdcDup__12 |        328 |        319 |       0 |    9 |   187 |      0 |      0 |    0 |          0 |
|             gdn_bf16_top_floatingpoint_add_32ns_32ns_32ns_32ns_32_5_1_ip_u                              |                                 gdn_bf16_top_floatingpoint_add_32ns_32ns_32ns_32ns_32_5_1_ip__26 |        328 |        319 |       0 |    9 |   187 |      0 |      0 |    0 |          0 |
|               U0                                                                                        |                                                       floating_point_v7_1_21__parameterized3__26 |        328 |        319 |       0 |    9 |   187 |      0 |      0 |    0 |          0 |
|                 i_synth                                                                                 |                                                   floating_point_v7_1_21_viv__parameterized3__26 |        328 |        319 |       0 |    9 |   187 |      0 |      0 |    0 |          0 |
|                   ADDSUB_OP.ADDSUB                                                                      |                                                                                          flt_add |        327 |        318 |       0 |    9 |   186 |      0 |      0 |    0 |          0 |
|                     LOGIC_SPEED.OP                                                                      |                                                                                    flt_add_logic |        327 |        318 |       0 |    9 |   186 |      0 |      0 |    0 |          0 |
|                       ALIGN_BLK                                                                         |                                                                                        align_add |        143 |        143 |       0 |    0 |   100 |      0 |      0 |    0 |          0 |
|                         FRAC_ADDSUB                                                                     |                                                                                           addsub |         63 |         63 |       0 |    0 |    51 |      0 |      0 |    0 |          0 |
|                           LOGIC_ADD.FRAC_ADDSUB                                                         |                                                                                     addsub_logic |         63 |         63 |       0 |    0 |    51 |      0 |      0 |    0 |          0 |
|                       EXP                                                                               |                                                                                      flt_add_exp |        135 |        126 |       0 |    9 |    21 |      0 |      0 |    0 |          0 |
|                         NUMB_CMP                                                                        |                                                                                          compare |         73 |         73 |       0 |    0 |     0 |      0 |      0 |    0 |          0 |
|                           NOT_FAST.CMP                                                                  |                                                                                       compare_gt |         73 |         73 |       0 |    0 |     0 |      0 |      0 |    0 |          0 |
|                             C_CHAIN                                                                     |                                                                     carry_chain__parameterized11 |         73 |         73 |       0 |    0 |     0 |      0 |      0 |    0 |          0 |
|     resident_state_bram_lower_U                                                                         |                       gdn_bf16_top_gdn_bf16_top_impl_resident_state_bram_lower_RAM_T2P_BRAM_2R1W |       1012 |       1012 |       0 |    0 |   256 |    798 |      0 |    0 |          0 |
|     resident_state_bram_upper_U                                                                         |                   gdn_bf16_top_gdn_bf16_top_impl_resident_state_bram_lower_RAM_T2P_BRAM_2R1W_403 |       1012 |       1012 |       0 |    0 |   306 |    798 |      0 |    0 |          0 |
|     resident_state_uram_lower_U                                                                         |                       gdn_bf16_top_gdn_bf16_top_impl_resident_state_uram_lower_RAM_T2P_URAM_1R1W |       8192 |       8192 |       0 |    0 |     0 |      0 |      0 |  464 |          0 |
|     resident_state_uram_upper_U                                                                         |                   gdn_bf16_top_gdn_bf16_top_impl_resident_state_uram_lower_RAM_T2P_URAM_1R1W_404 |       9216 |       9216 |       0 |    0 |    43 |      0 |      0 |  464 |          0 |
+---------------------------------------------------------------------------------------------------------+--------------------------------------------------------------------------------------------------+------------+------------+---------+------+-------+--------+--------+------+------------+


